{
  "feature_names": [
    "base_0",
    "base_1",
    "base_2",
    "base_3",
    "base_4",
    "base_5",
    "base_6",
    "base_7",
    "base_8",
    "cs_z_0",
    "cs_z_1",
    "cs_z_2",
    "cs_z_3",
    "cs_z_4",
    "cs_z_5",
    "cs_z_6",
    "cs_z_7",
    "cs_z_8",
    "cs_rank_0",
    "cs_rank_1",
    "cs_rank_2",
    "cs_rank_3",
    "cs_rank_4",
    "cs_rank_5",
    "cs_rank_6",
    "cs_rank_7",
    "cs_rank_8",
    "inter_rsi_volratio",
    "inter_sma5_rsi",
    "inter_bb_rsi",
    "mom_rank_5d",
    "mom_rank_21d",
    "mom_rank_63d",
    "mom_rank_126d",
    "amihud_illiq"
  ],
  "base_feature_names": [
    "base_0",
    "base_1",
    "base_2",
    "base_3",
    "base_4",
    "base_5",
    "base_6",
    "base_7",
    "base_8"
  ],
  "cs_means": [
    0.0006945306668058038,
    0.00047317746793851256,
    0.0010350089287385345,
    0.005062070209532976,
    52.73373794555664,
    0.20086228847503662,
    1.0110448598861694,
    0.0179754551500082,
    0.0050620730035007
  ],
  "cs_stds": [
    0.021008465439081192,
    0.02105587348341942,
    0.022650768980383873,
    0.0499199703335762,
    12.2637357711792,
    1.332810401916504,
    0.5151466131210327,
    0.010934884659945965,
    0.049919966608285904
  ],
  "momentum_periods": [
    5,
    21,
    63,
    126
  ],
  "illiq_lookback": 21
}