date,strategy,benchmark,vol_target,strategy_return,benchmark_return,vol_target_return
2015-02-02,1.0123636996746064,1.0123636996746064,1.0123636996746064,0.012363699674606377,0.012363699674606377,0.012363699674606377
2015-02-03,1.0292991267244218,1.0292991267244218,1.0292991267244218,0.016728599667549027,0.016728599667549027,0.016728599667549027
2015-02-04,1.02605446696435,1.02605446696435,1.02605446696435,-0.003152300119400042,-0.003152300119400042,-0.003152300119400042
2015-02-05,1.038157933891561,1.038157933891561,1.038157933891561,0.011796125173568761,0.011796125173568761,0.011796125173568761
2015-02-06,1.0347952179855677,1.0347952179855677,1.0347952179855677,-0.0032391178607941162,-0.0032391178607941162,-0.0032391178607941162
2015-02-09,1.029800670498138,1.029800670498138,1.029800670498138,-0.004826604723930483,-0.004826604723930483,-0.004826604723930483
2015-02-10,1.0450512616655154,1.0450512616655154,1.0450512616655154,0.014809265136718652,0.014809265136718652,0.014809265136718652
2015-02-11,1.043606968587613,1.043606968587613,1.043606968587613,-0.0013820308446884644,-0.0013820308446884644,-0.0013820308446884644
2015-02-12,1.0561581281073382,1.0561581281073382,1.0561581281073382,0.01202671110630038,0.01202671110630038,0.01202671110630038
2015-02-13,1.062783142641633,1.062783142641633,1.062783142641633,0.006272748708725073,0.006272748708725073,0.006272748708725073
2015-02-17,1.0644364684545604,1.0644364684545604,1.0644364684545604,0.0015556567907333285,0.0015556567907333285,0.0015556567907333285
2015-02-18,1.064703776435151,1.064703776435151,1.064703776435151,0.00025112628936763137,0.00025112628936763137,0.00025112628936763137
2015-02-19,1.0662450791985163,1.0662450791985163,1.0662450791985163,0.0014476352930068437,0.0014476352930068437,0.0014476352930068437
2015-02-20,1.0726758244554768,1.0726758244554768,1.0726758244554768,0.0060312074422836925,0.0060312074422836925,0.0060312074422836925
2015-02-23,1.0693167121008866,1.0693167121008866,1.0693167121008866,-0.003131526112556293,-0.003131526112556293,-0.003131526112556293
2015-02-24,1.07374083910759,1.07374083910759,1.07374083910759,0.004137340188026473,0.004137340188026473,0.004137340188026473
2015-02-25,1.0740483108255605,1.0740483108255605,1.0740483108255605,0.0002863556146621704,0.0002863556146621704,0.0002863556146621704
2015-02-26,1.074564187954529,1.074564187954529,1.074564187954529,0.0004803109169007058,0.0004803109169007058,0.0004803109169007058
2015-02-27,1.0700510354790171,1.0700510354790171,1.0700510354790171,-0.004199984073638974,-0.004199984073638974,-0.004199984073638974
2015-03-02,1.0770658041853642,1.0770658041853642,1.0770658041853642,0.006555545926093975,0.006555545926093975,0.006555545926093975
2015-03-03,1.072757934117938,1.072757934117938,1.0709385719820854,-0.00399963498115552,-0.00399963498115552,-0.0056888188070487455
2015-03-04,1.0666761488836343,1.0666761488836343,1.0624498013437138,-0.0056692987680435625,-0.0056692987680435625,-0.007926477634156659
2015-03-05,1.0678725865467507,1.0678725865467507,1.0641506716291762,0.0011216503381730192,0.0011216503381730192,0.0016008947277426078
2015-03-06,1.05232146464677,1.05232146464677,1.0442521294439022,-0.014562712907791098,-0.014562712907791098,-0.018698989453072468
2015-03-09,1.0539281036856982,1.0539281036856982,1.0463411963713407,0.0015267568826675681,0.0015267568826675681,0.0020005388244226374
2015-03-10,1.0362175124886561,1.0362175124886561,1.0254520078984573,-0.01680436372756955,-0.01680436372756955,-0.01996403137459002
2015-03-11,1.035959606538761,1.035959606538761,1.0251432618577203,-0.0002488917112350997,-0.0002488917112350997,-0.000301082876974057
2015-03-12,1.048343932016366,1.048343932016366,1.0397656453388435,0.011954448223113978,0.011954448223113978,0.014263746371043995
2015-03-13,1.042682380917803,1.042682380917803,1.0330401783596503,-0.005400471091270398,-0.005400471091270398,-0.006468252734972313
2015-03-16,1.0558017355658809,1.0558017355658809,1.0483756519893046,0.012582311630249032,0.012582311630249032,0.014844992431954918
2015-03-17,1.0544384051540117,1.0544384051540117,1.0467560630515467,-0.0012912750244140625,-0.0012912750244140625,-0.0015448555436066158
2015-03-18,1.064532315940563,1.064532315940563,1.0587532005063425,0.009572783708572397,0.009572783708572397,0.011461254324929504
2015-03-19,1.0606399144596432,1.0606399144596432,1.0540824109975864,-0.003656442761421186,-0.003656442761421186,-0.004411594228496574
2015-03-20,1.069188806133916,1.069188806133916,1.0643913414638106,0.008060126304626491,0.008060126304626491,0.009780004256467745
2015-03-23,1.0674342278840954,1.0674342278840954,1.062247663895572,-0.001641036868095469,-0.001641036868095469,-0.002013993805408565
2015-03-24,1.0608650733216032,1.0608650733216032,1.0542317063734277,-0.006154153943061957,-0.006154153943061957,-0.0075462227826865735
2015-03-25,1.041368637002004,1.041368637002004,1.0320877216151396,-0.01837786614894865,-0.01837786614894865,-0.02100485559712839
2015-03-26,1.0387022418773786,1.0387022418773786,1.0290347957326866,-0.0025604718923567527,-0.0025604718923567527,-0.0029580100785187025
2015-03-27,1.0419050130330691,1.0419050130330691,1.0327453217815132,0.0030834352970123824,0.0030834352970123824,0.003605831468686871
2015-03-30,1.0540677799484997,1.0540677799484997,1.0467263536330524,0.011673585176467993,0.011673585176467993,0.013537734382975897
2015-03-31,1.045683034735356,1.045683034735356,1.0371022941473689,-0.007954654693603569,-0.007954654693603569,-0.009194436972260855
2015-04-01,1.0404648225842061,1.0404648225842061,1.0310876878604118,-0.004990242719650317,-0.004990242719650317,-0.005799433981487634
2015-04-02,1.0419947699108962,1.0419947699108962,1.0328704757429916,0.0014704459905623413,0.0014704459905623413,0.0017290361465562842
2015-04-06,1.047795880148063,1.047795880148063,1.0396851138384964,0.005567312240600586,0.005567312240600586,0.00659776637588827
2015-04-07,1.0459533294900158,1.0459533294900158,1.0374970532174592,-0.0017585015296935902,-0.0017585015296935902,-0.0021045416462287525
2015-04-08,1.052522239558908,1.052522239558908,1.0453435880636224,0.006280308961868375,0.006280308961868375,0.00756294663375634
2015-04-09,1.0590682689483875,1.0590682689483875,1.0532224137082944,0.00621937394142158,0.00621937394142158,0.007537067940758702
2015-04-10,1.0644642201677197,1.0644642201677197,1.0597777582495318,0.005094998478889501,0.005094998478889501,0.006224083779376333
2015-04-13,1.0610043328004086,1.0610043328004086,1.0555412842201035,-0.003250355720520015,-0.003250355720520015,-0.003997511739089354
2015-04-14,1.060479551269061,1.060479551269061,1.0548930059125707,-0.0004946082830430409,-0.0004946082830430409,-0.0006141667002743656
2015-04-15,1.0683383962205735,1.0683383962205735,1.0646333813379372,0.007410652041435206,0.007410652041435206,0.009233519770035947
2015-04-16,1.0720815295305341,1.0720815295305341,1.069322701031674,0.0035036963224410744,0.0035036963224410744,0.004404633346968279
2015-04-17,1.0591094058762764,1.0591094058762764,1.0533770935301536,-0.012099941372871292,-0.012099941372871292,-0.014911875981063583
2015-04-20,1.0678171540594537,1.0678171540594537,1.0640658673417491,0.008221764564514178,0.008221764564514178,0.010147148516182813
2015-04-21,1.0710145178265609,1.0710145178265609,1.0680324923372593,0.0029942989349365234,0.0029942989349365234,0.003727800239866408
2015-04-22,1.0757159722745802,1.0757159722745802,1.073913344407725,0.004389720559120125,0.004389720559120125,0.0055062482767693766
2015-04-23,1.0779256857691222,1.0779256857691222,1.0767048272561273,0.002054179310798654,0.002054179310798654,0.00259935577012671
2015-04-24,1.0808413417991756,1.0808413417991756,1.0804212403472153,0.0027048766613007036,0.0027048766613007036,0.003451654526857695
2015-04-27,1.0772844429111639,1.0772844429111639,1.0758604294214693,-0.003290861248970045,-0.003290861248970045,-0.004221326604316178
2015-04-28,1.0798658148786469,1.0798658148786469,1.0791945668393523,0.0023961842060089555,0.0023961842060089555,0.003099042707310984
2015-04-29,1.0773657256663955,1.0773657256663955,1.075942882731433,-0.0023151850700378063,-0.0023151850700378063,-0.0030130656767876074
2015-04-30,1.0669975783308725,1.0669975783308725,1.0625964238319952,-0.009623609781265197,-0.009623609781265197,-0.012404430675312383
2015-05-01,1.0800107389034095,1.0800107389034095,1.07913537001123,0.012196054458618155,0.012196054458618155,0.015564654471159622
2015-05-04,1.0824264640031305,1.0824264640031305,1.082272744635827,0.002236760258674586,0.002236760258674586,0.002907304043388237
2015-05-05,1.0683006482443558,1.0683006482443558,1.0637507184543962,-0.013050138950348011,-0.013050138950348011,-0.01711400963688059
2015-05-06,1.0646945791960554,1.0646945791960554,1.0590430906415769,-0.0033755189180373346,-0.0033755189180373346,-0.004425499067732153
2015-05-07,1.0708012699761402,1.0708012699761402,1.067130594317823,0.005735626816749662,0.005735626816749662,0.007636614362260596
2015-05-08,1.0814689109816165,1.0814689109816165,1.0811265248394615,0.009962297677993837,0.009962297677993837,0.013115480519594103
2015-05-11,1.0795346787473032,1.0795346787473032,1.0785711662652153,-0.0017885231971740412,-0.0017885231971740412,-0.0023636073258175294
2015-05-12,1.0760150285507086,1.0760150285507086,1.0737837571534785,-0.0032603400945663275,-0.0032603400945663275,-0.004438658534062445
2015-05-13,1.0772138216178784,1.0772138216178784,1.0754132813119854,0.001114104390144366,0.001114104390144366,0.0015175533692433074
2015-05-14,1.0882211524498724,1.0882211524498724,1.0904772550892203,0.010218334197998002,0.010218334197998002,0.014007613667237795
2015-05-15,1.0889733333947518,1.0889733333947518,1.0915163892022797,0.0006912022829055342,0.0006912022829055342,0.0009529168152839773
2015-05-18,1.0939690486446116,1.0939690486446116,1.098401171578262,0.004587545990943909,0.004587545990943909,0.006307539166694465
2015-05-19,1.0926798073633426,1.0926798073633426,1.0966221558893021,-0.0011784988641738714,-0.0011784988641738714,-0.001619641106540004
2015-05-20,1.0898270523083813,1.0898270523083813,1.0926926663920133,-0.0026107877492904663,-0.0026107877492904663,-0.003583266557387943
2015-05-21,1.0930554153533272,1.0930554153533272,1.0971542664561398,0.002962270975112924,0.002962270975112924,0.004083124378292391
2015-05-22,1.0902474920206933,1.0902474920206933,1.0932670300056022,-0.0025688755512237593,-0.0025688755512237593,-0.0035430172122408177
2015-05-26,1.079644493059999,1.079644493059999,1.0788057620580018,-0.009725313782691924,-0.009725313782691924,-0.013227571627698609
2015-05-27,1.0906694815718325,1.0906694815718325,1.0935479260424714,0.010211684107780394,0.010211684107780394,0.013665262555092816
2015-05-28,1.0917283729800935,1.0917283729800935,1.094968572378136,0.0009708636999130604,0.0009708636999130604,0.0012991166658837816
2015-05-29,1.085562586294383,1.085562586294383,1.0867133379757574,-0.00564772963523863,-0.00564772963523863,-0.007539243235492266
2015-06-01,1.0893571186463622,1.0893571186463622,1.0918078313818746,0.00349545240402227,0.00349545240402227,0.004687982771617527
2015-06-02,1.0886595533778347,1.0886595533778347,1.090867594952832,-0.000640345811843801,-0.000640345811843801,-0.0008611739190885759
2015-06-03,1.091326742082072,1.091326742082072,1.094480130021992,0.002449975013733008,0.002449975013733008,0.003311616447196908
2015-06-04,1.084603632089614,1.084603632089614,1.085427083393367,-0.0061604923009872525,-0.0061604923009872525,-0.008271549551514545
2015-06-05,1.087053641086399,1.087053641086399,1.0888420853469434,0.0022588980197906228,0.0022588980197906228,0.003146228803228457
2015-06-08,1.077411988837633,1.077411988837633,1.0755856955494216,-0.008869527578353908,-0.008869527578353908,-0.012174758834103794
2015-06-09,1.0781577574312813,1.0781577574312813,1.0766631799798134,0.0006921851634980047,0.0006921851634980047,0.0010017653031741958
2015-06-10,1.089803920024855,1.089803920024855,1.0931889994216286,0.010801909565925527,0.010801909565925527,0.01534910801177869
2015-06-11,1.091012868373329,1.091012868373329,1.09495242024766,0.0011093264818191617,0.0011093264818191617,0.0016130978512995942
2015-06-12,1.0855638439653355,1.0855638439653355,1.0869931379404512,-0.004994463920593106,-0.004994463920593106,-0.007269066819733161
2015-06-15,1.0807909509504625,1.0807909509504625,1.0798731439187361,-0.004396694898605502,-0.004396694898605502,-0.006550173844892426
2015-06-16,1.0876772483899895,1.0876772483899895,1.0900595025610327,0.006371535062789979,0.006371535062789979,0.009432921542368744
2015-06-17,1.092283389103042,1.092283389103042,1.0969870536115458,0.004234841465950101,0.004234841465950101,0.006355204495018141
2015-06-18,1.1023803125632448,1.1023803125632448,1.1120299035924766,0.00924386799335486,0.00924386799335486,0.013712878316481492
2015-06-19,1.0972300602853242,1.0972300602853242,1.1042778514644047,-0.004671937823295558,-0.004671937823295558,-0.006971082434949261
2015-06-22,1.1063574940250647,1.1063574940250647,1.117834208057239,0.008318614363670429,0.008318614363670429,0.012276218865439503
2015-06-23,1.1071960576304742,1.1071960576304742,1.1190958935830821,0.0007579499483107988,0.0007579499483107988,0.0011286875251705908
2015-06-24,1.0981949797446608,1.0981949797446608,1.1047077068283249,-0.00812961518764499,-0.00812961518764499,-0.01285697395304497
2015-06-25,1.0936741579748144,1.0936741579748144,1.0975363834208343,-0.00411659300327305,-0.00411659300327305,-0.006491602586968348
2015-06-26,1.0878438141865183,1.0878438141865183,1.0883741591327818,-0.005330969691276444,-0.005330969691276444,-0.00834799139823994
2015-06-29,1.062200284811163,1.062200284811163,1.0516352409421401,-0.02357280433177944,-0.02357280433177944,-0.03375577955646736
2015-06-30,1.0669237033685943,1.0669237033685943,1.058393069102019,0.004446824789047232,0.004446824789047232,0.006426019114597725
2015-07-01,1.0719758613349462,1.0719758613349462,1.0656497727887282,0.0047352570295333685,0.0047352570295333685,0.006856340898817592
2015-07-02,1.071756480660547,1.071756480660547,1.0653339687464756,-0.00020465075969700042,-0.00020465075969700042,-0.0002963488101970224
2015-07-06,1.067182898456545,1.067182898456545,1.0587445117857794,-0.0042673707008361594,-0.0042673707008361594,-0.006185343895914297
2015-07-07,1.0689819082694476,1.0689819082694476,1.061332721932574,0.0016857558488845292,0.0016857558488845292,0.0024446031294453885
2015-07-08,1.049316435742527,1.049316435742527,1.034517948972839,-0.01839645028114323,-0.01839645028114323,-0.025265190081870004
2015-07-09,1.0521964961426238,1.0521964961426238,1.038438329731159,0.002744701504707292,0.002744701504707292,0.003789572488531956
2015-07-10,1.0658367921994198,1.0658367921994198,1.056592255926873,0.012963639497757029,0.012963639497757029,0.01748194926550317
2015-07-13,1.0775391432524835,1.0775391432524835,1.0719763057357978,0.010979496240615783,0.010979496240615783,0.014560062997461154
2015-07-14,1.0841253043600996,1.0841253043600996,1.0806209504380488,0.006112224459648097,0.006112224459648097,0.008064212479320876
2015-07-15,1.0800656094601693,1.0800656094601693,1.075253355003711,-0.0037446731328962812,-0.0037446731328962812,-0.0049671398950408285
2015-07-16,1.090076256370031,1.090076256370031,1.0883288483833538,0.009268554449081368,0.009268554449081368,0.012160383707519262
2015-07-17,1.0917332834937388,1.0917332834937388,1.090552756442038,0.0015201020240782626,0.0015201020240782626,0.002043415519112468
2015-07-20,1.0909394350125614,1.0909394350125614,1.0894764732551252,-0.0007271450757980746,-0.0007271450757980746,-0.0009869152872753473
2015-07-21,1.0887006268347492,1.0887006268347492,1.086441196999464,-0.002052183747291547,-0.002052183747291547,-0.0027859952281413802
2015-07-22,1.0872852433931695,1.0872852433931695,1.0845190098011603,-0.0013000667095184326,-0.0013000667095184326,-0.001769251022156082
2015-07-23,1.0839367836600449,1.0839367836600449,1.0799788177237997,-0.003079651594162014,-0.003079651594162014,-0.004186364679945154
2015-07-24,1.072756114193406,1.072756114193406,1.0650768795454748,-0.010314872264862052,-0.010314872264862052,-0.013798361536138892
2015-07-27,1.0628173252423718,1.0628173252423718,1.0520280773659363,-0.009264723658561569,-0.009264723658561569,-0.012251512008322973
2015-07-28,1.0784063342005685,1.0784063342005685,1.0717935566143415,0.014667627811431938,0.014667627811431938,0.01878797693108525
2015-07-29,1.0873468908877073,1.0873468908877073,1.0830747438617647,0.008290526866912895,0.008290526866912895,0.010525522548445743
2015-07-30,1.0895012663148171,1.0895012663148171,1.0858369620071444,0.0019813138246536077,0.0019813138246536077,0.0025503485895450595
2015-07-31,1.0854587452455275,1.0854587452455275,1.0805506369934155,-0.003710432648658779,-0.003710432648658779,-0.004868433474540468
2015-08-03,1.0835246699018042,1.0835246699018042,1.0780239474405306,-0.0017818045616150302,-0.0017818045616150302,-0.0023383351657773055
2015-08-04,1.0819661814587735,1.0819661814587735,1.0759334858747984,-0.0014383506774902077,-0.0014383506774902077,-0.0019391606009268036
2015-08-05,1.0879504260207877,1.0879504260207877,1.0839383986274405,0.005530897974967974,0.005530897974967974,0.007439969903096255
2015-08-06,1.0788655227187116,1.0788655227187116,1.0718481200576058,-0.008350475430488502,-0.008350475430488502,-0.011154027373828868
2015-08-07,1.0758484363503407,1.0758484363503407,1.0677856815564206,-0.0027965360879899093,-0.0027965360879899093,-0.0037901251354219845
2015-08-10,1.0904160523115078,1.0904160523115078,1.0868346824818775,0.013540583848953291,0.013540583848953291,0.017839723134038366
2015-08-11,1.078045032980372,1.078045032980372,1.0708821648976,-0.011345228552818276,-0.011345228552818276,-0.014677961461304068
2015-08-12,1.0795651590747384,1.0795651590747384,1.0728355635267428,0.001410076618194589,0.001410076618194589,0.00182410230852037
2015-08-13,1.0770474488914505,1.0770474488914505,1.0695496927960628,-0.002332152128219578,-0.002332152128219578,-0.0030627906478774003
2015-08-14,1.081180182809843,1.081180182809843,1.0749270700297793,0.0038370954990387673,0.0038370954990387673,0.0050277020973739095
2015-08-17,1.0887441352775264,1.0887441352775264,1.0847385300030312,0.006996014714240939,0.006996014714240939,0.009127558740315456
2015-08-18,1.0830763264666203,1.0830763264666203,1.077398831220914,-0.005205822587013409,-0.005205822587013409,-0.0067663299303074576
2015-08-19,1.0717648325003424,1.0717648325003424,1.062987404938884,-0.010443856716155997,-0.010443856716155997,-0.013376129493011146
2015-08-20,1.0430217697717135,1.0430217697717135,1.029642319103265,-0.026818441748619137,-0.026818441748619137,-0.03136922006854459
2015-08-21,1.010011323556629,1.010011323556629,0.9952556447838432,-0.03164885640144355,-0.03164885640144355,-0.03339671814321876
2015-08-24,0.969337166307146,0.969337166307146,0.9579489634001643,-0.04027099132537848,-0.04027099132537848,-0.037484521267680315
2015-08-25,0.9550083600039112,0.9550083600039112,0.9447900536394063,-0.01478206634521484,-0.01478206634521484,-0.013736545748796014
2015-08-26,0.9908999001987742,0.9908999001987742,0.9744631802077237,0.03758243560791019,0.03758243560791019,0.03140711151013309
2015-08-27,1.0221970012045842,1.0221970012045842,0.9986508578493093,0.03158452332019812,0.03158452332019812,0.02482154085742838
2015-08-28,1.026819341878708,1.026819341878708,1.0021978203074204,0.004521966576576331,0.004521966576576331,0.003551754279518482
2015-08-31,1.0200355324411627,1.0200355324411627,0.9970064782556831,-0.006606624126434202,-0.006606624126434202,-0.005179957436092675
2015-09-01,0.9874700870598844,0.9874700870598844,0.9732271516676216,-0.03192579507827764,-0.03192579507827764,-0.02385072424972068
2015-09-02,1.0050306247596899,1.0050306247596899,0.9859433184190834,0.017783361673355147,0.017783361673355147,0.01306598025925676
2015-09-03,1.0064426353702185,1.0064426353702185,0.9869613102301272,0.0014049428701401467,0.0014049428701401467,0.001032505410834439
2015-09-04,0.9914992092660431,0.9914992092660431,0.976257196207717,-0.014847767353057817,-0.014847767353057817,-0.01084552546433093
2015-09-08,1.0172481606798298,1.0172481606798298,0.9941696799405267,0.025969714522361853,0.025969714522361853,0.0183481195348838
2015-09-09,1.0044249683434014,1.0044249683434014,0.9853132332497802,-0.012605766057968149,-0.012605766057968149,-0.008908385429010846
2015-09-10,1.010095445734786,1.010095445734786,0.9892370844799293,0.005645496249198967,0.005645496249198967,0.003982338912883021
2015-09-11,1.0144506349999218,1.0144506349999218,0.9922440249776984,0.004311661124229538,0.004311661124229538,0.0030396560591436916
2015-09-14,1.0098672727720093,1.0098672727720093,0.9890836733072857,-0.004518073201179362,-0.004518073201179362,-0.003185054876479243
2015-09-15,1.021994885808671,1.021994885808671,0.9974152456997508,0.01200911581516273,0.01200911581516273,0.008423526358094735
2015-09-16,1.033263124642311,1.033263124642311,1.0050904739840587,0.011025729179382271,0.011025729179382271,0.007695118274358537
2015-09-17,1.029891587424302,1.029891587424302,1.0027918791351775,-0.0032629996538162676,-0.0032629996538162676,-0.002286953173250006
2015-09-18,1.012633558338718,1.012633558338718,0.9911323558909435,-0.01675713181495664,-0.01675713181495664,-0.011627061892732327
2015-09-21,1.0149782737011153,1.0149782737011153,0.9927300919581885,0.0023154628276824685,0.0023154628276824685,0.0016120309843066227
2015-09-22,0.9988892771986115,0.9988892771986115,0.9818694445042894,-0.015851567387580867,-0.015851567387580867,-0.010940181567858143
2015-09-23,0.9946508814859354,0.9946508814859354,0.97898966026694,-0.004243108630180403,-0.004243108630180403,-0.0029329604393619757
2015-09-24,0.9936502027787527,0.9936502027787527,0.9783086534805642,-0.0010060602426529286,-0.0010060602426529286,-0.0006956220417998482
2015-09-25,0.9941481011767471,0.9941481011767471,0.9786477747769752,0.0005010801553726463,0.0005010801553726463,0.00034664039329967977
2015-09-28,0.9649671706863132,0.9649671706863132,0.9590162116304204,-0.02935269951820374,-0.02935269951820374,-0.020059886358019474
2015-09-29,0.9639945731432974,0.9639945731432974,0.9583546728960408,-0.0010079073905945313,-0.0010079073905945313,-0.0006898097512396673
2015-09-30,0.9852148796244421,0.9852148796244421,0.9724958568505598,0.022012889981269934,0.022012889981269934,0.014755689469104327
2015-10-01,0.987476503254102,0.987476503254102,0.9739916213665063,0.0022955638170243375,0.0022955638170243375,0.001538067751558847
2015-10-02,1.0054815031663848,1.0054815031663848,0.9857231233955545,0.018233345150947544,0.018233345150947544,0.012044766886792013
2015-10-05,1.0263304975248577,1.0263304975248577,0.9989937252639466,0.020735333561897384,0.020735333561897384,0.013462808727341624
2015-10-06,1.0260387761506529,1.0260387761506529,0.998807084686379,-0.0002842372655867953,-0.0002842372655867953,-0.00018682857844598555
2015-10-07,1.0365310987741405,1.0365310987741405,1.005495011303965,0.010226048827171264,0.010226048827171264,0.006695914276264814
2015-10-08,1.0453510604568579,1.0453510604568579,1.011118170428127,0.008509114384651184,0.008509114384651184,0.00559242866542875
2015-10-09,1.0448257734830118,1.0448257734830118,1.0107826013169932,-0.0005024981498717995,-0.0005024981498717995,-0.00033187922138877557
2015-10-12,1.0437117140869812,1.0437117140869812,1.01006960676281,-0.0010662633180619219,-0.0010662633180619219,-0.0007053886298141743
2015-10-13,1.036214918387958,1.036214918387958,1.0052762722915796,-0.007182822227477903,-0.007182822227477903,-0.004745548662327126
2015-10-14,1.0347968724836145,1.0347968724836145,1.0043639070288788,-0.0013684862852096913,-0.0013684862852096913,-0.0009075766412162123
2015-10-15,1.0498797040662253,1.0498797040662253,1.0139878338553863,0.014575644731521509,0.014575644731521509,0.009582111383290348
2015-10-16,1.052363750543662,1.052363750543662,1.0155645409614797,0.002366029620170629,0.002366029620170629,0.0015549566310855134
2015-10-19,1.050662089541281,1.050662089541281,1.0144852645462228,-0.00161698937416066,-0.00161698937416066,-0.0010627354261848465
2015-10-20,1.048206071868279,1.048206071868279,1.0129268411514636,-0.002337590456008787,-0.002337590456008787,-0.0015361715435623369
2015-10-21,1.0388067908948806,1.0388067908948806,1.0069726816597862,-0.00896701633930208,-0.00896701633930208,-0.005878173279433407
2015-10-22,1.058220102441499,1.058220102441499,1.019186847865093,0.018688086867332476,0.018688086867332476,0.012129590432556903
2015-10-23,1.0711016864218996,1.0711016864218996,1.0272213388850584,0.012172877788543701,0.012172877788543701,0.007883236559415474
2015-10-26,1.066563576959073,1.066563576959073,1.0243822030356002,-0.0042368614673613525,-0.0042368614673613525,-0.002763898822954469
2015-10-27,1.0600706431129139,1.0600706431129139,1.0203083784222349,-0.006087713837623521,-0.006087713837623521,-0.003976860005272642
2015-10-28,1.078418777072276,1.078418777072276,1.0317153540048016,0.017308406829833922,0.017308406829833922,0.01117992934666101
2015-10-29,1.0759323701895385,1.0759323701895385,1.0301784002721406,-0.0023056042194365967,-0.0023056042194365967,-0.0014897071432493636
2015-10-30,1.0737318182924667,1.0737318182924667,1.0288170832631844,-0.0020452511310578014,-0.0020452511310578014,-0.0013214381204231795
2015-11-02,1.0884253172092142,1.0884253172092142,1.0378524040628334,0.01368451476097099,0.01368451476097099,0.008782242195076062
2015-11-03,1.0949349205197185,1.0949349205197185,1.0418352006494456,0.005980753302574193,0.005980753302574193,0.0038375366006002665
2015-11-04,1.0929388375023523,1.0929388375023523,1.0406134048199827,-0.0018230152130126465,-0.0018230152130126465,-0.001172734256532415
2015-11-05,1.0880217880658105,1.0880217880658105,1.0376032224356493,-0.004498924612998945,-0.004498924612998945,-0.0028926999886706994
2015-11-06,1.0961502587182312,1.0961502587182312,1.0426104294145406,0.007470871210098373,0.007470871210098373,0.004825743473634958
2015-11-09,1.0840445074678897,1.0840445074678897,1.0351708689677233,-0.011043879389762923,-0.011043879389762923,-0.007135513166691587
2015-11-10,1.0831812671318828,1.0831812671318828,1.0346382588754632,-0.0007963144779205011,-0.0007963144779205011,-0.0005145141814038023
2015-11-11,1.077740375056612,1.077740375056612,1.0312828961641136,-0.005023066997528192,-0.005023066997528192,-0.0032430298054090256
2015-11-12,1.0603769677724502,1.0603769677724502,1.020651218944237,-0.01611093699932109,-0.01611093699932109,-0.010309176327292446
2015-11-13,1.0495832320821497,1.0495832320821497,1.0140136196102194,-0.010179149508476315,-0.010179149508476315,-0.006503298297026006
2015-11-16,1.0660159548622616,1.0660159548622616,1.024072555842745,0.015656426548957825,0.015656426548957825,0.009919922216027333
2015-11-17,1.0637675523873122,1.0637675523873122,1.0226989413702576,-0.0021091639995575173,-0.0021091639995575173,-0.0013413253432584815
2015-11-18,1.0833690226701356,1.0833690226701356,1.034864558614537,0.018426460027694658,0.018426460027694658,0.011895599723589667
2015-11-19,1.083632579448486,1.083632579448486,1.0350338907418766,0.00024327516555788797,0.00024327516555788797,0.00016362733261066076
2015-11-20,1.0850996435393452,1.0850996435393452,1.0360505874243702,0.0013538390398024625,0.0013538390398024625,0.0009822834707033934
2015-11-23,1.084155761939687,1.084155761939687,1.035388188339519,-0.0008698570728300492,-0.0008698570728300492,-0.0006393501368479049
2015-11-24,1.0891699465387799,1.0891699465387799,1.0391443929044581,0.004624966979026812,0.004624966979026812,0.003627822499079336
2015-11-25,1.0888759250766031,1.0888759250766031,1.0389124658625175,-0.0002699500322342896,-0.0002699500322342896,-0.00022319038963625193
2015-11-27,1.0894479809436943,1.0894479809436943,1.0393640564468007,0.000525363683700597,0.000525363683700597,0.0004346762591864728
2015-11-30,1.0884250773315922,1.0884250773315922,1.0385539325441298,-0.0009389191865921687,-0.0009389191865921687,-0.0007794419074299563
2015-12-01,1.1001729505280171,1.1001729505280171,1.048505565673629,0.010793460607528615,0.010793460607528615,0.009582201576302296
2015-12-02,1.0856440163450993,1.0856440163450993,1.0361720158503203,-0.013206045627594087,-0.013206045627594087,-0.011762979832524723
2015-12-03,1.0723718102433017,1.0723718102433017,1.0250289763148837,-0.012225191593170148,-0.012225191593170148,-0.010754044082431857
2015-12-04,1.0888286800901879,1.0888286800901879,1.0389274426924617,0.015346235036850064,0.015346235036850064,0.013559096082868649
2015-12-07,1.0796129941979842,1.0796129941979842,1.0308645146641484,-0.00846385300159469,-0.00846385300159469,-0.007760819184271073
2015-12-08,1.0712685612774688,1.0712685612774688,1.0234982741307248,-0.007729096412658731,-0.007729096412658731,-0.00714569221137995
2015-12-09,1.0654684794217781,1.0654684794217781,1.0183825988388127,-0.0054142183065413185,-0.0054142183065413185,-0.004998225616215102
2015-12-10,1.0702349158045261,1.0702349158045261,1.0225879964797449,0.004473559260368409,0.004473559260368409,0.004129486939120186
2015-12-11,1.0470328940946272,1.0470328940946272,1.002823982806612,-0.02167937278747567,-0.02167937278747567,-0.019327445404376475
2015-12-14,1.0476661620410859,1.0476661620410859,1.0033698082791642,0.0006048214435576682,0.0006048214435576682,0.0005442884114366109
2015-12-15,1.0616537714797336,1.0616537714797336,1.0153782285651418,0.013351208567619288,0.013351208567619288,0.01196809011681621
2015-12-16,1.0780628591982069,1.0780628591982069,1.0292451867075902,0.01545615732669825,0.01545615732669825,0.013656938618867409
2015-12-17,1.0584061020918993,1.0584061020918993,1.0127248458617435,-0.018233405351638754,-0.018233405351638754,-0.016050928446595836
2015-12-18,1.0399332281879181,1.0399332281879181,0.9975001219477297,-0.017453483939170678,-0.017453483939170678,-0.015033425886829876
2015-12-21,1.0481820624000684,1.0481820624000684,1.0044156761519847,0.007932080626487759,0.007932080626487759,0.00693288557273708
2015-12-22,1.0588224921640965,1.0588224921640965,1.0132924980019105,0.010151318311691249,0.010151318311691249,0.008837797000474712
2015-12-23,1.0764866893025875,1.0764866893025875,1.0277820184894566,0.0166828691959382,0.0166828691959382,0.014299445141573441
2015-12-24,1.0751830927040962,1.0751830927040962,1.0267156151150953,-0.001210973262786852,-0.001210973262786852,-0.001037577380394894
2015-12-28,1.0703466280472416,1.0703466280472416,1.0224983549666231,-0.00449827075004583,-0.00449827075004583,-0.004107525089115827
2015-12-29,1.0821386401230428,1.0821386401230428,1.0327263498322032,0.011017003059387243,0.011017003059387243,0.010002945056976742
2015-12-30,1.0718593151883995,1.0718593151883995,1.0236231669415345,-0.00949908316135406,-0.00949908316135406,-0.008814709619976102
2015-12-31,1.064515557685435,1.064515557685435,1.017147699435749,-0.006851419210433973,-0.006851419210433973,-0.006326026720490874
2016-01-04,1.047440345196136,1.047440345196136,1.0020737703535292,-0.016040359735488896,-0.016040359735488896,-0.014819803545327637
2016-01-05,1.0489865693753841,1.0489865693753841,1.0034846907165529,0.001476193070411691,0.001476193070411691,0.0014080004933427759
2016-01-06,1.027279180060316,1.027279180060316,0.9843440582187939,-0.0206936770677566,-0.0206936770677566,-0.019074164932293414
2016-01-07,0.9990678466957239,0.9990678466957239,0.9605385003732901,-0.027462187409400984,-0.027462187409400984,-0.024184184022587374
2016-01-08,0.9859334357112599,0.9859334357112599,0.9494713532755897,-0.013146665692329362,-0.013146665692329362,-0.011521815204075025
2016-01-11,0.9826537997747895,0.9826537997747895,0.9467044489469695,-0.0033264273405074762,-0.0033264273405074762,-0.0029141525113682842
2016-01-12,0.9865674977554656,0.9865674977554656,0.9500023564365266,0.003982784152031016,0.003982784152031016,0.003483566062487009
2016-01-13,0.9562703341070455,0.9562703341070455,0.9258334785673986,-0.03070967137813574,-0.03070967137813574,-0.025440860967741008
2016-01-14,0.9774833443323273,0.9774833443323273,0.942315009881434,0.022183068394660888,0.022183068394660888,0.01780183121001233
2016-01-15,0.9521436614163293,0.9521436614163293,0.9231098156909757,-0.02592339098453522,-0.02592339098453522,-0.020380864136797294
2016-01-19,0.9458138621114099,0.9458138621114099,0.9182879281099618,-0.006647945642471287,-0.006647945642471287,-0.0052235254127425135
2016-01-20,0.9336136461345741,0.9336136461345741,0.9090440627139431,-0.012899172306060747,-0.012899172306060747,-0.010066412846180706
2016-01-21,0.9433537938722317,0.9433537938722317,0.9163870565422951,0.010432739257812518,0.010432739257812518,0.00807770946375208
2016-01-22,0.9630971125194512,0.9630971125194512,0.9309010692564654,0.020928859114646814,0.020928859114646814,0.015838299559723712
2016-01-25,0.9435251071634913,0.9435251071634913,0.9165496409189858,-0.02032194375991825,-0.02032194375991825,-0.015416706255308554
2016-01-26,0.9595323233239559,0.9595323233239559,0.9282529008006857,0.016965331435203623,0.016965331435203623,0.01276882272297386
2016-01-27,0.9515260393965556,0.9515260393965556,0.9224345105257659,-0.008343943953514121,-0.008343943953514121,-0.006268108906420933
2016-01-28,0.9559554169031792,0.9559554169031792,0.9256569762810439,0.004655025005340541,0.004655025005340541,0.0034934358141494037
2016-01-29,0.9816595208602348,0.9816595208602348,0.9439269380674263,0.0268883919715881,0.0268883919715881,0.01973729173390404
2016-02-01,0.9832932546380947,0.9832932546380947,0.9450796139572827,0.0016642570495606357,0.0016642570495606357,0.0012211494802938372
2016-02-02,0.9580482916688454,0.9580482916688454,0.9277524906113495,-0.02567389011383059,-0.02567389011383059,-0.01833403566222347
2016-02-03,0.9653547260287649,0.9653547260287649,0.9328399429683636,0.007626373767852801,0.007626373767852801,0.005483631042220827
2016-02-04,0.9729250390635193,0.9729250390635193,0.9380921013840398,0.007842001318931535,0.007842001318931535,0.005630288942134465
2016-02-05,0.9479272933351393,0.9479272933351393,0.9212166046383466,-0.025693393349647375,-0.025693393349647375,-0.017989168356492224
2016-02-08,0.9243477696080087,0.9243477696080087,0.9055135860787389,-0.024874823093414267,-0.024874823093414267,-0.01704595692320643
2016-02-09,0.9234158928288136,0.9234158928288136,0.9048854322416581,-0.0010081452131270874,-0.0010081452131270874,-0.0006936989645853764
2016-02-10,0.9225607756982912,0.9225607756982912,0.9043071411375072,-0.0009260368347168146,-0.0009260368347168146,-0.0006390765985901936
2016-02-11,0.9116816932897893,0.9116816932897893,0.8969733370965274,-0.011792266368865989,-0.011792266368865989,-0.008109859700714983
2016-02-12,0.9352080176556195,0.9352080176556195,0.9123893300744036,0.025805414915084812,0.025805414915084812,0.017186679180205333
2016-02-16,0.9580354373951222,0.9580354373951222,0.9269463357420439,0.024408922195434668,0.024408922195434668,0.01595481795743181
2016-02-17,0.9800153853751417,0.9800153853751417,0.9405880441628686,0.02294272959232324,0.02294272959232324,0.014716826524702853
2016-02-18,0.9744606155458261,0.9744606155458261,0.93713498913741,-0.005668043494224562,-0.005668043494224562,-0.003671166188947028
2016-02-19,0.9754879325200908,0.9754879325200908,0.937774775247796,0.0010542416572569824,0.0010542416572569824,0.0006827043252060072
2016-02-22,0.9962555665774055,0.9962555665774055,0.9506456692698776,0.021289483308792212,0.021289483308792212,0.013724930934168711
2016-02-23,0.9786434675911707,0.9786434675911707,0.9399152653234449,-0.01767829418182376,-0.01767829418182376,-0.011287490484939489
2016-02-24,0.9851727694288925,0.9851727694288925,0.9439107835016908,0.0066717880964279885,0.0066717880964279885,0.004250934446597077
2016-02-25,0.9978707512717505,0.9978707512717505,0.9516066986742644,0.012889091372489947,0.012889091372489947,0.008153223066298176
2016-02-26,1.0008154806812009,1.0008154806812009,0.9533841372661104,0.0029510128498078103,0.0029510128498078103,0.001867829003644239
2016-02-29,0.9943286668379365,0.9943286668379365,0.9494765471175085,-0.006481528282165527,-0.006481528282165527,-0.004098652364625144
2016-03-01,1.0208074263454372,1.0208074263454372,0.9650462616210711,0.026629785895347702,0.026629785895347702,0.016398208624352373
2016-03-02,1.0311973403526384,1.0311973403526384,0.9710701886654592,0.01017813324928274,0.01017813324928274,0.006242112201200856
2016-03-03,1.0380132838531424,1.0380132838531424,0.9750170531391655,0.006609737277030847,0.006609737277030847,0.004064448193112025
2016-03-04,1.044298745518332,1.044298745518332,0.9786613537497365,0.006055280566215515,0.006055280566215515,0.003737678842475445
2016-03-07,1.0472345391755906,1.0472345391755906,0.9803671359453834,0.0028112584352493197,0.0028112584352493197,0.0017429749209072476
2016-03-08,1.0278177924138072,1.0278177924138072,0.9691252323346201,-0.018540972471237205,-0.018540972471237205,-0.011467034337011461
2016-03-09,1.0353875408328332,1.0353875408328332,0.9735389685603267,0.007364873886108292,0.007364873886108292,0.004554350746883262
2016-03-10,1.0365028734322395,1.0365028734322395,0.9741885864745776,0.0010772126913070057,0.0010772126913070057,0.000667274690823616
2016-03-11,1.060174098596703,1.060174098596703,0.9877397553383331,0.022837587594985997,0.022837587594985997,0.013910211074012802
2016-03-14,1.059243189001653,1.059243189001653,0.9872111491383065,-0.0008780723810195568,-0.0008780723810195568,-0.0005351674843193654
2016-03-15,1.052196689190003,1.052196689190003,0.9831507060018404,-0.006652390956878751,-0.006652390956878751,-0.004113044245914743
2016-03-16,1.063970474309055,1.063970474309055,0.9899251985991337,0.011189718842506302,0.011189718842506302,0.006890594245558823
2016-03-17,1.0716243302521369,1.0716243302521369,0.9943286510544048,0.007193673253059307,0.007193673253059307,0.004448267870645672
2016-03-18,1.0799509606296807,1.0799509606296807,0.9991348437851474,0.007770102024078351,0.007770102024078351,0.004833605795876439
2016-03-21,1.0828391051055783,1.0828391051055783,1.0008167280637787,0.002674329280853316,0.002674329280853316,0.0016833406312402044
2016-03-22,1.0814743007029264,1.0814743007029264,1.0000135552308516,-0.0012603944540023893,-0.0012603944540023893,-0.0008025173944494757
2016-03-23,1.064489064638821,1.064489064638821,0.9900879947453017,-0.015705630779266344,-0.015705630779266344,-0.009925425944109834
2016-03-24,1.0640034489112757,1.0640034489112757,0.9898015633494214,-0.0004561960697172518,-0.0004561960697172518,-0.0002892989283785896
2016-03-28,1.0636852743092966,1.0636852743092966,0.9896119801410181,-0.0002990353107451549,-0.0002990353107451549,-0.0001915365821020254
2016-03-29,1.073553392448364,1.073553392448364,0.995474446858667,0.00927729129791266,0.00927729129791266,0.005924005403424415
2016-03-30,1.0789751601723185,1.0789751601723185,0.9986844625934967,0.005050300955772302,0.005050300955772302,0.0032246088736473943
2016-03-31,1.0777935467715092,1.0777935467715092,0.9979831729470795,-0.001095125675201536,-0.001095125675201536,-0.0007022134344576436
2016-04-01,1.0811141585055288,1.0811141585055288,0.9999608455262384,0.003080934882164099,0.003080934882164099,0.001981669263339203
2016-04-04,1.076066521656425,1.076066521656425,0.9969549878274434,-0.004668921232223511,-0.004668921232223511,-0.0030059753961797497
2016-04-05,1.0657865807403526,1.0657865807403526,0.9907842288739551,-0.009553257822990435,-0.009553257822990435,-0.00618960638025956
2016-04-06,1.0786495462842403,1.0786495462842403,0.9984933899414549,0.012068988084793064,0.012068988084793064,0.007780867763974575
2016-04-07,1.063524514215401,1.063524514215401,0.9893859127039756,-0.014022192955017054,-0.014022192955017054,-0.009121219358310673
2016-04-08,1.0701155922640508,1.0701155922640508,0.9934965160519861,0.006197391748428371,0.006197391748428371,0.004154701714699227
2016-04-11,1.0700234233110415,1.0700234233110415,0.9934386710095713,-8.61299037931973e-05,-8.61299037931973e-05,-5.822369930863491e-05
2016-04-12,1.0798024836431117,1.0798024836431117,0.9995674174872573,0.009139108657836958,0.009139108657836958,0.006169224791156669
2016-04-13,1.097323840369732,1.097323840369732,1.0104258907338899,0.0162264460325241,0.0162264460325241,0.010863172465073845
2016-04-14,1.0965569832826114,1.0965569832826114,1.0099317388147586,-0.0006988430023193715,-0.0006988430023193715,-0.000489053104896553
2016-04-15,1.0957491546567966,1.0957491546567966,1.0094018619293696,-0.0007366955280304621,-0.0007366955280304621,-0.000524666039321442
2016-04-18,1.1026559559746587,1.1026559559746587,1.0140995073083487,0.006303268671035811,0.006303268671035811,0.004653890146388395
2016-04-19,1.107671410449587,1.107671410449587,1.017518371073244,0.004548521637916636,0.004548521637916636,0.0033713296774688928
2016-04-20,1.1137045166271742,1.1137045166271742,1.021674529427205,0.005446656942367456,0.005446656942367456,0.004084602767001844
2016-04-21,1.1098456561673233,1.1098456561673233,1.0190171652975508,-0.0034648871421814054,-0.0034648871421814054,-0.0026009889187939006
2016-04-22,1.117646822060707,1.117646822060707,1.024481665700315,0.007029054760932851,0.007029054760932851,0.005362520464676113
2016-04-25,1.1116599861452332,1.1116599861452332,1.020191436649881,-0.005356643795967009,-0.005356643795967009,-0.0041877070074273215
2016-04-26,1.1180094820107416,1.1180094820107416,1.0247964258894215,0.0057117247581481845,0.0057117247581481845,0.004513848160363487
2016-04-27,1.1270412136929528,1.1270412136929528,1.0313721337714525,0.008078403472900453,0.008078403472900453,0.00641659915658277
2016-04-28,1.114066167117256,1.114066167117256,1.0220429896634913,-0.011512486338615568,-0.011512486338615568,-0.009045371503151878
2016-04-29,1.1046953942731634,1.1046953942731634,1.015097155889661,-0.008411325216293286,-0.008411325216293286,-0.006796028977330115
2016-05-02,1.110946406217993,1.110946406217993,1.0197344770784589,0.0056585842370986406,0.0056585842370986406,0.004568352065505987
2016-05-03,1.0939106156857707,1.0939106156857707,1.0067538954426754,-0.015334484577179008,-0.015334484577179008,-0.012729374094492596
2016-05-04,1.0820954644766498,1.0820954644766498,0.9978001419203134,-0.010800837874412661,-0.010800837874412661,-0.008893686493683717
2016-05-05,1.0810854135710792,1.0810854135710792,0.9970318922475947,-0.0009334212541580733,-0.0009334212541580733,-0.0007699434390139315
2016-05-06,1.0854196416457722,1.0854196416457722,1.0004922754294894,0.004009144902229256,0.004009144902229256,0.003470684547606684
2016-05-09,1.08136935629784,1.08136935629784,0.99709682006848,-0.0037315386533737227,-0.0037315386533737227,-0.003393784684196377
2016-05-10,1.0972933666423013,1.0972933666423013,1.0103233336698423,0.014725782871246373,0.014725782871246373,0.013265024353857457
2016-05-11,1.089674374200682,1.089674374200682,1.004040442374338,-0.00694344162940963,-0.00694344162940963,-0.006218693646005913
2016-05-12,1.083790765605306,1.083790765605306,0.9991340458665351,-0.00539941906929009,-0.00539941906929009,-0.004886652270899017
2016-05-13,1.0774317043520643,1.0774317043520643,0.9936370503427067,-0.005867425203323506,-0.005867425203323506,-0.0055017597954646336
2016-05-16,1.0901780967620818,1.0901780967620818,1.0050216234530285,0.011830348372459332,0.011830348372459332,0.011457476456212312
2016-05-17,1.0859723475217253,1.0859723475217253,1.0011311565314334,-0.003857855200767535,-0.003857855200767535,-0.0038710280762201954
2016-05-18,1.0909671287816236,1.0909671287816236,1.0057710216405829,0.004599363207817175,0.004599363207817175,0.0046346226254958545
2016-05-19,1.0879361883950005,1.0879361883950005,1.0029605391135918,-0.0027782142162321444,-0.0027782142162321444,-0.0027943562366776753
2016-05-20,1.0993435384907269,1.0993435384907269,1.0138424233650474,0.010485311746597281,0.010485311746597281,0.010849763103414567
2016-05-23,1.099876918011084,1.099876918011084,1.01437066397015,0.00048518002033226537,0.00048518002033226537,0.0005210283106416025
2016-05-24,1.1154326565048085,1.1154326565048085,1.0295813650320038,0.014143162965774447,0.014143162965774447,0.014995209938663434
2016-05-25,1.1261890160231214,1.1261890160231214,1.0401719162416778,0.009643217325210562,0.009643217325210562,0.01028626932204113
2016-05-26,1.126005543620546,1.126005543620546,1.039991218720148,-0.00016291439533233643,-0.00016291439533233643,-0.00017371890041273375
2016-05-27,1.1319986596585823,1.1319986596585823,1.0459303752194855,0.005322456955909827,0.005322456955909827,0.0057107756223617745
2016-05-31,1.1339539464235706,1.1339539464235706,1.0480028156076218,0.001727287173271197,0.001727287173271197,0.001981432452137444
2016-06-01,1.1358391454272467,1.1358391454272467,1.0500187549750089,0.001662500500678954,0.001662500500678954,0.0019236010985508312
2016-06-02,1.1398311593676063,1.1398311593676063,1.0542998409874975,0.003514594435691798,0.003514594435691798,0.004077151948195912
2016-06-03,1.1348518659256839,1.1348518659256839,1.0489648793430937,-0.004368448257446311,-0.004368448257446311,-0.005060193919224076
2016-06-06,1.14343629117082,1.14343629117082,1.0581167905765385,0.007564357519149745,0.007564357519149745,0.008724707007517818
2016-06-07,1.1458327315781587,1.1458327315781587,1.060806705722674,0.0020958232879637606,0.0020958232879637606,0.0025421722536600466
2016-06-08,1.1468393972478623,1.1468393972478623,1.0619418163043592,0.0008785450458526078,0.0008785450458526078,0.0010700446891613868
2016-06-09,1.1403366883098973,1.1403366883098973,1.0546583289551368,-0.005670112967491314,-0.005670112967491314,-0.006858650104362152
2016-06-10,1.123023254112987,1.123023254112987,1.034774839030264,-0.015182738900184622,-0.015182738900184622,-0.018853015596597578
2016-06-13,1.1145864746577616,1.1145864746577616,1.0252098600958615,-0.00751255989074695,-0.00751255989074695,-0.009243536442542721
2016-06-14,1.1083245942757127,1.1083245942757127,1.0181091847538934,-0.0056181198358535855,-0.0056181198358535855,-0.006926070084132929
2016-06-15,1.1099766082059848,1.1099766082059848,1.0200079088098437,0.001490550637245125,0.001490550637245125,0.0018649513081538949
2016-06-16,1.1120473637504538,1.1120473637504538,1.022402584682471,0.001865584850311297,0.001865584850311297,0.0023477032402829945
2016-06-17,1.1149061331279853,1.1149061331279853,1.0257326083275982,0.0025707262754439686,0.0025707262754439686,0.003257057146585307
2016-06-20,1.1217127165640908,1.1217127165640908,1.0336370757789226,0.006105073094367919,0.006105073094367919,0.007706167657292484
2016-06-21,1.1261302461159146,1.1261302461159146,1.038769944560785,0.003938200473785347,0.003938200473785347,0.004965832691319116
2016-06-22,1.120649468225312,1.120649468225312,1.0321678628459974,-0.0048669129610060535,-0.0048669129610060535,-0.006355672638929777
2016-06-23,1.1429795338030395,1.1429795338030395,1.057684796565281,0.019926003813743653,0.019926003813743653,0.024721689792710277
2016-06-24,1.0909503854811617,1.0909503854811617,1.010267640800513,-0.04552062988281258,-0.04552062988281258,-0.044831083815093264
2016-06-27,1.0571576592421463,1.0571576592421463,0.9815581678221375,-0.030975493192672676,-0.030975493192672676,-0.028417690341568047
2016-06-28,1.0816314551172515,1.0816314551172515,1.0016497682853156,0.023150563836097815,0.023150563836097815,0.020469087947948106
2016-06-29,1.1063301833455466,1.1063301833455466,1.0211965935157152,0.022834698557853805,0.022834698557853805,0.019514630611716877
2016-06-30,1.121200383149193,1.121200383149193,1.032807145544558,0.013441014289856001,0.013441014289856001,0.011369556168289385
2016-07-01,1.122268233739798,1.122268233739798,1.0336407295559455,0.0009524172544479459,0.0009524172544479459,0.0008071051938240981
2016-07-05,1.1071787258817705,1.1071787258817705,1.0219340393191074,-0.013445544838905366,-0.013445544838905366,-0.011325685900426263
2016-07-06,1.1136748921555526,1.1136748921555526,1.027018015502722,0.005867314934730583,0.005867314934730583,0.004974857464383753
2016-07-07,1.1175463524843245,1.1175463524843245,1.030086506467219,0.0034762930870055886,0.0034762930870055886,0.0029877674180769365
2016-07-08,1.1391994471999842,1.1391994471999842,1.0468993625248855,0.019375567436218155,0.019375567436218155,0.01632179040508719
2016-07-11,1.1462983480826137,1.1462983480826137,1.0523863042633455,0.006231482028961288,0.006231482028961288,0.005241135810061692
2016-07-12,1.162951880893003,1.162951880893003,1.0651539401508021,0.014528096318245032,0.014528096318245032,0.01213208100080121
2016-07-13,1.162566189543583,1.162566189543583,1.0648547145847393,-0.0003316485881804665,-0.0003316485881804665,-0.00028092236697763173
2016-07-14,1.1720690683864152,1.1720690683864152,1.0722052533347717,0.008174054026603761,0.008174054026603761,0.006902855994677992
2016-07-15,1.1695075453596064,1.1695075453596064,1.0702273304367604,-0.002185471057891908,-0.002185471057891908,-0.0018447241252171898
2016-07-18,1.1753562925216237,1.1753562925216237,1.0747484861493528,0.005001034140586835,0.005001034140586835,0.004224481644238498
2016-07-19,1.172252789370925,1.172252789370925,1.0723514368610751,-0.0026404786109924805,-0.0026404786109924805,-0.0022303351148378336
2016-07-20,1.179447525577955,1.179447525577955,1.0779083641080534,0.006137529611587533,0.006137529611587533,0.005182001959398885
2016-07-21,1.172808121520313,1.172808121520313,1.0727929400747773,-0.0056292492151260864,-0.0056292492151260864,-0.004745694721006166
2016-07-22,1.1813710331082983,1.1813710331082983,1.0793948075988953,0.007301204204559264,0.007301204204559264,0.006153906571810364
2016-07-25,1.182101423932327,1.182101423932327,1.079958717648726,0.0006182569265364979,0.0006182569265364979,0.0005224316865903855
2016-07-26,1.189045239409382,1.189045239409382,1.0853187641249722,0.005874128341674778,0.005874128341674778,0.00496319571169912
2016-07-27,1.1851569988477972,1.1851569988477972,1.0823137898708322,-0.003270052671432544,-0.003270052671432544,-0.002768748089012174
2016-07-28,1.1873171328285166,1.1873171328285166,1.0840008067786782,0.0018226563930512363,0.0018226563930512363,0.0015587133081316207
2016-07-29,1.1885495821515957,1.1885495821515957,1.0849688357159997,0.0010380119085311446,0.0010380119085311446,0.0008930149601993342
2016-08-01,1.183004492718324,1.183004492718324,1.0806178754380076,-0.004665425419807412,-0.004665425419807412,-0.004010216823528201
2016-08-02,1.1705713869845025,1.1705713869845025,1.0707678999365444,-0.01050977051258073,-0.01050977051258073,-0.009115132856256536
2016-08-03,1.181045637514321,1.181045637514321,1.0791268155569678,0.008947980999946648,0.008947980999946648,0.007806468256023269
2016-08-04,1.1819773837271565,1.1819773837271565,1.079869814847559,0.0007889163494110285,0.0007889163494110285,0.0006885189765279964
2016-08-05,1.2008195993961013,1.2008195993961013,1.0946936528852738,0.01594126582145683,0.01594126582145683,0.013727430690159137
2016-08-08,1.2010846101488106,1.2010846101488106,1.09490206714004,0.0002206915616989047,0.0002206915616989047,0.00019038591684261696
2016-08-09,1.2009180776913826,1.2009180776913826,1.094769615113322,-0.00013865172863003483,-0.00013865172863003483,-0.00012097157425594585
2016-08-10,1.193758962275787,1.193758962275787,1.0890694652429995,-0.005961368680000412,-0.005961368680000412,-0.005206711797287489
2016-08-11,1.2028392298040094,1.2028392298040094,1.096311231544451,0.007606449723243758,0.007606449723243758,0.006649498982909785
2016-08-12,1.201871689769691,1.201871689769691,1.0955376105186314,-0.0008043801784516358,-0.0008043801784516358,-0.0007056582141640177
2016-08-15,1.211546625145973,1.211546625145973,1.1033071363998035,0.008049890398979187,0.008049890398979187,0.007091975489087909
2016-08-16,1.2072012575674218,1.2072012575674218,1.099820161467742,-0.003586628437042272,-0.003586628437042272,-0.003160475281107744
2016-08-17,1.2078511519011614,1.2078511519011614,1.1003421496650456,0.0005383479595184593,0.0005383479595184593,0.0004746123189875995
2016-08-18,1.2155286458349515,1.2155286458349515,1.1065079130312134,0.006356324553489667,0.006356324553489667,0.005603496483384429
2016-08-19,1.2183777280226022,1.2183777280226022,1.10880636540133,0.0023439037799835027,0.0023439037799835027,0.0020772127727672896
2016-08-22,1.2164756351750743,1.2164756351750743,1.1072732588725074,-0.0015611684322357489,-0.0015611684322357489,-0.0013826638957540327
2016-08-23,1.2216159743341444,1.2216159743341444,1.1114614500244158,0.004225599765777632,0.004225599765777632,0.003782436826996971
2016-08-24,1.2130850039746188,1.2130850039746188,1.104514381269436,-0.0069833487272261685,-0.0069833487272261685,-0.006250391099778763
2016-08-25,1.2145389584132797,1.2145389584132797,1.105699429043518,0.001198559403419397,0.001198559403419397,0.0010729129418125538
2016-08-26,1.2141231754718866,1.2141231754718866,1.1053602374149234,-0.0003423380851745872,-0.0003423380851745872,-0.00030676657659856055
2016-08-29,1.2202176754795353,1.2202176754795353,1.1103271634690333,0.005019671916961732,0.005019671916961732,0.004493490796924071
2016-08-30,1.2197292470408065,1.2197292470408065,1.1099293770267191,-0.0004002797603606112,-0.0004002797603606112,-0.0003582605698587704
2016-08-31,1.2156087555967394,1.2156087555967394,1.1065769237099696,-0.0033782017230986616,-0.0033782017230986616,-0.003020420385421274
2016-09-01,1.2160363571544415,1.2160363571544415,1.1069256791675617,0.0003517591953277055,0.0003517591953277055,0.0003151660314972826
2016-09-02,1.2212517066411261,1.2212517066411261,1.111188781534187,0.004288810491561934,0.004288810491561934,0.003851299546895781
2016-09-06,1.224088976970025,1.224088976970025,1.1135069135206315,0.0023232477903365467,0.0023232477903365467,0.0020861729572574372
2016-09-07,1.2264299431247245,1.2264299431247245,1.1154190182769297,0.0019124150276184082,0.0019124150276184082,0.0017171916339995263
2016-09-08,1.2223801901081608,1.2223801901081608,1.1121054843484228,-0.003302066326141495,-0.003302066326141495,-0.002970662929546841
2016-09-09,1.1923885219859218,1.1923885219859218,1.0882218681797777,-0.024535466432571318,-0.024535466432571318,-0.021476034876887984
2016-09-12,1.209959430962843,1.209959430962843,1.1021561984120616,0.014735892415046692,0.014735892415046692,0.012804677648677654
2016-09-13,1.1910184324523185,1.1910184324523185,1.0873990381344234,-0.01565424263477322,-0.01565424263477322,-0.0133893547020828
2016-09-14,1.1902248866171588,1.1902248866171588,1.086779489155369,-0.0006662750244140758,-0.0006662750244140758,-0.0005697531056467753
2016-09-15,1.2036179025795914,1.2036179025795914,1.0971697305956154,0.01125250875949857,0.01125250875949857,0.009560579256350898
2016-09-16,1.2005268375239664,1.2005268375239664,1.0947777223118207,-0.0025681447982788264,-0.0025681447982788264,-0.0021801624826964794
2016-09-19,1.2002459914213326,1.2002459914213326,1.0945599967941646,-0.00023393571376795208,-0.00023393571376795208,-0.00019887645977700874
2016-09-20,1.1981924747338015,1.1981924747338015,1.092967930479522,-0.0017109131813048961,-0.0017109131813048961,-0.0014545263113083795
2016-09-21,1.2131953839775058,1.2131953839775058,1.1045344208144454,0.012521284818649336,0.012521284818649336,0.010582643838277006
2016-09-22,1.2202494179716803,1.2202494179716803,1.1100794015253983,0.005814425349235597,0.005814425349235597,0.0050201972944077244
2016-09-23,1.2139117748754293,1.2139117748754293,1.10418740871109,-0.005193727612495369,-0.005193727612495369,-0.005307721957737432
2016-09-26,1.202757226244391,1.202757226244391,1.0927511341568048,-0.009188928604126012,-0.009188928604126012,-0.010357186166100707
2016-09-27,1.2125429293379688,1.2125429293379688,1.1032720010246657,0.008136058449745187,0.008136058449745187,0.009627870920471793
2016-09-28,1.2187520781415526,1.2187520781415526,1.1103515770345216,0.00512076616287227,0.00512076616287227,0.006416890851286716
2016-09-29,1.2098124466092495,1.2098124466092495,1.1000463835122636,-0.007335069775581404,-0.007335069775581404,-0.009281018494863291
2016-09-30,1.2226359574045857,1.2226359574045857,1.1146222044036163,0.010599585771560616,0.010599585771560616,0.013250187546469228
2016-10-03,1.221350340582894,1.221350340582894,1.1131109135699464,-0.0010515123605727705,-0.0010515123605727705,-0.0013558772000944463
2016-10-04,1.2162670952428307,1.2162670952428307,1.1071487304444638,-0.0041619879007339655,-0.0041619879007339655,-0.005356324381333044
2016-10-05,1.2250681471237048,1.2250681471237048,1.1174149547170262,0.007236117720603952,0.007236117720603952,0.009272669507050857
2016-10-06,1.2240328088262251,1.2240328088262251,1.1161437742305171,-0.0008451271057129395,-0.0008451271057129395,-0.0011376082637367668
2016-10-07,1.219351206624135,1.219351206624135,1.1103952278036637,-0.003824735879898067,-0.003824735879898067,-0.005150363743072872
2016-10-10,1.225308505473848,1.225308505473848,1.1179083360175772,0.004885630011558506,0.004885630011558506,0.006766156793355682
2016-10-11,1.2078226046708735,1.2078226046708735,1.0966136084769522,-0.014270610809326234,-0.014270610809326234,-0.019048724170431575
2016-10-12,1.2062425652615005,1.2062425652615005,1.0946819649486887,-0.0013081717491150169,-0.0013081717491150169,-0.001761462299329164
2016-10-13,1.199858405386188,1.199858405386188,1.0869132619830306,-0.005292600393295266,-0.005292600393295266,-0.0070967671108223
2016-10-14,1.2006637362318886,1.2006637362318886,1.08789478732924,0.0006711882352830045,0.0006711882352830045,0.0009030392585500646
2016-10-17,1.1933958794978554,1.1933958794978554,1.079079994959688,-0.006053199172019852,-0.006053199172019852,-0.008102614767731331
2016-10-18,1.2049162935687066,1.2049162935687066,1.0929071126726901,0.009653472304344213,0.009653472304344213,0.01281380229231166
2016-10-19,1.2132458609310963,1.2132458609310963,1.102928784996001,0.006912984251975951,0.006912984251975951,0.009169738404211758
2016-10-20,1.2122499230683477,1.2122499230683477,1.1017193910796481,-0.0008208870887754793,-0.0008208870887754793,-0.001096529470266061
2016-10-21,1.2125360853683276,1.2125360853683276,1.1020667895409444,0.00023605883121491367,0.00023605883121491367,0.0003153239056234991
2016-10-24,1.2209614490644691,1.2209614490644691,1.112275151731969,0.006948546767234776,0.006948546767234776,0.009262925158353363
2016-10-25,1.2187252815388425,1.2187252815388425,1.1095558130567704,-0.0018314808607102773,-0.0018314808607102773,-0.002444843500247318
2016-10-26,1.2174567099672016,1.2174567099672016,1.108014164633791,-0.0010409003496171243,-0.0010409003496171243,-0.0013894284585217465
2016-10-27,1.2169842431395652,1.2169842431395652,1.1074402158861987,-0.00038807690143582985,-0.00038807690143582985,-0.0005179976627665006
2016-10-28,1.2161201976274878,1.2161201976274878,1.106386591123556,-0.0007099890708924805,-0.0007099890708924805,-0.0009514055454448167
2016-10-31,1.2173529624450725,1.2173529624450725,1.1079196755727239,0.0010136866569518954,0.0010136866569518954,0.0013856679586210507
2016-11-01,1.2106487376317123,1.2106487376317123,1.0995310748662575,-0.005507215261459253,-0.005507215261459253,-0.007571488160574513
2016-11-02,1.2001078939830678,1.2001078939830678,1.0865462798483276,-0.008706772923469663,-0.008706772923469663,-0.011809393399371815
2016-11-03,1.195869556894378,1.195869556894378,1.0811270529110828,-0.0035316300392150834,-0.0035316300392150834,-0.004987571204055241
2016-11-04,1.1961667548442692,1.1961667548442692,1.0815065001974808,0.00024852037429812235,0.00024852037429812235,0.00035097381512771975
2016-11-07,1.2259550794832377,1.2259550794832377,1.1159835776362672,0.02490315377712249,0.02490315377712249,0.03187875193768219
2016-11-08,1.230198935399521,1.230198935399521,1.1209518152195495,0.0034616732597350097,0.0034616732597350097,0.004451891302742483
2016-11-09,1.2495217337455544,1.2495217337455544,1.1430198191055845,0.01570705175399789,0.01570705175399789,0.019686844328552056
2016-11-10,1.2499813756102316,1.2499813756102316,1.1435469680513721,0.0003678542375564753,0.0003678542375564753,0.00046118968103292524
2016-11-11,1.2568276672471181,1.2568276672471181,1.151434349715766,0.005477114915847681,0.005477114915847681,0.006897295769000333
2016-11-14,1.2590721878298088,1.2590721878298088,1.154029954160695,0.0017858618497847978,0.0017858618497847978,0.0022542357239645483
2016-11-15,1.2712958487744803,1.2712958487744803,1.1680149263130155,0.009708467125892684,0.009708467125892684,0.012118378818417597
2016-11-16,1.2686683117838744,1.2686683117838744,1.1649919334381869,-0.0020668178796767744,-0.0020668178796767744,-0.0025881457562970667
2016-11-17,1.2779249575549068,1.2779249575549068,1.1755768276745948,0.007296348214149484,0.007296348214149484,0.00908580903660794
2016-11-18,1.2782324287242244,1.2782324287242244,1.1759292987777237,0.00024060189723962289,0.00024060189723962289,0.000299828216098863
2016-11-21,1.2907491832056965,1.2907491832056965,1.1901450707788033,0.009792236685752798,0.009792236685752798,0.012088968287341517
2016-11-22,1.2912895783178993,1.2912895783178993,1.190765519197606,0.0004186677932738192,0.0004186677932738192,0.0005213216724888614
2016-11-23,1.294244159689355,1.294244159689355,1.19415740884369,0.0022880858182907637,0.0022880858182907637,0.002848495015516983
2016-11-25,1.2987508361820592,1.2987508361820592,1.1993312800701628,0.0034820914268494096,0.0034820914268494096,0.004332654295117422
2016-11-28,1.289803716979164,1.289803716979164,1.1891155941481797,-0.006889019012451203,-0.006889019012451203,-0.008517818297364421
2016-11-29,1.2887610612890166,1.2887610612890166,1.1879272572456252,-0.0008083832263946489,-0.0008083832263946489,-0.0009993451506333795
2016-11-30,1.2899779158321552,1.2899779158321552,1.1893173893203832,0.0009442049264907215,0.0009442049264907215,0.0011702164979203733
2016-12-01,1.2802424247562452,1.2802424247562452,1.1782996642097447,-0.007547021508216845,-0.007547021508216845,-0.009263906514420328
2016-12-02,1.2831341382507817,1.2831341382507817,1.1815709248224682,0.0022587233781814486,0.0022587233781814486,0.002776255236325964
2016-12-05,1.2948472086331517,1.2948472086331517,1.1947120624656393,0.009128484725952069,0.009128484725952069,0.011121751024083082
2016-12-06,1.3004812110263266,1.3004812110263266,1.2010365453472769,0.004351094365119934,0.004351094365119934,0.005293729828579119
2016-12-07,1.320697786553945,1.320697786553945,1.2232077445742702,0.015545457601547241,0.015545457601547241,0.018460053786775177
2016-12-08,1.3251007892363387,1.3251007892363387,1.228519396429573,0.0033338457345961636,0.0033338457345961636,0.004342395540629651
2016-12-09,1.3305182452208366,1.3305182452208366,1.2352315830791119,0.004088335037231383,0.004088335037231383,0.005463639132639031
2016-12-12,1.3252107987907493,1.3252107987907493,1.228348376704066,-0.003989006876945478,-0.003989006876945478,-0.0055724015393840975
2016-12-13,1.3351510180091195,1.3351510180091195,1.24116014957543,0.007500858902931284,0.007500858902931284,0.010430080842163791
2016-12-14,1.3262137394368054,1.3262137394368054,1.2295664850742878,-0.006693833470344579,-0.006693833470344579,-0.009340989964194524
2016-12-15,1.3346877811981468,1.3346877811981468,1.2405205589217512,0.00638965010643,0.00638965010643,0.008908891044473677
2016-12-16,1.3294024776762028,1.3294024776762028,1.2337043821947151,-0.003959954977035496,-0.003959954977035496,-0.005494610047382498
2016-12-19,1.3325935722706188,1.3325935722706188,1.2378211659981608,0.002400397658347986,0.002400397658347986,0.0033369288971172306
2016-12-20,1.338218577719885,1.338218577719885,1.2452281181630256,0.004221096038818262,0.004221096038818262,0.005983862910351689
2016-12-21,1.3372694318718437,1.3372694318718437,1.2439730989623807,-0.0007092607021331743,-0.0007092607021331743,-0.0010078628825826996
2016-12-22,1.3344333548216172,1.3344333548216172,1.2402026676088858,-0.002120797038078326,-0.002120797038078326,-0.003030958914336579
2016-12-23,1.339996525274587,1.339996525274587,1.247744954598555,0.004168938398361188,0.004168938398361188,0.006081495538314607
2016-12-27,1.346288151673409,1.346288151673409,1.2563439264378657,0.004695255756378192,0.004695255756378192,0.00689161018653639
2016-12-28,1.3321196459432012,1.3321196459432012,1.23741425467264,-0.010524125695228537,-0.010524125695228537,-0.015067268895785024
2016-12-29,1.3306064523036796,1.3306064523036796,1.235375338051825,-0.0011359292268752208,-0.0011359292268752208,-0.0016477235599281492
2016-12-30,1.3233143160301246,1.3233143160301246,1.225485851425874,-0.005480310320854165,-0.005480310320854165,-0.008005248543771937
2017-01-03,1.336282675899832,1.336282675899832,1.2428152694954693,0.009799908995628437,0.009799908995628437,0.01414085527746578
2017-01-04,1.3511556268060179,1.3511556268060179,1.2625625366813358,0.011130093336105373,0.011130093336105373,0.015889141106129934
2017-01-05,1.350914065646835,1.350914065646835,1.2622386460448305,-0.00017878115177138998,-0.00017878115177138998,-0.00025653433164318784
2017-01-06,1.356355451196575,1.356355451196575,1.2695342998620267,0.004027928709983808,0.004027928709983808,0.005779932218092698
2017-01-09,1.3542374029451498,1.3542374029451498,1.2666791862765052,-0.0015615731477737205,-0.0015615731477737205,-0.002248945606142194
2017-01-10,1.3576985016620235,1.3576985016620235,1.2713497468555324,0.0025557547807693037,0.0025557547807693037,0.0036872482232510606
2017-01-11,1.3629730993104794,1.3629730993104794,1.2788356660741682,0.003884955048561123,0.003884955048561123,0.0058881666804520005
2017-01-12,1.3579399303856476,1.3579399303856476,1.2717087555602418,-0.0036927866935730913,-0.0036927866935730913,-0.005572968210845297
2017-01-13,1.3662621358075633,1.3662621358075633,1.2835572371768365,0.006128551959991402,0.006128551959991402,0.009316977306942364
2017-01-17,1.355069748433644,1.355069748433644,1.2678977454968678,-0.008191976547241242,-0.008191976547241242,-0.012200072755938374
2017-01-18,1.3599459352802419,1.3599459352802419,1.2747780731648903,0.003598476648330795,0.003598476648330795,0.005426563532003215
2017-01-19,1.358593140054032,1.358593140054032,1.2728464172610288,-0.0009947419166563831,-0.0009947419166563831,-0.0015152879897485372
2017-01-20,1.3621948004614417,1.3621948004614417,1.278012860686423,0.002651022076606724,0.002651022076606724,0.004058968431172927
2017-01-23,1.3571279232483482,1.3571279232483482,1.2707702506689706,-0.0037196421623230114,-0.0037196421623230114,-0.0056670869599562135
2017-01-24,1.3722365674850963,1.3722365674850963,1.2919666121360336,0.011132807731628391,0.011132807731628391,0.016679932077340087
2017-01-25,1.3842548445456462,1.3842548445456462,1.3088486927199832,0.008758167028427133,0.008758167028427133,0.01306696351544101
2017-01-26,1.3821406475339182,1.3821406475339182,1.3058648659638712,-0.0015273177623748024,-0.0015273177623748024,-0.0022797339163102004
2017-01-27,1.3832254520929055,1.3832254520929055,1.3073971251521221,0.0007848727703094749,0.0007848727703094749,0.0011733673431209013
2017-01-30,1.3740126015812777,1.3740126015812777,1.2945547081307238,-0.0066604113578796476,-0.0066604113578796476,-0.009822889139291968
2017-01-31,1.374262902554564,1.374262902554564,1.2949027754314226,0.00018216788768765646,0.00018216788768765646,0.0002688702906974427
2017-02-01,1.3763856866871231,1.3763856866871231,1.2978553821315224,0.0015446710586548562,0.0015446710586548562,0.002280176362365216
2017-02-02,1.377917120631303,1.377917120631303,1.3000104925646703,0.0011126488447188443,0.0011126488447188443,0.0016605166205871935
2017-02-03,1.3905383241539122,1.3905383241539122,1.3180372057626801,0.009159624576568604,0.009159624576568604,0.013866590539932222
2017-02-06,1.3911856591919178,1.3911856591919178,1.3189720937957607,0.0004655283689498635,0.0004655283689498635,0.0007093032192058146
2017-02-07,1.3897499594816278,1.3897499594816278,1.3169012035590602,-0.001031997203826851,-0.001031997203826851,-0.0015700788867647475
2017-02-08,1.3902886763565843,1.3902886763565843,1.31777531106597,0.00038763582706446975,0.00038763582706446975,0.0006637608839201725
2017-02-09,1.4004289825847096,1.4004289825847096,1.3341247408532257,0.007293669581413198,0.007293669581413198,0.01240684178096374
2017-02-10,1.4038249428344547,1.4038249428344547,1.339915871511688,0.002424942851066536,0.002424942851066536,0.0043407715044385675
2017-02-13,1.4109008373411072,1.4109008373411072,1.3519796913295128,0.005040439367294258,0.005040439367294258,0.009003415866859266
2017-02-14,1.4171690475404144,1.4171690475404144,1.362727740577044,0.004442700743675143,0.004442700743675143,0.00794985998418496
2017-02-15,1.4250003367379174,1.4250003367379174,1.3761542346767028,0.005526009202003523,0.005526009202003523,0.009852660733224328
2017-02-16,1.41867951430174,1.41867951430174,1.3652033509737087,-0.0044356638193130404,-0.0044356638193130404,-0.00795759910266658
2017-02-17,1.4246058230569618,1.4246058230569618,1.3754619672400836,0.0041773414611816495,0.0041773414611816495,0.007514350341330633
2017-02-21,1.4367269269621992,1.4367269269621992,1.3964256257585297,0.00850839138031012,0.00850839138031012,0.015241176432170267
2017-02-22,1.4335918231294036,1.4335918231294036,1.390988408158045,-0.002182115316391009,-0.002182115316391009,-0.0038936678761757326
2017-02-23,1.4294784903897142,1.4294784903897142,1.3837771415039706,-0.002869249582290734,-0.002869249582290734,-0.0051842751613032645
2017-02-24,1.4305829295770434,1.4305829295770434,1.3857093014939506,0.0007726168632506969,0.0007726168632506969,0.0013962941950897978
2017-02-27,1.4309883369102903,1.4309883369102903,1.386418702756992,0.0002833861112594427,0.0002833861112594427,0.0005119408971829831
2017-02-28,1.424653914926484,1.424653914926484,1.3754331810134406,-0.00442660629749303,-0.00442660629749303,-0.007923668168718478
2017-03-01,1.4418065824216713,1.4418065824216713,1.4047794115067822,0.012039883732795742,0.012039883732795742,0.021335991379616726
2017-03-02,1.4313072624034973,1.4313072624034973,1.3870183902508773,-0.0072820585966109075,-0.0072820585966109075,-0.012643281294145825
2017-03-03,1.4330012832135608,1.4330012832135608,1.3898688060854687,0.001183547973632848,0.001183547973632848,0.0020550670810326466
2017-03-06,1.426653433187241,1.426653433187241,1.3790381880548062,-0.004429758787155125,-0.004429758787155125,-0.007792547025475494
2017-03-07,1.4199044943820274,1.4199044943820274,1.3676886440213571,-0.004730608463287322,-0.004730608463287322,-0.008230043324222946
2017-03-08,1.4191512733939105,1.4191512733939105,1.3664079722074483,-0.0005304729938506725,-0.0005304729938506725,-0.0009363767254390032
2017-03-09,1.4208666116057938,1.4208666116057938,1.369330104916054,0.0012087070941924072,0.0012087070941924072,0.002138550687672769
2017-03-10,1.426722144587491,1.426722144587491,1.3799023709684495,0.004121099710464371,0.004121099710464371,0.007720757773775455
2017-03-13,1.429179950321773,1.429179950321773,1.384361730432193,0.0017226940393448853,0.0017226940393448853,0.0032316485264198835
2017-03-14,1.4231158884671131,1.4231158884671131,1.3734124076046972,-0.004243035912513737,-0.004243035912513737,-0.00790929320480227
2017-03-15,1.4362996697668742,1.4362996697668742,1.3968527000373199,0.009264025092124983,0.009264025092124983,0.017067191400654158
2017-03-16,1.4359144053404116,1.4359144053404116,1.3961545638164181,-0.00026823401451114837,-0.00026823401451114837,-0.000499792297987578
2017-03-17,1.4342508912043204,1.4342508912043204,1.3930864718535831,-0.0011585050821304455,-0.0011585050821304455,-0.002197530303842732
2017-03-20,1.4334601125336344,1.4334601125336344,1.391618279300666,-0.0005513530969619707,-0.0005513530969619707,-0.0010539134379531356
2017-03-21,1.4083330277521353,1.4083330277521353,1.3491885274195943,-0.017528973817825366,-0.017528973817825366,-0.030489504566147296
2017-03-22,1.4127088351409933,1.4127088351409933,1.356475037080061,0.003107082843780473,0.003107082843780473,0.0054006608508616605
2017-03-23,1.4118168048224555,1.4118168048224555,1.3549827780312518,-0.0006314325332642534,-0.0006314325332642534,-0.0011001006343775988
2017-03-24,1.4143192547070054,1.4143192547070054,1.359169090696819,0.0017725032567978971,0.0017725032567978971,0.0030895689107206525
2017-03-27,1.4135468424985476,1.4135468424985476,1.3578727510803037,-0.0005461370944976895,-0.0005461370944976895,-0.0009537736146212339
2017-03-28,1.4253556707484094,1.4253556707484094,1.3774494273874498,0.008354040980339095,0.008354040980339095,0.014417165593441084
2017-03-29,1.4306302930478418,1.4306302930478418,1.3862611850637925,0.003700565695762714,0.003700565695762714,0.006397155134076682
2017-03-30,1.436521850687108,1.436521850687108,1.396477613104128,0.0041181552410125555,0.0041181552410125555,0.007369771404127867
2017-03-31,1.4337539971851716,1.4337539971851716,1.3916683171272242,-0.0019267743825912564,-0.0019267743825912564,-0.0034438761722886957
2017-04-03,1.4304512958897793,1.4304512958897793,1.3858847732521005,-0.0023035341501236317,-0.0023035341501236317,-0.004155834981615758
2017-04-04,1.429540388012967,1.429540388012967,1.3842587136292699,-0.000636797547340251,-0.000636797547340251,-0.001173300734818583
2017-04-05,1.4219343230603574,1.4219343230603574,1.3704177163561495,-0.0053206366300583285,-0.0053206366300583285,-0.009998851469630199
2017-04-06,1.4274303246778943,1.4274303246778943,1.3803470580068014,0.0038651585578919345,0.0038651585578919345,0.007245485469243196
2017-04-07,1.424902273214156,1.424902273214156,1.3757596091065003,-0.0017710506916046587,-0.0017710506916046587,-0.0033234025266988265
2017-04-10,1.4251491339088236,1.4251491339088236,1.3762076025517982,0.00017324745655056262,0.00017324745655056262,0.00032563352080727803
2017-04-11,1.4220893032749782,1.4220893032749782,1.3706634044331742,-0.002147024869918801,-0.002147024869918801,-0.00402860593731913
2017-04-12,1.413007497810231,1.413007497810231,1.3544376506022748,-0.006386241316795216,-0.006386241316795216,-0.0118378835959434
2017-04-13,1.4020073402695359,1.4020073402695359,1.335192688891116,-0.007784925103187512,-0.007784925103187512,-0.01420882068849838
2017-04-17,1.4154520523763827,1.4154520523763827,1.3582196237034334,0.009589616060256878,0.009589616060256878,0.017246151064114423
2017-04-18,1.411739926352913,1.411739926352913,1.3516862647663521,-0.0026225727796554965,-0.0026225727796554965,-0.004810237477843926
2017-04-19,1.4139484719241462,1.4139484719241462,1.3555739457649703,0.0015644139051438355,0.0015644139051438355,0.002876171120441251
2017-04-20,1.4278111745471476,1.4278111745471476,1.379443781063577,0.009804248809814453,0.009804248809814453,0.017608656003739176
2017-04-21,1.4221733427552858,1.4221733427552858,1.3697125150844018,-0.003948583602905176,-0.003948583602905176,-0.007054485375019848
2017-04-24,1.4369091940854797,1.4369091940854797,1.3945743320333335,0.010361501574516208,0.010361501574516208,0.018151120527214903
2017-04-25,1.447548129088876,1.447548129088876,1.4129786811099065,0.007404041290283159,0.007404041290283159,0.013197108719001704
2017-04-26,1.446641694524414,1.446641694524414,1.4113734824314381,-0.0006261861324311502,-0.0006261861324311502,-0.00113603885177338
2017-04-27,1.4491293705692483,1.4491293705692483,1.415782033404394,0.0017196214199066695,0.0017196214199066695,0.0031235892042984492
2017-04-28,1.442033066680873,1.442033066680873,1.4033035674049987,-0.00489694297313692,-0.00489694297313692,-0.008813832712221581
2017-05-01,1.4458845286601487,1.4458845286601487,1.4101512193023422,0.002670855522155735,0.002670855522155735,0.004879665424072366
2017-05-02,1.4441035427944124,1.4441035427944124,1.406981318257559,-0.0012317621707914617,-0.0012317621707914617,-0.0022479156854904314
2017-05-03,1.4459670742994946,1.4459670742994946,1.4102950730020514,0.001290441751480076,0.001290441751480076,0.0023552229880323683
2017-05-04,1.443853014397812,1.443853014397812,1.4065372716221205,-0.001462038755416728,-0.001462038755416728,-0.002664549746977274
2017-05-05,1.452099368390716,1.452099368390716,1.4213818810455283,0.005711352825164884,0.005711352825164884,0.010554010706227412
2017-05-08,1.4501657607328922,1.4501657607328922,1.4178886165464737,-0.001331594586372331,-0.001331594586372331,-0.0024576537422055234
2017-05-09,1.4518212544252862,1.4518212544252862,1.4208785663388133,0.0011415892839432562,0.0011415892839432562,0.0021087339001437666
2017-05-10,1.459995079385857,1.459995079385857,1.435550304812087,0.005630049109458968,0.005630049109458968,0.010325821516949496
2017-05-11,1.4567982995839668,1.4567982995839668,1.4297243812330882,-0.002189582586288541,-0.002189582586288541,-0.004058320742554189
2017-05-12,1.4541988637409957,1.4541988637409957,1.4249994216269426,-0.0017843484878541371,-0.0017843484878541371,-0.00330480452607973
2017-05-15,1.4651786492959238,1.4651786492959238,1.4447551315455762,0.007550401687621999,0.007550401687621999,0.013863661710176833
2017-05-16,1.4675796721440766,1.4675796721440766,1.4491203273168218,0.001638723611831594,0.001638723611831594,0.0030214087328250816
2017-05-17,1.4305925017714143,1.4305925017714143,1.3917458706087706,-0.02520283639430998,-0.02520283639430998,-0.0395926105144665
2017-05-18,1.4372101573913514,1.4372101573913514,1.4018619361657854,0.004625814557075447,0.004625814557075447,0.007268615463963846
2017-05-19,1.4481261672599794,1.4481261672599794,1.418452896488428,0.007595277428626979,0.007595277428626979,0.011834946006181069
2017-05-22,1.455503044669757,1.455503044669757,1.429822280731059,0.005094084739684979,0.005094084739684979,0.00801534141230742
2017-05-23,1.4577037088313567,1.4577037088313567,1.4332271043264149,0.0015119612216949463,0.0015119612216949463,0.00238129146624777
2017-05-24,1.4623511128730118,1.4623511128730118,1.440427015185619,0.003188167810439957,0.003188167810439957,0.005023565935552199
2017-05-25,1.4664342432347965,1.4664342432347965,1.4467564853419914,0.0027921682596205866,0.0027921682596205866,0.004394162348834163
2017-05-26,1.4702111783766567,1.4702111783766567,1.4526147490409569,0.002575591206550598,0.002575591206550598,0.004049239632460067
2017-05-30,1.4685051209152222,1.4685051209152222,1.4499521437708969,-0.00116041660308841,-0.00116041660308841,-0.0018329741397833388
2017-05-31,1.4670106970169976,1.4670106970169976,1.4475491158342357,-0.0010176497697830245,-0.0010176497697830245,-0.0016573153444993105
2017-06-01,1.4806995756005163,1.4806995756005163,1.4694439114133189,0.009331137537956335,0.009331137537956335,0.015125424995658943
2017-06-02,1.4845406843147546,1.4845406843147546,1.4756175004813734,0.002594117522239703,0.002594117522239703,0.004201309774468864
2017-06-05,1.485789751226227,1.485789751226227,1.4776403096485204,0.0008413827419280206,0.0008413827419280206,0.0013708221585113645
2017-06-06,1.4836141418294477,1.4836141418294477,1.4740943926026093,-0.0014642781019210682,-0.0014642781019210682,-0.0023997159679235436
2017-06-07,1.488116727649671,1.488116727649671,1.4814196971369995,0.003034876585006785,0.003034876585006785,0.004969359201927981
2017-06-08,1.4937013927569187,1.4937013927569187,1.4905043683078172,0.003752840757369924,0.003752840757369924,0.00613240878893051
2017-06-09,1.4878465343952008,1.4878465343952008,1.4809810476569092,-0.003919697999954064,-0.003919697999954064,-0.006389327568170677
2017-06-12,1.4864637390979314,1.4864637390979314,1.4787381600433012,-0.0009293937683105824,-0.0009293937683105824,-0.0015144607131580834
2017-06-13,1.4925534156542781,1.4925534156542781,1.4886402656171096,0.004096754193305907,0.004096754193305907,0.006696321121190563
2017-06-14,1.487496043096369,1.487496043096369,1.4802808771891773,-0.003388403058052103,-0.003388403058052103,-0.005615452316457992
2017-06-15,1.4769262177807945,1.4769262177807945,1.4630886286966702,-0.007105783820152145,-0.007105783820152145,-0.011614179955598991
2017-06-16,1.4732669484421548,1.4732669484421548,1.4571721185361464,-0.0024776250123977883,-0.0024776250123977883,-0.004043849459615001
2017-06-19,1.4882454914846381,1.4882454914846381,1.4808434696225174,0.01016689002513882,0.01016689002513882,0.016244718647342005
2017-06-20,1.474841639149461,1.474841639149461,1.4582811800576243,-0.009006479382514865,-0.009006479382514865,-0.015236107007747801
2017-06-21,1.475357284688631,1.475357284688631,1.459144908778024,0.0003496277332306619,0.0003496277332306619,0.0005922923042629424
2017-06-22,1.478489749644084,1.478489749644084,1.4643930535991374,0.0021231907606125144,0.0021231907606125144,0.0035967262672413902
2017-06-23,1.4825854193169858,1.4825854193169858,1.4712597522542994,0.0027701711654664063,0.0027701711654664063,0.0046891090054581586
2017-06-26,1.4849604248337187,1.4849604248337187,1.475250354003724,0.0016019350290299439,0.0016019350290299439,0.002712370635647554
2017-06-27,1.4699690806939283,1.4699690806939283,1.4503866817013875,-0.010095450282097018,-0.010095450282097018,-0.01685386635214714
2017-06-28,1.4861010770187368,1.4861010770187368,1.4763335590471311,0.01097437798976908,0.01097437798976908,0.01788962741667377
2017-06-29,1.4736191446384332,1.4736191446384332,1.4564310234779563,-0.00839911401271809,-0.00839911401271809,-0.013481056125297708
2017-06-30,1.4740949935595669,1.4740949935595669,1.457186847438024,0.0003229117393492853,0.0003229117393492853,0.0005189562347160948
2017-07-03,1.476534318307603,1.476534318307603,1.461067899984343,0.0016547948122025424,0.0016547948122025424,0.002663387027643349
2017-07-05,1.4771164826745329,1.4771164826745329,1.4619953632625327,0.00039427757263177377,0.00039427757263177377,0.0006347845149425879
2017-07-06,1.4615350915452956,1.4615350915452956,1.4376556162435588,-0.010548518896102865,-0.010548518896102865,-0.016648306575103078
2017-07-07,1.4718428486487956,1.4718428486487956,1.4535468309179544,0.007052692174911446,0.007052692174911446,0.011053561433521653
2017-07-10,1.4776982478559235,1.4776982478559235,1.4625972556106477,0.003978277444839584,0.003978277444839584,0.006226441763130364
2017-07-11,1.4810321218897728,1.4810321218897728,1.4677589936086717,0.002256126403808567,0.002256126403808567,0.0035291588154040543
2017-07-12,1.4934325902556191,1.4934325902556191,1.486774907715351,0.008372855782508903,0.008372855782508903,0.012955746951293534
2017-07-13,1.4983193295037245,1.4983193295037245,1.4943790392685,0.0032721525430678966,0.0032721525430678966,0.005114514317997143
2017-07-14,1.5052741959072298,1.5052741959072298,1.5053778237540942,0.0046417784690857555,0.0046417784690857555,0.007360103559119979
2017-07-17,1.5048904712210385,1.5048904712210385,1.5047594687736205,-0.00025492012500749617,-0.00025492012500749617,-0.00041076397613704074
2017-07-18,1.508197595209614,1.508197595209614,1.5101026932187767,0.002197584509849637,0.002197584509849637,0.003550882753049489
2017-07-19,1.5172425290794296,1.5172425290794296,1.5246560722341422,0.005997180938720703,0.005997180938720703,0.009637343924170594
2017-07-20,1.5167401805881553,1.5167401805881553,1.523830607224615,-0.0003310930728912531,-0.0003310930728912531,-0.0005414106332306545
2017-07-21,1.513704943843308,1.513704943843308,1.518825707158174,-0.0020011579990386608,-0.0020011579990386608,-0.003284420225392659
2017-07-24,1.5131493318693112,1.5131493318693112,1.5178909379218009,-0.000367054343223594,-0.000367054343223594,-0.0006154552375349231
2017-07-25,1.5241028569419788,1.5241028569419788,1.5363245914916444,0.007238892316818291,0.007238892316818291,0.012144254313212866
2017-07-26,1.5236982749347672,1.5236982749347672,1.5356402472797697,-0.0002654558420179809,-0.0002654558420179809,-0.00044544246421929223
2017-07-27,1.5240697411980737,1.5240697411980737,1.5362685348078466,0.0002437925338745206,0.0002437925338745206,0.00040913718508606145
2017-07-28,1.5189560347959399,1.5189560347959399,1.5275846496235301,-0.0033552968502044145,-0.0033552968502044145,-0.005652582857464172
2017-07-31,1.5151545261883312,1.5151545261883312,1.5211559677682942,-0.0025027114152907926,-0.0025027114152907926,-0.004208396475324783
2017-08-01,1.5214789184897863,1.5214789184897863,1.5318134111297053,0.004174090623855653,0.004174090623855653,0.007006147684544661
2017-08-02,1.517141847992672,1.517141847992672,1.524508337514068,-0.002850562334060669,-0.002850562334060669,-0.004768905639917165
2017-08-03,1.510760213182671,1.510760213182671,1.5138324418744515,-0.0042063534259796365,-0.0042063534259796365,-0.007002845033320715
2017-08-04,1.5177720394893226,1.5177720394893226,1.525557187746106,0.004641256928443971,0.004641256928443971,0.007745075047497885
2017-08-07,1.5211246224069765,1.5211246224069765,1.5311835283309037,0.002208884358406049,0.002208884358406049,0.003688056160719988
2017-08-08,1.5164202254110561,1.5164202254110561,1.5233052359407242,-0.003092709779739411,-0.003092709779739411,-0.005145230630039022
2017-08-09,1.5112588862269054,1.5112588862269054,1.5146611499193492,-0.0034036338329315186,-0.0034036338329315186,-0.005674559384046818
2017-08-10,1.4817196420367245,1.4817196420367245,1.4694847396670103,-0.019546117782592742,-0.019546117782592742,-0.02982608371168982
2017-08-11,1.485122997927243,1.485122997927243,1.4746357165032353,0.0022968959808349343,0.0022968959808349343,0.0035052945411275793
2017-08-14,1.5025065650389589,1.5025065650389589,1.500568416319077,0.01170513629913339,0.01170513629913339,0.017585834606892004
2017-08-15,1.5015277712300412,1.5015277712300412,1.4990996453700356,-0.0006514406204223278,-0.0006514406204223278,-0.0009788097184160183
2017-08-16,1.5066861709419446,1.5066861709419446,1.5081208044950702,0.0034354341030120583,0.0034354341030120583,0.006017718136947403
2017-08-17,1.4794800751958106,1.4794800751958106,1.4642538101280205,-0.018056909441947933,-0.018056909441947933,-0.029087188663070473
2017-08-18,1.4780454786013277,1.4780454786013277,1.461939959590939,-0.0009696626663208141,-0.0009696626663208141,-0.0015802250409573393
2017-08-21,1.4774491080997214,1.4774491080997214,1.4609735160434898,-0.0004034858942031372,-0.0004034858942031372,-0.0006610692464550372
2017-08-22,1.4967300180880923,1.4967300180880923,1.4910823884483118,0.013050134778022748,0.013050134778022748,0.020608773584315676
2017-08-23,1.4934875522018916,1.4934875522018916,1.4859798022411983,-0.0021663665771483043,-0.0021663665771483043,-0.003422068590336891
2017-08-24,1.492751867052659,1.492751867052659,1.484822140278616,-0.0004925954341888916,-0.0004925954341888916,-0.0007790563242087156
2017-08-25,1.4949052146428314,1.4949052146428314,1.4882125768197279,0.0014425355195999412,0.0014425355195999412,0.0022833957341690247
2017-08-28,1.4949831639867437,1.4949831639867437,1.4883354669482707,5.214333534242499e-05,5.214333534242499e-05,8.257565515634724e-05
2017-08-29,1.4951660428861357,1.4951660428861357,1.488623902496555,0.00012232840061177086,0.00012232840061177086,0.00019379740299796389
2017-08-30,1.5070730712977225,1.5070730712977225,1.507501230002988,0.007963683009147626,0.007963683009147626,0.012681058979890025
2017-08-31,1.5148946304306488,1.5148946304306488,1.5199077464748616,0.005189900398254288,0.005189900398254288,0.008229854957961802
2017-09-01,1.52376541483421,1.52376541483421,1.5339280723098294,0.005855710506439182,0.005855710506439182,0.009224458436694727
2017-09-05,1.5091893199409496,1.5091893199409496,1.5112834770739763,-0.00956583917140963,-0.00956583917140963,-0.014762488309999044
2017-09-06,1.5156425239126852,1.5156425239126852,1.5212386706732057,0.004275940656661925,0.004275940656661925,0.006587244385483526
2017-09-07,1.514854538166346,1.514854538166346,1.5200173122842884,-0.0005199021100997792,-0.0005199021100997792,-0.00080287098432541
2017-09-08,1.5057053110740235,1.5057053110740235,1.505906111285231,-0.006039673686027425,-0.006039673686027425,-0.009283579130984432
2017-09-11,1.5250013713028165,1.5250013713028165,1.534651159230387,0.012815296649932861,0.012815296649932861,0.019088207245950617
2017-09-12,1.5346240678766097,1.5346240678766097,1.5490151763513,0.006309959292411849,0.006309959292411849,0.009359792963057778
2017-09-13,1.5383077786397068,1.5383077786397068,1.554543151636392,0.0024003994464874,0.0024003994464874,0.0035687031150417603
2017-09-14,1.5388770607196793,1.5388770607196793,1.555408623271045,0.00037007033824920654,0.00037007033824920654,0.0005567369640024911
2017-09-15,1.543041488008971,1.543041488008971,1.561748852835711,0.0027061468362807872,0.0027061468362807872,0.004076246890886148
2017-09-18,1.548566518951881,1.548566518951881,1.5703136549866572,0.003580610752105695,0.003580610752105695,0.005484109775649726
2017-09-19,1.5510591749809397,1.5510591749809397,1.5742633409582911,0.001609653830528357,0.001609653830528357,0.0025152210573291534
2017-09-20,1.552525563889938,1.552525563889938,1.5765890832284344,0.0009454113245010998,0.0009454113245010998,0.0014773527462867975
2017-09-21,1.550419269016777,1.550419269016777,1.573248756958889,-0.0013566893339157504,-0.0013566893339157504,-0.002118704426587237
2017-09-22,1.5565895865707144,1.5565895865707144,1.5830133916161695,0.003979773521423313,0.003979773521423313,0.006206669234022133
2017-09-25,1.5494680308553017,1.5494680308553017,1.571785070850548,-0.004575101733207743,-0.004575101733207743,-0.007093004282268223
2017-09-26,1.550594912850577,1.550594912850577,1.5736038465335835,0.0007272702455520808,0.0007272702455520808,0.0011571401947794158
2017-09-27,1.564648098853742,1.564648098853742,1.5964763797402162,0.009063093066215444,0.009063093066215444,0.014535127921183832
2017-09-28,1.566411215490179,1.566411215490179,1.5994204348822332,0.001126845479011429,0.001126845479011429,0.0018440956467493663
2017-09-29,1.5719572266742166,1.5719572266742166,1.60867477820975,0.003540584444999606,0.003540584444999606,0.005786060453953246
2017-10-02,1.5790139251260056,1.5790139251260056,1.620444453191264,0.004489116072654786,0.004489116072654786,0.00731637938316676
2017-10-03,1.5860341916411247,1.5860341916411247,1.6321571025390536,0.004445981383323749,0.004445981383323749,0.007228047419165051
2017-10-04,1.5881620337373878,1.5881620337373878,1.6358393056309697,0.0013416117429734253,0.0013416117429734253,0.0022560347200573094
2017-10-05,1.5979072972494248,1.5979072972494248,1.6527598615092454,0.006136189699172956,0.006136189699172956,0.010343654061881757
2017-10-06,1.5982754102726981,1.5982754102726981,1.6534026736988516,0.00023037195205688477,0.00023037195205688477,0.0003889325996937476
2017-10-09,1.5951527468959787,1.5951527468959787,1.647961388881996,-0.001953770518303033,-0.001953770518303033,-0.0032909616655468765
2017-10-10,1.600303995184567,1.600303995184567,1.6570355569282624,0.003229313492774999,0.003229313492774999,0.005506298938485754
2017-10-11,1.603381544176895,1.603381544176895,1.662474783619281,0.0019231027364730036,0.0019231027364730036,0.0032825045113102913
2017-10-12,1.5989417263122545,1.5989417263122545,1.6546201595979433,-0.0027690339088440874,-0.0027690339088440874,-0.00472465753991036
2017-10-13,1.6046895166299815,1.6046895166299815,1.664755392038882,0.0035947465896606356,0.0035947465896606356,0.006125413365809296
2017-10-16,1.6062753755579562,1.6062753755579562,1.6675598243337384,0.0009882652759551913,0.0009882652759551913,0.0016845912067728896
2017-10-17,1.605642181665818,1.605642181665818,1.666432450072764,-0.00039420008659363237,-0.00039420008659363237,-0.0006760622584708331
2017-10-18,1.6094647456710087,1.6094647456710087,1.673235584001736,0.0023807072639465687,0.0023807072639465687,0.0040824540644746055
2017-10-19,1.6074627899351932,1.6074627899351932,1.6696629338670508,-0.0012438642978668257,-0.0012438642978668257,-0.0021351746095077395
2017-10-20,1.6174736685342592,1.6174736685342592,1.6873956762305842,0.006227751374244583,0.006227751374244583,0.010620552210776513
2017-10-23,1.6116525071339414,1.6116525071339414,1.6769907558310433,-0.003598921895027196,-0.003598921895027196,-0.006166259962680498
2017-10-24,1.6168635714958262,1.6168635714958262,1.686271787279991,0.003233367204666049,0.003233367204666049,0.005534336678169938
2017-10-25,1.600681561194378,1.600681561194378,1.658234390888152,-0.010008271932601898,-0.010008271932601898,-0.01662685493722471
2017-10-26,1.6044936644842887,1.6044936644842887,1.6648198412102853,0.0023815500736237283,0.0023815500736237283,0.003971362768930398
2017-10-27,1.6101563840412076,1.6101563840412076,1.6746300805626235,0.003529287576675477,0.003529287576675477,0.005892673254786818
2017-10-30,1.6019071476471456,1.6019071476471456,1.6603956340629247,-0.0051232516765594704,-0.0051232516765594704,-0.008500054229837128
2017-10-31,1.6047178631715893,1.6047178631715893,1.665244723498735,0.0017546057701109952,0.0017546057701109952,0.002920442174341842
2017-11-01,1.6045305678342134,1.6045305678342134,1.6649191827188383,-0.00011671543121338779,-0.00011671543121338779,-0.0001954912544102072
2017-11-02,1.6027837522311017,1.6027837522311017,1.6618758589050289,-0.0010886770486832065,-0.0010886770486832065,-0.0018279108351911821
2017-11-03,1.6130127073891913,1.6130127073891913,1.679559080238713,0.0063819932937621004,0.0063819932937621004,0.010640518808267219
2017-11-06,1.6184117126279414,1.6184117126279414,1.688958163877532,0.003347156047821098,0.003347156047821098,0.005596161367233954
2017-11-07,1.614150646785035,1.614150646785035,1.6815118528794721,-0.002632868885994011,-0.002632868885994011,-0.004408819091743843
2017-11-08,1.6197255080591546,1.6197255080591546,1.6924743049105944,0.0034537428617478216,0.0034537428617478216,0.0065194021751020514
2017-11-09,1.613540555244852,1.613540555244852,1.680374869359934,-0.003818519115447949,-0.003818519115447949,-0.0071489626256390215
2017-11-10,1.617468008770752,1.617468008770752,1.6883032245010283,0.0024340593814848877,0.0024340593814848877,0.004718206208424336
2017-11-13,1.6185204080071798,1.6185204080071798,1.6904347589636979,0.0006506460905075784,0.0006506460905075784,0.0012625305879514492
2017-11-14,1.6113278989486,1.6113278989486,1.6759829711481617,-0.004443879127502437,-0.004443879127502437,-0.008549154434327688
2017-11-15,1.6044486229684303,1.6044486229684303,1.661672352677376,-0.00426932096481325,-0.00426932096481325,-0.0085386419296265
2017-11-16,1.6234750930679862,1.6234750930679862,1.7010824763558545,0.011858572363853348,0.011858572363853348,0.023717144727706918
2017-11-17,1.6285456919811216,1.6285456919811216,1.7117084563817795,0.0031232994794845315,0.0031232994794845315,0.006246598958969063
2017-11-20,1.634200463317279,1.634200463317279,1.7235955283413407,0.0034722828865050293,0.0034722828865050293,0.0069445657730102806
2017-11-21,1.6449534905525147,1.6449534905525147,1.7462780205750812,0.006579992771148735,0.006579992771148735,0.01315998554229747
2017-11-22,1.644271634390851,1.644271634390851,1.7448303073903064,-0.00041451394557956434,-0.00041451394557956434,-0.0008290278911590176
2017-11-24,1.6472725595702384,1.6472725595702384,1.7511992127386564,0.0018250787258147216,0.0018250787258147216,0.0036501574516296653
2017-11-27,1.6394919062028976,1.6394919062028976,1.7346561410140424,-0.004723355174064636,-0.004723355174064636,-0.009446710348129161
2017-11-28,1.656627369250546,1.656627369250546,1.7709163214910095,0.010451691150665354,0.010451691150665354,0.020903382301330486
2017-11-29,1.6525839026732578,1.6525839026732578,1.7622714794582925,-0.0024407821893691617,-0.0024407821893691617,-0.004881564378738434
2017-11-30,1.6617007342050492,1.6617007342050492,1.7817153723408417,0.0055167132616043,0.0055167132616043,0.0110334265232086
2017-12-01,1.6607262553951172,1.6607262553951172,1.779625653247702,-0.0005864346027373291,-0.0005864346027373291,-0.0011728692054748802
2017-12-04,1.658830929557277,1.658830929557277,1.7755636105464125,-0.0011412632465362949,-0.0011412632465362949,-0.0022825264930725897
2017-12-05,1.6518846513705057,1.6518846513705057,1.7606934287124445,-0.004187453985214251,-0.004187453985214251,-0.008374907970428502
2017-12-06,1.6497075413127382,1.6497075413127382,1.756052398397023,-0.001317955255508374,-0.001317955255508374,-0.002635910511016859
2017-12-07,1.6581287164242926,1.6581287164242926,1.773980454590788,0.005104647278785679,0.005104647278785679,0.010209294557571358
2017-12-08,1.6685856811874586,1.6685856811874586,1.7963556187387253,0.006306485533714268,0.006306485533714268,0.012612971067428536
2017-12-11,1.6751635566940593,1.6751635566940593,1.810518755530402,0.00394218623638154,0.00394218623638154,0.00788437247276308
2017-12-12,1.6746683199408487,1.6746683199408487,1.809448250591905,-0.00029563486576067444,-0.00029563486576067444,-0.0005912697315215709
2017-12-13,1.6754003273341387,1.6754003273341387,1.8110300915826696,0.0004371058940888517,0.0004371058940888517,0.0008742117881774814
2017-12-14,1.6710625153868637,1.6710625153868637,1.8016521443064604,-0.0025891196727753085,-0.0025891196727753085,-0.005178239345550506
2017-12-15,1.6860879210400885,1.6860879210400885,1.8340513562628609,0.008991528153419415,0.008991528153419415,0.01798305630683905
2017-12-18,1.7041062866656624,1.7041062866656624,1.8732505077434536,0.010686492323875418,0.010686492323875418,0.021372984647750837
2017-12-19,1.6994903551739182,1.6994903551739182,1.8631023191260199,-0.002708711028099109,-0.002708711028099109,-0.005417422056198107
2017-12-20,1.6993102036143715,1.6993102036143715,1.862707329195816,-0.0001060032844542036,-0.0001060032844542036,-0.00021200656890874026
2017-12-21,1.7037821608506776,1.7037821608506776,1.8725112455169206,0.0026316308975220526,0.0026316308975220526,0.005263261795043883
2017-12-22,1.701925384129124,1.701925384129124,1.8684299311665145,-0.0010897970199585938,-0.0010897970199585938,-0.0021795940399169655
2017-12-26,1.6995576039488047,1.6995576039488047,1.8632310765039228,-0.0013912361860275446,-0.0013912361860275446,-0.0027824723720550892
2017-12-27,1.6999420847783777,1.6999420847783777,1.8640740919196002,0.00022622406482697421,0.00022622406482697421,0.00045244812965394843
2017-12-28,1.7026370079784239,1.7026370079784239,1.8699843362295696,0.0015853029489516501,0.0015853029489516501,0.0031706058979035223
2017-12-29,1.6912888942268103,1.6912888942268103,1.8450573613525645,-0.006665022373199436,-0.006665022373199436,-0.013330044746398872
2018-01-02,1.7171754497268967,1.7171754497268967,1.9015375758783408,0.015305815339088369,0.015305815339088369,0.03061163067817696
2018-01-03,1.7307988553044327,1.7307988553044327,1.9317097025777235,0.007933613061904987,0.007933613061904987,0.015867226123809752
2018-01-04,1.7401682853737337,1.7401682853737337,1.9526237665280473,0.00541335582733149,0.00541335582733149,0.01082671165466298
2018-01-05,1.7525437502389334,1.7525437502389334,1.9803965135901875,0.007111648321151742,0.007111648321151742,0.014223296642303485
2018-01-08,1.7592954893170791,1.7592954893170791,1.9956556140026112,0.0038525366783142,0.0038525366783142,0.0077050733566284
2018-01-09,1.7579101780911666,1.7579101780911666,1.992512760352476,-0.000787423849105795,-0.000787423849105795,-0.001574847698211701
2018-01-10,1.760774851627581,1.760774851627581,1.9990067196533408,0.0016295903921126342,0.0016295903921126342,0.0032591807842254905
2018-01-11,1.777754495330965,1.777754495330965,2.0372134453748925,0.009643279314041076,0.009643279314041076,0.019112855072431767
2018-01-12,1.7877333329450495,1.7877333329450495,2.0599172603432248,0.005613169670104945,0.005613169670104945,0.011144544043667493
2018-01-16,1.779128195676309,1.779128195676309,2.040495690757806,-0.004813434481620749,-0.004813434481620749,-0.009428325088252643
2018-01-17,1.7948460516791147,1.7948460516791147,2.075216681243957,0.008834583163261467,0.008834583163261467,0.017015958741503745
2018-01-18,1.7945478716466134,1.7945478716466134,2.074552449532899,-0.00016613125801090423,-0.00016613125801090423,-0.000320078243906452
2018-01-19,1.8054258696202647,1.8054258696202647,2.0986399897479586,0.006061692833900345,0.006061692833900345,0.01161095744794638
2018-01-22,1.8199522067250546,1.8199522067250546,2.130695523013302,0.008045933842659059,0.008045933842659059,0.01527443173766696
2018-01-23,1.8272697685788395,1.8272697685788395,2.1470321998356665,0.004020743966102636,0.004020743966102636,0.0076672976715419505
2018-01-24,1.8243923616502313,1.8243923616502313,2.1405462128789443,-0.0015747028589249146,-0.0015747028589249146,-0.003020908096869057
2018-01-25,1.821926229676474,1.821926229676474,2.1350119943788908,-0.0013517552614211725,-0.0013517552614211725,-0.0025854235086147925
2018-01-26,1.843666747762064,1.843666747762064,2.184538179832376,0.011932710409164438,0.011932710409164438,0.02319714623799718
2018-01-29,1.83447951100718,1.83447951100718,2.1637333535661845,-0.004983133077621438,-0.004983133077621438,-0.009523672535578176
2018-01-30,1.812597926048924,1.812597926048924,2.117224872006973,-0.011927952766418448,-0.011927952766418448,-0.021494553144710715
2018-01-31,1.8144801006072813,1.8144801006072813,2.1212440355195215,0.0010383850336075362,0.0010383850336075362,0.0018983167851880367
2018-02-01,1.8121396060693775,1.8121396060693775,2.1162575297835393,-0.0012898981571197732,-0.0012898981571197732,-0.0023507459078185855
2018-02-02,1.77309917947281,1.77309917947281,2.0439092112169512,-0.021543829441070583,-0.021543829441070583,-0.034186916076319074
2018-02-05,1.7024019614608357,1.7024019614608357,1.9463244351003444,-0.039872117042541566,-0.039872117042541566,-0.047744183342911084
2018-02-06,1.7337195198829345,1.7337195198829345,1.9877868490433201,0.01839610099792477,0.01839610099792477,0.021302930382641083
2018-02-07,1.7255006233100694,1.7255006233100694,1.9769124378339036,-0.004740614891052375,-0.004740614891052375,-0.0054706123117024275
2018-02-08,1.658594499181966,1.658594499181966,1.901265072112618,-0.03877490580081955,-0.03877490580081955,-0.03826541038113562
2018-02-09,1.6812634621174913,1.6812634621174913,1.9265539539240968,0.013667573928832999,0.013667573928832999,0.013301081570587403
2018-02-12,1.7056374379660921,1.7056374379660921,1.9533611776875142,0.014497416019439768,0.014497416019439768,0.013914597984040489
2018-02-13,1.712740085626232,1.712740085626232,1.9611631890294838,0.004164218902587891,0.004164218902587891,0.003994146822968059
2018-02-14,1.7423425307951448,1.7423425307951448,1.9929998735042749,0.017283676266670156,0.017283676266670156,0.0162335723273217
2018-02-15,1.7671834677381308,1.7671834677381308,2.0194155372735003,0.014257206320762661,0.014257206320762661,0.013254222501669854
2018-02-16,1.7651617219094866,1.7651617219094866,2.0172633571366543,-0.0011440497636795444,-0.0011440497636795444,-0.0010657440715504674
2018-02-20,1.7593859003066066,1.7593859003066066,2.0110731786596716,-0.003272120356559771,-0.003272120356559771,-0.003068602051925051
2018-02-21,1.7467988627620588,1.7467988627620588,1.9976505724022633,-0.007154222130775434,-0.007154222130775434,-0.006674349993745166
2018-02-22,1.7475964535356525,1.7475964535356525,1.9985018479945686,0.0004566013813018799,0.0004566013813018799,0.00042613838679583793
2018-02-23,1.7792869223251,1.7792869223251,2.0316692990403507,0.018133745193481543,0.018133745193481543,0.016596157306066228
2018-02-26,1.8016140789081911,1.8016140789081911,2.0547945229396958,0.012548373341560337,0.012548373341560337,0.011382376014771767
2018-02-27,1.7819283174991225,1.7819283174991225,2.0346511457096863,-0.010926735997200065,-0.010926735997200065,-0.009803110240527269
2018-02-28,1.7667505505236494,1.7667505505236494,2.0191691298287218,-0.008517608046531677,-0.008517608046531677,-0.007609174631046822
2018-03-01,1.7476722522627572,1.7476722522627572,1.9997634784002651,-0.010798524022102352,-0.010798524022102352,-0.009610711228584812
2018-03-02,1.7611846807572975,1.7611846807572975,2.013491692650969,0.007731671929359418,0.007731671929359418,0.0068649189761611495
2018-03-05,1.7815839031463172,1.7815839031463172,2.03406921775649,0.011582670807838369,0.011582670807838369,0.010219821209407787
2018-03-06,1.7908380010790603,1.7908380010790603,2.043383478796726,0.005194309353828475,0.005194309353828475,0.004579126884634466
2018-03-07,1.7889667014006574,1.7889667014006574,2.0415011071637656,-0.0010449296236038075,-0.0010449296236038075,-0.0009212033142546039
2018-03-08,1.7957903064414098,1.7957903064414098,2.0483774072493866,0.003814271688461268,0.003814271688461268,0.0033682568485962072
2018-03-09,1.825136917477054,1.825136917477054,2.07751351208851,0.016341891884803728,0.016341891884803728,0.014223992481076975
2018-03-12,1.8274392800516446,1.8274392800516446,2.0797964269687887,0.001261473894119236,0.001261473894119236,0.001098868848262713
2018-03-13,1.8120097674006563,1.8120097674006563,2.064576913192869,-0.008443242311477639,-0.008443242311477639,-0.00731779013492273
2018-03-14,1.807121781426889,1.807121781426889,2.059752952009008,-0.0026975494623184826,-0.0026975494623184826,-0.0023365374053324617
2018-03-15,1.8023362771454958,1.8023362771454958,2.0550324440534293,-0.002648136019706704,-0.002648136019706704,-0.002291783561215177
2018-03-16,1.8055976226490151,1.8055976226490151,2.058250711089818,0.001809509992599434,0.001809509992599434,0.0015660419599219377
2018-03-19,1.7786956589579952,1.7786956589579952,2.0321308257331854,-0.014899201989173938,-0.014899201989173938,-0.012690332239847613
2018-03-20,1.7832154491084198,1.7832154491084198,2.0365465953483044,0.0025410699844359286,0.0025410699844359286,0.002172975065975802
2018-03-21,1.7873835916716283,1.7873835916716283,2.040642408334537,0.0023374307155608065,0.0023374307155608065,0.0020111560401259165
2018-03-22,1.7446196213399103,1.7446196213399103,2.0001825607103054,-0.023925457596778887,-0.023925457596778887,-0.019827014992427117
2018-03-23,1.7035055412232516,1.7035055412232516,1.9624108060750798,-0.023566214442253153,-0.023566214442253153,-0.018884153565368655
2018-03-26,1.746535153384026,1.746535153384026,2.000800766472979,0.025259449481964014,0.025259449481964014,0.019562652365679334
2018-03-27,1.7107132645627836,1.7107132645627836,1.969726110892633,-0.020510259270668074,-0.020510259270668074,-0.015531109394327558
2018-03-28,1.6979039069129513,1.6979039069129513,1.958589261597601,-0.00748772919178009,-0.00748772919178009,-0.005654009069304022
2018-03-29,1.7258835801351198,1.7258835801351198,1.9826394204665976,0.016478949785232455,0.016478949785232455,0.012279327442742627
2018-04-02,1.6819436354573687,1.6819436354573687,1.946180508495966,-0.025459390878677324,-0.025459390878677324,-0.01838907851537186
2018-04-03,1.70541484918475,1.70541484918475,1.9656636300815644,0.013954815864563042,0.013954815864563042,0.010010952992564492
2018-04-04,1.7272331896451516,1.7272331896451516,1.9837619873958368,0.012793567776679948,0.012793567776679948,0.009207250435580017
2018-04-05,1.740054257909202,1.740054257909202,1.9943631712330354,0.007422893643379114,0.007422893643379114,0.005343979723653858
2018-04-06,1.7012365088129504,1.7012365088129504,1.9629985266113177,-0.022308355569839455,-0.022308355569839455,-0.015726646517608023
2018-04-09,1.7051605123535416,1.7051605123535416,1.966197274324184,0.002306559681892306,0.002306559681892306,0.0016295211990751124
2018-04-10,1.7396818194855823,1.7396818194855823,1.993830566573301,0.020245195031166174,0.020245195031166174,0.014054180935946459
2018-04-11,1.7311349008472494,1.7311349008472494,1.9870370836792157,-0.004912920594215442,-0.004912920594215442,-0.0034072518537825447
2018-04-12,1.7461810832746916,1.7461810832746916,1.9989767508959309,0.008691513538360507,0.008691513538360507,0.006008779259724539
2018-04-13,1.7369391550773543,1.7369391550773543,1.9916407239763532,-0.005292651653289848,-0.005292651653289848,-0.003669891066161557
2018-04-16,1.7483401756524826,1.7483401756524826,2.0007006737911714,0.006563857197761536,0.006563857197761536,0.004548988030697476
2018-04-17,1.7681829850902795,1.7681829850902795,2.016364102207402,0.01134951293468478,0.01134951293468478,0.007828971430568599
2018-04-18,1.7722340607405838,1.7722340607405838,2.0195607470640717,0.0022910952568053755,0.0022910952568053755,0.0015853510053915887
2018-04-19,1.761703308361226,1.761703308361226,2.0112687531276174,-0.005942077636718723,-0.005942077636718723,-0.004105840316271148
2018-04-20,1.7516759119064693,1.7516759119064693,2.0033547523701145,-0.005691875815391545,-0.005691875815391545,-0.00393483006445372
2018-04-23,1.7498371342299164,1.7498371342299164,2.0018964902920375,-0.0010497248172760543,-0.0010497248172760543,-0.0007279100600389166
2018-04-24,1.7291263996875335,1.7291263996875335,1.9855382760612812,-0.011835806965827977,-0.011835806965827977,-0.0081713586641885
2018-04-25,1.729503793130092,1.729503793130092,1.9858374587015735,0.00021825671195974117,0.00021825671195974117,0.00015068087273828468
2018-04-26,1.756783473150169,1.756783473150169,2.007220728594428,0.015773125290870604,0.015773125290870604,0.010767885256246501
2018-04-27,1.7587186064366676,1.7587186064366676,2.0087398033295676,0.0011015206575393233,0.0011015206575393233,0.0007568050257249492
2018-04-30,1.7447923781617598,1.7447923781617598,1.9978270242681202,-0.007918394804000917,-0.007918394804000917,-0.005432649387122734
2018-05-01,1.7501487874804909,1.7501487874804909,2.0020553662096963,0.0030699408054351007,0.0030699408054351007,0.0021164704902942866
2018-05-02,1.7383082168683786,1.7383082168683786,1.9927316956887116,-0.006765465140342708,-0.006765465140342708,-0.004657049289618964
2018-05-03,1.7319345245824025,1.7319345245824025,1.9877040640406025,-0.003666606545448259,-0.003666606545448259,-0.002522984734465994
2018-05-04,1.7558123438413291,1.7558123438413291,2.006762195379565,0.013786790966987539,0.013786790966987539,0.009588012463093376
2018-05-07,1.7636106792028896,1.7636106792028896,2.013435334299377,0.004441440105438232,0.004441440105438232,0.003325326207149093
2018-05-08,1.766511211146477,1.766511211146477,2.0159549334800464,0.0016446554660796142,0.0016446554660796142,0.001251393147695179
2018-05-09,1.7869721363540017,1.7869721363540017,2.033635284142113,0.011582674980163521,0.011582674980163521,0.008770211262384642
2018-05-10,1.8040056854571278,1.8040056854571278,2.049593222477107,0.00953207314014426,0.00953207314014426,0.007847001111473295
2018-05-11,1.8045862361954867,1.8045862361954867,2.050141251245999,0.00032181203365322375,0.00032181203365322375,0.00026738416329741277
2018-05-14,1.8104512541878064,1.8104512541878064,2.055737796848612,0.0032500624656677246,0.0032500624656677246,0.002729834151286692
2018-05-15,1.801047951654186,1.801047951654186,2.0467848197045297,-0.0051938998699188055,-0.0051938998699188055,-0.00435511627884011
2018-05-16,1.811335989738032,1.811335989738032,2.056744172515549,0.005712251067161667,0.005712251067161667,0.004865852392073711
2018-05-17,1.8117016930858316,1.8117016930858316,2.0571022464568465,0.00020189702510831076,0.00020189702510831076,0.00017409746242735835
2018-05-18,1.8022373673701078,1.8022373673701078,2.047853599276328,-0.00522399783134464,-0.00522399783134464,-0.0044959589132957944
2018-05-21,1.8146564437601116,1.8146564437601116,2.0599768502402616,0.006890921592712429,0.006890921592712429,0.0059199793228468245
2018-05-22,1.8123841601514639,1.8123841601514639,2.0577525455041603,-0.0012521839141845792,-0.0012521839141845792,-0.0010797717148335328
2018-05-23,1.8148119761153954,1.8148119761153954,2.0601294406531196,0.0013395702838898682,0.0013395702838898682,0.0011550927997403537
2018-05-24,1.8133657950094766,1.8133657950094766,2.058684033670593,-0.0007968765497207153,-0.0007968765497207153,-0.0007016097891734407
2018-05-25,1.8102696205932278,1.8102696205932278,2.055557270623747,-0.0017074185609818882,-0.0017074185609818882,-0.0015188163874138016
2018-05-29,1.7929049744446959,1.7929049744446959,2.0379834060627706,-0.009592298269271882,-0.009592298269271882,-0.008549440490968951
2018-05-30,1.816902898935228,1.816902898935228,2.062139195166233,0.013384939432144138,0.013384939432144138,0.011852789886120707
2018-05-31,1.8043642925765966,1.8043642925765966,2.04947245255558,-0.00690108776092524,-0.00690108776092524,-0.0061425255095993725
2018-06-01,1.8253874094719393,1.8253874094719393,2.0706206930709405,0.01165125966072078,0.01165125966072078,0.010318870345873643
2018-06-04,1.8365598682246895,1.8365598682246895,2.0819162139913816,0.006120595932006756,0.006120595932006756,0.0054551376590796785
2018-06-05,1.8403100167369117,1.8403100167369117,2.085710408982411,0.0020419418811798984,0.0020419418811798984,0.0018224532599009358
2018-06-06,1.856856435063325,1.856856435063325,2.1023670985795575,0.008991103768348774,0.008991103768348774,0.007986098897244887
2018-06-07,1.8537752540701047,1.8537752540701047,2.099267347651309,-0.00165935337543488,-0.00165935337543488,-0.001474409930759979
2018-06-08,1.861140473406624,1.861140473406624,2.1068062960834992,0.003973091840744125,0.003973091840744125,0.003591228359086873
2018-06-11,1.8653013107015026,1.8653013107015026,2.1110628297307734,0.0022356384992598954,0.0022356384992598954,0.0020203725682741425
2018-06-12,1.868889161629091,1.868889161629091,2.1147531452392982,0.0019234699010848288,0.0019234699010848288,0.0017480841671564384
2018-06-13,1.863471854502738,1.863471854502738,2.1091826515828185,-0.0028986775875091686,-0.0028986775875091686,-0.0026341105906474427
2018-06-14,1.8696534587583986,1.8696534587583986,2.1155421587789855,0.0033172512054442382,0.0033172512054442382,0.00301515242949435
2018-06-15,1.8678871755115511,1.8678871755115511,2.1137257239072302,-0.0009447115659714234,-0.0009447115659714234,-0.0008586143576565508
2018-06-18,1.865104317748639,1.865104317748639,2.1108121224239023,-0.0014898425340652555,-0.0014898425340652555,-0.0013784198443410611
2018-06-19,1.859150327074186,1.859150327074186,2.104583603963926,-0.003192309737205523,-0.003192309737205523,-0.0029507687556882267
2018-06-20,1.8650182405958633,1.8650182405958633,2.110722017471482,0.003156234025955218,0.003156234025955218,0.002916687888280922
2018-06-21,1.8547354181070823,1.8547354181070823,2.099465946441572,-0.005513523817062382,-0.005513523817062382,-0.005332805995644119
2018-06-22,1.8569784372808817,1.8569784372808817,2.102057640559751,0.0012093472480774192,0.0012093472480774192,0.0012344539917741315
2018-06-25,1.8266243377791815,1.8266243377791815,2.0660349818212826,-0.016345962285995497,-0.016345962285995497,-0.017136855832781017
2018-06-26,1.8303626243747388,1.8303626243747388,2.0706808160070396,0.0020465546846388794,0.0020465546846388794,0.0022486715988039307
2018-06-27,1.8127617241760636,1.8127617241760636,2.0488982818836496,-0.009616072773933393,-0.009616072773933393,-0.010519503515464046
2018-06-28,1.823513132050623,1.823513132050623,2.0625074066409153,0.005930954813957223,0.005930954813957223,0.006642167099068619
2018-06-29,1.8216977789179372,1.8216977789179372,2.060003891001717,-0.0009955251216888783,-0.0009955251216888783,-0.0012138214055074092
2018-07-02,1.8272232503835977,1.8272232503835977,2.067787676246799,0.0030331438779831466,0.0030331438779831466,0.0037785293897174554
2018-07-03,1.8175077897294387,1.8175077897294387,2.053898536496884,-0.005317062735557543,-0.005317062735557543,-0.006716908079810624
2018-07-05,1.834280321520354,1.834280321520354,2.0777515146073067,0.00922831356525422,0.00922831356525422,0.011613513368146311
2018-07-06,1.8538490504290683,1.8538490504290683,2.107641428761045,0.010668341517448443,0.010668341517448443,0.014385702016628032
2018-07-09,1.8713342727578057,1.8713342727578057,2.134178146278962,0.00943184792995444,0.00943184792995444,0.012590717356280257
2018-07-10,1.8789221527835513,1.8789221527835513,2.146426894731106,0.004054796695709184,0.004054796695709184,0.005739328028215418
2018-07-11,1.8663502513141854,1.8663502513141854,2.126188576285806,-0.006691017746925376,-0.006691017746925376,-0.00942884125006982
2018-07-12,1.8799972876444746,1.8799972876444746,2.148169963220019,0.007312151789665267,0.007312151789665267,0.010338399509516538
2018-07-13,1.8768831145289404,1.8768831145289404,2.143108043730853,-0.0016564774513244673,-0.0016564774513244673,-0.002356386866883886
2018-07-16,1.8755866196998283,1.8755866196998283,2.1409925027547887,-0.0006907701492309126,-0.0006907701492309126,-0.0009871368745280051
2018-07-17,1.8869989383076744,1.8869989383076744,2.159886166847934,0.006084666252136328,0.006084666252136328,0.00882472221123387
2018-07-18,1.8905284390677193,1.8905284390677193,2.165746295491455,0.0018704307079315807,0.0018704307079315807,0.0027131655054177806
2018-07-19,1.8816784166048888,1.8816784166048888,2.1509956205675316,-0.0046812427043915195,-0.0046812427043915195,-0.006810896989472126
2018-07-20,1.8782769136378044,1.8782769136378044,2.145297813662006,-0.0018076962232589366,-0.0018076962232589366,-0.0026489160884587415
2018-07-23,1.8797529737620464,1.8797529737620464,2.1477704672530353,0.0007858586311340066,0.0007858586311340066,0.0011525922299844282
2018-07-24,1.8804223564158142,1.8804223564158142,2.1489306845059684,0.0003561013936996815,0.0003561013936996815,0.0005401961106286102
2018-07-25,1.8940960172563586,1.8940960172563586,2.1724768490517357,0.007271590232849068,0.007271590232849068,0.010957154046679074
2018-07-26,1.9003920470616344,1.9003920470616344,2.1838354802941153,0.003324028849601701,0.003324028849601701,0.005228424527210729
2018-07-27,1.8897923127670104,1.8897923127670104,2.1648676028477474,-0.005577656626701399,-0.005577656626701399,-0.008685579851378411
2018-07-30,1.879119487355297,1.879119487355297,2.1456784892219307,-0.005647618174552949,-0.005647618174552949,-0.008863873984983894
2018-07-31,1.8807368869607823,1.8807368869607823,2.148579281718338,0.0008607220649718972,0.0008607220649718972,0.0013519231846608193
2018-08-01,1.8754792160703384,1.8754792160703384,2.1390453925971133,-0.0027955377101898105,-0.0027955377101898105,-0.0044372991968905096
2018-08-02,1.896211605567651,1.896211605567651,2.176009031404055,0.011054449081420836,0.011054449081420836,0.017280436841063285
2018-08-03,1.9005683400549183,1.9005683400549183,2.184098645038505,0.0022975993156433283,0.0022975993156433283,0.0037176378947425537
2018-08-06,1.912730209949259,1.912730209949259,2.2066282705924425,0.00639907002449025,0.00639907002449025,0.010315296703798937
2018-08-07,1.919585606928768,1.919585606928768,2.2193624381402506,0.003584089875221297,0.003584089875221297,0.005770871205411199
2018-08-08,1.9208218535716828,1.9208218535716828,2.2217224051012905,0.0006440174579620539,0.0006440174579620539,0.001063353565187608
2018-08-09,1.915457084493018,1.915457084493018,2.2113329141730733,-0.0027929550409316883,-0.0027929550409316883,-0.004676322705465807
2018-08-10,1.902808776458351,1.902808776458351,2.187219311152447,-0.006603284478187588,-0.006603284478187588,-0.010904555739244426
2018-08-13,1.8890454286460903,1.8890454286460903,2.1614532829404225,-0.007233174443245005,-0.007233174443245005,-0.011780267337914374
2018-08-14,1.9001001351016626,1.9001001351016626,2.1821022187818753,0.005852006673812804,0.005852006673812804,0.009553264928012783
2018-08-15,1.8829259301736154,1.8829259301736154,2.150434314520961,-0.009038578867912261,-0.009038578867912261,-0.014512566821270334
2018-08-16,1.8984310997734986,1.8984310997734986,2.1785050985083494,0.008234614729881296,0.008234614729881296,0.01305354169520001
2018-08-17,1.900551234264281,1.900551234264281,2.1823934424726357,0.0011167824268341064,0.0011167824268341064,0.0017848679660876776
2018-08-20,1.9068714514856386,1.9068714514856386,2.1940736454177157,0.003325465321540877,0.003325465321540877,0.005352015231427032
2018-08-21,1.918107040787379,1.918107040787379,2.214780590591279,0.005892158746719334,0.005892158746719334,0.009437670981012669
2018-08-22,1.9212700862802767,1.9212700862802767,2.220630087426295,0.001649045348167455,0.001649045348167455,0.0026411179779457505
2018-08-23,1.9173560673522472,1.9173560673522472,2.213394157372029,-0.0020372039079665782,-0.0020372039079665782,-0.0032585031137052356
2018-08-24,1.9324315776198617,1.9324315776198617,2.2409796122816363,0.007862655520439077,0.007862655520439077,0.012462965449569818
2018-08-27,1.9469392709319955,1.9469392709319955,2.2681140346058486,0.007507480978965697,0.007507480978965697,0.01210828611536785
2018-08-28,1.9501593721006978,1.9501593721006978,2.2743817613351522,0.0016539299488067538,0.0016539299488067538,0.002763408996934613
2018-08-29,1.9598529319335316,1.9598529319335316,2.293520218469926,0.0049706500768662565,0.0049706500768662565,0.008414795378740125
2018-08-30,1.9510186893769208,1.9510186893769208,2.2756665211218605,-0.004507604837417634,-0.004507604837417634,-0.007784408092105788
2018-08-31,1.9500017504040799,1.9500017504040799,2.2736051230857717,-0.0005212348699569214,-0.0005212348699569214,-0.0009058436361196742
2018-09-04,1.9473198287497615,1.9473198287497615,2.2681768287568924,-0.001375343203544599,-0.001375343203544599,-0.0023875273123558083
2018-09-05,1.9365860155150993,1.9365860155150993,2.2463126107194404,-0.005512095689773622,-0.005512095689773622,-0.009639556211071487
2018-09-06,1.9228939953757491,1.9228939953757491,2.2189384839837443,-0.00707018435001372,-0.00707018435001372,-0.012186249859020726
2018-09-07,1.9197337562859433,1.9197337562859433,2.2126413853056217,-0.001643480658531149,-0.001643480658531149,-0.002837887901613767
2018-09-10,1.9268315214545113,1.9268315214545113,2.2267407725971284,0.0036972653865814387,0.0036972653865814387,0.006372197223256437
2018-09-11,1.9270202949932906,1.9270202949932906,2.227116941515315,9.79709625243963e-05,9.79709625243963e-05,0.00016893251464922265
2018-09-12,1.9338286788999275,1.9338286788999275,2.240695827607291,0.0035331147909163363,0.0035331147909163363,0.006097069192395832
2018-09-13,1.9389473838554385,1.9389473838554385,2.250939510427827,0.0026469278335570223,0.0026469278335570223,0.00457165256181824
2018-09-14,1.941373737758496,1.941373737758496,2.255807103681587,0.0012513768672943737,0.0012513768672943737,0.0021624718173058888
2018-09-17,1.9303632794822578,1.9303632794822578,2.2339006511424233,-0.005671477913856471,-0.005671477913856471,-0.009711137314627472
2018-09-18,1.9424505186258592,1.9424505186258592,2.2577464412335133,0.006261639595031676,0.006261639595031676,0.010674507874329775
2018-09-19,1.9438121696760655,1.9438121696760655,2.2604487391515953,0.0007009965181350442,0.0007009965181350442,0.0011969005326415427
2018-09-20,1.9609519730718792,1.9609519730718792,2.294264014920763,0.00881762325763713,0.00881762325763713,0.014959541078493732
2018-09-21,1.9579604535271542,1.9579604535271542,2.2883346779552167,-0.0015255445241928456,-0.0015255445241928456,-0.002584417890436619
2018-09-24,1.9486885115360078,1.9486885115360078,2.2685832796715646,-0.004735510349273664,-0.004735510349273664,-0.008631341592612363
2018-09-25,1.9430591461550382,1.9430591461550382,2.2566875881687563,-0.0028887969255447787,-0.0028887969255447787,-0.005243665334838665
2018-09-26,1.9333685874249087,1.9333685874249087,2.235782436518872,-0.004987269043922438,-0.004987269043922438,-0.009263644537899074
2018-09-27,1.9361657094886946,1.9361657094886946,2.2418355785930304,0.0014467608928681042,0.0014467608928681042,0.002707393159230298
2018-09-28,1.9336794736847007,1.9336794736847007,2.2364504738790796,-0.0012841027975082353,-0.0012841027975082353,-0.0024020961953554743
2018-10-01,1.9409923462250511,1.9409923462250511,2.2522542225167643,0.003781843185424849,0.003781843185424849,0.007066442482078994
2018-10-02,1.9399002990102985,1.9399002990102985,2.2498584032788256,-0.000562623143196106,-0.000562623143196106,-0.0010637428110853442
2018-10-03,1.9434345027891262,1.9434345027891262,2.257779098080312,0.0018218481540679399,0.0018218481540679399,0.003520530354240714
2018-10-04,1.9247446213238328,1.9247446213238328,2.215957913449375,-0.009616934061050464,-0.009616934061050464,-0.01852315165221241
2018-10-05,1.9099304036475102,1.9099304036475102,2.1829593569221144,-0.007696718573570238,-0.007696718573570238,-0.014891328182264574
2018-10-08,1.9043781320175086,1.9043781320175086,2.170664678435394,-0.0029070544242858487,-0.0029070544242858487,-0.005632115159512341
2018-10-09,1.9012417988487342,1.9012417988487342,2.1636329654640534,-0.001646906733512865,-0.001646906733512865,-0.0032394284760781655
2018-10-10,1.840739262694575,1.840739262694575,2.0585019680073158,-0.03182264149188985,-0.03182264149188985,-0.04859003312245669
2018-10-11,1.8092008501489507,1.8092008501489507,2.0074996688171054,-0.017133557796478294,-0.017133557796478294,-0.024776415074104552
2018-10-12,1.8347565210762569,1.8347565210762569,2.046978036192927,0.014125391840934753,0.014125391840934753,0.019665441538570194
2018-10-15,1.8305159543362135,1.8305159543362135,2.0403475582142843,-0.002311242222786003,-0.002311242222786003,-0.003239154432245206
2018-10-16,1.8688418911474887,1.8688418911474887,2.096032809136704,0.020937231779098564,0.020937231779098564,0.027292041837791325
2018-10-17,1.8673917399739277,1.8673917399739277,2.0939061729402306,-0.0007759624719619884,-0.0007759624719619884,-0.0010146006241902317
2018-10-18,1.8380733937180147,1.8380733937180147,2.0523936869617327,-0.015700158476829484,-0.015700158476829484,-0.019825380198486453
2018-10-19,1.831189660289519,1.831189660289519,2.042701744493643,-0.003745080828666758,-0.003745080828666758,-0.0047222628532040956
2018-10-22,1.8285539118950718,1.8285539118950718,2.0389946501221434,-0.0014393639564513894,-0.0014393639564513894,-0.0018147996306814296
2018-10-23,1.8214082044163271,1.8214082044163271,2.028878101563848,-0.003907846212387045,-0.003907846212387045,-0.0049615375683743634
2018-10-24,1.7550484279031147,1.7550484279031147,1.9482995703191608,-0.036433225870132424,-0.036433225870132424,-0.03971580706725453
2018-10-25,1.7888157316499669,1.7888157316499669,1.987576225843531,0.019240097999572825,0.019240097999572825,0.02015945397859742
2018-10-26,1.7621361545304326,1.7621361545304326,1.9570294842636424,-0.014914659261703656,-0.014914659261703656,-0.015368840290351349
2018-10-29,1.7532819339999626,1.7532819339999626,1.9469084208192986,-0.005024708509445142,-0.005024708509445142,-0.0051716458672322885
2018-10-30,1.7864663401204324,1.7864663401204324,1.9835164521604387,0.018927022218704126,0.018927022218704126,0.018803160410459707
2018-10-31,1.813478834999345,1.813478834999345,2.0130234899787505,0.015120629072189251,0.015120629072189251,0.014876124564620063
2018-11-01,1.8483099719322653,1.8483099719322653,2.049871924140644,0.01920680642127981,0.01920680642127981,0.018305019462183436
2018-11-02,1.8408750119168862,1.8408750119168862,2.041991218097985,-0.004022572040557892,-0.004022572040557892,-0.003844487038361155
2018-11-05,1.8451513346401818,1.8451513346401818,2.0465280017732623,0.0023229837417602095,0.0023229837417602095,0.0022217449492771824
2018-11-06,1.8592443788364263,1.8592443788364263,2.0613992351462116,0.007637879848480189,0.007637879848480189,0.007266567259311296
2018-11-07,1.8927070100106957,1.8927070100106957,2.0957985825395458,0.017997973561286962,0.017997973561286962,0.016687377586464658
2018-11-08,1.8843111004955222,1.8843111004955222,2.0871633010693795,-0.004435926675796509,-0.004435926675796509,-0.004120282140711584
2018-11-09,1.8616973761924123,1.8616973761924123,2.0640570452444336,-0.012001056671142596,-0.012001056671142596,-0.011070650683205896
2018-11-12,1.8200253455178386,1.8200253455178386,2.0228004901252663,-0.022383890748023938,-0.022383890748023938,-0.019988088611321064
2018-11-13,1.8225890216708056,1.8225890216708056,2.025357241927584,0.0014085936546326394,0.0014085936546326394,0.0012639663747358032
2018-11-14,1.8082024993654429,1.8082024993654429,2.0109864237862607,-0.007893453836441022,-0.007893453836441022,-0.0070954485677036105
2018-11-15,1.8276733346857121,1.8276733346857121,2.0302763953430905,0.01076806128025054,0.01076806128025054,0.009592293278892772
2018-11-16,1.8315419999079614,1.8315419999079614,2.0341068188371807,0.002116715908050626,0.002116715908050626,0.0018866512475228525
2018-11-19,1.7957699877935986,1.7957699877935986,1.999439741812316,-0.01953109025955202,-0.01953109025955202,-0.017042898978472776
2018-11-20,1.7656266474444338,1.7656266474444338,1.970612628940983,-0.016785746812820412,-0.016785746812820412,-0.014417595223551793
2018-11-21,1.7761592246333826,1.7761592246333826,1.9806760258710363,0.0059653478860854925,0.0059653478860854925,0.005106735226527714
2018-11-23,1.766116689023886,1.766116689023886,1.9710488729769182,-0.005654073953628491,-0.005654073953628491,-0.004860538911144907
2018-11-26,1.797327624090118,1.797327624090118,2.000452833120455,0.017672068476676905,0.017672068476676905,0.014917925449066782
2018-11-27,1.8004594354563572,1.8004594354563572,2.0033952456897084,0.0017424821853637695,0.0017424821853637695,0.0014708732545638536
2018-11-28,1.8427108033055326,1.8427108033055326,2.0417322184924642,0.023466992378234908,0.023466992378234908,0.019136000689448318
2018-11-29,1.8348463429183717,1.8348463429183717,2.034625860204761,-0.004267875552177447,-0.004267875552177447,-0.0034805535335825644
2018-11-30,1.8472207178441806,1.8472207178441806,2.045778359659722,0.006744093298912013,0.006744093298912013,0.00548135147256934
2018-12-03,1.8754299220947728,1.8754299220947728,2.07080084288166,0.0152711606025695,0.0152711606025695,0.012231277696231224
2018-12-04,1.806875590155456,1.806875590155456,2.014103260021129,-0.03655392885208131,-0.03655392885208131,-0.02737954403265197
2018-12-06,1.8075831004101046,1.8075831004101046,2.0146950240670045,0.0003915655612944935,0.0003915655612944935,0.00029381018223917366
2018-12-07,1.759869936875601,1.759869936875601,1.9760107308460801,-0.02639611065387726,-0.02639611065387726,-0.019201066542981593
2018-12-10,1.7626184927272917,1.7626184927272917,1.9782574188865027,0.001561794877052325,0.001561794877052325,0.0011369817002262472
2018-12-11,1.7625843124258385,1.7625843124258385,1.9782294911060536,-1.9391775131327726e-05,-1.9391775131327726e-05,-1.4117364192545168e-05
2018-12-12,1.7790005867386838,1.7790005867386838,1.9915868892358728,0.00931375265121459,0.00931375265121459,0.006752198463258585
2018-12-13,1.773773977451977,1.773773977451977,1.987342438043972,-0.0029379469156265436,-0.0029379469156265436,-0.0021311905671006492
2018-12-14,1.7393113111787704,1.7393113111787704,1.9597360184268844,-0.01942900657653812,-0.01942900657653812,-0.013891123687903018
2018-12-17,1.701789248903232,1.701789248903232,1.9300134103897018,-0.02157294213771821,-0.02157294213771821,-0.015166638648118291
2018-12-18,1.703116160828784,1.703116160828784,1.9310741879039335,0.0007797157764435347,0.0007797157764435347,0.0005496218360563354
2018-12-19,1.6735572189333416,1.6735572189333416,1.9076790613653836,-0.01735579907894136,-0.01735579907894136,-0.012115084280601374
2018-12-20,1.6468656716052774,1.6468656716052774,1.886490132238516,-0.015948989987373374,-0.015948989987373374,-0.011107177069764607
2018-12-21,1.6138645860180734,1.6138645860180734,1.8604918147760685,-0.02003872334957124,-0.02003872334957124,-0.013781316434238522
2018-12-24,1.5723255132689262,1.5723255132689262,1.8282404114638908,-0.02573888361454013,-0.02573888361454013,-0.01733488051709564
2018-12-26,1.6557747331308197,1.6557747331308197,1.8866382987367694,0.05307375550270077,0.05307375550270077,0.0319421269252651
2018-12-27,1.6695092891347403,1.6695092891347403,1.8960251390950449,0.00829494237899775,0.00829494237899775,0.004975431890978044
2018-12-28,1.6701566885789403,1.6701566885789403,1.8964662390584015,0.00038777828216551846,0.00038777828216551846,0.00023264457535998595
2018-12-31,1.6827173067350565,1.6827173067350565,1.9049976978212535,0.007520622611045802,0.007520622611045802,0.004498608299553952
2019-01-02,1.694187580061471,1.694187580061471,1.9127541970125501,0.006816518306732133,0.006816518306732133,0.004071658039360271
2019-01-03,1.6538652947008823,1.6538652947008823,1.885952397315366,-0.02380036652088169,-0.02380036652088169,-0.014012150510005261
2019-01-04,1.7156290576212165,1.7156290576212165,1.9255781032555241,0.037345098853111214,0.037345098853111214,0.02101097885427272
2019-01-07,1.736482787483953,1.736482787483953,1.9386994774327138,0.012155150771141043,0.012155150771141043,0.006814251862859111
2019-01-08,1.747179237800208,1.747179237800208,1.9453911047787602,0.006159836649894723,0.006159836649894723,0.003451606308218391
2019-01-09,1.761532465258652,1.761532465258652,1.954324964784054,0.008215085864067051,0.008215085864067051,0.004592320784930104
2019-01-10,1.7686878887330166,1.7686878887330166,1.9587595294790576,0.00406204462051396,0.00406204462051396,0.0022691030278547686
2019-01-11,1.7751855829581542,1.7751855829581542,1.9628893289112743,0.0036737370491026766,0.0036737370491026766,0.0021083749026176157
2019-01-14,1.7577561968602553,1.7577561968602553,1.9517662904048187,-0.009818345904350267,-0.009818345904350267,-0.005666666144965471
2019-01-15,1.7710058451769,1.7710058451769,1.9602947388805965,0.0075378191471100475,0.0075378191471100475,0.0043696053762711795
2019-01-16,1.773165711903189,1.773165711903189,1.961680658819565,0.0012195706367492676,0.0012195706367492676,0.0007069956938006161
2019-01-17,1.785431219854085,1.785431219854085,1.969643737114554,0.006917293667793256,0.006917293667793256,0.004059314271763759
2019-01-18,1.8139606248410745,1.8139606248410745,1.9879622764398097,0.015978999733924804,0.015978999733924804,0.009300432854974838
2019-01-22,1.788733075735919,1.788733075735919,1.9718450849931153,-0.013907440304756213,-0.013907440304756213,-0.008107393001218433
2019-01-23,1.79265580845174,1.79265580845174,1.9743664249617334,0.0021930229663849055,0.0021930229663849055,0.0012786704127047965
2019-01-24,1.8198159840396013,1.8198159840396013,1.9916877739008974,0.01515080332756047,0.01515080332756047,0.008773117654439222
2019-01-25,1.8417229596382423,1.8417229596382423,2.0055201890551446,0.012038016915321359,0.012038016915321359,0.006945072081832926
2019-01-28,1.8240713947962388,1.8240713947962388,1.9939914136277312,-0.009584267139434832,-0.009584267139434832,-0.005748521251658367
2019-01-29,1.8193209116957416,1.8193209116957416,1.9908424079487632,-0.002604329586029075,-0.002604329586029075,-0.0015792473615715563
2019-01-30,1.8512086996661323,1.8512086996661323,2.0119724170299285,0.017527302503585807,0.017527302503585807,0.01061360205951023
2019-01-31,1.8646124146051741,1.8646124146051741,2.020793109366599,0.007240520715713572,0.007240520715713572,0.004384102019495684
2019-02-01,1.8729710864802596,1.8729710864802596,2.0263343812320116,0.004482793211936897,0.004482793211936897,0.0027421272567329513
2019-02-04,1.8849389229122147,1.8849389229122147,2.0343007441624277,0.006389760375022924,0.006389760375022924,0.003931415764446777
2019-02-05,1.8950474043883783,1.8950474043883783,2.041087145943663,0.005362763404846094,0.005362763404846094,0.0033359874643459353
2019-02-06,1.8964608993040826,1.8964608993040826,2.0420348732262235,0.0007458889484406317,0.0007458889484406317,0.0004643247518578697
2019-02-07,1.8797565177280615,1.8797565177280615,2.030869973081689,-0.008808186650276273,-0.008808186650276273,-0.005467536471056911
2019-02-08,1.8823074994634037,1.8823074994634037,2.0325838016906768,0.0013570809364318315,0.0013570809364318315,0.0008438888908219866
2019-02-11,1.8871102332317347,1.8871102332317347,2.0358438794721825,0.0025515139102936235,0.0025515139102936235,0.0016039081777559083
2019-02-12,1.9148233651898499,1.9148233651898499,2.0545149932927025,0.01468548655509938,0.01468548655509938,0.009171191371197152
2019-02-13,1.9209531760573688,1.9209531760573688,2.0586437095646684,0.003201240897178659,0.003201240897178659,0.002009581962382656
2019-02-14,1.9187914130839867,1.9187914130839867,2.057161458114922,-0.0011253595352173074,-0.0011253595352173074,-0.0007200135909189997
2019-02-15,1.9414232772864715,1.9414232772864715,2.0726207326469885,0.011794853806495587,0.011794853806495587,0.0075148571693701705
2019-02-19,1.951146074598053,1.951146074598053,2.0792504705197223,0.005008077025413504,0.005008077025413504,0.0031987221628662077
2019-02-20,1.9560941287354683,1.9560941287354683,2.0826292639278283,0.0025359731912613093,0.0025359731912613093,0.0016250054796242974
2019-02-21,1.9464743700780938,1.9464743700780938,2.0760748669531774,-0.004917840361595149,-0.004917840361595149,-0.003147174145766707
2019-02-22,1.9604090792331363,1.9604090792331363,2.0857273418259905,0.007158948183059621,0.007158948183059621,0.004649386699131286
2019-02-25,1.9664813450989695,1.9664813450989695,2.0899772865822963,0.0030974483489989435,0.0030974483489989435,0.0020376319910468954
2019-02-26,1.9648393302877225,1.9648393302877225,2.0888287802247176,-0.0008350014686584473,-0.0008350014686584473,-0.000549530545117416
2019-02-27,1.9610363043103705,1.9610363043103705,2.086163772134777,-0.001935540437698391,-0.001935540437698391,-0.0012758384579774074
2019-02-28,1.9506556945607798,1.9506556945607798,2.0788244327124006,-0.005293430685996969,-0.005293430685996969,-0.003518103190367494
2019-03-01,1.9603173769930862,1.9603173769930862,2.0856643527909116,0.004953043460846018,0.004953043460846018,0.0032902827053973294
2019-03-04,1.95449562832537,1.95449562832537,2.081470624021787,-0.0029697990417481,-0.0029697990417481,-0.0020107400136137876
2019-03-05,1.9493555282734738,1.9493555282734738,2.0777621374236057,-0.002629885673522958,-0.002629885673522958,-0.0017816665560314027
2019-03-06,1.9306688914500139,1.9306688914500139,2.0643106588628797,-0.009586058855056812,-0.009586058855056812,-0.006474022371687704
2019-03-07,1.9145481702634766,1.9145481702634766,2.052605731102089,-0.00834981143474578,-0.00834981143474578,-0.005670138702494776
2019-03-08,1.9112364485422852,1.9112364485422852,2.0500452542060894,-0.001729766726493831,-0.001729766726493831,-0.0012474275294089843
2019-03-11,1.9410754903460588,1.9410754903460588,2.07290558614181,0.015612428188323868,0.015612428188323868,0.011151135268266943
2019-03-12,1.9463687039364053,1.9463687039364053,2.0770925999270764,0.0027269488573073986,0.0027269488573073986,0.002019876743667437
2019-03-13,1.9614498821822055,1.9614498821822055,2.088992646442411,0.0077483665943145485,0.0077483665943145485,0.005729184397340825
2019-03-14,1.9581848531471642,1.9581848531471642,2.086422556346666,-0.0016645997762679832,-0.0016645997762679832,-0.0012303011693803878
2019-03-15,1.9663800237841553,1.9663800237841553,2.0928925002936287,0.004185085296630753,0.004185085296630753,0.0031009748851122954
2019-03-18,1.9724437192753315,1.9724437192753315,2.0976791476734804,0.0030836844444275258,0.0030836844444275258,0.0022870966278392135
2019-03-19,1.9737925232819307,1.9737925232819307,2.098767503481302,0.0006838238239288419,0.0006838238239288419,0.0005188380735103859
2019-03-20,1.9653694541924647,1.9653694541924647,2.0917820755177066,-0.004267454147338867,-0.004267454147338867,-0.0033283476859673478
2019-03-21,1.994904002261561,1.994904002261561,2.1160962341674754,0.015027478933334448,0.015027478933334448,0.011623657614405758
2019-03-22,1.9494269382813343,1.9494269382813343,2.0792620892573286,-0.02279661774635311,-0.02279661774635311,-0.017406649241847094
2019-03-25,1.946415580122725,1.946415580122725,2.076766894761788,-0.0015447402000426935,-0.0015447402000426935,-0.0012000384696245758
2019-03-26,1.963718810868548,1.963718810868548,2.091504859087425,0.008889792561530996,0.008889792561530996,0.007096590552753135
2019-03-27,1.950998700149237,1.950998700149237,2.080199343438632,-0.006477562189102226,-0.006477562189102226,-0.005405445557379984
2019-03-28,1.9584598769005197,1.9584598769005197,2.088185847927707,0.0038242858648300793,0.0038242858648300793,0.003839297668401853
2019-03-29,1.974001586904808,1.974001586904808,2.1048278617510374,0.007935679554939234,0.007935679554939234,0.007969603778248846
2019-04-01,2.0000719773997364,2.0000719773997364,2.132492419469284,0.013206874132156265,0.013206874132156265,0.013143382516436208
2019-04-02,1.998643667579536,1.998643667579536,2.1309756373899,-0.0007141292095184104,-0.0007141292095184104,-0.0007112719677387913
2019-04-03,2.0086735500792097,2.0086735500792097,2.1416374832498155,0.005018344521522611,0.005018344521522611,0.005003269710288638
2019-04-04,2.010697969310412,2.010697969310412,2.1439390153704925,0.0010078388452530174,0.0010078388452530174,0.0010746599920283817
2019-04-05,2.0207106692515437,2.0207106692515437,2.1569897417432573,0.0049797135591507224,0.0049797135591507224,0.006087265672764186
2019-04-08,2.023247734767332,2.023247734767332,2.1603408590825484,0.001255531311035174,0.001255531311035174,0.001553608380437943
2019-04-09,2.0078704178465494,2.0078704178465494,2.1402530953614236,-0.007600313425063954,-0.007600313425063954,-0.009298423272731005
2019-04-10,2.0223996356741902,2.0223996356741902,2.1592276627849394,0.007236133217811691,0.007236133217811691,0.00886557177029168
2019-04-11,2.024362504934236,2.024362504934236,2.1617959080664226,0.0009705644845963146,0.0009705644845963146,0.0011894277411075294
2019-04-12,2.0443528460021967,2.0443528460021967,2.187762384592549,0.009874882102012705,0.009874882102012705,0.012011530056670106
2019-04-15,2.0429785241299494,2.0429785241299494,2.1859398358466855,-0.0006722527742384354,-0.0006722527742384354,-0.0008330652170908115
2019-04-16,2.0525983181754377,2.0525983181754377,2.1987318912553495,0.004708710312843367,0.004708710312843367,0.005851970488341074
2019-04-17,2.0520240617309895,2.0520240617309895,2.19796799160963,-0.0002797704935072476,-0.0002797704935072476,-0.00034742737336801444
2019-04-18,2.04872507770648,2.04872507770648,2.193576019215987,-0.001607673168182333,-0.001607673168182333,-0.001998196702776678
2019-04-22,2.051661966729479,2.051661966729479,2.197591827465605,0.0014335203170776634,0.0014335203170776634,0.001830713052312305
2019-04-23,2.064130610900869,2.064130610900869,2.215279959793521,0.006077338457107562,0.006077338457107562,0.008048870635050998
2019-04-24,2.0624900868004854,2.0624900868004854,2.2129515580116275,-0.0007947772741316861,-0.0007947772741316861,-0.0010510643458854219
2019-04-25,2.056093316260624,2.056093316260624,2.2036662395511524,-0.003101479411125041,-0.003101479411125041,-0.0041958977488048
2019-04-26,2.0644808508137587,2.0644808508137587,2.2160266135549644,0.004079355001449514,0.004079355001449514,0.005609004567919351
2019-04-29,2.069632971655388,2.069632971655388,2.223805627419397,0.0024956011772154785,0.0024956011772154785,0.0035103431596217316
2019-04-30,2.0725378936446543,2.0725378936446543,2.2282126778269498,0.001403592824935851,0.001403592824935851,0.001981760614873096
2019-05-01,2.053933076505002,2.053933076505002,2.1993141136088656,-0.008976828455925068,-0.008976828455925068,-0.012969392242336286
2019-05-02,2.0527030145076974,2.0527030145076974,2.1974016336650726,-0.0005988812446595659,-0.0005988812446595659,-0.0008695801713629603
2019-05-03,2.0719966915336583,2.0719966915336583,2.2270994246262585,0.009399156570434553,0.009399156570434553,0.013514958078761685
2019-05-06,2.061564106997534,2.061564106997534,2.211033362469806,-0.005035039186477741,-0.005035039186477741,-0.007213895337945475
2019-05-07,2.026257883129311,2.026257883129311,2.159708455432336,-0.017125940322875954,-0.017125940322875954,-0.023213085749252738
2019-05-08,2.0185466925064897,2.0185466925064897,2.1486105726753917,-0.0038056313991546853,-0.0038056313991546853,-0.005138602263203507
2019-05-09,2.00832588398346,2.00832588398346,2.1337761486384355,-0.005063449144363519,-0.005063449144363519,-0.006904193912852574
2019-05-10,2.012681538041021,2.012681538041021,2.140085070586498,0.0021687984466551846,0.0021687984466551846,0.0029566934432594394
2019-05-13,1.9541650303053903,1.9541650303053903,2.0655347648080573,-0.029073902964592002,-0.029073902964592002,-0.03483520669484874
2019-05-14,1.978091417786128,1.978091417786128,2.096082749906259,0.012243790626525808,0.012243790626525808,0.01478938317508316
2019-05-15,1.9873840985578946,1.9873840985578946,2.107961380096855,0.004697801470756602,0.004697801470756602,0.005667061661152051
2019-05-16,2.00229680588252,2.00229680588252,2.1269346547088523,0.007503686547279287,0.007503686547279287,0.009000769554480925
2019-05-17,1.9867550640751697,1.9867550640751697,2.106985035674465,-0.007761957049369772,-0.007761957049369772,-0.009379516662733622
2019-05-20,1.9696121938524942,1.9696121938524942,2.0851775140109274,-0.008628577589988695,-0.008628577589988695,-0.0103501075206055
2019-05-21,1.9939090062592524,1.9939090062592524,2.115491342807746,0.01233583569526675,0.01233583569526675,0.014537768891680125
2019-05-22,1.9801950179678356,1.9801950179678356,2.09839529415283,-0.006877940893173173,-0.006877940893173173,-0.008081360726452158
2019-05-23,1.9490494653732442,1.9490494653732442,2.0605418911891658,-0.015728527903556833,-0.015728527903556833,-0.018039214569887108
2019-05-24,1.950429603953035,1.950429603953035,2.0622171881431437,0.0007081085443496615,0.0007081085443496615,0.000813037075898082
2019-05-28,1.9306880774842057,1.9306880774842057,2.038523393432901,-0.010121629834175083,-0.010121629834175083,-0.01148947591285332
2019-05-29,1.9187390961343729,1.9187390961343729,2.0242545605609017,-0.00618897557258602,-0.00618897557258602,-0.006999592409862143
2019-05-30,1.9172925396470006,1.9172925396470006,2.0225236510101037,-0.0007539099454879628,-0.0007539099454879628,-0.0008550849208996958
2019-05-31,1.8880629495246497,1.8880629495246497,1.988294364453873,-0.015245242714881924,-0.015245242714881924,-0.016924047607124626
2019-06-03,1.8895904455972403,1.8895904455972403,1.9900809028567918,0.0008090281486510253,0.0008090281486510253,0.0008985281228262032
2019-06-04,1.9450921259435072,1.9450921259435072,2.049564893240427,0.029372333288192776,0.029372333288192776,0.029890237275401743
2019-06-05,1.9523991437008965,1.9523991437008965,2.0574590956457284,0.0037566435337066384,0.0037566435337066384,0.0038516479431007777
2019-06-06,1.9672543277607117,1.9672543277607117,2.0735439994665,0.007608681917190552,0.007608681917190552,0.007817848653619786
2019-06-07,1.9801793025370569,1.9801793025370569,2.087500984413781,0.006570057868957591,0.006570057868957591,0.006730980847704071
2019-06-10,1.996796599389747,1.996796599389747,2.105731524003333,0.00839181423187263,0.00839181423187263,0.008733188499392197
2019-06-11,2.0024510791703825,2.0024510791703825,2.111936766321776,0.0028317755460738336,0.0028317755460738336,0.0029468345074901148
2019-06-12,1.9902673757344034,1.9902673757344034,2.098548767241335,-0.006084395051002556,-0.006084395051002556,-0.006339204513096219
2019-06-13,2.0042464081577704,2.0042464081577704,2.113845772253762,0.007023695707321087,0.007023695707321087,0.0072893254858859
2019-06-14,1.9932977548989448,1.9932977548989448,2.1018831777938756,-0.0054627281427382934,-0.0054627281427382934,-0.005659161428381743
2019-06-17,1.995606166433366,1.995606166433366,2.1044066125665117,0.0011580866575240378,0.0011580866575240378,0.001200559003133872
2019-06-18,2.0219387672747913,2.0219387672747913,2.132748698116808,0.013195289373397756,0.013195289373397756,0.0134679702016951
2019-06-19,2.0259026972445047,2.0259026972445047,2.1370243088911574,0.0019604599475859796,0.0019604599475859796,0.002004741945511368
2019-06-20,2.050615563901834,2.050615563901834,2.163867239931882,0.012198446989059475,0.012198446989059475,0.012560891763862436
2019-06-21,2.0459516059817746,2.0459516059817746,2.1585195292812642,-0.0022744184732438333,-0.0022744184732438333,-0.0024713672594748326
2019-06-24,2.036013884668085,2.036013884668085,2.1471585474409465,-0.004857261180877592,-0.004857261180877592,-0.00526332131176066
2019-06-25,2.017235594289215,2.017235594289215,2.1257622767426287,-0.009223065972328248,-0.009223065972328248,-0.009964923514296786
2019-06-26,2.0296501866970624,2.0296501866970624,2.139924078926884,0.006154260039329618,0.006154260039329618,0.006661987720449902
2019-06-27,2.043780078057253,2.043780078057253,2.156001384241999,0.006961737275123614,0.006961737275123614,0.007513026033698189
2019-06-28,2.0586352284429585,2.0586352284429585,2.1729292836227536,0.007268468141555795,0.007268468141555795,0.007851525284018335
2019-07-01,2.0776400374270056,2.0776400374270056,2.1947893186737146,0.009231751561164847,0.009231751561164847,0.010060168646867096
2019-07-02,2.0758406772006954,2.0758406772006954,2.1927180240730637,-0.0008660596609114668,-0.0008660596609114668,-0.0009437327688028851
2019-07-03,2.0927680373672954,2.0927680373672954,2.212126131166874,0.00815446019172672,0.00815446019172672,0.008851164117198662
2019-07-05,2.0915429125276295,2.0915429125276295,2.210720708703286,-0.0005854088068008023,-0.0005854088068008023,-0.0006353265502299088
2019-07-08,2.0808356833617854,2.0808356833617854,2.1984552829701207,-0.0051192969083787565,-0.0051192969083787565,-0.005548157071527893
2019-07-09,2.0879081167662683,2.0879081167662683,2.2065469179053987,0.003398842811584535,0.003398842811584535,0.0036806001913971542
2019-07-10,2.096219667439143,2.096219667439143,2.2161154264291554,0.0039808028936385575,0.0039808028936385575,0.0043364174340057016
2019-07-11,2.0988239303949108,2.0988239303949108,2.219128207789427,0.0012423616647720959,0.0012423616647720959,0.0013594875629407976
2019-07-12,2.111766018857298,2.111766018857298,2.2340543953151992,0.006166352629661587,0.006166352629661587,0.006726149247880064
2019-07-15,2.1094907458235963,2.1094907458235963,2.2314055705688056,-0.0010774266719818515,-0.0010774266719818515,-0.0011856581254011678
2019-07-16,2.1007757303161627,2.1007757303161627,2.2212827406128066,-0.004131336212158221,-0.004131336212158221,-0.004536526254802942
2019-07-17,2.0870698057998047,2.0870698057998047,2.2054187799242704,-0.006524220705032224,-0.006524220705032224,-0.007141801625919819
2019-07-18,2.096193990039459,2.096193990039459,2.2159552163077816,0.004371767640113822,0.004371767640113822,0.00477752183822111
2019-07-19,2.088938029933903,2.088938029933903,2.2075823211047703,-0.0034614926576614913,-0.0034614926576614913,-0.0037784586716342883
2019-07-22,2.098187670420868,2.098187670420868,2.218235106317422,0.00442791521549224,0.00442791521549224,0.004825543813614441
2019-07-23,2.1161281433809602,2.1161281433809602,2.238831196898638,0.008550461530685505,0.008550461530685505,0.009284899748705389
2019-07-24,2.1340566830632532,2.1340566830632532,2.259296517388226,0.008472331762313878,0.008472331762313878,0.009141073484208118
2019-07-25,2.111821639104874,2.111821639104874,2.234174059837586,-0.010419144034385708,-0.010419144034385708,-0.011119592916330467
2019-07-26,2.130112484084341,2.130112484084341,2.2547139460616834,0.008661169409751812,0.008661169409751812,0.009193503135378256
2019-07-29,2.123233264115186,2.123233264115186,2.246992374823678,-0.00322951018810258,-0.00322951018810258,-0.003424634531352777
2019-07-30,2.125256054058781,2.125256054058781,2.249262558848497,0.0009526932239531938,0.0009526932239531938,0.0010103211965715175
2019-07-31,2.0976357499722886,2.0976357499722886,2.2185424036485353,-0.012996224164962822,-0.012996224164962822,-0.013657878703004278
2019-08-01,2.069640930147484,2.069640930147484,2.187975952642645,-0.013345891833305368,-0.013345891833305368,-0.013777717728370553
2019-08-02,2.0451700264830803,2.0451700264830803,2.161398485474698,-0.01182374358177185,-0.01182374358177185,-0.012147056340288676
2019-08-05,1.9795619983574833,1.9795619983574833,2.0959479541593575,-0.03207949817180633,-0.03207949817180633,-0.030281566196695975
2019-08-06,1.998495965990049,1.998495965990049,2.115149487149185,0.009564725756645132,0.009564725756645132,0.009161264215422182
2019-08-07,1.9989728936396514,1.9989728936396514,2.115633486814841,0.00023864328861233908,0.00023864328861233908,0.00022882527622591908
2019-08-08,2.03952274548988,2.03952274548988,2.1555597122716468,0.020285343527793875,0.020285343527793875,0.018871995412076625
2019-08-09,2.0195446112955944,2.0195446112955944,2.1360596724114806,-0.009795494675636451,-0.009795494675636451,-0.009046392799583303
2019-08-12,1.9890183795430023,1.9890183795430023,2.1047250143243907,-0.015115403532981908,-0.015115403532981908,-0.014669373937346464
2019-08-13,2.0217079801966213,2.0217079801966213,2.137970984651697,0.016435042023658752,0.016435042023658752,0.015795873618187795
2019-08-14,1.955937973919989,1.955937973919989,2.0762071539360676,-0.03253190219402313,-0.03253190219402313,-0.02888899389141697
2019-08-15,1.9499626119585054,1.9499626119585054,2.0705536356640617,-0.0030549854040146096,-0.0030549854040146096,-0.00272300298228334
2019-08-16,1.9894495589449763,1.9894495589449763,2.107016334431495,0.020250104665756163,0.020250104665756163,0.017610120375239235
2019-08-19,2.0179513244491494,2.0179513244491494,2.133060055648559,0.014326457977294815,0.014326457977294815,0.012360474283694023
2019-08-20,2.00426042807745,2.00426042807745,2.120494965290646,-0.006784552335739158,-0.006784552335739158,-0.005890640689951265
2019-08-21,2.0196393455171906,2.0196393455171906,2.1346181041824446,0.00767311334609988,0.00767311334609988,0.006660302958966469
2019-08-22,2.0203827791890996,2.0203827791890996,2.13531250340162,0.0003681021928787498,0.0003681021928787498,0.00032530372426564647
2019-08-23,1.9610380138659171,1.9610380138659171,2.083007104804884,-0.029373030662536603,-0.029373030662536603,-0.024495430300441545
2019-08-26,1.9817876539383452,1.9817876539383452,2.101391374830238,0.010580947399139395,0.010580947399139395,0.008825831646443572
2019-08-27,1.96977669292169,1.96977669292169,2.0907669801168143,-0.0060606700181961015,-0.0060606700181961015,-0.005055885752972555
2019-08-28,1.9864981581903096,1.9864981581903096,2.1055172681286036,0.008489015698432967,0.008489015698432967,0.007054965068830965
2019-08-29,2.014389830529962,2.014389830529962,2.130216252128933,0.014040623307228106,0.014040623307228106,0.011730601488859849
2019-08-30,2.017088211267013,2.017088211267013,2.13260031631863,0.0013395524024963912,0.0013395524024963912,0.001119165336999961
2019-09-03,2.0028085106778635,2.0028085106778635,2.119352234215627,-0.00707936346530913,-0.00707936346530913,-0.006212172999145116
2019-09-04,2.0323336190881354,2.0323336190881354,2.1464188731163913,0.014741852879524231,0.014741852879524231,0.012771184734557295
2019-09-05,2.0710617675527576,2.0710617675527576,2.1811932830937115,0.019055999517440858,0.019055999517440858,0.01620112943138219
2019-09-06,2.069511971136925,2.069511971136925,2.179802867311251,-0.0007483100891113592,-0.0007483100891113592,-0.0006374564754245693
2019-09-09,2.0916383699426935,2.0916383699426935,2.199604592102053,0.01069160223007204,0.01069160223007204,0.009084181458678176
2019-09-10,2.104598376922425,2.104598376922425,2.2111661338327036,0.006196103096008265,0.006196103096008265,0.005256190940937211
2019-09-11,2.1234290237555054,2.1234290237555054,2.2279343260659052,0.008947382569313156,0.008947382569313156,0.00758341581694566
2019-09-12,2.120963323693809,2.120963323693809,2.2257372740820514,-0.0011611878871918835,-0.0011611878871918835,-0.00098613857605645
2019-09-13,2.123524547672021,2.123524547672021,2.2280260000578043,0.0012075757980347657,0.0012075757980347657,0.001028300151327155
2019-09-16,2.129073771023802,2.129073771023802,2.23298318283612,0.0026132136583327803,0.0026132136583327803,0.0022249214229039804
2019-09-17,2.125667095072462,2.125667095072462,2.2299127618781758,-0.0016000741720199052,-0.0016000741720199052,-0.0013750309368852909
2019-09-18,2.121446622632106,2.121446622632106,2.2261096601780697,-0.0019854813814164096,-0.0019854813814164096,-0.001705493490652521
2019-09-19,2.1186153390178424,2.1186153390178424,2.223535872423784,-0.0013346004486084473,-0.0013346004486084473,-0.0011561819259523487
2019-09-20,2.1074485640309426,2.1074485640309426,2.2134003813158816,-0.005270789265632625,-0.005270789265632625,-0.0045582764072314985
2019-09-23,2.109367694259982,2.109367694259982,2.2151469400922505,0.0009106415510178323,0.0009106415510178323,0.0007890839773554426
2019-09-24,2.080519170226059,2.080519170226059,2.189081544835564,-0.013676384687423604,-0.013676384687423604,-0.011766892202465407
2019-09-25,2.097257353361452,2.097257353361452,2.2042096325885727,0.008045195341110256,0.008045195341110256,0.006910700877588827
2019-09-26,2.0895603104591696,2.0895603104591696,2.197249657651375,-0.0036700516939162098,-0.0036700516939162098,-0.003157583033073008
2019-09-27,2.0767000636862667,2.0767000636862667,2.1856097605893385,-0.006154522895812864,-0.006154522895812864,-0.005297484981510059
2019-09-30,2.0814586448179826,2.0814586448179826,2.18994280661652,0.002291414737701336,0.002291414737701336,0.001982534167496164
2019-10-01,2.049372356189156,2.049372356189156,2.1611831802228676,-0.015415289998054527,-0.015415289998054527,-0.013132592461666315
2019-10-02,2.0105983615121574,2.0105983615121574,2.1269446007482644,-0.01891993641853329,-0.01891993641853329,-0.01584251616795962
2019-10-03,2.029633991217791,2.029633991217791,2.1437030762168123,0.00946764409542089,0.00946764409542089,0.00787913115492156
2019-10-04,2.0519839127276964,2.0519839127276964,2.1632235668808537,0.011011798977851761,0.011011798977851761,0.009105967557079264
2019-10-07,2.043672711890868,2.043672711890868,2.155978948265426,-0.0040503245592117265,-0.0040503245592117265,-0.003348992090481784
2019-10-08,2.00343505374756,2.00343505374756,2.1216037234771883,-0.01968889534473406,-0.01968889534473406,-0.01594413749535628
2019-10-09,2.0221322214481865,2.0221322214481865,2.137549731811363,0.009332554936408943,0.009332554936408943,0.007516016378421586
2019-10-10,2.0284816384921567,2.0284816384921567,2.1429649628578673,0.003139961361884991,0.003139961361884991,0.002533382482715618
2019-10-11,2.0625724396982013,2.0625724396982013,2.171536254701423,0.016806068420410103,0.016806068420410103,0.013332598683952757
2019-10-14,2.061640695628465,2.061640695628465,2.1707573804165516,-0.0004517388343812101,-0.0004517388343812101,-0.0003586743178638496
2019-10-15,2.082783718000842,2.082783718000842,2.1883683639091926,0.0102554351091384,0.0102554351091384,0.008112829029866875
2019-10-16,2.0721987990729676,2.0721987990729676,2.1795733557701107,-0.005082101821899387,-0.005082101821899387,-0.004018979749538576
2019-10-17,2.0802042050624103,2.0802042050624103,2.1862307792760363,0.0038632422685622725,0.0038632422685622725,0.003054461777256101
2019-10-18,2.071377455665165,2.071377455665165,2.178895125630027,-0.00424321293830876,-0.00424321293830876,-0.0033553885141248685
2019-10-21,2.094420386832344,2.094420386832344,2.1980081713671584,0.011124448180198643,0.011124448180198643,0.008771897973568032
2019-10-22,2.0947652682764213,2.0947652682764213,2.198294749335471,0.0001646667718886441,0.0001646667718886441,0.0001303807565622428
2019-10-23,2.102980651590541,2.102980651590541,2.2051555683174167,0.003921863436698869,0.003921863436698869,0.003120973192525467
2019-10-24,2.113009170528678,2.113009170528678,2.2135487218670336,0.004768716692924446,0.004768716692924446,0.00380615030984921
2019-10-25,2.122949078758455,2.122949078758455,2.2218542854171823,0.004704148173332312,0.004704148173332312,0.003752148515232756
2019-10-28,2.1277742481981554,2.1277742481981554,2.2258813458700035,0.002272861599922127,0.002272861599922127,0.001812477298467341
2019-10-29,2.12895193458494,2.12895193458494,2.2268735889510447,0.000553482770919711,0.000553482770919711,0.00044577537022916225
2019-10-30,2.135325480581483,2.135325480581483,2.2323006291569976,0.0029937481880188965,0.0029937481880188965,0.0024370670310518427
2019-10-31,2.12862216456295,2.12862216456295,2.2265480021174744,-0.0031392478942871005,-0.0031392478942871005,-0.0025769947669169735
2019-11-01,2.1582480179821717,2.1582480179821717,2.253540648812084,0.01391785442829141,0.01391785442829141,0.01212309218976615
2019-11-04,2.1846747577088763,2.1846747577088763,2.2774942094833928,0.012244533300399763,0.012244533300399763,0.010629300467215996
2019-11-05,2.1870744651366714,2.1870744651366714,2.279666069789844,0.0010984277725218927,0.0010984277725218927,0.0009536183659248909
2019-11-06,2.1777618897748408,2.1777618897748408,2.2710462610477875,-0.004258005619048988,-0.004258005619048988,-0.003781171662063154
2019-11-07,2.183342816617582,2.183342816617582,2.276258135005918,0.002562689185142464,0.002562689185142464,0.002294921969456354
2019-11-08,2.1970389357405544,2.1970389357405544,2.289281000856393,0.006273004412651106,0.006273004412651106,0.005721172678177622
2019-11-11,2.189066471633382,2.189066471633382,2.2815913191603028,-0.0036287313699723267,-0.0036287313699723267,-0.003358994240206248
2019-11-12,2.196230242631935,2.196230242631935,2.2892100759778216,0.0032725232839583285,0.0032725232839583285,0.00333922940253939
2019-11-13,2.188420176927269,2.188420176927269,2.2809074173745896,-0.003556123375892617,-0.003556123375892617,-0.003626866179892052
2019-11-14,2.188771457084434,2.188771457084434,2.2812931905819234,0.00016051769256586468,0.00016051769256586468,0.00016913146250274735
2019-11-15,2.2119927082125965,2.2119927082125965,2.307001997895045,0.01060926258563999,0.01060926258563999,0.011269400802692786
2019-11-18,2.21039748475389,2.21039748475389,2.305223232556913,-0.0007211703062057762,-0.0007211703062057762,-0.0007710289543549909
2019-11-19,2.2040270225658167,2.2040270225658167,2.298106635963497,-0.0028820437192916826,-0.0028820437192916826,-0.003087161578500308
2019-11-20,2.198218431885808,2.198218431885808,2.2916291134243716,-0.0026354444026946977,-0.0026354444026946977,-0.002818634452273705
2019-11-21,2.1986542636639115,2.1986542636639115,2.292170662910204,0.00019826591014870942,0.00019826591014870942,0.0002363163753942299
2019-11-22,2.2071552312030946,2.2071552312030946,2.302832681387327,0.0038664412498474743,0.0038664412498474743,0.004651494170851089
2019-11-25,2.2291231668242992,2.2291231668242992,2.330397919350939,0.009953054189681954,0.009953054189681954,0.011970143635014585
2019-11-26,2.2209066863507454,2.2209066863507454,2.3200510608973577,-0.0036859697103499567,-0.0036859697103499567,-0.004439953523672546
2019-11-27,2.2343324391519794,2.2343324391519794,2.337242026362856,0.006045167446136368,0.006045167446136368,0.007409735826611197
2019-11-29,2.2239633204039237,2.2239633204039237,2.324016005048172,-0.004640812873840328,-0.004640812873840328,-0.005658815460915734
2019-12-02,2.210434001734397,2.210434001734397,2.3067395349493762,-0.006083427071571279,-0.006083427071571279,-0.007433886023705649
2019-12-03,2.196435154417444,2.196435154417444,2.288604018214064,-0.006333076357841416,-0.006333076357841416,-0.007861969875896824
2019-12-04,2.218359416332148,2.218359416332148,2.3179523839670737,0.00998174786567696,0.00998174786567696,0.01282369755512014
2019-12-05,2.2197488607301867,2.2197488607301867,2.319818458667965,0.0006263387203215842,0.0006263387203215842,0.0008050530777934384
2019-12-06,2.2436571203199285,2.2436571203199285,2.3519267082788193,0.010770704746246418,0.010770704746246418,0.01384084581743128
2019-12-09,2.2456107726102674,2.2456107726102674,2.354568461475506,0.0008707445859910123,0.0008707445859910123,0.0011232293877982968
2019-12-10,2.2498582056399123,2.2498582056399123,2.3603670723384202,0.0018914377689360773,0.0018914377689360773,0.002462706418517424
2019-12-11,2.2611593445240405,2.2611593445240405,2.3757773346832325,0.005023044943809563,0.005023044943809563,0.006528756702890881
2019-12-12,2.293925389873471,2.293925389873471,2.4193738789715304,0.014490816593170086,0.014490816593170086,0.0183504336251743
2019-12-13,2.2848753903066608,2.2848753903066608,2.407328669914184,-0.003945202231407152,-0.003945202231407152,-0.004978647228541244
2019-12-16,2.304692570205689,2.304692570205689,2.433502314181665,0.008673199415206945,0.008673199415206945,0.010872484756480727
2019-12-17,2.3107598216029133,2.3107598216029133,2.4415437906086606,0.002632564306259244,0.002632564306259244,0.00330448686246676
2019-12-18,2.314187241559397,2.314187241559397,2.4460942985828567,0.0014832437038421187,0.0014832437038421187,0.0018637830669674393
2019-12-19,2.3247741691091446,2.3247741691091446,2.4602283866338266,0.004574792981147713,0.004574792981147713,0.005778226971526967
2019-12-20,2.3356992351667563,2.3356992351667563,2.474812775826901,0.0046994096040726685,0.0046994096040726685,0.00592806313117511
2019-12-23,2.344078351187563,2.344078351187563,2.486405417371849,0.0035874122381209794,0.0035874122381209794,0.0046842499190973275
2019-12-24,2.3474692012263634,2.3474692012263634,2.4911290998864666,0.001446560025215149,0.001446560025215149,0.0018998038218605018
2019-12-26,2.3552446545430046,2.3552446545430046,2.502013630302258,0.0033122706413268865,0.0033122706413268865,0.004369316072895479
2019-12-27,2.3490953383083113,2.3490953383083113,2.493335887118202,-0.0026109033823012995,-0.0026109033823012995,-0.0034683037210343493
2019-12-30,2.336281296730232,2.336281296730232,2.475420514848235,-0.00545488357543944,-0.00545488357543944,-0.0071853023744321565
2019-12-31,2.3468190819934236,2.3468190819934236,2.4908535566011927,0.004510495066642806,0.004510495066642806,0.006234513150548127
2020-01-02,2.3680804939542752,2.3680804939542752,2.524474787065766,0.009059672355651749,0.009059672355651749,0.013497875206461396
2020-01-03,2.3500083202488775,2.3500083202488775,2.49606991709642,-0.007631570696830625,-0.007631570696830625,-0.011251793883971128
2020-01-06,2.353869950383521,2.353869950383521,2.50220800034162,0.0016432410478592896,0.0016432410478592896,0.0024590990833863735
2020-01-07,2.3610522788026658,2.3610522788026658,2.5137237636911203,0.003051285147666949,0.003051285147666949,0.004602240640237731
2020-01-08,2.361920430362154,2.361920430362154,2.5152793492777827,0.0003676968812942327,0.0003676968812942327,0.0006188371248789792
2020-01-09,2.370855409491672,2.370855409491672,2.531474058639365,0.003782929778099131,0.003782929778099131,0.006438533106166711
2020-01-10,2.360720448942215,2.360720448942215,2.5132667762098673,-0.00427481174468991,-0.00427481174468991,-0.007192363819554237
2020-01-13,2.3808686465937363,2.3808686465937363,2.551012832192392,0.008534766435623231,0.008534766435623231,0.0150187223814926
2020-01-14,2.3861582322879196,2.3861582322879196,2.5610072361300964,0.0022217041254044556,0.0022217041254044556,0.0039178179786398815
2020-01-15,2.3820795997994817,2.3820795997994817,2.553182002057315,-0.0017092883586882213,-0.0017092883586882213,-0.0030555298565286826
2020-01-16,2.4028353305050794,2.4028353305050794,2.5930883601608525,0.00871328175067898,0.00871328175067898,0.015630048336304103
2020-01-17,2.4055538307719804,2.4055538307719804,2.598352226155174,0.0011313718557357522,0.0011313718557357522,0.002029960133712816
2020-01-21,2.390515381356182,2.390515381356182,2.5694567802011736,-0.00625155389308929,-0.00625155389308929,-0.011120680892735435
2020-01-22,2.3874488029600767,2.3874488029600767,2.563478469678965,-0.0012828105688094116,-0.0012828105688094116,-0.0023266826545884634
2020-01-23,2.391694980459523,2.391694980459523,2.571756638792144,0.001778541803360012,0.001778541803360012,0.003229271948679724
2020-01-24,2.365590241689952,2.365590241689952,2.5230651521701732,-0.010914744138717625,-0.010914744138717625,-0.018933162604700793
2020-01-27,2.3216121883819376,2.3216121883819376,2.4492551471881696,-0.018590731620788725,-0.018590731620788725,-0.029254101868323557
2020-01-28,2.3477442505669015,2.3477442505669015,2.491856040379502,0.011255998015403668,0.011255998015403668,0.01739340764078401
2020-01-29,2.332665065446217,2.332665065446217,2.4674488351948822,-0.006422839760780397,-0.006422839760780397,-0.00979478942166434
2020-01-30,2.34353475678633,2.34353475678633,2.4849503448796013,0.004659773707389903,0.004659773707389903,0.007092957485109075
2020-01-31,2.2995525005448183,2.2995525005448183,2.419208865279627,-0.01876748621463764,-0.01876748621463764,-0.026455852421936266
2020-02-03,2.3217223478424835,2.3217223478424835,2.4518013827570897,0.009640939831733641,0.009640939831733641,0.013472386756360422
2020-02-04,2.360925787672989,2.360925787672989,2.5088387466278217,0.016885498762130746,0.016885498762130746,0.02326345203647473
2020-02-05,2.38923398305709,2.38923398305709,2.5503208511000657,0.011990294456482031,0.011990294456482031,0.01653438449481892
2020-02-06,2.389993511003656,2.389993511003656,2.5514386259705497,0.000317896008491525,0.000317896008491525,0.0004382879393398653
2020-02-07,2.3753826859741616,2.3753826859741616,2.530022207161379,-0.006113332509994351,-0.006113332509994351,-0.008393860072187342
2020-02-10,2.3892314899464893,2.3892314899464893,2.5502139905304015,0.005830135941505388,0.005830135941505388,0.00798087199071551
2020-02-11,2.4032584479822376,2.4032584479822376,2.5707219515516573,0.005870907902717493,0.005870907902717493,0.00804166281629981
2020-02-12,2.425529326462228,2.425529326462228,2.6031766005164068,0.009266951084136998,0.009266951084136998,0.01262472160599093
2020-02-13,2.4210852232208286,2.4210852232208286,2.596688553066069,-0.0018322199583055143,-0.0018322199583055143,-0.0024923577789731644
2020-02-14,2.4146965800741027,2.4146965800741027,2.5873546117892934,-0.0026387518644332975,-0.0026387518644332975,-0.003594555560293977
2020-02-18,2.4112038140081116,2.4112038140081116,2.5822624799797156,-0.0014464616775512473,-0.0014464616775512473,-0.0019680842302696178
2020-02-19,2.4326070115692127,2.4326070115692127,2.6135968540432857,0.008876560926437405,0.008876560926437405,0.012134465146942164
2020-02-20,2.4241091447018515,2.4241091447018515,2.601157161690805,-0.0034933167695999634,-0.0034933167695999634,-0.00475960641490536
2020-02-21,2.391809718586342,2.391809718586342,2.555410890778439,-0.013324245810508728,-0.013324245810508728,-0.017586892320889058
2020-02-24,2.297709571286311,2.297709571286311,2.4470884147032472,-0.039342656135559095,-0.039342656135559095,-0.042389455435949186
2020-02-25,2.2150864478501835,2.2150864478501835,2.363079040635185,-0.035958906412124625,-0.035958906412124625,-0.034330338684656736
2020-02-26,2.1919534625713473,2.1919534625713473,2.339698715108583,-0.01044337809085849,-0.01044337809085849,-0.009894009097688783
2020-02-27,2.1030697377487435,2.1030697377487435,2.2589528797978917,-0.04055000543594367,-0.04055000543594367,-0.0345112106910499
2020-02-28,2.1002410507276377,2.1002410507276377,2.2563656987919742,-0.001345027685165534,-0.001345027685165534,-0.0011453010060789026
2020-03-02,2.1800475970611934,2.1800475970611934,2.323401273498254,0.03799875557422627,0.03799875557422627,0.029709534559122952
2020-03-03,2.1158870065872115,2.1158870065872115,2.2721701114203627,-0.029430820941925062,-0.029430820941925062,-0.022050070584989534
2020-03-04,2.1869419537579815,2.1869419537579815,2.3263830556723635,0.033581635951995814,0.033581635951995814,0.023859544661518184
2020-03-05,2.1115007482982855,2.1115007482982855,2.2720592906603696,-0.03449620842933665,-0.03449620842933665,-0.023351169481542366
2020-03-06,2.0577286085777673,2.0577286085777673,2.233653428921221,-0.025466313362121462,-0.025466313362121462,-0.016903547322475898
2020-03-09,1.8494109318175143,1.8494109318175143,2.1209122082129315,-0.10123671114444732,-0.10123671114444732,-0.050473909357880875
2020-03-10,1.9512083950202521,1.9512083950202521,2.1754739114174946,0.05504318237304684,0.05504318237304684,0.025725583073773928
2020-03-11,1.839936905615662,1.839936905615662,2.120567441512978,-0.057026963233947736,-0.057026963233947736,-0.025238854677296807
2020-03-12,1.6347542449644075,1.6347542449644075,2.0321997293053915,-0.11151613950729378,-0.11151613950729378,-0.04167172921627904
2020-03-13,1.7957689073413148,1.7957689073413148,2.0988689081129315,0.09849472045898433,0.09849472045898433,0.03280641063284051
2020-03-16,1.5688493501476437,1.5688493501476437,2.020987286392843,-0.12636345148086547,-0.12636345148086547,-0.037106472642977395
2020-03-17,1.6300614803218934,1.6300614803218934,2.0438042863339927,0.03901721358299248,0.03901721358299248,0.011290026461212577
2020-03-18,1.4910717719956843,1.4910717719956843,1.9955403361824697,-0.08526654362678532,-0.08526654362678532,-0.023614761195209555
2020-03-19,1.5342689328777628,1.5342689328777628,2.011427131248213,0.028970544338226212,0.028970544338226212,0.007961149558187053
2020-03-20,1.5002353290481434,1.5002353290481434,1.9991827155873814,-0.02218229353427892,-0.02218229353427892,-0.006087426917242178
2020-03-23,1.4681075051750463,1.4681075051750463,1.9874417454446527,-0.0214151895046234,-0.0214151895046234,-0.005872884980040016
2020-03-24,1.6578640310189658,1.6578640310189658,2.0516621856377886,0.12925247311592103,0.12925247311592103,0.0323131182789802
2020-03-25,1.707312435761828,1.707312435761828,2.066960699305506,0.02982657432556146,0.02982657432556146,0.00745664358139031
2020-03-26,1.8071667377811729,1.8071667377811729,2.0971828943776214,0.0584862500429153,0.0584862500429153,0.01462156251072888
2020-03-27,1.7186754751307318,1.7186754751307318,2.0715097843025325,-0.048966850042343135,-0.048966850042343135,-0.0122417125105857
2020-03-30,1.7469713676643106,1.7469713676643106,2.0800360039244223,0.016463778614997926,0.016463778614997926,0.004115944653749537
2020-03-31,1.7330333323598084,1.7330333323598084,2.07588716442511,-0.007978399395942803,-0.007978399395942803,-0.0019945998489857564
2020-04-01,1.6324371093445043,1.6324371093445043,2.0457627570857015,-0.0580463290214539,-0.0580463290214539,-0.014511582255363531
2020-04-02,1.6645191568789333,1.6645191568789333,2.055814026081195,0.019652853608131515,0.019652853608131515,0.004913213402032879
2020-04-03,1.6425530898232008,1.6425530898232008,2.0490315645269987,-0.013196644186973527,-0.013196644186973527,-0.0032991610467435484
2020-04-06,1.7754082996199916,1.7754082996199916,2.090464702985674,0.08088335812091829,0.08088335812091829,0.020220839530229462
2020-04-07,1.7986205600194347,1.7986205600194347,2.097297555328982,0.013074322342872646,0.013074322342872646,0.003268580585718217
2020-04-08,1.8847777132071701,1.8847777132071701,2.1224136346693614,0.047901794910431006,0.047901794910431006,0.011975448727607807
2020-04-09,1.9232788841391975,1.9232788841391975,2.1332525003833744,0.020427433252334648,0.020427433252334648,0.005106858313083551
2020-04-13,1.8972571320519849,1.8972571320519849,2.1260368323694703,-0.01352989017963413,-0.01352989017963413,-0.0033824725449085324
2020-04-14,1.9466095341946381,1.9466095341946381,2.1398627159237606,0.026012500524520865,0.026012500524520865,0.006503125131130272
2020-04-15,1.8898358276329552,1.8898358276329552,2.124260211186414,-0.029165431261062635,-0.029165431261062635,-0.007291357815265687
2020-04-16,1.8668027618557004,1.8668027618557004,2.1177876615002407,-0.012187865972518974,-0.012187865972518974,-0.0030469664931296325
2020-04-17,1.9564044877783253,1.9564044877783253,2.143199750217561,0.0479974251985551,0.0479974251985551,0.011999356299638775
2020-04-20,1.920633333602536,1.920633333602536,2.1334031144536545,-0.01828413009643559,-0.01828413009643559,-0.004571032524108953
2020-04-21,1.8522827838987952,1.8522827838987952,2.114422490580608,-0.035587505698204014,-0.035587505698204014,-0.008896876424551059
2020-04-22,1.9022471877308358,1.9022471877308358,2.1286813634845267,0.02697450101375587,0.02697450101375587,0.006743625253438967
2020-04-23,1.9168406180251987,1.9168406180251987,2.132764003650495,0.007671679258346664,0.007671679258346664,0.001917919814586666
2020-04-24,1.9405794128595721,1.9405794128595721,2.1393672192017386,0.012384334206581027,0.012384334206581027,0.0030960835516453677
2020-04-27,1.985339892920613,1.985339892920613,2.1517036254219324,0.02306552350521085,0.02306552350521085,0.005766380876302657
2020-04-28,2.0035013169697335,2.0035013169697335,2.156624445543044,0.009147765636444039,0.009147765636444039,0.0022869414091111206
2020-04-29,2.100532186107339,2.100532186107339,2.182736125952487,0.04843064904212957,0.04843064904212957,0.012107662260532281
2020-04-30,2.061147270218564,2.061147270218564,2.172504566624736,-0.018749970197677546,-0.018749970197677546,-0.00468749254941947
2020-05-01,1.9720620300273937,1.9720620300273937,2.1490300078279674,-0.04322119116783141,-0.04322119116783141,-0.010805297791957824
2020-05-04,1.9825479190512107,1.9825479190512107,2.1518867245320843,0.00531722068786622,0.00531722068786622,0.0013293051719664994
2020-05-05,1.9822781827995903,1.9822781827995903,2.151813530606554,-0.00013605535030369875,-0.00013605535030369875,-3.4013837576063466e-05
2020-05-06,1.959825335568501,1.959825335568501,2.1457202460096028,-0.011326789259910597,-0.011326789259910597,-0.002831697314977677
2020-05-07,2.001053535986241,2.001053535986241,2.1570049486228107,0.021036670804023716,0.021036670804023716,0.0052591677010058735
2020-05-08,2.0660686553978174,2.0660686553978174,2.174525461165839,0.03249044477939611,0.03249044477939611,0.008122611194848917
2020-05-11,2.0433319690985248,2.0433319690985248,2.1685429030437766,-0.01100480675697324,-0.01100480675697324,-0.0027512016892433655
2020-05-12,1.9947871662818348,1.9947871662818348,2.155663022385638,-0.023757668137550314,-0.023757668137550314,-0.005939417034387717
2020-05-13,1.9334024199962199,1.9334024199962199,2.139079194553886,-0.030772579312324577,-0.030772579312324577,-0.007693144828081144
2020-05-14,1.9631105297254647,1.968220395448032,2.1487096788900963,0.015365714567225464,0.018008654117584122,0.0045021635293960305
2020-05-15,1.9663256525568742,1.9686476452288169,2.1488262862250016,0.0016377696429854538,0.0002170741558074063,5.42685389519626e-05
2020-05-18,2.049409949928214,2.0809044731238027,2.1794590435868386,0.042253579544824005,0.05702230572700495,0.014255576431751349
2020-05-19,2.028016850655876,2.0565188118135973,2.173073893431845,-0.010438662734650772,-0.011718779802322277,-0.002929694950580597
2020-05-20,2.070105637099779,2.106309271313433,2.186226988246675,0.020753667027121114,0.024211040139198392,0.006052760034799487
2020-05-21,2.0588525311952153,2.097485458151322,2.183937336539661,-0.005436005633185692,-0.004189229607582168,-0.0010473074018954032
2020-05-22,2.0613904313433076,2.0966571214623895,2.1837217169968466,0.0012326769934409842,-0.00039491891860965467,-9.872972965230264e-05
2020-05-26,2.1084980641851545,2.1647338456652063,2.201447626915776,0.022852358352682067,0.032469173669815055,0.00811729341745382
2020-05-27,2.146271380594175,2.210993990415863,2.2132088055574415,0.01791479776559246,0.021369899511337387,0.005342474877834347
2020-05-28,2.1138800178554726,2.166032806563084,2.201957249872238,-0.01509192315173813,-0.020335280895233177,-0.005083820223808155
2020-05-29,2.127344431070761,2.1705891128803287,2.2031152184516496,0.006369525754327476,0.002103525996208111,0.0005258814990520833
2020-06-01,2.144763221049116,2.200584418120028,2.210726414078628,0.008188044081600676,0.013818969726562491,0.0034547424316406783
2020-06-02,2.1714730902956454,2.2316976382068865,2.218540567549257,0.012453528195743635,0.014138616919517455,0.0035346542298793082
2020-06-03,2.21680076960851,2.294279195877886,2.234093718892049,0.020874161192894647,0.028042131066322362,0.0070105327665805905
2020-06-04,2.232094364672896,2.323354559428004,2.2411718773827998,0.006898948824835882,0.012672984004020726,0.0031682460010051816
2020-06-05,2.313008600647649,2.4271252032321837,2.26619688353695,0.03625036524233627,0.04466414451599121,0.011166036128997803
2020-06-08,2.368102571905993,2.5025825879100214,2.283810446464096,0.0238191813220745,0.03108920156955719,0.0077723003923892975
2020-06-09,2.3332366664695616,2.452397867059735,2.272361035135529,-0.014723139888475956,-0.020053172707557687,-0.005013293176889366
2020-06-10,2.293783965293858,2.3931230862111925,2.258630218434086,-0.016909001021057857,-0.024170132279396017,-0.006042533069849032
2020-06-11,2.138389474715752,2.2148586685241414,2.2165687169823385,-0.06774591370822414,-0.07449028372764588,-0.018622570931911553
2020-06-12,2.1803667818327135,2.2793672423108524,2.2327083118766766,0.019630337510214924,0.029125367999076834,0.007281341999769264
2020-06-15,2.2084730521309126,2.309504431414315,2.240632053419868,0.012890615713093245,0.013221734762191684,0.0035489371813781645
2020-06-16,2.2480455075731656,2.3539163621827477,2.252264021491371,0.01791846878279557,0.019230069518089365,0.005191378055022344
2020-06-17,2.229800052043999,2.3247793524970435,2.2443063755434003,-0.00811614154059681,-0.01237809896469133,-0.0035331763381371006
2020-06-18,2.232939506474569,2.329490378147651,2.2456086553988746,0.0014079533398934085,0.0020264399051665993,0.0005802593931316657
2020-06-19,2.212242530030306,2.301586868103965,2.237878310453286,-0.009268937373471342,-0.011978375315666145,-0.003442427480408572
2020-06-22,2.2258807875303033,2.311000314023307,2.240524844813672,0.006164901594134964,0.004089980721473596,0.0011826087004034314
2020-06-23,2.2297280815219342,2.3166030064218894,2.2423063914465873,0.00172843667692546,0.0024243581295013694,0.0007951470107725456
2020-06-24,2.1600163865164914,2.230883119777955,2.215394322723894,-0.03126466208285816,-0.03700240671634669,-0.012001958708832472
2020-06-25,2.1832760648087413,2.2580030769656894,2.2243744156622776,0.010768287887741979,0.012156601548194867,0.004053496412025792
2020-06-26,2.1210367906561918,2.1865216938660335,2.200529681535258,-0.02850728552186177,-0.03165690243244168,-0.010719748419656283
2020-06-29,2.1626407025046763,2.2377089751942245,2.217935341138537,0.019614894013985307,0.02341036975383748,0.007909759068160271
2020-06-30,2.1948310080410787,2.269538883851894,2.228601453033312,0.014884721950863655,0.014224328994751012,0.004809027430574098
2020-07-01,2.19594069611895,2.262844709629682,2.2262847831750774,0.0005055915803109379,-0.0029495745897293313,-0.0010395173417308001
2020-07-02,2.2080228833565236,2.2746203859739023,2.23037696213148,0.005502055341898515,0.005203925967216527,0.001838120166534285
2020-07-06,2.2450325716459227,2.312819753956335,2.2436404809083736,0.01676146047596161,0.01679373323917388,0.00594676101936531
2020-07-07,2.210951439322688,2.2661813714980727,2.2266176539568248,-0.015180685017076812,-0.020165160894393908,-0.007587145577199084
2020-07-08,2.2267629131290056,2.2838301774922063,2.2331475448622315,0.0071514342310301515,0.007787905335426393,0.0029326502885678174
2020-07-09,2.201264911480225,2.245392566264618,2.2187105266870506,-0.0114507033947997,-0.01683032810688012,-0.006464874301922441
2020-07-10,2.2462020447291167,2.3028970843730447,2.2404779304429954,0.02041423229640893,0.025610006451606715,0.009810835390251516
2020-07-13,2.2197363108685013,2.2765628227373296,2.2306546677836545,-0.011782436901755622,-0.01143527507781994,-0.0043844496416880485
2020-07-14,2.2471461903387673,2.302603212602824,2.2404963916768463,0.01234825926667904,0.01143846750259403,0.0044120338460862385
2020-07-15,2.289649558437722,2.3645839996109075,2.263916967106031,0.018914376056925475,0.026917701959610074,0.010453297544325002
2020-07-16,2.2735781841163925,2.3416524571789825,2.2553823402418076,-0.007019141537229601,-0.009697918295860197,-0.0037698497728620994
2020-07-17,2.2704573559337966,2.3316117127529656,2.2515221023891736,-0.0013726504786149007,-0.004287888407707219,-0.001711566940894027
2020-07-20,2.2773526491803784,2.33512205443077,2.252884068821705,0.0030369622351906767,0.00150554299354555,0.0006049091994639877
2020-07-21,2.2988574693444974,2.3648183964877125,2.2646460638360772,0.009442903000489888,0.012717254757881102,0.00522086119616616
2020-07-22,2.307821041908301,2.3707285931603463,2.2669882094618488,0.003899142371083686,0.0024992179870606535,0.0010342214896945645
2020-07-23,2.290569313802209,2.3554525196275153,2.26095118965579,-0.007475331835880339,-0.006443619728088268,-0.002663013323519592
2020-07-24,2.26953052631123,2.334928428932409,2.252817317737204,-0.009184959985365282,-0.008713438510894789,-0.003597544235275807
2020-07-27,2.278571943330169,2.3410263951952333,2.2552613531638452,0.003983827013613439,0.0026116287708282115,0.0010848795450029147
2020-07-28,2.266351633293777,2.3295577154225455,2.2506730329407514,-0.005363144258913155,-0.004898996353149276,-0.002034496009368114
2020-07-29,2.298412652531966,2.3650217028989733,2.2653486959892564,0.014146533471327771,0.015223485231399492,0.006520566441110098
2020-07-30,2.288560604990768,2.35169395306164,2.2598466469679703,-0.004286457234015328,-0.005635360479354867,-0.0024287868048866734
2020-07-31,2.288234914407872,2.348710576761974,2.2585660660576847,-0.00014231241339457412,-0.001268607378005937,-0.0005666671727498906
2020-08-03,2.3004887625815678,2.360734063167317,2.263730720821955,0.00535515304680434,0.005119186043739399,0.0022866963432621734
2020-08-04,2.3231615429115045,2.387663125068975,2.2752534300465435,0.009855636201627771,0.011407071352004916,0.005090141295783113
2020-08-05,2.3380185892450642,2.4069366637966567,2.2834769831908566,0.0063951843464746805,0.008072134852409318,0.003614346004587654
2020-08-06,2.345608446777322,2.414672702814285,2.2867816413878037,0.003246277667410924,0.00321406006813052,0.0014472045136750822
2020-08-07,2.351017890897891,2.4203256714356405,2.2892309660129078,0.002306200818811499,0.002341091036796472,0.0010710793635799742
2020-08-10,2.3768980002941733,2.4548762173484975,2.3042003471559114,0.011008044428959307,0.014275164008140662,0.00653904361999591
2020-08-11,2.367870361068835,2.4459826841978027,2.300326797951458,-0.0037980759898913474,-0.003622803092003024,-0.0016810817727871408
2020-08-12,2.390411920551486,2.4666285664761936,2.309545503454734,0.009519760816836254,0.008440731167793203,0.0040075634085929845
2020-08-13,2.3750041670260225,2.4509734895118434,2.3025727066059005,-0.0064456478789265415,-0.006346750855446004,-0.0030191207916895335
2020-08-14,2.3797174570484194,2.457784145395804,2.3056170356707626,0.001984539685376152,0.0027787554264069314,0.0013221424262208625
2020-08-17,2.380083132290435,2.456363582907831,2.3049427723436366,0.0001536633018901501,-0.000577985048294094,-0.0002924437652456202
2020-08-18,2.3730229052406426,2.4473231231931813,2.300633829864928,-0.0029663783394817678,-0.0036804240942001076,-0.001869435775330608
2020-08-19,2.3655648509176097,2.4395260028035004,2.296873755632783,-0.003142849698821837,-0.0031859791278838756,-0.0016343644883137776
2020-08-20,2.3527802452776947,2.4261809146222744,2.290431046475708,-0.005404462124534826,-0.005470361113548261,-0.002804990540413943
2020-08-21,2.3486798250373098,2.4207713137746496,2.2878132624293346,-0.001742797802138485,-0.002229677438735811,-0.0011429220060571454
2020-08-24,2.396630432463775,2.4748025888139504,2.314304361751389,0.02041598301961134,0.022319859266281217,0.01157922272638845
2020-08-25,2.3991565895105413,2.4774658238710723,2.315607962078243,0.0010540453014982187,0.0010761404037475941,0.0005632795531989032
2020-08-26,2.400360128783131,2.4752162025228923,2.314493859808597,0.0005016509876227815,-0.0009080332517624745,-0.00048112732720351215
2020-08-27,2.4144665763996245,2.491551079522335,2.3225833071218047,0.005876804670824409,0.00659937381744391,0.0034951258474613667
2020-08-28,2.446133013308999,2.528470845298471,2.3407996828369204,0.01311529313302584,0.014817984700203013,0.0078431527770213
2020-08-31,2.430749116478086,2.5107943021611314,2.332125398683737,-0.006289067989030728,-0.0069910013675689164,-0.003705692638624525
2020-09-01,2.439225437298847,2.5196316784851387,2.336552716753497,0.0034871228640174223,0.0035197532176971524,0.0018984048080170624
2020-09-02,2.476576972605665,2.55614695206237,2.3547959989901885,0.015312867246981776,0.014492306113243147,0.00780777686113554
2020-09-03,2.414973577707706,2.493136824243651,2.3224793636122185,-0.02487441156861947,-0.02465043246746068,-0.013723751608134438
2020-09-04,2.410929237769452,2.4916087904452375,2.3216653910510785,-0.0016746932453367558,-0.0006128960847854303,-0.0003504756915789775
2020-09-08,2.3530210504112574,2.4247287112407165,2.2863549717028055,-0.024019032351098812,-0.026842126846313596,-0.015209090631396749
2020-09-09,2.3783136764604036,2.4526491671957267,2.301476025401022,0.01074900118072697,0.011514878273010343,0.006613607198078464
2020-09-10,2.339400706546041,2.41113542389863,2.2744377398501254,-0.01636158018158307,-0.016926082968711897,-0.011748236893401987
2020-09-11,2.3450891927070527,2.4143023391552836,2.2765840472278196,0.002431599744795454,0.0013134539127350742,0.0009436650386549505
2020-09-14,2.3805406115656234,2.4548487276080535,2.30392829214554,0.015117300855259641,0.01679424643516536,0.012011085183091463
2020-09-15,2.382191168543812,2.4587137908568772,2.3065630406032476,0.0006933538416313834,0.0015744608640670954,0.0011435896102711673
2020-09-16,2.3959099097296046,2.473907363446559,2.316989051482556,0.0057588750084145435,0.006179479956626821,0.004520149978897381
2020-09-17,2.3802636228704297,2.4566497939587113,2.3052012496883165,-0.0065304153531134945,-0.006975834965705863,-0.005087551789119127
2020-09-18,2.3562794234170186,2.431526199974518,2.2879735161873493,-0.010076278620133605,-0.010226770639419569,-0.007473418428562972
2020-09-21,2.3034206813002416,2.378521380861079,2.2523571078763323,-0.022433138273610376,-0.02179899156093601,-0.015566792211112568
2020-09-22,2.312853190485534,2.388598314807987,2.2591683088862125,0.004095000649194436,0.004236637949943445,0.003024032461842685
2020-09-23,2.256656786412777,2.3271717831994017,2.2162710433242947,-0.02429743673482354,-0.025716559886932333,-0.018988078662924623
2020-09-24,2.2585973867734834,2.328494997121209,2.2172075084009006,0.0008599448407000665,0.000568593144416818,0.00042254086178972194
2020-09-25,2.2869642616693344,2.3616211461330145,2.2417385724986807,0.012559509305186234,0.014226420521736172,0.011063945979270295
2020-09-28,2.3314117057888066,2.411526520411052,2.2787709486216525,0.019435128420864922,0.021131829023361304,0.016519489193467685
2020-09-29,2.3106657650060347,2.387965483762378,2.261313709778634,-0.008898445834882196,-0.009770175218582144,-0.007660813322891369
2020-09-30,2.318919226299057,2.396593380772098,2.267722815905475,0.0035718975102401185,0.003613074421882523,0.002834240158331891
2020-10-01,2.3253008140402702,2.403532458504201,2.2728774228462103,0.002751966376766779,0.002895392179489198,0.002273032182143808
2020-10-02,2.3199219403242446,2.3999054061005904,2.2701470744647154,-0.0023131947847554457,-0.0015090507268904485,-0.0012012739244318116
2020-10-05,2.3630977723081155,2.4476244381559242,2.306262056971471,0.018610898596802095,0.01988371372222897,0.01590865319387791
2020-10-06,2.3324234464747446,2.413782216914502,2.2810051841789805,-0.012980557213005284,-0.013826557993888877,-0.010951432304122988
2020-10-07,2.3793595901901923,2.465978603395505,2.319883644538262,0.020123337289542187,0.021624314785003707,0.017044441910497143
2020-10-08,2.4150524013656467,2.5066518561524544,2.350655535155533,0.015001015955138364,0.016493757367133988,0.013264411208604221
2020-10-09,2.4204300524327214,2.510466601863871,2.353560623744242,0.0022267223121261726,0.0015218490362167714,0.0012358631646625096
2020-10-12,2.440309234415678,2.5301484066237934,2.3685959902682305,0.008213078482882219,0.007839899063110334,0.006388348943427324
2020-10-13,2.4181102584176517,2.503389069423074,2.347529520071545,-0.009096788097571529,-0.01057619273662569,-0.00889407492170069
2020-10-14,2.4049498268550424,2.4912766824772006,2.3379290846132146,-0.005442444783812728,-0.004838395714759858,-0.004089590940708598
2020-10-15,2.4111387719422828,2.4995879033343362,2.3445317493077558,0.002573419627358131,0.003336129188537651,0.002824150971043382
2020-10-16,2.4049385058644814,2.4894626734560945,2.3365056896802443,-0.0025715094253189186,-0.00405075967311852,-0.0034233102750180766
2020-10-19,2.3797017445971917,2.4652778482801616,2.317289926874768,-0.010493724145440475,-0.00971487760543821,-0.00822414552224171
2020-10-20,2.399500871108007,2.48960522955857,2.3365506163246015,0.008320003359986838,0.009868007898330644,0.008311730537666984
2020-10-21,2.384043634024843,2.471120778644434,2.3219525176489793,-0.006441855166331445,-0.007424651384353664,-0.006247713434338165
2020-10-22,2.4207403765755924,2.5143997786585945,2.355798388290322,0.015392647192784992,0.017513915300369165,0.01457646975297
2020-10-23,2.427275099399728,2.5223596735825264,2.3620046707262365,0.00269947280896754,0.003165723681449961,0.002634470957601165
2020-10-26,2.366682750366159,2.4542790044719265,2.3112482055337082,-0.02496311565530973,-0.026990864872932452,-0.02148872346510744
2020-10-27,2.340382146388405,2.4258647294751596,2.2898710767184047,-0.011112855736023275,-0.011577442884445288,-0.009249170540888363
2020-10-28,2.2623479179092696,2.3408814214227025,2.2297757386136943,-0.03334251570819535,-0.035032171010971225,-0.026243983216222233
2020-10-29,2.2935875519550626,2.377755309774368,2.25577669470171,0.013808501247086102,0.015752138495445323,0.011660794239415795
2020-10-30,2.286126094723,2.3715128506008445,2.2513892515986855,-0.0032531817787825323,-0.002625358104705877,-0.0019449811292622243
2020-11-02,2.3183605723145893,2.40676161416959,2.276072755487887,0.014100043591644074,0.014863408207893336,0.010963676703916958
2020-11-03,2.3641686280082537,2.453594408819322,2.3082681106620826,0.01975881415544034,0.01945884227752681,0.014145134463109166
2020-11-04,2.376702483099014,2.467604673707573,2.3178402189076635,0.005301590987323079,0.005710098147392317,0.004146878866179593
2020-11-05,2.433932813135953,2.5298529397447425,2.3591517844848404,0.024079719882446504,0.02522619068622589,0.017823301727263097
2020-11-06,2.428898904815557,2.5227511773997344,2.3544362393554503,-0.002068219916847469,-0.0028071838617325096,-0.0019988307494254176
2020-11-09,2.5528942097654026,2.668549736988246,2.4397844588418667,0.051050006529300695,0.057793475985526976,0.036249959994576475
2020-11-10,2.557981979694079,2.6713949562178407,2.4414188824553,0.0019929419359465683,0.001066204309463581,0.000669904920293396
2020-11-11,2.5663758857743355,2.678952898751949,2.445767791812654,0.003281456299101926,0.0028292119503021684,0.0017813040558531945
2020-11-12,2.5247105994298917,2.630911829547166,2.418506740257619,-0.016235067737114584,-0.01793277859687803,-0.011146214144406086
2020-11-13,2.586327016934727,2.6993004694310962,2.456800440921877,0.024405338781700037,0.025994272828102183,0.0158336133725967
2020-11-16,2.6474859111942197,2.770740297455241,2.4956761972226125,0.023647007458467817,0.026466052532196027,0.015823733850417243
2020-11-17,2.6493580597686224,2.7765623245686455,2.498814378079454,0.0007071420348212509,0.0021012532711028875,0.0012574471240835994
2020-11-18,2.63078456032648,2.755842240534455,2.4876674671239325,-0.007010565964709281,-0.007462495565414562,-0.00446087994902955
2020-11-19,2.6547209111045698,2.7844885471021557,2.5031024208119943,0.009098559851331567,0.010394755601882855,0.006204588793335297
2020-11-20,2.6348959831385814,2.7617173370862003,2.490765041347213,-0.007467801185074285,-0.008177878856658882,-0.004928835257479891
2020-11-23,2.6877104275230534,2.8298998692705215,2.5272298790345236,0.02004422365150127,0.024688454270362925,0.014640015048383415
2020-11-24,2.7563489206732807,2.911129684843254,2.5693647774858177,0.02553790484545737,0.02870413064956656,0.016672364789937832
2020-11-25,2.746330881815943,2.90132519674397,2.5643415991588987,-0.003634532182119732,-0.003367932438850474,-0.00195502731684305
2020-11-27,2.7507165104168485,2.9045065971236848,2.5659813007476266,0.001596904666492982,0.0010965335369110818,0.000639424010149714
2020-11-30,2.7211842661896903,2.865049136305308,2.545755201476734,-0.010736200591853318,-0.013584910035133402,-0.007882403221332712
2020-12-01,2.752234251143572,2.8970557973172584,2.5622187549338955,0.011410467618703013,0.01117141783237452,0.006467060716447204
2020-12-02,2.77443902797338,2.926099354907192,2.5771281543011453,0.008067909488657099,0.010025197863578805,0.00581894084513257
2020-12-03,2.7922848905712536,2.9512031572649686,2.590240472626609,0.006432241767774238,0.008579272031784102,0.005087957424072975
2020-12-04,2.837512433739994,3.005894560956554,2.618505915183472,0.01619732403432783,0.018531900644302324,0.01091228511621578
2020-12-07,2.8332642816264513,2.9987780408833244,2.6147526716390033,-0.001497139558942262,-0.002367521524429317,-0.00143335308990733
2020-12-08,2.8462027246427497,3.0138143249018126,2.6227064591386746,0.004566620593851267,0.005014137029647925,0.003041889042104229
2020-12-09,2.829757464039595,2.995246762340442,2.6127985773510316,-0.005777965308222721,-0.006160818338394214,-0.003777731874308521
2020-12-10,2.8357383164603034,3.00941454702231,2.620377802196655,0.0021135565491787744,0.0047300893068313865,0.002900807169493813
2020-12-11,2.8225923624001874,2.9908109919195143,2.6104151109637868,-0.004635813531808974,-0.006181785464286826,-0.0038020056590757356
2020-12-14,2.7979217153782066,2.960106172797005,2.594030174024841,-0.00874042151839527,-0.010266385674476575,-0.006276755321453997
2020-12-15,2.83973174280443,3.007322930030306,2.61919881219653,0.014943244193153404,0.01595103502273565,0.009702523287397957
2020-12-16,2.847311907617288,3.013867497118648,2.622677852974914,0.0026693242529212124,0.0021762102842330933,0.001328284344885855
2020-12-17,2.8566054961699914,3.0227307636577603,2.6274150021084894,0.0032639868248507398,0.002940828204154977,0.0018062260785105533
2020-12-18,2.8484292834758254,3.011197811465209,2.6211314330207265,-0.002862212757459237,-0.0038154083490371526,-0.0023915403857861506
2020-12-21,2.8319078339542654,2.9909647018629753,2.610134096002851,-0.005800196486324349,-0.006719289422035146,-0.004195645010140359
2020-12-22,2.8183704610489917,2.9730500612145905,2.6000981048364276,-0.004780301372439455,-0.005989586114883427,-0.003845009795394261
2020-12-23,2.834209968446048,2.998984909866771,2.6146534276629314,0.0056200941700050855,0.008723313808441269,0.005597989860240071
2020-12-24,2.833838052970991,2.995089416800608,2.6124678410785895,-0.00013122368462381573,-0.0012989372014999834,-0.0008358991525295734
2020-12-28,2.845506150489391,3.0072924522233864,2.61939503590866,0.004117418603426293,0.004074347615242058,0.0026515904698027892
2020-12-29,2.8361089959320243,2.9967190326981306,2.613372108879953,-0.003302454488018136,-0.0035159265995026168,-0.002299358037310184
2020-12-30,2.854867575392055,3.022867167507031,2.6282710538888163,0.006614195535833423,0.008725587725639361,0.005701042326976102
2020-12-31,2.869266560686765,3.033567743477753,2.634350026730232,0.005043661365880636,0.0035398763418197365,0.002312917015321325
2021-01-04,2.8353713315929325,3.0014133826912683,2.6162275116837597,-0.011813203261853644,-0.01059951961040495,-0.006879311732528648
2021-01-05,2.874066107261364,3.051748975657704,2.644801846551893,0.013647163331757417,0.016770629882812527,0.010921961007031689
2021-01-06,2.9276413788204265,3.1110931493896183,2.6783863297882924,0.01864093224011243,0.01944595515727987,0.012698298468062585
2021-01-07,2.9709235604077646,3.1610127546582802,2.706626782124857,0.014783976582807057,0.016045680046081534,0.010543830821745814
2021-01-08,2.9762334805526867,3.1656105154112937,2.709228927406998,0.001787296117505388,0.0014545214176178156,0.0009613978917693
2021-01-11,2.9775118046817033,3.165540877405028,2.7091895489414077,0.0004295107011493826,-2.199828624727118e-05,-1.453493471581524e-05
2021-01-12,3.0045692266896586,3.2022595391910897,2.729917481463262,0.009087259357095201,0.011599490642547616,0.00765097168263984
2021-01-13,3.0039199906766694,3.201867640120728,2.7296954429182048,-0.0002160828937546322,-0.00012238204479231296,-8.133525887321635e-05
2021-01-14,3.032793998346273,3.2396813780542155,2.751138999559706,0.009612109430084947,0.011809900403022766,0.00785565902494123
2021-01-15,2.992973800131943,3.190923536238789,2.7239867566070495,-0.013129872400183928,-0.015050196647644065,-0.009869455144579042
2021-01-19,3.02301881308064,3.225317635413421,2.7432570464887918,0.010038515187594577,0.010778728723525921,0.007074296464548491
2021-01-20,3.03919730472242,3.2412648196494205,2.752227132496962,0.005351766774250644,0.00494437634944922,0.0032698671164086424
2021-01-21,3.018916667942585,3.216948233606446,2.7386295842574415,-0.0066730240739296676,-0.007502190470695447,-0.004940561801374255
2021-01-22,3.0054608624265673,3.202610240051463,2.7305725333274053,-0.0044571636106762735,-0.004457017183303935,-0.002942000983393589
2021-01-25,2.9973098570328545,3.187305348499996,2.721924364155263,-0.002712065059843005,-0.00477888047695163,-0.0031671633207281946
2021-01-26,2.987002298871809,3.1701193826103364,2.7122293539917206,-0.003438936463929454,-0.005392004847526555,-0.003561822029742978
2021-01-27,2.9174964328669017,3.095014163460553,2.6694630075138632,-0.02326943840356588,-0.023691605925559966,-0.01576796830065863
2021-01-28,2.9540763361225473,3.1409293314504194,2.6959510272390887,0.012538114132225386,0.014835204482078534,0.0099226022801846
2021-01-29,2.895006529554102,3.0775196185609657,2.658092313167099,-0.019996032548698195,-0.02018820106983188,-0.014042804817104182
2021-02-01,2.9408102772957383,3.1305791249391453,2.68992109144264,0.015821638837094865,0.01724099695682524,0.011974293788772794
2021-02-02,2.98555838449004,3.183594608593437,2.7214252689724625,0.015216250956335164,0.01693472087383263,0.011711933718072887
2021-02-03,3.01292558605258,3.2189252168417415,2.7423677555773045,0.009166527007045788,0.011097709536552536,0.007695411240430383
2021-02-04,3.0555710450587372,3.267031113480648,2.7709252390232733,0.014154169357375235,0.0149447077512741,0.0104134404978653
2021-02-05,3.0722599595143945,3.2855006486689327,2.7818405602904845,0.0054617988616711965,0.005653308629989695,0.003939233406044185
2021-02-08,3.128677510748016,3.356055274327887,2.8237214737826104,0.018363534328826425,0.021474543213844344,0.015055109228744756
2021-02-09,3.1270146843288176,3.355185205645547,2.823207547713745,-0.0005314790078191356,-0.0002592533826828447,-0.00018200310251448304
2021-02-10,3.1281268332461267,3.356676646962328,2.8242253490856823,0.00035565836095452497,0.00044451832771308375,0.0003605124153063244
2021-02-11,3.1337903062910697,3.363171031393787,2.8286579274879546,0.0018104998124599536,0.0019347661733626342,0.0015694846743399271
2021-02-12,3.157898333834935,3.3925444310412463,2.848670992264087,0.007692929388245506,0.008733840584755015,0.007075109571098137
2021-02-16,3.180063093633251,3.4215236792183807,2.868936982919444,0.0070188326080147245,0.008542039394378698,0.0071141913932468714
2021-02-17,3.1878615297198563,3.429333277339037,2.8745589867407007,0.002452289736709412,0.002282491326332181,0.0019596121681053624
2021-02-18,3.166692762372605,3.403929076103218,2.8557756368550735,-0.006640428748205918,-0.007407912611961387,-0.006534341431944091
2021-02-19,3.195035557023242,3.4422242703413986,2.883998561233757,0.008950282448431102,0.01125029146671297,0.009882752697534691
2021-02-22,3.192535863355743,3.440375677932365,2.8826281833505987,-0.0007823680278000733,-0.0005370342731475519,-0.0004751659385613394
2021-02-23,3.192546151290907,3.43425430575337,2.8780837589723847,3.222496349097881e-06,-0.0017792743444442483,-0.0015764864870403406
2021-02-24,3.2540183428649403,3.507886541710633,2.9320917210914192,0.01925491086453901,0.021440531015396225,0.01876525029914977
2021-02-25,3.166091465319674,3.401830086591607,2.857869495565723,-0.02702101472109486,-0.030233718752861072,-0.025313746153230232
2021-02-26,3.147782964821666,3.3912287238694514,2.8500961785187147,-0.005782682117226656,-0.0031163704395293923,-0.0027199692145039034
2021-03-01,3.2226183282995136,3.47573480388159,2.9102528115390025,0.023773990873632966,0.024919015169143632,0.021106878242808325
2021-03-02,3.2091474802570152,3.4575862262921073,2.8974325842800974,-0.004180094156420511,-0.005221508145332288,-0.004405193668424068
2021-03-03,3.190759497564349,3.434298878092482,2.8807794008679397,-0.0057298652697611585,-0.0067351460456848145,-0.005747565448980252
2021-03-04,3.1426448248783,3.3764578231403695,2.840184928281513,-0.015079379289719919,-0.016842172741889927,-0.014091489467814244
2021-03-05,3.2005075733979473,3.4371266075626306,2.882408450087989,0.01841211837290202,0.017968174815177873,0.014866469216856304
2021-03-08,3.2113164622188517,3.440743732638706,2.884923375763493,0.003377242069584785,0.001052368879318255,0.0008725084314220588
2021-03-09,3.23103020164103,3.483661990321549,2.915050774739366,0.006138834230170254,0.012473540902137703,0.010443049971093243
2021-03-10,3.260924456324856,3.5079185263071224,2.9320476672298796,0.009252236227517363,0.006962941884994578,0.005830736341816634
2021-03-11,3.285771171387525,3.551861028872903,2.9626284014086677,0.007619531024239734,0.012526659965515163,0.010429821629632574
2021-03-12,3.3107670300699388,3.575547474756601,2.9791443001476776,0.007607303545687394,0.006668742299079877,0.005574745294130379
2021-03-15,3.34005171973627,3.6116417536801704,3.0042095728605056,0.008845288538986251,0.01009475588798514,0.008413581279559157
2021-03-16,3.312903510361731,3.5777379242106275,2.980803767405312,-0.008128080536633941,-0.009387373328208937,-0.00779100288696144
2021-03-17,3.336187123141114,3.6081240180202863,3.0020080989815203,0.007028159047361093,0.008493102192878688,0.007113628816520778
2021-03-18,3.273183766732226,3.527974234179103,2.9476931929310517,-0.01888483891442172,-0.02221369981765753,-0.01809285793362647
2021-03-19,3.273948441285196,3.534875592200858,2.95238966401127,0.0002336179718174236,0.001956181526184153,0.0015932699819238838
2021-03-22,3.276703783157392,3.5353575317391037,2.9527173990498343,0.0008415959877225987,0.00013633847236627084,0.00011100670164210236
2021-03-23,3.222621862497141,3.4667997715775707,2.9072538251387416,-0.016504977025460166,-0.019392030239105185,-0.015397197823849518
2021-03-24,3.201270228698933,3.4370346132532807,2.8874759814125213,-0.006625547367714701,-0.008585773706436206,-0.006802929814797465
2021-03-25,3.2280054081339613,3.4643230732140933,2.90568087234009,0.008351428503395653,0.007939535975456158,0.006304776574682869
2021-03-26,3.2772023289871157,3.5161423605604374,2.9399729503003464,0.015240656266928054,0.01495798349380495,0.011801735795107904
2021-03-29,3.2564544491337193,3.4861205982182595,2.9202847888392305,-0.006330973119932137,-0.008538267016410805,-0.006696715171853773
2021-03-30,3.2611346834420605,3.500159922981963,2.9295089019734593,0.0014372178028119187,0.004027205705642745,0.0031586347911962687
2021-03-31,3.263422571797566,3.508966607940996,2.935301661608353,0.000701562056643068,0.002516080737113846,0.001977382499500635
2021-04-01,3.305490512800585,3.56037673672283,2.968901948598126,0.012890742794564591,0.014651073813438442,0.011446962139953332
2021-04-05,3.338292622867728,3.5941606056282147,2.9908587599557617,0.009923522678439545,0.009488846659660322,0.007395600035899896
2021-04-06,3.3415884113030536,3.6006490713506687,2.9951085602374956,0.0009872676867057617,0.0018052798509597956,0.001420929780648228
2021-04-07,3.343152461063643,3.60217125259954,2.996115673153468,0.00046805577709663204,0.00042275190353402436,0.00033625255836899903
2021-04-08,3.343433246874143,3.603313628812324,2.996883635127368,8.39883354917248e-05,0.0003171354532240933,0.0002563192004838566
2021-04-09,3.3538099329932054,3.612714535208906,3.0032735043423555,0.00310360200215265,0.002608961462974513,0.0021321712795552283
2021-04-12,3.3462477873877026,3.599832907049656,2.9945385971623373,-0.002254792536425465,-0.0035656368732452925,-0.0029084621055620596
2021-04-13,3.3412719450611377,3.598068477363711,2.9933415219733495,-0.0014869915925889154,-0.0004901421070099277,-0.00039975280002135793
2021-04-14,3.3481466606758934,3.605544724321363,2.998441941687555,0.002057514541705441,0.0020778501033782426,0.001703921746571524
2021-04-15,3.3655341254269517,3.62039480625893,3.0085690648228005,0.005193161027046589,0.004118679165840078,0.0033774618058957095
2021-04-16,3.372047220547291,3.6231229178394906,3.0104389321713443,0.001935233718515006,0.0007535398006439653,0.0006215138520191399
2021-04-19,3.3523526563848662,3.5965705996812196,2.9920155180168932,-0.005840536289769993,-0.007328572273254341,-0.006119843175547368
2021-04-20,3.3059693018127447,3.536868390703695,2.951181160319677,-0.01383606061963083,-0.016599760055541868,-0.013647776039704906
2021-04-21,3.3444918544818862,3.5891074202731574,2.9866742038649963,0.011652422981671018,0.014769853949546885,0.01202672476449207
2021-04-22,3.3069769306320307,3.543720535545008,2.9561363385388253,-0.011216927856942616,-0.012645730376243614,-0.010224705890804042
2021-04-23,3.3423854613209807,3.5882532161219483,2.9860363277711035,0.010707220350092639,0.012566645741462601,0.010114550145226886
2021-04-26,3.358230669664946,3.6162547222017722,3.0048040738885065,0.004740688507453905,0.007803659439086896,0.0062851700573287594
2021-04-27,3.3580816022780873,3.618367484870453,3.0062224312573176,-4.43886681773531e-05,0.0005842405557632269,0.00047202990076344875
2021-04-28,3.376695743881713,3.6408540670957437,3.021936711767041,0.005543087931811463,0.0062145656347274425,0.005227251432340374
2021-04-29,3.3924628826647893,3.6534083133440842,3.030785257256149,0.004669398719634454,0.003448159694671604,0.0029281041706310518
2021-04-30,3.36663266550838,3.624397203792177,3.009792780193554,-0.007614001405409465,-0.007940834164619437,-0.006926415196304769
2021-05-03,3.387361352061581,3.6426077365596505,3.023174304818789,0.006157097792571564,0.00502443075180059,0.004445995323430374
2021-05-04,3.369566581372332,3.6197940590783957,3.006252133630125,-0.005253283851284207,-0.0062630069255829035,-0.005597484459195945
2021-05-05,3.389697498226232,3.6450258758278666,3.0250574903606733,0.005974334196328979,0.0069705116748810525,0.006255415678604548
2021-05-06,3.409787226610002,3.6615642579038528,3.037520415590701,0.005926702425299801,0.004537246823310914,0.004119896983690641
2021-05-07,3.4470149794108886,3.707241102308672,3.0716839075323232,0.010917910804041142,0.01247468054294587,0.011247164551148714
2021-05-10,3.419560798988655,3.6654358094071315,3.039941310723475,-0.007964624635001027,-0.01127665877342221,-0.010333939872852582
2021-05-11,3.3890788496531448,3.6359200845831774,3.0176521820752273,-0.008913995430209987,-0.008052446246147205,-0.0073320917642792915
2021-05-12,3.319759800784705,3.5564251645195015,2.9597916451496857,-0.020453654796356857,-0.021863769888877838,-0.019174024517879085
2021-05-13,3.3540055191710154,3.5870890425045205,2.982085335673678,0.010315721751379625,0.008622106909751848,0.007532182395516118
2021-05-14,3.4163553042601653,3.6635865704050556,3.0363721415338527,0.01858964892358328,0.021325795650482204,0.018204309987631895
2021-05-17,3.4232757535851297,3.673541684627507,3.0434387069081406,0.002025681964734405,0.0027173137664795455,0.002327305430591231
2021-05-18,3.3975580446089326,3.645970776863797,3.023967630156243,-0.00751260220543537,-0.007505266070365946,-0.006397722650928084
2021-05-19,3.377008208023594,3.6229394323083524,3.007666152700059,-0.006048413688750975,-0.0063169306516647206,-0.00539075792135435
2021-05-20,3.406716185072625,3.6565836744154825,3.0315577327725522,0.008797129061885789,0.009286448955535986,0.007943561173185731
2021-05-21,3.4111466691765813,3.6613690776004604,3.034951969634906,0.0013005145903757231,0.0013087087869643188,0.0011196345778476946
2021-05-24,3.4445444009359,3.702498535528159,3.0639442416056095,0.009790763927304491,0.011233354806900131,0.009552794331104675
2021-05-25,3.422441459182266,3.6792033467159477,3.047154634350321,-0.006416796876715702,-0.0062917482852935525,-0.005479736552415182
2021-05-26,3.4420499737749966,3.7059967118615953,3.0678438758520206,0.005729393716909836,0.007282382249832242,0.006789692019063098
2021-05-27,3.458876467904397,3.727729634241175,3.0846198849851567,0.004888509538676589,0.00586425840854643,0.00546833861565954
2021-05-28,3.45750171726353,3.7238512744510213,3.0814913747248585,-0.0003974558367793035,-0.0010404080152511819,-0.0010142287792174187
2021-06-01,3.4789431243217903,3.7558856116747226,3.1073063776929994,0.006201416170294793,0.008602474927902115,0.00837743800936197
2021-06-02,3.490188218984542,3.771554242956163,3.1199940425163675,0.003232330699555197,0.004171754121780502,0.004083171493629134
2021-06-03,3.480220374166601,3.7573233316270858,3.108152428788878,-0.0028559619689625393,-0.00377322196960439,-0.003795396262339823
2021-06-04,3.5028033208634946,3.7828596395666034,3.129874322948136,0.006488941580977237,0.006796409487724198,0.006988683681682151
2021-06-07,3.498803873999428,3.7785232376874913,3.126187383122177,-0.0011417845929986292,-0.0011463290452957686,-0.0011779833455056732
2021-06-08,3.4935225390484215,3.7732549333351715,3.121659425539015,-0.0015094687045060784,-0.0013942760229110895,-0.001448396090268922
2021-06-09,3.482758702210485,3.7605712766731947,3.1107463842611627,-0.003081084125728384,-0.0033614629507064953,-0.00349591028046492
2021-06-10,3.4924830835585094,3.7685655045236137,3.1177114971108115,0.0027921490345721445,0.002125801444053721,0.0022390487649166513
2021-06-11,3.5021057204500994,3.7807870632013474,3.12838986429402,0.0027552422334957694,0.003243026733398491,0.003425065851379916
2021-06-14,3.4932760761680663,3.7743267442289525,3.122699319224325,-0.0025212386452165836,-0.001708723306655835,-0.0018190012487395713
2021-06-15,3.4896170344271797,3.772487140765964,3.1210621325258923,-0.0010474527810296896,-0.0004873991012572798,-0.0005242857320120198
2021-06-16,3.4751140520481973,3.7594531125364883,3.1094129646855646,-0.004156038395016326,-0.0034550225734710782,-0.0037324370184517175
2021-06-17,3.442224475914215,3.719977758651252,3.07257375417761,-0.009464315599828299,-0.01050029158592225,-0.011847641637295347
2021-06-18,3.3868007053837683,3.661074971877221,3.0193008119826836,-0.016101149392857894,-0.015834177136421212,-0.017338214297539345
2021-06-21,3.4437043587269427,3.723277742044891,3.0739549902650083,0.01680159486583266,0.016990302205085683,0.01810160089561763
2021-06-22,3.448675430902031,3.7270612044197127,3.077432396143645,0.0014435246633441867,0.0010161644220352262,0.0011312481443772615
2021-06-23,3.4494771285462904,3.731319982918648,3.081389624982515,0.00023246537991816751,0.0011426639556884055,0.0012858865214484538
2021-06-24,3.47692711576804,3.7637809701690292,3.1115205418123977,0.007957724083625939,0.008699598908424422,0.009778353436902254
2021-06-25,3.4973783475432985,3.783885464375952,3.1305705664655616,0.005881984607186919,0.0053415685892104214,0.0061224164832502925
2021-06-28,3.4872811152073866,3.7701101898396083,3.1173967675253684,-0.0028870860777772123,-0.0036405104398727905,-0.004208114355034764
2021-06-29,3.484744259247806,3.768898019626783,3.116237454393077,-0.0007274595525200711,-0.000321521162986782,-0.0003718850113557659
2021-06-30,3.50063088739953,3.787745079650305,3.1342348830061906,0.00455890790538338,0.005000681877136204,0.005775371381838035
2021-07-01,3.5196528966639455,3.8091240278908334,3.1550688936146947,0.00543388031365577,0.0056442415714264005,0.00664723972075798
2021-07-02,3.531692761228511,3.817352578896008,3.16316591558244,0.0034207533862151696,0.0021602213382720947,0.00256635345875722
2021-07-06,3.4937405499051706,3.768467188185056,3.116128844500018,-0.01074618147421702,-0.01280609786510467,-0.01487025098832373
2021-07-07,3.4834505578889434,3.751760454210816,3.1001380005537484,-0.0029452650731338625,-0.004433296918869067,-0.00513163760044566
2021-07-08,3.450384114965177,3.714781160096266,3.065219459370094,-0.009492439285202714,-0.009856517910957319,-0.011263544131718484
2021-07-09,3.5068260466028125,3.782987476925749,3.1273365039677943,0.016358158905506404,0.018360790014267048,0.02026512144434367
2021-07-12,3.513493258160557,3.789781925384001,3.1335481738543045,0.0019012096605712792,0.0017960536479950662,0.0019862492822979583
2021-07-13,3.4845720959365907,3.7537835175756253,3.1009974028006733,-0.008231455164114276,-0.009498807191848702,-0.01038783169993307
2021-07-14,3.476539407130725,3.734745806415033,3.083854360217409,-0.002305215270257399,-0.005071606040000898,-0.00552823506649236
2021-07-15,3.4622502263764603,3.714006130844459,3.0652343064695025,-0.004110173675855977,-0.005553169250488321,-0.006037916053400649
2021-07-16,3.4202696291091517,3.65860191966507,3.016686011371035,-0.012125234897087389,-0.014917641282081506,-0.015838363480403794
2021-07-19,3.3618877338507085,3.58962285506186,2.958059334313167,-0.01706938387592838,-0.018853940963745153,-0.019434132964744166
2021-07-20,3.420716615602274,3.6599428475848863,3.017307746839103,0.01749876450638732,0.01958979964256291,0.020029487521991518
2021-07-21,3.474224343039461,3.732089693393229,3.0772140915380692,0.015642256711103197,0.01971256077289585,0.019854237527386243
2021-07-22,3.465299155593597,3.71731151809724,3.0647640026148353,-0.0025689726870243845,-0.003959758877754238,-0.004045896240196578
2021-07-23,3.486042980244367,3.731774937443324,3.0770976334928615,0.005986156957700439,0.003890827894210913,0.004024332988609602
2021-07-26,3.510284916145622,3.7717283754713598,3.1110122943843397,0.006953997996764771,0.010706282854080262,0.011021639522364124
2021-07-27,3.491214395244681,3.7448683431615577,3.0883335486490857,-0.005432755846463078,-0.00712141215801243,-0.0072898283867894875
2021-07-28,3.504683592779205,3.765056363349331,3.105389689555511,0.0038580264657679386,0.005390849113464435,0.005522765154005516
2021-07-29,3.5206754142250145,3.7841570986818502,3.121511397106583,0.00456298579385539,0.005073160529136755,0.0051915247884330995
2021-07-30,3.4912177843820693,3.7475830472424794,3.090730587254024,-0.008367039382251473,-0.009665045738220246,-0.009860867360949155
2021-08-02,3.487080751868601,3.7417920438383367,3.085850595753733,-0.001184982653323785,-0.0015452635288238925,-0.001578911963538765
2021-08-03,3.5123058266962808,3.767915770122201,3.107875572239846,0.007233865982071874,0.0069816082715987715,0.007137408569429793
2021-08-04,3.481296128952857,3.7315424051453068,3.077381760809705,-0.008828871765017121,-0.009653444290161128,-0.009811786450692472
2021-08-05,3.5188621558937436,3.7799704805276875,3.1174642876649696,0.010790816279161675,0.012978031635284326,0.01302487957968479
2021-08-06,3.5324303921466416,3.8003125295762006,3.134484929990131,0.0038558589827601963,0.005381536483764604,0.005459771389365375
2021-08-09,3.523623685470087,3.7879077597300927,3.123984449935882,-0.002493101264255282,-0.003264144659042345,-0.0033499858154628637
2021-08-10,3.5445645466610043,3.8159482545943932,3.1477881269923507,0.005942990245317192,0.007402634024620047,0.007619652862534965
2021-08-11,3.5627305932946087,3.8390411517539325,3.168387879670903,0.005125043258336737,0.006051679849624625,0.006544199243242899
2021-08-12,3.561307446760478,3.8318580291410775,3.161946043360491,-0.00039945387305151403,-0.0018710720539093506,-0.0020331589928569427
2021-08-13,3.5542239064916044,3.8192834613944227,3.150165317409558,-0.0019890280114167602,-0.003281584978103602,-0.0037257833591659573
2021-08-16,3.5409400406072207,3.797411282337032,3.129767104714498,-0.0037374870671825766,-0.005726775527000405,-0.00647528324381208
2021-08-17,3.5121565107488677,3.7583607325974175,3.093590452051917,-0.008128782054557804,-0.010283465981483442,-0.011558896062293766
2021-08-18,3.47814380900574,3.7234913584201337,3.0615053262178944,-0.009684278487884224,-0.009277814626693748,-0.01037148463292592
2021-08-19,3.4580487771211987,3.6937072333349605,3.0340969450252273,-0.0057775161085951154,-0.007998977899551396,-0.008952583213868381
2021-08-20,3.4833127551057017,3.721989279686688,3.059943708576498,0.007305847780879171,0.007656818628311246,0.008518766545561274
2021-08-23,3.5315486559375193,3.7849409583917524,3.116560462978786,0.013847708840130757,0.016913449764251798,0.018502547691841897
2021-08-24,3.554944269018467,3.819472318977785,3.147573337370618,0.006624746070428067,0.009123355150222778,0.009950993975643918
2021-08-25,3.573308242549542,3.8442437993872995,3.1698625579527904,0.005165755674742423,0.0064855766296387785,0.00708139833233945
2021-08-26,3.5394446712569145,3.8037702625311978,3.1337751250862143,-0.009476812240655219,-0.010528348088264416,-0.011384541823757366
2021-08-27,3.5855257262542137,3.862559007157631,3.184981329433663,0.013019289543219514,0.01545538783073419,0.016340101731466827
2021-08-30,3.57788443100332,3.848252838687652,3.172450332807088,-0.002131150585517161,-0.003703805804252669,-0.003934401910231311
2021-08-31,3.580322306741612,3.8526945465428035,3.176345329931671,0.0006813735282131805,0.0011542141437530518,0.0012277566915086524
2021-09-01,3.5643476127136218,3.832141876438778,3.15834885740622,-0.004461803340417236,-0.005334622263908351,-0.00566577958506731
2021-09-02,3.5877569930145574,3.8620278675248993,3.1844727229712566,0.006567647952583799,0.0077987694740295765,0.008271367966137477
2021-09-03,3.582252111482353,3.8538922446668793,3.1773606118979845,-0.001534351836794512,-0.0021065676212310702,-0.0022333716417065608
2021-09-07,3.5644836890203293,3.8360614770848884,3.1618085415731363,-0.004960126174556434,-0.004626690745353712,-0.004894650694230784
2021-09-08,3.544544349669461,3.8066838688325344,3.136317766903586,-0.005593892717839388,-0.007658273577690111,-0.008062086724855089
2021-09-09,3.5411064901270017,3.8062269070153105,3.135921287127483,-0.0009699016864551657,-0.00012004196643833343,-0.0001264156904912106
2021-09-10,3.5155825741157134,3.7771760505532113,3.1108394071619103,-0.007207892810468075,-0.007632455229759194,-0.007998249212609387
2021-09-13,3.550177686566807,3.8209986196959163,3.1481963330646754,0.009840506294976015,0.011601939797401428,0.012008632080704684
2021-09-14,3.514167198804448,3.7785990582220736,3.1124645689092105,-0.010143291672024102,-0.011096460819244425,-0.01134991607104796
2021-09-15,3.5560137577452715,3.828156004717786,3.153634075560157,0.011907959005211799,0.013115164041519245,0.013227301303987193
2021-09-16,3.5478205592078487,3.818192552091884,3.14527265354855,-0.0023040401684547573,-0.0026026767492294267,-0.0026513608780441844
2021-09-17,3.521239182442879,3.7892900918904675,3.12055352074532,-0.007492311496978488,-0.007569670677185059,-0.007859138308833558
2021-09-20,3.459341432805722,3.718355198761164,3.0603829287527544,-0.017578399657081745,-0.018719837069511414,-0.01928202531780132
2021-09-21,3.4501977972074425,3.7058510921711068,3.049792523022591,-0.0026431723424489295,-0.003362805843353245,-0.003460483859933028
2021-09-22,3.5031989826950767,3.76899714241352,3.1018824621957886,0.015361781730465651,0.01703955411911018,0.017079830440915433
2021-09-23,3.568034564105931,3.8457939691176675,3.163433788037867,0.018507536035242467,0.020375931262969882,0.019843216689296117
2021-09-24,3.5783630427542463,3.8580389826754726,3.173256743168965,0.0028947249424708943,0.003184001445770246,0.0031051559126169526
2021-09-27,3.604996194432961,3.8983006390348223,3.2053291641262063,0.007442831082397738,0.01043578267097467,0.010107099284129228
2021-09-28,3.5500166051498,3.83887579933007,3.1589484922312137,-0.015250942391579758,-0.015243780612945512,-0.014469862382335497
2021-09-29,3.5463560696449585,3.8303003824477684,3.1522416294635462,-0.0010311319388003337,-0.00223383545875544,-0.0021231314103922205
2021-09-30,3.5089958685119598,3.79180954632539,3.1223078276903053,-0.010534813876357019,-0.010049038529396093,-0.009496036564409893
2021-10-01,3.5600758986637904,3.853753912041125,3.169544310979509,0.014556879536450351,0.016336359977722203,0.015128707960914367
2021-10-04,3.54098282949721,3.8339893269121017,3.1543251340880465,-0.005363107335365047,-0.005128657817840554,-0.004801692419551418
2021-10-05,3.571008481232649,3.8685426462961505,3.1808376806752756,0.00847946832312152,0.009012367129325849,0.008405140706870817
2021-10-06,3.573477761388422,3.8671482041603533,3.17975927915602,0.0006914797791017779,-0.0003604567050934371,-0.00033903066660945225
2021-10-07,3.60686801098558,3.9049166609815344,3.20951406239929,0.00934390860296963,0.009766488075256374,0.009357558428500834
2021-10-08,3.6111060959263,3.913047634592943,3.2159168058839622,0.0011750041664435606,0.0020822399854660834,0.0019949261352933956
2021-10-11,3.5877464744383736,3.8896765593591778,3.197426092258695,-0.0064688272422342985,-0.005972601771354724,-0.005749748747055916
2021-10-12,3.5844819180101837,3.889719842089571,3.1974604360159193,-0.0009099183711694936,1.1127591133197612e-05,1.0741063666053208e-05
2021-10-13,3.590001212534214,3.8956231723511845,3.202159834077255,0.0015397746871865792,0.0015176749229430797,0.0014697282907403242
2021-10-14,3.6390114221574454,3.95022060226233,3.245935551730701,0.013651864364868871,0.014015069603920072,0.013670684763323449
2021-10-15,3.660291666352666,3.972865832678528,3.2647236362039513,0.00584780912355698,0.005732649564742953,0.005788187773239306
2021-10-18,3.659131832804819,3.974287440606958,3.265939619063192,-0.0003168691605941465,0.0003578293323516224,0.0003724611926585464
2021-10-19,3.677247096417058,3.992778313360251,3.2822839315941237,0.004950699903685463,0.004652625918388331,0.00500447480275823
2021-10-20,3.6952184553480953,4.011752595532624,3.299085021886182,0.0048871774074001895,0.004752150177955716,0.005118719355853729
2021-10-21,3.68800818058322,4.003741154377805,3.2919907719793673,-0.0019512445209943774,-0.0019969928264618186,-0.0021503689234292356
2021-10-22,3.6858678659715496,4.001270085361142,3.2897823339603773,-0.0005803443232417216,-0.0006171900033951072,-0.0006708518255238438
2021-10-25,3.703349083187932,4.0229571836969376,3.3092625247670124,0.004742768284715648,0.0054200536012649625,0.005921422400972043
2021-10-26,3.7041652229262514,4.02220904606536,3.308589009513919,0.00022037883007697268,-0.0001859670877457642,-0.0002035242740799914
2021-10-27,3.654348250038516,3.9672326413279877,3.2600997129057863,-0.013448906808854688,-0.013668211698532051,-0.014655581720395272
2021-10-28,3.689265539834371,4.006692044753356,3.2949807352042577,0.009554997883818972,0.009946329593658376,0.010699372832182918
2021-10-29,3.685843156704351,4.001084503417402,3.2900197448202784,-0.0009276597450271762,-0.0013995438814163874,-0.001505620452033285
2021-11-01,3.727234401262405,4.052272909138806,3.3348353976250356,0.011229789982453608,0.012793632745742745,0.013621697217870432
2021-11-02,3.743416132444153,4.066364480789336,3.3473286050858913,0.004341484714851074,0.003477448821067819,0.003746274094893254
2021-11-03,3.771387239808716,4.097118231849965,3.3748769825091567,0.007472080681102389,0.007562959790229806,0.008229959072858506
2021-11-04,3.7798374166270365,4.10776610380793,3.3844364757369934,0.002240601741747783,0.0025988686084748025,0.0028325456831108653
2021-11-05,3.8234843877183886,4.156871967996077,3.4281208320325245,0.011547314416052501,0.011954396367072961,0.012907423911987737
2021-11-08,3.8360735734336235,4.172622838679302,3.4421893003386788,0.0032925950360025436,0.0037891161441803156,0.004103842599332497
2021-11-09,3.8282485555096173,4.158826035075282,3.4298625672890126,-0.0020398508459790188,-0.0033065062761308273,-0.0035810735477137534
2021-11-10,3.788512009063808,4.10960426688119,3.3866178812514445,-0.010379824055212095,-0.01183549582958221,-0.012608285372713635
2021-11-11,3.8034846676979552,4.127416953979476,3.4022717819829733,0.0039521212017610274,0.004334404468536279,0.004622281367552494
2021-11-12,3.8125045480556086,4.137145308186198,3.4108661036056787,0.0023714780380887923,0.002357007861137461,0.002526053817398566
2021-11-15,3.8214155960254015,4.146424941020672,3.419183660501876,0.0023373212693837964,0.0022430038452148082,0.002438546880337844
2021-11-16,3.812235447493326,4.136229740712141,3.409943556084097,-0.002402290015674713,-0.002458792924880826,-0.0027024299760554094
2021-11-17,3.7905055087105604,4.1076865505992854,3.3840245489262992,-0.005700051605431189,-0.006900774836540169,-0.007601007679893357
2021-11-18,3.7841028430435286,4.099902806380325,3.376943402711804,-0.0016891323999710384,-0.0018949216604232655,-0.0020925221174125097
2021-11-19,3.74325713090683,4.053175962575329,3.3340700906378795,-0.010794028024842639,-0.011397061347961479,-0.012695892989943447
2021-11-22,3.750766571421397,4.060038342998754,3.340403520202749,0.002006124680178578,0.0016930872201919023,0.0018996090042180391
2021-11-23,3.775443569030081,4.089545843580903,3.367614280480125,0.006579187784360618,0.007267788648605444,0.008145950066453134
2021-11-24,3.791488308951543,4.110238913139634,3.3869763644687687,0.004249762876361585,0.005059992074966324,0.005749495748629263
2021-11-26,3.6941400554390533,3.989802246530976,3.282316845214514,-0.025675472421385237,-0.029301621913909948,-0.030900575614341452
2021-11-29,3.7223515678072276,4.020360021285303,3.308748814388133,0.007636828042466126,0.007658969759941181,0.008052839021971847
2021-11-30,3.6323074558373443,3.923936449045497,3.2298402742955292,-0.024190114858744227,-0.02398381531238558,-0.02384845285005288
2021-12-01,3.5855692685302194,3.860551744724382,3.1790137835763197,-0.012867354395348252,-0.016153346300125104,-0.01573653382295981
2021-12-02,3.655974988779535,3.947479212478457,3.246306464616046,0.01963585555779157,0.02251685082912447,0.02116778523810736
2021-12-03,3.644586029410913,3.9257189834779735,3.229521071057357,-0.003115163370530638,-0.005512436628341666,-0.005170612738398583
2021-12-06,3.7004800366428037,3.9921473351563486,3.2798339542939488,0.015336174473819408,0.016921321153640756,0.015579054023672656
2021-12-07,3.7742679329388777,4.0781405295605815,3.3432210315787274,0.019940087654956473,0.021540586352348345,0.0193263068094629
2021-12-08,3.777685044000377,4.090874254288595,3.352585519520691,0.000905370557208629,0.0031224340200424194,0.002801037638107129
2021-12-09,3.7500820685129472,4.052558061696342,3.324483937112746,-0.0073068493444863325,-0.009366260170936558,-0.008382062812214985
2021-12-10,3.7854940430794732,4.083526081219645,3.3473283330696506,0.009442986558576338,0.007641597986221216,0.006871561538283277
2021-12-13,3.734392777774957,4.0154087632104165,3.2977103284793583,-0.013499232787841264,-0.016681004762649554,-0.014823166314488878
2021-12-14,3.718619919002961,3.9958677289951074,3.283331082769685,-0.004223674292074264,-0.0048665118217467995,-0.004360372585030525
2021-12-15,3.7553125454355905,4.038418554256958,3.3144711804589284,0.009867269909764609,0.010648707151412973,0.009484300213481678
2021-12-16,3.7493528566704337,4.019436389999171,3.300555348442246,-0.0015870020652209993,-0.0047003954648972,-0.004198507471938728
2021-12-17,3.7181438806900595,3.989247706423697,3.2778954831896168,-0.00832383005105819,-0.007510675787925747,-0.006865470461909884
2021-12-20,3.680579374471138,3.9455506959245383,3.2453766224001424,-0.010103026516539715,-0.010953696966171211,-0.009920652124585594
2021-12-21,3.762836253466874,4.0507382876347595,3.321554491203603,0.022348894189397894,0.026659799814224172,0.02347273603860578
2021-12-22,3.7951173899174657,4.087569505643549,3.3487269833969284,0.00857893734303472,0.009092470407485953,0.008180655252016944
2021-12-23,3.8231991811875035,4.121303497152354,3.3735079873127525,0.007399452608407575,0.008252823948860177,0.0074001266865555415
2021-12-27,3.8670653934050363,4.171380755450116,3.41017230277392,0.011473692616744025,0.012150830030441373,0.01086830551433593
2021-12-28,3.866290513073908,4.16601188185055,3.406170179158118,-0.00020037942271411424,-0.0012870734930037209,-0.001173583989450111
2021-12-29,3.8654295005911354,4.162898947335405,3.403847981011712,-0.00022269730633561746,-0.0007472217082977739,-0.0006817622209880358
2021-12-30,3.8567566048682944,4.151855956041084,3.395538428422874,-0.0022437081627060262,-0.0026527166366575594,-0.002441223178941354
2021-12-31,3.8479904296781138,4.140611671170607,3.3869396330144603,-0.0022729396973393268,-0.002708255052566555,-0.0025323805310037972
2022-01-03,3.906787308499268,4.210546234999511,3.439622033607713,0.015279892165966924,0.01688991129398354,0.015554573243563796
2022-01-04,3.9416339628889396,4.245069822672687,3.465617388290664,0.008919516635538915,0.008199313282966525,0.007557619537541305
2022-01-05,3.8907278496393634,4.176790333824602,3.415373212548573,-0.012914977323836951,-0.01608442068099991,-0.014497900406389763
2022-01-06,3.9131414778972524,4.204649037218,3.4359706455709227,0.0057607802766175276,0.006669883131980914,0.006030800073816733
2022-01-07,3.9320384959562813,4.225107121894095,3.45107322887668,0.004829117006314609,0.004865586757659912,0.004395434322241654
2022-01-10,3.920047564130467,4.21071986920182,3.440433492592959,-0.0030495458877489723,-0.0034051805734632845,-0.003083022462315066
2022-01-11,3.9667675795143498,4.268211653581468,3.482513666135341,0.011918226659131337,0.013653671145439139,0.0122310672864272
2022-01-12,3.9748578239339616,4.278944990280935,3.49035819838503,0.002039505531252317,0.002514715194702255,0.002252548877545113
2022-01-13,3.9516792638473337,4.244063868500129,3.4647450231241455,-0.005831292869662441,-0.008151804208755498,-0.007338265531811494
2022-01-14,3.9782471516272833,4.28157725977621,3.49223912347285,0.006723189309165489,0.008839026093482971,0.00793538923216719
2022-01-18,3.905119165859482,4.19784689466491,3.432714855130858,-0.01838196144698767,-0.019555962681770178,-0.017044728679059706
2022-01-19,3.858663019146943,4.143107348136642,3.3941568238612643,-0.011896217436507928,-0.01303991019725792,-0.011232517962265653
2022-01-20,3.813488707131235,4.0851508084356905,3.353765722453327,-0.01170724465742412,-0.013988664746284574,-0.011900187146328567
2022-01-21,3.729578061986802,3.9788379378007273,3.282570192496126,-0.022003643274862705,-0.026024221777915968,-0.021228534086489725
2022-01-24,3.7394118819769497,3.9978680190644384,3.295360078597007,0.0026367111310465763,0.004782823920249868,0.0038963023944220687
2022-01-25,3.726054483572355,3.971760196720525,3.277841508154908,-0.0035720586087277795,-0.006530436277389473,-0.0053161323874378885
2022-01-26,3.7084669547849036,3.957064688537978,3.267975909223379,-0.004720148045336492,-0.0036999988555908025,-0.0030097852220689614
2022-01-27,3.6945454820752914,3.929993200142949,3.249639702668608,-0.0037539697344881606,-0.006841305494308503,-0.005610875680882477
2022-01-28,3.7486302309942094,3.994994476564268,3.293267031724814,0.014639080553025874,0.016539793610572895,0.013425281892136987
2022-01-31,3.80495747264141,4.086007363256285,3.3524350084705694,0.015026086377226244,0.022781730294227698,0.0179663465415274
2022-02-01,3.846246996370189,4.137415052550051,3.3857076740269036,0.010851507283763606,0.012581399083137601,0.009924924859770368
2022-02-02,3.864600428487114,4.1468093890796816,3.3917740415504887,0.004771776782470205,0.002270581126213145,0.0017917576198684948
2022-02-03,3.8003571313870292,4.061361382388734,3.3377368304378456,-0.01662352894920993,-0.020605723261833297,-0.015931842879468694
2022-02-04,3.8208813156656745,4.090553368683343,3.3562415470329627,0.005400593567677303,0.007187734246254074,0.005544090961985715
2022-02-07,3.8354415738612344,4.102552984282331,3.3638906411867997,0.00381070674345807,0.0029334944486618664,0.0022790654506374963
2022-02-08,3.859707269686115,4.133489129365948,3.3835522467369628,0.00632670198661156,0.007540705800056502,0.0058449003393363785
2022-02-09,3.9158641740946245,4.2088871887844785,3.430599685347254,0.014549524221580734,0.018240778446197536,0.013904747194509293
2022-02-10,3.8675345649526895,4.153195743435923,3.396060568899283,-0.012342003448857941,-0.013231869339942914,-0.01006795301576402
2022-02-11,3.8232377055622115,4.089531879710871,3.356890798497893,-0.011453513510103486,-0.015328885912895274,-0.011533884513162729
2022-02-14,3.7963574901269976,4.063819317452411,3.341035153840526,-0.007030746583218561,-0.006287409663200516,-0.004723312615489972
2022-02-15,3.8634380781689295,4.151099404211721,3.393743093149131,0.01766972373291642,0.02147735416889196,0.01577593077642936
2022-02-16,3.86934764935483,4.146432489903217,3.3909398183174555,0.0015296145729095656,-0.0011242598295212458,-0.0008260126811997504
2022-02-17,3.7986557062166963,4.057869561636878,3.3387408704166304,-0.018269731630322972,-0.0213588255643844,-0.015393652113450229
2022-02-18,3.7701543428485014,4.022500346894338,3.3178348324020184,-0.007503013058422492,-0.00871620297431941,-0.0062616533675472485
2022-02-22,3.724214086424179,3.9657335973524295,3.2843024561146956,-0.012185245548757218,-0.014112304449081403,-0.01010670451700768
2022-02-23,3.6700937629218444,3.901484826862439,3.2466152755479514,-0.014532011921553734,-0.016200979948043814,-0.01147494211337885
2022-02-24,3.689558064506364,3.94469562536761,3.2720003712227235,0.0053034889138701136,0.0110754752159119,0.007818941734784923
2022-02-25,3.789030652511018,4.053985388161588,3.3339574974136887,0.026960569874636908,0.027705499529838473,0.01893554986603263
2022-02-28,3.77298121998407,4.0434142058213975,3.3277924642224517,-0.00423576212462462,-0.0026076024770737005,-0.0018491637029025565
2022-03-01,3.7069754021319596,3.9620234659083984,3.2810180751228817,-0.017494340417731902,-0.02012921154499059,-0.014055680936370774
2022-03-02,3.796350017304322,4.059369266132737,3.337297028009343,0.024109848455147853,0.02456971824169152,0.017152893278210124
2022-03-03,3.778638699451601,4.022658133435347,3.3160521115179296,-0.004665354293463486,-0.009043555855751007,-0.006365905196063837
2022-03-04,3.7653063597168366,3.988968024861694,3.296143452960759,-0.0035283446752131242,-0.008375086188316394,-0.006003723068168987
2022-03-07,3.6657797497850213,3.856658923427016,3.221346243289273,-0.02643253972547932,-0.03316875457763668,-0.02269234053035496
2022-03-08,3.6516435437060175,3.8560844640401766,3.221013832600294,-0.0038562617079852535,-0.0001489526033401356,-0.00010318999072878032
2022-03-09,3.726464415627958,3.957807703729413,3.2792948987855324,0.020489642821491127,0.026379930377006477,0.018094013007758036
2022-03-10,3.727206229541704,3.9556782173417413,3.2780840545466052,0.00019906641551048487,-0.0005380469560622991,-0.0003692392042495829
2022-03-11,3.6870162599869465,3.9066316926710423,3.2502645773829766,-0.01078286713415888,-0.012399017810821533,-0.00848650513553606
2022-03-14,3.649483060669558,3.8586518246517674,3.22301793219636,-0.010179830158254188,-0.012281646132469182,-0.008382900695596551
2022-03-15,3.7114071290873456,3.9360047506166107,3.2668267992153637,0.01696790131324155,0.020046619772911,0.013592498689310561
2022-03-16,3.7869978155516404,4.03846640002954,3.3230103441535555,0.02036712325949619,0.02603189170360576,0.01719820131011729
2022-03-17,3.8372761686621417,4.096460683544245,3.3544267472946943,0.01327657304264318,0.014360471963882349,0.009454199622463522
2022-03-18,3.8734409539599106,4.148351611915444,3.3822701959195673,0.009424597998214379,0.012667258977890006,0.008300508767207004
2022-03-21,3.8743529016026486,4.146325824597406,3.381185179504859,0.000235436051195137,-0.0004883354902268655,-0.00032079530961703906
2022-03-22,3.9143057874876965,4.195172235533004,3.407373911547798,0.010312144221173325,0.011780649423599243,0.007745429680007687
2022-03-23,3.878661595429357,4.153339612826614,3.384544064019335,-0.00910613375487379,-0.009971610307693335,-0.006700129812901023
2022-03-24,3.936516025323967,4.219402190149194,3.4204822896794744,0.014916080836437473,0.015905893445014918,0.010618335876372287
2022-03-25,3.973222145558697,4.255513935460015,3.4400212422358427,0.009324519447805102,0.008558498024940464,0.005712338466222322
2022-03-28,3.967187000726116,4.251608876353414,3.4379030624191653,-0.0015189547957511484,-0.000917646884918244,-0.0006157461444339374
2022-03-29,4.016966647147177,4.310264533137432,3.4695106106914757,0.012547844710105505,0.013796108365058846,0.009193845113849353
2022-03-30,3.994018203112035,4.276382932244479,3.451385538760929,-0.005712878908626151,-0.007860677838325336,-0.0052241004465279905
2022-03-31,3.9370697176384413,4.212983479737051,3.4176738744148487,-0.014258444147605687,-0.014825485348701428,-0.009767574200992613
2022-04-01,3.9466005474175923,4.216951889830001,3.4197955930994204,0.0024207927374138016,0.0009419476985932373,0.0006208078250107274
2022-04-04,3.974351355300711,4.253818332615235,3.4396566553853614,0.00703157250137143,0.008742438554763865,0.005807675267497592
2022-04-05,3.915950269518908,4.1794756640135935,3.400095210434298,-0.014694494915229783,-0.017476691007614287,-0.01150156800944746
2022-04-06,3.8817554636639184,4.125080813668369,3.3708731274161035,-0.008732185932277092,-0.013014754652976968,-0.008594489627383628
2022-04-07,3.8944620260216767,4.136130525406044,3.37684473369121,0.003273406188694983,0.0026786655187607256,0.0017715310097370374
2022-04-08,3.907115288538402,4.144591279851997,3.3814166978648066,0.0032490399013214155,0.0020455724000931763,0.0013539160175122245
2022-04-11,3.8649997883760365,4.100367770714269,3.357627037446775,-0.010779180303666092,-0.01067017376422874,-0.0070354122380283934
2022-04-12,3.8589930770497607,4.0926903518946816,3.353449998546079,-0.0015541297943511,-0.0018723732233046908,-0.001244044932361521
2022-04-13,3.9138793037972546,4.160217797496634,3.3898172029428357,0.014222939935786272,0.016499524712562552,0.010844713477917933
2022-04-14,3.8902592018865394,4.127987822100907,3.3725520848096715,-0.006034959199635703,-0.007747184634208537,-0.00509322984088223
2022-04-18,3.892404920328728,4.136028978321929,3.3768844247859833,0.0005515618191065386,0.0019479602575303012,0.001284588011501775
2022-04-19,3.951824978874431,4.205410914133029,3.4143706400369824,0.015265641617955072,0.016775012016296387,0.01110082861464079
2022-04-20,3.935206400684473,4.169694237790539,3.3951063460664233,-0.0042052920558974805,-0.008493028879165698,-0.005642121492220431
2022-04-21,3.8701006822550283,4.087648680134839,3.3510593882359614,-0.016544422782530654,-0.01967663645744322,-0.012973660716547153
2022-04-22,3.7641581642515973,3.974222104677588,3.2899681707534607,-0.027374615469099473,-0.027748611569404558,-0.018230419221146654
2022-04-25,3.7676507611798753,3.9797762886767245,3.2929913058706175,0.000927856050642939,0.0013975524902343217,0.0009188949437357596
2022-04-26,3.673154317436404,3.8694363253581723,3.2345575881341375,-0.025080998673528532,-0.02772516727447516,-0.017744874586309023
2022-04-27,3.6772336062334223,3.8711244475671367,3.235461128885493,0.001110568313902327,0.0004362708330154508,0.00027933982522676537
2022-04-28,3.7499147385228553,3.9644829210837016,3.2844764577840637,0.019765165902494886,0.024116629362106234,0.015149410530997498
2022-04-29,3.635976139451343,3.837709841627104,3.2201405752751366,-0.03038431724887547,-0.031977204084396416,-0.01958786532217449
2022-05-02,3.659906835462041,3.8772229099484776,3.2407462181653237,0.006581642753659356,0.01029600203037262,0.006398988618199208
2022-05-03,3.694857600130232,3.913860988380582,3.2598271915406833,0.00954963233750683,0.00944956719875334,0.005887833261489339
2022-05-04,3.8011573668378675,4.030742620327368,3.3186512571743,0.028769651827417864,0.029863511323928726,0.01804514846255234
2022-05-05,3.689815167401595,3.893020628425939,3.25170405146472,-0.02929165743245632,-0.034167895317077646,-0.02017301624111678
2022-05-06,3.6740097687085154,3.86767416503787,3.2391939790272493,-0.004283520441000888,-0.006510744690895076,-0.0038472358614050073
2022-05-09,3.5416438677626627,3.702401229955629,3.1614365703654497,-0.03602763990265101,-0.042731866240501404,-0.024005172016635656
2022-05-10,3.5484061099190245,3.719141259280404,3.1694767475133867,0.0019093512529348988,0.004521397948265005,0.0025432036888874965
2022-05-11,3.508383610984799,3.663465666640102,3.142615826546459,-0.011279007445722966,-0.014970012903213537,-0.008474875541523152
2022-05-12,3.505017190366558,3.6639750034380176,3.1428640483542125,-0.0009595360688895438,0.00013903141021720522,7.898573082232296e-05
2022-05-13,3.6015688855287427,3.786189580311497,3.2007510440549884,0.02754671087706906,0.033355734348297084,0.018418549071853363
2022-05-16,3.5944456139456236,3.7662044617556694,3.191419506581806,-0.0019778246118631326,-0.005278425216674765,-0.002915421207317803
2022-05-17,3.6851793167294478,3.8819397121271066,3.244865809770646,0.025242752994174777,0.03072994351387015,0.016746874887057395
2022-05-18,3.540318322091349,3.7177433263747104,3.173190625819963,-0.03930907621794133,-0.042297510504722635,-0.022088797550536943
2022-05-19,3.5183149864222174,3.7068613700542925,3.168293030474685,-0.006215072676327482,-0.0029270327091217574,-0.0015434292870484256
2022-05-20,3.5129785572588705,3.6935830982628466,3.1623011628160667,-0.0015167570794374363,-0.0035820794105529963,-0.0018911974369114626
2022-05-23,3.5852561577124624,3.767272897028036,3.195396478591753,0.020574449651633797,0.019950762391090393,0.010465579991190577
2022-05-24,3.5415156361371136,3.702423781326457,3.166565426352727,-0.012200110578223566,-0.017213808894157356,-0.0090226838616696
2022-05-25,3.597545760423722,3.7685131435819557,3.196046055451976,0.015820945053830915,0.017850296497345042,0.009309969992694844
2022-05-26,3.677326670644942,3.8668954547131995,3.2396562177259356,0.02217648239499348,0.026106399893760734,0.013645035621300705
2022-05-27,3.757632285684636,3.9643608613601513,3.2816783503066307,0.021838042206244745,0.025205079317092816,0.012971170320717595
2022-05-31,3.741004107525024,3.951326885522697,3.2760735894692328,-0.004425174390522368,-0.0032877874374389604,-0.0017078946316826382
2022-06-01,3.71285644145103,3.9150057870144814,3.2602280044963754,-0.007524093870245996,-0.009192126989364668,-0.004836761000666212
2022-06-02,3.775491476503546,3.9928340569400946,3.2940621965174484,0.016869770226838554,0.019879477620124764,0.010377860681648698
2022-06-03,3.7214677274704226,3.926323006085366,3.265559878631835,-0.014309063964078828,-0.016657604575157192,-0.008652635009668841
2022-06-06,3.7313163092407735,3.9383555954075393,3.2709017995679672,0.0026464240701733477,0.003064594864845338,0.0016358361612314187
2022-06-07,3.7672131035201253,3.9768741092769626,3.2879415473076214,0.009620410414000968,0.009780354499816957,0.005209495357489713
2022-06-08,3.7232688309674997,3.929475680424614,3.266785075289898,-0.011664928780260264,-0.011918513774871853,-0.00643456451804858
2022-06-09,3.623112279151985,3.8173579145236154,3.217479204255925,-0.026900166590841823,-0.028532500267028804,-0.015093086902754793
2022-06-10,3.511120619426177,3.692930151616322,3.163186217961432,-0.030910347540214933,-0.032595257163047786,-0.016874386079225312
2022-06-13,3.3499143384494046,3.5074920878447218,3.085111023330202,-0.045913056955337095,-0.05021434366703037,-0.02468245283439141
2022-06-14,3.3323033461317673,3.4917411611895988,3.0782333756632565,-0.005257147060598877,-0.0044906520843505104,-0.0022293031320219647
2022-06-15,3.376208884924073,3.5488100521254253,3.1034563838021603,0.01317573288856555,0.016343963742256218,0.008193988259083573
2022-06-16,3.2523572696704868,3.397676207432478,3.039097547601171,-0.03668363524740004,-0.042587189078331034,-0.02073779304162182
2022-06-17,3.247430546412888,3.402308701182781,3.0411248347456072,-0.0015148161315309272,0.0013634300231932794,0.0006670687968000077
2022-06-21,3.3267728288553338,3.481498764012886,3.0752706856407315,0.02443232620635638,0.02327539026737213,0.011228033293799511
2022-06-22,3.3099944288755974,3.4522250881413465,3.062750479960465,-0.005043446259451856,-0.00840835452079769,-0.0040712532196682805
2022-06-23,3.3200715934887377,3.4542395755715853,3.0636165515103886,0.0030444657323980273,0.0005835330486296808,0.00028277574539292694
2022-06-24,3.430527552827243,3.579276076979831,3.116098869224262,0.033269149844578516,0.036197981834411586,0.017130837633057894
2022-06-27,3.4242582634101835,3.5757182280676485,3.1146294854896013,-0.0018275000916092576,-0.000994013547897299,-0.00047154592852394206
2022-06-28,3.3743431153463064,3.526358604367315,3.0942826455563206,-0.014576922715568541,-0.013804114460945094,-0.00653266785923412
2022-06-29,3.336966571811082,3.4738847497305483,3.072431393300413,-0.011076687301074473,-0.014880464673042382,-0.007061815211770628
2022-06-30,3.2949305039482732,3.422450070497466,3.0508911043084703,-0.0125970898893345,-0.014806098341941798,-0.007010828309758965
2022-07-01,3.3252159204974556,3.450633017888656,3.062788838877251,0.009191519066302556,0.008234728574752825,0.0038997572060106567
2022-07-05,3.3232784154134674,3.451920356660551,3.0633300106354473,-0.0005826704581933795,0.00037307322025292855,0.00017669248082885503
2022-07-06,3.3109626709161066,3.433953966978017,3.0557583193332114,-0.0037059021116737645,-0.005204752087593079,-0.002471719101744818
2022-07-07,3.386035846898657,3.530703114555497,3.0960452269913423,0.022674123342435237,0.02817427039146425,0.01318393126944728
2022-07-08,3.378329976451806,3.5210899904792523,3.0920919361010917,-0.002275779346491258,-0.0027227222919463667,-0.0012768840893491173
2022-07-11,3.3248576692956338,3.455912626868992,3.0653698226424626,-0.01582802968593766,-0.018510564565658583,-0.008642082451249422
2022-07-12,3.316474764504821,3.44865473114105,3.062362954522861,-0.002521282299758898,-0.002100138664245632,-0.0009809152870858817
2022-07-13,3.3043511361153235,3.438022828085001,3.057947833504698,-0.0036555768550549095,-0.0030829131603240523,-0.001441736686254691
2022-07-14,3.2801656287670244,3.4101073233031287,3.04634289773418,-0.007319290944585277,-0.00811963915824887,-0.0037950077641506486
2022-07-15,3.363822305229285,3.5001476809535115,3.0835942039311783,0.02550379643289724,0.026403965950012154,0.012228205243968171
2022-07-18,3.3666952410909396,3.5130570950232705,3.0888603572871958,0.0008540688541094354,0.0036882483959197465,0.00170779713793201
2022-07-19,3.4732800220529474,3.6350990099804714,3.137324625208477,0.03165857712962161,0.03473951935768138,0.01569001583608176
2022-07-20,3.5057666062638067,3.681255218120519,3.155360670451983,0.00935328680802927,0.012697373032569903,0.005748861657026483
2022-07-21,3.513752313581541,3.6854148688626305,3.156976004347438,0.0022778776269549716,0.0011299544572829223,0.0005119332032568202
2022-07-22,3.4716798316944346,3.6323689330910565,3.13632803459363,-0.011973661810050107,-0.014393477439880398,-0.006540426574473179
2022-07-25,3.4889631767726614,3.6484730089000803,3.1427244277451645,0.004978381047825886,0.004433491230011022,0.002039452850908008
2022-07-26,3.4339383101414964,3.581145361053355,3.1161890432631414,-0.015771122778677094,-0.018453651070594823,-0.00844343342602949
2022-07-27,3.5314321954023886,3.6942442879094775,3.1609313635160605,0.028391274523762444,0.031581774950027564,0.014358025020865472
2022-07-28,3.5612075009288064,3.729295609015472,3.174541803356245,0.00843150990274788,0.009488089680671719,0.004305832134565923
2022-07-29,3.594081380427554,3.770867023709506,3.190741035359928,0.009231104755949682,0.011147256493568403,0.005102856729294336
2022-08-01,3.5980125758955253,3.7714066775729718,3.190954079016039,0.0010937970101010386,0.00014311134815225834,6.676933469385027e-05
2022-08-02,3.575249149799315,3.7541816259612637,3.1841425496950437,-0.006326666629436262,-0.004567275047302255,-0.0021346372126720414
2022-08-03,3.6323208227231447,3.8225766939328736,3.211126026080753,0.015962991817516592,0.018218369483947727,0.008474330518994266
2022-08-04,3.6133231881162375,3.801017351864355,3.2025534153892066,-0.005230164276255889,-0.0056400024890900236,-0.0026696587495849133
2022-08-05,3.6118516996793577,3.7981627853899003,3.2013883081039762,-0.00040723964070510377,-0.0007510006427764448,-0.0003638057306496467
2022-08-08,3.6183847464716843,3.806166344292296,3.2046587058267026,0.0018087804637456628,0.002107218503952124,0.0010215560900399545
2022-08-09,3.5933764550148726,3.769344149756216,3.1890487919722217,-0.00691145171369556,-0.0096743524074554,-0.004871006646074094
2022-08-10,3.681973567578476,3.8740348898738355,3.2329379461169543,0.024655672366294512,0.027774258852004907,0.013762459281029038
2022-08-11,3.7119142238239125,3.907345148078726,3.2467720632333843,0.008131686905380908,0.008598337173461923,0.004279116193073307
2022-08-12,3.77217577871624,3.974291273461609,3.274306525350952,0.016234630236214853,0.017133404612541314,0.00848056518329976
2022-08-15,3.775262716385672,3.973838133812158,3.274117440569368,0.0008183440673281694,-0.00011401772499086693,-5.7748039201555024e-05
2022-08-16,3.7901414449945796,3.98908963574563,3.2804864973926757,0.003941110785305124,0.0038379776477812655,0.0019452743949832652
2022-08-17,3.7467166513082653,3.9349018426434363,3.2575332367480265,-0.011457301611701887,-0.013583999872207597,-0.006996907520543827
2022-08-18,3.776123924835399,3.9692450323795727,3.272839394538734,0.00784881171007834,0.008727838993072501,0.004698695816220511
2022-08-19,3.7234969872341224,3.9047876462266213,3.2444337777638603,-0.013936761252762775,-0.016239205598831186,-0.008679196670106415
2022-08-22,3.6441466558084965,3.8157528868742454,3.205425904482358,-0.02131070112254041,-0.02280143439769755,-0.012023014169328383
2022-08-23,3.660521552200037,3.838847979164331,3.215744443220544,0.004493478978251364,0.006052564978599628,0.003219085090613749
2022-08-24,3.6840181540511256,3.8709499795635964,3.2301412185297056,0.006418921871110594,0.008362404704093995,0.00447696499624306
2022-08-25,3.7459103379375227,3.9417779000923345,3.261770608444716,0.016800184282028452,0.018297296762466386,0.009791952665588743
2022-08-26,3.6213874374290462,3.803461561903753,3.2014289619684875,-0.03324236014069626,-0.03508983552455902,-0.018499659761481713
2022-08-29,3.6028910394961686,3.7838766054763657,3.192599541005834,-0.005107544622734106,-0.005149245262145996,-0.0027579624809868086
2022-08-30,3.5568583117526305,3.732512004553079,3.1694813512028124,-0.012776608351157792,-0.01357459723949428,-0.007241180582184148
2022-08-31,3.5286387787680833,3.702293062486836,3.155787073535731,-0.007933836692708196,-0.008096140623092607,-0.004320668320665244
2022-09-01,3.5247814336435006,3.688172905535019,3.1492938117794482,-0.0010931538665256424,-0.00381389498710627,-0.00205757283523178
2022-09-02,3.5024500823485845,3.6655269251247833,3.138802106264215,-0.006335527951255915,-0.006140162348747258,-0.0033314470298041465
2022-09-06,3.4771195260742487,3.635199280659594,3.1247250003929916,-0.007232239055167455,-0.008273747563362077,-0.0044848656890885685
2022-09-07,3.5381154486396356,3.7021835877476246,3.1557242920403388,0.01754208393125123,0.01842658460140223,0.00992064634278167
2022-09-08,3.5725593603566868,3.744083489170972,3.174941551893209,0.009735101134219493,0.01131761848926538,0.006089651083062586
2022-09-09,3.638526579433174,3.8220129804233496,3.210832158299932,0.018464974944433443,0.02081403672695159,0.011304336101973789
2022-09-12,3.6825534639480413,3.868692040738066,3.232687552292454,0.012100195931982416,0.012213213443756032,0.006806769371617838
2022-09-13,3.5321607301348608,3.7036009306089293,3.1542403585999876,-0.04083925332938565,-0.04267362415790554,-0.024266865394038994
2022-09-14,3.559796632540348,3.735899627978952,3.1698710252361817,0.007824078380609834,0.008720890283584692,0.004955445641159573
2022-09-15,3.5361330327775597,3.712308512731649,3.1584375549228887,-0.006647458325702571,-0.0063147079944610995,-0.003606919720792412
2022-09-16,3.4979969997695113,3.6678952197745063,3.1356764788103697,-0.010784671463022866,-0.01196379363536837,-0.007206435370882169
2022-09-19,3.521299783184448,3.692763017129816,3.1484701565081696,0.006661750543660361,0.006779854893684378,0.004080037524360147
2022-09-20,3.4653754100238383,3.631434712404034,3.116821915035101,-0.01588174157385569,-0.01660770118236543,-0.01005194265781717
2022-09-21,3.4005400701157975,3.561267697460341,3.0807428184748282,-0.01870947076051277,-0.019322119355201672,-0.011575604106937365
2022-09-22,3.3597472209198047,3.5133458228449244,3.056060326180646,-0.011995991329284306,-0.01345640897750855,-0.008011863939490271
2022-09-23,3.273016398445562,3.420102379141694,3.006799482317734,-0.02581468687114452,-0.0265397852659226,-0.01611906788648909
2022-09-26,3.230213221701788,3.371348520893392,2.980922154222381,-0.013077593122998832,-0.01425508737564074,-0.00860626997161984
2022-09-27,3.2297229876778872,3.377993990837963,2.9844887371201128,-0.00015176522113380386,0.0019711607694625766,0.0011964696537545283
2022-09-28,3.3093539522519637,3.4685164742580734,3.0322341141672275,0.024655663930896354,0.026797704100608888,0.015997841256116363
2022-09-29,3.2446028939859253,3.3921172350511997,2.99269427744787,-0.01956607217006101,-0.02202648878097535,-0.01303983638157058
2022-09-30,3.1872229058041617,3.3271992795212615,2.9590856723322942,-0.017684749122341303,-0.019137886762619072,-0.011230216654217307
2022-10-03,3.2777595065971252,3.4240583108314433,3.0083544788329974,0.028406108850463463,0.029111280441284082,0.01665001015731682
2022-10-04,3.404641209291948,3.57306818539108,3.0795437698544252,0.038709887787511166,0.043518497943878076,0.02366386392372344
2022-10-05,3.4041454251643772,3.5720774698456896,3.0790698729233092,-0.00014562008067620091,-0.00027727305889124754,-0.00015388543450978176
2022-10-06,3.3763490656166604,3.545158511155897,3.066210281663784,-0.008165444208769301,-0.007535939216613774,-0.004176453211604425
2022-10-07,3.2852261282979476,3.4460497070386156,3.019267686013033,-0.026988600866738266,-0.027956099510192844,-0.015309646546902478
2022-10-10,3.2464288745633856,3.3985874258618467,2.996606644967393,-0.011809614382515154,-0.013772953152656586,-0.007505475963797026
2022-10-11,3.2217074582197593,3.369860474325043,2.982825720642391,-0.0076149570185642945,-0.008452615141868569,-0.004598843277660802
2022-10-12,3.229310164882426,3.3841867906050798,2.989733460708711,0.002359837682738508,0.0042513084411621715,0.002315837636277296
2022-10-13,3.32036833369753,3.477730663492185,3.034671621986763,0.02819740568909368,0.02764146268367762,0.015030825278785631
2022-10-14,3.2475726781181273,3.397690761970732,2.9971891399117694,-0.021923969952555855,-0.0230149799585343,-0.012351412852522836
2022-10-17,3.316801085533033,3.4739104284466396,3.0339516375741487,0.021316969403444297,0.02243278503417967,0.01226565823719139
2022-10-18,3.3556330658858933,3.517697966241411,3.054862720204748,0.011707660288171828,0.01260468244552615,0.006892358589907888
2022-10-19,3.3418807571085525,3.5062333392324407,3.0494191647746867,-0.004098275498936377,-0.003259127736091605,-0.0017819312776504725
2022-10-20,3.3308668145090494,3.498177541124654,3.0455691445196096,-0.0032957317750117454,-0.002297564744949354,-0.0012625421587004748
2022-10-21,3.4201555037282136,3.5953781079175724,3.09114522396384,0.02680644234414542,0.027786058783531242,0.014964716702046577
2022-10-24,3.449202959738376,3.622596259179856,3.103843515900767,0.00849302202151292,0.007570316791534415,0.004107957089328762
2022-10-25,3.5092036572175314,3.691100907297077,3.136235650307677,0.017395525337165596,0.018910373449325668,0.010436136435669985
2022-10-26,3.504579550838829,3.686603168330585,3.1341215870172983,-0.0013177081840752836,-0.0012185359001160023,-0.0006740766721951008
2022-10-27,3.4979155941957516,3.6834295024633805,3.1326238916244757,-0.001901499608271795,-0.0008608645200729459,-0.00047786767400048724
2022-10-28,3.5792007006027693,3.768833408853558,3.1723595569844973,0.023238155472332656,0.023185975551605287,0.012684467313889947
2022-10-31,3.561512882454787,3.7477961154142063,3.1626747673550923,-0.0049418346797382995,-0.005581911206245405,-0.0030528663146276447
2022-11-01,3.5733082735949253,3.759728902616687,3.1682298700032634,0.003311904667886001,0.003183947801590037,0.0017564571310051402
2022-11-02,3.4842298432103345,3.659542719634842,3.122473794277325,-0.024928840045186917,-0.026647182703018246,-0.014442157798951416
2022-11-03,3.4675664551899477,3.640880709869359,3.1138485660371114,-0.00478251687467135,-0.005099546909332231,-0.0027623060459375237
2022-11-04,3.536107175082312,3.7121927849141274,3.146552017562108,0.019766231095522002,0.019586490392685008,0.010502582521736858
2022-11-07,3.5739666940867023,3.7552940142982743,3.1661198316520642,0.010706553034131039,0.011610719561576888,0.0062188115692163315
2022-11-08,3.5994419061636798,3.785597801525992,3.1800585229129,0.0071279936993053905,0.008069617748260427,0.004402452213428276
2022-11-09,3.506998768316692,3.6814937243441075,3.133143545357524,-0.025682630879161672,-0.027500036358833357,-0.01475286609266624
2022-11-10,3.6859333154743035,3.893064902110352,3.2229891168742744,0.05102213002586753,0.057468841075897226,0.028675855483824675
2022-11-11,3.739779362949305,3.966179200358353,3.2529593339804213,0.014608524589672989,0.018780652284622112,0.009298888708384023
2022-11-14,3.708776897135773,3.9290522457868566,3.237906587131028,-0.008289918416225062,-0.009360886812210034,-0.004627400869156917
2022-11-15,3.751012890681701,3.9800628909725857,3.2586980214966097,0.011388119241830363,0.0129829388856888,0.006421258243896499
2022-11-16,3.6918276699680472,3.90493790198595,3.2284649335292364,-0.015778463694614886,-0.018875327110290496,-0.009277658674702316
2022-11-17,3.681678102326901,3.891606170603144,3.2230176189935116,-0.0027491986486016806,-0.003414070010185233,-0.0016872769715264857
2022-11-18,3.6988878374185865,3.9056903909527048,3.2288491802444406,0.0046744268818093015,0.0036191278696060536,0.0018093482382979253
2022-11-21,3.676820322417803,3.8745875092419824,3.216005406528757,-0.005965986526421552,-0.007963478565216064,-0.0039778177916354185
2022-11-22,3.736987915540653,3.942001272287117,3.2438165970945114,0.016364028657045004,0.017398952245712307,0.00864774372247501
2022-11-23,3.757451901903016,3.9695393457681503,3.255148807983222,0.005476064366507938,0.0069858103990554365,0.0034934807654849465
2022-11-25,3.75841931838213,3.9699378609038476,3.255317056368815,0.0002574660978691412,0.0001003932952881037,5.1686849209753305e-05
2022-11-28,3.702424534523177,3.9075386973097044,3.229119834832572,-0.014898492987487244,-0.015717919468879682,-0.008047517671125215
2022-11-29,3.7215945402400776,3.9285245464726426,3.2380379654520177,0.0051776897916893105,0.00537060558795921,0.002761783729190226
2022-11-30,3.82684737364323,4.049007096546757,3.2881994981432956,0.028281649778098217,0.03066865146160125,0.01549133556384219
2022-12-01,3.8261741121162833,4.049809311889219,3.2885287789944733,-0.0001759311154094778,0.0001981264352799439,0.00010014016830894867
2022-12-02,3.818404322597052,4.040711052161547,3.2847907416676354,-0.0020306941847280102,-0.0022465896606445046,-0.0011366898628695221
2022-12-05,3.7313889522317645,3.943546877686872,3.245326094643538,-0.022788411863651103,-0.024046306014060992,-0.012014356507855317
2022-12-06,3.6719785256324577,3.8752815753170995,3.2172853003976245,-0.01592179945855632,-0.01731063544750211,-0.00864036261015344
2022-12-07,3.6577715285824284,3.858238739704457,3.2102097699322196,-0.0038690305378575873,-0.0043978315591811645,-0.002199223819078333
2022-12-08,3.6832010301917824,3.887610056582394,3.222529734665513,0.006952184249520155,0.007612622976303163,0.003837744451682168
2022-12-09,3.657988933725888,3.861850493566719,3.2117422564872733,-0.0068451589416995695,-0.006626066565513566,-0.003347518585227083
2022-12-12,3.7170884677286278,3.9259377553000423,3.239715903900744,0.016156291086026675,0.01659496188163767,0.008709804579420277
2022-12-13,3.7322479566298736,3.948415365543234,3.2494599340827324,0.00407832340630554,0.005725411772727895,0.003007680448231964
2022-12-14,3.7095754317318295,3.9219629023413174,3.238025422946735,-0.0060747638317463215,-0.006699513792991607,-0.0035188958682222937
2022-12-15,3.614256845012552,3.814595455198964,3.1921733234506897,-0.025695281973219686,-0.02737594664096832,-0.014160512505895562
2022-12-16,3.574764266736057,3.7693219854479287,3.172631359289473,-0.010926887592671353,-0.011868485212326085,-0.006121836811822101
2022-12-19,3.546174906441867,3.7329250501215583,3.1567579627416302,-0.007997551212039267,-0.009656096100807199,-0.005003227526376608
2022-12-20,3.5568834409237926,3.7432445759897144,3.16132344688081,0.003019742332075248,0.0027644610404968795,0.0014462572655442596
2022-12-21,3.6108405373491643,3.80155017759845,3.1870891518003326,0.015169767950382385,0.015576220154762233,0.008150290646452119
2022-12-22,3.557853001217518,3.7355913169375854,3.1578464315683146,-0.014674571082152088,-0.0173505169153213,-0.0091753693854153
2022-12-23,3.585914432332078,3.763515935335178,3.170399410004709,0.007887181146876365,0.007475287318229773,0.003975170645065251
2022-12-27,3.584818116289175,3.7545571442255783,3.166387968488841,-0.0003057284448892972,-0.00238043129444121,-0.0012652795427633423
2022-12-28,3.534369302905929,3.698348891272271,3.140955340656332,-0.014072907396336154,-0.014970674514770521,-0.008032063059109862
2022-12-29,3.595787110429372,3.7736642269339176,3.175448983452603,0.01737730334884513,0.020364583730697605,0.010981895332858649
2022-12-30,3.5961924465778976,3.77515402123892,3.1761329195348598,0.00011272529103578677,0.00039478719234464776,0.00021538248160202222
2023-01-03,3.59578039224288,3.7679333428815798,3.1727531460052267,-0.00011458072423509158,-0.0019126844406127663,-0.0010641158966759878
2023-01-04,3.657732283649535,3.839925164221945,3.2079180533789318,0.017229053125797922,0.01910644769668579,0.011083404776693895
2023-01-05,3.6410689701346315,3.8227596265663855,3.1996069712920403,-0.004555640550674145,-0.0044702792167663485,-0.002590802492020483
2023-01-06,3.73322351918589,3.923604028231229,3.2477567455788336,0.025309751011898918,0.026380000710487295,0.015048652762295278
2023-01-09,3.736905093855018,3.938669173433096,3.2550618418814583,0.00098616507964433,0.0038396191596985485,0.0022492744607702786
2023-01-10,3.7641544785864185,3.9695529309090563,3.2701210754789125,0.007291965957660906,0.00784116566181181,0.004626404759410008
2023-01-11,3.7923428947762634,4.001832937727697,3.28585763200741,0.007488644886973539,0.008131899833679235,0.004812224430006173
2023-01-12,3.8237087610576657,4.043058725992614,3.305856200752606,0.00827084131147715,0.010301726460456795,0.006086255396579254
2023-01-13,3.8340522370165284,4.052898768516581,3.3107037219577253,0.002705089902297342,0.002433811426162613,0.0014663436370934146
2023-01-17,3.8346270862542164,4.058484328875936,3.3135133488217137,0.00014993255233664016,0.0013781642913819336,0.0008486494413117995
2023-01-18,3.761273046585634,3.9808291544890526,3.2745770631052915,-0.01912938025487032,-0.01913403332233432,-0.011750755653441969
2023-01-19,3.7329269790709034,3.94753529908945,3.257757755015895,-0.0075362961326251865,-0.00836354792118077,-0.005136329903149939
2023-01-20,3.81356799068633,4.037162749416396,3.3025960096225124,0.021602622303503294,0.02270466089248635,0.013763532459582395
2023-01-23,3.8800322380172925,4.114138704114009,3.340460272648886,0.017428363016808612,0.019066844582557696,0.011464999932190079
2023-01-24,3.8676907095872037,4.099785088854145,3.3333117047047685,-0.0031807798680547616,-0.003488850593566739,-0.0021399948991007722
2023-01-25,3.8927035133297645,4.1290421660994365,3.3479045884470353,0.006467115811654489,0.007136246562004178,0.0043778935290299525
2023-01-26,3.9297140032674194,4.1706738907743235,3.36876581336876,0.009507657033452466,0.01008265912532802,0.006231128866011515
2023-01-27,3.9335276618467105,4.180006601215872,3.373426228251267,0.0009704672085857347,0.002237698435783475,0.0013834190741346397
2023-01-30,3.881503293165783,4.11769142061309,3.3426240773530487,-0.013225880978425142,-0.014907914400100752,-0.009130820955935315
2023-01-31,3.94040209517919,4.18279424130137,3.3752778871849283,0.015174224408648795,0.015810514688491928,0.009768914803526929
2023-02-01,3.9906147196430357,4.243799117212514,3.405587876938543,0.012743020445877162,0.014584718346595693,0.008979998319158744
2023-02-02,4.043091929411268,4.312297116848107,3.4392142190147945,0.01315015691941479,0.016140726208686784,0.0098738729674126
2023-02-03,4.003615488896744,4.265315256207283,3.415765893561947,-0.00976392355250566,-0.010894857048988182,-0.0068179310620448685
2023-02-06,3.974913859151395,4.231122143425249,3.3986615233075694,-0.0071689276417648,-0.00801654994487766,-0.005007477323494602
2023-02-07,4.022797248950958,4.285148385978945,3.4259467198990055,0.012046396851927321,0.0127687740325928,0.00802821828661604
2023-02-08,3.9793851906951736,4.236116677452034,3.4013843005041764,-0.010791510376792046,-0.011442242860794205,-0.0071695275504907174
2023-02-09,3.9353711973498933,4.187384391917764,3.3769856994555885,-0.011060500865358924,-0.011503999829292288,-0.007173138608586926
2023-02-10,3.946245432449341,4.194537830936021,3.38069577644105,0.002763204423199106,0.0017083311080932084,0.001098635681536786
2023-02-13,3.9911639800699414,4.2434418446651705,3.4094080916221974,0.011382603639206623,0.01165897548198691,0.00849301950836101
2023-02-14,4.004138474560326,4.264323288319095,3.4218009999071746,0.0032508046663013435,0.004920874238014239,0.003634914903683617
2023-02-15,4.0157301788204895,4.282839650579136,3.432832811038692,0.0028949309155539282,0.004342157244682232,0.0032239779963290083
2023-02-16,3.962725547271702,4.2204838601880725,3.3959241000025333,-0.01319925124161514,-0.01455945014953619,-0.010751677424392536
2023-02-17,3.940192022669198,4.190962696519258,3.3780920631237703,-0.00568637023525842,-0.006994734406471359,-0.005251011610874823
2023-02-21,3.863411165329012,4.105327507868164,3.3273849534453737,-0.019486577531866778,-0.020433297753334023,-0.015010576600895553
2023-02-22,3.859505535333843,4.103123672519864,3.326072437525776,-0.0010109278634949925,-0.0005368232727052114,-0.0003944586929259808
2023-02-23,3.8796655088788508,4.1280582275047175,3.3409631620343276,0.005223460197282481,0.006076968908309999,0.004476969395058816
2023-02-24,3.856188618643284,4.0993607554574885,3.32367579969418,-0.006051266580028192,-0.006951808929443248,-0.005174364846818991
2023-02-27,3.8619389594079903,4.108007673512372,3.328903790316161,0.0014911980023242233,0.0021093332767485595,0.0015729544447331545
2023-02-28,3.8439458688278636,4.0896021115068,3.31779557478496,-0.004659082074897625,-0.004480410814285185,-0.003336898940580646
2023-03-01,3.8400554258388557,4.087405143232284,3.316450286223916,-0.0010120961953593577,-0.0005372083187101806,-0.0004054766276946342
2023-03-02,3.8645144682013752,4.11648073014945,3.3342396787347046,0.006369450346455974,0.007113458514213633,0.005363985881134292
2023-03-03,3.918629133504425,4.1772110286288395,3.372719974905693,0.014002966154823548,0.014752965569496235,0.011540950824984186
2023-03-06,3.9089888804026214,4.164182881756429,3.3644970702472072,-0.0024601085668911615,-0.0031188625097274825,-0.0024380632604151797
2023-03-07,3.846407499538911,4.098140419499048,3.3233565510171084,-0.01600960831008169,-0.01585964500904069,-0.01222783624747692
2023-03-08,3.854664090095045,4.11095287792496,3.3316324639248456,0.0021465719784301562,0.0031264078617097013,0.002490227208755025
2023-03-09,3.761603692037916,4.009183853331024,3.2671043127331467,-0.024142284744410603,-0.02475558042526249,-0.019368328256617273
2023-03-10,3.707750525874272,3.940264067111565,3.22383893518653,-0.01431654437112384,-0.017190477848052943,-0.013242729158660427
2023-03-13,3.670974551239711,3.8802945673298646,3.1864028145432908,-0.009918675589935866,-0.015219665169715846,-0.011612280078462822
2023-03-14,3.724799184591654,3.942797247765462,3.2251538611110355,0.014662219146620359,0.016107715368270936,0.012161377209082946
2023-03-15,3.684898080388404,3.891374903247317,3.193242233421698,-0.010712283327463323,-0.013042097091674809,-0.009894606292781383
2023-03-16,3.749882514634172,3.9672855625938093,3.2396849384269863,0.01763534101299169,0.019507413506507865,0.014544059488879713
2023-03-17,3.702944357099987,3.905953373098563,3.2026999162569885,-0.012517234166938729,-0.01545948445796963,-0.011416240428600344
2023-03-20,3.7395444888602305,3.94515073210383,3.227247441148098,0.009884062041080055,0.01003528594970704,0.00766463469353007
2023-03-21,3.8063225658459747,4.038804220754318,3.2847008300416536,0.017857275714908694,0.023738887310028156,0.01780259801619577
2023-03-22,3.7315453233495504,3.9466572493642893,3.229737089679942,-0.01964553481814668,-0.02281540930271153,-0.016733256148936504
2023-03-23,3.72713915184712,3.9389947590014667,3.2251391991858003,-0.0011807900268179239,-0.0019415140151977095,-0.0014236113858412391
2023-03-24,3.7343784169771643,3.9441500753584204,3.228267122197421,0.0019423114713752465,0.0013087898492813999,0.0009698567467755215
2023-03-27,3.754606374050058,3.9707531156194,3.2446417284411613,0.005416686477442534,0.006744936108589172,0.0050722587765892335
2023-03-28,3.7550565535628184,3.9736689982735895,3.2464373083143854,0.00011990058821398364,0.0007343399524688543,0.0005533985023631338
2023-03-29,3.8237451517955003,4.05563147547506,3.295987834922538,0.018292293938292348,0.020626397728920054,0.015263047427791054
2023-03-30,3.8433817256200835,4.072533409651682,3.306284675626517,0.005135429544869785,0.004167522192001449,0.003124053006166916
2023-03-31,3.8948172361773064,4.127570770186498,3.3401374655358005,0.013382878472453674,0.013514280915260413,0.010238921699284198
2023-04-03,3.9128059146345984,4.144310962666406,3.3503982102562992,0.004618619402780411,0.004055700898170533,0.0030719528242089122
2023-04-04,3.882172041331795,4.105417694174352,3.326711009538328,-0.007829131822824964,-0.009384737014770383,-0.007069965786592025
2023-04-05,3.874419984438489,4.091246386829782,3.31792784143851,-0.0019968349704169164,-0.0034518551826477895,-0.0026401956991860542
2023-04-06,3.880992897931369,4.09960729486161,3.3231222997039622,0.0016964896731070933,0.002043609023094195,0.0015655730063135476
2023-04-10,3.9011376416443673,4.127273149617817,3.3408764821444183,0.005190615969365986,0.0067484158277510975,0.005342620836445766
2023-04-11,3.91237625154467,4.141854772659306,3.350221870393722,0.0028808544923746293,0.003532992005348179,0.002797286370582963
2023-04-12,3.8840340876324557,4.10870357612746,3.3290216726680177,-0.0072442326836598125,-0.00800394952297212,-0.006327998128438206
2023-04-13,3.9261975726271285,4.154428494096713,3.3582248888343043,0.010855590873656285,0.01112879455089577,0.008772311819430723
2023-04-14,3.921451206481158,4.149328639102285,3.3549588223792504,-0.0012088964088463605,-0.0012275707721710605,-0.0009725573965916334
2023-04-17,3.9424524682558557,4.172764997959083,3.369952861013451,0.005355482108253096,0.005648229122161785,0.00446921688999069
2023-04-18,3.9503277114236246,4.182804331868352,3.3763672733626717,0.0019975492998784983,0.00240591883659369,0.0019034130783930348
2023-04-19,3.9434247855763993,4.175199195459303,3.3714026096571805,-0.0017474311883703963,-0.0018181908130644464,-0.0014704157763461012
2023-04-20,3.8990054361497637,4.124120587573193,3.338211948295188,-0.011264155357826322,-0.012233813405037042,-0.009844763501967946
2023-04-21,3.895897921636593,4.116868833884632,3.3333508674636994,-0.000797001841638667,-0.0017583757638931496,-0.0014561929879770563
2023-04-24,3.8948469870415927,4.112324550885547,3.330235873740854,-0.0002697541404161896,-0.0011038202047347623,-0.000934493201195985
2023-04-25,3.8213944890575386,4.0289165422938815,3.274444329688532,-0.018858891819995782,-0.020282447934150682,-0.01675303076645185
2023-04-26,3.8007140431496214,4.008135124241694,3.260466501918102,-0.005411753737316394,-0.0051580661535262085,-0.004268763296323863
2023-04-27,3.868472677706859,4.082363507527094,3.309703006382714,0.017827869655010042,0.018519431352615356,0.01510106128544697
2023-04-28,3.918646900736217,4.140403401490329,3.347623635459304,0.012970034225264326,0.014217228293418982,0.011457411436452292
2023-05-01,3.9164537362643594,4.134282354009095,3.343583494264547,-0.0005596739199558165,-0.0014783698320388616,-0.0012068684041904865
2023-05-02,3.841104558031031,4.051981320595168,3.2896773784861426,-0.01923913399911603,-0.01990696966648109,-0.016122258011762702
2023-05-03,3.8090184442299786,4.022178168052812,3.2698660105455524,-0.008353355998593215,-0.007355204820632899,-0.0060222829357531316
2023-05-04,3.7680225032959496,3.9753347825054544,3.2383441564563284,-0.010762862279160346,-0.011646273136138863,-0.009640105737532934
2023-05-05,3.8569285990053666,4.074451750962212,3.3029700477372077,0.02359489510257684,0.024932986497879117,0.019956461746671872
2023-05-08,3.866982972669377,4.083521759160658,3.3088711191404543,0.002606834273935821,0.0022260683774948387,0.0017865954937403838
2023-05-09,3.847502532452019,4.062764813759129,3.2952469761426735,-0.005037632788931323,-0.005083099007606506,-0.0041174595525860225
2023-05-10,3.8430585843709095,4.053012690958378,3.288797385348988,-0.0011550214830599037,-0.002400366067886517,-0.0019572404861850634
2023-05-11,3.8184521433801337,4.020301560009104,3.267073102722127,-0.00640282744864884,-0.008070818781852784,-0.006605539983593589
2023-05-12,3.807788522835775,4.0071397720929385,3.2583199672292524,-0.0027926552812362893,-0.0032738310098647805,-0.002679197929664201
2023-05-15,3.8416029694425955,4.054004319985847,3.2895037694780283,0.008880337341223399,0.011695261597633344,0.009570515652977285
2023-05-16,3.7998792231455942,4.006521997943431,3.258136692490361,-0.010861025105635802,-0.011712449789047397,-0.009535504193279754
2023-05-17,3.8687609059629247,4.093921314824663,3.314416494838159,0.018127334784159066,0.02181426107883455,0.017273616075567544
2023-05-18,3.908174255034498,4.139032689346566,3.34344654385393,0.010187589781220474,0.01101911127567301,0.008758720897322991
2023-05-19,3.8992896040634353,4.125130055643374,3.334501767912385,-0.0022733507748835535,-0.003358908891678003,-0.0026753159723721387
2023-05-22,3.9125953207819455,4.14548078848794,3.3479054985887804,0.0034123438035083,0.004933355450630117,0.004019710172409541
2023-05-23,3.8904934741366777,4.120603907324811,3.331571851359084,-0.005648896661474945,-0.006000964045524637,-0.004878765913966632
2023-05-24,3.8623236365300215,4.090285858378608,3.311664176355546,-0.007240684965525435,-0.0073576712608337536,-0.00597546020069073
2023-05-25,3.8812196460340274,4.117435006133018,3.329521200486173,0.004892394134268452,0.0066374695301056885,0.005392160309647842
2023-05-26,3.939259968794633,4.188259167056628,3.3752918879070513,0.014954145359929116,0.017201039195060774,0.013746927760722727
2023-05-30,3.941094649636337,4.1967677542782855,3.380778669999893,0.00046574251413655787,0.002031533122062612,0.0016255726245484325
2023-05-31,3.9054957580699616,4.14897628782226,3.3502117626210843,-0.009032742101147018,-0.011387684345245508,-0.009041380806750543
2023-06-01,3.94426577130104,4.196362813360585,3.3804615484078493,0.00992704015897794,0.011421257257461459,0.009029216040689514
2023-06-02,4.0155191263165,4.271696473450261,3.4281682814204224,0.01806504914904772,0.017952132225036666,0.014112490951137202
2023-06-05,4.004708076580899,4.256068684436739,3.4183111893453915,-0.002692316832647701,-0.0036584502458572032,-0.0028753232822475994
2023-06-06,4.044511174080051,4.309647114869908,3.452375378179145,0.00993907589217713,0.012588713765144366,0.009965209996073199
2023-06-07,4.064229083057438,4.332404232381748,3.466794982105799,0.00487522672795504,0.0052805060148239935,0.004176719605230028
2023-06-08,4.080429219462962,4.351055636765304,3.4790590178287943,0.003986029348851838,0.0043050932884216575,0.0035375716724805883
2023-06-09,4.073320768917598,4.343324786763384,3.473873198313085,-0.001742084021812751,-0.0017767757177352683,-0.0014905810706671296
2023-06-12,4.104076377380477,4.380711666926793,3.4993501120780857,0.007550499999304572,0.0086078941822052,0.007333864050470318
2023-06-13,4.138316066185261,4.4209267611658545,3.526985554853773,0.008342848830371619,0.009180036783218437,0.007897307182926028
2023-06-14,4.13534281081469,4.419472298412948,3.5259725418160883,-0.0007184698614169927,-0.00032899498939509275,-0.0002872178016977145
2023-06-15,4.179666797539787,4.464152780398879,3.5576132537198055,0.010718334308145394,0.010109913349151567,0.008973612678055742
2023-06-16,4.168397433199061,4.447152783320229,3.5453526538029,-0.002696235103563649,-0.0038081127405167337,-0.0034462992581011376
2023-06-20,4.130876626819181,4.407872850524321,3.5171188977644414,-0.009001254554339422,-0.008832602500915554,-0.00796359595093421
2023-06-21,4.118245330475365,4.390449725840027,3.5041463803162674,-0.0030577762264331065,-0.003952728509903025,-0.003688393206274565
2023-06-22,4.109369863029326,4.380073921129768,3.4960482276104847,-0.002155157532835572,-0.0023632669448852006,-0.002311020096441241
2023-06-23,4.068089584694186,4.3333491801703286,3.4600003643726662,-0.010045403483031734,-0.0106675690412521,-0.010311031453492547
2023-06-26,4.071247588066232,4.334104261128147,3.4605830255988885,0.0007762865852136702,0.0001742488145828336,0.0001683991805960794
2023-06-27,4.124322362198395,4.398644732034789,3.509776692378018,0.013036488934678792,0.014891305565833957,0.014215427404928649
2023-06-28,4.128758756841488,4.406636835787073,3.515864766142818,0.0010756663164244173,0.0018169468641280329,0.0017346043063142247
2023-06-29,4.151517271529614,4.430165851271545,3.5343159454989097,0.0055121928958465904,0.005339449644088834,0.005247977548446414
2023-06-30,4.194895576489516,4.479714589074057,3.572882207856383,0.010448783450181853,0.01118439793586723,0.01091194532469264
2023-07-03,4.22360720122238,4.515967458932419,3.6013354758330696,0.006844419416249581,0.008092674016952461,0.007963673673349936
2023-07-05,4.213482156854805,4.503185290257578,3.591314187861386,-0.0023972504745813916,-0.0028304386138917614,-0.0027826588327946045
2023-07-06,4.164430719430982,4.44907973378816,3.549122151880652,-0.011641543881708905,-0.01201495230197891,-0.011748355552778644
2023-07-07,4.176596522651863,4.465643741126035,3.5620620692101204,0.002921360454891664,0.0037230187654495595,0.0036459487094890886
2023-07-10,4.201130730457394,4.496504279908666,3.586108873180968,0.005874210657522028,0.006910658478736842,0.006750809925156531
2023-07-11,4.247983052211558,4.548476628500329,3.6263509371174645,0.01115231226071911,0.011558389663696378,0.011221651477859584
2023-07-12,4.270080397716389,4.5733660482418275,3.645598235083763,0.005201844082999951,0.005472034215927124,0.005307621435447052
2023-07-13,4.307757445849456,4.62152519981236,3.6828927141723296,0.008823498534879182,0.010530351400375393,0.010230002508136993
2023-07-14,4.263721292907619,4.570633598594076,3.643737785714337,-0.01022252378305688,-0.0110118627548218,-0.010631569121554496
2023-07-17,4.2668990081008555,4.580055085040507,3.6509939096490256,0.0007452914895076379,0.002061308622360203,0.001991395748381475
2023-07-18,4.31605067196606,4.63549694130439,3.6933644798434333,0.011519293934983743,0.012105063199997046,0.011605215249039125
2023-07-19,4.347535746383365,4.667761946982407,3.7179568004123973,0.0072948806235775265,0.006960420012473989,0.006658514398775628
2023-07-20,4.330368309129204,4.64162554317344,3.6981083387966884,-0.003948774261014809,-0.005599343776703014,-0.005338540139440906
2023-07-21,4.3366305831196055,4.646224798970319,3.701659065098747,0.0014461296461087958,0.0009908717870712458,0.0009601466416784277
2023-07-24,4.355867836688764,4.668966617571114,3.7192240201762417,0.004435990845990112,0.004894687533378628,0.004745157446591097
2023-07-25,4.353344492227898,4.6651220094721655,3.7162546071811584,-0.0005792977554581746,-0.0008234387636185669,-0.0007983958425130666
2023-07-26,4.361627854336091,4.6777015379583835,3.726410331195472,0.0019027582409296695,0.002696505784988368,0.002732784776018571
2023-07-27,4.340862487146789,4.654752243975606,3.7078758480792047,-0.0047609213538606365,-0.004906104803085398,-0.004973817016635795
2023-07-28,4.380920908517929,4.702203420951595,3.7469155521228488,0.009228217085833101,0.010194135904312063,0.010528859552799696
2023-07-31,4.405541184597428,4.730504197132277,3.770498569835598,0.005619885999683216,0.006018620133400043,0.006293981645620006
2023-08-01,4.38618644897327,4.709355424752445,3.7529226471078565,-0.00439327084078267,-0.004470722675323446,-0.00466143201017255
2023-08-02,4.318914547009021,4.6278314070118665,3.684468147322939,-0.015337218959307175,-0.01731107771396634,-0.018240317273171325
2023-08-03,4.308137402551423,4.615524504755448,3.674074441352543,-0.0024953363490513025,-0.0026593238115312223,-0.0028209515063789548
2023-08-04,4.293045569743471,4.599158357739023,3.6600279064991783,-0.0035030992277576,-0.00354589104652403,-0.0038231492250858645
2023-08-07,4.3369275322140615,4.647000228230389,3.7031227760705505,0.010221639103917601,0.010402309894561812,0.01177446475062327
2023-08-08,4.321067367884358,4.628277855760665,3.686306331280834,-0.003657004690969967,-0.0040289157629014305,-0.004541152375066804
2023-08-09,4.288331743535108,4.5840032030949684,3.646928877573315,-0.00757581901928972,-0.00956611812114716,-0.010682089378566961
2023-08-10,4.281280746378759,4.578698527471339,3.642211398082219,-0.001644228473456577,-0.001157214641570925,-0.0012935485306845296
2023-08-11,4.276949055386535,4.564135547101971,3.6291534275585766,-0.0010117745714033344,-0.0031805938482283302,-0.0035851764481649173
2023-08-14,4.282337063616798,4.574777169428388,3.6387225668580365,0.0012597784449823735,0.0023315745592116244,0.0026367414578825077
2023-08-15,4.221915934966855,4.507818956563622,3.579684449009594,-0.014109381805390231,-0.014636387825012198,-0.016224957183097577
2023-08-16,4.184166039967571,4.462685984416236,3.5397669161876895,-0.008941413230574069,-0.010012152791023299,-0.011151131724179919
2023-08-17,4.16030460413551,4.4320587788892185,3.5116298138360227,-0.005702793723799338,-0.006862953305244446,-0.007948857373346607
2023-08-18,4.166657907346823,4.437863813524125,3.517019149101322,0.0015271245295351843,0.0013097828626633667,0.0015347105335719036
2023-08-21,4.1837603513465025,4.465328639094763,3.5425110923889687,0.004104595188753946,0.00618874907493594,0.007248167327766897
2023-08-22,4.156122521668482,4.436586894116706,3.51594927828419,-0.0066059782007173995,-0.006436647176742638,-0.007498018612234203
2023-08-23,4.194842982163703,4.485875409775798,3.5612071662417177,0.009316486771828059,0.011109557151794514,0.012872167478938712
2023-08-24,4.1402663363481045,4.419076568849071,3.501094455663777,-0.013010414465489117,-0.01489092648029322,-0.016879869036481754
2023-08-25,4.154342988442709,4.432192270343559,3.5129089306333507,0.0033999387843779427,0.00296797335147847,0.003374509062576525
2023-08-28,4.1918883346435285,4.47276055468007,3.5503092759842922,0.009037613481907902,0.00915309667587283,0.010646545666129326
2023-08-29,4.251647712248096,4.545290614651749,3.615532182296895,0.014255956464940045,0.016215949654579065,0.018371049179798593
2023-08-30,4.260828880047991,4.556520954716243,3.6258457784021374,0.0021594375689795164,0.0024707639217376176,0.0028525803630630175
2023-08-31,4.256501778728385,4.557314026844841,3.6265830161020887,-0.0010155538843318324,0.0001740521192550304,0.00020332847699777723
2023-09-01,4.272773699305467,4.572713111388827,3.6414013947014023,0.0038228388998684526,0.003378982543945419,0.004086044227726182
2023-09-05,4.248994495145892,4.5494095031546316,3.619006579306228,-0.005565285183121271,-0.005096232295036307,-0.006150054050004239
2023-09-06,4.219630440674113,4.516186241661015,3.5868278591706155,-0.006910824315099706,-0.007302763462066708,-0.008891589288511637
2023-09-07,4.19219783274921,4.481147448481529,3.5531651118018663,-0.00650118732211058,-0.007758491635322495,-0.009385102572648463
2023-09-08,4.209282134010761,4.500714522069169,3.5719317984354895,0.004075261221712534,0.00436653196811676,0.005281681555211026
2023-09-11,4.222154376715623,4.51644816236346,3.587030426918798,0.003058061278633506,0.003495809435844377,0.0042270203730994105
2023-09-12,4.224123653449071,4.515386015220154,3.58600184581307,0.0004664151420679108,-0.0002351731061936979,-0.0002867500364672759
2023-09-13,4.20722112870162,4.495990508680286,3.5670823819031594,-0.0040014275466701,-0.004295426011085457,-0.00527592140868538
2023-09-14,4.251613394932325,4.543870347416539,3.613098419801312,0.010551445924213976,0.01064945280551921,0.012900189278387542
2023-09-15,4.212159750732228,4.499436163009408,3.5703315881596804,-0.009279687623320432,-0.009778928756713934,-0.011836608548289496
2023-09-18,4.199614745247297,4.482764270365751,3.554316959760823,-0.002978283405027593,-0.003705329298972937,-0.004485473688765174
2023-09-19,4.185322715448408,4.467379913773424,3.5394173375404065,-0.003403176402088537,-0.0034318906068802058,-0.0041919790466348195
2023-09-20,4.15261962071045,4.428268845681333,3.5018797616260775,-0.007813757017409495,-0.008754811286926234,-0.010605580618084032
2023-09-21,4.084184548605541,4.353072532480521,3.4323744961172125,-0.016479976100772897,-0.016980972886085577,-0.01984798743535121
2023-09-22,4.0637872617565804,4.330129971662388,3.411006384385547,-0.004994212824179223,-0.005270429253578124,-0.006225460466460664
2023-09-25,4.075468002763127,4.345818614925475,3.4255812927423404,0.0028743485458679885,0.0036231344938277843,0.004272905622080492
2023-09-26,4.022497238718093,4.28734060836323,3.3708858344060086,-0.012997467777718041,-0.013456154465675496,-0.015966766998702697
2023-09-27,4.02122753254454,4.291300460879381,3.3745815737305063,-0.0003156512231585751,0.0009236150979996527,0.0010963703625841426
2023-09-28,4.048268946854247,4.325525874470469,3.4063825462883277,0.006724666557874626,0.007975534200668433,0.00942367871779326
2023-09-29,4.0397451533493935,4.319468658969956,3.4006499077039507,-0.002105540322729027,-0.0014003419876098544,-0.0016829109785756469
2023-10-02,4.006797798271054,4.280831641851951,3.364052566212263,-0.008155800385334255,-0.008944854140281677,-0.010761866844563706
2023-10-03,3.9515663644166343,4.21703754889388,3.3051741363151996,-0.013784432515724254,-0.01490226626396196,-0.01750223242300797
2023-10-04,3.9666141604951273,4.234581119199099,3.3215219115256756,0.003808058549641613,0.004160164594650295,0.004946116160978287
2023-10-05,3.9616292758466605,4.228602581982297,3.315932446728732,-0.0012567102437420763,-0.0014118367433547663,-0.0016828023255087698
2023-10-06,3.9997277344190056,4.2714114561730385,3.3556451353293038,0.009616866172871052,0.010123645663261405,0.011976326188354536
2023-10-09,4.024776928803948,4.299426541578736,3.3820077204703005,0.006262724877342363,0.006558741927146894,0.007856189816808357
2023-10-10,4.05708251804579,4.339222891805871,3.419211732474403,0.008026678201875415,0.009256199598312476,0.01100056980323183
2023-10-11,4.057931880048102,4.342227366022533,3.4220715844654954,0.0002093529028641683,0.0006923991441727395,0.0008364068138659864
2023-10-12,4.024617100223725,4.3013079089153905,3.3829665278458316,-0.008209792773549829,-0.009423609972000202,-0.01142730526070268
2023-10-13,4.007525126189982,4.282639334611615,3.365166451767472,-0.00424685718121931,-0.004340208768844556,-0.0052616766769176815
2023-10-16,4.059996451321256,4.3410187019672675,3.420472798002543,0.013093199288598978,0.013631632924079984,0.016434951146628185
2023-10-17,4.079581992686328,4.363350633405255,3.4417585277417704,0.0048240291832517546,0.005144398808479389,0.006223037280594035
2023-10-18,4.017459051031339,4.294673614012955,3.3778195190702998,-0.015227771317345762,-0.01573951423168196,-0.018577424347495652
2023-10-19,3.983979198711217,4.256899866849137,3.3429741140865104,-0.008333588941380032,-0.008795487284660397,-0.010315946363345097
2023-10-20,3.928131313474044,4.193874265203373,3.285863359197604,-0.01401811667471542,-0.014805516600608692,-0.0170838160691269
2023-10-23,3.908314525486341,4.175974224371476,3.2696919221655887,-0.005044838475671276,-0.004268139600753895,-0.004921518415167525
2023-10-24,3.9417182790813112,4.212271856679261,3.302125786631604,0.008546843755061762,0.008692015409469622,0.009919547540899076
2023-10-25,3.8952359922663433,4.159318561731964,3.2553334649461383,-0.01179239192756354,-0.012571195960044967,-0.014170363186920665
2023-10-26,3.8667223027408846,4.130057620427583,3.2291634296979232,-0.007320144294741149,-0.007035032510757322,-0.008039125800787361
2023-10-27,3.82166874277819,4.087582921155242,3.191211043840587,-0.011651615098078993,-0.010284287333488407,-0.011753008692064415
2023-10-30,3.8641090693931512,4.132800866286982,3.2307837300872078,0.011105181916972962,0.011062269806861869,0.012400523093889504
2023-10-31,3.896607181308115,4.169888033413221,3.2637400627491937,0.008410247053421749,0.008973857760429471,0.010200723853805105
2023-11-01,3.923701939053152,4.203673504174628,3.293487748458463,0.006953422935473075,0.008102248907089216,0.009114600163412367
2023-11-02,4.028428310540303,4.322940945066356,3.38963139342157,0.026690705133535886,0.028372194170951825,0.029192045729669935
2023-11-03,4.096250306649815,4.406699453844458,3.4554750033167907,0.01683584536730054,0.01937535345554342,0.019425005923359828
2023-11-06,4.084068441667576,4.388143253920788,3.44088860718477,-0.0029739063949445477,-0.004210906624794064,-0.0042212419762897024
2023-11-07,4.07841822819442,4.385023040972945,3.4384186559055703,-0.00138347668601968,-0.0007110553979874368,-0.0007178236674220129
2023-11-08,4.066709667836269,4.370281246978728,3.426756539790381,-0.0028708581864430593,-0.0033618509769439697,-0.0033917091786247466
2023-11-09,4.030268681215064,4.3282460125424125,3.393720635328927,-0.008960803597418798,-0.009618427753448566,-0.009640575301411713
2023-11-10,4.083287309378756,4.388063436587001,3.4399057937335646,0.013155110082563315,0.013820245862007141,0.013609004207313369
2023-11-13,4.0810405666952825,4.38267890194339,3.4356760399342057,-0.0005502288997183413,-0.0012270867824553111,-0.0012296132664633141
2023-11-14,4.183612010559833,4.506973541878167,3.527647154592014,0.025133649663181323,0.028360425829887292,0.02676943739421067
2023-11-15,4.210604626947313,4.542910883519763,3.554183247754528,0.006451988453840318,0.007973719239234844,0.007522320685608097
2023-11-16,4.185669900628588,4.51437184373391,3.5331916832031087,-0.005921887360106459,-0.006282104253769072,-0.005906157079740182
2023-11-17,4.211501986993684,4.546691257125105,3.5569498760577054,0.006171553652909223,0.007159227132797152,0.006724286419993453
2023-11-20,4.235758540132178,4.576190255744716,3.57864361162434,0.005759596745627649,0.006488014459610003,0.0060989714003725215
2023-11-21,4.218053273433869,4.551136281707261,3.5601093098676766,-0.004179951838745866,-0.005474854111671479,-0.005179141531852838
2023-11-22,4.238755271946426,4.5738675841832235,3.5772244575335286,0.004907950936263061,0.004994643330574089,0.004807478135127274
2023-11-24,4.248998253875361,4.585501110361307,3.5859834175729493,0.0024165070337338612,0.0025434768199921187,0.0024485352103009728
2023-11-27,4.238555824333503,4.575869063627775,3.5786910194550408,-0.00245762151875073,-0.002100543975830038,-0.0020335838928234873
2023-11-28,4.243343779354582,4.583473347148619,3.584573231051031,0.0011296194315979502,0.0016618227958680176,0.001643676853914533
2023-11-29,4.262555162449998,4.610224928345901,3.6052185885357093,0.004527416135569062,0.005836530327796963,0.005759502220749724
2023-11-30,4.277053323786896,4.62144271670555,3.613871613788601,0.003401284155714057,0.002433241009712317,0.0024001388654788514
2023-12-01,4.331111383360649,4.688432631763686,3.6647115805254313,0.012639089457479491,0.014495455026626525,0.014068005776091352
2023-12-04,4.31569384154443,4.674570925532989,3.654179144001716,-0.003559719538834827,-0.00295657575130448,-0.002874015128417118
2023-12-05,4.292842551172901,4.646590360779981,3.6328834871711626,-0.005294928512202146,-0.005985696911811833,-0.005827753919922074
2023-12-06,4.288502909620263,4.644528962417501,3.6313052452507457,-0.0010109016347344957,-0.00044363677501668697,-0.00043443229764739133
2023-12-07,4.327694183121256,4.689755090651122,3.6657304920305096,0.009138684134520902,0.009737505912780664,0.00948013027128125
2023-12-08,4.35470668435124,4.7286525037318095,3.6952082490712033,0.006241776818550981,0.008294124603271502,0.008041441427508067
2023-12-11,4.377760328378167,4.750341775888854,3.711622989553085,0.005293960236121276,0.0045867764949798495,0.004442169256903883
2023-12-12,4.374167917417467,4.746838890590915,3.708966980068347,-0.0008206047593359855,-0.0007373964786531184,-0.0007155924759097987
2023-12-13,4.451811863475036,4.836172368428976,3.775464169118395,0.01775056365540939,0.01881957232952125,0.01792876275453459
2023-12-14,4.5199665150120385,4.9241086639834375,3.840013225158376,0.015309418642817985,0.01818303585052483,0.01709698546948557
2023-12-15,4.503370129887105,4.9062820997844465,3.8269408117865353,-0.0036717938218817636,-0.0036202621459962003,-0.0034042625911272495
2023-12-18,4.507784742526735,4.909497976128753,3.8293039749804176,0.0009802908737908123,0.0006554609537123834,0.0006175071186373948
2023-12-19,4.551433398045867,4.959935750823837,3.866471533703446,0.009682950276517666,0.010273509621620214,0.009706087311394107
2023-12-20,4.479772385804731,4.877698544190252,3.80583314569263,-0.015744712923164594,-0.016580296754837076,-0.015683133182861964
2023-12-21,4.537022592081348,4.943463055416539,3.854068303013608,0.01277971319659632,0.013482692837715193,0.012674007365659046
2023-12-22,4.546601137350642,4.953973653078126,3.8617725029252488,0.002111196291156192,0.0021261608600615656,0.0019989785613339084
2023-12-26,4.574060431824664,4.984243185132892,3.8843751099002644,0.006039521313722096,0.006110152006149283,0.005852910019400248
2023-12-27,4.575387507172164,4.988333426374537,3.8874284785920374,0.00029013069837602323,0.0008206343650818404,0.0007860643231882847
2023-12-28,4.576325102181466,4.99015483592107,3.8887911473503403,0.0002049214427919388,0.00036513388156889093,0.0003505321746257728
2023-12-29,4.551401336415644,4.957858777480889,3.864753367454502,-0.005446240205692732,-0.006471955180168076,-0.006181298759697307
2024-01-02,4.5491223233628135,4.95044043927412,3.85917946894384,-0.0005007277724766723,-0.0014962786436081288,-0.0014422391238727572
2024-01-03,4.509766808187277,4.895135832198499,3.8172224662865473,-0.00865123256269007,-0.011171653866767772,-0.010872000899397216
2024-01-04,4.505008074058818,4.896155817501479,3.8179964121829197,-0.0010552062514229688,0.00020836710929872382,0.0002027510587103709
2024-01-05,4.532084236367888,4.9281476704331855,3.8422664172765235,0.006010236133644931,0.0065340757369996005,0.0063567385805183285
2024-01-08,4.573207874870492,4.978495066757526,3.880450196923668,0.00907389103066647,0.010216292142868122,0.00993782718331393
2024-01-09,4.543623490022416,4.94659980822236,3.8563878319099896,-0.0064690662785394926,-0.006406606435775619,-0.006200920973745472
2024-01-10,4.547364009512458,4.949336318570563,3.8584608558510847,0.0008232459177694995,0.0005532103776930697,0.0005375558764970645
2024-01-11,4.5305523594769435,4.9290471064021135,3.8431379469828997,-0.003697009960132336,-0.004099380373954853,-0.003971249013696498
2024-01-12,4.509560243307333,4.89774563644311,3.8193734426559103,-0.004633456255217827,-0.006350409984588579,-0.006183619910299032
2024-01-16,4.471682091884754,4.853274909240945,3.7858394650872773,-0.008399522210351562,-0.009079836010932874,-0.008779968251890646
2024-01-17,4.437749494999273,4.8153400492774425,3.757118329668166,-0.007588329444765951,-0.00781634271144871,-0.0075864641604525
2024-01-18,4.462620156489769,4.843707860581131,3.7785908156751744,0.005604341010803315,0.005891133546829241,0.0057151476538417345
2024-01-19,4.528999722293644,4.925979060323898,3.8413166106593595,0.014874572219045534,0.01698516964912411,0.016600314255772908
2024-01-22,4.533865636657649,4.931999564509546,3.8459533725950346,0.0010743905194015024,0.0012221944332122536,0.0012070762203792995
2024-01-23,4.560903191962342,4.961625669481406,3.8693646304027607,0.00596346638199563,0.006006915569305438,0.006087244316206997
2024-01-24,4.555192119622037,4.9596989853496884,3.867836494657092,-0.0012521801274734123,-0.0003883171081543457,-0.0003949319569579446
2024-01-25,4.589117230368427,4.99149011055493,3.893102094415144,0.007447569686524158,0.006409890055656398,0.006532230561698604
2024-01-26,4.58996644582736,4.991159692266111,3.892833730868889,0.00018504985083267478,-6.619632244098117e-05,-6.893308722621949e-05
2024-01-29,4.617658787427857,5.028834275687563,3.9236762838200736,0.0060332339957889225,0.007548262476920975,0.007922905287891746
2024-01-30,4.618605489155543,5.0258776907175955,3.921214008554451,0.00020501768780833984,-0.0005879265069962392,-0.0006275429183024706
2024-01-31,4.555092700617587,4.959613642137941,3.8671332211612,-0.013751507611352354,-0.013184572458267096,-0.013791847952003944
2024-02-01,4.595337438422516,5.002244400242712,3.9019194806265904,0.008835108405032432,0.008595580458641061,0.008995361027398285
2024-02-02,4.61178381877114,5.022685280918921,3.9186474504015454,0.0035789276781097445,0.004086341857910236,0.004287113011432142
2024-02-05,4.572392997281648,4.981229815158587,3.8827354570099164,-0.008541341710155859,-0.008253645896911466,-0.00916438486650517
2024-02-06,4.59455414620539,5.007288196898682,3.906031785038686,0.004846728821629398,0.005231314897537143,0.005999978182059884
2024-02-07,4.6081960989419795,5.0233038901934775,3.920426568723735,0.0029691570286218827,0.0031984764337540383,0.0036852704937491154
2024-02-08,4.622901493238906,5.041686825889554,3.9369696953441853,0.0031911390012901997,0.003659530878066919,0.004219726177867367
2024-02-09,4.63689401108918,5.062730099596584,3.95598208993314,0.003026782610604739,0.004173855781555158,0.00482919505614654
2024-02-12,4.667778315649817,5.102618542878382,3.992562842897766,0.006660558659908222,0.007878840565681555,0.00924694605107379
2024-02-13,4.58427028789035,5.004827005902414,3.9062177290789375,-0.017890315716041383,-0.01916497111320481,-0.021626488352569084
2024-02-14,4.631984656354822,5.0678677135761925,3.961149996171624,0.010408279937270004,0.012595981359481812,0.014062776553328327
2024-02-15,4.6822703290912635,5.124551472325203,4.014294736238144,0.010856182925272018,0.011184932589531016,0.013416492714964923
2024-02-16,4.6527778223516245,5.078542148145731,3.971512902665895,-0.006298762067708963,-0.008978214859962419,-0.010657372311515978
2024-02-20,4.64234080660386,5.0625316969546,3.9565739456082394,-0.002243179482507407,-0.0031525683403015314,-0.00376152801810814
2024-02-21,4.643454815336501,5.055562110553281,3.950059170838736,0.00023996702936068814,-0.0013766998052596735,-0.0016465696986996958
2024-02-22,4.7004522800322635,5.1360848780549855,4.0236616135982,0.01227479688345623,0.015927559733390773,0.01863325068718802
2024-02-23,4.699074425548046,5.129301913778496,4.017411528175596,-0.00029313232049399396,-0.0013206487894058538,-0.0015533327657281104
2024-02-26,4.676003319399393,5.1159687621356085,4.00514415248121,-0.004909712862435134,-0.0025994086265563876,-0.003053552171180307
2024-02-27,4.704303786579704,5.1539481921145365,4.039941531788682,0.006052276965437642,0.0074237024784087335,0.008688171507114095
2024-02-28,4.693306234223881,5.141228127888524,4.0282769237606635,-0.0023377640677025857,-0.0024680233001709295,-0.0028873210011171047
2024-02-29,4.7242682372258145,5.187160666614441,4.070132591320548,0.00659705577619385,0.008934156894683909,0.010390464298271063
2024-03-01,4.761432974332799,5.235839754115825,4.114344948455839,0.007866771157094332,0.009384534358978236,0.010862633131307087
2024-03-04,4.778096623241916,5.2638143356432,4.13975796915445,0.0034997130063458837,0.0053429025411606546,0.006176686937284792
2024-03-05,4.760338226886423,5.232831421986049,4.111260464410529,-0.0037166256264286046,-0.0058860194683074685,-0.006883857693192996
2024-03-06,4.79527235110943,5.280177344490902,4.154616509133848,0.007338580276859075,0.009047859311103856,0.010545681816716224
2024-03-07,4.830031135263556,5.3281731483557735,4.198719058563235,0.007248552659596896,0.00908980906009682,0.01061531174596464
2024-03-08,4.824612872898914,5.31748359930085,4.188894482076348,-0.00112178621895076,-0.002006231546402004,-0.002339898514250316
2024-03-11,4.843947232039114,5.337127655971233,4.207065010425357,0.004007442596857036,0.0036942392587662187,0.004337786121554776
2024-03-12,4.851442905810637,5.353459065879025,4.222251989025441,0.0015474309302843103,0.0030599623918532437,0.0036098749514090755
2024-03-13,4.866150141160645,5.371195115137562,4.238764400998865,0.003031517764002345,0.003313007354736275,0.003910806843443471
2024-03-14,4.834778082994155,5.326363338071395,4.197500626431114,-0.006446997576405988,-0.0083467042446137,-0.009734859186329659
2024-03-15,4.824432420489088,5.3152236768737975,4.186898185584424,-0.0021398422693807984,-0.002091419696807706,-0.0025258938092654892
2024-03-18,4.850308910375441,5.336021698449688,4.207429776522218,0.005363634025933761,0.003912915587425125,0.004903771247288802
2024-03-19,4.869214679374092,5.345366835971528,4.216696067559385,0.0038978484356344545,0.0017513304948806319,0.0022023638015002955
2024-03-20,4.934726773053206,5.426801006362401,4.295428180708518,0.013454344898084392,0.015234533548355023,0.018671517199175813
2024-03-21,4.972344387911975,5.4783895173853905,4.345558858544854,0.007623039043252788,0.009506247043609584,0.011670705626387168
2024-03-22,4.945936906775528,5.447564932903502,4.314345652146837,-0.005310871306630549,-0.005626577734947125,-0.0071827830237856105
2024-03-25,4.959226028748891,5.4730824668299505,4.340643266755102,0.002686876566330376,0.004684209227561853,0.006095388902179977
2024-03-26,4.9475232665549145,5.4615930301794595,4.328809962926614,-0.002359796090384947,-0.0020992624759673673,-0.0027261636354959373
2024-03-27,5.020215380047473,5.542752289664603,4.410473506884453,0.014692626911722684,0.01485999763011936,0.018865125671312377
2024-03-28,5.0417582066400515,5.559428243257151,4.427317372392705,0.004291215607640897,0.003008605241775486,0.0038190605797674415
2024-04-01,5.0433626914538525,5.564959334256276,4.432909755107934,0.0003182391435765375,0.0009949028491973433,0.001263153789267779
2024-04-02,5.003633536143478,5.512678526294469,4.380458535059642,-0.007877513028697547,-0.00939464330673212,-0.011832232764913297
2024-04-03,5.014800546627242,5.532667690779867,4.400483449725563,0.0022317802459153047,0.0036260348558425637,0.004571419751071337
2024-04-04,4.958579065348873,5.462391751586133,4.330429873878029,-0.011211110143987901,-0.012701998949050997,-0.015919518082019524
2024-04-05,4.995259831881328,5.498380915768002,4.366088169238129,0.007397435041176292,0.006588535904884285,0.008234354648067876
2024-04-08,5.001233541364338,5.507181417160099,4.374848883841526,0.001195875626906151,0.0016005623340606956,0.0020065363464536468
2024-04-09,5.022090476737841,5.527299469267213,4.395077678217471,0.004170358212828518,0.0036530578136444447,0.004623884141612189
2024-04-10,4.957800590117832,5.4555522340681435,4.324350634122468,-0.012801419432365346,-0.012980522513389547,-0.01609233084674122
2024-04-11,4.965066849070305,5.4747149974741225,4.343174899567189,0.0014656214626616038,0.0035125249624252675,0.004353084899310078
2024-04-12,4.879874510366573,5.370596519760152,4.245860698297724,-0.017158346764189925,-0.01901806354522706,-0.02240623588038393
2024-04-15,4.839244297985965,5.317187087573755,4.196528605425154,-0.008326077298564827,-0.009944785833358893,-0.011618867498961571
2024-04-16,4.818429438442544,5.29570585224195,4.176525681248599,-0.004301262400016492,-0.004039962291717547,-0.0047665406475952965
2024-04-17,4.816565108756578,5.292583843884176,4.173590688334117,-0.0003869164651643109,-0.0005895358324049527,-0.0007027355123564449
2024-04-18,4.822182116787414,5.295702368146112,4.1765289671911,0.0011661854255067272,0.0005892252922057306,0.0007040170147005753
2024-04-19,4.8258323052800955,5.2840154871270215,4.165174160634251,0.0007569578262036636,-0.0022068613767624035,-0.002718718497117356
2024-04-22,4.863005373465521,5.332106413519992,4.2114868538424,0.007702934091753155,0.009101208448410114,0.011119029222321108
2024-04-23,4.910617444410885,5.3958897894096385,4.272302049880145,0.009790667969473033,0.011962134838104266,0.014440314821892342
2024-04-24,4.923400230178013,5.408478874701126,4.2843381943448104,0.0026030913447914195,0.002333087921142507,0.0028172503545256244
2024-04-25,4.917864103841346,5.407378089179006,4.283282077894711,-0.001124451817411276,-0.00020352959632874423,-0.0002465063219083685
2024-04-26,4.942014390368906,5.441503920098101,4.315925741594459,0.004910726693057033,0.006310975551605313,0.007621179998444694
2024-04-29,4.974423484359286,5.479831528901838,4.352664783469489,0.006557871230310264,0.007043569087982204,0.00851243605073182
2024-04-30,4.886408570663268,5.37000145077275,4.252896426553416,-0.01769349030551115,-0.02004260122776036,-0.022921213068135216
2024-05-01,4.84217322042231,5.315198473228768,4.202814075923622,-0.009052732615634329,-0.010205393433570853,-0.011776056975453142
2024-05-02,4.890925201312744,5.379850388259122,4.26134928046526,0.010068202575822527,0.012163593769073389,0.013927621703982762
2024-05-03,4.9238797090774815,5.420964800335131,4.298495966231017,0.006737888315260232,0.007642296552658134,0.008717118293035453
2024-05-06,4.973503390177951,5.486554369699522,4.357675784478468,0.010078166818126233,0.012099242806434596,0.013767563983395181
2024-05-07,4.966164556557056,5.473027419039726,4.345453354629407,-0.0014755863312346795,-0.002465472817420933,-0.002804804775196068
2024-05-08,4.971510408709297,5.4785101690557205,4.350407349041913,0.0010764548962001186,0.001001776456832859,0.0011400408675952267
2024-05-09,4.998833041837627,5.508548845103715,4.377517084187686,0.005495841481185426,0.0054830008745192504,0.006231539479111925
2024-05-10,4.995906451424822,5.501814229308881,4.37143402538336,-0.0005854547227945872,-0.001222575306892404,-0.0013896139494918858
2024-05-13,5.008039311461221,5.519407500823794,4.387395112225474,0.0024285602931855,0.003197721838951173,0.0036512244607680433
2024-05-14,5.031948919900875,5.549258935756929,4.415878638654179,0.004774245358844409,0.005408449172973562,0.006492127036686446
2024-05-15,5.078567596704733,5.6119110651839,4.475931130243621,0.0092645369708515,0.011290179491043162,0.013599216940378689
2024-05-16,5.077803207072004,5.608393923730119,4.472513248462058,-0.00015051284012146393,-0.0006267279386520386,-0.0007636135771770247
2024-05-17,5.084528982174227,5.618083450278445,4.4820687432121975,0.0013245442621439008,0.001727682948112541,0.0021364933359169225
2024-05-20,5.092286183673093,5.6392470443292595,4.50300255533798,0.0015256480051666355,0.003767048716545096,0.0046705691780131176
2024-05-21,5.094922828786148,5.637260896638094,4.501034762138954,0.0005177723753051477,-0.0003522008657455,-0.00043699579887945816
2024-05-22,5.068885382200973,5.608926520619558,4.472322222119368,-0.005110469276995544,-0.005026266574859717,-0.006379097593536831
2024-05-23,4.996791207153876,5.52598857550903,4.391270140699776,-0.014222885232372806,-0.014786776900291287,-0.018123041541757035
2024-05-24,5.031967558730975,5.57437369890986,4.438143293144724,0.007039788159796778,0.008755921721458337,0.010674167369142618
2024-05-28,5.013934627165845,5.562859966143819,4.426929803654703,-0.003583674050887109,-0.0020654755830763483,-0.002526617269735576
2024-05-29,4.963615553860734,5.502994482680862,4.369629065595297,-0.010035845507932795,-0.010761637687683123,-0.012943674420159312
2024-05-30,4.990278291235018,5.52702789894412,4.392733920290713,0.005371636277017089,0.00436733424663549,0.0052876009264342105
2024-05-31,5.038798968753987,5.572606889729683,4.43669367678132,0.009723040417243034,0.008246564269065892,0.010007379752174472
2024-06-03,5.026476083849403,5.570469397179477,4.434623845482436,-0.002445599632174167,-0.00038357138633726695,-0.000466525626890979
2024-06-04,5.018015082155628,5.558316331370644,4.4227987996837905,-0.001683286969366149,-0.002181695103645298,-0.0026665273562473946
2024-06-05,5.064171947595066,5.6192014446370395,4.481743943942312,0.009198231707906679,0.010953876972198406,0.013327566305465943
2024-06-06,5.060986083413901,5.6130508712555605,4.475725801797634,-0.0006290987379837798,-0.0010945636034012107,-0.0013428125791996592
2024-06-07,5.054528444035552,5.603809908447972,4.4666837191555,-0.0012759646582536366,-0.001646335124969478,-0.0020202494617749256
2024-06-10,5.066957573935514,5.621176435210541,4.483677001835289,0.002459008795296924,0.0030990570783615556,0.003804451747257742
2024-06-11,5.040984719771214,5.588701239394185,4.45203745026389,-0.005125926906888734,-0.005777295231819135,-0.007056608127313457
2024-06-12,5.064699422107122,5.6222892145353525,4.484627615350003,0.0047043789366978395,0.0060099786520004805,0.007320280983750704
2024-06-13,5.049978561484754,5.607574418359518,4.470193659942276,-0.0029065615539022316,-0.0026172250509262085,-0.0032185404554710972
2024-06-14,5.017289806852209,5.568641133016422,4.432288844452966,-0.006473048199027276,-0.006942981481552146,-0.008479457127098966
2024-06-17,5.055374387620219,5.611772519635952,4.474003235468258,0.00759066791716867,0.00774540603160867,0.00941147846614232
2024-06-18,5.065632216204569,5.623471501488945,4.485335500833715,0.002029093752080824,0.0020847213268280207,0.002532913985313856
2024-06-20,5.077129627096459,5.632889526864199,4.494724185377252,0.0022696892315061667,0.0016747707128523803,0.0020931956019325515
2024-06-21,5.088812601860505,5.6438945108888445,4.5058204364473005,0.0023010983808045005,0.0019537013769150846,0.0024687279157524777
2024-06-24,5.11051953632687,5.658382477758935,4.520507819622853,0.004265618753268363,0.0025670158863067005,0.003259646801889282
2024-06-25,5.1081763322976395,5.664973448954517,4.52720984389018,-0.0004585060310550171,0.0011648154258727672,0.0014825821643829062
2024-06-26,5.0902806696812455,5.643923422166531,4.505832848390805,-0.003503336896035547,-0.0037158209085464966,-0.0047218919017472105
2024-06-27,5.1035309314751425,5.661724084400357,4.524434175294371,0.002603051315582361,0.0031539517641068215,0.0041282771752639835
2024-06-28,5.098252149757334,5.655210549927554,4.517615880662063,-0.0010343391249482137,-0.001150450706481898,-0.0015069938843489394
2024-07-01,5.088864755814712,5.640593227286587,4.502337830614385,-0.0018412965202336817,-0.0025847530364990767,-0.0033818833763793466
2024-07-02,5.109384618355942,5.664586271162082,4.527704842195128,0.004032306521367657,0.004253638386726433,0.005634186623725945
2024-07-03,5.123156078216361,5.686162455490028,4.550543705256178,0.002695326519546848,0.0038089603185653687,0.005044247329951235
2024-07-05,5.124919358062042,5.6858874747633905,4.550243956648939,0.00034417843586265207,-4.835963249205655e-05,-6.587094348597944e-05
2024-07-08,5.131693561823324,5.696961879965896,4.562383542367872,0.0013218166546613563,0.001947700381278894,0.0026678977730840714
2024-07-09,5.135212944461938,5.703042127637131,4.569054294521673,0.0006858130939064733,0.0010672789812087302,0.0014621199844015997
2024-07-10,5.17917601136005,5.7537073736613396,4.624121812299203,0.008561099096294322,0.008883898258209122,0.012052279143094369
2024-07-11,5.184233332335716,5.7545709913785155,4.625093885410195,0.0009764721192278003,0.00015009760856621313,0.00021021788578456935
2024-07-12,5.203624069610321,5.7801656367008745,4.653875400273724,0.0037403288068957874,0.0044477069377899525,0.006222903918625233
2024-07-15,5.217762557804944,5.7978264630484935,4.675315076194357,0.0027170464286983,0.003055418729782211,0.00460684356082508
2024-07-16,5.292974585770864,5.8839136778458165,4.7789306669743965,0.014414612994110731,0.014848187565803528,0.02216226908591179
2024-07-17,5.272095763381583,5.837066158376588,4.722796769822293,-0.003944629253540999,-0.007961965799331616,-0.011746120850847697
2024-07-18,5.2245781800103055,5.783939753315302,4.660667160871087,-0.009013034949273968,-0.009101559519767766,-0.013155257780347651
2024-07-19,5.205391309223226,5.764373451069841,4.637972062948551,-0.003672424859195278,-0.0033828675746917503,-0.004869495533402324
2024-07-22,5.224602468287701,5.800640943086259,4.6798967273154775,0.0036906272599401824,0.006291662454604996,0.009039438745621409
2024-07-23,5.197288850980397,5.773580487243586,4.64839846312175,-0.005227884317149933,-0.004665080308914216,-0.006730546853711328
2024-07-24,5.134172460153364,5.676360789800027,4.539454664821294,-0.012144099094112626,-0.016838718652725237,-0.02343684586525141
2024-07-25,5.122229181093721,5.6500436090515125,4.510296058224105,-0.0023262325432842346,-0.004636276960372943,-0.006423372133916194
2024-07-26,5.179953451976566,5.71671397923184,4.582570836852996,0.0112693651224951,0.01179997444152825,0.01602439788782939
2024-07-29,5.167853113112234,5.700785416250857,4.565183066516928,-0.002335993745216758,-0.002786314487457253,-0.003794326581105012
2024-07-30,5.1677809495022435,5.6836534055621275,4.5464172843946935,-1.3963943713446447e-05,-0.0030052018165588334,-0.0041106308003004965
2024-07-31,5.197170579545444,5.746038891799192,4.618815639296149,0.005687088971143783,0.010976300239563086,0.015924265278059346
2024-08-01,5.108702776794951,5.620652878502908,4.482339470452907,-0.017022301153376995,-0.021821295619010916,-0.02954787103475709
2024-08-02,4.982486242278121,5.461319384313685,4.327157647671427,-0.024706180811719602,-0.028347862362861687,-0.03462072067598221
2024-08-05,4.841258995250024,5.310008169222469,4.192814935753757,-0.028344733966294777,-0.027705981731414808,-0.031046410335884955
2024-08-06,4.876439523350656,5.351719495059396,4.230087008380719,0.0072668138876992305,0.007855228185653651,0.008889510555099456
2024-08-07,4.844496306401806,5.297747599605797,4.182292750301213,-0.006550520476239052,-0.010084963440895045,-0.01129864657271018
2024-08-08,4.956554818052409,5.445801542783981,4.302979270592917,0.023131096519265038,0.027946583032607997,0.028856545320270044
2024-08-09,4.964510965211181,5.4543019085468,4.309933164516615,0.001605176872006897,0.0015609025955201083,0.0016160649369663105
2024-08-12,4.956048432449181,5.448389543505471,4.305096037109964,-0.0017046055132722282,-0.0010839819908141646,-0.001122320746519856
2024-08-13,5.019873893695749,5.536263553837473,4.375331503736938,0.012878296513140874,0.016128437519073557,0.016314494734041673
2024-08-14,5.028360513992431,5.540261241019327,4.378535571395765,0.0016906042813824573,0.0007220911979675115,0.0007323028337602455
2024-08-15,5.132989861998132,5.674184135861575,4.481679770952367,0.020807845363224997,0.02417266786098482,0.023556780086571694
2024-08-16,5.1503313079488375,5.692533758582028,4.495794049113215,0.0033784298073706864,0.003233878612518337,0.0031493276811807025
2024-08-19,5.203604747894356,5.75522014642595,4.543560020027811,0.010343691844308722,0.011012036204337994,0.010624590537908984
2024-08-20,5.17423947134208,5.716998234287962,4.514535850688722,-0.0056432565452166905,-0.006641259789466836,-0.00638797973640759
2024-08-21,5.1992097330399885,5.75033373868724,4.5397937317136625,0.0048258805639376234,0.005830945372581553,0.005594790219926482
2024-08-22,5.1658715994508775,5.700881152191616,4.502488600292242,-0.006412154019726057,-0.00859995067119601,-0.008217362643773374
2024-08-23,5.247585927841608,5.803248763260177,4.579326072881346,0.015818110616496295,0.017956454157829205,0.01706555627572648
2024-08-26,5.240663990412858,5.782435036332259,4.563659164805126,-0.001319070811594547,-0.0035865646600723444,-0.0034212257058956475
2024-08-27,5.23284349663779,5.7754578429680565,4.558404760322853,-0.0014922715498215666,-0.0012066185474395308,-0.0011513577794756147
2024-08-28,5.189762448885681,5.715403861887533,4.513146728597615,-0.00823281792772712,-0.010398133397102494,-0.00992848026993387
2024-08-29,5.218338843195475,5.745404562917545,4.5357532553652655,0.005506301028466165,0.0052490955591202315,0.005009038732200821
2024-08-30,5.269559416776132,5.8077275853069485,4.5825302931540275,0.009815493995267488,0.01084745585918423,0.010312959095257312
2024-09-03,5.1784228538250145,5.6811375915700975,4.4911525096693214,-0.017294911347042752,-0.02179682016372686,-0.0199404646863367
2024-09-04,5.172002885924547,5.671888705547026,4.484462365645237,-0.0012397535082955269,-0.0016279989480971757,-0.001489627441882746
2024-09-05,5.14810940651404,5.6442613951466525,4.464342718884203,-0.004619773023625373,-0.004870918989181572,-0.004486523716904833
2024-09-06,5.058769550751817,5.534026644896883,4.3862366360509455,-0.01735391552657728,-0.019530411958694316,-0.01749553915358426
2024-09-09,5.117410828939981,5.606282847728518,4.4369309326929125,0.011592004261085309,0.013056713938712994,0.011557583607164634
2024-09-10,5.106475393649374,5.596627240049684,4.430163658708658,-0.002136907834087709,-0.0017222833633422363,-0.0015252150837848921
2024-09-11,5.136364482260576,5.649815983843001,4.467310543982431,0.005853173922736099,0.00950371384620663,0.008384991647148565
2024-09-12,5.16507754088517,5.685849306743139,4.492440614620512,0.005590152085927613,0.006377786993980505,0.0056253243177668555
2024-09-13,5.2141585144171,5.750172311846666,4.536925099891673,0.009502465963660889,0.01131282269954692,0.009902075305433522
2024-09-16,5.250261690197556,5.785039592396063,4.5610477369550155,0.006924065634105858,0.006063693165779149,0.0053169573074765
2024-09-17,5.271241255034105,5.813231826968267,4.580581340531072,0.003995908408854776,0.004873300194740304,0.004282700971925735
2024-09-18,5.265082603809705,5.8059238913530695,4.575521266588715,-0.0011683493367938835,-0.0012571209669112182,-0.0011046794208375843
2024-09-19,5.338935126174119,5.902435275711766,4.64122513362496,0.014026849704309674,0.016622915863990784,0.014359864856497762
2024-09-20,5.341015008870297,5.89958401435424,4.63928837765272,0.0003895688273081177,-0.0004830652475357189,-0.0004172941230987659
2024-09-23,5.362898381225102,5.925879788913268,4.657139064118021,0.004097231016662706,0.0044572252035139925,0.003847720816685385
2024-09-24,5.375325501937335,5.94396774159661,4.66940649471532,0.0023172396396209383,0.0030523657798766646,0.002634113009812422
2024-09-25,5.3386046015075586,5.907146825298793,4.644491639503403,-0.006831381730565411,-0.006194669604301484,-0.00533576488577614
2024-09-26,5.389783636352594,5.978105350117788,4.69217378396028,0.009586594000721371,0.012012317776679993,0.010266386110230119
2024-09-27,5.4116891321970835,6.0030126127888215,4.7088756552987565,0.004064262560883325,0.004166414141654862,0.0035595167842183972
2024-09-30,5.414046554183339,5.996473152370753,4.704490757531347,0.0004356166676739992,-0.001089363098144558,-0.0009311984618823876
2024-10-01,5.385206360712584,5.96126075129178,4.680930618013094,-0.005326920110886424,-0.0058721852302551225,-0.005008010586594502
2024-10-02,5.376494625185054,5.9557463451855615,4.677236422687492,-0.0016177161921010486,-0.0009250402450561301,-0.0007892010429264573
2024-10-03,5.362367200313711,5.943868069633065,4.669281490853884,-0.0026276274517537113,-0.0019944226741789306,-0.0017007760811535988
2024-10-04,5.430423639141508,6.027374599616506,4.724608324948962,0.012691491702361501,0.014049189686775154,0.011849110875720603
2024-10-07,5.399794804516152,6.000959184635731,4.7071757747552985,-0.005640229319235468,-0.004382573962211644,-0.003689734469968342
2024-10-08,5.416866730053705,6.0204850643464045,4.7201188456213465,0.0031615878298327793,0.0032537931203842074,0.0027496468127368168
2024-10-09,5.454432128083161,6.0632424602673884,4.74837762800351,0.006934894266649838,0.007101985216140694,0.005986879421135294
2024-10-10,5.443037987010753,6.050720769928628,4.740108699654108,-0.0020889692647825253,-0.0020651805400848655,-0.001741421807026522
2024-10-11,5.496187099062803,6.112349025389428,4.780609023769584,0.009764604285122713,0.010185275077819744,0.0085441762376528
2024-10-14,5.52739475898008,6.1447912891596586,4.8021335117258,0.005678056324283087,0.005307658910751245,0.004502457291360784
2024-10-15,5.500819479772326,6.10715422935134,4.777136515311858,-0.004807921338453092,-0.00612503468990333,-0.0052053938843859004
2024-10-16,5.548155119306387,6.165627925719112,4.816072943171263,0.008605197772463713,0.009574622511863806,0.008150578852960333
2024-10-17,5.530128965302221,6.145345233454073,4.802585452408813,-0.0032490356914209872,-0.0032896393537521496,-0.0028005162964929164
2024-10-18,5.549169682554267,6.167765835967459,4.817521834725572,0.003443087380333054,0.003648387789726204,0.003110071119977187
2024-10-21,5.510867421746832,6.127381930269122,4.790676142571439,-0.0069023408903590155,-0.006547574400901812,-0.005572510737911984
2024-10-22,5.524716351813994,6.140686680203145,4.799719275019582,0.0025130218180373642,0.002171359658241334,0.001887652635873982
2024-10-23,5.497865104064236,6.103013088001044,4.774154459037865,-0.004860203862039225,-0.006135078072547873,-0.005326314835696899
2024-10-24,5.498743460594451,6.119660577970762,4.785544527629937,0.00015976320145894007,0.0027277493476867143,0.0023857771443716036
2024-10-25,5.490176778514507,6.118313646237079,4.784622425246335,-0.001557934488367163,-0.00022009909152997942,-0.00019268494489566024
2024-10-28,5.523215849712535,6.153774161723987,4.808894968032004,0.006017851980163025,0.005795798897743287,0.005073032023926061
2024-10-29,5.508377959569534,6.144199783406166,4.802306710353359,-0.0026864584956920456,-0.0015558546781540006,-0.0013700148833447612
2024-10-30,5.486634779677414,6.1059782293234885,4.7750924398515275,-0.0039472926606909375,-0.006220753788948041,-0.005666916368161079
2024-10-31,5.4441319574206135,6.049999074496918,4.732705898429057,-0.007746610438557289,-0.009167925715446446,-0.008876590758479352
2024-11-01,5.444063039962282,6.048041726479436,4.731102437404054,-1.2659035245721206e-05,-0.0003235286474227994,-0.00033880428224675185
2024-11-04,5.436536626030991,6.0374278725443205,4.722391061721684,-0.0013824994082624054,-0.001754924058914198,-0.001841299316095668
2024-11-05,5.495257094037748,6.111739793490374,4.783652644064196,0.010801080181377598,0.012308539748191905,0.012972577141922903
2024-11-06,5.671947219565286,6.311184387700233,4.944083259385545,0.03215320457331172,0.032633031010627755,0.03353726268574708
2024-11-07,5.672735726743657,6.327164964534648,4.95694989602416,0.00013901877923871986,0.0025321042537689298,0.002602431222044954
2024-11-08,5.672324595065336,6.324754020257495,4.955007801936805,-7.247502759244462e-05,-0.0003810465335845059,-0.0003917921560820936
2024-11-11,5.725593214306565,6.395370224367195,5.012498672458478,0.009390968085213336,0.01116505146026614,0.011602579212731223
2024-11-12,5.692437058758188,6.35108284622325,4.976708601800406,-0.0057908681786073,-0.006924912333488464,-0.007140165613354288
2024-11-13,5.683432011586606,6.332679138871837,4.961134805012187,-0.0015819317945249267,-0.002897727489471591,-0.0031293366830007496
2024-11-14,5.663746402436013,6.308246515030864,4.940525628926985,-0.003463683406515816,-0.003858181238174385,-0.004154125395742225
2024-11-15,5.608146361058166,6.248293831598754,4.890130125046407,-0.009816831020882821,-0.009503858685493527,-0.010200433651332608
2024-11-18,5.655497353844966,6.318116456090624,4.948614475343252,0.008443251965675413,0.01117467045783993,0.011959671583645193
2024-11-19,5.665147486283326,6.349474310081193,4.974918179053244,0.0017063278142634974,0.0049631649255752475,0.0053153673297954285
2024-11-20,5.67589527993033,6.3573417437421105,4.981592197423542,0.0018971780828349605,0.0012390685081482555,0.001341533293632624
2024-11-21,5.73900135031241,6.432529223632912,5.046482038216182,0.011118258401493053,0.011826874017715427,0.013025923885580326
2024-11-22,5.785518613012378,6.490864557515413,5.096754744718225,0.008105462929963503,0.009068801999092102,0.00996193112773125
2024-11-25,5.819567706766353,6.540806654508798,5.139725809843499,0.0058852275883087835,0.0076942133903503684,0.008431063937264227
2024-11-26,5.801890013431335,6.5043035246510845,5.107965228242246,-0.003037629979708689,-0.0055808299779891435,-0.006179431116816847
2024-11-27,5.7937323228663375,6.498655759065625,5.103053217348801,-0.0014060401948524648,-0.0008683121204375865,-0.0009616374963332674
2024-11-29,5.81653338526207,6.52420872013141,5.125460161639091,0.003935470457574031,0.003932037949561984,0.00439088979399882
2024-12-02,5.8181915344684665,6.545835375011953,5.1457554075824845,0.0002850751636014337,0.003314831852912814,0.003959692457526254
2024-12-03,5.800651235862486,6.519945238058435,5.121515775989021,-0.003014733788337276,-0.003955207467079225,-0.0047106070291924595
2024-12-04,5.816983854068925,6.552580243083351,5.152220171235044,0.002815652509060129,0.0050054109096526744,0.005995177324254808
2024-12-05,5.803101374186109,6.5285774199715,5.1282004269532395,-0.002386542619179921,-0.0036631101369857255,-0.00466201821418788
2024-12-06,5.8027421105613435,6.5391488668191,5.138938931797692,-6.190890036206209e-05,0.001619257330894408,0.002094010364339871
2024-12-09,5.759558130489758,6.494294558600076,5.093815155657231,-0.007441995396105572,-0.006859349608421161,-0.008780757416915974
2024-12-10,5.73461748688009,6.458081027551274,5.057503594630414,-0.004330305041568727,-0.005576207041740444,-0.007128558834038068
2024-12-11,5.773829975880901,6.512019117366057,5.1113429959392285,0.006837856071572723,0.008352030515670794,0.010645449934227669
2024-12-12,5.755760814966772,6.487667801962225,5.086796382814805,-0.003129493072987821,-0.003739441633224483,-0.004802380341903167
2024-12-13,5.741261694864911,6.477600561489211,5.07665079317129,-0.0025190623043540583,-0.0015517503023149137,-0.0019944949394457012
2024-12-16,5.71608042410468,6.45531018826207,5.05425377725403,-0.004386016889415423,-0.003441146612167323,-0.0044117700487469325
2024-12-17,5.690308510360842,6.416843691332935,5.0159170517629015,-0.0045086688485272974,-0.005958892107009839,-0.007585041666023584
2024-12-18,5.515594459879289,6.209202447151807,4.831617221440223,-0.030703792274783703,-0.03235878169536588,-0.036742998024240525
2024-12-19,5.494208777168603,6.175826942544546,4.802250307933971,-0.0038773123851376656,-0.005375167727470376,-0.006078071204800195
2024-12-20,5.569848530548033,6.266377240745986,4.880305959375364,0.013767178577879013,0.014662052392959701,0.016253973957258028
2024-12-23,5.596217449739607,6.299705075186326,4.909033999645238,0.004734225544366533,0.0053185170888900846,0.0058865244328965005
2024-12-24,5.6540512207344165,6.37104642603443,4.970222415106847,0.010334439559259945,0.011324554085731409,0.012464451349498029
2024-12-26,5.6546558046167466,6.369572449857294,4.96894062580668,0.00010692932531508603,-0.0002313554286956787,-0.00025789375064411146
2024-12-27,5.614732592430238,6.318217333097865,4.92462783343173,-0.007060237362973121,-0.008062568902969303,-0.008917955699612845
2024-12-30,5.559840874544314,6.249750302817326,4.866425756805155,-0.00977637260230868,-0.010836447477340805,-0.011818573625291928
2024-12-31,5.569024033445261,6.2517487890625745,4.868130808353402,0.0016516945553231022,0.0003197705745696666,0.0003503704019038878
2025-01-02,5.569463439905326,6.257451933742933,4.872998271053481,7.890187893355716e-05,0.0009122478961944847,0.0009998627587670672
2025-01-03,5.625305558527925,6.338087926438623,4.940859748538913,0.010026480867526555,0.01288639426231386,0.01392602125236575
2025-01-06,5.647788822865647,6.3854266078885535,4.981282090292219,0.00399680765849908,0.007468921542167717,0.008181236426567207
2025-01-07,5.615113459687656,6.33318577494763,4.936900639422092,-0.0057855143318570335,-0.008181259632110582,-0.008909644156997354
2025-01-08,5.602226831647092,6.311557229296902,4.918563230830729,-0.0022949897865965907,-0.003415113091468802,-0.003714356421301024
2025-01-10,5.517837491015806,6.215905928779344,4.839195574154983,-0.01506353512045755,-0.015154944658279379,-0.016136349773496983
2025-01-13,5.547440198414285,6.244945350781706,4.863240706662245,0.005364911062835542,0.004671792387962448,0.004968828421748839
2025-01-14,5.586149211329799,6.28790683164306,4.899015252961669,0.006977815268126575,0.006879400610923847,0.007356112612401766
2025-01-15,5.662611127273124,6.383865253532239,4.977432138057333,0.013687768273043188,0.015260789394378582,0.016006662777434233
2025-01-16,5.677251137654865,6.397230845090619,4.988410715406218,0.002585381558558808,0.002093651890754611,0.0022056709251629947
2025-01-17,5.726263908419477,6.461891458044215,5.041478733329165,0.008633187008326937,0.010107594132423348,0.010638261552732953
2025-01-21,5.782510059993241,6.527571169136778,5.095051430894294,0.009822486786028817,0.010164161920547476,0.010626385709208819
2025-01-22,5.76458875153406,6.510973407755866,5.081513474623191,-0.003099226507735975,-0.002542716264724687,-0.0026570794141576037
2025-01-23,5.799411643535669,6.545217690944388,5.109547090031814,0.006040828496628237,0.00525947213172917,0.005516784625018145
2025-01-24,5.785947789350646,6.5271317282189365,5.0947566615459845,-0.0023215896736750175,-0.0027632331848143066,-0.0028946652658675687
2025-01-27,5.7450829238620225,6.450469598090029,5.032740517999964,-0.00706277812666023,-0.011745148301124608,-0.012172542805449993
2025-01-28,5.715748637996932,6.418917280635714,5.0072989704238875,-0.005105981280661975,-0.004891476035118081,-0.005055207492832836
2025-01-29,5.732596246308066,6.436811994562459,5.021721833043078,0.0029475768404396696,0.002787808775901901,0.0028803677799909
2025-01-30,5.782911496487543,6.498595666286034,5.071279820337458,0.008777044120607869,0.009598489403724653,0.009868724103411441
2025-01-31,5.734735711071097,6.447570285120809,5.030607108096964,-0.008330714631497926,-0.007851755023002727,-0.008020206669997476
2025-02-03,5.700243985823411,6.399461988154516,4.992333365605883,-0.006014527431682404,-0.007461461424827509,-0.007608175647324633
2025-02-04,5.715246846217139,6.420649270935482,5.009337266862987,0.0026319681106703463,0.0033107912540435436,0.003406002767012861
2025-02-05,5.738954754484754,6.458639297040857,5.039766300309948,0.004148186229840256,0.005916851162910408,0.006074462913138179
2025-02-06,5.729433024079898,6.450246226824513,5.033041112054567,-0.0016591401766001823,-0.0012995105981826738,-0.00133442462500033
2025-02-07,5.691464401899495,6.4055489873400715,4.996999303175908,-0.0066269423206148925,-0.006929540038108861,-0.007161040030516763
2025-02-10,5.717219497354079,6.445369237911867,5.032646946684792,0.00452521418670182,0.006216524243354726,0.007133809981967998
2025-02-11,5.7201969697069766,6.436918214070227,5.025072715303839,0.000520790281757666,-0.001311177611351022,-0.0015050194184478283
2025-02-12,5.727918277246566,6.4456685386561,5.032913134850676,0.00134983245865139,0.0013593965768814442,0.001560259918818474
2025-02-13,5.781520518767494,6.50770965662254,5.088717111039571,0.00935806674020756,0.009625241756439307,0.011087808331615712
2025-02-14,5.794766294179288,6.530377140703648,5.109242115016069,0.0022910539483163017,0.0034831738471985396,0.004033433875105796
2025-02-18,5.854417668572048,6.609446043567698,5.17987078197405,0.010294008656169362,0.012107861638069206,0.013823707189448697
2025-02-19,5.887343007732265,6.646606835721615,5.213114298759458,0.005624016089075479,0.005622376203537005,0.006417827429420653
2025-02-20,5.865386590017763,6.622265917581668,5.191097643526451,-0.0037294272960936015,-0.0036621570587158647,-0.004223321026789351
2025-02-21,5.774693035371988,6.501294584077876,5.084851357085326,-0.015462502471725426,-0.018267362713813906,-0.020467017524438025
2025-02-24,5.762271135542251,6.472343200502345,5.059489521055154,-0.002151092664778642,-0.004453172087669377,-0.004987724173064145
2025-02-25,5.721080784064739,6.404146066464329,5.000533067889043,-0.007148284158905005,-0.010536699295043972,-0.011652648537122778
2025-02-26,5.718473116605616,6.419843236771101,5.014287383250738,-0.0004557997968471783,0.002451094985008284,0.0027505698242491494
2025-02-27,5.646984163963287,6.311484190861078,4.921291204017789,-0.012501405739713145,-0.016878768205642714,-0.01854624039770525
2025-02-28,5.729896350870581,6.406600855190216,5.0013113341497055,0.014682560549116541,0.015070411562919661,0.016259986823496053
2025-03-03,5.647495029013475,6.2895295314834945,4.9055643581925095,-0.014380944577572663,-0.018273547291755787,-0.01914437425709159
2025-03-04,5.542800523087115,6.1909603879868005,4.826746164854436,-0.01853822011148354,-0.015671942234039338,-0.016067100048630212
2025-03-05,5.591848603600862,6.261213222975542,4.8822639459927295,0.008848970896472075,0.011347647309303266,0.011502113275096537
2025-03-06,5.505040285424998,6.13962644630101,4.788937661030677,-0.015524082343710943,-0.019419044256210327,-0.019115370654766206
2025-03-07,5.544933972214499,6.185566937213884,4.824028830004595,0.0072467565578262505,0.007482619881630015,0.0073275476645828785
2025-03-10,5.412681500385875,6.001987462544999,4.6923293483606905,-0.02385104538509142,-0.029678682088851938,-0.0273007244120842
2025-03-11,5.379419756754261,5.986563444146765,4.681233816984067,-0.006145150722288495,-0.0025698184967041238,-0.0023646105277115304
2025-03-12,5.390828513467004,6.019681456061921,4.704994724426664,0.0021208154835692383,0.005532057285308811,0.005075778816343135
2025-03-13,5.34374664441307,5.956132859138628,4.659607679422689,-0.008733698157215919,-0.010556803941726645,-0.009646566608957352
2025-03-14,5.460093423014392,6.106367029187741,4.762023618232562,0.021772510252327182,0.025223441720008788,0.021979519705522144
2025-03-17,5.523505221679348,6.180745228968814,4.8122808682707605,0.011613683824103438,0.01218043386936185,0.010553759088001158
2025-03-18,5.485363765335818,6.1271576678101765,4.7762577285998455,-0.006905299228074813,-0.008670080900192279,-0.0074856685752549
2025-03-19,5.547209410306235,6.213538482267225,4.833569245120354,0.01127466611444139,0.014098023772239676,0.011999251250059517
2025-03-20,5.537932689529841,6.197872230175932,4.823193651183322,-0.0016723220794870874,-0.0025213092565536943,-0.002146569835015044
2025-03-21,5.529187547832666,6.193143337082745,4.82005464971631,-0.0015791347037693582,-0.0007629865407943193,-0.0006508138992599166
2025-03-24,5.613765495122962,6.304695333212712,4.897777849191166,0.015296632020277423,0.018012177348136982,0.016124962292581202
2025-03-25,5.6043939135707665,6.294904790140618,4.890954885407854,-0.001669393130214858,-0.0015528970956801835,-0.0013930733474238899
2025-03-26,5.568794993713196,6.233153874910282,4.847569290457707,-0.0063519660478128515,-0.009809666275978235,-0.008870577620658127
2025-03-27,5.530188449120815,6.17808896611448,4.808972625748148,-0.006932656820005878,-0.008834196925163296,-0.007962065603793422
2025-03-28,5.429922428059473,6.048703294370997,4.719967779732332,-0.01813066986483669,-0.020942668914794904,-0.01850807915588204
2025-03-31,5.470452685231439,6.080232557453647,4.741658172809241,0.00746424239184762,0.005212565660476676,0.004595453632130431
2025-04-01,5.46575718474988,6.086719393850286,4.7461343683500266,-0.0008583385602136673,0.0010668730735778897,0.0009440148103576629
2025-04-02,5.505535968199572,6.142819565507893,4.784888096656216,0.0072778175292307346,0.009216815829277136,0.008165324725027068
2025-04-03,5.182541946234613,5.723489071904114,4.55862512436073,-0.05866713501293952,-0.068263521194458,-0.047286993493871554
2025-04-04,4.855630580944056,5.353945030707747,4.3821739157618245,-0.06307934767958323,-0.06456621766090409,-0.03870711097869661
2025-04-07,4.845672606094385,5.367473688752778,4.388857178622975,-0.0020508098142291153,0.0025268578529358265,0.001525102150125024
2025-04-08,4.745202953698103,5.245109047018452,4.329041964683042,-0.020733891982285813,-0.022797436714172226,-0.013628881393379033
2025-04-09,5.169047609797497,5.804582272377853,4.537778925709312,0.08932065925000687,0.10666569948196414,0.04821781879898057
2025-04-10,4.963311499666919,5.518297964636804,4.440555498158192,-0.039801550626196947,-0.04932039797306076,-0.021425333658343204
2025-04-11,5.043396962012215,5.605869781989912,4.471104181847791,0.01613548985403601,0.01586935281753532,0.006879473458279994
2025-04-14,5.094569382412259,5.659747127198475,4.489706424443262,0.010146419325205658,0.009610880613327044,0.004160547783921942
2025-04-15,5.093909470851576,5.662404121108455,4.4906198384330365,-0.00012953235320745105,0.00046945452690128064,0.00020344626205437422
2025-04-16,5.010716669551864,5.566084134246141,4.457487182774891,-0.016331817786664482,-0.017010440230369572,-0.00737819206484136
2025-04-17,5.053653500875033,5.614842211087292,4.47439604576305,0.008569000036277918,0.008759852647781452,0.003793362110720233
2025-04-21,4.965187986572588,5.511600303675214,4.438839174356433,-0.01750525917281953,-0.01838732123374942,-0.007946742095011228
2025-04-22,5.07435090326673,5.639107424327252,4.482864515766467,0.021985656331512837,0.02313431918621056,0.009918210523231386
2025-04-23,5.141213915684239,5.732998221312987,4.514685426184927,0.013176663122462573,0.016649939417838988,0.0070983431032869415
2025-04-24,5.253361325604797,5.884759169820387,4.565036717723076,0.021813410560185265,0.026471480131149194,0.011152779603671448
2025-04-25,5.266339735673498,5.908404927023859,4.57276151066951,0.0024704963668582547,0.004018135070800843,0.0016921644718528306
2025-04-28,5.283478722898585,5.928261437352581,4.5792425841763205,0.0032544401017258195,0.0033607226610183893,0.0014173215663420002
2025-04-29,5.3034253700368525,5.946865656067676,4.58530292321401,0.0037752867351994457,0.003138225078582746,0.0013234369934083112
2025-04-30,5.287772262529271,5.9218164809565845,4.577157344300113,-0.0029515089617397905,-0.004212164282798803,-0.00177645382438274
2025-05-01,5.306814477978906,5.950029865273397,4.586365995031647,0.003601179193093218,0.004764312505721957,0.0020118711328553918
2025-05-02,5.409015981802687,6.07690737861908,4.627375142718264,0.019258540928437373,0.02132384479045868,0.008941534044828003
2025-05-05,5.371191195875814,6.030285385470893,4.612489424458534,-0.006992914432888631,-0.007671993374824493,-0.0032168816663057376
2025-05-06,5.33735429916885,5.993573389405453,4.600717352319588,-0.006299700657266705,-0.006087936758995105,-0.0025522166135542035
2025-05-07,5.356366867645386,6.016113532950412,4.60797357357451,0.003562170957902566,0.003760718703269994,0.0015771934459880566
2025-05-08,5.408242897898222,6.089722224759031,4.631556311768536,0.009684928522388558,0.012235256433486885,0.005117811076275958
2025-05-09,5.4127297052098085,6.1039753161602,4.636092841514301,0.0008296238531242395,0.0023405158519744784,0.0009794828002496203
2025-05-12,5.581177811263501,6.321611975218108,4.7039619435215245,0.031120731170366733,0.035654904842376656,0.014639288799284556
2025-05-13,5.616147213560752,6.376779483190742,4.720798010377518,0.00626559544952654,0.00872681021690358,0.0035791248012073673
2025-05-14,5.599654703011713,6.362775211258537,4.71654621281404,-0.0029366236179165783,-0.0021961355209350053,-0.0009006522952540452
2025-05-15,5.630604020138365,6.380150081830464,4.721834933790238,0.005527004568693483,0.002730706334113986,0.001121312235175198
2025-05-16,5.670240063831023,6.427231252615799,4.736133824946966,0.007039394628159945,0.0073793202638625655,0.003028248839111791
2025-05-19,5.662464173494815,6.418058420293838,4.733353870139008,-0.0013713511683232094,-0.0014271825551986916,-0.000586967115100312
2025-05-20,5.647252438086093,6.398234059317307,4.727338337572329,-0.0026864161860707947,-0.0030888408422470315,-0.0012708816479217733
2025-05-21,5.537113031279224,6.267530380383216,4.687835030129823,-0.019503184604263146,-0.02042808651924133,-0.008356352903395647
2025-05-22,5.525507846505706,6.256075434650107,4.684313755461621,-0.0020958908925934328,-0.0018276649713517834,-0.0007511515754223819
2025-05-23,5.504790069604754,6.228140510127286,4.675717251874826,-0.0037494792291451473,-0.0044652473926545255,-0.0018351681880344195
2025-05-27,5.612465372790295,6.358235049580687,4.71565911017983,0.019560292367929,0.020888183116912762,0.008542402406601646
2025-05-28,5.574427243928644,6.315694062837091,4.70276375036967,-0.006777436711870477,-0.0066906911134720914,-0.0027345826975325727
2025-05-29,5.595986195376287,6.33969574783389,4.71009858896379,0.003867473823633283,0.0038003242015838268,0.0015596868104512662
2025-05-30,5.584609142223913,6.319463287089474,4.70390992221778,-0.0020330738417071448,-0.0031913930177688288,-0.001313914481643974
2025-06-02,5.610814654770635,6.3553983203919415,4.714974634573012,0.004692452395385738,0.005686405897140423,0.002352237295822901
2025-06-03,5.667277870158168,6.429805965916,4.737859505401425,0.010063282938695073,0.011707786321639935,0.004853657252068322
2025-06-04,5.654441311858365,6.420767715111063,4.7350939826157505,-0.002265030689141856,-0.0014056801795959695,-0.0005837072168395352
2025-06-05,5.636720861763217,6.397395652285833,4.727893710798077,-0.003133899375343363,-0.003640072941780037,-0.001520618565145293
2025-06-06,5.715482662495064,6.493018353486462,4.757345207515019,0.013972982282328239,0.014947129487991262,0.006229306012036195
2025-06-09,5.736593533769026,6.525498774880513,4.767411253915248,0.0036936287835307446,0.005002360939979633,0.0021158957277953583
2025-06-10,5.796690023659731,6.5987045975951055,4.7900072598016665,0.010475988848946738,0.011218425631523088,0.004739680443524019
2025-06-11,5.782559276119257,6.581822872702006,4.784830186567148,-0.0024377269584534567,-0.002558339238166951,-0.0010808069703704959
2025-06-12,5.789683952933918,6.58859450322036,4.786914904627939,0.0012320974977435561,0.0010288381576537553,0.00043569321783754056
2025-06-13,5.723379205497601,6.5067352609681945,4.76158074376214,-0.011452222258646283,-0.012424386143684352,-0.005292377527184811
2025-06-16,5.791787323826758,6.594485304075165,4.788920819020231,0.011952400124640938,0.013486032485961807,0.005741806498589241
2025-06-17,5.729827531382775,6.517508923596264,4.765146988821208,-0.010697870791817055,-0.011672841310501059,-0.004964339795429651
2025-06-18,5.737675653596783,6.5286953686454785,4.768634753338441,0.0013696960634543842,0.0017163681983947132,0.00073193219966039
2025-06-20,5.7532506667822165,6.541431309038048,4.772602499061859,0.0027145161430779385,0.0019507634639739369,0.0008320506662080618
2025-06-23,5.772155780884939,6.562180776268914,4.779059495324171,0.003285988252150318,0.0031720072031020674,0.0013529298246777177
2025-06-24,5.836998017838265,6.648032720763891,4.80578872670461,0.011233625601037689,0.013082837462425223,0.005592989877315935
2025-06-25,5.8191455165876755,6.627050984131706,4.799305703773538,-0.0030585073347688674,-0.0031560820341111073,-0.0013490029004079584
2025-06-26,5.88281732241144,6.704481265440027,4.823278689568454,0.010941779277088948,0.011683972477912974,0.004995094556295321
2025-06-27,5.91421968569428,6.73914427409137,4.833955911732666,0.005337980352238425,0.005170125365257183,0.0022136855138195077
2025-06-30,5.9482914272104725,6.775136103260616,4.845102189108822,0.005760986795706469,0.005340712070465159,0.0023058293413686926
2025-07-01,5.995252075578611,6.825099591035684,4.86052394649067,0.007894812979962085,0.007374536395073017,0.0031829581255302664
2025-07-02,6.0464242774739025,6.89565760932596,4.882188169066794,0.00853545459810423,0.010338020324706987,0.0044571784471434395
2025-07-03,6.074655939192765,6.92837761157853,4.892183168647608,0.004669149967533759,0.004745015501975924,0.002047237680051328
2025-07-07,6.016871349103057,6.854548920387099,4.867636692828157,-0.009512405421497339,-0.01065598547458646,-0.005017489119532925
2025-07-08,6.040522408665229,6.891026523995126,4.881132016237833,0.003930790304449205,0.005321663618087724,0.002772459051753051
2025-07-09,6.05647708501917,6.916876305894579,4.890671789030876,0.0026412742598311834,0.00375122368335723,0.001954418106559608
2025-07-10,6.102139197112944,6.977361262506598,4.91335309989172,0.007539384934968307,0.008744547963142502,0.004637667755933661
2025-07-11,6.07816995737255,6.948846376445589,4.897887912167662,-0.003928006059208622,-0.0040867722034454435,-0.0031475832104145285
2025-07-14,6.085447783287677,6.957592553154055,4.903530528865875,0.001197371242687817,0.0012586516141892545,0.0011520510063520728
2025-07-15,6.020165910912818,6.8851167916392555,4.856924008167959,-0.010727538005361081,-0.010416787266731231,-0.009504686556666586
2025-07-16,6.037703948500702,6.907062413607445,4.871091651669334,0.002913214992313229,0.003187400102615312,0.0029169992113422527
2025-07-17,6.085498287821481,6.959446782800227,4.904873945938909,0.007915979274314644,0.007584174871444693,0.006935261474293464
2025-07-18,6.086446528478309,6.957773313961088,4.903761376663436,0.0001558197228854752,-0.00024046003818511963,-0.00022682933093398638
2025-07-21,6.088832731363983,6.956596823844763,4.902978352568344,0.000392051893417511,-0.00016909003257747912,-0.0001596782622453885
2025-07-22,6.122313722150085,6.9928232801106835,4.928069081350467,0.00549875358106644,0.00520749688148503,0.005117446371954548
2025-07-23,6.173821145497819,7.057179871280359,4.974028281269056,0.008413065008639586,0.00920323431491843,0.009326005613946142
2025-07-24,6.1528571898961495,7.023218754568098,4.949533479987447,-0.003395620816932454,-0.004812278747558629,-0.004924540009925149
2025-07-25,6.169910439678533,7.048391953928973,4.968688510803237,0.0027715985039256097,0.003584282398223948,0.003870067935339838
2025-07-28,6.1683557555997375,7.052445737505105,4.97177275169753,-0.00025197838671975337,0.000575135946273786,0.0006207354088683115
2025-07-29,6.149156897749244,7.021539688394824,4.948380909089757,-0.003112475773315082,-0.004382316470146197,-0.004704929966838578
2025-07-30,6.118277559700853,6.986539544477064,4.922055683783265,-0.005021719003412417,-0.0049846822023391635,-0.005319967437861228
2025-07-31,6.053646170309101,6.910693582439278,4.865785720922643,-0.0105636576244037,-0.010856012701988216,-0.011432207694442531
2025-08-01,5.965313707743868,6.807926272503924,4.791678249104185,-0.014591613067587383,-0.014870766401290925,-0.015230319637751233
2025-08-04,6.028890423576744,6.878200490014991,4.843825757582243,0.010657732174310208,0.010322411656379593,0.01088293198480228
2025-08-05,6.024265572960106,6.875195718124862,4.841575027097686,-0.0007671147245523757,-0.00043685436248774856,-0.00046465967134223796
2025-08-06,6.0426154696426675,6.886615383062212,4.850187949479113,0.003045997302131731,0.001660994887352052,0.0017789505136700523
2025-08-07,6.058185050684207,6.906266243244962,4.865013667861496,0.002576629461159552,0.0028534859418869463,0.003056730695142562
2025-08-08,6.0987520466752585,6.93880402859509,4.889807978363703,0.006696229258706721,0.004711342453956657,0.005096452383268613
2025-08-11,6.081579343594351,6.917444673768255,4.873570132576124,-0.0028157732843507866,-0.0030782473087310747,-0.003320753260542708
2025-08-12,6.187228471032342,7.050738253096113,4.984994701996702,0.017371988667593374,0.01926919341087352,0.022863027798818214
2025-08-13,6.243857338365881,7.138382029026053,5.0579260175881755,0.009152541820407478,0.012430439591407882,0.014630169127815007
2025-08-14,6.243344970575768,7.131990546924386,5.052590114224894,-8.20594966136623e-05,-0.0008953684568404618,-0.0010549587607108224
2025-08-15,6.233035327838707,7.124757164132568,5.0465576532087,-0.0016513011511695153,-0.0010142165422439842,-0.001193934374215333
2025-08-18,6.239648868484479,7.1311213499905435,5.051884756127691,0.0010610465524290014,0.0008932495117186523,0.0010555914120200516
2025-08-19,6.225830095448073,7.105294135603081,5.0303119296730285,-0.0022146715829158836,-0.003621760606765778,-0.00427025308296991
2025-08-20,6.21594549913027,7.091083861575207,5.018436735190845,-0.0015876752443066966,-0.0019999557733535456,-0.0023607272567199855
2025-08-21,6.206160418883934,7.083196084389878,5.011410721426095,-0.0015741901610470954,-0.0011123514175415128,-0.0014000403184286636
2025-08-22,6.338221302990382,7.245908534971242,5.148483077379596,0.021278999444586777,0.022971614599227808,0.0273520498664086
2025-08-25,6.298574667690204,7.200273546634385,5.1100117703287244,-0.006255167405005646,-0.006298035383224487,-0.007472357677526187
2025-08-26,6.301225439757753,7.20682840209853,5.115788766283101,0.00042085268610803084,0.0009103620052337558,0.0011305249799855588
2025-08-27,6.335461485806008,7.240254416308633,5.145545849741442,0.005433236181686452,0.004638103246688896,0.005816714649061083
2025-08-28,6.35278353593693,7.26278217551171,5.165629311492352,0.002734141809516144,0.0031114596128463123,0.0039030770179453445
2025-08-29,6.333539533193065,7.228295741863363,5.134942482671552,-0.0030292237465677774,-0.004748377799987824,-0.005940578963443688
2025-09-02,6.3038720611902495,7.191581103776812,5.102484169417014,-0.00468418517755087,-0.005079293847084054,-0.006321066567750666
2025-09-03,6.2991642999811415,7.187512299572637,5.0988460768751125,-0.0007468046881996537,-0.0005657732486724631,-0.0007130041801417519
2025-09-04,6.332318121334654,7.226435482766724,5.133633599319489,0.005263209494886789,0.005415390133857834,0.006822626515859964
2025-09-05,6.323600244201582,7.227533075324743,5.134619835064999,-0.001376727600544858,0.00015188574790947484,0.00019211260921325746
2025-09-08,6.311788318915022,7.229337703814944,5.13628187124324,-0.0018679114476585212,0.00024968802928926337,0.00032369215864624934
2025-09-09,6.338419688240027,7.266211181988804,5.170241007960314,0.004219306475344853,0.005100533366203308,0.006611618592663904
2025-09-10,6.368207191784118,7.310169851055036,5.211227808609726,0.004699515811387167,0.006049737334251404,0.007927444888218282
2025-09-11,6.442333265276542,7.40712989475745,5.300277145280805,0.01164002226373162,0.013263719677925057,0.017087976181727527
2025-09-12,6.414810400940102,7.384133134208427,5.279151731687014,-0.004272188848842284,-0.0031046789884566772,-0.003985718673711336
2025-09-15,6.4080948464137135,7.381789691311439,5.276934578129612,-0.0010468827769880562,-0.0003173619508742842,-0.0004199829196219751
2025-09-16,6.408785918437334,7.379108851824395,5.274346143805217,0.00010784360097404466,-0.0003631693124771518,-0.0004905185550572178
2025-09-17,6.430969233981807,7.402695411949603,5.297825736339322,0.0034613912567518224,0.0031963968276977894,0.004451659389416829
2025-09-18,6.483242073926206,7.4771597314682925,5.371251972792834,0.008128298867950523,0.010059081912040746,0.013859692656528866
2025-09-19,6.485791436066474,7.484974125168391,5.378984830049548,0.0003932233458505685,0.0010451018810271329,0.0014396750135505787
2025-09-22,6.4833767077223605,7.4897285193425125,5.383690501225879,-0.00037231051413189054,0.000635191798210144,0.0008748251435926058
2025-09-23,6.499107722226886,7.509278807285704,5.403454517858792,0.002426361325848614,0.0026102799177170066,0.003671090793278875
2025-09-24,6.495747960935805,7.506735156321958,5.400870778852294,-0.0005169573170160646,-0.0003387343883514138,-0.000478164292483374
2025-09-25,6.449036988698945,7.4496015252404115,5.342770533364216,-0.0071910074894794285,-0.00761098265647886,-0.010757570004373385
2025-09-26,6.4950113553980495,7.502678548955365,5.396409485483584,0.007128873160390903,0.007124813795089668,0.010039538809388793
2025-09-29,6.50718697287568,7.520003373290945,5.414008398375814,0.00187461065291461,0.0023091518878937123,0.0032612263653399864
2025-09-30,6.516378624882548,7.535275421843886,5.429627796194732,0.0014125384817098574,0.0020308566093445446,0.002884996968900877
2025-10-01,6.5742379899623415,7.6186308660969315,5.514750791384641,0.008879067410058061,0.011062030196189898,0.015677500997318017
2025-10-02,6.564007824604438,7.610618818866322,5.506526616966996,-0.0015560990298073563,-0.0010516387224197565,-0.0014913048166189657
2025-10-03,6.588849251405711,7.636124175037409,5.533416004967144,0.0037844907356991975,0.0033512854576109863,0.004883184967688248
2025-10-06,6.6022542329647695,7.663775168209993,5.562663615113992,0.0020344951064403816,0.0036210769414901645,0.005285633706302528
2025-10-07,6.572275039082363,7.619427792373567,5.516121450305775,-0.0045407512077800805,-0.005786622762680049,-0.008366884648886574
2025-10-08,6.602610288908258,7.667947880975532,5.567182799378882,0.0046156391273195485,0.006367943882942262,0.0092567485203352
2025-10-09,6.565269858752369,7.6221651952674145,5.519085816643304,-0.005655404229841898,-0.005970656871795654,-0.008639375509807978
2025-10-10,6.383521401142312,7.393185638898034,5.313687898496325,-0.02768331866324758,-0.03004127442836757,-0.03721593121954769
2025-10-13,6.477033751580815,7.524861867912301,5.428753177211127,0.014649022782592835,0.0178104859590531,0.0216545045386205
2025-10-14,6.522552522042428,7.560196239263607,5.459716213560206,0.007027718583449305,0.004695683717727661,0.0057035262680675824
2025-10-15,6.566704709851751,7.621835982803584,5.513732919560872,0.006769157881077126,0.008153193593025243,0.009893683826735389
2025-10-16,6.5175421764484405,7.5617663441699,5.461569394098202,-0.0074866368407816575,-0.007881255745887716,-0.009460655099490123
2025-10-17,6.54494975001196,7.585417678078636,5.482073412636467,0.004205200798325315,0.003127752542495754,0.0037542356525619436
2025-10-20,6.621092867262347,7.679245767304603,5.562394201345226,0.011633873468661626,0.012369534969329798,0.01465153467730218
2025-10-21,6.654134732841326,7.716245468875172,5.594332527752005,0.004990394522685682,0.00481814265251157,0.005741830810742421
2025-10-22,6.607093794665384,7.653971671586788,5.540872834607736,-0.007069429770301006,-0.008070479035377498,-0.009556044957833687
2025-10-23,6.620292280713181,7.683647271040197,5.566305731782019,0.0019976235328236225,0.0038771504163741533,0.004590052494154229
2025-10-24,6.658081295584634,7.732235224279473,5.607857738976267,0.005708058386114434,0.00632355332374579,0.007464916444851033
2025-10-27,6.713196412577482,7.7947049306082095,5.661299730139843,0.008277927911363614,0.008079126477241516,0.00952984074330887
2025-10-28,6.6737469847563355,7.750318446360953,5.6233198627972945,-0.005876400062902465,-0.00569444060325619,-0.006708683368299773
2025-10-29,6.639944157057848,7.727351038063389,5.603348124589237,-0.005065044835486976,-0.0029634147882462436,-0.0035515920657805955
2025-10-30,6.5773156191663835,7.647611089579507,5.532856790943139,-0.009432088043224707,-0.010319182872772226,-0.012580216698791169
2025-10-31,6.6098087154804706,7.692673928976685,5.572896706067905,0.0049401759312570626,0.005892407298088154,0.0072367524838719
2025-11-03,6.593869992595584,7.676079320451108,5.558153115354687,-0.0024113743030955703,-0.0021571964025497437,-0.0026455883700777783
2025-11-04,6.49349197659522,7.541562513743048,5.444158758470157,-0.01522292919227719,-0.01752415537834162,-0.02050939485089287
2025-11-05,6.563384860815656,7.632398095951809,5.519908382086881,0.01076352823293747,0.01204466342926036,0.013913926279036426
2025-11-06,6.512689483364833,7.561150511057125,5.461127761677708,-0.007723968428772432,-0.009334888458251922,-0.010648839861170045
2025-11-07,6.550983876832683,7.601326388103723,5.494252031779503,0.005879966113180091,0.005313460826873673,0.006065463315880981
2025-11-10,6.597156929913805,7.66097844367083,5.545129036572353,0.0070482623601639816,0.007847585082054076,0.009260042040039496
2025-11-11,6.642636511259475,7.696151338811336,5.575599986337585,0.006893815294805261,0.004591175317764318,0.005495083985289417
2025-11-12,6.670970110200943,7.730102673433804,5.605019672330495,0.004265414627677044,0.004411469204257168,0.005276505858562208
2025-11-13,6.58464478627385,7.61519722558531,5.5084268993894865,-0.012940445317703886,-0.01486467291610405,-0.017233262073609534
2025-11-14,6.561817882064631,7.587137439282265,5.48495857161198,-0.003466687262584589,-0.003684709072113157,-0.004260440994525605
2025-11-17,6.465482886495483,7.475749579281829,5.3942244559319334,-0.014681144356727627,-0.014681144356727627,-0.01654235205159993
2025-11-18,6.463251678118166,7.473169732520057,5.392125348077276,-0.00034509539604188344,-0.00034509539604188344,-0.0003891398794777512
2025-11-19,6.444495938452499,7.451483307023889,5.37450122440233,-0.0029019045829773438,-0.002901904582977455,-0.0032684929480043534
2025-11-20,6.321520229205194,7.309291977651159,5.257378963418941,-0.019082285165786694,-0.019082285165786694,-0.021792210308113402
2025-11-21,6.430213509862085,7.434969171668442,5.357864867732141,0.017194167971610996,0.017194167971610996,0.0191133081735948
2025-11-24,6.5019983057186925,7.517970730383378,5.423558723899191,0.011163672208786002,0.011163672208786002,0.012261200644064774
2025-11-25,6.56616343253139,7.592162005527961,5.48191899194226,0.009868524074554408,0.009868524074554408,0.010760511873117773
2025-11-26,6.635446308093771,7.672270705362081,5.5444046891970125,0.010551500320434615,0.010551500320434615,0.011398507957997683
2025-11-28,6.6999323734677185,7.746833067455059,5.60235939016805,0.009718421697616497,0.009718421697616497,0.010452826627890044
2025-12-01,6.675908950463115,7.719055854589073,5.5807169501959395,-0.00358562171459198,-0.00358562171459198,-0.00386309382616401
2025-12-02,6.685434136641845,7.73006940265939,5.589298336999569,0.001426799893379238,0.001426799893379238,0.0015376853691402292
2025-12-03,6.769590451285217,7.827375596927287,5.664268782170039,0.012588010430335972,0.012588010430335972,0.013413212294320909
2025-12-04,6.769933473884107,7.827772218663722,5.664574604500571,5.067110061651725e-05,5.067110061651725e-05,5.399149339369025e-05
2025-12-05,6.777565556587161,7.836596855594643,5.6713797758722455,0.0011273497343062822,0.0011273497343062822,0.0012013561205932444
2025-12-08,6.756975289079762,7.8127892473528435,5.65302581509401,-0.003038003444671644,-0.003038003444671644,-0.0032362425906159453
2025-12-09,6.7596085987135455,7.815834025868613,5.655378229999322,0.000389717221260133,0.000389717221260133,0.00041613376309568295
2025-12-10,6.857075637846487,7.928530817366406,5.742192345955021,0.01441903591156013,0.01441903591156013,0.015350717922841817
2025-12-11,6.879554891688308,7.954522576280743,5.762261050538638,0.0032782566547393532,0.0032782566547393532,0.003494955127679278
2025-12-12,6.829116524313882,7.896202941027109,5.717536877243587,-0.007331632375717212,-0.007331632375717212,-0.007761566666763531
2025-12-15,6.825365178566884,7.891865427204523,5.714212157394246,-0.00054931640625,-0.00054931640625,-0.0005814951299349946
2025-12-16,6.790106606403159,7.851097512317673,5.6830693054927295,-0.00516581475734712,-0.00516581475734712,-0.005450069238541855
2025-12-17,6.750425539201451,7.805216063608214,5.6478904884770005,-0.0058439534902571255,-0.0058439534902572365,-0.006190108746646494
2025-12-18,6.775268185561779,7.833940507912966,5.669888075118941,0.0036801600456237704,0.0036801600456237704,0.003894832360298084
2025-12-19,6.829528011957425,7.896678725841963,5.717699126511972,0.008008513450622479,0.008008513450622479,0.008432450651510992
2025-12-22,6.8831106012557415,7.9586338847119045,5.764724806480663,0.007845723628997714,0.007845723628997714,0.008224581064547598
2025-12-23,6.866299128784659,7.939195528682023,5.749979169541907,-0.0024424237012863337,-0.0024424237012863337,-0.002557908214834259
2025-12-24,6.8958660545188035,7.973382446580974,5.776072678814774,0.00430609345436106,0.00430609345436106,0.00453801805249765
2025-12-26,6.894251948584099,7.971516127858287,5.77464290152493,-0.00023406863212593887,-0.00023406863212582785,-0.00024753450473158356
2025-12-29,6.873740508399352,7.947799664134925,5.756498729415603,-0.002975150942802429,-0.002975150942802429,-0.0031420422732175712
2025-12-30,6.875837244717988,7.950224026851072,5.758353333380819,0.000305035710334689,0.000305035710334689,0.0003221756926199415
2025-12-31,6.827994603161966,7.8949057136232685,5.715836328227851,-0.006958082318305969,-0.006958082318305969,-0.007383535308001954
2026-01-02,6.900042522401661,7.978211510173946,5.779242656788933,0.010551841855049204,0.010551841855049204,0.011093097303704669
2026-01-05,6.959407220085732,8.046852263158204,5.831239587428539,0.008603526353835989,0.008603526353835989,0.008997187646814675
2026-01-06,7.010141367313635,8.105513895468206,5.87555075922399,0.007290009856224078,0.007290009856224078,0.007598928346381317
2026-01-07,6.936465859629446,8.020326190969929,5.811707400647118,-0.01050984621047979,-0.01050984621047979,-0.010865936010619026
2026-01-08,6.990798430623024,8.083148520233985,5.8586907865093565,0.007832889556884659,0.007832889556884659,0.00808426553907493
2026-01-09,7.048429869229047,8.149785183028696,5.908519894927734,0.008243899345397931,0.008243899345397931,0.008505161005103234
2026-01-12,7.03363671323978,8.132680516354224,5.894357277552327,-0.0020987874269485784,-0.0020987874269484674,-0.002396982260746028
2026-01-13,7.046348742181598,8.147378868616839,5.906921160534883,0.0018073195219039384,0.0018073195219039384,0.002131510254799629
2026-01-14,7.060115358819613,8.163296593610704,5.920550719054465,0.0019537234306334916,0.0019537234306334916,0.0023073879182007317
2026-01-15,7.076511115755271,8.182254276302862,5.9368844958484805,0.002322307229042142,0.002322307229042142,0.0027588272728493735
2026-01-16,7.0640614671590525,8.167859302734874,5.924360018489498,-0.0017592918872832985,-0.0017592918872831875,-0.0021096043501841466
2026-01-20,6.97552983241461,8.06549412092049,5.837336675968269,-0.012532681822776781,-0.01253268182277667,-0.014689070591529685
2026-01-21,7.090789842198463,8.198764131030549,5.948878776576965,0.016523477435111955,0.016523477435111955,0.019108389116547553
2026-01-22,7.128009352948545,8.24179939177065,5.984974672096546,0.005248993635177612,0.005248993635177612,0.006067680461350866
2026-01-23,7.113146648486225,8.224614309297808,5.970419929272958,-0.0020851129293442128,-0.0020851129293442128,-0.002431880437430367
2026-01-26,7.136236773370546,8.251312391161123,5.993032013957184,0.0032461196184159213,0.0032461196184159213,0.0037873524730411834
2026-01-27,7.180294613969946,8.302254507799153,6.036208947705726,0.006173819899559119,0.006173819899559119,0.007204522460081408
2026-01-28,7.169210375344417,8.289438296899496,6.025279515373477,-0.001543702483177145,-0.001543702483177034,-0.001810645129573074
2026-01-29,7.185128744599969,8.307843997502864,6.041057413789092,0.0022203797101973954,0.0022203797101973954,0.0026186168418176337
2026-01-30,7.161600802320218,8.280639686906577,6.0177354534378855,-0.0032745331525804167,-0.0032745331525801946,-0.003860575848521619
2026-02-02,7.212216182605418,8.339163994296301,6.068513590301245,0.007067607045173618,0.007067607045173618,0.008438080612923837
2026-02-03,7.22828211693787,8.357740317818473,6.084693479748648,0.002227600216865522,0.002227600216865522,0.002666203050655014
2026-02-04,7.2528851930722285,8.386187757752873,6.109508953018144,0.003403723835945227,0.003403723835945227,0.004078344020465252
2026-02-05,7.15931568817517,8.277997511309122,6.01315199921979,-0.012901004552841155,-0.012901004552841266,-0.015771636401441524
2026-02-06,7.35034142957475,8.498872058650777,6.197022224497825,0.026682122945785425,0.026682122945785425,0.03057801055118725
2026-02-09,7.3727236955809285,8.524751674855246,6.218966372775729,0.0030450648069382247,0.0030450648069382247,0.0035410794867178907
2026-02-10,7.37410267203179,8.526346123839698,6.220320448173967,0.00018703758716576147,0.00018703758716576147,0.0002177331918316039
2026-02-11,7.397437294697599,8.553326907586104,6.243330293032951,0.003164401650428861,0.003164401650428861,0.0036991413948357366
2026-02-12,7.265108929199927,8.400321518806477,6.118288477029672,-0.01788840651512147,-0.01788840651512147,-0.02002806357094633
2026-02-13,7.319296018892999,8.462975634529466,6.169225368982358,0.007458537817001343,0.007458537817001343,0.008325349833359752
2026-02-17,7.3105638451369375,8.452879011364715,6.1607597900594175,-0.001193034648895419,-0.001193034648895308,-0.0013722272111348355
2026-02-18,7.355739101302951,8.505113145799193,6.204601157605267,0.0061794489622115645,0.0061794489622115645,0.007116227387503171
2026-02-19,7.331230459821019,8.47677489644275,6.180064634861412,-0.0033319073915482056,-0.0033319073915483166,-0.003954568895017441
2026-02-20,7.3670509316498975,8.518192510858487,6.215894036632507,0.004886010885238656,0.004886010885238656,0.005797577191827941
2026-02-23,7.2778543549071175,8.4150584862598,6.128495389947974,-0.01210750102996827,-0.01210750102996816,-0.014060511033402667
2026-02-24,7.329754383901848,8.475068175672554,6.182066432257736,0.007131226658821044,0.007131226658821044,0.008741304170291064
2026-02-25,7.401494983353134,8.55801863205464,6.257930439646097,0.009787585735321125,0.009787585735321125,0.012271626036321148
2026-02-26,7.400978517679564,8.557421465824417,6.2573770556860335,-6.977856159207096e-05,-6.977856159207096e-05,-8.842922838481204e-05
2026-02-27,7.392207326309094,8.547279728331839,6.247908749648224,-0.0011851394176483065,-0.0011851394176483065,-0.0015131429596696444
2026-03-02,7.358347042136136,8.50812859150197,6.211176233673576,-0.004580537676811214,-0.004580537676811214,-0.005879169726465183
2026-03-03,7.24870397756477,8.38135320469326,6.095723775151681,-0.01490050196647641,-0.01490050196647652,-0.01858785746506031
2026-03-04,7.304129549788473,8.445439322545068,6.1537483249306515,0.007646273374557477,0.007646273374557477,0.009518894214908258
2026-03-05,7.255285374156021,8.388962980120999,6.102973381745842,-0.006687200069427468,-0.006687200069427579,-0.008251059436263475
2026-03-06,7.154963652641263,8.272965446669435,6.000120780590093,-0.013827398419380188,-0.013827398419380188,-0.016852867401221716
2026-03-09,7.197291411204702,8.321907146590025,6.043248010169695,0.00591585934162131,0.00591585934162131,0.007187726906950687
2026-03-10,7.163428734803292,8.282753243733062,6.008846350386547,-0.0047049194574355635,-0.0047049194574355635,-0.005692577853044667
2026-03-11,7.142034871198693,8.258016473154742,5.987132393090872,-0.002986539602279681,-0.002986539602279792,-0.003613664924928206
2026-03-12,7.014343351315785,8.110372462212206,5.863099252563652,-0.017878870964050275,-0.017878870964050275,-0.02071661897277466
2026-03-13,6.999229548755098,8.092897046204161,5.848122725167275,-0.002154699563980067,-0.002154699563980067,-0.0025543704363913955
2026-03-16,7.0704783268172875,8.175278831443325,5.917939778629038,0.010179517269134575,0.010179517269134575,0.011938370096322926
2026-03-17,7.1314745921664535,8.24580609337054,5.977801813275831,0.008626893758773901,0.008626893758773901,0.01011535042363354
2026-03-18,7.035288097825967,8.134589938719445,5.885467993911959,-0.013487602472305182,-0.013487602472305293,-0.015446115854629294
2026-03-19,7.044734346478927,8.145512214848374,5.894552104860477,0.0013426953554154242,0.0013426953554154242,0.0015434814967840715
2026-03-20,6.924277179790151,8.00623296393952,5.782199700338319,-0.017098894119262686,-0.017098894119262686,-0.019060380250013442
2026-03-23,7.014463492819404,8.110511376475984,5.864823832862432,0.013024653792381269,0.013024653792381269,0.01428939448758193
2026-03-24,7.03306590986013,8.132020521857267,5.8819820622147585,0.002652008533477801,0.002652008533477801,0.002925617178163753
2026-03-25,7.091737231390673,8.199859554911395,5.9360691759846125,0.008342211246490372,0.008342211246490372,0.009195389104857066
2026-03-26,7.0060192173987215,8.100747637319646,5.858220518402713,-0.01208702623844149,-0.01208702623844149,-0.013114513202920453
2026-03-27,6.930518257581155,8.01344924391264,5.790461125709674,-0.010776584744453421,-0.01077658474445331,-0.011566548661011145
2026-03-30,6.867222810769616,7.940263540976182,5.7341842656712245,-0.00913285911083217,-0.00913285911083217,-0.009718890916749268
2026-03-31,7.052424223047123,8.154403676248652,5.888177238264537,0.0269688951969147,0.0269688951969147,0.02685525359120744
2026-04-01,7.081076520803677,8.187533050598464,5.9119718708106275,0.004062758684158396,0.004062758684158396,0.004041086329986898
2026-04-02,7.10120040515134,8.21080140078771,5.9287604236900355,0.0028419244289397128,0.0028419244289397128,0.0028397552028789352
2026-04-06,7.1360092270104145,8.251049289450721,5.958009109153707,0.004901822209358198,0.004901822209358198,0.004933355941791895
2026-04-07,7.132408453406937,8.246885875483992,5.954965663670641,-0.0005045920610428078,-0.0005045920610428078,-0.0005108158492725945
2026-04-08,7.291458425475422,8.430788266480846,6.084448583235347,0.022299616336822536,0.022299616336822536,0.021743688692386742
2026-04-09,7.3180198273940835,8.46150003120198,6.106281909560831,0.003642810583114553,0.003642810583114553,0.0035883820903084285
2026-04-10,7.3048943555403225,8.446323633334842,6.095453800624068,-0.0017935824394226252,-0.0017935824394227362,-0.0017732736708092611
2026-04-13,7.364828459080768,8.51562276492221,6.1449011142220495,0.008204650282859882,0.008204650282859882,0.008112162804501777
2026-04-14,7.411616923130038,8.569722179702527,6.183424902889295,0.006352960467338464,0.006352960467338464,0.006269228414121253
2026-04-15,7.4542376115199565,8.619002581320347,6.2184456260462495,0.005750524997711226,0.005750524997711226,0.005663644939003065
2026-04-16,7.508437156577569,8.681671098625996,6.262829149715406,0.007270970940589816,0.007270970940589816,0.007137398369015946
2026-04-17,7.584225406533606,8.769301672810448,6.324464348198249,0.010093744993209919,0.010093744993209919,0.009841430607386625
2026-04-20,7.588252263293191,8.773957747732426,6.327740650454736,0.0005309516191482899,0.0005309516191482899,0.0005180363230952167
2026-04-21,7.566859456789715,8.749222199433001,6.3100739442780185,-0.0028192007541656405,-0.0028192007541656405,-0.00279194536448768
2026-04-22,7.618476301948916,8.808904456003308,6.353472784546005,0.006821435689926103,0.006821435689926103,0.006877707084136597
2026-04-23,7.604068725858328,8.792245618173476,6.341349751425046,-0.0018911361694335938,-0.0018911361694334827,-0.0019080955458637971
2026-04-24,7.647528009385834,8.842495649957682,6.377882084712408,0.005715267062187168,0.005715267062187168,0.005760971200043485
2026-04-27,7.618570931013435,8.809013871371299,6.353582795937193,-0.003786462545394942,-0.003786462545395053,-0.0038099307030872165
2026-04-28,7.593937016616323,8.78053077452869,6.332895575380864,-0.0032334035634994374,-0.0032334035634994374,-0.0032559929130943077
2026-04-29,7.611252119791209,8.80055145628554,6.347442202528296,0.0022801220417023593,0.0022801220417023593,0.002296994632910554
2026-04-30,7.728737694389724,8.936394787757505,6.444374746764079,0.015435774922370804,0.015435774922370804,0.015271118844874643
2026-05-01,7.738363025246667,8.947524128653997,6.452329041208457,0.001245394945144751,0.001245394945144751,0.0012343004181083472
2026-05-04,7.697329307288811,8.900078670187076,6.418441070844768,-0.005302635431289726,-0.005302635431289837,-0.005252052421266806
2026-05-05,7.750821969528068,8.961929850408287,6.462494815091263,0.006949509382248031,0.006949509382248031,0.006863620583291707
