date,equity,return,rolling_sharpe_252
2015-02-02,1.0144764399528503,0.014476439952850343,
2015-02-03,1.0335690362025887,0.01882014751434326,
2015-02-04,1.0294403774950813,-0.003994565010070801,
2015-02-05,1.0467483516523435,0.016812993288040163,
2015-02-06,1.0442920267060682,-0.0023466241359710693,
2015-02-09,1.0391277930637217,-0.004945200681686401,
2015-02-10,1.0549169287970657,0.015194604396820067,
2015-02-11,1.0549414600000138,2.3254156112670877e-05,
2015-02-12,1.0690939352742306,0.013415412902832031,
2015-02-13,1.0746442526148368,0.005191608667373658,
2015-02-17,1.0766342565133955,0.0018517792224884034,
2015-02-18,1.0734118252083233,-0.002993060350418091,
2015-02-19,1.0774589342863552,0.003770322799682617,
2015-02-20,1.0842892218384472,0.006339255571365357,
2015-02-23,1.078430969910957,-0.005402849912643433,
2015-02-24,1.0824536565501213,0.0037301290035247803,
2015-02-25,1.0824785532443635,2.3000240325927673e-05,
2015-02-26,1.0845939602217074,0.0019542253017425537,
2015-02-27,1.0809171687402501,-0.003390016555786133,
2015-03-02,1.0910974424770497,0.00941818118095398,
2015-03-03,1.0848940247268328,-0.005685484640247803,
2015-03-04,1.080622942319087,-0.003936866007554439,
2015-03-05,1.0801174173000565,-0.0004678088898848673,
2015-03-06,1.068495338473333,-0.010760014273054687,
2015-03-09,1.0701231106020048,0.0015234246421679514,
2015-03-10,1.0565205536557545,-0.012711207534428623,
2015-03-11,1.0559948441731144,-0.0004975856653437525,
2015-03-12,1.0633933765705876,0.0070062201897081,
2015-03-13,1.0593284323605112,-0.0038226156939078406,
2015-03-16,1.0673255480768913,0.007549231637783886,
2015-03-17,1.0671398602808908,-0.0001739748442591394,
2015-03-18,1.0747812540233947,0.007160630041963331,
2015-03-19,1.0715512730233892,-0.003005245009544239,
2015-03-20,1.0775526958000636,0.005600686525938509,
2015-03-23,1.0765511362001121,-0.000929476213882857,
2015-03-24,1.0726785983461318,-0.0035971703746922063,
2015-03-25,1.0565270019692279,-0.015057256108033379,
2015-03-26,1.0537638086397658,-0.0026153551440822966,
2015-03-27,1.0550395801931993,0.0012106807455082016,
2015-03-30,1.063356394568093,0.007882940631829906,
2015-03-31,1.0582298489697124,-0.0048210981986550605,
2015-04-01,1.0545853170930763,-0.003443988921862673,
2015-04-02,1.0547001343983258,0.0001088743635895527,
2015-04-06,1.0609067587332743,0.005884728874609675,
2015-04-07,1.058943786636403,-0.0018502776805899407,
2015-04-08,1.0634753048015717,0.004279281131213192,
2015-04-09,1.0681998654928229,0.004442567373139533,
2015-04-10,1.0717935022641156,0.0033641988614507936,
2015-04-13,1.070148367009734,-0.0015349367680494216,
2015-04-14,1.0705929579112832,0.00041544790914493283,
2015-04-15,1.0786614909922918,0.007536508643537266,
2015-04-16,1.0804835588317394,0.0016891933703605886,
2015-04-17,1.0706129659603114,-0.009135347586501339,
2015-04-20,1.077971077700306,0.0068728027531355885,
2015-04-21,1.0800782010495742,0.0019547123228606704,
2015-04-22,1.0853567132718511,0.004887157445773398,
2015-04-23,1.0864947789850585,0.001048563757233928,
2015-04-24,1.0909772156810027,0.004125594326492155,
2015-04-27,1.0907275546347448,-0.00022884166843216517,
2015-04-28,1.0945261173085556,0.003482595316923982,
2015-04-29,1.0940349727861962,-0.0004487280062052183,
2015-04-30,1.0845203793962868,-0.008696790894790626,
2015-05-01,1.094836472126947,0.009512124370039714,
2015-05-04,1.0963517097386783,0.0013839853259434672,
2015-05-05,1.0845559827113587,-0.010759072040970432,
2015-05-06,1.0793158496839186,-0.004831592938466796,
2015-05-07,1.0825619280104066,0.003007533269745451,
2015-05-08,1.0921855363162998,0.008889660773107032,
2015-05-11,1.0896874795599905,-0.002287209153798815,
2015-05-12,1.0859374254527556,-0.003441403317535649,
2015-05-13,1.087369360669038,0.0013186166925643432,
2015-05-14,1.0957032435271055,0.007664261252441235,
2015-05-15,1.0959318547071222,0.00020864333601935777,
2015-05-18,1.1000985114414965,0.0038019304909134416,
2015-05-19,1.097563588026699,-0.0023042694708094486,
2015-05-20,1.0955658156123944,-0.0018201883117279901,
2015-05-21,1.099786263448302,0.0038522996754405546,
2015-05-22,1.098070723016439,-0.0015598853057901688,
2015-05-26,1.0874921474463168,-0.009633783460743235,
2015-05-27,1.099998941763455,0.011500583564218816,
2015-05-28,1.1008720866296722,0.0007937688238292164,
2015-05-29,1.0970749613046658,-0.0034491975690213216,
2015-06-01,1.0989571213528477,0.0017156166301922759,
2015-06-02,1.0992937545184942,0.0003063205643838695,
2015-06-03,1.1006406465516945,0.001225233953767226,
2015-06-04,1.0947498512641742,-0.005352151318394475,
2015-06-05,1.095411987981648,0.000604829237207988,
2015-06-08,1.0863725633959354,-0.008252077469380508,
2015-06-09,1.0870494466110152,0.000623067295591261,
2015-06-10,1.097852336368104,0.009937808984465387,
2015-06-11,1.0976568183377453,-0.00017809137338599404,
2015-06-12,1.092243953106587,-0.004931291038081709,
2015-06-15,1.087191377870841,-0.004625866979052851,
2015-06-16,1.0932867256224705,0.005606508546422393,
2015-06-17,1.0966108616601722,0.0030404979405645786,
2015-06-18,1.104939243193606,0.007594655337286583,
2015-06-19,1.100298946018728,-0.004199594867737835,
2015-06-22,1.1073783808367534,0.006434101244612905,
2015-06-23,1.1098766076250204,0.0022559829878376217,
2015-06-24,1.1032664901495395,-0.005955722852494073,
2015-06-25,1.0973939863781286,-0.005322833443998643,
2015-06-26,1.0869702774548389,-0.009498602190898143,
2015-06-29,1.06345015672382,-0.02163823723505284,
2015-06-30,1.0670413708314819,0.0033769463335502404,
2015-07-01,1.0708381961883762,0.0035582738033255366,
2015-07-02,1.0732492412331565,0.0022515493501842707,
2015-07-06,1.066344286526413,-0.0064336916733431105,
2015-07-07,1.0630362984849162,-0.003102176363951249,
2015-07-08,1.043847339019042,-0.018051085831427692,
2015-07-09,1.0464464272528375,0.002489912209038365,
2015-07-10,1.0591849814878704,0.012173154691229239,
2015-07-13,1.0702152990946074,0.010413967153539533,
2015-07-14,1.078528325626864,0.007767620720138671,
2015-07-15,1.0742396218609152,-0.0039764405477770905,
2015-07-16,1.0837967042922325,0.008896602058637114,
2015-07-17,1.0881559013378925,0.00402215381205358,
2015-07-20,1.0858156745150802,-0.0021506356027983157,
2015-07-21,1.0844316983716904,-0.0012745958415158773,
2015-07-22,1.081001531396886,-0.003163100986401402,
2015-07-23,1.0750913275363827,-0.005467340876812617,
2015-07-24,1.064994591372704,-0.009391514846293103,
2015-07-27,1.0562900614760793,-0.008173309016907828,
2015-07-28,1.070087229336729,0.013061912029513161,
2015-07-29,1.0789909664102402,0.008320571285604502,
2015-07-30,1.081682894148628,0.002494856604169585,
2015-07-31,1.0774586687162497,-0.003905234570343401,
2015-08-03,1.0775767155884286,0.00010956046445820127,
2015-08-04,1.0779397593899924,0.00033690761531121724,
2015-08-05,1.084373710766114,0.005968748550255355,
2015-08-06,1.0770991809098616,-0.006708508131493637,
2015-08-07,1.07355605826479,-0.0032895045394784497,
2015-08-10,1.0851681550556662,0.010816479215482238,
2015-08-11,1.0729080282118761,-0.011297905109610453,
2015-08-12,1.0738602095173093,0.0008874770999898038,
2015-08-13,1.0699748844195478,-0.003618092060146155,
2015-08-14,1.072334556377842,0.0022053526607534162,
2015-08-17,1.0784096898158513,0.0056653340152815765,
2015-08-18,1.0715046814156206,-0.006402954707695402,
2015-08-19,1.0634085793307941,-0.007555825210329875,
2015-08-20,1.0428763809303312,-0.019307911182533284,
2015-08-21,1.0209581232579066,-0.021017119644489192,
2015-08-24,0.9964097356572966,-0.024044460826929247,
2015-08-25,0.9877197093128196,-0.008721338254231801,
2015-08-26,1.0090237355368405,0.021568898568241096,
2015-08-27,1.0284919815931644,0.019294140832044778,
2015-08-28,1.0312116289117774,0.002644305806254529,
2015-08-31,1.029582439743712,-0.0015798785839767108,
2015-09-01,1.013294871496633,-0.0158195862889168,
2015-09-02,1.0220562511465492,0.008646426520422105,
2015-09-03,1.0228277374652925,0.0007548374347085925,
2015-09-04,1.0148963058137976,-0.007754415881554086,
2015-09-08,1.0263639026119178,0.011299279278511747,
2015-09-09,1.0211129527201936,-0.005116070312256022,
2015-09-10,1.024714179720488,0.003526766544975128,
2015-09-11,1.0253321102124433,0.0006030271700972745,
2015-09-14,1.0236235294930827,-0.0016663680990217221,
2015-09-15,1.0296545304588733,0.005891815488822683,
2015-09-16,1.035267852182699,0.005451655441484894,
2015-09-17,1.0334483021863576,-0.0017575644723298212,
2015-09-18,1.024690622946272,-0.00847423061372096,
2015-09-21,1.0257814407061867,0.0010645337582755713,
2015-09-22,1.0190463772788696,-0.006565787954479245,
2015-09-23,1.0165418319140977,-0.0024577344276122087,
2015-09-24,1.0170094540178056,0.00046001265174445163,
2015-09-25,1.0166358522112984,-0.0003673533269836884,
2015-09-28,1.004428672401276,-0.012007426044901192,
2015-09-29,1.0045177175835482,8.865256908619038e-05,
2015-09-30,1.0151976706660588,0.01063192106576491,
2015-10-01,1.0153358411509776,0.0001361020507742198,
2015-10-02,1.0235760282421065,0.008115725612313435,
2015-10-05,1.032262675690834,0.008486567884601628,
2015-10-06,1.0337212539247482,0.0014129913521653522,
2015-10-07,1.0382003416685293,0.004332974413339353,
2015-10-08,1.041268853251756,0.002955606408581196,
2015-10-09,1.0399097952687382,-0.0013051941184773607,
2015-10-12,1.0394341144600885,-0.0004574250678414548,
2015-10-13,1.0360780300433632,-0.0032287610826285673,
2015-10-14,1.0352237532395194,-0.0008245294071220585,
2015-10-15,1.0412997250648812,0.005869235328448062,
2015-10-16,1.0417257758549612,0.00040915288828444684,
2015-10-19,1.0407850986454557,-0.0009029988806155694,
2015-10-20,1.0394256145282443,-0.0013062102051429043,
2015-10-21,1.036136529048311,-0.00316432983174663,
2015-10-22,1.0449529078896405,0.008508896843379599,
2015-10-23,1.0509833657524559,0.005771033141574068,
2015-10-26,1.0495746920673068,-0.001340338706636401,
2015-10-27,1.0471298300963656,-0.002329383501164241,
2015-10-28,1.054073505607028,0.006631150513612481,
2015-10-29,1.0520920862786187,-0.0018797733913901297,
2015-10-30,1.0508969395761987,-0.0011359715732179592,
2015-11-02,1.057236520837879,0.006032543271309499,
2015-11-03,1.059255822598952,0.0019099810886902793,
2015-11-04,1.0598653418347457,0.0005754221244668946,
2015-11-05,1.058926968408262,-0.0008853704234344233,
2015-11-06,1.0622848314849351,0.003171005344892095,
2015-11-09,1.0569360995842891,-0.005035120282353332,
2015-11-10,1.0560415752414574,-0.0008463372035297242,
2015-11-11,1.053720456374128,-0.0021979426963362417,
2015-11-12,1.046995270632302,-0.006382324364250643,
2015-11-13,1.0414016715699,-0.005342525624804258,
2015-11-16,1.0477344877469283,0.006081050520575565,
2015-11-17,1.0474912051466354,-0.0002321987136418079,
2015-11-18,1.0555959145946578,0.007737257752811204,
2015-11-19,1.0561849228484057,0.0005579864847943178,
2015-11-20,1.056540930492349,0.0003370694243420212,
2015-11-23,1.054491674509159,-0.0019395897726697127,
2015-11-24,1.0564555026500366,0.0018623457997347882,
2015-11-25,1.055420706743417,-0.0009794978624503138,
2015-11-27,1.0561439475897516,0.0006852630820236924,
2015-11-30,1.0557995573679597,-0.0003260826543368972,
2015-12-01,1.0641388636096805,0.007898569556621212,
2015-12-02,1.0558343222865139,-0.007804001533217834,
2015-12-03,1.0488810649254536,-0.006585557235913939,
2015-12-04,1.0582157204679417,0.008899632050418889,
2015-12-07,1.0518792349501476,-0.005987895846975358,
2015-12-08,1.0453504148191186,-0.00620681530169999,
2015-12-09,1.0425666439419705,-0.0026630026043753504,
2015-12-10,1.0450740893388784,0.0024050696533192296,
2015-12-11,1.0324033407766264,-0.012124258644923041,
2015-12-14,1.0312233859389708,-0.0011429203985023778,
2015-12-15,1.038061628137012,0.006631193872523521,
2015-12-16,1.047377509234051,0.00897430445797142,
2015-12-17,1.0356182194361723,-0.011227365199466799,
2015-12-18,1.0254296358383956,-0.009838165654640246,
2015-12-21,1.030196321882278,0.004648476967398302,
2015-12-22,1.0344116888620063,0.004091809386414984,
2015-12-23,1.0449737231674254,0.01021066797595735,
2015-12-24,1.0438597602870068,-0.0010660199923899195,
2015-12-28,1.0405298444224174,-0.0031900030935898883,
2015-12-29,1.0474994362291477,0.006698118121349106,
2015-12-30,1.041160639456697,-0.006051360557547773,
2015-12-31,1.0371621549542507,-0.003840410740587366,
2016-01-04,1.0269968117122008,-0.00980111277054674,
2016-01-05,1.0272151503846951,0.00021259917265971934,
2016-01-06,1.0124245296878478,-0.014398756376702774,
2016-01-07,0.9934511975101846,-0.018740490398344092,
2016-01-08,0.9859672720392175,-0.007533259298215667,
2016-01-11,0.9842710641765539,-0.001720349052920818,
2016-01-12,0.9856734940217455,0.0014248410790830457,
2016-01-13,0.968246338326391,-0.017680454837279088,
2016-01-14,0.9809430800993911,0.013113131721155304,
2016-01-15,0.9657872229842741,-0.015450292093993337,
2016-01-19,0.9633258649996375,-0.0025485509914192597,
2016-01-20,0.9572022801645793,-0.006356711739552829,
2016-01-21,0.9637194753072087,0.006808587147858448,
2016-01-22,0.9737195169417172,0.010376506743646215,
2016-01-25,0.9644684902147396,-0.009500709974504234,
2016-01-26,0.9719622016861028,0.007769783613868875,
2016-01-27,0.9668638387521095,-0.005245433335935336,
2016-01-28,0.971455046946703,0.004748557150011255,
2016-01-29,0.9836758116037726,0.012579856057652532,
2016-02-01,0.9848882520749782,0.0012325610296636768,-0.073696565274294
2016-02-02,0.9728314564571869,-0.012241790469517589,-0.30538481350581914
2016-02-03,0.9750462366535886,0.0022766329991706466,-0.4548301371574719
2016-02-04,0.9802624001303599,0.005349657565648758,-0.3725312285844883
2016-02-05,0.9687199249151207,-0.01177488314731267,-0.6272541726415066
2016-02-08,0.956460726807884,-0.012655048989841801,-0.7141640285653361
2016-02-09,0.9555952049620549,-0.0009049214688801489,-0.6792426889096207
2016-02-10,0.9547533793301716,-0.0008809437589389068,-0.828243518060572
2016-02-11,0.949963379429483,-0.0050170023006874155,-0.8722193680795496
2016-02-12,0.9609806552451748,0.011597579500705123,-0.8899710635872002
2016-02-16,0.971606451250616,0.011057242357006848,-0.8346117173027073
2016-02-17,0.9824255081515862,0.011135225468135132,-0.7487909995479975
2016-02-18,0.9801813591765137,-0.00228429428638796,-0.742647284192682
2016-02-19,0.9803817445037523,0.0002044369905248374,-0.7745318294402989
2016-02-22,0.9893835929885928,0.009181982972762388,-0.7481589867872417
2016-02-23,0.9809527891646059,-0.00852126908484528,-0.774340971725894
2016-02-24,0.9835371481856765,0.0026345396533011085,-0.7841917599579306
2016-02-25,0.9879778904475948,0.004515073243659335,-0.7440764073722596
2016-02-26,0.9905688001041253,0.0026224368799960345,-0.7381150137970929
2016-02-29,0.9881559039002497,-0.002435869374870315,-0.729884273817683
2016-03-01,0.9985066086739358,0.010474768943677708,-0.7200136275284396
2016-03-02,1.00311933358646,0.004619623818664612,-0.6297969978579421
2016-03-03,1.0059119820682945,0.0027839643682769258,-0.5709644290936398
2016-03-04,1.0095011621971866,0.0035680856703906123,-0.5352766254608168
2016-03-07,1.0096062632274816,0.00010411184675232165,-0.44195482478031567
2016-03-08,1.0009759159045548,-0.008548230768039707,-0.5292395891429321
2016-03-09,1.0045408554096875,0.003561463815951026,-0.3885209918770284
2016-03-10,1.0045392019787907,-1.6459568447828803e-06,-0.3841443756860518
2016-03-11,1.0129283748630502,0.008351264806524593,-0.37196555564163536
2016-03-14,1.0123205362802428,-0.0006000805169364778,-0.34371969912568906
2016-03-15,1.0105374636639353,-0.0017613715739280011,-0.4268311038509401
2016-03-16,1.0151299034542958,0.004544551741515559,-0.38476361414995125
2016-03-17,1.0176051976931901,0.0024384014602184065,-0.42727692394104516
2016-03-18,1.0199136252992245,0.002268490384352641,-0.38061945653387436
2016-03-21,1.0209379851395701,0.001004359403518338,-0.42184219095593556
2016-03-22,1.020591636971362,-0.00033924506017954126,-0.4166186949703628
2016-03-23,1.0139732203439316,-0.006484882285603289,-0.4417316836679501
2016-03-24,1.0143703328848688,0.00039164006797193517,-0.3076137117353641
2016-03-28,1.0134875649623336,-0.0008702619683527984,-0.29209051207783415
2016-03-29,1.01991709326847,0.0063439636838321465,-0.24583305619476076
2016-03-30,1.0240299425342485,0.004032532931277928,-0.2807040935935512
2016-03-31,1.023292907358848,-0.0007197398677391094,-0.24426155625621862
2016-04-01,1.0257315408954475,0.002383123658008871,-0.19217653222792105
2016-04-04,1.0202709815723174,-0.005323575521878911,-0.24051744649034107
2016-04-05,1.0137902994709491,-0.006351922399460033,-0.34984277118284446
2016-04-06,1.0256614454744213,0.01170966619987093,-0.2274258554624598
2016-04-07,1.0120998910404584,-0.01322225232682883,-0.38069895364947637
2016-04-08,1.0171287612521474,0.004968748891494502,-0.3759749215638218
2016-04-11,1.0174411505159988,0.0003071285325438372,-0.4031717731896503
2016-04-12,1.0268837233263841,0.00928070660951388,-0.30654773173544575
2016-04-13,1.0433563132852992,0.01604133903842158,-0.16724289960729588
2016-04-14,1.0437208164406069,0.00034935635186804517,-0.23042145942847445
2016-04-15,1.043090187147122,-0.0006042126242488692,-0.2504921902220164
2016-04-18,1.0482384553436783,0.004935592588246767,-0.1277887588028606
2016-04-19,1.0505693688250919,0.0022236481303762696,-0.16878883124649866
2016-04-20,1.0583795331330126,0.007434220470995925,-0.12047294923248746
2016-04-21,1.0519067073949302,-0.006115788840815406,-0.21671535256842592
2016-04-22,1.0628183065329808,0.01037316243098522,-0.1345517686903446
2016-04-25,1.054952197647428,-0.007401179333476782,-0.2346995507768974
2016-04-26,1.060452571275092,0.005213860533140687,-0.1871259553508241
2016-04-27,1.06881412818508,0.007884894748224439,-0.14856408552004188
2016-04-28,1.0565206698651965,-0.011501960907607684,-0.2432974582534578
2016-04-29,1.0488956024254952,-0.007217149325317337,-0.23071914965265972
2016-05-02,1.0550556618293045,0.00587290040073065,-0.2627329903470536
2016-05-03,1.036933301642248,-0.01717668635191734,-0.4190120664316082
2016-05-04,1.0256070651078544,-0.010922820702600335,-0.4203615782010689
2016-05-05,1.0241162396688908,-0.0014536029339919014,-0.3917029417079639
2016-05-06,1.0282974741122262,0.00408277330382658,-0.3823699325037173
2016-05-09,1.0221894577770974,-0.00593993128340825,-0.5104358033281451
2016-05-10,1.0380264458352773,0.01549320229991395,-0.35457960743811107
2016-05-11,1.0345209254585113,-0.0033771012201382774,-0.3540375664682327
2016-05-12,1.0276600441234072,-0.006631940607738926,-0.4211200382356424
2016-05-13,1.0242248025638783,-0.003342780114078682,-0.5156659573271698
2016-05-16,1.0390012495879137,0.014426956842918353,-0.39153987911584787
2016-05-17,1.0346272635202212,-0.004209798659460055,-0.4592506500359273
2016-05-18,1.0422536416810884,0.0073711358957613635,-0.37676810649301895
2016-05-19,1.039403322280527,-0.0027347655950273374,-0.38443068330257507
2016-05-20,1.0585982736309063,0.01846727919655295,-0.25814196356510144
2016-05-23,1.0612879963584485,0.002540834228188152,-0.22391548396620636
2016-05-24,1.0813312926537275,0.018885822099234745,0.01368633147685453
2016-05-25,1.0986428755900945,0.01600950888407403,0.05071356818114984
2016-05-26,1.1030480216018117,0.0040096250652434376,0.07712336490118356
2016-05-27,1.1135164706471252,0.009490474431123818,0.18302114593478166
2016-05-31,1.1173797443387086,0.003469435606406564,0.19734309120382187
2016-06-01,1.1154837352276104,-0.00169683504708616,0.18090426677733
2016-06-02,1.1190504975609077,0.003197502770015191,0.1970137224988106
2016-06-03,1.1106917229266897,-0.007469524076381621,0.17949870410766958
2016-06-06,1.1237035942577323,0.011715106057292023,0.26923907245424944
2016-06-07,1.1275271855726732,0.0034026689373248065,0.3649491030524581
2016-06-08,1.1296312851406258,0.0018661187019486146,0.37506657823744677
2016-06-09,1.1240064958624192,-0.004979314358761336,0.25385432840807703
2016-06-10,1.099537330235614,-0.02176959449689909,0.07594299696280762
2016-06-13,1.0870634741653218,-0.011344640811439445,0.024192971827257364
2016-06-14,1.078385906152425,-0.00798257711635443,-0.002754564385630678
2016-06-15,1.082209168520933,0.0035453563948633893,-0.019292887120647258
2016-06-16,1.0867780523199666,0.004221812133857577,-0.009812474553283393
2016-06-17,1.0895233942785758,0.002526129371814919,-0.0505498002439218
2016-06-20,1.0996877645397238,0.009329189547029864,0.05801212292967112
2016-06-21,1.1079007362678215,0.00746845785952275,0.06627323391340303
2016-06-22,1.094165978827543,-0.012397101103611979,-0.05089217079136279
2016-06-23,1.1267805567063591,0.02980770606098037,0.22821873093484446
2016-06-24,1.0614465205767576,-0.05798292821148463,-0.16497663978542784
2016-06-27,1.02706211888447,-0.03239390871393524,-0.31967735966516164
2016-06-28,1.0531065889616273,0.02535822283606864,0.005670561489653859
2016-06-29,1.0654665420462168,0.011736659151260551,0.06310653312564125
2016-06-30,1.0731087381886533,0.007172628929069618,0.08786671893537426
2016-07-01,1.0724824467740575,-0.0005836234412301782,0.0684066324683593
2016-07-05,1.0647954953630105,-0.007167437969888093,0.06335295037594377
2016-07-06,1.0688852936497633,0.0038409237309540907,0.11100889444699737
2016-07-07,1.0717819047710873,0.0027099363594321785,0.25547889079014174
2016-07-08,1.0833089300250893,0.010755010140299224,0.3118575302313492
2016-07-11,1.0882292294347415,0.004541917151498291,0.2599773528865634
2016-07-12,1.0978659300699982,0.008855395880390313,0.24936780872102726
2016-07-13,1.0988473473264042,0.000893931790326407,0.20204414287927608
2016-07-14,1.1052818934530977,0.005855723401753006,0.27012854568758454
2016-07-15,1.1034938551336928,-0.0016177215332992536,0.19758859467997086
2016-07-18,1.1087292319898152,0.004744364304129496,0.20257407353137968
2016-07-19,1.1064081791122402,-0.0020934352685997516,0.2029725114259326
2016-07-20,1.1113739145911004,0.004488158685562769,0.24288809725167787
2016-07-21,1.1071214757620897,-0.003826289940029011,0.2382572902775394
2016-07-22,1.1123526710334162,0.004725041818672529,0.3090739212912797
2016-07-25,1.1144772663692084,0.0019100015589646078,0.38836257931325524
2016-07-26,1.1174284887967503,0.0026480777280960947,0.4643772686001093
2016-07-27,1.1168412353276689,-0.0005255400904568758,0.37118144999237074
2016-07-28,1.1151444746614154,-0.0015192496592906807,0.30281296099830646
2016-07-29,1.1186392116029347,0.0031338871517795266,0.3072649204184517
2016-08-01,1.114647091403143,-0.003568729004297223,0.30964248633804053
2016-08-02,1.099539726036801,-0.013553496423091782,0.2129339103648465
2016-08-03,1.109147299666127,0.0087378140160117,0.27103828663490503
2016-08-04,1.1127250346762685,0.0032256626430218534,0.25209035933998636
2016-08-05,1.1314672451876244,0.01684352371635885,0.41385359232942764
2016-08-08,1.1311614966075991,-0.0002702230942395471,0.43489716196823913
2016-08-09,1.131082478502639,-6.985572369379103e-05,0.36043080209793604
2016-08-10,1.124372270818745,-0.005932553824701963,0.39862356405930144
2016-08-11,1.1327754202344495,0.007473636298043685,0.4439324762536072
2016-08-12,1.133442648007382,0.0005890203486179928,0.4733659911227049
2016-08-15,1.1429837443444109,0.008417802483259542,0.5158123578156459
2016-08-16,1.1379531253632746,-0.00440130404831057,0.4459521887832738
2016-08-17,1.1387390908700603,0.0006906835521320483,0.4957744618999511
2016-08-18,1.1475092348331348,0.007701627206258177,0.6020139020136972
2016-08-19,1.1499717974235346,0.002146006773320625,0.7583714503262728
2016-08-22,1.148250295168051,-0.0014969951953086556,0.9057449740312811
2016-08-23,1.1524966791466447,0.003698134454188864,1.119775933832812
2016-08-24,1.1426065044781955,-0.008581521185616146,1.120859989170431
2016-08-25,1.1449742357506958,0.002072219318917425,0.9915972410005179
2016-08-26,1.1489014581614574,0.0034299657478203413,0.8839771892976047
2016-08-29,1.1548004509784426,0.005134463687099182,0.9019020035610057
2016-08-30,1.1520501653596391,-0.0023816111402391368,0.895904035034225
2016-08-31,1.1505855882989156,-0.0012712788945837366,1.01022925361687
2016-09-01,1.15199927876842,0.0012286704125979643,0.9569575594573637
2016-09-02,1.1570333051313777,0.004369817286986199,0.9834062639286302
2016-09-06,1.1640591588041855,0.0060723002887199794,1.0872150050547267
2016-09-07,1.1646425477826565,0.0005011678092634623,1.010185170357802
2016-09-08,1.1610553255742355,-0.0030801057502585208,1.025904080189052
2016-09-09,1.1291403431825822,-0.027487908361187627,0.7779781882708499
2016-09-12,1.1512479638393658,0.019579161076178832,0.9077781704630904
2016-09-13,1.1316774504989615,-0.016999390187963773,0.7906628398294064
2016-09-14,1.1333079732019284,0.0014408016190903272,0.7592777388885463
2016-09-15,1.1480130583556953,0.012975365480064999,0.8105647566582104
2016-09-16,1.1453395262053296,-0.0023288342679611738,0.8064162612312351
2016-09-19,1.1450311949845426,-0.0002692050817529249,0.8669152499727409
2016-09-20,1.1442905696404313,-0.0006468167394526026,0.8546196198407573
2016-09-21,1.1565880801537012,0.010746842488734467,0.9774226116723876
2016-09-22,1.1647141570302835,0.007025904050041896,1.0444757466795973
2016-09-23,1.1589124891893612,-0.004981194575427019,1.0047426458643463
2016-09-26,1.141126671810654,-0.015346989133880072,0.8919111831540999
2016-09-27,1.1573177150328857,0.014188646731515655,1.0772801864295167
2016-09-28,1.1677739522884536,0.009034889140421184,1.1387802291984708
2016-09-29,1.1521376170805036,-0.01338986468854529,0.966222212354701
2016-09-30,1.1702113558327971,0.015687135359829758,1.0700970948448887
2016-10-03,1.1701920486904898,-1.6498850580290385e-05,1.0143309089259644
2016-10-04,1.1652640066365945,-0.004211310493358758,0.9258535504957712
2016-10-05,1.180981407177794,0.013488274289502777,1.0067987054904224
2016-10-06,1.1800862819941995,-0.0007579502760621048,0.971364808210103
2016-10-07,1.1727098098652788,-0.006250790506991987,0.9058300700388385
2016-10-10,1.1750195298875243,0.0019695580294589268,0.9288279083731391
2016-10-11,1.1489102529397404,-0.02222029190466578,0.7665313677096878
2016-10-12,1.148924555376197,1.2448697729144538e-05,0.7892363768851022
2016-10-13,1.1341651858772726,-0.012846247762623449,0.7029901437354199
2016-10-14,1.14053413092668,0.005615535663335651,0.7012846822324981
2016-10-17,1.1279906106051982,-0.010997935073885318,0.6206527289657447
2016-10-18,1.150942599164673,0.02034767696085728,0.7597645104809672
2016-10-19,1.1637794625059434,0.011153348004138006,0.8425217836134935
2016-10-20,1.1627320437356212,-0.0009000148258905561,0.8581434914792812
2016-10-21,1.1606648886667337,-0.0017778430378905298,0.7892717835946982
2016-10-24,1.1787527690968573,0.015584067896549663,0.8521522129752762
2016-10-25,1.181077317016084,0.0019720402616806654,0.8746305714795118
2016-10-26,1.1752760668081823,-0.004911829331002833,0.8567053238658325
2016-10-27,1.1734146668183967,-0.0015837980899592824,0.8016619800762728
2016-10-28,1.1677947664675024,-0.004789355809001689,0.7815361763429842
2016-10-31,1.1719616551450076,0.003568168651851264,0.8132854340117632
2016-11-01,1.157293900380692,-0.012515558593511302,0.6854561438416354
2016-11-02,1.1408866643059146,-0.014177242331770866,0.5740532878643227
2016-11-03,1.1299026416775126,-0.009627619440257383,0.5043333952662533
2016-11-04,1.128656133813507,-0.001103199353667256,0.5028658372621287
2016-11-07,1.176057589527726,0.041998137691467444,0.7353148786088946
2016-11-08,1.1831958203044064,0.006069626896032301,0.807055552153842
2016-11-09,1.213310566297636,0.02545203885649459,0.9646162155236447
2016-11-10,1.216695578225955,0.0027898973456138396,0.9965015284031468
2016-11-11,1.2292609529082323,0.010327459807652711,1.1021258140150176
2016-11-14,1.2297817754261067,0.0004236875145527553,1.139726282412973
2016-11-15,1.2403442776775053,0.008588924037143758,1.1549445489475187
2016-11-16,1.2412137710777265,0.0007010097243721303,1.1609151466816627
2016-11-17,1.2503545250656698,0.007364367203247134,1.1586578519059498
2016-11-18,1.2494135753479312,-0.0007525463369592117,1.150252223961936
2016-11-21,1.2593240714219078,0.007932118130873269,1.1974167895852537
2016-11-22,1.2651089641346105,0.0045936489613598724,1.2388391668619154
2016-11-23,1.2669608255371676,0.0014637959694038772,1.2363190879775798
2016-11-25,1.2706586489742333,0.0029186564908176343,1.2611040792761872
2016-11-28,1.2645351708560373,-0.004819137006732239,1.2252766027584436
2016-11-29,1.2645938059113377,4.636886078918091e-05,1.2276635222632364
2016-11-30,1.2654383857244997,0.0006678664795083792,1.1828729494182133
2016-12-01,1.2564424478287761,-0.007108949749910744,1.1875752205088592
2016-12-02,1.257850335467132,0.0011205349204722848,1.238028822269648
2016-12-05,1.2684932418122414,0.008461186553769762,1.2354064315127662
2016-12-06,1.2735615250765915,0.003995514597388807,1.3000406799624145
2016-12-07,1.291612874585197,0.014173912412688212,1.4264480989328148
2016-12-08,1.2951408880376973,0.002731479007309523,1.461075573669426
2016-12-09,1.298566480265919,0.0026449572087958164,1.462580440911859
2016-12-12,1.294072885478708,-0.0034604272137771386,1.5224324342773121
2016-12-13,1.3006837445265977,0.005108567780124709,1.5619617050345436
2016-12-14,1.2947990222084136,-0.0045243298710755655,1.4907846142346064
2016-12-15,1.30249597890045,0.005944518461952776,1.4726237133616848
2016-12-16,1.2964467793002596,-0.004644313455230025,1.5183287426954628
2016-12-19,1.3051472760343,0.0067110327033525295,1.6271763239243566
2016-12-20,1.3242247564828464,0.014617109347623797,1.6852150589622348
2016-12-21,1.3201155817822552,-0.0031030795040452018,1.6389368651895992
2016-12-22,1.3181065533765175,-0.001521857959607954,1.5664268004669994
2016-12-23,1.32546140973296,0.005579864797426291,1.6084379567450457
2016-12-27,1.3399857282381442,0.010957933892704191,1.6962187865343794
2016-12-28,1.3136306140583178,-0.019668205134153953,1.5154956628646232
2016-12-29,1.3055880816406935,-0.006122369813518471,1.5150149115797347
2016-12-30,1.29070340356075,-0.011400745985087661,1.463270538048978
2017-01-03,1.3143657945426936,0.018332942267499014,1.6351728964250134
2017-01-04,1.3402061196471076,0.0196599190360128,1.745809526011522
2017-01-05,1.3355966787547162,-0.0034393522196458624,1.822283128573661
2017-01-06,1.3446757197999173,0.006797741555981085,1.9973321722241137
2017-01-09,1.3394336000488056,-0.0038984267165110852,2.022405668101266
2017-01-10,1.348391580040716,0.006687886575029987,2.0748610773484812
2017-01-11,1.3585076622962406,0.007502332709033263,2.1117452554442977
2017-01-12,1.3453682984671553,-0.009671909988992122,2.1729489174598413
2017-01-13,1.3571494840419795,0.008756847911643936,2.1488702874685495
2017-01-17,1.3263052416303,-0.022727225537319998,2.0899264299206357
2017-01-18,1.335926478710154,0.007254165012593557,2.1511568754467443
2017-01-19,1.3455191622145954,0.007180547475713834,2.2380465055580108
2017-01-20,1.3535110236500403,0.005939611757212803,2.232928593510338
2017-01-23,1.3519394620852,-0.0011610999374073326,2.163061531312806
2017-01-24,1.3843981549501934,0.024008983963623477,2.357225801824565
2017-01-25,1.4107042525932176,0.019001829458499032,2.4152082379446154
2017-01-26,1.4041058804393578,-0.004677360362195211,2.419116496112671
2017-01-27,1.4116974302881824,0.005406679050762928,2.4230175358014994
2017-01-30,1.3936621990410676,-0.012775564267644311,2.2606364819627025
2017-01-31,1.392122431387613,-0.001104835629834924,2.2457377647101544
2017-02-01,1.4080614969887137,0.011449471139699578,2.398040795257103
2017-02-02,1.411143372522847,0.0021887364584034486,2.3974960987895457
2017-02-03,1.4349359184898458,0.01686047387549454,2.4590027185305665
2017-02-06,1.4421533312067571,0.005029780510691258,2.5721901741863373
2017-02-07,1.4407692597950743,-0.0009597255588105343,2.655686926859327
2017-02-08,1.4458913454090319,0.0035551047325134283,2.6838757341607655
2017-02-09,1.4608932099909262,0.010375513090612179,2.750893552012511
2017-02-10,1.46694550196301,0.0041428709030151365,2.810588156412858
2017-02-13,1.4827620364124117,0.01078195095062256,2.8063166032396376
2017-02-14,1.499285945816848,0.011144006252288818,2.8067719502644204
2017-02-15,1.5114474692182622,0.008111543655395508,2.7903970580135873
2017-02-16,1.503725988286699,-0.00510866641998291,2.7709555461485693
2017-02-17,1.5116857795991505,0.005293378829956055,2.802371652574523
2017-02-21,1.5360929851950234,0.016145687103271487,2.8376440259766564
2017-02-22,1.5343754617936034,-0.0011181116104125976,2.8895789410928208
2017-02-23,1.5252616138736577,-0.005939776897430419,2.832466254442634
2017-02-24,1.5205669341607702,-0.0030779504776000974,2.783996455726774
2017-02-27,1.5266725394942635,0.004015347957611084,2.7924867708401364
2017-02-28,1.512448193069742,-0.009317221641540528,2.7437247077114355
2017-03-01,1.5549317776506475,0.028089282512664793,2.8200648645544444
2017-03-02,1.5301656340003302,-0.015927479267120362,2.6775751442865445
2017-03-03,1.5321479377382534,0.0012954831123352048,2.668479018139966
2017-03-06,1.5229442425669044,-0.006007053852081299,2.6069097102693286
2017-03-07,1.5130380340158267,-0.006504642963409424,2.5632511843689847
2017-03-08,1.5168755656439017,0.0025363087654113768,2.6363354853220256
2017-03-09,1.519487747791251,0.0017220807075500485,2.6252118520596865
2017-03-10,1.535518380772227,0.010550024509429932,2.686211403381126
2017-03-13,1.5466058431030019,0.007220664024353027,2.679967533145988
2017-03-14,1.5418967770203875,-0.003044774532318116,2.6641016102754893
2017-03-15,1.5623742848331446,0.013280725479125977,2.750116052386885
2017-03-16,1.5675571920125608,0.0033173274993896487,2.7428785591563702
2017-03-17,1.5612212143308772,-0.004041943550109864,2.7015442872034843
2017-03-20,1.559527668922399,-0.0010847568511962885,2.680651239561536
2017-03-21,1.4929559643935453,-0.04268709421157837,2.329451913701257
2017-03-22,1.5075703423725868,0.009788887500762938,2.3865790818518313
2017-03-23,1.5064064666854804,-0.0007720208168029783,2.422778534042266
2017-03-24,1.5158036714505962,0.006238160133361816,2.456440411588087
2017-03-27,1.5175382662820387,0.0011443400382995603,2.468586962489524
2017-03-28,1.5497539849692659,0.021228933334350587,2.540528534402269
2017-03-29,1.5599258638624534,0.006563544273376465,2.554573171730622
2017-03-30,1.5782050400739935,0.011717977523803711,2.6232758834107055
2017-03-31,1.570296834230034,-0.0050108861923217765,2.5780010515322185
2017-04-03,1.567184850539172,-0.0019817805290222174,2.5991472156795634
2017-04-04,1.5651976517311914,-0.0012680053710937501,2.6314491393934487
2017-04-05,1.5449615047605478,-0.012928812503814698,2.4822471589095034
2017-04-06,1.5532627061776556,0.0053730797767639156,2.6002763804068105
2017-04-07,1.5481718437226,-0.003277528285980224,2.55125577685339
2017-04-10,1.544674528228653,-0.002258996963500976,2.53560367036101
2017-04-11,1.5368707749897916,-0.005052037239074707,2.4520870092866764
2017-04-12,1.5138223009251461,-0.01499701499938965,2.267471030692323
2017-04-13,1.4935162905971886,-0.013413734436035158,2.1785977615987644
2017-04-17,1.5266788654161074,0.022204360961914065,2.2952220339380154
2017-04-18,1.5167759256940265,-0.006486589908599853,2.2270603271304097
2017-04-19,1.5232052406247056,0.004238803386688232,2.2384682453652966
2017-04-20,1.55874942236357,0.02333512306213379,2.3135343486721087
2017-04-21,1.548195811002449,-0.006770563125610351,2.3093708295985036
2017-04-24,1.5805654749805678,0.0209079909324646,2.358419572866935
2017-04-25,1.6123993213147993,0.020140795707702636,2.5053484945866358
2017-04-26,1.6151762260459563,0.0017222189903259276,2.485956710006345
2017-04-27,1.6096919295325915,-0.00339547872543335,2.42219789312554
2017-04-28,1.6031915903797196,-0.00403825044631958,2.4703777149712525
2017-05-01,1.6234233994520504,0.012619707584381103,2.5820383748742093
2017-05-02,1.6131119671224223,-0.006351659297943115,2.5102904044906182
2017-05-03,1.6164158955740464,0.0020481705665588382,2.6353167200132352
2017-05-04,1.6083695488618122,-0.004977893829345704,2.674525230283628
2017-05-05,1.6292788315615636,0.01300029754638672,2.752449645340101
2017-05-08,1.6296184770043272,0.00020846366882324254,2.7303196533283347
2017-05-09,1.6362744847837483,0.004084396362304688,2.7904147993011557
2017-05-10,1.6574968818030231,0.01296994924545288,2.7787761982801484
2017-05-11,1.648934519444998,-0.0051658391952514645,2.767487641548048
2017-05-12,1.6504069654981308,0.0008929681777954101,2.8140606127079213
2017-05-15,1.6685199512032953,0.010974860191345213,2.8938662279327865
2017-05-16,1.6788141203334466,0.006169641017913819,2.8528982229856887
2017-05-17,1.58143171601667,-0.05800666264198118,2.4055632576212265
2017-05-18,1.6066400762605202,0.015940214167036743,2.446099008155022
2017-05-19,1.6230851349427837,0.010235683103672906,2.514707522952465
2017-05-22,1.631584175824246,0.005236349405517558,2.4524939834022232
2017-05-23,1.6332726136360842,0.0010348456652475415,2.444285725196852
2017-05-24,1.6351654278138645,0.0011589089059458248,2.3579629441374035
2017-05-25,1.6425786008742898,0.004533592096755711,2.301943130224866
2017-05-26,1.647275322726736,0.002859358967629602,2.295768245584121
2017-05-30,1.6525456001766285,0.0031993907619331415,2.263240135185128
2017-05-31,1.6499626855987954,-0.0015629914100748566,2.235352935326237
2017-06-01,1.6631623564082543,0.007999981408469574,2.28762623374396
2017-06-02,1.6800750093479626,0.010168972905466936,2.323471087855437
2017-06-05,1.6840063009189337,0.00233995003145532,2.3802999401227103
2017-06-06,1.6791072652992243,-0.002909155159951648,2.302708783385267
2017-06-07,1.6886413693785978,0.0056780792248401525,2.3147675210649563
2017-06-08,1.7051710228188603,0.009788729412891935,2.3560034461733945
2017-06-09,1.6641996350214323,-0.02402772932986945,2.2307010125119437
2017-06-12,1.6577475037323322,-0.003877017608537782,2.34619958249052
2017-06-13,1.6646081808851902,0.004138553752855313,2.4372076945613426
2017-06-14,1.6564249912863203,-0.004915985451013681,2.4559459584285426
2017-06-15,1.6454627821320313,-0.006617993094740759,2.397579728031613
2017-06-16,1.6424659934090013,-0.0018212436984731634,2.364127449253894
2017-06-19,1.6626858401976077,0.012310663885733913,2.4138629181109046
2017-06-20,1.63078973897368,-0.01918348039827947,2.2446400615910376
2017-06-21,1.6421606881843906,0.006972664187761355,2.242119149486201
2017-06-22,1.6488599512005357,0.004079541706452565,2.338748475807136
2017-06-23,1.65952066404565,0.006465505355595625,2.2369191519244933
2017-06-26,1.6575073721994975,-0.0012131767261301454,2.7029617406128024
2017-06-27,1.61853947585553,-0.023509938476024648,2.78054542838122
2017-06-28,1.6565389561226156,0.023477635753678377,2.7735382247156153
2017-06-29,1.627142535513282,-0.017745686269968745,2.5858493996816567
2017-06-30,1.630410110665537,0.0020081677424923154,2.556689114511187
2017-07-03,1.6268735589093577,-0.0021691179004868786,2.546892816150453
2017-07-05,1.6284624213379129,0.0009766354735154228,2.5985289227950963
2017-07-06,1.5982132065769672,-0.018575322564762332,2.4486889857524745
2017-07-07,1.6207639506412392,0.01410997229372863,2.5089793588787077
2017-07-10,1.6390880462652166,0.011305838593416068,2.511761775895745
2017-07-11,1.6476292059021784,0.005210921802781372,2.515494763169024
2017-07-12,1.6700577227332247,0.013612599698222264,2.539401855755366
2017-07-13,1.6766198080226118,0.003929256576022677,2.556959188322813
2017-07-14,1.6937085241559298,0.010192362067743986,2.5799023045759224
2017-07-17,1.6907741983291966,-0.0017324857169243111,2.5791977266221044
2017-07-18,1.7033954118030106,0.007464754008126025,2.594034073869255
2017-07-19,1.7158416600931796,0.007306728786474109,2.648190731273455
2017-07-20,1.7220906725032519,0.0036419516762011463,2.643426436364955
2017-07-21,1.714604987149888,-0.004346859008580752,2.640114000143168
2017-07-24,1.717869508808521,0.0019039497045084878,2.6240404046661285
2017-07-25,1.7404737744764605,0.013158313569240371,2.68379085198977
2017-07-26,1.7462132231315928,0.0032976358157759647,2.687504915377706
2017-07-27,1.7396104944057642,-0.0037811698126918067,2.667380717267574
2017-07-28,1.7340629711092663,-0.003188945637162757,2.657038107004291
2017-07-31,1.7200181358609414,-0.00809938017380109,2.5874849905230115
2017-08-01,1.7333370496668337,0.007743472890316778,2.652889698283788
2017-08-02,1.7280988733358211,-0.003022018327029479,2.7238644068594944
2017-08-03,1.722973925031346,-0.0029656568750503483,2.656762762768761
2017-08-04,1.7371231680951913,0.008212105162060376,2.6840648093996187
2017-08-07,1.7441095443245824,0.004021808215851345,2.6192091923248726
2017-08-08,1.7376250616796993,-0.003717933122941622,2.5978891273077833
2017-08-09,1.7319231991823643,-0.0032814112912386887,2.5781406692209194
2017-08-10,1.6669633314425996,-0.03750736047096778,2.335367021945683
2017-08-11,1.6751519217007396,0.00491227977465689,2.3216456833364254
2017-08-14,1.7175600688105646,0.02531600063280768,2.4406319471080513
2017-08-15,1.7163288453331076,-0.0007168444934270151,2.3904949843873236
2017-08-16,1.7194923592385645,0.0018431863532788104,2.427259974807691
2017-08-17,1.6894636048071356,-0.017463732403397367,2.3110273093504095
2017-08-18,1.6875281958933526,-0.0011455759735078872,2.262295839552003
2017-08-21,1.6868187601408435,-0.0004203993475399703,2.2477137678753785
2017-08-22,1.706991672195762,0.011959146134487056,2.319890239607327
2017-08-23,1.7068016743567165,-0.0001113056625527262,2.298522048074211
2017-08-24,1.7057583147938582,-0.0006112951367073428,2.3470128189166948
2017-08-25,1.7073161676567181,0.0009132904992160053,2.3404742618949124
2017-08-28,1.707435115420121,6.966944122969394e-05,2.3215820311475657
2017-08-29,1.7082985447847263,0.000505687950779284,2.2959233771436005
2017-08-30,1.735145067385297,0.015715357647836554,2.3909611054455646
2017-08-31,1.7508689666604218,0.009062008457205875,2.4472407294837017
2017-09-01,1.76811665852355,0.009850932417875914,2.493055197215612
2017-09-05,1.7390905437693098,-0.016416402511855777,2.364610676377536
2017-09-06,1.7535640803638812,0.008322474437243278,2.376243789097535
2017-09-07,1.7501253211583208,-0.001961011430416026,2.3620805893790893
2017-09-08,1.7187254700687629,-0.017941487223769734,2.266551831925741
2017-09-11,1.7672454056431772,0.028230183597892006,2.581414827544003
2017-09-12,1.788573934509907,0.012068798593915346,2.5479686767428857
2017-09-13,1.7983069927473494,0.005441798099394398,2.6874026898887715
2017-09-14,1.7956485657166006,-0.0014782943298727255,2.670575503246353
2017-09-15,1.8083859974930232,0.007093499262390046,2.6416006736675377
2017-09-18,1.8248388751117162,0.009098100539100361,2.7042677680229885
2017-09-19,1.8339166668280384,0.004974571640340951,2.73348316007295
2017-09-20,1.8386215838504092,0.0025655020794965173,2.751770366802352
2017-09-21,1.8295574880443433,-0.004929832155610871,2.6651530438542013
2017-09-22,1.8378063828758233,0.004508683047886924,2.651845558521502
2017-09-25,1.8117789920875051,-0.014162205023790467,2.5917597835945423
2017-09-26,1.8135429478494336,0.0009736042694125907,2.6955653325688473
2017-09-27,1.8467673112368161,0.018320141481502513,2.7137112679476956
2017-09-28,1.8531446327440708,0.0034532349952542496,2.6844432274493615
2017-09-29,1.8731601497909198,0.01080083912134309,2.827251099278323
2017-10-02,1.8859737823836673,0.0068406497939738475,2.784718399236617
2017-10-03,1.9030565870467981,0.009057816615849344,2.8338417069583555
2017-10-04,1.892598315822353,-0.005495512480096255,2.8258106056025754
2017-10-05,1.9151733739985706,0.011928076859990448,2.8185141414421313
2017-10-06,1.921863731365129,0.003493342930405344,2.842732267653845
2017-10-09,1.9145052310070139,-0.0038288356442880136,2.857945698125661
2017-10-10,1.9241952232959774,0.0050613558699271555,2.874970507948952
2017-10-11,1.9366592793945234,0.006477542375973789,3.0649066181889193
2017-10-12,1.918408823361671,-0.009423679336387106,3.0049006259645603
2017-10-13,1.9311262911713718,0.006629174999005452,3.12591235193586
2017-10-16,1.9445428607423816,0.006947536073817181,3.132950670307432
2017-10-17,1.9455734508326512,0.0005299909356980189,3.2076216335130225
2017-10-18,1.9520763072693261,0.0033423854719501237,3.127225578368342
2017-10-19,1.9476485740813447,-0.0022682172676821225,3.05321011077359
2017-10-20,1.9689911877526722,0.010958144069391145,3.1178912810661954
2017-10-23,1.9560109929440168,-0.006592307212644469,3.0871165866360273
2017-10-24,1.9737096526003788,0.009048343654614833,3.0563130489070796
2017-10-25,1.9196077163170202,-0.027411294367476323,2.8466285956173945
2017-10-26,1.9354943974075434,0.00827600397491802,2.9218604926460316
2017-10-27,1.9704869172951214,0.01807937028102376,3.0216579028572226
2017-10-30,1.9538289389846022,-0.008453737076004247,2.99788317138827
2017-10-31,1.9619740435860373,0.004168791053769602,3.001173216057647
2017-11-01,1.9549548021775232,-0.003577642340101789,3.060520355462077
2017-11-02,1.960991395154153,0.003087842731661187,3.1718727095699943
2017-11-03,1.9724320836631792,0.005834134987689109,3.2665701978885058
2017-11-06,1.9761675169240676,0.0018938209796056258,3.2842515834936834
2017-11-07,1.9599976049259014,-0.008182460170853776,3.072888677649805
2017-11-08,1.9646093824134268,0.0023529505729675292,3.05200270841326
2017-11-09,1.9534602219353443,-0.0056750011365548315,2.894458494014071
2017-11-10,1.9607829221957225,0.003748579151063276,2.8999804062480257
2017-11-13,1.9624610581431243,0.0008558499405547235,2.847597226635741
2017-11-14,1.954752559202629,-0.0039279754920533705,2.820362218849574
2017-11-15,1.9478399605389574,-0.003536303677479961,2.749625468393925
2017-11-16,1.9793981444953297,0.016201630829896486,2.8310336565518135
2017-11-17,1.9875537579201195,0.0041202491007028535,2.8131776534249666
2017-11-20,1.9987469272384388,0.005631630980403048,2.8503816170140457
2017-11-21,2.012395160091937,0.0068283946644288,2.844485288697777
2017-11-22,2.009202533403381,-0.0015864810012811308,2.807903188891603
2017-11-24,2.01640654207887,0.0035855064662327772,2.8202486505735664
2017-11-27,2.0022842346310994,-0.007003700470645674,2.758199929418725
2017-11-28,2.0292472361970595,0.013466120893134887,2.861193697656287
2017-11-29,2.008679609060784,-0.010135594504896551,2.7947025346440997
2017-11-30,2.0186532998758735,0.004965296989176418,2.8194571922727505
2017-12-01,2.011866237512908,-0.0033621733674538377,2.843974977938833
2017-12-04,2.001976983151462,-0.004915463154086737,2.806435101125024
2017-12-05,1.9901694788197333,-0.0058979221195348385,2.7216656907146115
2017-12-06,1.9892938860842864,-0.00043995888026891495,2.6957087743940993
2017-12-07,2.007336242360219,0.009069728913432258,2.6704381377415443
2017-12-08,2.01757577281364,0.005101053942702295,2.6838570527788863
2017-12-11,2.0334998519787923,0.007892679610711748,2.7129066347096282
2017-12-12,2.035548478432011,0.0010074387028967979,2.7403415926781043
2017-12-13,2.0377520262900912,0.0010825327332798019,2.717237966959624
2017-12-14,2.0317575626633624,-0.002941704166842396,2.727330857336491
2017-12-15,2.0550376318662362,0.011458094031827574,2.756060973511015
2017-12-18,2.0859836961774327,0.01505863631465167,2.864955521963112
2017-12-19,2.0758383723604226,-0.004863568126443818,2.796292386472959
2017-12-20,2.0739588275513747,-0.0009054388983620378,2.7128803363175193
2017-12-21,2.073138043484715,-0.0003957571653573875,2.7296275241763706
2017-12-22,2.069468750899684,-0.0017699219772474102,2.7280948373610547
2017-12-26,2.061394329766134,-0.003901687875228632,2.6717504340288696
2017-12-27,2.060425457714172,-0.0004700081095460031,2.608424266870759
2017-12-28,2.0655029887920056,0.002464311950147714,2.759985649068758
2017-12-29,2.043344302402614,-0.010727985633344967,2.7282949248247546
2018-01-02,2.1262217382270863,0.040559701919555664,2.9676255119438975
2018-01-03,2.170267933526439,0.020715711116790773,2.977244326939509
2018-01-04,2.201532019933872,0.014405634403228762,2.9547192462165786
2018-01-05,2.242243994253383,0.018492565155029297,3.069108776985741
2018-01-08,2.264834531501585,0.010074968338012696,3.0858410689434708
2018-01-09,2.251161403201582,-0.006037142276763915,3.0720154247724096
2018-01-10,2.2523714838223583,0.0005375361442565923,3.0376234493767216
2018-01-11,2.2913477784999228,0.017304558753967286,3.083687342808719
2018-01-12,2.31097924502337,0.008567650318145752,3.193318079347334
2018-01-16,2.2944174081895903,-0.0071665883064270025,3.0997622006414525
2018-01-17,2.342846910239017,0.02110753774642944,3.36572403608522
2018-01-18,2.341374419820116,-0.000628504753112793,3.32122917341561
2018-01-19,2.3728451124747725,0.013441119194030762,3.351706147768796
2018-01-22,2.413121459498922,0.016973862648010252,3.403828272423071
2018-01-23,2.4435982287557905,0.012629604339599611,3.477561847440592
2018-01-24,2.438051773510434,-0.0022697901725769044,3.3518630099272877
2018-01-25,2.4235729405337865,-0.0059386897087097155,3.2195634496666035
2018-01-26,2.492740784177513,0.02853961706161499,3.375633485232475
2018-01-29,2.4697478323886717,-0.009223964214324953,3.2852877809346825
2018-01-30,2.404009176208587,-0.026617558002471925,3.174947564274732
2018-01-31,2.4147869279869214,0.004483240698495065,3.206859599668246
2018-02-01,2.402024868459506,-0.005284962983485457,3.11366994873463
2018-02-02,2.350056776003685,-0.021635118411221916,2.9523062816796934
2018-02-05,2.2781854977913083,-0.030582783763460786,2.6514928671854348
2018-02-06,2.3155779626434763,0.016413266122719,2.706204931780134
2018-02-07,2.3045807781069847,-0.004749217998230133,2.683812764405482
2018-02-08,2.252022754001218,-0.022805893638034504,2.515355489997977
2018-02-09,2.2734346602298707,0.009507855189566638,2.5111424535444544
2018-02-12,2.2942943770498387,0.009175419546853832,2.536807831094075
2018-02-13,2.2998398736665187,0.002417081553331717,2.4940951847378967
2018-02-14,2.3281694909969923,0.012318082512983445,2.499644844416328
2018-02-15,2.3443811032142383,0.0069632439905840315,2.4938580249863107
2018-02-16,2.3393358858819675,-0.0021520465786699487,2.5112313203856664
2018-02-20,2.336668281701034,-0.0011403254218570113,2.47616773780038
2018-02-21,2.3265241306032274,-0.004341288482087056,2.370134566028
2018-02-22,2.328276238647468,0.0007531011697634844,2.380651094069475
2018-02-23,2.3489105067230907,0.008862465601422582,2.462154283449944
2018-02-26,2.366440084096814,0.007462854512144981,2.5196621781852686
2018-02-27,2.350967702807865,-0.006538251863179463,2.4593885756195975
2018-02-28,2.3423160858068157,-0.003680023758181076,2.493778370835702
2018-03-01,2.3253209728889206,-0.007255687232340968,2.3213901285429395
2018-03-02,2.3363946373787434,0.004762209010683458,2.4473230978667395
2018-03-05,2.352547310752508,0.006913503872739032,2.4775714672447045
2018-03-06,2.35976137525676,0.0030664907231745513,2.5303518457986747
2018-03-07,2.3607647918327634,0.0004252195101269987,2.571614831012253
2018-03-08,2.364658725656332,0.0016494374352919682,2.566691034122368
2018-03-09,2.3847671871739395,0.008503747834489707,2.6026917620401315
2018-03-12,2.389690632650577,0.0020645392569628336,2.5584466302303337
2018-03-13,2.3773941432962444,-0.005145640689353134,2.4887706128813707
2018-03-14,2.3746505683871533,-0.001154026107462004,2.4998787969178116
2018-03-15,2.3740047012878045,-0.00027198405860080717,2.4291863291122477
2018-03-16,2.372960203514251,-0.0004399729170658153,2.4081173526285573
2018-03-19,2.351712204443309,-0.008954216357895424,2.3776893790614637
2018-03-20,2.3538187076978283,0.0008957317356005619,2.389002680424302
2018-03-21,2.358709842366757,0.0020779572585317902,2.7239968479307435
2018-03-22,2.3274255578240766,-0.013263303514810228,2.5841715967920615
2018-03-23,2.2972506190316637,-0.012964942612653825,2.50544625575989
2018-03-26,2.3249137887984674,0.012041859750793823,2.5351085629812533
2018-03-27,2.2957547150510207,-0.012542002154203114,2.4487442088928497
2018-03-28,2.2849537666594464,-0.004704748430118929,2.313891946010804
2018-03-29,2.3042994269850836,0.008466543440798075,2.323937719819982
2018-04-02,2.2769705873413417,-0.011859934227167124,2.186133483605213
2018-04-03,2.2895245909999544,0.005513467643546141,2.247331291548752
2018-04-04,2.3032786329467103,0.006007378999475544,2.292788624869656
2018-04-05,2.30969390210536,0.0027852770684727106,2.3162401929984258
2018-04-06,2.2864304347325337,-0.010072099749504,2.335455366894225
2018-04-09,2.289952844994602,0.0015405718050984234,2.314033599408617
2018-04-10,2.3140062775987498,0.01050389865307687,2.3908713019407806
2018-04-11,2.3093313761196095,-0.002020263092800004,2.3923093994222184
2018-04-12,2.3198547459555643,0.004556890338379104,2.4488172352811906
2018-04-13,2.3129009732367494,-0.002997503499276437,2.528266877883557
2018-04-16,2.317798723717719,0.0021175789787988733,2.627682746996818
2018-04-17,2.3323536893456995,0.006279650376472152,2.5526664622801505
2018-04-18,2.3346460629358265,0.0009828584749381978,2.5990606050507115
2018-04-19,2.3288516667524126,-0.0024819163278769476,2.5594238905408453
2018-04-20,2.323956990814223,-0.0021017551302506404,2.4301309559578423
2018-04-23,2.319874580996434,-0.0017566632402946846,2.462054376862932
2018-04-24,2.3059519022746033,-0.00600147906092866,2.3166468529445643
2018-04-25,2.3048875538277342,-0.000461565761982729,2.208256678593719
2018-04-26,2.325037454305429,0.008742248811327895,2.247867381930663
2018-04-27,2.3256070409827085,0.0002449795706409857,2.2703667917232124
2018-04-30,2.3177181721641142,-0.0033921761843567957,2.2744729369027485
2018-05-01,2.321533905260461,0.0016463317853626766,2.2141573183751704
2018-05-02,2.3156249217124154,-0.002545292806043479,2.2385942904283977
2018-05-03,2.3149309746784263,-0.00029968024073434113,2.224500596321537
2018-05-04,2.327686273869805,0.005510012752389028,2.2880000940239884
2018-05-07,2.3351517493652865,0.003207251586817208,2.2347945827486035
2018-05-08,2.338865865472254,0.0015905245164376826,2.243111369707862
2018-05-09,2.352030396463895,0.0056285959729386725,2.2519146179021665
2018-05-10,2.364447837403576,0.0052794559791190096,2.210640356364227
2018-05-11,2.365020487704658,0.00024219197904183583,2.244704252371588
2018-05-14,2.3676685447426804,0.001119676151555243,2.2460703009725593
2018-05-15,2.360593447790502,-0.0029882125890839492,2.1652217914278817
2018-05-16,2.36996127961499,0.00396842236144286,2.1526466502170303
2018-05-17,2.3654599982770494,-0.0018993058564532887,2.6640439519403816
2018-05-18,2.3582605569629904,-0.0030435692505064588,2.5518856488669117
2018-05-21,2.3669809353947286,0.003697801078846217,2.5134588430540377
2018-05-22,2.363946149826594,-0.0012821335071838014,2.471702471905504
2018-05-23,2.370134124385507,0.00261764615888844,2.4818656331340376
2018-05-24,2.369526886861575,-0.00025620386529377954,2.4725788932840915
2018-05-25,2.3696381212885376,4.694372854759214e-05,2.4439873818038214
2018-05-29,2.3599384245055948,-0.004093324080078632,2.397662301090616
2018-05-30,2.3756106212130206,0.0066409345873967626,2.418666242945637
2018-05-31,2.3664789921403684,-0.003843908168750914,2.4030108763867237
2018-06-01,2.38622546615127,0.008344242258851348,2.4049989893760837
2018-06-04,2.395137153047953,0.003734637410879906,2.3670148400408797
2018-06-05,2.4004466233486013,0.0022167708825743,2.366230084756699
2018-06-06,2.414601585133126,0.005896803389353894,2.4230267173918505
2018-06-07,2.407828825971259,-0.0028049178810980392,2.3682647280322886
2018-06-08,2.4128605290143237,0.0020897262250505044,2.3219418389969544
2018-06-11,2.414785995566578,0.0007980015956582365,2.516720748561649
2018-06-12,2.418801428058519,0.0016628523187203752,2.554615429344784
2018-06-13,2.4145796789909664,-0.0017453888601932257,2.5158328026915613
2018-06-14,2.417495704770544,0.0012076742817598454,2.5582501249913587
2018-06-15,2.4158394954486084,-0.0006850929739677073,2.600632060573082
2018-06-18,2.4140662905371197,-0.0007339911922250533,2.608122771345872
2018-06-19,2.401792357668787,-0.005084339612563828,2.4977333490825044
2018-06-20,2.4064640671522692,0.0019450929921422924,2.661627578381342
2018-06-21,2.39083324042728,-0.006495350143950389,2.570151820593501
2018-06-22,2.3896610837396306,-0.0004902712024533009,2.539959821650502
2018-06-25,2.3603223867463465,-0.012277346437500473,2.4068597182364844
2018-06-26,2.3692140390323337,0.0037671346659741956,2.4398893816443405
2018-06-27,2.3512717121599263,-0.007573113520691311,2.576061588380524
2018-06-28,2.3616231047997593,0.004402465519531118,2.474859094647195
2018-06-29,2.360170126516109,-0.0006152456252217774,2.6127033544807494
2018-07-02,2.3686627679850645,0.0035983174998879155,2.6233043522815196
2018-07-03,2.3528970906860787,-0.006655940014794559,2.589488851934467
2018-07-05,2.369368434626703,0.007000452338449582,2.6287206453339946
2018-07-06,2.3913086049183976,0.009259923434048434,2.8412509812269997
2018-07-09,2.4137434210896376,0.009381815515193992,2.81514364273829
2018-07-10,2.42352303631714,0.004051638273585545,2.7710139415470305
2018-07-11,2.3911782377213355,-0.013346189869503481,2.630047776523703
2018-07-12,2.41733644690965,0.010939464392767962,2.615251186291042
2018-07-13,2.4024180303240077,-0.006171427483631528,2.542694938714513
2018-07-16,2.411440602859125,0.003755621386965906,2.5027162520152593
2018-07-17,2.425011708649544,0.005627800151630502,2.5528705603872157
2018-07-18,2.431652914577239,0.002738628396723753,2.5224414953336316
2018-07-19,2.4190987332017575,-0.005162817974646742,2.4361673931196846
2018-07-20,2.4143796639655295,-0.0019507551186148085,2.397363805253533
2018-07-23,2.4197019009912566,0.0022043910927354695,2.444272291586275
2018-07-24,2.420892267197511,0.0004919474608698893,2.4345233408378304
2018-07-25,2.4359033138305133,0.006200625627334981,2.393195809455491
2018-07-26,2.437171208973143,0.0005205030657131136,2.374205164052645
2018-07-27,2.429644434807719,-0.0030883239296903083,2.3793623047595984
2018-07-30,2.4157580043412845,-0.005715416736495936,2.3602773675127677
2018-07-31,2.4137495854509736,-0.0008313824839664096,2.4152740524041088
2018-08-01,2.40828235055493,-0.002265038150186662,2.3476574963727543
2018-08-02,2.43209307205336,0.00988701407579705,2.4338226112028556
2018-08-03,2.440028430127589,0.0032627690796098955,2.4777622146899274
2018-08-06,2.454519146894369,0.005938749150567059,2.463569965152064
2018-08-07,2.4653322370654975,0.004405380249247689,2.466094862474744
2018-08-08,2.4681112307142343,0.0011272288606604566,2.5011602749666535
2018-08-09,2.4606012315768417,-0.0030428122703445542,2.502941852695276
2018-08-10,2.4452878476723283,-0.006223431780817192,2.8197065501148377
2018-08-13,2.431429520520906,-0.00566736025151974,2.740971576689503
2018-08-14,2.4442556450003954,0.005275137268524036,2.6351130317005955
2018-08-15,2.4167887601951747,-0.011237320802103089,2.548191415432433
2018-08-16,2.4288319199658654,0.004983124702101934,2.5700713395674386
2018-08-17,2.425783106822618,-0.0012552590066794063,2.7123459354015957
2018-08-20,2.4336373578519157,0.0032378208122595172,2.7446413959571387
2018-08-21,2.4509380927299005,0.007109002835679479,2.7975749696017997
2018-08-22,2.454920893954425,0.001625010944315075,2.73011017919649
2018-08-23,2.452605109602924,-0.0009433234110328441,2.7237758137459465
2018-08-24,2.476476805367041,0.009733199882300453,2.794754233811993
2018-08-27,2.5004885840867286,0.009695943312551723,2.853892378766185
2018-08-28,2.5057858402235866,0.002118488430849195,2.8689823241134222
2018-08-29,2.5157293555832214,0.003968222343672993,2.8938843986930194
2018-08-30,2.5035442893943562,-0.004843552094275344,2.755714181013703
2018-08-31,2.5028590343439796,-0.0002737139715401341,2.6912659564036847
2018-09-04,2.497683646221453,-0.002067790495393628,2.6079463192966243
2018-09-05,2.4581292619444546,-0.01583642681763848,2.61364335279466
2018-09-06,2.4045415642740746,-0.02180019517280812,2.361290290357629
2018-09-07,2.403869284979437,-0.0002795873045516194,2.3739997373877224
2018-09-10,2.432255429063046,0.011808522310667936,2.6080809193456536
2018-09-11,2.4420671587681273,0.004034004647637288,2.4789983718406288
2018-09-12,2.443188332829755,0.00045910861116259824,2.4001734886271775
2018-09-13,2.454041179361859,0.004442083480127694,2.39318971518866
2018-09-14,2.4700717195213198,0.006532302837570858,2.451732863119754
2018-09-17,2.437475817657137,-0.013196338230413612,2.288920496139526
2018-09-18,2.471741917367911,0.014058026529965746,2.319236616997123
2018-09-19,2.4902387733832967,0.007483328208910336,2.3362377134022023
2018-09-20,2.530087650735079,0.016002030719986994,2.421557949181527
2018-09-21,2.5123966382018748,-0.006992252828894843,2.4044070999679388
2018-09-24,2.4958288528510533,-0.006594414710998535,2.319429799437786
2018-09-25,2.4938845502956712,-0.0007790207862853999,2.433274875047634
2018-09-26,2.4679279002426617,-0.010408120155334474,2.3403268941422266
2018-09-27,2.4747699374170966,0.00277238130569458,2.243444968411201
2018-09-28,2.4565595705751893,-0.0073584079742431635,2.159081440967004
2018-10-01,2.4895174751582183,0.013416285514831544,2.1750558741892267
2018-10-02,2.4754369622216115,-0.005655920505523682,2.08173833704255
2018-10-03,2.50272330076102,0.011022837162017822,2.094273166677092
2018-10-04,2.4549545075868076,-0.019086725711822506,1.974218631601764
2018-10-05,2.3972236527360233,-0.023516058921813965,1.6929613992349215
2018-10-08,2.3729538711013904,-0.010124120712280275,1.58974560378759
2018-10-09,2.3583203753249826,-0.006166784763336182,1.5717733434493126
2018-10-10,2.2826167151833716,-0.032100668311945905,1.2695341068290966
2018-10-11,2.2474314283799943,-0.015414452443695046,1.1098973245728219
2018-10-12,2.2773205361031437,0.013299230110301558,1.2665937354243217
2018-10-15,2.270994994662645,-0.002777624554917803,1.2017562919863132
2018-10-16,2.3099099491982504,0.017135640821342328,1.2656671763853244
2018-10-17,2.309665723447545,-0.00010572955486435552,1.2612425591417682
2018-10-18,2.2786063334499675,-0.01344756935268372,1.1396438348341662
2018-10-19,2.2655416867925022,-0.005733612895600394,1.114888498241178
2018-10-22,2.2668978833920708,0.0005986191326669218,1.046150706576523
2018-10-23,2.2643906075062374,-0.001106038302034889,1.0853260532735811
2018-10-24,2.201300585463915,-0.0278618105167832,0.8157813080117315
2018-10-25,2.2357824077205524,0.01566429522816437,1.1231332989734037
2018-10-26,2.212180003251915,-0.010556664363729576,0.9918690340849287
2018-10-29,2.1983533146601224,-0.00625025475841365,0.8297164811007646
2018-10-30,2.2226106067049956,0.011034300939302551,0.9638771992920753
2018-10-31,2.250733388488385,0.012653040392478472,1.0193088724389952
2018-11-01,2.2742393008206983,0.010443668029512833,1.1138704353736957
2018-11-02,2.2668075835617203,-0.0032677815638380886,1.0699104644616275
2018-11-05,2.262397098520401,-0.001945681262628044,1.0168976124967533
2018-11-06,2.2691817185929324,0.0029988634961423334,1.024403092285331
2018-11-07,2.2926580934873724,0.010345744768734101,1.1514461193172878
2018-11-08,2.2851793076566262,-0.00326205894022785,1.1124944943910382
2018-11-09,2.2689421923810946,-0.007105400972750083,1.1021340964011246
2018-11-12,2.240866834930574,-0.012373764983874453,0.9876258241772454
2018-11-13,2.2457388562077876,0.0021741681394309106,0.996595573687627
2018-11-14,2.2391059254764243,-0.0029535627942794862,1.0034521615970118
2018-11-15,2.2570801950884034,0.008027431577697598,1.081686538406812
2018-11-16,2.2511916673877606,-0.0026089138141644425,0.9582250645508846
2018-11-19,2.226717498112256,-0.010871650615117977,0.852719444096612
2018-11-20,2.2083275009494603,-0.008258792225949815,0.7565321073388073
2018-11-21,2.21529987845601,0.0031573113605441526,0.7319486258452531
2018-11-23,2.2090895134001336,-0.002803397010162292,0.7234936753974269
2018-11-26,2.2334116707428953,0.011010037028932274,0.7725600763844579
2018-11-27,2.237445590479191,0.0018061693637312153,0.8338863933226799
2018-11-28,2.263558233540145,0.011670738797881358,0.8224259077862878
2018-11-29,2.261114405971865,-0.001079639804299569,0.8868301983317128
2018-11-30,2.26962786304599,0.0037651598042274474,0.8787715383870204
2018-12-03,2.2868290803344435,0.00757887121872408,0.9532284716860233
2018-12-04,2.246545026653393,-0.0176156819184575,0.8599096605793827
2018-12-06,2.245972263547322,-0.0002549528717544755,0.8992582764213101
2018-12-07,2.2195661044046475,-0.011757117205431471,0.8191230510941723
2018-12-10,2.223399406367003,0.001727050144957785,0.7704462661323391
2018-12-11,2.2235970653341393,8.889944225528135e-05,0.7366484808022825
2018-12-12,2.231305171297592,0.0034665030295378987,0.7072263705381016
2018-12-13,2.230770105993003,-0.00023979924909956038,0.6987094363110331
2018-12-14,2.2132737002571017,-0.00784321328714992,0.636768244796398
2018-12-17,2.195128252301219,-0.008198465446806212,0.6000634489745293
2018-12-18,2.196454299412935,0.0006040863946450196,0.5276929139867549
2018-12-19,2.1803832079252383,-0.0073168339955864475,0.3763569366915826
2018-12-20,2.1655415299492415,-0.006806912620703608,0.36283946921922144
2018-12-21,2.1460123528056254,-0.00901814944369767,0.3066747851834314
2018-12-24,2.1195357483764368,-0.012337582490880773,0.2242314235946991
2018-12-26,2.1602013409558465,0.019186084787935122,0.36395138555176
2018-12-27,2.1642474773806475,0.0018730367156473229,0.40309130164716306
2018-12-28,2.1667535855426445,0.0011579582225181393,0.4140885968587797
2018-12-31,2.172882217477429,0.00282848588583253,0.416532735169405
2019-01-02,2.1811118637272564,0.0037874331998452686,0.5158931860234924
2019-01-03,2.1606708022799945,-0.009371853772016353,0.18428839231866093
2019-01-04,2.1908825223097366,0.013982565043162469,0.13777407662628374
2019-01-07,2.2023736161571708,0.005244961211028167,0.07336752555626491
2019-01-08,2.2075784776769853,0.0023632963461016504,-0.041477369034078816
2019-01-09,2.214100658934689,0.002954450464006755,-0.09267710945222882
2019-01-10,2.216305930803681,0.0009960124712906542,-0.0422418788790799
2019-01-11,2.218453328880572,0.0009689086903774044,-0.03914268141081175
2019-01-14,2.215025813244382,-0.0015450023633896309,-0.17589885861416302
2019-01-15,2.2202350622123976,0.0023517779959346743,-0.2212967989992549
2019-01-16,2.220979891958646,0.0003354733734841726,-0.16710955913569353
2019-01-17,2.2256858779926154,0.0021188782712569477,-0.3086474980090428
2019-01-18,2.238023084804104,0.005543103334337454,-0.2630666632790822
2019-01-22,2.2247867090042868,-0.005914316027252083,-0.40685381500621526
2019-01-23,2.224432129770316,-0.00015937673150226615,-0.5375212336259775
2019-01-24,2.240545420002898,0.007243776969830895,-0.5793191771086986
2019-01-25,2.2493933116049076,0.003948990064213101,-0.5327464685338991
2019-01-28,2.238542916625291,-0.004823698427321706,-0.5246026994341145
2019-01-29,2.2351071417853148,-0.001534826433060283,-0.7667513863039852
2019-01-30,2.2519754754881802,0.0075469910983291125,-0.6390252249216901
2019-01-31,2.2582492197703776,0.002785884815569475,-0.4230006091208218
2019-02-01,2.2614758094917295,0.001428801433032403,-0.4470714169092991
2019-02-04,2.26778132889566,0.002788232081663227,-0.3843053127120722
2019-02-05,2.2733606265268684,0.002460244980465361,-0.19906904409306414
2019-02-06,2.273217084967988,-6.31406901331495e-05,0.04373575394316196
2019-02-07,2.263863220055611,-0.004114813747543671,-0.12472521396309079
2019-02-08,2.2639676505425514,4.6129327079189686e-05,-0.0853494137746253
2019-02-11,2.266242744553441,0.0010049145403401764,0.11262904462206749
2019-02-12,2.279024072747898,0.005639876057044264,0.08038213001775057
2019-02-13,2.2817801002052285,0.0012093015998761072,0.013533119508645684
2019-02-14,2.2805299778414807,-0.0005478715339988899,-0.011437280928198361
2019-02-15,2.288875574907514,0.0036594989529286927,-0.08478463140339337
2019-02-19,2.2960637766990493,0.0031404947784573413,-0.11730626983109223
2019-02-20,2.2992032314581063,0.0013673203640583913,-0.08748248787616533
2019-02-21,2.2954334678961783,-0.0016395956261497698,-0.09171041227291377
2019-02-22,2.302921665800384,0.0032622151802417904,-0.02726554740927129
2019-02-25,2.3076376012660886,0.002047805418542178,-0.016285542628638947
2019-02-26,2.307025156387243,-0.00026539907241490647,-0.0939379175509732
2019-02-27,2.307381301159915,0.00015437403085357605,-0.15639514260308326
2019-02-28,2.305273117628288,-0.000913669331794923,-0.10863904943497683
2019-03-01,2.310977457084355,0.002474474461375637,-0.05614128083102226
2019-03-04,2.3048568572474526,-0.0026484896328780065,-0.016849312776197136
2019-03-05,2.300723465474668,-0.0017933399029909682,-0.07294282042026651
2019-03-06,2.2816171146655617,-0.008304496866234488,-0.20298691421988685
2019-03-07,2.265103991181469,-0.00723746476915468,-0.2906421436892905
2019-03-08,2.26800413533226,0.0012803580595335128,-0.28332516768340554
2019-03-11,2.304004385515271,0.01587309724095244,-0.16045049045445578
2019-03-12,2.3124427699002696,0.0036624862513493866,-0.20183072080327513
2019-03-13,2.3324513370432136,0.008652567494159793,-0.14561364292067697
2019-03-14,2.326021194463318,-0.002756817464002178,-0.1255003553453659
2019-03-15,2.3391801975567654,0.005657301457428765,-0.06779892486860604
2019-03-18,2.346253303203889,0.003023754071837519,-0.039934153342438106
2019-03-19,2.357668963217082,0.004865484897817574,0.004882293948301295
2019-03-20,2.352403091447611,-0.0022335076940935704,0.061777371086316465
2019-03-21,2.3825663769100713,0.012822328610314144,0.16178218971138483
2019-03-22,2.3314145830097663,-0.021469199933327125,-0.035788747322264676
2019-03-25,2.326087360567142,-0.0022849743162139586,0.055455867637039226
2019-03-26,2.3467875820057245,0.008899159072656338,0.23835870239272353
2019-03-27,2.3302510155186944,-0.007046469230460467,0.07908747351234967
2019-03-28,2.339923307879542,0.004150751269469899,0.22015162123431065
2019-03-29,2.362572375280495,0.009679405869706734,0.34054469733554366
2019-04-01,2.407621518622444,0.01906783631828464,0.425357239845997
2019-04-02,2.405718230244486,-0.000790526402607859,0.5200979454424666
2019-04-03,2.4259279354077,0.008400695022858097,0.543512157413927
2019-04-04,2.4275366368446374,0.0006631282873069935,0.4994467209874761
2019-04-05,2.434209637320664,0.002748877349468106,0.499145536455287
2019-04-08,2.4392493810078175,0.002070381946519927,0.6028757671040633
2019-04-09,2.412341127384349,-0.011031366383846681,0.4951671002486431
2019-04-10,2.4339237016818833,0.008946733964170157,0.48265356460826636
2019-04-11,2.4361960834473213,0.0009336290056537274,0.5074440413665235
2019-04-12,2.474882251848566,0.015879743286715185,0.5974777531130898
2019-04-15,2.471355969033809,-0.0014248285194670804,0.6106979258619353
2019-04-16,2.513639607102808,0.01710948912209102,0.7282182839080228
2019-04-17,2.533614366547856,0.007946548657415032,0.7413631030737126
2019-04-18,2.526680149079126,-0.0027368874917527964,0.7105738718832363
2019-04-22,2.5354664907845414,0.003477425391028249,0.7594910282925073
2019-04-23,2.5600043438280173,0.00967784552967332,0.8539605759077078
2019-04-24,2.5530497113127955,-0.0027166487166278234,0.8459508350066578
2019-04-25,2.5364494686828323,-0.0065021227578945595,0.8416613301278154
2019-04-26,2.5542771422472104,0.007028594018723426,0.9017105835275285
2019-04-29,2.5743821371239535,0.007871109420434577,0.8949967264854223
2019-04-30,2.577341352297623,0.0011494855915120032,0.9023831147451927
2019-05-01,2.543120480860615,-0.013277585992441927,0.8167844943803997
2019-05-02,2.55629567029826,0.00518071775867511,0.8449420616653043
2019-05-03,2.601240116425684,0.017581865294236623,0.999212137818744
2019-05-06,2.5665043474562523,-0.013353541931823382,0.888608021082254
2019-05-07,2.486203249890835,-0.03128812060848695,0.5763152240497604
2019-05-08,2.4754618437631386,-0.004320405472950706,0.5176626449254247
2019-05-09,2.444259292505055,-0.012604739328419602,0.40548370546488666
2019-05-10,2.4501963167959153,0.0024289666440320996,0.38104600236757685
2019-05-13,2.3951400160733254,-0.02247015896039975,0.16417018054147936
2019-05-14,2.418293952702996,0.009667049305797898,0.23537061285378058
2019-05-15,2.4291033630942636,0.004469849655450453,0.26069949954210814
2019-05-16,2.441471657566928,0.005091711888665537,0.32194510367304663
2019-05-17,2.4229236187267618,-0.007597073176204974,0.23381718440099233
2019-05-20,2.400583477055857,-0.009220324362781265,0.17787360482000755
2019-05-21,2.4221500853770515,0.008983902675046453,0.2683416502773159
2019-05-22,2.409739276248379,-0.005123881135029068,0.2016465484682357
2019-05-23,2.3808599336771046,-0.011984426222340304,0.12037820595539145
2019-05-24,2.3801522691707437,-0.0002972306334996289,0.09848541013257105
2019-05-28,2.372486424485957,-0.0032207370864795384,0.07617464828472209
2019-05-29,2.3628517238619176,-0.004061014016603785,0.045277966223047625
2019-05-30,2.3642017003637066,0.0005713335661972238,0.08035875118225033
2019-05-31,2.3362965103135798,-0.011803218839506736,-0.05811036342698475
2019-06-03,2.331425456515873,-0.002084946742078117,-0.04493861528181397
2019-06-04,2.3794879059901795,0.020615048763399806,0.04660420608957721
2019-06-05,2.384482009521456,0.0020988144208274277,0.034468574813692116
2019-06-06,2.3976367433987935,0.005516809866800936,0.058933836590920274
2019-06-07,2.4103927244471484,0.005320230882962008,0.054664819239505974
2019-06-10,2.424993615069973,0.006057473736431653,0.12035082682490084
2019-06-11,2.431585204948024,0.002718188549894758,0.12500172709060192
2019-06-12,2.4160590439987546,-0.006385201274327254,0.07165113938890427
2019-06-13,2.4266414696523717,0.004380036025983072,0.09173822193055434
2019-06-14,2.4164094032991907,-0.004216554641937646,0.07341086133940472
2019-06-17,2.4202617452128377,0.0015942422291468981,0.07626976028068119
2019-06-18,2.4439248783836858,0.009777096720076997,0.1533076257499876
2019-06-19,2.4472555113681427,0.0013628213427983064,0.16878214856423307
2019-06-20,2.4619101094081537,0.005988176539775619,0.2504673793929266
2019-06-21,2.4598684499345587,-0.0008292989519774353,0.2300061179551663
2019-06-24,2.4520892937749257,-0.0031624277143112852,0.2548356287711532
2019-06-25,2.43104354459071,-0.008582782542888705,0.1946518321042048
2019-06-26,2.445230709338344,0.00583583324914166,0.3292809364513596
2019-06-27,2.4564596207931473,0.004592168506603475,0.33532308202449257
2019-06-28,2.468485575413405,0.004895645146560383,0.4279875420955846
2019-07-01,2.4819780515477814,0.005465892233183022,0.43574107285268077
2019-07-02,2.4823818421989254,0.00016268904992624612,0.44150752280122957
2019-07-03,2.4911772377131327,0.003543127557852448,0.4411034811709533
2019-07-05,2.4893073559282666,-0.0007506016659748896,0.48543321914392923
2019-07-08,2.4801822510226565,-0.0036657204599016323,0.4067262004222834
2019-07-09,2.4965367050583387,0.0065940533317413496,0.3873913152191434
2019-07-10,2.516348926664541,0.007935882362978992,0.376908450781445
2019-07-11,2.518508480914868,0.0008582093792493512,0.3533199286270272
2019-07-12,2.5409117296643617,0.008895443044668848,0.5202303350474052
2019-07-15,2.542885488146264,0.000776791440198169,0.4458687001113996
2019-07-16,2.5269101632344495,-0.006282361115466545,0.44502107472411306
2019-07-17,2.500909313139167,-0.010289582302364679,0.3390438480573826
2019-07-18,2.5091179290066408,0.0032822525088564715,0.32172750271157674
2019-07-19,2.496274658150925,-0.005118639784619727,0.26293046220389865
2019-07-22,2.5292186157332908,0.013197248738153066,0.3983193451286927
2019-07-23,2.550338763837378,0.00835046364624507,0.4740578407262371
2019-07-24,2.588353335684642,0.01490569503404547,0.5650108055951277
2019-07-25,2.55342943610415,-0.013492709476333653,0.4595126035293585
2019-07-26,2.589935103750384,0.01429672076700567,0.5166718095890819
2019-07-29,2.5673080315172405,-0.00873654023237034,0.4480782641781785
2019-07-30,2.5628019846255765,-0.0017551641004296984,0.4578832372116233
2019-07-31,2.5153234928180326,-0.018526008678146234,0.36145348595394694
2019-08-01,2.471025584001733,-0.01761121738129608,0.2381720001425204
2019-08-02,2.4358873893728847,-0.014220085318559663,0.15165622445469223
2019-08-05,2.343343621297731,-0.037991808849168036,-0.183784278608396
2019-08-06,2.3561527375932463,0.005466170722508708,-0.168495477889806
2019-08-07,2.353987653815592,-0.000918906377803904,-0.21599572877147816
2019-08-08,2.386448860385064,0.013789879703428178,-0.15057167864934445
2019-08-09,2.3751556045072864,-0.004732242984647748,-0.1907788908895836
2019-08-12,2.353377623169513,-0.00916907561611784,-0.23248873681796353
2019-08-13,2.37586792260535,0.009556604607103886,-0.12404046583208311
2019-08-14,2.329407622506685,-0.019555085388634305,-0.217447920529391
2019-08-15,2.322393942111805,-0.0030109287559266767,-0.2739096590942681
2019-08-16,2.3504417297590656,0.012077101622886723,-0.1152765571633358
2019-08-19,2.370197751859695,0.008405237981651464,-0.09191723181039362
2019-08-20,2.3605260205323386,-0.004080558814034812,-0.11106349669551785
2019-08-21,2.36916633307013,0.003660333528474534,-0.10818817928762134
2019-08-22,2.3701670670785617,0.0004223992188573025,-0.15375427755152588
2019-08-23,2.331912445629841,-0.016140052733022287,-0.2728821442507322
2019-08-26,2.3457609354179265,0.005938683424430565,-0.22619992697628455
2019-08-27,2.3392947200901233,-0.0027565534194777014,-0.31115626328068613
2019-08-28,2.349170435739362,0.004221663719592423,-0.34881186121555857
2019-08-29,2.367092415766685,0.007629067586866017,-0.3110706105263746
2019-08-30,2.3691108736867874,0.0008527161451990307,-0.33227919187046
2019-09-03,2.357285814788561,-0.004991348876730393,-0.3332691693866163
2019-09-04,2.377846592560428,0.008722225214642252,-0.27187224658246695
2019-09-05,2.402568342849812,0.010396696896566289,-0.18718089541005142
2019-09-06,2.397671143938271,-0.0020383182547608673,-0.09468921313128996
2019-09-09,2.4106334100078364,0.005406190128423596,0.09068157833505167
2019-09-10,2.4162318389719593,0.0023223891865435317,0.10849163849373177
2019-09-11,2.4299534175171855,0.0056789163704855945,0.06667732868060258
2019-09-12,2.429876215093743,-3.177115367145787e-05,0.03877594504389014
2019-09-13,2.430522445578219,0.0002659520186509596,0.03744932707753265
2019-09-16,2.432003111012878,0.0006091963632561836,0.011127358812414875
2019-09-17,2.4293416979878515,-0.0010943296137142817,-0.04132225606516741
2019-09-18,2.4250754300512805,-0.001756141567118523,0.03752242583708541
2019-09-19,2.4256262056933373,0.00022711691159430425,-0.0582776840473264
2019-09-20,2.4157150906123808,-0.004086002640346578,-0.13869767389415094
2019-09-23,2.4159250884842707,8.692990026270921e-05,-0.25082291767581977
2019-09-24,2.392692175441317,-0.00961657013029725,-0.2688861106852267
2019-09-25,2.4222502165072783,0.012353465844602266,-0.13620020882359002
2019-09-26,2.413703437909899,-0.003528445797686055,-0.15530317203512548
2019-09-27,2.3951666215682983,-0.007679823482230424,-0.1364715073190984
2019-09-30,2.403315866195192,0.0034023706549309108,-0.13206774586095485
2019-10-01,2.368100535933228,-0.014652809793876573,-0.1822009164357021
2019-10-02,2.3238374166104196,-0.018691402096813976,-0.40356733632725167
2019-10-03,2.350920364168604,0.011654407216528991,-0.2830997414943058
2019-10-04,2.3752150046880955,0.010334097611206626,-0.28795288410064274
2019-10-07,2.3736242856170877,-0.0006697158227225301,-0.1622634748781088
2019-10-08,2.327862489986321,-0.019279291970536055,-0.13336004294107545
2019-10-09,2.3505980603371226,0.009766715365964346,0.005691404834929122
2019-10-10,2.3549660093157696,0.0018582287854098916,0.06185231238144996
2019-10-11,2.398463729925048,0.01847063627976364,0.42307695679460827
2019-10-14,2.4032876951812114,0.0020112729644296726,0.5505728515033198
2019-10-15,2.4384882250782494,0.014646823169617908,0.5597001280532407
2019-10-16,2.423841591386166,-0.006006440195795228,0.5361692687285262
2019-10-17,2.4356599624817146,0.004875884272944304,0.45152270818302853
2019-10-18,2.4249569657995136,-0.004394290191187157,0.4204041876282688
2019-10-21,2.4631236239371304,0.015739107405162978,0.6296722689522974
2019-10-22,2.4572782137028297,-0.0023731696523445933,0.6543301611407878
2019-10-23,2.466948345693807,0.003935302049662994,0.6781122183228913
2019-10-24,2.480355911810815,0.0054348791454883645,0.7247172286637167
2019-10-25,2.4933148665426415,0.005224635170347538,0.9825169246458694
2019-10-28,2.500650749725028,0.002942220928782666,0.8945841022421367
2019-10-29,2.5006506876134194,-2.4838178173222702e-08,0.9757554772239906
2019-10-30,2.5077397059482798,0.0028348694881595777,1.044210441964927
2019-10-31,2.5000032890795163,-0.003085015901137046,0.942047019473901
2019-11-01,2.5204814674295806,0.008191260563342646,0.9111105787637989
2019-11-04,2.5369815488133898,0.006546400597278007,0.8836010897204053
2019-11-05,2.5401688209864113,0.0012563245383129579,0.9177190323728746
2019-11-06,2.5321012619479317,-0.0031759932536084778,0.9083409439307494
2019-11-07,2.5366289507668895,0.0017881152254846195,0.8994168476231905
2019-11-08,2.5430327995218422,0.002524550842572643,0.8432105107412253
2019-11-11,2.5424822338732516,-0.0002164996254449245,0.8663374072454826
2019-11-12,2.5504512198639806,0.0031343330091195953,0.9443707423734283
2019-11-13,2.5457960297440634,-0.001825241778262966,1.028150878142372
2019-11-14,2.5429911921746315,-0.0011017526685803479,1.0034678882774777
2019-11-15,2.5589882591039546,0.006290649758658175,1.0724894776177798
2019-11-18,2.5615740816945394,0.0010104863050407844,1.021263288178925
2019-11-19,2.560222860660415,-0.0005274963717740435,1.0372209317160774
2019-11-20,2.5559794041185673,-0.0016574559219243194,1.1107183951818982
2019-11-21,2.5601166531887563,0.0016186550891304071,1.1881445825895738
2019-11-22,2.566656466005372,0.0025544979790158855,1.1836622076698746
2019-11-25,2.584604144281763,0.0069926297165603364,1.256969428891827
2019-11-26,2.5836712103092108,-0.0003609581663081975,1.1743545508762427
2019-11-27,2.6031087886766135,0.007523239911426905,1.2162135707612154
2019-11-29,2.583410801909293,-0.007567100865321473,1.0718202784308235
2019-12-02,2.550931666015995,-0.012572191720067872,0.9795990769881142
2019-12-03,2.5303544324200553,-0.008066556180266884,0.8884312553017848
2019-12-04,2.5768639859944535,0.01838064777744042,0.9626748244212424
2019-12-05,2.581947664751105,0.0019728160990574286,1.1199632313581023
2019-12-06,2.6236970086374978,0.016169709578686294,1.2357931346692383
2019-12-09,2.63243964983222,0.0033321840006450662,1.3549074084086996
2019-12-10,2.646564973627692,0.0053658680442578,1.38157019517174
2019-12-11,2.6708157639591192,0.009163119202845791,1.4471404310803726
2019-12-12,2.722176762897422,0.01923045371806804,1.5512811019595127
2019-12-13,2.7019622389995375,-0.0074258674798061705,1.494896865553403
2019-12-16,2.749730220094962,0.01767899654775027,1.6753245705245836
2019-12-17,2.7651219305619086,0.005597534752487512,1.7804693967091902
2019-12-18,2.7727189707097324,0.0027474521336135005,1.796213384099977
2019-12-19,2.793190110264817,0.007383056044026161,1.9067014784828094
2019-12-20,2.81652247832296,0.008353304693582426,2.019680513998564
2019-12-23,2.834950142921394,0.006542701057868363,2.1395058306243837
2019-12-24,2.8414165068230295,0.002280944487782631,2.259600077391005
2019-12-26,2.867478582443587,0.009172212365901,2.2008080604223834
2019-12-27,2.8481362261398995,-0.006745423112176973,2.1321771888871726
2019-12-30,2.8092218042886157,-0.013663118180279167,2.008431496827175
2019-12-31,2.8330941419180116,0.008497847194889245,2.047822376692911
2020-01-02,2.9122230223262404,0.02793019802534998,2.1851381835458668
2020-01-03,2.8707569423166834,-0.01423863477888252,2.142289895581079
2020-01-06,2.8941972263737092,0.00816519284914077,2.1063385981426084
2020-01-07,2.907799959927565,0.004700002276935008,2.102586869116318
2020-01-08,2.928134823789788,0.00699321278714435,2.1345949999556413
2020-01-09,2.952772741802867,0.00841420204182787,2.171647055945178
2020-01-10,2.92190828670362,-0.010452702526778943,2.0806084447885946
2020-01-13,3.0027252753212146,0.027658975124359133,2.2337274610912305
2020-01-14,3.0113477198354297,0.00287153959274292,2.265574478990528
2020-01-15,3.0004645402080734,-0.0036140561103820803,2.221684711490893
2020-01-16,3.0466976822473577,0.015408661365509032,2.317569101170825
2020-01-17,3.0604646777632927,0.004518661499023437,2.3340462641335726
2020-01-21,3.042361641125758,-0.005915126800537109,2.25075947981102
2020-01-22,3.0392557267336753,-0.0010208892822265625,2.2881560078337233
2020-01-23,3.0674822212707724,0.009287304878234863,2.351609312507823
2020-01-24,3.0104621743480737,-0.018588550090789795,2.14907891363584
2020-01-27,2.878807344531718,-0.04373243116561195,1.7302139242325885
2020-01-28,2.9533518170110407,0.025894220612198864,1.9114187100651288
2020-01-29,2.928188887153331,-0.008520126086155235,1.8616670390142154
2020-01-30,2.950800681296574,0.00772210913115827,1.8627313783475867
2020-01-31,2.8601065597617774,-0.030735427882220098,1.60629467958453
2020-02-03,2.9360812714249835,0.02656359477373265,1.7452203774110355
2020-02-04,2.9881807186579077,0.017744552148462316,1.8304773151086409
2020-02-05,3.0011305369086965,0.0043336797436416465,1.8420522440158378
2020-02-06,3.0092870585127622,0.0027178163374617426,1.8596596604121853
2020-02-07,3.005343291794865,-0.001310531910454023,1.878273016770842
2020-02-10,3.0258102309742614,0.006810183460663199,1.9200312942246975
2020-02-11,3.0376627032016894,0.003917123455429617,1.938218408819395
2020-02-12,3.060697967205703,0.007583219815595256,1.9497210617742502
2020-02-13,3.0586189074853305,-0.000679276342405865,1.9376088408141885
2020-02-14,3.0532946535515553,-0.0017407379261094686,1.9298296316235344
2020-02-18,3.0476912290170666,-0.0018352059562842633,1.894884187899187
2020-02-19,3.073947414456316,0.008615106802573765,1.9275978881305078
2020-02-20,3.0633724597000462,-0.00344018726753015,1.896343906895574
2020-02-21,3.0306470324069115,-0.010682810439687527,1.8342493493084069
2020-02-24,2.9502560872760752,-0.026526000643166514,1.6219213014777172
2020-02-25,2.891702688357259,-0.019846886909697884,1.4734798265290132
2020-02-26,2.881329887109537,-0.00358709119353303,1.4524684605782028
2020-02-27,2.8117925511976645,-0.024133764142373223,1.2875214371237371
2020-02-28,2.8158814980760045,0.0014542135679954298,1.3020142426732162
2020-03-02,2.8686271818542948,0.018731499821398517,1.3929209434964323
2020-03-03,2.828592117371199,-0.013956175531048706,1.31939880652824
2020-03-04,2.8724960416892595,0.015521475877852391,1.4185664362210115
2020-03-05,2.8277219396643307,-0.01558717623109352,1.3701481481424986
2020-03-06,2.8039926474557,-0.008391663931230583,1.3627399295294347
2020-03-09,2.716876797149163,-0.03106850169011129,1.148200095903902
2020-03-10,2.760068808989706,0.01589767040075738,1.148329908503016
2020-03-11,2.716917947732198,-0.015633980253304872,1.030189321057404
2020-03-12,2.6399203536629625,-0.028340051319365452,0.8029269053702234
2020-03-13,2.703010790528384,0.0238986137509346,0.9486296259480287
2020-03-16,2.6206407252123105,-0.030473450422286993,0.7304246383103227
2020-03-17,2.6465360273490446,0.00988128662109375,0.7681332271261552
2020-03-18,2.5910369860522064,-0.02097044616937637,0.6181912437347908
2020-03-19,2.6156413708584676,0.009495960474014282,0.6830498614671539
2020-03-20,2.606401093178759,-0.003532700538635254,0.5928837628157776
2020-03-23,2.597525389489197,-0.003405348360538483,0.6992237269558162
2020-03-24,2.6781466432085983,0.03103771537542343,0.8745689778861421
2020-03-25,2.6972302013142113,0.00712565839290619,0.8650536217557153
2020-03-26,2.73234267769597,0.013017975389957429,0.9753115880373612
2020-03-27,2.69785391089612,-0.012622416317462921,0.8798651086382583
2020-03-30,2.7081442908489803,0.0038142836093902578,0.8482898200726432
2020-03-31,2.705435280712095,-0.001000319719314575,0.7408074755428208
2020-04-01,2.659941555728226,-0.016815676689147952,0.6484059921339269
2020-04-02,2.6705729414277735,0.003996849358081818,0.6244381793390497
2020-04-03,2.6626182901835316,-0.00297863095998764,0.6040907786465634
2020-04-06,2.722349640829954,0.022433313429355624,0.7082684704975388
2020-04-07,2.732949294057781,0.0038935679197311403,0.7182267753500798
2020-04-08,2.7650159760386326,0.01173336148262024,0.8439026763809203
2020-04-09,2.7804937822731857,0.005597727596759796,0.8259911876178947
2020-04-13,2.777579284072239,-0.001048194468021393,0.81502009794453
2020-04-14,2.7999241209127437,0.008044716119766235,0.7738813369791618
2020-04-15,2.780333735305798,-0.00699675589799881,0.7424404614750417
2020-04-16,2.7699128647529285,-0.0037480646371841433,0.6295855241107585
2020-04-17,2.80421328091531,0.012383211255073547,0.6533516820582781
2020-04-20,2.7911758051035354,-0.004649245440959931,0.6425910812720946
2020-04-21,2.7675613218980866,-0.008460406959056855,0.5757967077026762
2020-04-22,2.7860862179023167,0.0066935810446739205,0.5596699895196645
2020-04-23,2.7951891678698355,0.003267289400100708,0.5928444036306262
2020-04-24,2.8015593281335796,0.0022789728641510005,0.6419474624315948
2020-04-27,2.816611240319664,0.005372690856456757,0.6329500439609118
2020-04-28,2.8239357547130552,0.00260047048330307,0.6041837060636819
2020-04-29,2.8654914659682587,0.014715529978275299,0.6773798399600928
2020-04-30,2.8519927094762436,-0.004710799753665924,0.7266015137831366
2020-05-01,2.8148730360696486,-0.01301534652709961,0.6241154176071005
2020-05-04,2.8198633606811567,0.0017728418111801149,0.5390468212053315
2020-05-05,2.814843049134646,-0.0017803385853767395,0.6051135666813233
2020-05-06,2.8086975047661156,-0.0021832635998725895,0.7796222742080132
2020-05-07,2.8244183768425093,0.005597210824489594,0.8357776387076403
2020-05-08,2.8494016754665354,0.008845466673374177,0.9589277928422254
2020-05-11,2.8420273670361995,-0.002588019967079163,0.9303512067559188
2020-05-12,2.8242029089071674,-0.0062717404961586,1.0303651471740647
2020-05-13,2.7988332635772935,-0.008982940018177033,0.9235320759352716
2020-05-14,2.811670011214977,0.0045864638686180115,0.9241850682918982
2020-05-15,2.813906950226533,0.0007955908775329589,0.89991651906403
2020-05-18,2.8606331470240662,0.016605452001094815,1.0351903741755502
2020-05-19,2.8488634138467734,-0.004114380478858948,1.0656112337459829
2020-05-20,2.868874984262706,0.0070244050025939945,1.05491504658105
2020-05-21,2.867045200983273,-0.0006378051638603213,1.0811090378779296
2020-05-22,2.8665153060096578,-0.00018482267856597897,1.15158152792799
2020-05-26,2.887848893388256,0.0074423420429229736,1.1950867700448717
2020-05-27,2.9010703650234597,0.004578311443328857,1.239791348060157
2020-05-28,2.885462778007397,-0.005379940867424012,1.2319426757428447
2020-05-29,2.8868453263351,0.00047914266586303686,1.2314137332166182
2020-06-01,2.8999136239903858,0.00452684372663498,1.3281093966814697
2020-06-02,2.9089930014830836,0.003130913078784943,1.3581332505704935
2020-06-03,2.9308957375526603,0.0075293189287185674,1.2903785352268453
2020-06-04,2.9440723306117813,0.004495756328105927,1.3039617033890587
2020-06-05,2.98144917716274,0.01269562780857086,1.3427574169945218
2020-06-08,3.0097810385997508,0.009502714872360228,1.3656175823785588
2020-06-09,2.995295833542137,-0.004812710583209991,1.3029331937942217
2020-06-10,2.9757385067771116,-0.006529347300529479,1.248666228558527
2020-06-11,2.913901289283307,-0.020780460834503175,1.1580047543677086
2020-06-12,2.9423661188209502,0.00976863205432892,1.1874649351413582
2020-06-15,2.9522858399035226,0.0033713415265083316,1.2311226929721344
2020-06-16,2.965596281615174,0.004508520662784577,1.2474889814209003
2020-06-17,2.9553148276108976,-0.003466909527778626,1.1731205348882003
2020-06-18,2.9580063586643406,0.0009107425808906554,1.1705450512449422
2020-06-19,2.949025310574356,-0.0030361828207969665,1.1192462444212974
2020-06-22,2.950030239049577,0.0003407663106918336,1.1259718492815824
2020-06-23,2.953555631896292,0.0011950361728668213,1.1511462470224985
2020-06-24,2.922292772148538,-0.010584821701049804,1.1389384125964837
2020-06-25,2.933158947214954,0.0037183731794357307,1.1271617425603895
2020-06-26,2.91085718223929,-0.007603326439857484,1.0565767599928928
2020-06-29,2.9310106685052717,0.006923557221889495,1.0677810467537487
2020-06-30,2.941431180490315,0.0035552623867988586,1.0571329868625543
2020-07-01,2.9402038662923013,-0.00041725069284439083,1.05380783789695
2020-07-02,2.9429637642193933,0.0009386757016181945,1.0390853223352838
2020-07-06,2.9595553863482595,0.005637725591659545,1.0751471439980926
2020-07-07,2.9453605186717793,-0.004796283841133117,1.0685043961063367
2020-07-08,2.9517362186664493,0.0021646586060523987,1.0437974865973925
2020-07-09,2.94142066941365,-0.003494739532470703,0.9791426977882725
2020-07-10,2.96281832724871,0.007274599671363831,1.0150510899290202
2020-07-13,2.9501507757704495,-0.00427550733089447,0.940583274784714
2020-07-14,2.9566613275927867,0.002206853926181793,0.9487089125502701
2020-07-15,2.9808033971894523,0.008165314495563507,1.031047648931297
2020-07-16,2.9687199857364055,-0.004053743183612823,1.0683508082586648
2020-07-17,2.964288999495445,-0.0014925578236579895,1.0410839168990211
2020-07-20,2.968438316364516,0.001399767994880676,1.0789412881298945
2020-07-21,2.9729425012448685,0.001517358422279358,1.0147135827405964
2020-07-22,2.9753026712504385,0.0007938835024833681,0.972323408972271
2020-07-23,2.9652792836754105,-0.0033688631653785704,0.8701291850669632
2020-07-24,2.9580792427696565,-0.002428115606307983,0.936784762206611
2020-07-27,2.9609286490425033,0.0009632623195648195,0.8624713246147788
2020-07-28,2.959060097159085,-0.0006310695409774779,0.910743240483813
2020-07-29,2.96810785406132,0.0030576455378253657,0.9386642067478781
2020-07-30,2.960457197839756,-0.0025776206922857566,1.0374674794394823
2020-07-31,2.957521657343414,-0.000991583495442518,1.1409858353639966
2020-08-03,2.964698073915791,0.002426496710364925,1.2435032541340796
2020-08-04,2.975518130654924,0.0036496319251969494,1.5294703667859977
2020-08-05,2.983589540258568,0.0027126064265882116,1.513272745322619
2020-08-06,2.9893325295752433,0.001924859046186907,1.5305730415750856
2020-08-07,2.987763310633546,-0.0005249395730223105,1.4481886454293422
2020-08-10,2.999476632360146,0.00392043161013167,1.5014033612680395
2020-08-11,2.992076190460901,-0.00246724439170652,1.544736015253288
2020-08-12,3.0005312848623378,0.0028258285762885857,1.5057178188497886
2020-08-13,2.9960969745358748,-0.0014778417238421595,1.6285619966370621
2020-08-14,2.9977220908007123,0.0005424111030615763,1.6508972533072996
2020-08-17,2.9977694514830397,1.579889025498062e-05,1.5803897829607605
2020-08-18,2.997135894862019,-0.00021134267703864826,1.5288699879778302
2020-08-19,2.9935213097195486,-0.0012060130969259444,1.5472058201497538
2020-08-20,2.9956896309260888,0.0007243379893438217,1.5293036264309556
2020-08-21,2.9938273107287285,-0.0006216666032870614,1.5227981210425412
2020-08-24,3.0323209103639748,0.012857655315421851,1.706706958376648
2020-08-25,3.036494505406907,0.0013763698389135943,1.6792372383733967
2020-08-26,3.0457148240580154,0.00303650101611932,1.7154520194881866
2020-08-27,3.058002954871674,0.004034563812933149,1.7143310248039358
2020-08-28,3.0877439722423334,0.009725633954434078,1.7262596790089872
2020-08-31,3.075479486517061,-0.003971989204910054,1.695578452607612
2020-09-01,3.093168059314802,0.00575148456534594,1.7625374954633428
2020-09-02,3.11894597764682,0.008333824039851452,1.7603285473497485
2020-09-03,3.0585077211293226,-0.019377782414524865,1.5662426873066058
2020-09-04,3.053748872317193,-0.0015559381391303828,1.5692884569259262
2020-09-08,2.992605236984783,-0.020022483147415376,1.4018600290017413
2020-09-09,3.0142463652790057,0.007231534592924561,1.4307961366132933
2020-09-10,2.9748815798587733,-0.013059577967373167,1.3123996085278615
2020-09-11,2.9777681059658647,0.0009702994991915699,1.3185070232787743
2020-09-14,3.02327679389742,0.015282817973763704,1.4043990834153814
2020-09-15,3.029234899868438,0.001970744452855024,1.4126145032169728
2020-09-16,3.0399872778106865,0.003549535872148911,1.4406509857388945
2020-09-17,3.0297105617206626,-0.0033805128610356694,1.4305208590860956
2020-09-18,3.013719455949125,-0.005278096849771592,1.3962363968039573
2020-09-21,2.9849701733642044,-0.0095394687545217,1.3611661139523228
2020-09-22,2.9912874351118,0.0021163567408365516,1.3733985263387924
2020-09-23,2.9533233906142216,-0.012691540121472698,1.3530067539780357
2020-09-24,2.955420199636661,0.0007099828718736227,1.2858897504887488
2020-09-25,2.9796106359993977,0.008185108962072571,1.3558388107320138
2020-09-28,3.0071247255130995,0.009234122465962146,1.458134655335041
2020-09-29,2.9941749451430466,-0.004306366230899621,1.4110147869290013
2020-09-30,3.0014020347743697,0.0024137165542201067,1.520784410569209
2020-10-01,3.009318190190658,0.0026374858564668026,1.6620097208611113
2020-10-02,3.0017060693476822,-0.0025295167748590427,1.5782993902678446
2020-10-05,3.027802238313201,0.00869377892525973,1.5690794703909507
2020-10-06,2.9807321880092457,-0.01554594606884826,1.4705458691516367
2020-10-07,3.042107319311916,0.02059062251535624,1.7144210160394726
2020-10-08,3.089367758714146,0.01553542805745574,1.7452807138989102
2020-10-09,3.094029965603872,0.001509113596649456,1.743170039906105
2020-10-12,3.116299502267136,0.007197582735407537,1.6828599923748122
2020-10-13,3.0819188174869905,-0.011032535465584501,1.5988126844580488
2020-10-14,3.0660592913451836,-0.00514599088458109,1.482278317915517
2020-10-15,3.076487901161539,0.0034013072890642835,1.5410082964645184
2020-10-16,3.0610469656729973,-0.0050190138835623736,1.47991362175197
2020-10-19,3.0323313131011367,-0.00938099052183186,1.4473130952398652
2020-10-20,3.062205805657857,0.009851988279660615,1.4150621523415976
2020-10-21,3.0306480962257685,-0.01030554816850695,1.363578420452097
2020-10-22,3.094599261165935,0.021101481567526375,1.4576377588883638
2020-10-23,3.098804827114027,0.00135900179414732,1.4334529188113299
2020-10-26,3.0133895712585446,-0.027563935330199806,1.2170381604100804
2020-10-27,2.980828494777888,-0.010805465310964654,1.1322242763709438
2020-10-28,2.875180719400282,-0.03544241997239701,0.9001542611065616
2020-10-29,2.9289939388701556,0.018716465057924674,0.987375904191921
2020-10-30,2.9140930076321694,-0.005087388894950821,0.975450455057771
2020-11-02,2.950498855565912,0.012493028821795827,0.9989956212145826
2020-11-03,2.998435140838576,0.016246840829046812,1.051508106182178
2020-11-04,3.03506212998516,0.012215368159119201,1.1123092068825151
2020-11-05,3.105516472598625,0.023213476230817657,1.25418314788467
2020-11-06,3.108002081197062,0.0008003849344766935,1.2485590390441532
2020-11-09,3.262040223434683,0.04956178863892276,1.461984135946431
2020-11-10,3.256417338725575,-0.0017237324876354268,1.4535549946396775
2020-11-11,3.264730650817941,0.002552901310745291,1.4504012754214832
2020-11-12,3.2435558724172795,-0.006485918951799743,1.423709899902499
2020-11-13,3.275158882278175,0.00974332217602396,1.4817590715112638
2020-11-16,3.310873055246119,0.01090456196222816,1.5055292854729632
2020-11-17,3.3177792002982334,0.0020858984735677654,1.511408206988829
2020-11-18,3.3117519332060295,-0.001816657085457034,1.5042019603886085
2020-11-19,3.3269974136081095,0.0046034487816607505,1.5384469653402393
2020-11-20,3.315665231180356,-0.0034061290163324084,1.5104222668904956
2020-11-23,3.3512797627761133,0.010741292957093569,1.5532084362412242
2020-11-24,3.3897968963839857,0.01149326118210005,1.5761354624758546
2020-11-25,3.3988771489391287,0.0026787010646064026,1.5927653169092308
2020-11-27,3.4050463467089305,0.0018150693595169443,1.5624750608586429
2020-11-30,3.3936128257565357,-0.003357816542921824,1.586842248901948
2020-12-01,3.403942040543966,0.0030437222269536768,1.6770867481278924
2020-12-02,3.421319684164643,0.005105152618256528,1.7513542776745485
2020-12-03,3.4392850170640403,0.0052509951006767695,1.686234771427257
2020-12-04,3.4618674158712706,0.006566015522176023,1.7108759023692732
2020-12-07,3.467014062445556,0.0014866677304538288,1.6353974654704768
2020-12-08,3.4767451305149812,0.0028067576001006966,1.6325363896235852
2020-12-09,3.4576772673003506,-0.0054844006387682305,1.5717877256056938
2020-12-10,3.464533384408496,0.0019828678555352916,1.5335283375455164
2020-12-11,3.451811583872844,-0.003672009798752191,1.4132690774749281
2020-12-14,3.4401922197603385,-0.003366164064919479,1.4370435791709992
2020-12-15,3.454803943140166,0.004247356672658712,1.3678683203601973
2020-12-16,3.4482213909874164,-0.0019053330553879823,1.3261445299088157
2020-12-17,3.454656947561481,0.0018663408883446888,1.3212609126575596
2020-12-18,3.4329107273977386,-0.006294755309667367,1.2444774657170607
2020-12-21,3.4230638268877356,-0.0028683823413804747,1.1824349568844688
2020-12-22,3.3935865874705025,-0.008611361314882042,1.096576946502186
2020-12-23,3.419354374953832,0.007593083841876105,1.1255342166085742
2020-12-24,3.4111830359435977,-0.002389731544085654,1.0618671217146523
2020-12-28,3.4136732145161073,0.0007300043844820658,1.1046986311611415
2020-12-29,3.408641882943639,-0.001473876161043697,1.1767833568867663
2020-12-30,3.4259762722750047,0.005085424027119088,1.1583449655506486
2020-12-31,3.422960649975927,-0.0008802227626273364,1.0080737963444655
2021-01-04,3.3876590178388684,-0.010313186667017875,1.0321240848623923
2021-01-05,3.437109431215901,0.014597222777332405,1.0664244967953294
2021-01-06,3.4618338511742826,0.007193375844782118,1.0801560674044257
2021-01-07,3.5184513553189416,0.016354772233061945,1.1296687217785304
2021-01-08,3.5156868545051254,-0.0007857152294110185,1.078495025635524
2021-01-11,3.522302364306568,0.0018817119030282712,1.1507831144138108
2021-01-12,3.5683294273681643,0.013067323103210541,1.0778398545600325
2021-01-13,3.5677834341260626,-0.00015301088456517068,1.060551606361317
2021-01-14,3.603815359233952,0.010099246709663527,1.1379636088279832
2021-01-15,3.549795093401362,-0.014989742938459793,0.9632354630453699
2021-01-19,3.5890137783137748,0.011048154578081283,0.9991206641635222
2021-01-20,3.6226113416908676,0.009361224406577221,1.0859572500535966
2021-01-21,3.6103650220185717,-0.003380522644358463,1.072223253504986
2021-01-22,3.604514527340381,-0.0016204717923284373,1.0109986460838383
2021-01-25,3.6007188491610442,-0.0010530345072954496,1.1181360540617837
2021-01-26,3.5841869307355614,-0.004591282773809199,1.3893075527322947
2021-01-27,3.5181214424511693,-0.018432489588603558,1.130559315894132
2021-01-28,3.5609059711498015,0.012161185848326813,1.2532945674353027
2021-01-29,3.4975389440538547,-0.017795198078618735,1.0950079048808894
2021-02-01,3.5137266153442117,0.004628303372540634,1.3284404973682646
2021-02-02,3.536850335586388,0.006580967381240217,1.221686234832898
2021-02-03,3.5598722795090287,0.006509165426369045,1.1584631473828315
2021-02-04,3.580945332093296,0.005919609168442734,1.1679112684577586
2021-02-05,3.590379324584642,0.0026344977698475013,1.1674059985325822
2021-02-08,3.652301524626565,0.017246701377182937,1.2751121860869237
2021-02-09,3.642808911653772,-0.00259907702274484,1.2180985291995086
2021-02-10,3.6462686872168457,0.0009497548861279012,1.2001545948837014
2021-02-11,3.641241002569136,-0.001378857423572741,1.146187311710513
2021-02-12,3.665086027001872,0.006548598243266861,1.1897711599988585
2021-02-16,3.6959215390032014,0.008413311931603879,1.250739068845719
2021-02-17,3.706968964851824,0.0029890855993663567,1.2803089324586736
2021-02-18,3.6587882993413285,-0.01299732098308015,1.1453287618221808
2021-02-19,3.721876792134898,0.017243001680345114,1.2656143315174462
2021-02-22,3.7108892136982163,-0.0029521607109350813,1.315453298659439
2021-02-23,3.6978649992370367,-0.003509728722997913,1.475758327423345
2021-02-24,3.7887476086245733,0.02457704902863902,1.746041507838572
2021-02-25,3.6481729104816596,-0.03710320999554429,1.499373434762466
2021-02-26,3.647358717571044,-0.0002231782677505024,1.661779816170589
2021-03-01,3.7543947032677725,0.02934616361727343,1.8047715587537054
2021-03-02,3.730079887591946,-0.006476361064185188,1.6615030759722575
2021-03-03,3.699550334159065,-0.00818469157575877,1.7004916574260924
2021-03-04,3.634547701442563,-0.01757041446802684,1.4974676587505098
2021-03-05,3.6737750972830647,0.010792923649050545,1.6613911503638874
2021-03-08,3.652424813147497,-0.005811538150867671,1.6782323950973617
2021-03-09,3.7218184404761803,0.01899933082233192,2.0068682430513745
2021-03-10,3.7508401759884404,0.007797730054920983,1.9636408556191418
2021-03-11,3.8105697307720177,0.015924313482068613,2.1602224742349057
2021-03-12,3.8435730891309356,0.008661003653181029,2.426047674760387
2021-03-15,3.883267630366745,0.010327510448041151,2.360899743579617
2021-03-16,3.8621803892050863,-0.005430282733221602,2.5686197472776717
2021-03-17,3.8807752727261886,0.004814607720829314,2.5391617827823856
2021-03-18,3.830531468750379,-0.012946847071748641,2.606780705773397
2021-03-19,3.8412136011574516,0.00278868154307516,2.5666957753341095
2021-03-22,3.843396278529115,0.0005682259822797173,2.594610526691059
2021-03-23,3.80120990986881,-0.010976325521252234,2.5385146504299687
2021-03-24,3.777404634367466,-0.006262552204638871,2.3375871679458173
2021-03-25,3.7908383597456883,0.0035563374005526424,2.315536443299563
2021-03-26,3.814445450547877,0.006227406331240205,2.2763976639818573
2021-03-29,3.797855751271131,-0.004349177224270797,2.3392477497990214
2021-03-30,3.808779615280866,0.0028763240957951643,2.3332292293228245
2021-03-31,3.819514878870248,0.0028185573001681453,2.3586898012338997
2021-04-01,3.85029147147159,0.00805772292486667,2.539463966413832
2021-04-05,3.873792424254852,0.006103681489411982,2.552650434510989
2021-04-06,3.878852413256513,0.001306210670964045,2.5823328315362972
2021-04-07,3.881490524841227,0.0006801268271247794,2.4614768500727755
2021-04-08,3.885436147907063,0.001016522658134639,2.442449022270661
2021-04-09,3.8980644052776072,0.0032501518207542135,2.390965369750602
2021-04-12,3.869880296119822,-0.0072302830911737635,2.301535522249911
2021-04-13,3.887378642349518,0.004521676354496195,2.338819607599355
2021-04-14,3.8756909699850848,-0.0030065690635603447,2.265737521521978
2021-04-15,3.89237848693279,0.004305688218420822,2.3451274735624597
2021-04-16,3.8913427784121373,-0.0002660862822384099,2.36989041648054
2021-04-19,3.8495314754313874,-0.010744698003143016,2.2125618466955435
2021-04-20,3.776387194194734,-0.01900082690672298,2.097884074346842
2021-04-21,3.8435599584065727,0.01778757334923191,2.2645108918472
2021-04-22,3.789239062025915,-0.014132964483056443,2.1159475837480053
2021-04-23,3.8475052108514007,0.015376741311838407,2.1869179447544274
2021-04-26,3.8825096239754395,0.009097950803370808,2.229057870146238
2021-04-27,3.881628344231379,-0.00022698713703580162,2.1927926816420356
2021-04-28,3.8832166790836706,0.000409192924060457,2.1783766982625807
2021-04-29,3.896907630441006,0.003525672783360088,2.1126313157313064
2021-04-30,3.8756248772902717,-0.005461446656955007,2.107219861964779
2021-05-03,3.8775849966952585,0.0005057557083174581,2.206631000374535
2021-05-04,3.8367733118534613,-0.010525026498859395,2.118320470395079
2021-05-05,3.853393649869777,0.004331853009133699,2.158848356608074
2021-05-06,3.8581015317213816,0.0012217495224665755,2.182005843859465
2021-05-07,3.906870999646718,0.01264079431926643,2.2233533537398333
2021-05-10,3.837942862721921,-0.01764279827284548,2.034749459012284
2021-05-11,3.81249173922593,-0.006631449296235962,2.006130145432854
2021-05-12,3.7165098592627728,-0.02517562962186118,1.856604882010581
2021-05-13,3.7293203753281934,0.0034469210497297237,1.9411037881039923
2021-05-14,3.825472262044305,0.025782683448763725,2.053254755261243
2021-05-17,3.8312914672869516,0.0015211730327740114,2.0579138401117993
2021-05-18,3.8078091602628144,-0.006129083945880415,1.9193559324366913
2021-05-19,3.7874169074477004,-0.005355376794593955,1.9107882894916208
2021-05-20,3.828250129647857,0.010781285292321759,1.932641301001923
2021-05-21,3.834330323260201,0.0015882435594415294,1.94707535937037
2021-05-24,3.883538717968056,0.01283363470521621,2.0251966709168947
2021-05-25,3.864932881193024,-0.004790949215710851,1.9468881062224042
2021-05-26,3.913061694832335,0.012452690672458785,1.9926608032143565
2021-05-27,3.955946361542636,0.010959363806334672,2.0950102068532397
2021-05-28,3.952271679857775,-0.0009289007860632625,2.085833477845366
2021-06-01,4.000526716776698,0.012209443284187356,2.1301970030813626
2021-06-02,4.029224598042804,0.00717352571244118,2.1546105962077227
2021-06-03,3.9887823296706917,-0.010037233563936163,2.0390095554885828
2021-06-04,4.0308493007714175,0.010546319057776012,2.0743147704669185
2021-06-07,4.0335841986784216,0.0006784917279048403,2.0032912620532937
2021-06-08,4.016739386606906,-0.004176139939519516,1.9177643032089704
2021-06-09,3.9824424457210723,-0.008538502896202548,1.891785290522583
2021-06-10,3.98402721229612,0.0003979383498059551,1.9381730799604013
2021-06-11,4.005835557941189,0.00547394495142013,2.1256824666906384
2021-06-14,3.998834676203546,-0.0017476707758918547,2.054285813171391
2021-06-15,3.984943005558575,-0.0034739297244865378,2.0094632542227067
2021-06-16,3.975204593258542,-0.0024438021538698666,1.964602324168018
2021-06-17,3.934920467637902,-0.01013384963605567,1.9174583426148364
2021-06-18,3.868932900618214,-0.0167697333560849,1.7920797154588237
2021-06-21,3.942715465902704,0.019070520781764175,1.9213052124798
2021-06-22,3.9632780934344423,0.005215346557358067,1.951617446311254
2021-06-23,3.9892141110510106,0.006544082197899248,1.9844023308015275
2021-06-24,4.035351206210295,0.011565459730896484,2.12624798805258
2021-06-25,4.063107734346137,0.006878342606989368,2.1452038603782673
2021-06-28,4.045638454637402,-0.0042994872031240075,2.168241989419524
2021-06-29,4.025531490544081,-0.004970034845865464,2.0924416837424507
2021-06-30,4.0587611927230665,0.008254736612306178,2.120408939583902
2021-07-01,4.077234432378065,0.0045514477885811476,2.151580818963137
2021-07-02,4.094827548265184,0.004314963041469769,2.1725974206969823
2021-07-06,4.035025100507572,-0.014604387377179753,2.0348002011509605
2021-07-07,3.989500132977003,-0.011282449649406855,1.9891371961447404
2021-07-08,3.9280867550324956,-0.01539375257488205,1.8685543770863209
2021-07-09,4.027557021457433,0.025322828294843766,2.0268463396413194
2021-07-12,4.032918520222466,0.0013312036891021965,1.9914310712005334
2021-07-13,3.977999727609149,-0.013617630095409977,1.9265436997640146
2021-07-14,3.928129714734115,-0.012536454572611653,1.8290360989817631
2021-07-15,3.880647362933712,-0.012087775926110683,1.700474930772508
2021-07-16,3.7934834762849787,-0.02246117168008763,1.5720469052760344
2021-07-19,3.6993672577807715,-0.024809971914356802,1.4133355223910848
2021-07-20,3.802131365375945,0.027778833631354895,1.5517240703632458
2021-07-21,3.9164286749235737,0.03006137835964203,1.6960654726837714
2021-07-22,3.9007426161471677,-0.004005194547992671,1.6672885234801085
2021-07-23,3.914681081885305,0.003573285168941638,1.708235356941559
2021-07-26,3.960984052849299,0.011828031452742228,1.7884265860172839
2021-07-27,3.9147792424971746,-0.011664982674920768,1.7100227604385512
2021-07-28,3.956356324054778,0.01062054307079705,1.7728620548462943
2021-07-29,3.9813168068661358,0.006308957223998594,1.7910539679005657
2021-07-30,3.927889417806026,-0.013419527169495597,1.7223733329570772
2021-08-02,3.921625953926344,-0.0015946130894848463,1.7188004604542422
2021-08-03,3.9738976327155173,0.01332908324335199,1.7775225257245293
2021-08-04,3.936279165071839,-0.009466390712729993,1.698823472081969
2021-08-05,3.9946338151273637,0.014824825071689108,1.7632116738479011
2021-08-06,4.024955797261971,0.007590678780062485,1.7945554364743914
2021-08-09,4.023568014408625,-0.00034479455756766304,1.7956067513063958
2021-08-10,4.065723387648852,0.01047711212766034,1.8308750498954955
2021-08-11,4.069646235378278,0.0009648584902119883,1.850962102140996
2021-08-12,4.071893547569196,0.0005522131558712951,1.8379888132233924
2021-08-13,4.043254744102124,-0.007033288845227435,1.8043346982209925
2021-08-16,3.995779146774752,-0.01174192583255463,1.7292567077608532
2021-08-17,3.929987157717697,-0.016465371743621053,1.62696443315626
2021-08-18,3.892709052287543,-0.009485554006696099,1.5714734910271904
2021-08-19,3.8283751035763802,-0.016526780667914923,1.4773762799312418
2021-08-20,3.869838684596206,0.010830595199799363,1.5320843556592523
2021-08-23,3.9806868011200573,0.02864411815538443,1.6770472523440152
2021-08-24,4.03438200801236,0.013488930321570192,1.6801686808701612
2021-08-25,4.064662813682278,0.007505686276059283,1.7132408492090851
2021-08-26,4.00402392438453,-0.014918553414474806,1.6069880007104629
2021-08-27,4.091562581139703,0.021862670755302353,1.6949088806398562
2021-08-30,4.0548219856821675,-0.008979600025401876,1.5911748535170236
2021-08-31,4.064114105757769,0.0022916221990537788,1.626267355285963
2021-09-01,4.044868793299631,-0.004735426210320307,1.568204233710319
2021-09-02,4.085820860137826,0.010124448759878868,1.577368894099087
2021-09-03,4.067504614497799,-0.004482880250263695,1.669218835392373
2021-09-07,4.078854451390752,0.0027903685351699675,1.6934099903311115
2021-09-08,4.011206516331158,-0.016585032848261662,1.715972094136244
2021-09-09,4.028376711627707,0.0042805562931359335,1.7003025263616947
2021-09-10,3.9925862550621636,-0.008884585312549289,1.726180876068043
2021-09-13,4.047272333767109,0.0136969060181502,1.7926412576897865
2021-09-14,3.9852563516916613,-0.015322908112220902,1.6210377556280247
2021-09-15,4.0581380922579084,0.01828784252117424,1.7038075799654746
2021-09-16,4.055367469333981,-0.0006827325391448017,1.6805176781267377
2021-09-17,4.024559420491996,-0.007596857516600026,1.6558488322691687
2021-09-20,3.910514032323933,-0.02833735975853001,1.5099489204293108
2021-09-21,3.9115117006575986,0.00025512460137450284,1.5658646143912418
2021-09-22,3.9961300557645014,0.02163315914219978,1.6619665323310098
2021-09-23,4.09202406158736,0.023996717945786117,1.852031022523677
2021-09-24,4.107326695794966,0.0037396246887340073,1.8682254057572638
2021-09-27,4.151508976466101,0.01075694337057911,1.8809538229688778
2021-09-28,4.065211706683103,-0.02078696451632315,1.7086524751278562
2021-09-29,4.053182831313736,-0.0029589788274965844,1.716192896454313
2021-09-30,4.012915664643678,-0.009934702762225378,1.6471343728800898
2021-10-01,4.092007452130879,0.019709307171354117,1.7300580319774725
2021-10-04,4.0585786821892595,-0.008169283739747738,1.698252775494554
2021-10-05,4.105949229534073,0.011671708510345352,1.7127980355573773
2021-10-06,4.089892655640262,-0.003910563184346503,1.7810578568489568
2021-10-07,4.136564912352769,0.011411609213787796,1.7388044483372729
2021-10-08,4.140048259549759,0.0008420869177195448,1.665038269848808
2021-10-11,4.106153491863937,-0.008187046517546568,1.6109540029057998
2021-10-12,4.098880476444999,-0.0017712478194858118,1.5635003388556723
2021-10-13,4.0999557498044465,0.00026233342631634275,1.6275391178717684
2021-10-14,4.1744517777911705,0.01816995902706427,1.7466519120102648
2021-10-15,4.209246557278889,0.00833517341674261,1.7719276645561577
2021-10-18,4.223938738102722,0.0034904538434380778,1.8183926761897231
2021-10-19,4.249186785632943,0.0059773706712330866,1.9032038002281102
2021-10-20,4.282327041056305,0.007799199492809768,1.8930273115568041
2021-10-21,4.281901536881029,-9.936283968891153e-05,1.951568338293836
2021-10-22,4.261233275290837,-0.004826888570923704,1.8214540745420504
2021-10-25,4.31892344131431,0.01353837311794094,1.8831718872578234
2021-10-26,4.3293024460773255,0.0024031462710662004,2.070122039409757
2021-10-27,4.257700508436152,-0.01653890864244212,2.0335768665873974
2021-10-28,4.325352223539251,0.01588926110914919,2.3539885850975413
2021-10-29,4.319453457890764,-0.0013637653868706654,2.2525357753865305
2021-11-01,4.397183494440594,0.0179953406854828,2.372829561331522
2021-11-02,4.396407058732621,-0.0001765756896327524,2.306616141820907
2021-11-03,4.438610452999306,0.009599519267183295,2.274967975169514
2021-11-04,4.466465995649183,0.006275734927595279,2.2450594436382745
2021-11-05,4.515471333665709,0.010971837256628193,2.1897810497597376
2021-11-08,4.557349036315354,0.009274270514667985,2.235236932400997
2021-11-09,4.513539313375295,-0.009612983905985507,1.9727198910547938
2021-11-10,4.423056108443383,-0.02004706254884648,1.8524273684582722
2021-11-11,4.45119161848132,0.00636110176948196,1.873621656530745
2021-11-12,4.487270985860945,0.008105552506394994,1.9581603754938286
2021-11-15,4.4887452179813385,0.00032853645902778793,1.906121762860783
2021-11-16,4.479143819422321,-0.0021389938819774738,1.8333441466464548
2021-11-17,4.462779021167161,-0.003653554990621122,1.7994903421574184
2021-11-18,4.457227076556251,-0.0012440554606394005,1.80289194657646
2021-11-19,4.437326225288793,-0.00446485021419065,1.7499176253744602
2021-11-22,4.432214129060383,-0.0011520668007854423,1.7633910550492864
2021-11-23,4.438055141972454,0.0013178544045906507,1.7115825831441407
2021-11-24,4.451290673302298,0.002982281856904143,1.665249406739859
2021-11-26,4.384894593311192,-0.014916141151898285,1.5566990719574998
2021-11-29,4.41304506405429,0.006419873988770244,1.5825246198862861
2021-11-30,4.3519518173509555,-0.013843784918708265,1.516962356576922
2021-12-01,4.2910931465995095,-0.013984224390722031,1.4139695633237206
2021-12-02,4.342041119477932,0.011872958972889182,1.450308469581158
2021-12-03,4.311679645176922,-0.006992442831738903,1.379303527425949
2021-12-06,4.348100321262283,0.008446981010312549,1.389489153965926
2021-12-07,4.399103254660494,0.011729934828965349,1.445261599013226
2021-12-08,4.416048109790075,0.0038518884755954163,1.4511032129802617
2021-12-09,4.380673542863835,-0.008010457777354622,1.4357962823492079
2021-12-10,4.3928184499173195,0.0027723835009959424,1.4402415824891754
2021-12-13,4.348586658882055,-0.010069114291781558,1.4015298142848676
2021-12-14,4.342107744801578,-0.001489889609821587,1.4124889277339951
2021-12-15,4.3767418306307775,0.007976330359527172,1.4328092046597767
2021-12-16,4.355396242119702,-0.00487704994653505,1.4153257387835683
2021-12-17,4.347910752843569,-0.0017186700956718533,1.3948147148045669
2021-12-20,4.319844801454493,-0.006455043119438671,1.393851331029908
2021-12-21,4.386066792921734,0.015329715420550352,1.4926427257819777
2021-12-22,4.407149797047773,0.004806813284299148,1.5706324107972933
2021-12-23,4.429340646749934,0.005035192975974124,1.5567985086044376
2021-12-27,4.450345721365966,0.004742257661181378,1.5972246322958303
2021-12-28,4.438982180511225,-0.0025534063118254346,1.5782641748065804
2021-12-29,4.430669112714747,-0.001872741871543263,1.575946186126057
2021-12-30,4.431168793264502,0.00011277767241070605,1.5481215491313478
2021-12-31,4.417741723657067,-0.0030301417603056467,1.5356052446429986
2022-01-03,4.477654509335084,0.013561857941396253,1.6703492895147398
2022-01-04,4.488789029877029,0.0024866859465669227,1.6063307467403798
2022-01-05,4.432484141966593,-0.012543447138120169,1.4905610196542511
2022-01-06,4.437217509417583,0.0010678814180462958,1.4092085955971319
2022-01-07,4.449158593159134,0.00269111976507964,1.4290077934882266
2022-01-10,4.44675949898573,-0.0005392242427799586,1.41519001938515
2022-01-11,4.483835231844276,0.008337696892985429,1.3903393346103472
2022-01-12,4.486127843908303,0.0005113060461599666,1.3941505838017783
2022-01-13,4.456170763552411,-0.0066777143670951455,1.2990467062668063
2022-01-14,4.468736639972489,0.0028198821559660327,1.4063646079457441
2022-01-18,4.410020529958437,-0.013139308655793483,1.2658602110823285
2022-01-19,4.370921776184469,-0.00886588928744432,1.1612220942853435
2022-01-20,4.3370592957207625,-0.00774721722274005,1.1352312968698672
2022-01-21,4.252682572541302,-0.0194548235166422,1.0266581944587605
2022-01-24,4.262426246500245,0.002291182986911764,1.0456447399819693
2022-01-25,4.249402608574878,-0.0030554517948691504,1.0545966270300242
2022-01-26,4.240889801431394,-0.00200329503406102,1.1545684298423897
2022-01-27,4.2053788391812414,-0.00837346969925201,1.0381329829379542
2022-01-28,4.247998547050874,0.010134570391743977,1.2027523624257257
2022-01-31,4.316480415432044,0.016120972646921496,1.2641415375282115
2022-02-01,4.350554727049134,0.007894003525480822,1.2713006820711616
2022-02-02,4.336771959179977,-0.0031680483832243,1.2163069610427248
2022-02-03,4.2752628793870535,-0.01418314828906845,1.097839029623776
2022-02-04,4.2992298199732994,0.005605957168575771,1.1144099794009248
2022-02-07,4.294691365988274,-0.0010556434931533751,1.0146004067505137
2022-02-08,4.305194112300928,0.002445518296339133,1.0435971787653444
2022-02-09,4.3543747376053705,0.011423555830832923,1.101472903119409
2022-02-10,4.320108879398723,-0.007869294737248891,1.0631953732734072
2022-02-11,4.280894046352454,-0.009077278869815523,0.9730787950073481
2022-02-14,4.272426878699626,-0.0019778970376626718,0.9146503434991072
2022-02-15,4.316002159271664,0.01019918697480454,0.9544463285131729
2022-02-16,4.307369591413981,-0.002000130569707638,1.0200695346180757
2022-02-17,4.257570301580166,-0.011561415563939933,0.8572852404239336
2022-02-18,4.235700374790636,-0.005136715365900674,0.8444996866433484
2022-02-22,4.2055729596894125,-0.007112735187911662,0.8233092633544603
2022-02-23,4.171721435142908,-0.008049206343814041,0.642069062880688
2022-02-24,4.207375465086844,0.008546598927623258,0.9263769135293246
2022-02-25,4.257174591635039,0.011836149866212904,0.995381528705814
2022-02-28,4.264240909076897,0.0016598608513127373,0.8445201689966488
2022-03-01,4.234258956511342,-0.007031017525706929,0.8410849188969635
2022-03-02,4.264648949517652,0.007177169209166453,0.933402101734239
2022-03-03,4.235486473548245,-0.006838189101756123,1.0024940508037448
2022-03-04,4.208845348561915,-0.006289979947453834,0.9007900106337283
2022-03-07,4.152490277399615,-0.01338967495718411,0.8528525988468152
2022-03-08,4.158645883687136,0.0014823890909568586,0.7524425879983067
2022-03-09,4.21293275192692,0.013053977125759142,0.7826678390485827
2022-03-10,4.2049765769870975,-0.0018885122095014884,0.6782823603037298
2022-03-11,4.178541135095151,-0.006286703720687015,0.5881443965085779
2022-03-14,4.150252233340729,-0.006770042663174063,0.4851482768972157
2022-03-15,4.189050744501136,0.009348470642030277,0.5741292008113769
2022-03-16,4.247801319768947,0.014024794363002465,0.6279389698168772
2022-03-17,4.277299884381205,0.0069444313402734405,0.7497828985653713
2022-03-18,4.304147557477252,0.00627678063772969,0.7704768121006572
2022-03-21,4.296591174299544,-0.0017556050476432092,0.7563631499534389
2022-03-22,4.326139249893884,0.006877097307066146,0.865703157153307
2022-03-23,4.3100357300824355,-0.003722376669184551,0.8815350900423216
2022-03-24,4.331565647284184,0.004995299006798966,0.8900758388934078
2022-03-25,4.332198804593905,0.00014617285325419229,0.8537532133732811
2022-03-28,4.34041371869443,0.001896245872145423,0.8919577263455972
2022-03-29,4.376203081600892,0.008245610954622687,0.9235957853871335
2022-03-30,4.357345086794038,-0.004309213821940645,0.8801305481829902
2022-03-31,4.325492940609946,-0.007309989351228539,0.7870366352437582
2022-04-01,4.328717144594335,0.0007453957337713172,0.7550399663192047
2022-04-04,4.356427201444086,0.00640144780177093,0.7854037026878777
2022-04-05,4.322841831886977,-0.00770938386069588,0.7337272349124266
2022-04-06,4.291449916433124,-0.007261870009282577,0.6829483507102859
2022-04-07,4.291038188105658,-9.59415431810081e-05,0.6628368068950122
2022-04-08,4.285833030794641,-0.0012130298270113097,0.699890727462974
2022-04-11,4.2696126782026225,-0.0037846440763024823,0.6496650583940988
2022-04-12,4.263957410944177,-0.001324538707531377,0.6599378334050754
2022-04-13,4.291082165185599,0.006361403650937493,0.672118929605526
2022-04-14,4.268558602549001,-0.005248923644328171,0.6416327864568971
2022-04-18,4.268808673054188,5.858429705919232e-05,0.7085022838403973
2022-04-19,4.298815313868668,0.007029277513393776,0.8715067091048748
2022-04-20,4.266262006094939,-0.007572623012834914,0.7201365873745899
2022-04-21,4.235550243032422,-0.007198752214149399,0.7647775926254344
2022-04-22,4.19756489095834,-0.00896822133949854,0.6169584557689146
2022-04-25,4.205553236168695,0.001903090343537804,0.5734982631340717
2022-04-26,4.154555548659168,-0.0121262732025208,0.4987300337268708
2022-04-27,4.147554196490957,-0.00168522290440214,0.48582922712070886
2022-04-28,4.187277047232125,0.009577415715212421,0.52225515584386
2022-04-29,4.142437166074749,-0.010708601473364726,0.489263101375609
2022-05-02,4.168426158075976,0.006273840968323845,0.5242328439314731
2022-05-03,4.1760445384472344,0.001827639517255036,0.6011270379529667
2022-05-04,4.218503051242528,0.010167159953490486,0.6359547168743059
2022-05-05,4.157238800091543,-0.014522746672647247,0.5373271703516279
2022-05-06,4.138038209100648,-0.004618592271021876,0.4331138782696831
2022-05-09,4.072149953372395,-0.015922582730953733,0.4441154992761915
2022-05-10,4.076665982593868,0.0011090036646939044,0.4919154675925934
2022-05-11,4.039992632563739,-0.008995917297790115,0.5973599719015789
2022-05-12,4.048453150089496,0.0020941913253906598,0.5890593324097854
2022-05-13,4.103453332037136,0.013585480653622844,0.518251969915443
2022-05-16,4.091345894763097,-0.002950548305134126,0.4902256456523697
2022-05-17,4.129251962860188,0.00926493849997142,0.585953487877238
2022-05-18,4.076927840007098,-0.012671574252118747,0.5388487443689629
2022-05-19,4.075673839238306,-0.00030758473487975,0.47081251354384585
2022-05-20,4.066599377301986,-0.0022264936533820875,0.4469736683473798
2022-05-23,4.083652301880529,0.0041934114960341376,0.39417073989839196
2022-05-24,4.048245797188199,-0.008670303462424122,0.3695132396909047
2022-05-25,4.072425373336866,0.005972852776247501,0.3297736733333645
2022-05-26,4.105288703371409,0.008069719398593897,0.3120053818105957
2022-05-27,4.1422753236591445,0.009009505289447932,0.3737573173718326
2022-05-31,4.139828784229806,-0.0005906269473120563,0.2944537442902535
2022-06-01,4.1188253057415976,-0.005073513805261407,0.21766137034290894
2022-06-02,4.154014877235387,0.008543594078810455,0.33458600092204577
2022-06-03,4.120999956879616,-0.007947713556996996,0.21853360059857893
2022-06-06,4.124507468635927,0.0008511312285880786,0.21961856477267028
2022-06-07,4.137768042049372,0.0032150683479866557,0.2661584674600291
2022-06-08,4.126223696312247,-0.002789993450528675,0.302725939716925
2022-06-09,4.084201350441328,-0.01018421417832395,0.23556305720218676
2022-06-10,4.044019761227168,-0.009838297813063848,0.13911405349504097
2022-06-13,3.9805703878847907,-0.0156896793509049,0.05134677790844615
2022-06-14,3.9761209445422585,-0.0011177903940787516,0.06608067080258603
2022-06-15,4.002227694253648,0.006565884206119226,0.12229367901844544
2022-06-16,3.9537435719530127,-0.012114283845031678,0.1098322571647346
2022-06-17,3.9668550516827077,0.0033162190443267116,0.23641434194354427
2022-06-21,3.9942728544708777,0.0069117228713813095,0.16114245473638267
2022-06-22,3.9857546757422733,-0.0021325981070796254,0.11481462585513484
2022-06-23,4.0000608354647404,0.0035893226970379805,0.0962143398250126
2022-06-24,4.040412758994778,0.010087827458091655,0.08693399104363059
2022-06-27,4.034466503899882,-0.0014716949602880084,0.034175864993178214
2022-06-28,4.009822403890285,-0.006108391279435517,0.022721282869883716
2022-06-29,3.990579779056683,-0.004798872093420833,0.023804718654181167
2022-06-30,3.9735938691945054,-0.004256501762306122,-0.055389645629000096
2022-07-01,3.985035522853426,0.0028794220133121747,-0.0659931423883316
2022-07-05,4.003394701530654,0.004607030118537633,-0.06413999142164678
2022-07-06,3.9933945897243484,-0.0024979080385159618,0.012583012393923603
2022-07-07,4.024202172155305,0.007714635190378858,0.13358179954241217
2022-07-08,4.019327227627984,-0.0012114064648771105,0.22499219309114746
2022-07-11,3.9882708006668555,-0.00772677246770383,0.013655208192082033
2022-07-12,3.9904722540646747,0.0005519819259643555,0.008608937619481024
2022-07-13,3.985698858966467,-0.001196198042310721,0.08940436612270156
2022-07-14,3.9749169067045935,-0.002705159783363342,0.15381834776206194
2022-07-15,4.005311873586685,0.007646692395210266,0.2831004809727513
2022-07-18,4.0137957165591835,0.002118147909641266,0.4486642067190444
2022-07-19,4.050535166284918,0.009153293371200561,0.6814000761549865
2022-07-20,4.075508650256257,0.006165477633476258,0.5456527950383435
2022-07-21,4.0788257222686575,0.0008139038085937498,0.3541207093776751
2022-07-22,4.054989052665779,-0.005844002962112426,0.3411974618927104
2022-07-25,4.057134781822322,0.000529157817363739,0.32015671656742745
2022-07-26,4.027337018281695,-0.007344533801078797,0.18741402983235603
2022-07-27,4.0690427944428755,0.010355670750141143,0.3408828493012507
2022-07-28,4.077765666252607,0.002143715918064117,0.2825884904746659
2022-07-29,4.091217028941214,0.0032987090945243843,0.2617560375119074
2022-08-01,4.095429588241864,0.0010296592116355897,0.36431768896500905
2022-08-02,4.102240143573428,0.0016629648208618165,0.38718447410665446
2022-08-03,4.128214828437989,0.0063318294286727915,0.33921575891934236
2022-08-04,4.127780248194208,-0.00010527074337005623,0.40605784426430097
2022-08-05,4.132760382593194,0.0012064921336752419,0.3116207465084337
2022-08-08,4.13113499785559,-0.0003932927600764157,0.2553371631022466
2022-08-09,4.111373227798519,-0.004783617593549472,0.22367026870479664
2022-08-10,4.149972912766979,0.00938851396595998,0.2160582585050442
2022-08-11,4.153545166782456,0.0008607897185274111,0.21531993647030995
2022-08-12,4.176429660514931,0.0055096291995310786,0.2503518536672037
2022-08-15,4.1746649125672395,-0.0004225494240634482,0.2976602107159548
2022-08-16,4.17915571659479,0.0010757280216746859,0.39015646791167014
2022-08-17,4.154645929846857,-0.005864769922453278,0.46865963148011847
2022-08-18,4.162696515190022,0.0019377307908067442,0.5519642319548893
2022-08-19,4.1075681771234756,-0.013243419947953939,0.5770777746876484
2022-08-22,4.040282241865985,-0.01638096614737391,0.37917537092660464
2022-08-23,4.04948195432353,0.002276997473645584,0.19388276507982832
2022-08-24,4.073275041374755,0.005875587870152665,0.13857395329464758
2022-08-25,4.124521668254578,0.012581185006973555,0.1754766057705395
2022-08-26,4.036030489847081,-0.021454894779336847,0.1266518501537276
2022-08-29,4.023011102068055,-0.0032257902440969953,-0.05716953911251711
2022-08-30,3.994649615102336,-0.007049815734075259,-0.04294294635661137
2022-08-31,3.978400617595233,-0.004067690303968511,-0.08995668998379475
2022-09-01,3.9675908990165603,-0.002717101573648559,-0.07506189314131513
2022-09-02,3.9461259138077307,-0.005410080261588958,-0.19037832192274778
2022-09-06,3.919404522117664,-0.006771550699020192,-0.20720092817417862
2022-09-07,3.9658386361941083,0.011847236950003743,-0.1395935701346851
2022-09-08,3.9960702913938917,0.0076230169638964625,0.039316293496125705
2022-09-09,4.057370193989061,0.015340046126612791,0.12071282145091308
2022-09-12,4.094986270832037,0.009271048744505595,0.2546938149307196
2022-09-13,3.9714205088899983,-0.030174890407369426,-0.06775927216001561
2022-09-14,3.9925251513834223,0.005314129401855413,0.08206160357642228
2022-09-15,3.9832318962835265,-0.0023276635080622015,-0.06857233163792507
2022-09-16,3.949100258532178,-0.00856883019620185,-0.12622655839850075
2022-09-19,3.9679649798304313,0.004776966919868818,-0.035586910883088206
2022-09-20,3.9193545504672684,-0.012250720359240663,0.08388594239158388
2022-09-21,3.8649169076196603,-0.0138894407603717,-0.02161207180007216
2022-09-22,3.821736403993032,-0.011172427417908536,-0.267838785354328
2022-09-23,3.7585985755267086,-0.016520717755509104,-0.5769173305103125
2022-09-26,3.721474954718075,-0.009876984749144578,-0.6785174581549677
2022-09-27,3.7315236968212053,0.0027002041463131212,-0.7417837068164278
2022-09-28,3.8031744880395753,0.019201483640424864,-0.43930069500069385
2022-09-29,3.7316396759443395,-0.018809237472590862,-0.5541806647461073
2022-09-30,3.6816934304779854,-0.013384530609514023,-0.5788185617026746
2022-10-03,3.746412388695987,0.017578584268380947,-0.5961446128029574
2022-10-04,3.8505568376656907,0.027798447732005672,-0.31946202768987214
2022-10-05,3.8418696357521314,-0.0022560897760506436,-0.4236008400219756
2022-10-06,3.826143427939723,-0.004093373618423088,-0.4249360745354196
2022-10-07,3.7852114840404565,-0.01069796380354387,-0.5888013392830052
2022-10-10,3.7632868446190595,-0.005792183478740242,-0.6373780175883975
2022-10-11,3.7481439700667427,-0.004023842767651136,-0.6074050225131885
2022-10-12,3.759647338035832,0.0030690838081346796,-0.5714362374381279
2022-10-13,3.7896587076338166,0.007982495936351287,-0.5133583225814446
2022-10-14,3.7604066672012517,-0.007718911566796263,-0.7101427588231715
2022-10-17,3.79525338913634,0.009266742940072271,-0.7028754457821262
2022-10-18,3.811891204721062,0.004383848422966131,-0.6960799799054117
2022-10-19,3.803355556135454,-0.0022392162124241165,-0.7579787052298593
2022-10-20,3.804701559056013,0.000353898787713518,-0.8149326028553501
2022-10-21,3.839448892887972,0.009132735719902156,-0.7441760374355633
2022-10-24,3.84620793165114,0.0017604189954677878,-0.6954491902839267
2022-10-25,3.876873933506222,0.007973048363486996,-0.7394245330353031
2022-10-26,3.8671562950445693,-0.0025065655031149834,-0.7761755858697321
2022-10-27,3.858434069547022,-0.002255462368749998,-0.6743283333481742
2022-10-28,3.881991925991846,0.0061055485256975225,-0.7527100608890931
2022-10-31,3.8727645698792554,-0.002376964272081254,-0.7603179360011607
2022-11-01,3.8791287608523737,0.0016433198709305433,-0.89276378574434
2022-11-02,3.843469827000568,-0.009192511012181694,-0.9595779917877405
2022-11-03,3.8399425823660565,-0.0009177240340831273,-1.0429257657359952
2022-11-04,3.8531787051859343,0.003446958525021041,-1.0655268636927
2022-11-07,3.855700998753703,0.0006546007233906576,-1.1489959313098896
2022-11-08,3.863409428682444,0.0019992291755073395,-1.2081811377840275
2022-11-09,3.82581953161714,-0.009729721314606728,-1.2090052184518603
2022-11-10,3.911455039180945,0.02238357216175504,-0.8781354910891823
2022-11-11,3.951382430121412,0.010207810275336187,-0.8469335276622095
2022-11-14,3.9353361605603916,-0.004060925472234565,-0.9418128402443231
2022-11-15,3.9550269920258923,0.005003595795154865,-0.9051505942209073
2022-11-16,3.9229573492451273,-0.008108577475052326,-0.9493788471831092
2022-11-17,3.916456703554247,-0.0016570778400460775,-0.9343318434815873
2022-11-18,3.9131899039625817,-0.0008341212067276487,-0.9312052504365819
2022-11-21,3.895547469880341,-0.004508453337359296,-0.9315296052567236
2022-11-22,3.9115693929954682,0.004112880985023432,-0.8906768883115644
2022-11-23,3.9276338471615637,0.004106907625073092,-0.8688831786283241
2022-11-25,3.9223908770165026,-0.0013348928003689086,-0.902197047498728
2022-11-28,3.904675893596983,-0.004516373807445202,-0.8273068839949438
2022-11-29,3.909695403891263,0.0012855126599652334,-0.8679477998686579
2022-11-30,3.9531136691727333,0.011105280794574722,-0.6766914257601768
2022-12-01,3.9569854271712335,0.0009794198504063413,-0.5643489951882088
2022-12-02,3.9522778315270397,-0.0011896924390644617,-0.668681914230855
2022-12-05,3.921594007223856,-0.007763579791486539,-0.6744696487001192
2022-12-06,3.8955520268183292,-0.006640662026093355,-0.7929465174416495
2022-12-07,3.8800121152629083,-0.003989142347076617,-0.9193518178566017
2022-12-08,3.8976518135107194,0.004546299785616875,-0.9137313047208749
2022-12-09,3.8932507744187372,-0.0011291514231021394,-0.8613429408487203
2022-12-12,3.9090980883594613,0.0040704580462301715,-0.8508980691734942
2022-12-13,3.914721567373923,0.0014385617570475385,-0.7627647194981994
2022-12-14,3.910084873045299,-0.00118442506033309,-0.7603762353255302
2022-12-15,3.87522976621986,-0.00891415607515767,-0.8931570567832467
2022-12-16,3.8597806676030375,-0.0039866277740461765,-0.886349437409754
2022-12-19,3.8186895504483775,-0.010645972062494907,-0.9535602665024044
2022-12-20,3.813736848391683,-0.0012969637859439824,-0.9141043569150374
2022-12-21,3.8480685836483857,0.009002124850638546,-0.9685555343958471
2022-12-22,3.7984731362595467,-0.012888400066356671,-1.10387009297822
2022-12-23,3.8086142271265744,0.0026697808575300713,-1.1231813989699924
2022-12-27,3.781634669543708,-0.007083825237721945,-1.21565228885203
2022-12-28,3.7524278687494,-0.007723326906623715,-1.2544781017658635
2022-12-29,3.821029963376121,0.01828205551878735,-1.0845166432337885
2022-12-30,3.8238158508197597,0.0007290933257110241,-1.0796925868011613
2023-01-03,3.821495299826987,-0.0006068678731679212,-1.0610763742010574
2023-01-04,3.8829722072092703,0.016087134108229012,-1.0390400485894593
2023-01-05,3.857965937355364,-0.006439981673697969,-1.1073481884827145
2023-01-06,3.9175657981806746,0.015448519191998454,-0.8877414686882276
2023-01-09,3.946027143437539,0.007265058641792871,-0.8385012964384833
2023-01-10,3.975724619613035,0.007525917865234173,-0.7999929210210853
2023-01-11,4.015824198265855,0.010086105676183064,-0.7159604331290329
2023-01-12,4.071895473250369,0.013962582079346999,-0.6702978039126655
2023-01-13,4.077588893731471,0.001398223632827428,-0.663480198096003
2023-01-17,4.093171587173878,0.0038215459793809145,-0.5837026166121964
2023-01-18,4.036872330164312,-0.013754433648953991,-0.7068482790412836
2023-01-19,3.999312310356923,-0.009304237720557206,-0.6793260998915227
2023-01-20,4.075633287609044,0.01908352519868825,-0.4622586808321896
2023-01-23,4.144234431461077,0.016832020697396165,-0.2747224068324945
2023-01-24,4.129799647565626,-0.0034831002285652807,-0.15644389530933436
2023-01-25,4.1476569124928995,0.004324002724393509,-0.14097120552549855
2023-01-26,4.173802692926473,0.0063037471481358805,-0.06995597744021417
2023-01-27,4.2094059052413835,0.008530161805503906,0.009806684618441891
2023-01-30,4.167877124017748,-0.009865710781639232,-0.001472311560922249
2023-01-31,4.221412948300049,0.012844866268680668,0.01896577371816607
2023-02-01,4.304999773252361,0.01980067479206752,0.04653616445118595
2023-02-02,4.40274311422432,0.022704610016300805,0.15581770793038693
2023-02-03,4.357611117700298,-0.010250881178647423,0.10300630299208936
2023-02-06,4.332365102774262,-0.005793544729929805,0.16584358005862035
2023-02-07,4.363171822528707,0.007110831849032428,0.17693682083810297
2023-02-08,4.329013165713324,-0.00782885895966984,0.12640565031633316
2023-02-09,4.283520346055309,-0.010508819889559828,0.030243670654089106
2023-02-10,4.2581182641876865,-0.005930188213303329,-0.09834476873246788
2023-02-13,4.297206334116419,0.009179658126801445,0.028045776168807574
2023-02-14,4.3357141167283135,0.008961120229711296,0.1617232471328545
2023-02-15,4.394605537438545,0.0135828652731076,0.27570090975965045
2023-02-16,4.326282051154308,-0.015547126062208533,0.0854956511886802
2023-02-17,4.299344847881037,-0.006226409409919193,0.05439642339439664
2023-02-21,4.211183203199263,-0.020505832353788927,-0.011164343973283494
2023-02-22,4.202525372507751,-0.00205591404452161,0.011280752309874364
2023-02-23,4.217054114365648,0.003457145542282844,0.08840196837332306
2023-02-24,4.174102733732194,-0.010185162312036304,0.07274401556956915
2023-02-27,4.191620532715253,0.004196781943456203,0.04110445587214531
2023-02-28,4.184372224772464,-0.001729237626883419,-0.058112842269550886
2023-03-01,4.173124366467163,-0.0026880635137360425,-0.08995204752376024
2023-03-02,4.197980974342998,0.005956354446459413,0.005173597774127838
2023-03-03,4.263491235961242,0.015605183067437968,0.06658357755100411
2023-03-06,4.24519474559915,-0.004291433792044967,0.08521294017975496
2023-03-07,4.192466374380767,-0.012420719043112151,0.040365221894391304
2023-03-08,4.206131999786105,0.003259567086535367,0.16218538710289745
2023-03-09,4.117337521267608,-0.021110720853033796,-0.0028429599821747846
2023-03-10,4.049163035645142,-0.01655790550818796,-0.21609268015093794
2023-03-13,4.004348605507755,-0.011067578594114648,-0.2813499175653615
2023-03-14,4.059256416749587,0.013712045741050083,-0.13721634843355254
2023-03-15,4.035092516828426,-0.0059527897329803145,-0.13140595602808244
2023-03-16,4.111214917383511,0.018865094229590647,-0.06289360900390889
2023-03-17,4.066205562479593,-0.010947945025594272,-0.2408174694030313
2023-03-20,4.082813891243668,0.004084478393647055,-0.2613934081837125
2023-03-21,4.183013942330068,0.02454191000508179,-0.12939812606243814
2023-03-22,4.114217113253767,-0.01644671283069617,-0.2311004975334571
2023-03-23,4.11064278927257,-0.0008687737867995208,-0.2855034406121081
2023-03-24,4.111115905419851,0.0001150954173190005,-0.25876739593321196
2023-03-27,4.124476138810149,0.0032497827105007573,-0.27106753268940503
2023-03-28,4.1158457446805246,-0.0020924824969684886,-0.28669609127233237
2023-03-29,4.195261676417497,0.019295167181523375,-0.163557200369682
2023-03-30,4.209242756922191,0.0033325884254812813,-0.1978752801645167
2023-03-31,4.261117132718383,0.012323921140182322,-0.08219339884465464
2023-04-03,4.25404991412683,-0.0016585365695039689,-0.04315901104599617
2023-04-04,4.22453057471954,-0.006939114491642979,-0.09626192958449965
2023-04-05,4.19021233227419,-0.0081235635151317,-0.19662093469712813
2023-04-06,4.210246187076511,0.004781107307621468,-0.11036525822537648
2023-04-10,4.246602255215024,0.008635140683722781,-0.00037914763219037495
2023-04-11,4.256772764906526,0.0023949758136664365,0.01684293585186395
2023-04-12,4.214231219969553,-0.00999384916378266,-0.04376437540597349
2023-04-13,4.253520882125968,0.009323091236721294,0.04656916311230561
2023-04-14,4.255136980077577,0.00037994358001165924,0.058308376281724895
2023-04-17,4.276376591603802,0.004991522394148348,0.04889310139425971
2023-04-18,4.278574021097591,0.0005138531293297798,0.08864938568063122
2023-04-19,4.258778351548164,-0.004626697925947855,0.05632356516851085
2023-04-20,4.196178223363755,-0.01469908105493515,-0.09301108137788401
2023-04-21,4.185101200205564,-0.0026397885334125846,-0.059228533568909114
2023-04-24,4.162485723942496,-0.005403806307469187,-0.04692089992464719
2023-04-25,4.073442509345891,-0.021391836633680526,-0.1311656065072623
2023-04-26,4.065724401783288,-0.0018947383067013353,-0.15704689878521197
2023-04-27,4.140448732024963,0.018379093823698605,0.050597716575984435
2023-04-28,4.188401360784687,0.011581505257830249,0.14018046210437032
2023-05-01,4.182406358594187,-0.0014313342189770535,0.06585293654673538
2023-05-02,4.1276801052855925,-0.013084872347743158,0.04968312942760008
2023-05-03,4.116663466180565,-0.002668966301657079,-0.010855840458368602
2023-05-04,4.095351600749244,-0.005176975384653986,-0.05827169223716248
2023-05-05,4.21496385909907,0.02920683497063903,0.06944515468933928
2023-05-08,4.2575746927684746,0.010109418513142891,0.2340009535320478
2023-05-09,4.263967884899528,0.0015016042212748488,0.2749718304440926
2023-05-10,4.275097204720274,0.0026100852823399035,0.40098370620022894
2023-05-11,4.250044301055468,-0.005860195093843713,0.3538988692966387
2023-05-12,4.212999938190233,-0.008716229818130385,0.35581596503698404
2023-05-15,4.272274867424055,0.014069530050666147,0.43433625376361285
2023-05-16,4.227806981257953,-0.010408479684948947,0.27441977716692384
2023-05-17,4.333173903215726,0.02492235866605733,0.4548629194151
2023-05-18,4.402220720736352,0.015934467220294558,0.49712801666777806
2023-05-19,4.3686033811539025,-0.007636450263408526,0.5314727098410545
2023-05-22,4.413485730303777,0.010273843888757768,0.5999770219206096
2023-05-23,4.394224746215287,-0.004364120621539706,0.585711292710692
2023-05-24,4.358350928597082,-0.008163855899519774,0.5037927055704545
2023-05-25,4.40640538987551,0.011025835703848866,0.6327599840033402
2023-05-26,4.504398660280778,0.022238823198252346,0.7325620319197963
2023-05-30,4.551068639473,0.010360978836920545,0.746829910938221
2023-05-31,4.495390781618449,-0.012234018483403558,0.607679348550513
2023-06-01,4.561628373676255,0.014734557077584915,0.7040651277771973
2023-06-02,4.610935562760847,0.010809120131120037,0.8053664850652216
2023-06-05,4.600564740331735,-0.0022491796486748105,0.7366529893751387
2023-06-06,4.659836919918519,0.012883674707838086,0.8696574241387606
2023-06-07,4.674600327631623,0.0031682241174575353,0.8844665918172825
2023-06-08,4.753214624586775,0.01681733013418551,0.9669790099322324
2023-06-09,4.740563326108622,-0.002661629965689389,0.9678188233159716
2023-06-12,4.820562878879182,0.01687553720250132,1.1378793526951743
2023-06-13,4.868115851671656,0.009864610002458979,1.2645511526361077
2023-06-14,4.881722487789351,0.0027950518295538416,1.3904225375165955
2023-06-15,4.936899626046634,0.011302801090249882,1.4671237802649295
2023-06-16,4.896607029034148,-0.008161518374792377,1.3712312992008053
2023-06-20,4.849470143056662,-0.009626438408879978,1.3888440953630201
2023-06-21,4.800378983168591,-0.010122994562273545,1.2995510306349611
2023-06-22,4.805185874050757,0.001001356538519175,1.262676268191922
2023-06-23,4.745322247126149,-0.012458129298990752,1.1924472897706424
2023-06-26,4.719432639191324,-0.00545581660982111,1.1339931635121046
2023-06-27,4.83041070064052,0.023515127756588067,1.2091065621702992
2023-06-28,4.879139167308442,0.01008785167303883,1.2801526643129502
2023-06-29,4.878216182486934,-0.00018916960346034614,1.3187759784118114
2023-06-30,4.939943214791694,0.01265360738344552,1.4260696692894559
2023-07-03,4.9905771654239395,0.01024990539985002,1.5157765417316997
2023-07-05,4.986363949207467,-0.0008442342592481426,1.4923282723434201
2023-07-06,4.907346384620934,-0.01584673028110836,1.3562801165431555
2023-07-07,4.935627327538104,0.005762980784442035,1.4077153310532482
2023-07-10,4.981069636386326,0.009206997577527394,1.4164395466301443
2023-07-11,5.040591662016789,0.011949647360008794,1.4954502277784
2023-07-12,5.07998602725738,0.00781542483146309,1.593488442831895
2023-07-13,5.162630463066143,0.016268634473662544,1.6841584736320958
2023-07-14,5.097493471282655,-0.01261701612181679,1.6074125636388192
2023-07-17,5.122388275948076,0.004883734487482909,1.6544659554742525
2023-07-18,5.209880473625033,0.01708035255503221,1.7060091050839366
2023-07-19,5.291572592494683,0.01568022899627267,1.7826329507288987
2023-07-20,5.2146851250968504,-0.01453017341326577,1.6313684182023065
2023-07-21,5.190168947714427,-0.004701372526681208,1.5645359795495604
2023-07-24,5.220378586785852,0.005820550231746929,1.5945460916791503
2023-07-25,5.202387110388949,-0.003446393034107392,1.610065117855214
2023-07-26,5.239576644451802,0.0071485518616225575,1.6495132534744068
2023-07-27,5.209470184465746,-0.005745971865481792,1.6600681446138603
2023-07-28,5.300155935941229,0.017407864574386218,1.6975560952325155
2023-07-31,5.351992733728013,0.009780240131289522,1.7418111225733037
2023-08-01,5.305666237416536,-0.008655934082183939,1.666063176411035
2023-08-02,5.201730429911244,-0.01958958646367873,1.5284401473001885
2023-08-03,5.190733854704723,-0.002114022507450211,1.5053593731986226
2023-08-04,5.160485647115658,-0.005827347044897726,1.4314324085644254
2023-08-07,5.216048258327235,0.01076693455055558,1.4945209864886326
2023-08-08,5.180003058648367,-0.006910442138130743,1.4439460165374676
2023-08-09,5.065847842042884,-0.022037673590731548,1.3012385996165319
2023-08-10,5.06355918687557,-0.00045178126913326976,1.3278020521599336
2023-08-11,5.022350551486541,-0.008138274653891399,1.2229927647575
2023-08-14,5.054640348744975,0.0064292201285862955,1.255530439248868
2023-08-15,4.966600784619529,-0.01741757237927032,1.1126386943914572
2023-08-16,4.9025928977269295,-0.012887664958057007,1.0353315485573424
2023-08-17,4.860568883456076,-0.008571793568733384,0.9768151278988839
2023-08-18,4.869002993517213,0.0017352104791364155,1.0224392974523178
2023-08-21,4.916850841178599,0.009827031884164516,1.0675413942204666
2023-08-22,4.885586638673352,-0.006358582660960331,1.1109813013970518
2023-08-23,4.976686874837328,0.018646734343598346,1.3177058770451275
2023-08-24,4.867938606413243,-0.02185153921857691,1.1646118941672678
2023-08-25,4.892950538682524,0.005138095257883915,1.1604276671516895
2023-08-28,4.943110586891429,0.01025149300250428,1.1477476660070336
2023-08-29,5.050804058154976,0.02178657939580357,1.4029214622765949
2023-08-30,5.084633054694173,0.006697744784729126,1.4608239042582944
2023-08-31,5.103872506562973,0.003783842739848951,1.5259461328583719
2023-09-01,5.1056082129672316,0.0003400763639818066,1.552540729406433
2023-09-05,5.083681128973464,-0.004294705562811705,1.5428807621189646
2023-09-06,5.035570499418149,-0.009463738644250902,1.517249883622453
2023-09-07,4.983751972924292,-0.010290497670491375,1.4948555079200256
2023-09-08,5.011409763006389,0.005549592000636581,1.4603563938060728
2023-09-11,5.066723020212678,0.011037464470497837,1.478963946147401
2023-09-12,5.065821752270402,-0.00017787985225971076,1.3928167122518529
2023-09-13,5.051415399537137,-0.0028438333280890486,1.322737454144585
2023-09-14,5.130708416265421,0.015697187908076105,1.6144936800075982
2023-09-15,5.056905919398014,-0.014384465239427211,1.4909747017828703
2023-09-18,5.026517457199819,-0.00600929949707529,1.4680772136981262
2023-09-19,5.004170335419724,-0.0044458458506068,1.4942324407307201
2023-09-20,4.92282517689447,-0.016255473549629213,1.3622257544410676
2023-09-21,4.815825269670124,-0.021735467618585375,1.298326032068238
2023-09-22,4.795823514571417,-0.004153339039245605,1.360228783122702
2023-09-25,4.8157936162579364,0.004164061005548403,1.4543248923644445
2023-09-26,4.727665038820348,-0.01829990744206096,1.4421321933665265
2023-09-27,4.756326644312952,0.00606252880803821,1.5389377516375744
2023-09-28,4.82006768585562,0.013401317089708787,1.5981567835300228
2023-09-29,4.826538427853356,0.0013424587411341807,1.5012721444337318
2023-10-02,4.792297151756341,-0.007094375525824588,1.5800886485948729
2023-10-03,4.680907900515407,-0.023243394078789843,1.510867226628078
2023-10-04,4.719712618299478,0.008289998138993325,1.4614289869803194
2023-10-05,4.707553481211267,-0.002576245223293246,1.2968001207004045
2023-10-06,4.777105491398851,0.014774555502168715,1.3950092376263854
2023-10-09,4.8136344524878725,0.00764667247871986,1.465159163193293
2023-10-10,4.875556781451241,0.012863945024193697,1.606844339343801
2023-10-11,4.8839195598451175,0.0017152458208860074,1.6534163884843944
2023-10-12,4.817788649666675,-0.013540540413925068,1.5907055499869385
2023-10-13,4.7630575092684655,-0.011360220295673795,1.5000799210895077
2023-10-16,4.850525310309979,0.018363792767840698,1.5552021583826328
2023-10-17,4.882169162234545,0.006523798949632419,1.641451549602873
2023-10-18,4.761410402788076,-0.024734652863031538,1.4236725508941497
2023-10-19,4.709645067691575,-0.01087184903577938,1.3306930750924788
2023-10-20,4.621453534049864,-0.01872572823941872,1.2256857088834963
2023-10-23,4.615774248574297,-0.0012288959379819961,1.216341728772175
2023-10-24,4.686138666000112,0.015244336840682484,1.2491343180316812
2023-10-25,4.560912511960635,-0.02672267360503957,1.0692087492628666
2023-10-26,4.508081236934655,-0.01158348792866207,0.954957816145397
2023-10-27,4.464310246847169,-0.009709450160052731,0.9120492956721823
2023-10-30,4.519096301938977,0.012272008902270952,0.9934289206739109
2023-10-31,4.563833596701077,0.009899610845403969,1.0142539015300989
2023-11-01,4.615299805143023,0.011276968660546378,1.0906350437222554
2023-11-02,4.789424673363941,0.03772774804940814,1.2690278393024828
2023-11-03,4.8557144302051976,0.01384086009535193,1.3964996694074503
2023-11-06,4.8385106855650015,-0.003542989376224267,1.3814630124312313
2023-11-07,4.850131263342767,0.0024016848433205742,1.3757099685251373
2023-11-08,4.830556704749636,-0.004035882232935711,1.3489755668569956
2023-11-09,4.795203813619515,-0.007318595617635753,1.2955749895475128
2023-11-10,4.834382686099455,0.008170429037586071,1.3968059433112854
2023-11-13,4.827277980322904,-0.0014696200606914385,1.272621099443798
2023-11-14,4.917071912637822,0.018601359333549602,1.3151323310873955
2023-11-15,4.944395439410899,0.005556869465921344,1.3691244246559653
2023-11-16,4.929730148337174,-0.0029660433218651073,1.324472956078656
2023-11-17,4.94915530542834,0.003940409820955044,1.3936215120184354
2023-11-20,4.96962923971131,0.004136854275014192,1.426073733662148
2023-11-21,4.948684939193609,-0.0042144593705982485,1.406576316181989
2023-11-22,4.961111381125772,0.00251105941979556,1.446594830820393
2023-11-24,4.962759014219684,0.0003321096761062036,1.425581630421208
2023-11-27,4.961306055732384,-0.00029277232344689314,1.4010628942181915
2023-11-28,4.972551545077459,0.0022666389089386276,1.4213663355530433
2023-11-29,4.987128055279566,0.0029313944903270072,1.4638005974642962
2023-11-30,4.983093812239598,-0.0008089311113030568,1.4519614971481516
2023-12-01,5.0238813967396645,0.008185192981894756,1.4367038243159864
2023-12-04,5.022559519966585,-0.00026311862655381763,1.4296834112032624
2023-12-05,5.008143669714302,-0.002870219893855682,1.4200093501206932
2023-12-06,4.999477626948271,-0.001730390207940238,1.4555113690560753
2023-12-07,5.06599068292659,0.013304001125997418,1.5654763312715054
2023-12-08,5.1379820643035075,0.014210721235540793,1.6639278956511836
2023-12-11,5.130257645692155,-0.00150339540206239,1.630130235839686
2023-12-12,5.12094677971118,-0.0018148924720755993,1.6261945268550937
2023-12-13,5.2406867368236805,0.02338238655142865,1.7213932229488003
2023-12-14,5.368438605550227,0.024376932860515947,1.833911604564269
2023-12-15,5.347556633961647,-0.0038897663031837765,1.8184085631456197
2023-12-18,5.377083171120857,0.005521500599300155,1.9005641175436547
2023-12-19,5.454587518742494,0.014413827191272835,1.9979204785702305
2023-12-20,5.343246333103179,-0.020412393284869983,1.9343943115629298
2023-12-21,5.42531548882002,0.01535941833869712,2.0200769638975147
2023-12-22,5.425700060571818,7.088467990299753e-05,1.9728650586688445
2023-12-26,5.453188235539612,0.005066290922999705,2.0771455024082845
2023-12-27,5.469945975355149,0.0030730169382973617,2.0793242217242254
2023-12-28,5.4704823256461275,9.805403808275955e-05,2.121044372299577
2023-12-29,5.415103462132736,-0.010123214045271757,2.106263438929584
2024-01-02,5.354406334536044,-0.011208858338744675,1.9479350598045908
2024-01-03,5.275251222653707,-0.014783172388652099,1.855304967722697
2024-01-04,5.283238913324346,0.001514182042427956,1.8670328007092538
2024-01-05,5.31142247825016,0.005334524027436035,1.8136148792278903
2024-01-08,5.393921058061882,0.01553229481359235,1.9302904199679343
2024-01-09,5.346860078360233,-0.008724818030347432,1.8003490086119935
2024-01-10,5.3537557866002885,0.0012896743395182043,1.768481897215972
2024-01-11,5.30808773251873,-0.008530096609161656,1.6788241288333068
2024-01-12,5.259770106681588,-0.009102642660017778,1.572839571569012
2024-01-16,5.227785301276787,-0.00608102726090055,1.4653444436532315
2024-01-17,5.183518097665955,-0.008467678196352359,1.4091798302812084
2024-01-18,5.202781677889801,0.0037163138742624846,1.4086143292212179
2024-01-19,5.328294102397928,0.02412409981405068,1.609093190360888
2024-01-22,5.3525821699395015,0.004558319618776745,1.687350445836003
2024-01-23,5.36958592207975,0.003176738179890546,1.6079204777687202
2024-01-24,5.367609990166092,-0.000367985901023168,1.5189554222816073
2024-01-25,5.397924865430906,0.005647741792036667,1.5693686060316974
2024-01-26,5.398515508192497,0.00010942033768816896,1.5463223029692224
2024-01-29,5.481266075029198,0.015328392909332867,1.5919088032637077
2024-01-30,5.467231053909432,-0.0025605436641187684,1.5318009645762662
2024-01-31,5.389695017691107,-0.014181957091950975,1.5054354127568683
2024-02-01,5.443687836156394,0.01001778733083433,1.4912069699819173
2024-02-02,5.488002038408823,0.008140474543396505,1.4335776568331298
2024-02-05,5.431902503081025,-0.010222214739567217,1.2581901195593241
2024-02-06,5.515239550167048,0.015342147072550301,1.3987175285292823
2024-02-07,5.545014847285351,0.005398731432690233,1.4614814392614053
2024-02-08,5.585751726647969,0.007346577148041488,1.4627252373698685
2024-02-09,5.634867333958191,0.008793016538115447,1.5555339309419047
2024-02-12,5.7063242204126166,0.012681201210150114,1.6844773911707585
2024-02-13,5.578078646682663,-0.022474287961275458,1.5801822453494834
2024-02-14,5.721105696166431,0.0256409166207846,1.657528614138588
2024-02-15,5.762338565344829,0.007207150395076098,1.6485309418305545
2024-02-16,5.710565589274637,-0.008984716098002096,1.5262374511392047
2024-02-20,5.689599781784504,-0.0036714064767087327,1.5973855164805066
2024-02-21,5.675980002312658,-0.0023938027267665684,1.6194788436185656
2024-02-22,5.7625852523764065,0.015258202112844196,1.8238299321616833
2024-02-23,5.767008077526376,0.0007675071094427725,1.8397354728135225
2024-02-26,5.78880581932863,0.003779731449865309,1.8414759174603081
2024-02-27,5.837468639706582,0.008406365992700672,1.9466650553287255
2024-02-28,5.823834547108583,-0.0023356172751420527,1.9103596009248738
2024-02-29,5.870022008989483,0.007930764774873358,1.9627948021211672
2024-03-01,5.904944673800142,0.005949324339360053,2.010433589706927
2024-03-04,5.936176557668849,0.005289106942403983,2.006916330264078
2024-03-05,5.887840602782537,-0.008142607352853668,1.8788253161105666
2024-03-06,5.932103878931676,0.007517743623735191,1.9440479899526164
2024-03-07,5.9665379850118,0.005804703825639234,2.0503983025227766
2024-03-08,5.968669893694099,0.0003573108371478904,2.034349049381633
2024-03-11,5.970985412475835,0.00038794552605117343,2.1708349460982346
2024-03-12,5.98687691255135,0.002661453508546745,2.2901707620397405
2024-03-13,5.999705814886776,0.0021428371624829887,2.3705361359158323
2024-03-14,5.953006547705379,-0.007783592833089392,2.251374059431582
2024-03-15,5.945007338871092,-0.0013437258585531806,2.2791450277242116
2024-03-18,5.960349196615682,0.002580628899190564,2.1976336047432428
2024-03-19,5.932120136009268,-0.004736142074099014,2.2371002898128047
2024-03-20,6.017312116356601,0.01436113537724889,2.2897334867278176
2024-03-21,6.056452379903559,0.0065046091660367214,2.2053564256851046
2024-03-22,6.008102573555548,-0.007983189384670936,2.262392869519892
2024-03-25,6.099228019122654,0.015167092181180687,2.347571196008148
2024-03-26,6.091971955017235,-0.0011896692634984225,2.3398864587361135
2024-03-27,6.182976893254333,0.014938502492964906,2.3999513206723018
2024-03-28,6.168017415257263,-0.002419462057733121,2.3979849632193306
2024-04-01,6.164863531306416,-0.0005113286390932537,2.2964803534299105
2024-04-02,6.099057671651299,-0.010674341665625153,2.2108160802265893
2024-04-03,6.147397031956458,0.007925709660008938,2.1883614450668105
2024-04-04,6.021933077551435,-0.02040928115636814,2.0650946674933426
2024-04-05,6.054519315411422,0.005411258717148831,2.1372157927993007
2024-04-08,6.073129153531247,0.0030737102568084585,2.2041635950094083
2024-04-09,6.0807870675765585,0.0012609503028367204,2.184475539832766
2024-04-10,5.998068974746983,-0.013603188519893738,2.0518568117249556
2024-04-11,6.0749584457982575,0.012819037489397792,2.1067422554101163
2024-04-12,5.91203460222763,-0.026818923129147333,1.990047860313445
2024-04-15,5.813782533490547,-0.016618994195342136,1.8369686262939462
2024-04-16,5.781504504333435,-0.005551984266898911,1.8025193844073089
2024-04-17,5.751325507840602,-0.005219920951408714,1.7447236147266996
2024-04-18,5.760566381100199,0.0016067380027438535,1.750835677647074
2024-04-19,5.688615296124814,-0.01249027963837881,1.7028559393465104
2024-04-22,5.7663432789107345,0.013663779099084162,1.8637514407140507
2024-04-23,5.86651691202033,0.01737212445813985,1.9680406776747812
2024-04-24,5.865922420366015,-0.00010133639146200038,1.9988736105701772
2024-04-25,5.890113338775383,0.004123975169766922,2.1580600677678223
2024-04-26,5.9746862921061,0.014358459416045941,2.243828685983382
2024-04-29,5.995718475982506,0.0035202155976278393,2.1702153492790632
2024-04-30,5.907088434829157,-0.014782221931930479,2.0169580551480637
2024-05-01,5.886546667763919,-0.003477477490284341,2.004994017324187
2024-05-02,5.9576418661823025,0.012077573224335052,2.1492963592850556
2024-05-03,5.998160324877733,0.0068010900295011265,2.2020807877395137
2024-05-06,6.051137341269094,0.00883221079830684,2.2804216399853483
2024-05-07,6.019874396484951,-0.005166457646057312,2.1116828938715058
2024-05-08,6.0173953288608075,-0.00041181384541704585,2.054352384407163
2024-05-09,6.0410062969023235,0.003923785417300427,2.0679048137456273
2024-05-10,6.0351634491453385,-0.000967197759747582,2.047442133776342
2024-05-13,6.054520189556637,0.003207326624109899,2.1006426890186036
2024-05-14,6.082285808134284,0.004585932114907899,2.1795831079837944
2024-05-15,6.134670117236289,0.008612602359452942,2.152265325816016
2024-05-16,6.123445619445888,-0.0018296823750742122,2.205886743449566
2024-05-17,6.142379979045348,0.003092108720510512,2.0999629600855854
2024-05-20,6.1623546495897505,0.0032519431576272925,2.033854878001982
2024-05-21,6.15852387569729,-0.0006216412573261303,2.077146971340734
2024-05-22,6.136553350763829,-0.0035674985397331177,1.9987733964943002
2024-05-23,6.067677521408635,-0.011223862226606443,1.9548728447300456
2024-05-24,6.116139614221059,0.007986926240136409,2.0499544355322032
2024-05-28,6.118411705263879,0.00037149103619823093,1.9913242727146092
2024-05-29,6.084098700491135,-0.0056081555844342814,1.841936880310728
2024-05-30,6.095073878628003,0.001803911914838275,1.79451357528483
2024-05-31,6.1169196176801295,0.003584163127001092,1.8927174805598752
2024-06-03,6.128137187401516,0.0018338592661840758,1.822752086338645
2024-06-04,6.1291374096590285,0.00016321799380874096,1.7629017610384585
2024-06-05,6.2500944446223015,0.019734756602561136,1.8816820313318545
2024-06-06,6.241763428671582,-0.001332942409836306,1.802376001854977
2024-06-07,6.207984676197902,-0.005411732254785206,1.7507924962401948
2024-06-10,6.257957987024079,0.008049844423389112,1.7051554944496368
2024-06-11,6.230604825478122,-0.004370940425403003,1.6946230453079005
2024-06-12,6.29735123587246,0.010712669518278489,1.6628491610447147
2024-06-13,6.2765620396262545,-0.0033012603978290894,1.5867346008931855
2024-06-14,6.229615632362949,-0.007479637254744913,1.5241784051808491
2024-06-17,6.308002503122724,0.012582938560856726,1.5309878278835165
2024-06-18,6.320617594171667,0.001999855111455246,1.5932501538638275
2024-06-20,6.329247616239624,0.0013653763954830018,1.6615084088487213
2024-06-21,6.3268098562735435,-0.00038515793880862536,1.722902013870446
2024-06-24,6.318986671245388,-0.0012365133781281625,1.7094573876847257
2024-06-25,6.359656008685765,0.00643605368332933,1.826616697483461
2024-06-26,6.35385602986399,-0.0009119956824479838,1.8549576133802261
2024-06-27,6.376467177962328,0.003558649738373445,1.751526017258362
2024-06-28,6.3790666179750755,0.00040766147463788333,1.6958353638211103
2024-07-01,6.369219844373199,-0.001543607269146573,1.6875271066394106
2024-07-02,6.396831288339926,0.004335137527262361,1.6411667569176962
2024-07-03,6.453209940152158,0.008813528022069132,1.633231516130231
2024-07-05,6.476556043372038,0.0036177504585150244,1.6600495732866152
2024-07-08,6.495494124506,0.002924097468953956,1.7824603568972173
2024-07-09,6.533873049136784,0.0059085458157816205,1.7832979508300644
2024-07-10,6.6260409830628335,0.014106171520768434,1.8095770847326649
2024-07-11,6.590598105978505,-0.005349027748987043,1.7072721215548718
2024-07-12,6.64383021428067,0.008076976845830842,1.7087442877348156
2024-07-15,6.711358900825634,0.010164119847586342,1.676325644914118
2024-07-16,6.840075152181108,0.019178865749474278,1.8647733180249897
2024-07-17,6.676514506175107,-0.02391211242084764,1.6715865795778646
2024-07-18,6.631865513837466,-0.00668747028054003,1.5346336835320777
2024-07-19,6.624524056240167,-0.001106997357226361,1.439233991460348
2024-07-22,6.653521736495006,0.004377322809707841,1.5598573069461852
2024-07-23,6.628198796127224,-0.0038059453881217975,1.565555288276072
2024-07-24,6.512675767530076,-0.01742902289904869,1.4164555282631326
2024-07-25,6.4539701054027026,-0.009014061842301219,1.3809079016083825
2024-07-26,6.5171830962631505,0.009794435026516626,1.395819580412692
2024-07-29,6.500621070856902,-0.0025412858840415968,1.4159222931138076
2024-07-30,6.48776575919413,-0.001977551302044683,1.3055485557974664
2024-07-31,6.555804305954947,0.010487207659184693,1.3095088764464033
2024-08-01,6.449786630393889,-0.01617157416745313,1.2595052691024886
2024-08-02,6.299030748234757,-0.02337377820356275,1.2329467075431761
2024-08-05,6.1847192236971456,-0.01814747841477768,1.1295777700910616
2024-08-06,6.235490662299062,0.008209174380525175,1.2130776691318044
2024-08-07,6.181340454041148,-0.00868419362494057,1.097252929887959
2024-08-08,6.288564954097139,0.017346480242144243,1.2372458182289408
2024-08-09,6.3034682763658125,0.002369908298229959,1.3952600806424982
2024-08-12,6.302300592626499,-0.00018524464439550716,1.3968757696655196
2024-08-13,6.3880505183338085,0.013606130721158403,1.5252219730913736
2024-08-14,6.396322553706242,0.0012949232866417346,1.4952505353483614
2024-08-15,6.496204761433284,0.0156155676778944,1.697206953862304
2024-08-16,6.512314518965006,0.0024798721905077196,1.7958821991185816
2024-08-19,6.558119641661272,0.007033616475812603,1.8921048961834992
2024-08-20,6.540365381050188,-0.0027072181633127452,1.864769367133508
2024-08-21,6.56197261016289,0.003303673090696982,1.8277283461033018
2024-08-22,6.519268554343211,-0.006507807690867506,1.8267507050359717
2024-08-23,6.591431346974653,0.011069154772488302,1.7877410758216563
2024-08-26,6.569429016485362,-0.0033380201250808985,1.9181415593325104
2024-08-27,6.576060824514029,0.0010094953476208236,1.8934014382541478
2024-08-28,6.524726713630557,-0.007806209865351429,1.7828423354757457
2024-08-29,6.53467662054138,0.0015249538176116404,1.672195502356994
2024-08-30,6.577803638698606,0.006599717271648813,1.671625058471633
2024-09-03,6.496055836282729,-0.0124278265065465,1.566340002070077
2024-09-04,6.478202439070315,-0.002748344174121332,1.5469336888822105
2024-09-05,6.472151390797249,-0.0009340628561669419,1.5683326775326627
2024-09-06,6.391552383043428,-0.012453201862432482,1.5478350444686442
2024-09-09,6.442477709658635,0.007967599037490572,1.6625920921827326
2024-09-10,6.436297038783136,-0.0009593623996917132,1.6230149470406607
2024-09-11,6.484829687199892,0.00754046125036069,1.6032343045927755
2024-09-12,6.51647466493246,0.004879847160061886,1.6340046298445303
2024-09-13,6.595955930059717,0.012196972936145202,1.723173801594078
2024-09-16,6.641888923296455,0.006963811420784025,1.6751305871293718
2024-09-17,6.67611510867444,0.0051530800609954535,1.8034223473215976
2024-09-18,6.6742112639063675,-0.00028517254976614134,1.8406492290267282
2024-09-19,6.79820474458208,0.01857799757497339,1.9733022499371424
2024-09-20,6.80740662076533,0.001353574440455506,2.094328132315516
2024-09-23,6.838788870061255,0.004610015391205937,2.281082943373734
2024-09-24,6.87520875614341,0.005325487710491047,2.341305301664408
2024-09-25,6.8516762877241595,-0.0034228005656151157,2.2929500570890395
2024-09-26,6.943946689474424,0.01346683612528232,2.5045454972206946
2024-09-27,6.947908425495686,0.0005705308808414784,2.470869828417582
2024-09-30,6.945763953601626,-0.0003086499940314788,2.3909644023754666
2024-10-01,6.920218925089391,-0.003677785292284209,2.3579613431177373
2024-10-02,6.923047795525325,0.00040878337326548104,2.408877246459539
2024-10-03,6.919700397488721,-0.00048351508403101637,2.584749611411642
2024-10-04,7.029727261417927,0.0159005242436705,2.624936087203137
2024-10-07,7.019031454933401,-0.0015215108761371158,2.632089970253857
2024-10-08,7.073854577554311,0.007810639255986914,2.5947443341226832
2024-10-09,7.141171976719409,0.009516367410025602,2.605328450334771
2024-10-10,7.121508597659213,-0.0027535226884745916,2.5109243939580965
2024-10-11,7.2075450762144575,0.012081215289626029,2.571602296454421
2024-10-14,7.215598330464582,0.0011173366472171558,2.6780808987354843
2024-10-15,7.140884488359411,-0.01035449018686723,2.6859491667588995
2024-10-16,7.185915295913151,0.0063060546109022855,2.6224020702912747
2024-10-17,7.156036236791783,-0.004158003245371052,2.5528230215917875
2024-10-18,7.185188242403857,0.004073764392387123,2.779550809911888
2024-10-21,7.161133476471172,-0.003347826823899187,2.837055530091202
2024-10-22,7.188261890539878,0.0037882849353163346,3.012515200098178
2024-10-23,7.117131099223327,-0.00989540898755548,2.946671441098745
2024-10-24,7.170528930471102,0.00750271851162085,2.90489776144483
2024-10-25,7.1816222414822395,0.0015470701141720698,3.1498835454121363
2024-10-28,7.246572052907769,0.00904389137183637,3.2993817395499083
2024-10-29,7.2625784196595555,0.002208819098868162,3.3909450336695546
2024-10-30,7.17077796386103,-0.012640201660339299,3.213436385457422
2024-10-31,7.052141404519481,-0.016544447469918705,3.0148753385961826
2024-11-01,7.045897118866068,-0.0008854453272038325,2.9383746780933353
2024-11-04,7.0388225803469515,-0.0010040649756543469,2.7593551194469925
2024-11-05,7.118150848774441,0.011270104839548168,2.7452001060935656
2024-11-06,7.289437586802122,0.024063375680942856,2.9043976738194317
2024-11-07,7.325837343352784,0.004993493135405464,2.9215631846622823
2024-11-08,7.34061703717743,0.0020174750177953628,2.965660981323104
2024-11-11,7.391810716958725,0.006974029502154736,3.0683885562265343
2024-11-12,7.36523778583121,-0.003594914987007025,2.987929602093715
2024-11-13,7.335283006544449,-0.00406704849969501,2.9683043962311038
2024-11-14,7.305833494985026,-0.004014775099085979,2.8291948665897237
2024-11-15,7.2873739108254885,-0.002526691057524036,2.772858040196482
2024-11-18,7.346044981061158,0.008051058029081331,2.848088868542654
2024-11-19,7.394055703220218,0.006535587827577382,2.8648401487446318
2024-11-20,7.39375000419234,-4.1343890301621746e-05,2.836036688118973
2024-11-21,7.408856196455632,0.002043102925406847,2.881908165682165
2024-11-22,7.463452585219479,0.007369071192118085,2.913457667419998
2024-11-25,7.498701573790512,0.004722879681829644,2.9434491994200003
2024-11-26,7.452277718718463,-0.0061909191364954924,2.8983975215377664
2024-11-27,7.469955060398497,0.0023720723176530716,2.8991196210979493
2024-11-29,7.482254128406784,0.001646471485951588,2.8903139978600496
2024-12-02,7.509165363838529,0.0035966748749650793,2.921061690857681
2024-12-03,7.508203416096982,-0.000128103150608533,2.8660793874788784
2024-12-04,7.5373727141845395,0.003884990385985125,2.894806840480118
2024-12-05,7.514339030804219,-0.0030559299975935917,2.8933967066456887
2024-12-06,7.566298983028741,0.006914773476618254,2.952327720697602
2024-12-09,7.509940089140696,-0.007448673917652248,2.811802474697347
2024-12-10,7.471657272989358,-0.005097619381371014,2.6850336424057923
2024-12-11,7.527455897069871,0.007468038487556114,2.745878474469059
2024-12-12,7.5268913153979575,-7.500298635194039e-05,2.758590296222144
2024-12-13,7.541196532722568,0.0019005478789558376,2.6396448250177866
2024-12-16,7.547330591987383,0.0008134066309237151,2.506442691711781
2024-12-17,7.51236979767303,-0.0046322065647248474,2.5006002804825984
2024-12-18,7.355485444553807,-0.020883470508576203,2.284308037143307
2024-12-19,7.322933857634054,-0.004425484512902432,2.158904629487577
2024-12-20,7.394867585945484,0.009823074973760745,2.3971424194219377
2024-12-23,7.413570482433146,0.002529172601171206,2.316978565684905
2024-12-24,7.474093062907704,0.008163755995571946,2.3723907609678356
2024-12-26,7.468679412873078,-0.0007243219998814435,2.3313936839135736
2024-12-27,7.418688118594907,-0.006693458309645128,2.257701304741335
2024-12-30,7.3616815206698245,-0.007684188499877224,2.197437449487916
2024-12-31,7.341338990335249,-0.002763299427917245,2.256690804008115
2025-01-02,7.3591295878677405,0.002423345054071572,2.364037095278521
2025-01-03,7.488248866132471,0.0175454551687195,2.59708448336906
2025-01-06,7.5996151867187836,0.014872144686589525,2.680888790399899
2025-01-07,7.522502864334318,-0.010146871978363805,2.561906830275661
2025-01-08,7.468996889002234,-0.007112788960940914,2.40780076525175
2025-01-10,7.356654657215649,-0.015041140524774494,2.3523700101244085
2025-01-13,7.362442685181232,0.0007867744559556311,2.3487591066896942
2025-01-14,7.3846456577472015,0.0030157073562907502,2.437168775461547
2025-01-15,7.580154189435759,0.026475005132230046,2.657062396881926
2025-01-16,7.588508921571677,0.0011021849855721722,2.711757648606508
2025-01-17,7.649733975593033,0.008068127039728932,2.832989201466119
2025-01-21,7.68268007357459,0.004306829242255274,2.836973117163568
2025-01-22,7.68359006400552,0.00011844700315709325,2.701460901981126
2025-01-23,7.7048755104496705,0.002770247536221963,2.6891545439902624
2025-01-24,7.674031619215936,-0.004003165423231428,2.6357197129727172
2025-01-27,7.515725293914807,-0.020628834119568368,2.4597962261720814
2025-01-28,7.52153525432045,0.0007730405487740845,2.4263166263761717
2025-01-29,7.514865130219399,-0.000886803541500285,2.4190354499377698
2025-01-30,7.579324509418377,0.00857758297481213,2.379733866840859
2025-01-31,7.555993027148545,-0.0030783062845298114,2.3757880772978996
2025-02-03,7.515936949888511,-0.005301232692527996,2.451289741814859
2025-02-04,7.572606266672,0.007539887197208392,2.435852775503368
2025-02-05,7.583324727519312,0.0014154256103984621,2.3905202685539075
2025-02-06,7.595901010502434,0.0016584128248502848,2.4842848087852842
2025-02-07,7.571413557234876,-0.0032237720362207163,2.3614290343838915
2025-02-10,7.629770731337233,0.007707566580693986,2.3766149621446826
2025-02-11,7.600350131865876,-0.0038560266759418756,2.296297264843892
2025-02-12,7.6216399076783565,0.0028011572418512438,2.256208157413536
2025-02-13,7.703738949229364,0.010771834217501807,2.2447465177050976
2025-02-14,7.735755088868918,0.004155922189284044,2.474053412735993
2025-02-18,7.799538310860001,0.008245248364036431,2.3814410237686356
2025-02-19,7.800267661884748,9.351207669964423e-05,2.33056384616373
2025-02-20,7.762643510149025,-0.004823443677397054,2.366134311160184
2025-02-21,7.6572992407806355,-0.013570669480140409,2.279613550093924
2025-02-24,7.594584635321807,-0.008190172995307296,2.231811943524413
2025-02-25,7.52157494006219,-0.009613388850794328,2.051781880171352
2025-02-26,7.564274636837695,0.005676962220780815,2.087134055553986
2025-02-27,7.464529205661564,-0.013186384149826463,1.9503100764138603
2025-02-28,7.541119030846101,0.01026050311738958,1.962383022371491
2025-03-03,7.45170184202849,-0.011857283839687477,1.8840068867890518
2025-03-04,7.4031441552882775,-0.006516321743623912,1.7772262186719894
2025-03-05,7.466170000050916,0.008513388830557567,1.7945416248383181
2025-03-06,7.365698153021783,-0.013456946068526128,1.6482777956838055
2025-03-07,7.3996040262406595,0.004603212419852803,1.7447714033199577
2025-03-10,7.255139440117322,-0.019523286058420672,1.5312214636457617
2025-03-11,7.262126331396046,0.0009630264637078939,1.4970471984320235
2025-03-12,7.309293722547614,0.0064949835625485175,1.5403418182790332
2025-03-13,7.266096532796451,-0.005909899285878916,1.492849451291471
2025-03-14,7.367782261321116,0.01399454687474825,1.5680366634145508
2025-03-17,7.413211795939682,0.00616597138830485,1.5959774430786302
2025-03-18,7.360662587493583,-0.007088588575721075,1.6014721697046783
2025-03-19,7.415500977486883,0.00745019749804525,1.6632822494011374
2025-03-20,7.418661237806493,0.00042616949673445804,1.6478618338218132
2025-03-21,7.427515955736771,0.0011935735635364441,1.6920099544002332
2025-03-24,7.5055896140512495,0.010511409033618692,1.668088522141023
2025-03-25,7.505103576542505,-6.475673914200226e-05,1.6218752823341165
2025-03-26,7.444303307631694,-0.008101189849110802,1.6209318373672486
2025-03-27,7.410786638693114,-0.004502324469264923,1.4854658923911397
2025-03-28,7.3300430648102,-0.010895412028371809,1.4099674761648069
2025-03-31,7.339917889536583,0.001347171447571639,1.3184755767552756
2025-04-01,7.350189060557697,0.0013993577551809422,1.3466271208364
2025-04-02,7.385166120973277,0.0047586613252266615,1.3844864383839128
2025-04-03,7.180340172564584,-0.027734778751557648,1.2381203855099474
2025-04-04,7.020770224175266,-0.0222231739102028,1.0103629166711252
2025-04-07,7.032158537383045,0.0016220888654872295,1.1791966208630495
2025-04-08,6.975097938293002,-0.008114236729264155,1.081017530573966
2025-04-09,7.198545621389563,0.03203506030644285,1.25682558920905
2025-04-10,7.10108214910381,-0.013539328277111054,1.148078732653899
2025-04-11,7.1321206972305,0.004370960295200349,1.2785937698491256
2025-04-14,7.1498657394092335,0.0024880456924438474,1.2108500003400045
2025-04-15,7.1594087141374345,0.0013347068428993226,1.4345262728990655
2025-04-16,7.121186460090224,-0.005338744521141052,1.5252252670387945
2025-04-17,7.137195824634255,0.0022481316328048706,1.5827681782472516
2025-04-21,7.099546980272857,-0.005275019109249115,1.5823450674570407
2025-04-22,7.149232367996279,0.006998388469219208,1.6195181355559403
2025-04-23,7.187678481918196,0.005377656221389772,1.7549383744060565
2025-04-24,7.243944228069565,0.007828083336353302,1.7180056169773708
2025-04-25,7.255666937363036,0.0016182771325111388,1.61563894399761
2025-04-28,7.261384819722202,0.0007880574464797975,1.6221510719060008
2025-04-29,7.26681535846424,0.0007478654384613037,1.5980320639079222
2025-04-30,7.253119064862751,-0.0018847724795341492,1.4867365966870174
2025-05-01,7.263345686249893,0.0014099618792533877,1.4715826706216693
2025-05-02,7.306261514591067,0.005908548235893251,1.6324596966675815
2025-05-05,7.29255960907002,-0.0018753647804260255,1.6447531568113072
2025-05-06,7.281347889648985,-0.0015374189615249634,1.5496121332508968
2025-05-07,7.2823420670642225,0.00013653755187988277,1.5018558777883404
2025-05-08,7.30801816036893,0.0035258015990257264,1.4649296015490534
2025-05-09,7.30770488054938,-4.286795854568481e-05,1.5042872794766469
2025-05-12,7.3718804954091235,0.008781911134719848,1.569738153058003
2025-05-13,7.402837781037815,0.0041993743181228645,1.5717001140524087
2025-05-14,7.409540404629207,0.0009054127335548399,1.5856916195084743
2025-05-15,7.412590420058138,0.00041163355112075803,1.5652450163005192
2025-05-16,7.426676994837556,0.0019003579020500183,1.5459264276775908
2025-05-19,7.422347902573044,-0.0005829110741615295,1.480270775750969
2025-05-20,7.412822812929743,-0.0012832987308502197,1.4844252086651923
2025-05-21,7.371878568864854,-0.005523434877395629,1.4192250587198851
2025-05-22,7.372380543963418,6.809324026107788e-05,1.3958681785306253
2025-05-23,7.358729335793857,-0.001851668953895569,1.3865724639946937
2025-05-27,7.3983087039761175,0.005378560125827789,1.452719992144237
2025-05-28,7.387003559570307,-0.0015280714631080627,1.5303658219868774
2025-05-29,7.391761405355893,0.0006440833210945129,1.4778912136454498
2025-05-30,7.390969487691912,-0.00010713517665863036,1.4743026842739946
2025-06-02,7.400727219373217,0.0013202235102653503,1.5276045050114402
2025-06-03,7.4210595744900845,0.0027473455667495726,1.5345179127269808
2025-06-04,7.4140560381910845,-0.0009437380509751301,1.5009701384943384
2025-06-05,7.383908777379983,-0.004066230502684008,1.4560900657166325
2025-06-06,7.446934064151293,0.008535490980655425,1.5159454231961296
2025-06-09,7.465474365581352,0.0024896556449064003,1.40159767357398
2025-06-10,7.511344166619331,0.006144258059401581,1.4567397228577108
2025-06-11,7.506962304925911,-0.0005833658525318553,1.494512782122452
2025-06-12,7.489682167054029,-0.0023018815294361546,1.418488708681246
2025-06-13,7.440710834668194,-0.006538506079904415,1.4011195268209595
2025-06-16,7.497481535893754,0.0076297416318143,1.379976822345816
2025-06-17,7.449846784969178,-0.006353433575865128,1.3557017231568953
2025-06-18,7.475135725002499,0.0033945584068041895,1.4399405862453554
2025-06-20,7.4800337005097015,0.0006552356622529257,1.3554982942210432
2025-06-23,7.4814630759271425,0.00019109210929660957,1.3418720891431921
2025-06-24,7.557905112312199,0.010217525049481658,1.4052223038965745
2025-06-25,7.552400556332198,-0.0007283176883280072,1.4025979681142662
2025-06-26,7.603695793067704,0.006791911572076131,1.4618130115493266
2025-06-27,7.610585847372598,0.0009061454445844592,1.4214350823963664
2025-06-30,7.650649785562326,0.005264238390209971,1.4672978841961721
2025-07-01,7.669998237605438,0.002528994606396,1.459728416979593
2025-07-02,7.720347002078307,0.006564377580429056,1.5047324461964093
2025-07-03,7.745629885860763,0.003274837747014462,1.5410080185089245
2025-07-07,7.697611563782024,-0.00619940828394011,1.460138306097825
2025-07-08,7.718058997298509,0.002656334805550938,1.4162589140572572
2025-07-09,7.757898537858983,0.005161860070572171,1.427444225911031
2025-07-10,7.787846440524751,0.003860311206652185,1.4342990598975054
2025-07-11,7.757378647208652,-0.003912223173476738,1.3604909109094376
2025-07-14,7.757001284584491,-4.864563679599817e-05,1.260249031180043
2025-07-15,7.70286971404122,-0.006978414538985147,1.2471102772534826
2025-07-16,7.73122182995967,0.0036807212079376095,1.2154311826259405
2025-07-17,7.800156541468186,0.008916405844336762,1.2067434386078748
2025-07-18,7.782169009875379,-0.002306047512915898,1.0540431991838624
2025-07-21,7.787016598619683,0.0006229097232600466,1.2644707273772036
2025-07-22,7.809430155756114,0.002878324047800661,1.3410785952744928
2025-07-23,7.918094687815298,0.01391452767896147,1.4508573975349621
2025-07-24,7.881733833826003,-0.00459212164325963,1.3805420035176346
2025-07-25,7.9427717267263835,0.0077442215364371784,1.4689795953087967
2025-07-28,7.94811826046632,0.0006731319901773423,1.625777227591595
2025-07-29,7.875987288410426,-0.009075226323024228,1.6252375043590175
2025-07-30,7.860223974748046,-0.0020014397033847947,1.5362283710826394
2025-07-31,7.802200498834492,-0.007381911266137152,1.4956426991783136
2025-08-01,7.592718661761273,-0.026849071246568393,1.2715037800925544
2025-08-04,7.728824358762819,0.01792581854599812,1.3207445423585493
2025-08-05,7.728720529782472,-1.343399403671881e-05,1.4560031041232553
2025-08-06,7.691823343035244,-0.00477403557355258,1.6257355832643239
2025-08-07,7.721335600330184,0.003836835036215667,1.8172260496933668
2025-08-08,7.695972065499184,-0.0032848636743511715,1.7283682457779874
2025-08-11,7.682792694592741,-0.001712502435595586,1.7882579369284954
2025-08-12,7.787731169505086,0.013658897107324399,1.7650064712855376
2025-08-13,7.87794208917512,0.011583722872109176,1.8318404135424775
2025-08-14,7.871024944254964,-0.0008780395745306377,1.8262318529961574
2025-08-15,7.862243011746311,-0.0011157292183481837,1.7180484283445725
2025-08-18,7.885055923598157,0.0029015780633801004,1.7306322959592766
2025-08-19,7.825421061276077,-0.0075630233824476615,1.553310878828249
2025-08-20,7.7946835842971165,-0.00392790071464201,1.5011010167052723
2025-08-21,7.795791758021886,0.0001421704566689381,1.4477912684941667
2025-08-22,7.919983389539717,0.015930598888822103,1.5860203612207437
2025-08-25,7.894589582775088,-0.0032062954574082793,1.5337717399694253
2025-08-26,7.91675310634974,0.0028074320193933553,1.6103544326010446
2025-08-27,7.929008867786825,0.0015480792785183936,1.539665158890531
2025-08-28,7.956039415475689,0.0034090701800928956,1.5940968487442309
2025-08-29,7.8527833655170785,-0.012978323078410382,1.4734111155932081
2025-09-02,7.787929462390979,-0.008258715427052787,1.469447144729544
2025-09-03,7.830250176979665,0.0054341420005227115,1.4994915323762212
2025-09-04,7.907950367123658,0.009923078878427829,1.523483200733353
2025-09-05,7.9001640736915,-0.0009846158701916905,1.6229571635264695
2025-09-08,7.929044839775504,0.0036557172502504464,1.6742465636431592
2025-09-09,8.05820880045019,0.016289977328258303,1.7981876982243268
2025-09-10,8.072448040152706,0.0017670477466059074,1.9214631465229173
2025-09-11,8.284612323502223,0.02628252077860431,2.0295795026556966
2025-09-12,8.341520215028892,0.006869107364894951,2.0888324191662595
2025-09-15,8.379417021723576,0.0045431534921423445,2.0673213792736385
2025-09-16,8.33631731263296,-0.005143521199491489,1.9876057293416676
2025-09-17,8.374732816789402,0.004608210402239023,1.9350039685512996
2025-09-18,8.504112561882279,0.015448820627865307,1.9909156670746841
2025-09-19,8.544192136032036,0.004712963740555953,1.9876944644461192
2025-09-22,8.589328940596573,0.005282746905256109,2.030072113985771
2025-09-23,8.569573224541115,-0.0023000302109848878,1.8845891977868312
2025-09-24,8.532257334340926,-0.004354463077965776,1.83813969245494
2025-09-25,8.444461152387946,-0.01028991256506232,1.7152352661596302
2025-09-26,8.517325105605556,0.00862860896660116,1.738943021720899
2025-09-29,8.56693123025867,0.005824143617632504,1.810922133719248
2025-09-30,8.620317825769186,0.006231705855412322,1.7613496774352146
2025-10-01,8.72439902895526,0.012073940345324325,1.8445637371928052
2025-10-02,8.756208287081657,0.0036460113780705057,1.8751495240227973
2025-10-03,8.804405198001763,0.005504312978851046,1.9469767545849996
2025-10-06,8.901186566317403,0.010992380080099501,2.0235698736500365
2025-10-07,8.824641438326987,-0.00859942968503398,1.9549820180118531
2025-10-08,8.952904368676792,0.014534633644460268,1.9466524994093564
2025-10-09,8.871065254981602,-0.009141068677279483,1.8819019028944755
2025-10-10,8.433042186442943,-0.04937660314162207,1.3418234913289122
2025-10-13,8.64348831996601,0.024954948507358868,1.434580023043799
2025-10-14,8.673826226150881,0.0035099146388375643,1.47952412451045
2025-10-15,8.769114534059462,0.01098572941446464,1.4725802776804209
2025-10-16,8.63917383709103,-0.014817995187967808,1.3502988878329374
2025-10-17,8.674664158793158,0.004108068939387928,1.4572061351838617
2025-10-20,8.828079845491239,0.01768549005353341,1.5284578673615468
2025-10-21,8.907282120436724,0.008971631015088334,1.619781141397497
2025-10-22,8.772080275935593,-0.015178798950459467,1.474533924931359
2025-10-23,8.846242662271939,0.0084543670376336,1.5559492105402286
2025-10-24,8.973863107886789,0.014426514226105695,1.6236740201615174
2025-10-27,9.049266664956834,0.008402574918239562,1.75428526745965
2025-10-28,9.050299266062185,0.00011410881606019896,1.7042946641963217
2025-10-29,9.041250932188058,-0.0009997828368014247,1.6862974123006125
2025-10-30,8.951682384399716,-0.00990665434021601,1.5515261148117618
2025-10-31,9.012609651244992,0.006806236440141769,1.5824195051139194
2025-11-03,9.020370292080205,0.0008610869809657086,1.6844534774648063
2025-11-04,8.869388057392348,-0.016737919819147275,1.682811359963545
2025-11-05,8.918912041497437,0.005583697971565548,1.7274933338027476
2025-11-06,8.828999430532123,-0.010081118700013375,1.6589349871592787
2025-11-07,8.85723404874703,0.0031979408807374403,1.6064330306036507
2025-11-10,8.948919060285366,0.010351426984285933,1.5271242727707066
2025-11-11,8.942788262837974,-0.0006850880431581521,1.4873766730700444
2025-11-12,8.957303529489202,0.0016231253860217747,1.4846057957921688
2025-11-13,8.846914719149389,-0.012323888542616892,1.3430553648881738
2025-11-14,8.843386826919374,-0.0003987709096345353,1.3662769258215282
2025-11-17,8.751790653511348,-0.010357589823980974,1.3184326678676463
2025-11-18,8.730997887745348,-0.002375829883185939,1.3304358149017501
2025-11-19,8.72878319248564,-0.0002536588930821736,1.3468210355529906
2025-11-20,8.591905187159114,-0.015681224095972467,1.1728514896137492
2025-11-21,8.669303447802532,0.009008276855649216,1.1891995392719044
2025-11-24,8.760846675734838,0.010559467491648206,1.260638845066985
2025-11-25,8.801175279500258,0.004603276972888895,1.2781569223327207
2025-11-26,8.873070917860893,0.008168867915640301,1.283403801824473
2025-11-28,8.936595853126768,0.007159295339114705,1.2996543941655712
2025-12-01,8.9226642550567,-0.0015589379109265267,1.3334639917871969
2025-12-02,8.947935219257625,0.0028322217981700303,1.3366314726517021
2025-12-03,9.096556908184057,0.01660960716463062,1.4326924597469377
2025-12-04,9.121595607158541,0.002752546840217946,1.426953532408713
2025-12-05,9.16180972556505,0.004408671480124366,1.458118323989768
2025-12-08,9.171069276519123,0.0010106683320694361,1.4384365879062135
2025-12-09,9.176797832640267,0.0006246333931649046,1.4645948035808931
2025-12-10,9.28731588715477,0.012043204670087805,1.4971002270633844
2025-12-11,9.270017632405125,-0.001862567717069955,1.5382152175460968
2025-12-12,9.14760268871484,-0.013205470425682795,1.475990872819979
2025-12-15,9.095866890176206,-0.005655667424478352,1.3850822877620355
2025-12-16,9.089154548542828,-0.000737955129997266,1.380433176113933
2025-12-17,8.956455964520998,-0.01459966197220231,1.2589611292458178
2025-12-18,9.025671296549532,0.007727982173162661,1.3051176000978846
2025-12-19,9.17478009299496,0.01652052147106559,1.443343470154965
2025-12-22,9.266428903060287,0.009989210546343453,1.6702769734789382
2025-12-23,9.254879421064347,-0.0012463789574995755,1.6932384313043745
2025-12-24,9.303863921591352,0.005292829684578634,1.6642767824984959
2025-12-26,9.289563811495356,-0.0015370076579484867,1.6359599422347166
2025-12-29,9.242879918608784,-0.005025412800200901,1.5452279120278571
2025-12-30,9.234646440111831,-0.0008907914599622313,1.5440532193632892
2025-12-31,9.163110393326303,-0.007746484637982702,1.5361253557444232
2026-01-02,9.252735921741998,0.009781125029441062,1.6569403183784874
2026-01-05,9.379398151506217,0.013689165111325665,1.7646791914096145
2026-01-06,9.435794418067406,0.0060127809535552,1.788479248031431
2026-01-07,9.37843541468057,-0.006078873791167586,1.6342465854452533
2026-01-08,9.389162401515847,0.0011437927928239062,1.5462913038112802
2026-01-09,9.47742296507966,0.009400259553457434,1.6845850413604129
2026-01-12,9.48106471654896,0.00038425545453850526,1.7396529534401166
2026-01-13,9.503381713346887,0.0023538492210661327,1.872979787852457
2026-01-14,9.470586178643947,-0.0034509331196157416,1.8422576097879426
2026-01-15,9.429213027708059,-0.004368594525773217,1.7892400814162404
2026-01-16,9.389734595381913,-0.004186821552353986,1.5986951198281367
2026-01-20,9.16498983747358,-0.023935155528130414,1.3983486376378549
2026-01-21,9.34926196041454,0.020106091355116498,1.471375413758517
2026-01-22,9.42179226042248,0.007757863702508243,1.4941368030706532
2026-01-23,9.368340765777647,-0.005673176946318767,1.4523160353555473
2026-01-26,9.374079166158245,0.0006125311326804085,1.4374306883593755
2026-01-27,9.420304680710599,0.004931205906520942,1.4998533823139277
2026-01-28,9.389662368828475,-0.003252794142090587,1.638601597935363
2026-01-29,9.4306496777118,0.004365152576666998,1.6633955342210078
2026-01-30,9.401657123658815,-0.00307429021793756,1.6474863872370202
2026-02-02,9.441903780794654,0.004280804607792068,1.619163856370081
2026-02-03,9.405504042638764,-0.0038551269956731546,1.6134220903651888
2026-02-04,9.378804180141195,-0.0028387487131501473,1.6317509713396416
2026-02-05,9.246903392315378,-0.014063710606636321,1.473047929198569
2026-02-06,9.424795976901196,0.01923807106427177,1.584956105934527
2026-02-09,9.462841632170877,0.004036761683003537,1.601142360150598
2026-02-10,9.441422010173625,-0.0022635507207931665,1.608093297647312
2026-02-11,9.405402301277858,-0.003815072438977208,1.5288444747989673
2026-02-12,9.275548771210879,-0.013806270684384975,1.45283103506756
2026-02-13,9.303565371195823,0.003020478968522209,1.4543185337973334
2026-02-17,9.300101907472428,-0.0003722727347214637,1.3803650867839556
2026-02-18,9.344625588268435,0.004787440098934368,1.3845948163337778
2026-02-19,9.327118115307558,-0.001873533914815896,1.3158938965678122
2026-02-20,9.365372748264967,0.004101441890676365,1.3434044155823213
2026-02-23,9.252867318026476,-0.012012915370542275,1.2893455165792296
2026-02-24,9.325145133207796,0.007811396478203919,1.4428896998654228
2026-02-25,9.414994594474644,0.009635181006125405,1.5670173726700198
2026-02-26,9.420935534317389,0.0006310083115958926,1.6426622434997158
2026-02-27,9.381325332299523,-0.004204487109966714,1.5736262155793728
2026-03-02,9.372582080288758,-0.0009319847357454336,1.6670079343474111
2026-03-03,9.306658300995203,-0.007033683858816135,1.5467771188450676
2026-03-04,9.401851621380018,0.010228517831651403,1.704802631703436
2026-03-05,9.419308772735183,0.0018567780112023044,1.7660217294365252
2026-03-06,9.317691434872414,-0.01078819479375258,1.6270309728516303
2026-03-09,9.35276345095362,0.0037640242034574244,1.7565613111994536
2026-03-10,9.325947758550672,-0.0028671410908200296,1.7038038700096954
2026-03-11,9.325661698949713,-3.067351526802338e-05,1.86082939589999
2026-03-12,9.207225530230689,-0.012700028431479729,1.7550815731559308
2026-03-13,9.183812249444292,-0.0025429246529828408,1.6917447609082847
2026-03-16,9.259475688622178,0.008238783320343137,1.7919199903074399
2026-03-17,9.288871797006028,0.003174705498711084,1.7222887251211627
2026-03-18,9.169647762179492,-0.012835146983615741,1.5804101640381634
2026-03-19,9.182342004887385,0.0013843762636392449,1.6431755967923818
2026-03-20,9.062552857549468,-0.013045598527495338,1.4918193087471658
2026-03-23,9.151015921092243,0.009761384560541478,1.5548432373072913
2026-03-24,9.138098983051275,-0.0014115304958868756,1.5362366753928531
2026-03-25,9.209096057179458,0.007769348336001082,1.5185832197598943
2026-03-26,9.122194162855411,-0.009436528165682339,1.4484935662998892
2026-03-27,9.037013656310794,-0.009337721278885098,1.4389243820937792
2026-03-30,8.98255598286137,-0.006026069619956075,1.4275224847368033
2026-03-31,9.13956202035043,0.01747899348343885,1.621973894289701
2026-04-01,9.172411385000437,0.003594194620799473,1.637477056131817
2026-04-02,9.19096759288657,0.002023045751794345,1.6418178543376096
2026-04-06,9.21853751265135,0.002999675440714107,1.6298819491094507
2026-04-07,9.201651883611316,-0.0018317036749985372,1.8494863963393202
2026-04-08,9.30767741717433,0.011522445633033868,2.1152511849151616
2026-04-09,9.329811002592663,0.0023779923203497044,2.120662458946691
2026-04-10,9.331993388927907,0.00023391538527825915,2.18612277207675
2026-04-13,9.395096014681652,0.006761966401370689,2.053092049363029
2026-04-14,9.449771027974897,0.005819526826315041,2.20925354394488
2026-04-15,9.531020881410425,0.008598076418465399,2.238110165315938
2026-04-16,9.584552046685262,0.0056165195670954005,2.260389885609669
2026-04-17,9.623529891369788,0.0040667361911823,2.2803032731846153
2026-04-20,9.629933961957997,0.0006654596245344886,2.3279858781810496
2026-04-21,9.613637940496803,-0.0016922256710761431,2.298003463508977
2026-04-22,9.69358297893716,0.008315794596714835,2.3992331164595098
2026-04-23,9.615126573172724,-0.008093643592354989,2.282836133176378
2026-04-24,9.668286329337162,0.005528763013142293,2.2838835633503294
2026-04-27,9.650596262588785,-0.0018297003363150182,2.213874665666372
2026-04-28,9.613659725086036,-0.003827383976877744,2.1716435124821705
2026-04-29,9.61121107129715,-0.00025470568533799933,2.163738068234867
2026-04-30,9.67965715925215,0.007121484217468284,2.2091941929931362
2026-05-01,9.707941057571857,0.002921993811802799,2.245484670313973
2026-05-04,9.686129367255093,-0.0022467884989630814,2.217450865374646
2026-05-05,9.7492843369404,0.006520145177784808,2.2216355266911494
