date,equity,return,rolling_sharpe_252
2015-02-02,1.0144764399528503,0.014476439952850343,
2015-02-03,1.0335690362025887,0.01882014751434326,
2015-02-04,1.0294403774950813,-0.003994565010070801,
2015-02-05,1.0467483516523435,0.016812993288040163,
2015-02-06,1.0442920267060682,-0.0023466241359710693,
2015-02-09,1.0391277930637217,-0.004945200681686401,
2015-02-10,1.0549169287970657,0.015194604396820067,
2015-02-11,1.0549414600000138,2.3254156112670877e-05,
2015-02-12,1.0690939352742306,0.013415412902832031,
2015-02-13,1.0746442526148368,0.005191608667373658,
2015-02-17,1.0766342565133955,0.0018517792224884034,
2015-02-18,1.0734118252083233,-0.002993060350418091,
2015-02-19,1.0774589342863552,0.003770322799682617,
2015-02-20,1.0842892218384472,0.006339255571365357,
2015-02-23,1.078430969910957,-0.005402849912643433,
2015-02-24,1.0824536565501213,0.0037301290035247803,
2015-02-25,1.0824785532443635,2.3000240325927673e-05,
2015-02-26,1.0845939602217074,0.0019542253017425537,
2015-02-27,1.0809171687402501,-0.003390016555786133,
2015-03-02,1.0910974424770497,0.00941818118095398,
2015-03-03,1.0834026843030689,-0.0070523107051849365,
2015-03-04,1.0780882095539024,-0.0049053549766540526,
2015-03-05,1.0774701054654525,-0.0005733335018157957,
2015-03-06,1.0621430892077397,-0.014225003719329835,
2015-03-09,1.0642392313940534,0.0019735026359558095,
2015-03-10,1.045077014993456,-0.018005553483963013,
2015-03-11,1.0443531859197108,-0.0006926083564758298,
2015-03-12,1.0545047035306838,0.009720387458801268,
2015-03-13,1.0489453750197235,-0.00527198076248169,
2015-03-16,1.05986178161685,0.010407030582427979,
2015-03-17,1.059611462379428,-0.00023618102073669363,
2015-03-18,1.069880129255762,0.009690973758697511,
2015-03-19,1.0655610959348167,-0.004036931991577148,
2015-03-20,1.0735077840313683,0.007457749843597413,
2015-03-23,1.0721952804158281,-0.0012226307392120361,
2015-03-24,1.0671472184233453,-0.004708155393600463,
2015-03-25,1.0442779150724208,-0.021430317163467404,
2015-03-26,1.0404272276509063,-0.0036874163150787355,
2015-03-27,1.042180373019854,0.001685024499893188,
2015-03-30,1.0536495616838513,0.01100499391555786,
2015-03-31,1.0465735679185213,-0.006715699434280395,
2015-04-01,1.0415860943107815,-0.0047655260562896725,
2015-04-02,1.0417411934669376,0.00014890670776367183,
2015-04-06,1.050092261321189,0.008016451597213745,
2015-04-07,1.0474697984143222,-0.0024973642826080318,
2015-04-08,1.053473243355331,0.005731377601623535,
2015-04-09,1.0596952084316544,0.005906144380569458,
2015-04-10,1.064392042796131,0.004432250261306762,
2015-04-13,1.0622581434517482,-0.00200480580329895,
2015-04-14,1.0628288011619595,0.0005372118949890136,
2015-04-15,1.07319331818842,0.009751821756362916,
2015-04-16,1.075516542955371,0.002164777517318726,
2015-04-17,1.0627279344441685,-0.011890666484832764,
2015-04-20,1.0722240150551747,0.00893557071685791,
2015-04-21,1.0749245890017087,0.0025186657905578616,
2015-04-22,1.0816547540418118,0.006261057853698731,
2015-04-23,1.0830949848832963,0.0013315069675445556,
2015-04-24,1.0887307790335372,0.005203416347503663,
2015-04-27,1.0884190830001874,-0.0002862930297851568,
2015-04-28,1.0931266915080582,0.004325180053710937,
2015-04-29,1.0925221664146727,-0.0005530238151550293,
2015-04-30,1.0806733654789022,-0.010845364332199098,
2015-05-01,1.0935746499412602,0.01193819046020508,
2015-05-04,1.0954321698276193,0.0016985762119293216,
2015-05-05,1.0812036966114396,-0.01298891305923462,
2015-05-06,1.0748789664864655,-0.005849711894989014,
2015-05-07,1.0786547600369176,0.0035127615928649907,
2015-05-08,1.0900005138471758,0.010518429279327394,
2015-05-11,1.0870592993177588,-0.0026983606815338137,
2015-05-12,1.0827697188958862,-0.003946040868759156,
2015-05-13,1.0844070738399656,0.0015121912956237793,
2015-05-14,1.0937907500955122,0.008653278350830079,
2015-05-15,1.0940474619634155,0.000234699249267578,
2015-05-18,1.098736256736125,0.004285732507705689,
2015-05-19,1.0958834195686242,-0.0025964713096618655,
2015-05-20,1.093638036456351,-0.002048925161361694,
2015-05-21,1.0983651150284537,0.004322342872619628,
2015-05-22,1.096451323727866,-0.0017423999309539796,
2015-05-26,1.084444253398347,-0.010950846672058104,
2015-05-27,1.0990018778122925,0.013424041271209719,
2015-05-28,1.1000197682775097,0.0009261953830718996,
2015-05-29,1.0955893099829987,-0.004027616977691651,
2015-06-01,1.0977575419282117,0.001979055404663086,
2015-06-02,1.0981423809174875,0.0003505682945251464,
2015-06-03,1.099676143447966,0.0013966882228851317,
2015-06-04,1.0929250421119872,-0.006139172315597535,
2015-06-05,1.0936583249856793,0.0006709361076354982,
2015-06-08,1.0834993497159897,-0.009288984537124635,
2015-06-09,1.0842172219220583,0.0006625497341156006,
2015-06-10,1.0958739482914241,0.010751283168792727,
2015-06-11,1.0956657277368382,-0.00019000411033630378,
2015-06-12,1.0899013959511041,-0.005261031389236451,
2015-06-15,1.0845881167714384,-0.004875009059906006,
2015-06-16,1.0910306992815142,0.005940119028091431,
2015-06-17,1.0944960756346618,0.0031762409210205084,
2015-06-18,1.1032365668801491,0.007985858917236327,
2015-06-19,1.0983867784879626,-0.004395964145660401,
2015-06-22,1.1058345515456478,0.0067806470394134516,
2015-06-23,1.108451986111421,0.0023669314384460447,
2015-06-24,1.1021174664093205,-0.0057147443294525155,
2015-06-25,1.0964699599726448,-0.005124232769012451,
2015-06-26,1.0862268207293966,-0.009341924190521239,
2015-06-29,1.0610851002985373,-0.023145921230316162,
2015-06-30,1.064893345587585,0.003589010238647461,
2015-07-01,1.0689099634154295,0.0037718498706817627,
2015-07-02,1.0714627846976688,0.00238824725151062,
2015-07-06,1.0641604188485347,-0.00681532382965088,
2015-07-07,1.0606603066476572,-0.0032890832424163825,
2015-07-08,1.039017433991457,-0.020405093431472777,
2015-07-09,1.0419288475914348,0.002802083492279053,
2015-07-10,1.0566071885083324,0.014087661504745483,
2015-07-13,1.0696175933266518,0.012313379049301148,
2015-07-14,1.0795565188255465,0.009292036294937132,
2015-07-15,1.0744704581041615,-0.004711250066757202,
2015-07-16,1.0859687924665884,0.010701396465301515,
2015-07-17,1.0911280739950597,0.004750856161117554,
2015-07-20,1.0883824091497338,-0.0025163543224334724,
2015-07-21,1.0867597924493426,-0.001490851640701294,
2015-07-22,1.0827526743072227,-0.00368721604347229,
2015-07-23,1.0758124822992188,-0.006409766674041748,
2015-07-24,1.063812440710526,-0.011154398918151856,
2015-07-27,1.0533565399493678,-0.009828706979751587,
2015-07-28,1.07047533291204,0.01625166058540344,
2015-07-29,1.0817205286337077,0.010504862070083618,
2015-07-30,1.0850814401117523,0.0031070053577423092,
2015-07-31,1.0798871056510093,-0.00478704571723938,
2015-08-03,1.0800320675413564,0.00013423800468444848,
2015-08-04,1.0804679154145678,0.00040355086326599143,
2015-08-05,1.0882076343646927,0.007163302898406983,
2015-08-06,1.0793777989620517,-0.00811410903930664,
2015-08-07,1.075140803153581,-0.003925405740737915,
2015-08-10,1.089344174258541,0.013210707902908325,
2015-08-11,1.0739465662925103,-0.01413475036621094,
2015-08-12,1.0751388153485533,0.0011101567745208742,
2015-08-13,1.0703104205701062,-0.004490950107574463,
2015-08-14,1.07324367132048,0.00274056077003479,
2015-08-17,1.0808318023625845,0.00707027792930603,
2015-08-18,1.0721342430124403,-0.00804709792137146,
2015-08-19,1.0618478643882932,-0.009594300985336306,
2015-08-20,1.0338377492480961,-0.0263786518573761,
2015-08-21,1.0013742938655772,-0.03140091896057129,
2015-08-24,0.9611434329837529,-0.0401756477355957,
2015-08-25,0.9472243761880939,-0.014481768608093262,
2015-08-26,0.9852490413425024,0.04014325022697449,
2015-08-27,1.0238180679139315,0.039146474599838256,
2015-08-28,1.029319371828433,0.0053733217716217035,
2015-08-31,1.0260143500652619,-0.0032108807563781734,
2015-09-01,0.991394965397718,-0.03374161839485169,
2015-09-02,1.0099822217064096,0.01874858856201172,
2015-09-03,1.0116356346868633,0.0016370713710784914,
2015-09-04,0.9944908703141491,-0.016947568655014036,
2015-09-08,1.019757310240329,0.025406407117843626,
2015-09-09,1.008040590004591,-0.01148971438407898,
2015-09-10,1.0160506332458563,0.00794615149497986,
2015-09-11,1.0174304663833036,0.0013580358028411866,
2015-09-14,1.0136134696091512,-0.0037516045570373537,
2015-09-15,1.0271413891027792,0.01334623098373413,
2015-09-16,1.0399039901069058,0.01242535948753357,
2015-09-17,1.0357490888295997,-0.003995466232299806,
2015-09-18,1.0155423639541228,-0.01950928568840027,
2015-09-21,1.018026497380927,0.002446115016937256,
2015-09-22,1.0025643915607751,-0.015188313722610473,
2015-09-23,0.9968645090059877,-0.005685303211212158,
2015-09-24,0.9979249959079534,0.0010638225078582763,
2015-09-25,0.9970792551020404,-0.0008474993705749515,
2015-09-28,0.9692180802583598,-0.02794278860092163,
2015-09-29,0.9694178728337864,0.00020613789558410631,
2015-09-30,0.993978892407157,0.025335843563079833,
2015-10-01,0.9943011573422984,0.0003242170810699464,
2015-10-02,1.0137817073624833,0.01959220290184021,
2015-10-05,1.0348656070465094,0.020797277688980105,
2015-10-06,1.038400877596754,0.0034161639213562004,
2015-10-07,1.0493160874690162,0.01051155686378479,
2015-10-08,1.0568026265094799,0.007134684324264526,
2015-10-09,1.0534892449082578,-0.0031352889537811287,
2015-10-12,1.0523352567080613,-0.0010953962802886968,
2015-10-13,1.0441885279028493,-0.007741571664810181,
2015-10-14,1.0421329674581836,-0.0019685721397399904,
2015-10-15,1.0568307453053478,0.014103553295135497,
2015-10-16,1.057869697907175,0.0009830832481384278,
2015-10-19,1.0555743185714028,-0.002169812917709351,
2015-10-20,1.0522615868467997,-0.003138321638107301,
2015-10-21,1.044257171071412,-0.007606868743896485,
2015-10-22,1.0658450381748843,0.020672941207885744,
2015-10-23,1.0808323608259316,0.014061446189880372,
2015-10-26,1.0773311172120053,-0.003239395618438721,
2015-10-27,1.0712817853386503,-0.005615109205245971,
2015-10-28,1.08855183732295,0.016120923757553102,
2015-10-29,1.0835776210976351,-0.00456957221031189,
2015-10-30,1.0805845155885985,-0.0027622437477111818,
2015-11-02,1.0965482449216664,0.014773235321044924,
2015-11-03,1.1016724769375332,0.004673056602478028,
2015-11-04,1.1032197759397973,0.0014045000076293947,
2015-11-05,1.1008366835653853,-0.0021601247787475593,
2015-11-06,1.1093218473619433,0.007707922458648682,
2015-11-09,1.095768706136639,-0.012217501401901247,
2015-11-10,1.0935180077729798,-0.002053990364074707,
2015-11-11,1.0876831654465176,-0.00533584475517273,
2015-11-12,1.0706910502360594,-0.015622302293777467,
2015-11-13,1.0566338790795817,-0.013129063844680789,
2015-11-16,1.0725094913351394,0.015024704933166502,
2015-11-17,1.071896113557221,-0.0005719089508056641,
2015-11-18,1.0920527131927835,0.018804620504379272,
2015-11-19,1.093479230586447,0.001306271553039551,
2015-11-20,1.09428465236803,0.0007365679740905765,
2015-11-23,1.0896931147364757,-0.004195926189422608,
2015-11-24,1.09380233957829,0.0037709927558898927,
2015-11-25,1.0917880128126896,-0.0018415820598602299,
2015-11-27,1.0931931754172328,0.0012870287895202638,
2015-11-30,1.092524251716715,-0.0006118988990783692,
2015-12-01,1.1076881706723152,0.013879709243774413,
2015-12-02,1.092560454767069,-0.01365701675415039,
2015-12-03,1.0798340443704395,-0.011648243665695193,
2015-12-04,1.0966880408855582,0.015607950687408447,
2015-12-07,1.0855108359763306,-0.010191781520843504,
2015-12-08,1.0740610937692607,-0.010547791719436645,
2015-12-09,1.0692067330274388,-0.004519631862640381,
2015-12-10,1.073574123414368,0.004084701538085938,
2015-12-11,1.0507671810752466,-0.021243938207626344,
2015-12-14,1.0486847523042813,-0.001981817483901978,
2015-12-15,1.060725474719626,0.011481736898422242,
2015-12-16,1.0774385930978903,0.015756309032440186,
2015-12-17,1.0561881195990133,-0.019723141193389894,
2015-12-18,1.0375521294865633,-0.017644574642181395,
2015-12-21,1.046100099550371,0.008238593339920042,
2015-12-22,1.0536857060042069,0.007251319885253907,
2015-12-23,1.0731144392625793,0.01843883156776428,
2015-12-24,1.0710479187913968,-0.0019257223606109623,
2015-12-28,1.0651914528445288,-0.005467977523803711,
2015-12-29,1.0775008936460835,0.011556082963943483,
2015-12-30,1.0665860201250488,-0.010129804611206055,
2015-12-31,1.059701495307237,-0.006454730033874513,
2016-01-04,1.0423172886180518,-0.016404814720153812,
2016-01-05,1.0426769303587733,0.0003450405597686769,
2016-01-06,1.0172609493162348,-0.02437570095062256,
2016-01-07,0.9828544509636362,-0.033822686672210694,
2016-01-08,0.9694191037736455,-0.013669722080230713,
2016-01-11,0.9663928621011145,-0.0031217062473297124,
2016-01-12,0.9688937131592392,0.0025878202915191654,
2016-01-13,0.9359083410868302,-0.03404436588287354,
2016-01-14,0.9604990253540648,0.02627467155456543,
2016-01-15,0.9297754656387817,-0.03198708057403564,
2016-01-19,0.9248692371791005,-0.005276788473129273,
2016-01-20,0.9126266498231032,-0.013237100839614869,
2016-01-21,0.9257254843217814,0.014352895021438598,
2016-01-22,0.9464671172759935,0.022405813932418823,
2016-01-25,0.9271838401628055,-0.020373953580856325,
2016-01-26,0.9426952022795662,0.01672954320907593,
2016-01-27,0.9320099804779138,-0.011334757804870603,
2016-01-28,0.9416310894655765,0.010322967767715454,
2016-01-29,0.967994217032535,0.027997299432754516,
2016-02-01,0.970650808541504,0.0027444291114807136,-0.06489494017581353
2016-02-02,0.9434738614959223,-0.027998685836791996,-0.2890829234358495
2016-02-03,0.9483426536811841,0.005160495042800904,-0.3630469665577822
2016-02-04,0.9599135026617679,0.012201126813888552,-0.2764165755624064
2016-02-05,0.933527180216673,-0.027488229274749754,-0.5082307974110449
2016-02-08,0.9051881983292258,-0.030356889963150026,-0.6479115529231234
2016-02-09,0.903231171786344,-0.0021620106697082513,-0.6335648776300393
2016-02-10,0.9013356479149999,-0.002098603248596191,-0.7260494950421658
2016-02-11,0.8905334320969258,-0.011984676122665407,-0.7874081447248686
2016-02-12,0.9160445822469582,0.02864704370498657,-0.7016937456996217
2016-02-16,0.9416591314877416,0.02796212077140808,-0.5779797173515794
2016-02-17,0.9688246031402699,0.028848519325256346,-0.435001136208366
2016-02-18,0.9631339691933214,-0.005873750448226928,-0.44944679948155136
2016-02-19,0.9636403230245645,0.00052573561668396,-0.46596205003001284
2016-02-22,0.9865498556132001,0.02377394556999207,-0.3751517223003152
2016-02-23,0.9645133193487371,-0.02233697175979614,-0.4576324401419484
2016-02-24,0.9711877115795431,0.006919958591461182,-0.44149004944416315
2016-02-25,0.9827643631846398,0.011920096874237061,-0.3813435633117069
2016-02-26,0.9895768634140004,0.006931977272033691,-0.3563139013366931
2016-02-29,0.9832007013313333,-0.006443321704864501,-0.37139956543425556
2016-03-01,1.0111162116975922,0.028392484188079836,-0.2744103552946865
2016-03-02,1.0238404460798598,0.012584344148635865,-0.1772078117343217
2016-03-03,1.0315741554197635,0.007553627490997314,-0.11572975944089714
2016-03-04,1.0415458191280154,0.00966645359992981,-0.06519090011723509
2016-03-07,1.0418386029087296,0.00028110504150390624,0.0062317648326602896
2016-03-08,1.0176351550832006,-0.023231475353240966,-0.11738572652242853
2016-03-09,1.027491481876109,0.009685521125793456,0.018431364416150637
2016-03-10,1.0274868947555764,-4.464387893676655e-06,0.02181468642766624
2016-03-11,1.0510913950897323,0.022973042726516724,0.08651974855814445
2016-03-14,1.0493570558458376,-0.0016500365734100344,0.10426647403332356
2016-03-15,1.044332335853905,-0.004788379669189453,0.02995368552901896
2016-03-16,1.057285241477571,0.012403049468994141,0.09168501496076432
2016-03-17,1.064305228906629,0.006639634370803832,0.07681412635372989
2016-03-18,1.07084240219256,0.006142197847366334,0.1265735753135751
2016-03-21,1.0737231679671542,0.0026901865005493166,0.1033181058266312
2016-03-22,1.0727564826833944,-0.0009003114700317384,0.10489612251268689
2016-03-23,1.0541603308599798,-0.017334923744201657,0.04296983743324332
2016-03-24,1.0552624266250057,0.0010454726219177245,0.15342165039619848
2016-03-28,1.0528340384542636,-0.0023012173175811766,0.1602357885113618
2016-03-29,1.0616821144971758,0.008404055833816529,0.19303430962789858
2016-03-30,1.0673531287926723,0.005341536998748779,0.16546240428538142
2016-03-31,1.0663393415068638,-0.0009498143196105958,0.19385492464341628
2016-04-01,1.0696837484556372,0.0031363439559936525,0.23268396980742287
2016-04-04,1.0621877114056744,-0.0070077133178710945,0.19742734756659586
2016-04-05,1.0533587627920522,-0.008312041759490968,0.11730305068971933
2016-04-06,1.069605194519891,0.015423455238342284,0.20465931241280666
2016-04-07,1.0511415168090872,-0.01726214289665222,0.09186933289853026
2016-04-08,1.0577192899030257,0.006257742643356324,0.0935792378100173
2016-04-11,1.0581254925082733,0.0003840363025665284,0.0738553411110271
2016-04-12,1.0704350653554988,0.011633377075195314,0.140160170253638
2016-04-13,1.0921903669943702,0.02032379388809204,0.23538817108043233
2016-04-14,1.092653527346638,0.00042406558990478523,0.190384668572551
2016-04-15,1.0918675889240712,-0.000719293355941772,0.17639830358416045
2016-04-18,1.098011153346327,0.005626657009124756,0.2617515807767163
2016-04-19,1.1007876060522255,0.002528619766235352,0.2308151217315643
2016-04-20,1.1100079538684595,0.008376137018203734,0.25911056150297007
2016-04-21,1.102368102426278,-0.006882699728012085,0.1952114603946839
2016-04-22,1.1150794500311092,0.011530946493148805,0.24439805883109175
2016-04-25,1.1060621192718998,-0.008086715936660766,0.17983383797630054
2016-04-26,1.1123139433283578,0.005652326345443726,0.20855537637576976
2016-04-27,1.1217527056371783,0.008485699892044066,0.22858261333576754
2016-04-28,1.1077601758351905,-0.012473809719085691,0.17051872329772905
2016-04-29,1.0992968016114324,-0.007640078067779541,0.18614760247822926
2016-05-02,1.106136162541027,0.006221578121185303,0.15867769821650668
2016-05-03,1.086474628803925,-0.01777496695518494,0.06410429276036558
2016-05-04,1.074093430322283,-0.01139575481414795,0.07182617194927528
2016-05-05,1.0724714939386326,-0.001510051488876343,0.09281584837009195
2016-05-06,1.076832670575425,0.004066473245620728,0.09548593422458201
2016-05-09,1.070796967981137,-0.0056050515174865725,0.017622307809656464
2016-05-10,1.086552316115475,0.014713665246963503,0.10155622784679465
2016-05-11,1.0830651180812854,-0.003209415674209595,0.10511549624925583
2016-05-12,1.0762918049965624,-0.00625383734703064,0.06762851962828413
2016-05-13,1.0730219138780073,-0.003038108348846436,0.011271929121540654
2016-05-16,1.08661833035232,0.012671145200729369,0.07114219994218186
2016-05-17,1.0827831772689709,-0.0035294389724731447,0.03350810639402585
2016-05-18,1.0894542684611772,0.0061610591411590575,0.07565829258446197
2016-05-19,1.0869610977464932,-0.002288458347320556,0.07450416819129813
2016-05-20,1.1033899368409608,0.015114468336105346,0.12615712712913224
2016-05-23,1.1055804727509673,0.001985278129577637,0.14406011209858707
2016-05-24,1.1220786208637574,0.014922611713409422,0.2680335033738659
2016-05-25,1.1362896234929736,0.012664890289306641,0.2644507023584733
2016-05-26,1.1398879748371435,0.003166755437850953,0.2751764272947689
2016-05-27,1.1483957603118722,0.007463703155517577,0.33018560900836585
2016-05-31,1.151351873786129,0.002574124336242675,0.33303061777289256
2016-06-01,1.149915805050713,-0.0012472891807556153,0.3253583845140982
2016-06-02,1.152610450032184,0.0023433411121368407,0.32988709772699576
2016-06-03,1.1463082451990219,-0.005467766523361207,0.3331383530731228
2016-06-06,1.156181447212932,0.008613042831420899,0.37093664190052794
2016-06-07,1.1588996563398168,0.0023510229587554933,0.42715581515047873
2016-06-08,1.1603848081945225,0.0012815189361572268,0.4301214775044182
2016-06-09,1.1564064112465982,-0.0034285151958465573,0.36249042630006817
2016-06-10,1.1394239763286016,-0.014685524702072144,0.2921224741749953
2016-06-13,1.130635126986996,-0.007713414430618287,0.2802688851887989
2016-06-14,1.1244932108404382,-0.005432270765304566,0.27758136769589764
2016-06-15,1.1271692342979522,0.0023797595500946044,0.2606177049660048
2016-06-16,1.1303533775247139,0.002824902534484863,0.25894072716613126
2016-06-17,1.1322583646236717,0.0016853022575378416,0.22891590297336364
2016-06-20,1.1393252301066583,0.006241389513015747,0.279851809508801
2016-06-21,1.1450256089127107,0.005003293752670289,0.2713972238740628
2016-06-22,1.1357920056849025,-0.008064101934432983,0.22123686055071407
2016-06-23,1.1587166915445228,0.020183876752853394,0.34385760840656077
2016-06-24,1.1022615033759346,-0.04872216701507568,0.13238251003339307
2016-06-27,1.0706246994492206,-0.028701722621917728,0.042091100234771285
2016-06-28,1.0954279293083806,0.023167062997817994,0.2556200125886881
2016-06-29,1.1195493008685464,0.022020044326782225,0.338933395379112
2016-06-30,1.1347473996882818,0.013575193881988525,0.38325007284425733
2016-07-01,1.133498203424792,-0.0011008584499359133,0.36727831227455715
2016-07-05,1.1180643049473598,-0.013616164922714235,0.3356259314056223
2016-07-06,1.1261452580819251,0.007227628231048585,0.3835823261352598
2016-07-07,1.131783051133159,0.005006275177001953,0.5019132977592529
2016-07-08,1.1547047513426631,0.02025273323059082,0.5796825893696733
2016-07-11,1.1646076861923282,0.00857616186141968,0.5551734384173428
2016-07-12,1.1842240016473802,0.01684371113777161,0.5751467913545131
2016-07-13,1.1861978687805963,0.001666802167892456,0.5407116453344625
2016-07-14,1.1992156886217333,0.010974408388137817,0.6119618299496121
2016-07-15,1.1955766101415009,-0.0030345487594604496,0.5496850016999568
2016-07-18,1.2062395225523728,0.008918635845184326,0.5684439048658199
2016-07-19,1.2014848761696386,-0.003941709995269775,0.561862044289039
2016-07-20,1.2116388774828284,0.008451210260391235,0.6069566533413246
2016-07-21,1.2029064109017127,-0.007207152843475342,0.5906091689103623
2016-07-22,1.2135841890611216,0.008876649141311645,0.6603019578181999
2016-07-25,1.2179170563382624,0.003570306301116944,0.7285433655669599
2016-07-26,1.2239439077574494,0.0049484908580780035,0.7968959741361393
2016-07-27,1.2227448156389185,-0.0009796953201293944,0.7198240418546372
2016-07-28,1.2210321057848215,-0.0014007091522216795,0.6658404660018531
2016-07-29,1.224542257518407,0.0028747415542602537,0.664781239811011
2016-08-01,1.2205325124200366,-0.0032744848728179935,0.6718294042550282
2016-08-02,1.2055198298805516,-0.012300108671188355,0.613624019043107
2016-08-03,1.2149976675826786,0.00786203384399414,0.6474723730977514
2016-08-04,1.2185214065814984,0.0029002022743225097,0.6281803327146122
2016-08-05,1.2371661506414333,0.015301121473312378,0.7344851152600471
2016-08-08,1.2368634887010557,-0.00024464130401611326,0.7514998027999863
2016-08-09,1.2367859868609927,-6.265997886657727e-05,0.691847732131407
2016-08-10,1.2301934414258793,-0.005330384969711303,0.7336520383865752
2016-08-11,1.238428084733123,0.006693779230117798,0.7590281566500302
2016-08-12,1.2390803869747378,0.0005267179012298584,0.7823049068764449
2016-08-15,1.2483603880095722,0.007489426136016846,0.80377589957895
2016-08-16,1.2434705049410784,-0.003917044401168824,0.7534530634311968
2016-08-17,1.244234227769877,0.0006141865253448486,0.7938922673649343
2016-08-18,1.252755856552084,0.006848894357681275,0.8701493084447783
2016-08-19,1.2551213415777671,0.0018882250785827637,1.0081562410633012
2016-08-22,1.2534668949479453,-0.001318156719207764,1.160765247240932
2016-08-23,1.257504582818349,0.0032212162017822266,1.390577062543264
2016-08-24,1.2481272212164582,-0.00745711922645569,1.4269518960008274
2016-08-25,1.2503743465130992,0.0018003976345062254,1.2655723825026473
2016-08-26,1.2540922517738822,0.0029734337329864503,1.1084926062787168
2016-08-29,1.259677139966605,0.004453331232070923,1.1040268205241532
2016-08-30,1.2570741745948826,-0.0020663750171661375,1.1098186942895485
2016-08-31,1.2556870844940735,-0.0011034274101257321,1.2910856562441262
2016-09-01,1.2570219322107328,0.0010630416870117186,1.2068021591940925
2016-09-02,1.2617599290565122,0.003769223690032959,1.2174745756497427
2016-09-06,1.2683746396877076,0.005242447853088379,1.3349532238858586
2016-09-07,1.268923475875384,0.00043270826339721725,1.2174933472834584
2016-09-08,1.265550527531397,-0.0026581180095672607,1.2650560116050984
2016-09-09,1.2347236222432338,-0.024358494281768804,1.090961232790723
2016-09-12,1.2563773297727712,0.017537291049957278,1.1691116876134016
2016-09-13,1.2369599172907608,-0.015455080270767212,1.1062747017299712
2016-09-14,1.238580168674923,0.0013098657131195067,1.0475211976343157
2016-09-15,1.2532817554593119,0.011869709491729738,1.044875486469432
2016-09-16,1.2506094632761267,-0.002132235765457153,1.054510553901934
2016-09-19,1.2503015491064375,-0.00024621129035949695,1.15828487157765
2016-09-20,1.2495622583070913,-0.0005912899971008302,1.1428149513667294
2016-09-21,1.2618192657599359,0.009809041023254394,1.2731542759133025
2016-09-22,1.269752842660996,0.006287411451339722,1.3345849709963946
2016-09-23,1.2650710925373994,-0.0036871349811553955,1.3099409998094689
2016-09-26,1.251790597411035,-0.010497825145721437,1.2585581207089929
2016-09-27,1.2634315031850285,0.009299403429031372,1.4631532333045794
2016-09-28,1.2705727445068649,0.005652258396148681,1.4908107925421827
2016-09-29,1.2599742185840968,-0.00834153413772583,1.326250519370063
2016-09-30,1.2723771739106375,0.009843816757202148,1.3741615303560892
2016-10-03,1.272364407074146,-1.0033845901489117e-05,1.2785917912397955
2016-10-04,1.2691085551596817,-0.0025588989257812503,1.1631520729092932
2016-10-05,1.2795521969322825,0.008229116201400757,1.1875444686542884
2016-10-06,1.2789877475602076,-0.0004411303997039796,1.1317271308978878
2016-10-07,1.274350271031671,-0.0036258959770202634,1.0757273527726912
2016-10-10,1.2757531852360242,0.0011008858680725095,1.098128028382538
2016-10-11,1.2594272008724048,-0.012797133922576906,1.0343166579782306
2016-10-12,1.2594360918920873,7.059574127197352e-06,1.0758315333689494
2016-10-13,1.250188126017601,-0.007342941761016846,1.046906725193278
2016-10-14,1.2541630873703165,0.0031794905662536617,0.9921923540282062
2016-10-17,1.2463212863760527,-0.00625261664390564,0.9536834639503918
2016-10-18,1.2608740190821863,0.011676549911499023,1.024554530670216
2016-10-19,1.2689045400863705,0.006369011402130128,1.0739795204483138
2016-10-20,1.2682587768090792,-0.000508913993835449,1.1120937527731038
2016-10-21,1.266984902599115,-0.0010044276714324953,1.0041842467331843
2016-10-24,1.2782251516021912,0.008871651887893676,0.9784178802975027
2016-10-25,1.2796595201131922,0.0011221563816070559,1.0015897685071304
2016-10-26,1.2760785027021089,-0.0027984142303466796,1.0168106555594267
2016-10-27,1.274927439491924,-0.0009020316600799557,0.9301944031404688
2016-10-28,1.2714519592369873,-0.002726022005081177,0.9401444372143275
2016-10-31,1.2739655882316456,0.001976975202560425,0.9653291453968817
2016-11-01,1.2651176014665215,-0.006945232152938843,0.852219473625849
2016-11-02,1.2550560969649862,-0.00795301914215088,0.7847334313919907
2016-11-03,1.2484890864598348,-0.005232443809509276,0.7492696482935141
2016-11-04,1.2477404774247154,-0.0005996119976043703,0.7575871163548022
2016-11-07,1.2790276359971986,0.025075052976608277,0.8430030768241767
2016-11-08,1.2836452955259865,0.0036102890968322753,0.9280990346806977
2016-11-09,1.303573691462493,0.015524846315383912,1.0176063886492748
2016-11-10,1.3057922168064826,0.0017018795013427732,1.0550521379721944
2016-11-11,1.3224586166567327,0.012763439416885377,1.2061713527895113
2016-11-14,1.3231489284869487,0.0005219912528991698,1.281443994558279
2016-11-15,1.33731915134024,0.010709469318389894,1.2604973005122426
2016-11-16,1.3384831611986479,0.000870405435562133,1.26815242038518
2016-11-17,1.350824512741778,0.009220401048660279,1.2218297553700657
2016-11-18,1.3495520374575405,-0.0009419989585876466,1.2098629686198052
2016-11-21,1.3630759369123409,0.010021028518676759,1.2575903202498415
2016-11-22,1.370926792495642,0.0057596611976623545,1.3103368277626721
2016-11-23,1.3734429341475038,0.0018353581428527835,1.3002224071843593
2016-11-25,1.3784706381959078,0.0036606574058532714,1.3293577133237784
2016-11-28,1.3700883973808569,-0.0060808265209198,1.2894652541164469
2016-11-29,1.3701684571393564,5.8434009552001934e-05,1.2930406464195703
2016-11-30,1.3713207787217816,0.0008410072326660159,1.226955642806961
2016-12-01,1.3588778682690867,-0.009073668718338012,1.253239079080887
2016-12-02,1.3608198568794803,0.0014291119575500486,1.3256464969514052
2016-12-05,1.3756427116534966,0.01089259147644043,1.3026896655217493
2016-12-06,1.3827300936791322,0.005152051448822022,1.3866069406622283
2016-12-07,1.4088451582863109,0.018886595964431763,1.5397697080631265
2016-12-08,1.4135570829964204,0.0033445298671722404,1.5822624784925052
2016-12-09,1.4179871207677814,0.0031339645385742186,1.577301537955737
2016-12-12,1.41240150501097,-0.00393911600112915,1.6809194976667208
2016-12-13,1.420630977796477,0.005826581716537476,1.7225447341636198
2016-12-14,1.4133502619866254,-0.005124987363815308,1.6349976961221149
2016-12-15,1.4228752119778416,0.0067392706871032704,1.5907575076311555
2016-12-16,1.415326904002217,-0.005304968357086181,1.6779945678960184
2016-12-19,1.4207486017226816,0.003830703496932984,1.803548070774915
2016-12-20,1.4325645676750443,0.008316718339920044,1.8039441092932191
2016-12-21,1.4300370668711906,-0.0017643189430236817,1.7555672960786304
2016-12-22,1.428804241966425,-0.0008620929718017581,1.6576791414564263
2016-12-23,1.4332087245062093,0.0030826354026794434,1.6852188312350949
2016-12-27,1.4418335109955374,0.006017816066741943,1.7485980991406556
2016-12-28,1.4258586654479892,-0.011079535484313965,1.623718102171505
2016-12-29,1.4210008529297014,-0.003406938314437867,1.6631226492820181
2016-12-30,1.4119829827078538,-0.006346139907836915,1.6637582782974272
2017-01-03,1.426554270964934,0.010319733619689941,1.8163265825028811
2017-01-04,1.4425021584090787,0.011179306507110595,1.8731325887312726
2017-01-05,1.4396913333614654,-0.0019485759735107426,2.0160633097124903
2017-01-06,1.4452342976034844,0.003850106000900269,2.2684884738874884
2017-01-09,1.4420501644877886,-0.0022031950950622565,2.341461074266436
2017-01-10,1.4475025876446035,0.0037810218334198005,2.3812902817156956
2017-01-11,1.4534268822642438,0.004092769622802734,2.389630847861418
2017-01-12,1.445690885325096,-0.005322591066360474,2.604499640252315
2017-01-13,1.4525565869119423,0.004749079942703246,2.5049361605019818
2017-01-17,1.4339767944723196,-0.012791097164154054,2.6595180699228043
2017-01-18,1.4397673775403872,0.004038128852844239,2.7169910318203168
2017-01-19,1.4454420081023631,0.003941352367401124,2.8302643991950287
2017-01-20,1.4501415614364803,0.0032512915134429933,2.7716385751286063
2017-01-23,1.449219780452638,-0.0006356489658355715,2.6537549370070654
2017-01-24,1.468624758832409,0.013389948606491089,2.8760915715758784
2017-01-25,1.484253559529111,0.010641793012619017,2.846700636014551
2017-01-26,1.4803510429654048,-0.0026292788982391364,2.907979540830187
2017-01-27,1.484831314435936,0.0030264925956726076,2.8671973972876974
2017-01-30,1.474074893068722,-0.00724420428276062,2.6823437044310925
2017-01-31,1.4731538440305774,-0.0006248319149017335,2.6612971075011753
2017-02-01,1.4827174159882648,0.0064919030666351326,2.9230770608136583
2017-02-02,1.484532257475902,0.001223996877670288,2.8989502349661502
2017-02-03,1.4983726486239726,0.009323065280914306,2.88379256279073
2017-02-06,1.5024946305891502,0.002750972509384155,3.1278592224786674
2017-02-07,1.5017060267428168,-0.0005248630046844479,3.3919505066507236
2017-02-08,1.5043753878440753,0.0017775523662567141,3.4190286104344434
2017-02-09,1.5121807009878458,0.005188407897949218,3.46731231482554
2017-02-10,1.5153130857009578,0.0020714354515075683,3.574623019899311
2017-02-13,1.5234821013833897,0.00539097547531128,3.4741831932134897
2017-02-14,1.5319709484149229,0.005572003126144409,3.374742110897198
2017-02-15,1.5381842730283555,0.004055771827697754,3.2611210566666875
2017-02-16,1.5342552378566727,-0.002554333209991455,3.2871556869574783
2017-02-17,1.5383159349545825,0.0026466894149780274,3.3018877889818787
2017-02-21,1.550734518830459,0.008072843551635744,3.227655236248652
2017-02-22,1.5498675716953731,-0.0005590558052062988,3.428178629966323
2017-02-23,1.5452646378971566,-0.0029698884487152095,3.358358665871867
2017-02-24,1.5428865138820396,-0.0015389752388000487,3.2705223301478386
2017-02-27,1.5459841269882104,0.002007673978805542,3.2377417283567347
2017-02-28,1.538781988605484,-0.004658610820770264,3.252551401359178
2017-03-01,1.5603936296071539,0.014044641256332396,3.1959153354270415
2017-03-02,1.5479670610150964,-0.007963739633560181,3.0499048675338805
2017-03-03,1.5489697436080945,0.0006477415561676024,3.002778770441036
2017-03-06,1.5443173712755454,-0.0030035269260406494,2.9147033728246687
2017-03-07,1.539294754714376,-0.003252321481704712,2.8875621458831207
2017-03-08,1.541246818103843,0.0012681543827056884,3.1148191236215697
2017-03-09,1.5425738938093576,0.0008610403537750242,3.0553423244264035
2017-03-10,1.5507109900030054,0.005275012254714966,3.0932635668001196
2017-03-13,1.5563095715318471,0.0036103320121765137,2.987670049304593
2017-03-14,1.5539402656579455,-0.001522387266159058,2.988686116107493
2017-03-15,1.5642589926975272,0.0066403627395629885,3.074997543738773
2017-03-16,1.5668535723838488,0.0016586637496948243,3.00476392344459
2017-03-17,1.563687005538417,-0.002020971775054932,2.9411736597669735
2017-03-20,1.562838895442225,-0.0005423784255981442,2.892623697568095
2017-03-21,1.5294823698585942,-0.021343547105789184,2.6746440707977888
2017-03-22,1.5369683352850674,0.004894443750381469,2.7168406560413514
2017-03-23,1.536375049510264,-0.00038601040840148917,2.8690182164507276
2017-03-24,1.5411671263021374,0.003119080066680908,2.8842482458256575
2017-03-27,1.5420489359263068,0.0005721700191497802,2.906713059841823
2017-03-28,1.5584169629558495,0.010614466667175294,2.9203095327437896
2017-03-29,1.5635313323222204,0.0032817721366882324,2.9059217526328602
2017-03-30,1.5726920448271777,0.005858988761901856,2.955518614909522
2017-03-31,1.5687517544010783,-0.0025054430961608883,2.912483653467401
2017-04-03,1.5671972935602074,-0.0009908902645111087,2.962626782207043
2017-04-04,1.5662036862673083,-0.0006340026855468751,3.0275468513427892
2017-04-05,1.5560791093660415,-0.006464406251907349,2.874537958105647
2017-04-06,1.5602595779628312,0.0026865398883819578,3.0541741331861525
2017-04-07,1.5577026805127088,-0.001638764142990112,2.995463783454266
2017-04-10,1.555943257700051,-0.001129498481750488,2.983518746291462
2017-04-11,1.552012916060157,-0.0025260186195373534,2.883523150383294
2017-04-12,1.5403751355694566,-0.007498507499694825,2.6941073392166635
2017-04-13,1.5300440440692564,-0.006706867218017579,2.6346761756372405
2017-04-17,1.5470308691903267,0.011102180480957033,2.7177283172023485
2017-04-18,1.5420133917781353,-0.0032432949542999267,2.649990186284356
2017-04-19,1.5452815375718292,0.002119401693344116,2.646937487853702
2017-04-20,1.5633112049942701,0.011667561531066895,2.667586135025491
2017-04-21,1.5580189563950764,-0.0033852815628051757,2.6976935225738368
2017-04-24,1.5743064795015347,0.0104539954662323,2.691112806861438
2017-04-25,1.590160372094011,0.010070397853851318,2.8305532991093
2017-04-26,1.5915296742892528,0.0008611094951629638,2.7954817935624683
2017-04-27,1.5888276717142804,-0.001697739362716675,2.721094543165202
2017-04-28,1.5856196296870677,-0.00201912522315979,2.815676238397419
2017-05-01,1.5956246577204205,0.006309853792190552,2.927736921425033
2017-05-02,1.5905572256238019,-0.0031758296489715573,2.8556421546019255
2017-05-03,1.592186091870777,0.0010240852832794191,3.033370701189302
2017-05-04,1.5882232252098303,-0.002488946914672852,3.116774093584788
2017-05-05,1.598546912458735,0.00650014877319336,3.177854182622271
2017-05-08,1.5987135319358134,0.00010423183441162127,3.1473309128725635
2017-05-09,1.6019784218029163,0.002042198181152344,3.212020777858789
2017-05-10,1.6123672112144636,0.00648497462272644,3.162054720984063
2017-05-11,1.6082025963460487,-0.0025829195976257322,3.167517413629313
2017-05-12,1.6089206332170414,0.00044648408889770504,3.2260946297739643
2017-05-15,1.6177494727213053,0.005487430095672607,3.2938283173390785
2017-05-16,1.6227399394731101,0.0030848205089569094,3.230423626740897
2017-05-17,1.5710960086871897,-0.03182514309883118,2.9101302791664776
2017-05-18,1.5849751882448002,0.00883407473564148,2.927812822119212
2017-05-19,1.5939982374753068,0.005692864656448364,2.988470268787472
2017-05-22,1.6032392133064983,0.005797356367111206,2.9316113489290236
2017-05-23,1.6050757906290134,0.001145541667938232,2.9251819734910067
2017-05-24,1.6071307318864485,0.0012802767753601072,2.835687215875993
2017-05-25,1.6151978322934617,0.005019567012786864,2.7861454127972825
2017-05-26,1.6203148675698704,0.003168054819107056,2.7861550834283935
2017-05-30,1.6231730441777659,0.0017639636993408204,2.74507565797945
2017-05-31,1.6218149310954424,-0.0008367025852203367,2.7183793541983823
2017-06-01,1.6286832351842844,0.004234949350357056,2.760728168192877
2017-06-02,1.637482723545306,0.005402823686599731,2.783156257877937
2017-06-05,1.639512906600546,0.0012398195266723631,2.839098777417773
2017-06-06,1.6369909642292548,-0.0015382266044616701,2.7640024157280862
2017-06-07,1.641909137174516,0.0030043983459472653,2.7689330943386916
2017-06-08,1.6504391490202228,0.005195178985595704,2.7980941712908143
2017-06-09,1.6287295301210662,-0.013153843879699707,2.707377493724598
2017-06-12,1.6252725381954027,-0.00212250828742981,2.825028199348876
2017-06-13,1.6326483828053724,0.004538220167160034,2.92679840973686
2017-06-14,1.6238440711752233,-0.005392656326293945,2.9271552927672153
2017-06-15,1.6119368431410066,-0.007332741022109985,2.8449444624254827
2017-06-16,1.6086840604597603,-0.0020179343223571777,2.8064804501009104
2017-06-19,1.6312590813273553,0.014033222198486328,2.888620901561082
2017-06-20,1.614460940253518,-0.010297653675079347,2.7513834097591254
2017-06-21,1.6204953666995356,0.003737734556198119,2.742245815309075
2017-06-22,1.624039217037655,0.0021868932247161867,2.828735772110842
2017-06-23,1.629669634400748,0.0034669220447540285,2.7280810759396537
2017-06-26,1.6286090660122714,-0.0006507873535156251,3.3724019354702985
2017-06-27,1.6077722204723424,-0.01279425859451294,3.6006457839161627
2017-06-28,1.6288245330691287,0.013094089031219483,3.5580855538131395
2017-06-29,1.6124882595377807,-0.010029486417770387,3.312455375319468
2017-06-30,1.6143160193688155,0.0011335027217864984,3.2203675603642563
2017-07-03,1.6123393010450373,-0.001224492788314819,3.219175545880509
2017-07-05,1.6132280453922387,0.0005512142181396491,3.3771571447346544
2017-07-06,1.5961183730644872,-0.010605860948562622,3.2010648302667044
2017-07-07,1.609082496640906,0.008122282028198242,3.224948309566199
2017-07-10,1.6196027664119002,0.006538054943084716,3.143706131432201
2017-07-11,1.6244849143760745,0.0030144107341766356,3.099339848689928
2017-07-12,1.637352890462164,0.007921265363693239,3.042959732632705
2017-07-13,1.6410578804454636,0.0022627925872802735,3.0483529267110883
2017-07-14,1.6506329762961236,0.005834709405899049,3.0103268009845676
2017-07-17,1.6490197884065598,-0.0009773147106170656,3.0311108492367578
2017-07-18,1.6559536853147097,0.004204859733581544,2.993872428407441
2017-07-19,1.662777698005146,0.004120895862579346,3.071201080797719
2017-07-20,1.6661331673551185,0.0020179903507232667,3.0180870924198926
2017-07-21,1.662125205873385,-0.0024055469036102293,3.0705355893178203
2017-07-24,1.6638506235800836,0.001038079261779785,3.004967060541401
2017-07-25,1.6756956752727576,0.0071190595626831055,3.034318686160141
2017-07-26,1.6786857582469965,0.0017843830585479738,3.0065078740036166
2017-07-27,1.6752499989082195,-0.002046695947647095,2.9957637599422307
2017-07-28,1.6723590880498034,-0.001725659370422363,2.992488831997253
2017-07-31,1.6650341698054536,-0.004379991292953491,2.921035899492364
2017-08-01,1.672002090792315,0.00418485164642334,2.992157807112274
2017-08-02,1.666525319484154,-0.003275576829910278,3.0985417939207154
2017-08-03,1.6611635218533565,-0.0032173514366149896,2.9974595670498325
2017-08-04,1.6760490069211118,0.008960878849029541,3.046878242008671
2017-08-07,1.6834196454804355,0.004397627115249634,2.969128952263032
2017-08-08,1.6765505589692187,-0.0040804362297058114,2.9294148018919977
2017-08-09,1.6735454859597774,-0.0017924141883850103,2.9120973774746117
2017-08-10,1.636487938226998,-0.02214313745498657,2.6935683951103715
2017-08-11,1.6412383527176158,0.002902810573577881,2.6616753475240014
2017-08-14,1.6664778220932606,0.015378308296203614,2.7752793809787932
2017-08-15,1.6657527442163391,-0.00043509602546691893,2.706802062229657
2017-08-16,1.6688998772674777,0.0018893158435821535,2.763136131600708
2017-08-17,1.637235390190006,-0.018973269462585454,2.5397986191107993
2017-08-18,1.6352060524628125,-0.0012394905090332032,2.4694214087960957
2017-08-21,1.6344659082971966,-0.0004526305198669435,2.4480528678840514
2017-08-22,1.6560970539635542,0.013234381675720216,2.5650130336661645
2017-08-23,1.6558930714721722,-0.00012317061424255385,2.5351935477261924
2017-08-24,1.6547765162710373,-0.0006742918491363526,2.6037227856429097
2017-08-25,1.6564415430573578,0.0010061943531036379,2.596594545334905
2017-08-28,1.6565686461825049,7.67326354980471e-05,2.5706720667663534
2017-08-29,1.6574910696301144,0.0005568277835845948,2.536596168412841
2017-08-30,1.671960876204143,0.008729945421218872,2.629061731933175
2017-08-31,1.680372651519849,0.0050310838222503654,2.6833193868802905
2017-09-01,1.6895993881446132,0.005490887165069579,2.7211915435771576
2017-09-05,1.6739148708752356,-0.00928297996520996,2.5928522712862523
2017-09-06,1.6818070888084682,0.004714826345443725,2.5885405143127342
2017-09-07,1.679944891110176,-0.0011072599887847897,2.5742520712921406
2017-09-08,1.6631274063298462,-0.010010735988616943,2.497301109638814
2017-09-11,1.6903333084381587,0.01635827898979187,2.910422684748107
2017-09-12,1.7021990274919863,0.007019751071929932,2.8422101949293674
2017-09-13,1.7075611989041162,0.003150143623352051,3.048508384814995
2017-09-14,1.706114060182971,-0.0008474886417388915,3.027882607552738
2017-09-15,1.713052797848963,0.004066983461380005,2.968846336312368
2017-09-18,1.7217768446866182,0.005092689990997315,3.0358139811865144
2017-09-19,1.7264751403616116,0.0027287483215332033,3.063589109839273
2017-09-20,1.7289019443290643,0.0014056408405303954,3.082684966074182
2017-09-21,1.7242223945366308,-0.002706660032272339,2.973335816687575
2017-09-22,1.7284877741552014,0.0024737989902496337,2.9407580733440257
2017-09-25,1.7148915780347656,-0.007865948677062988,2.894246126488477
2017-09-26,1.7157901054611602,0.0005239558219909669,3.01520777652567
2017-09-27,1.732501640932227,0.009739848375320435,3.0183768563948825
2017-09-28,1.7356121977569245,0.0017954134941101077,2.98467086650973
2017-09-29,1.7453936747102374,0.00563575029373169,3.1261567673526582
2017-10-02,1.7516222311260847,0.003568568229675293,3.07629666343284
2017-10-03,1.7599151624261495,0.004734429121017456,3.1197385001181672
2017-10-04,1.7549792582053259,-0.0028046262264251717,3.1171440171883025
2017-10-05,1.7656153583723395,0.006060527563095092,3.1001632120050315
2017-10-06,1.7687335525990608,0.0017660665512084961,3.1214342405393074
2017-10-09,1.7653042736221243,-0.0019388329982757571,3.139333113018917
2017-10-10,1.7697911738092376,0.0025417149066925054,3.152765801806901
2017-10-11,1.7755515067216456,0.0032548093795776367,3.334175124713085
2017-10-12,1.7671213068645253,-0.00474793314933777,3.2834427328208973
2017-10-13,1.7730238942331757,0.0033402276039123536,3.3964815249236198
2017-10-16,1.7792259696944617,0.0034980213642120356,3.399337082503036
2017-10-17,1.779699979848007,0.000266413688659668,3.4708384223061777
2017-10-18,1.782689818226318,0.0016799676418304444,3.391421243433559
2017-10-19,1.7806603725465688,-0.0011384177207946777,3.3219367394169783
2017-10-20,1.7904908540368687,0.005520694255828858,3.377954068952617
2017-10-23,1.784563915759649,-0.00331023097038269,3.3531858381540025
2017-10-24,1.7926909983537627,0.004554100036621093,3.3187081447907336
2017-10-25,1.7668737679688071,-0.014401383399963379,3.13296280877007
2017-10-26,1.774562955747895,0.004351860284805298,3.2023193756306334
2017-10-27,1.791562893448825,0.009579788446426391,3.2929943097351853
2017-10-30,1.7835062159331896,-0.004497010707855225,3.273521979949608
2017-10-31,1.7874488673365365,0.0022106182575225833,3.275693771533071
2017-11-01,1.784063729728156,-0.0018938374519348147,3.33257428706289
2017-11-02,1.7869469418750248,0.0016160925749597911,3.437535973969835
2017-11-03,1.7918358925044027,0.002735923778603079,3.520748572205738
2017-11-06,1.7924443258254033,0.00033955861892597796,3.530242769642335
2017-11-07,1.7819539501025816,-0.005852553170928163,3.311871663367871
2017-11-08,1.7822203015207017,0.0001494715495340362,3.278464451598602
2017-11-09,1.7704012128007534,-0.006631665406270794,3.0816542239977602
2017-11-10,1.777064436247602,0.0037636798928236295,3.1011231817959524
2017-11-13,1.7788871093544707,0.0010256651754943843,3.0046500216241143
2017-11-14,1.7747502093369267,-0.0023255551157741984,2.9745357725456683
2017-11-15,1.7675446781753401,-0.00406002553129923,2.8365559308045554
2017-11-16,1.7941150660426728,0.015032371286230608,2.949784770919644
2017-11-17,1.8013751927070627,0.00404663379835714,2.9066603510507263
2017-11-20,1.8127185467556068,0.006297052437753328,2.9752744146732817
2017-11-21,1.8251008069227521,0.006830768179267078,2.9503659348967854
2017-11-22,1.8224465377696888,-0.0014543137250258018,2.8807630302987994
2017-11-24,1.8280208094837975,0.0030586750275432882,2.892465857371147
2017-11-27,1.8130811972968792,-0.00817256133486627,2.7639955104243867
2017-11-28,1.8357486865704653,0.01250219201841646,2.936864187338595
2017-11-29,1.8146513630233088,-0.011492490067673975,2.80144852529151
2017-11-30,1.8215005788932488,0.003774397666408485,2.8292206064898267
2017-12-01,1.817658447551833,-0.0021093220534413835,2.910453680206776
2017-12-04,1.8146598215124445,-0.0016497191996807893,2.879111832054559
2017-12-05,1.804101064198195,-0.005818587698409189,2.721176389728252
2017-12-06,1.8038540878776306,-0.00013689716472410645,2.671063711645762
2017-12-07,1.8164173839948543,0.006964696425089232,2.5894431043488133
2017-12-08,1.8251308812066733,0.004797078737848019,2.602805328251304
2017-12-11,1.8365216686058052,0.006241079758401244,2.630856280676491
2017-12-12,1.8415983563289813,0.0027642950311771186,2.7006739189182842
2017-12-13,1.8444360044679602,0.001540861572354629,2.66086576852733
2017-12-14,1.8378061641945092,-0.0035945081625986383,2.678382364436353
2017-12-15,1.8544751676798854,0.009070055270318528,2.6973991741686167
2017-12-18,1.8779627023288186,0.01266532712773844,2.863693871312406
2017-12-19,1.8711289918408642,-0.0036388957456290156,2.7873130280790157
2017-12-20,1.8697731734630982,-0.0007245990969506099,2.7040220444204657
2017-12-21,1.8708639814959545,0.0005833905675498805,2.728462559290165
2017-12-22,1.8681122182858938,-0.0014708515623141536,2.7220280282666973
2017-12-26,1.8633873554384754,-0.002529217892356361,2.6649508189102256
2017-12-27,1.8615198879803885,-0.001002189615936052,2.5977001883288175
2017-12-28,1.8671665396770625,0.0030333555570013653,2.758079807639364
2017-12-29,1.8507678410976012,-0.008782665194020363,2.693672055752164
2018-01-02,1.8877588773188858,0.019986859183454775,2.913582306472313
2018-01-03,1.9071390296013426,0.010266222299524674,2.9131930963049837
2018-01-04,1.9214256489616008,0.007491126309362286,2.8853059623398303
2018-01-05,1.9381976174961484,0.008728918833581465,2.9839487994878278
2018-01-08,1.9478498080991213,0.00497998269930907,2.9940323466691963
2018-01-09,1.9422867806926625,-0.0028559837536384454,2.9868917292475015
2018-01-10,1.944902532038432,0.0013467379646362428,2.9638631230909604
2018-01-11,1.9605935461527537,0.00806776373409114,2.997399925074719
2018-01-12,1.9704755868412835,0.005040331132335584,3.103618459774291
2018-01-16,1.9633771084987912,-0.0036024188220831624,3.019728966415888
2018-01-17,1.9840693112358072,0.01053908729374834,3.267144856630553
2018-01-18,1.9832935418365287,-0.0003909991424620614,3.224029159925679
2018-01-19,1.9984118751313003,0.007622841992805597,3.255220184985849
2018-01-22,2.0152195203824466,0.008410501088541664,3.2987246168111932
2018-01-23,2.027780989439676,0.006233300605804683,3.3632016888617295
2018-01-24,2.0268962472577656,-0.00043631052195380036,3.2495027627042226
2018-01-25,2.0220099670035014,-0.0024107204603466045,3.131442846341062
2018-01-26,2.050088325703152,0.01388636018508919,3.2726988088138875
2018-01-29,2.0433991747025257,-0.003262859905478613,3.2077044148373224
2018-01-30,2.0165602787093495,-0.01313443615199832,3.128943744707205
2018-01-31,2.02664384364171,0.005000378634262188,3.182588441662089
2018-02-01,2.018942083313793,-0.0038002534841430273,3.0818519201992625
2018-02-02,1.9708290434457199,-0.023830817270945763,2.7541887131222516
2018-02-05,1.8809233227581201,-0.045618223958386606,2.0436305249016105
2018-02-06,1.9261012161848088,0.024018997946413708,2.185751670639501
2018-02-07,1.914751935298867,-0.005892359545061795,2.1362747393302106
2018-02-08,1.8382381186369128,-0.03996017199481835,1.6801484268530043
2018-02-09,1.8661939584210534,0.015207953474966701,1.7503394013766
2018-02-12,1.899349484918784,0.017766388294270602,1.8593418886399034
2018-02-13,1.9090714300104328,0.005118565682010179,1.8573153630271593
2018-02-14,1.9536197122667258,0.023335052610393755,1.9689060882046852
2018-02-15,1.97821961095941,0.012591958679686821,2.0280001110467554
2018-02-16,1.9636346997594292,-0.007372746240700375,1.986933214958985
2018-02-20,1.960921605183368,-0.0013816697048557505,1.9553894438434183
2018-02-21,1.9428550094796966,-0.009213318704794422,1.8178892596240361
2018-02-22,1.9456183474525537,0.0014223078713408266,1.8334004895610634
2018-02-23,1.9783340609491253,0.016815072462390702,1.9732195304022127
2018-02-26,2.004836955059127,0.013396571708059518,2.07948597669574
2018-02-27,1.9792869327699851,-0.01274418960837055,1.9552145464050361
2018-02-28,1.965868005996318,-0.006779677343136674,1.9373884068789242
2018-03-01,1.9391844874597832,-0.013573402921836316,1.7244915480654908
2018-03-02,1.9574934587081143,0.009441582978169744,1.8576188885793576
2018-03-05,1.9863031921556011,0.014717665246503777,1.9542869241349448
2018-03-06,1.9996383352361196,0.006713548633049703,2.0270961471476476
2018-03-07,2.0025496369016333,0.0014559141091732089,2.06390576495859
2018-03-08,2.008094085591271,0.002768694761651811,2.075124693130287
2018-03-09,2.039039835125849,0.015410507782789833,2.1727808429143582
2018-03-12,2.046537654087552,0.0036771321641394313,2.161382858543601
2018-03-13,2.0275826796796657,-0.009261971979859536,2.0583189881945607
2018-03-14,2.021746103933668,-0.002878588283719033,2.0475985266316865
2018-03-15,2.021769442927449,1.1543978610941246e-05,1.999429337949683
2018-03-16,2.018561808303236,-0.0015865481771098746,1.9746298162334148
2018-03-19,1.9859620911307754,-0.0161499722418028,1.8533536743826518
2018-03-20,1.9913857789488365,0.002731012763175775,1.8777613726298048
2018-03-21,1.9980118240018128,0.003327353807093084,2.0911050924804986
2018-03-22,1.9441415540081652,-0.02696193753535999,1.8103981975710906
2018-03-23,1.8890548836951686,-0.02833470134899715,1.5669552285711095
2018-03-26,1.9382362474044985,0.02603490461490793,1.7051335219859762
2018-03-27,1.881027890052891,-0.029515678198782765,1.4568931629400128
2018-03-28,1.8590088422809659,-0.011705859274264133,1.2995553892091058
2018-03-29,1.890378131543803,0.016874201213775742,1.3856370700072438
2018-04-02,1.840446852845891,-0.026413381463070044,1.143289470805432
2018-04-03,1.8642896989722182,0.012954922381735215,1.2443784705626584
2018-04-04,1.890072644470168,0.013829902891253389,1.339661544747588
2018-04-05,1.901943944123472,0.006280869514743853,1.3854590321107763
2018-04-06,1.8573270118424723,-0.023458594780805617,1.255612768593947
2018-04-09,1.8641262842543151,0.0036607836791743616,1.26197436780576
2018-04-10,1.9081052565065393,0.023592270879768534,1.4141028435062266
2018-04-11,1.897454173218485,-0.005582020830210783,1.3836366169045746
2018-04-12,1.9162336085316207,0.009897174634411103,1.4632157442597278
2018-04-13,1.902201987309338,-0.007322500325539569,1.4644653974020665
2018-04-16,1.913973133281981,0.006188168265607245,1.5502650490219725
2018-04-17,1.9412235316094226,0.014237607547141646,1.568400039970877
2018-04-18,1.9479328618289822,0.003456237836761084,1.61280880221766
2018-04-19,1.936211623333821,-0.006017270268830332,1.5577544658006963
2018-04-20,1.925300705794832,-0.005635188533886833,1.446453399749744
2018-04-23,1.9188797926733563,-0.0033350183179956788,1.446797158811238
2018-04-24,1.8911989935913311,-0.014425499287509141,1.2793671274464187
2018-04-25,1.8893012456759415,-0.0010034628412030964,1.2089577399178921
2018-04-26,1.931862739454936,0.022527637599565067,1.3376532240641892
2018-04-27,1.9336135455376111,0.0009062787158310442,1.3547623090014074
2018-04-30,1.9171216595266931,-0.00852904968988133,1.3102453560470093
2018-05-01,1.9227841160891364,0.0029536240093606934,1.2891611541473185
2018-05-02,1.909809482591575,-0.00674783684189741,1.264870485489783
2018-05-03,1.90723742229591,-0.0013467627630451115,1.2493712860624804
2018-05-04,1.9326225687353638,0.013309903708210374,1.3477424021023932
2018-05-07,1.9489995882185498,0.008473987496639149,1.3597621095584342
2018-05-08,1.9579018869819829,0.004567624753358713,1.3882293616707764
2018-05-09,1.982210051095933,0.01241541482521378,1.4512775586657094
2018-05-10,2.0031117583438176,0.01054464799849458,1.475548978902594
2018-05-11,2.0021189435967734,-0.0004956362234451932,1.4893002277265408
2018-05-14,2.005496869800967,0.001687175587143351,1.4972766413567646
2018-05-15,1.993601113313693,-0.005931575693984868,1.4230049016633217
2018-05-16,2.0101838858871712,0.008317999254081027,1.4551615644189537
2018-05-17,2.00216881137291,-0.003987234486622096,1.6707465464415485
2018-05-18,1.9903735001269156,-0.005891267099454063,1.5744630925484158
2018-05-21,2.0061539116110745,0.007928366953816917,1.5882612420424602
2018-05-22,2.0008190630890246,-0.002659241891249415,1.5330486204802176
2018-05-23,2.012289732219679,0.005732986726418513,1.5624218219150732
2018-05-24,2.0135854411813985,0.0006438978149979844,1.5582424983122536
2018-05-25,2.0147824505158427,0.0005944666215613335,1.529723075399731
2018-05-29,1.9999787079681648,-0.007347563774881878,1.4586441037739442
2018-05-30,2.026707043323418,0.013364309954282986,1.5296869266131508
2018-05-31,2.0127802458900175,-0.006871638147841431,1.4883843502140075
2018-06-01,2.0470992465508253,0.01705054524997719,1.5638155897485149
2018-06-04,2.0650234091841417,0.008755883557437342,1.5842319677989425
2018-06-05,2.0753872688941675,0.005018761367998351,1.608214452915669
2018-06-06,2.1000201617115763,0.011869058457958954,1.691264431821318
2018-06-07,2.084652261100412,-0.007317977651528435,1.6222022423571476
2018-06-08,2.094118226152306,0.0045407885183197435,1.6181424436187517
2018-06-11,2.0985150566278197,0.0020996094779196133,1.724000602243591
2018-06-12,2.1074859545954987,0.0042748790099676245,1.7655398362845243
2018-06-13,2.102522536554638,-0.0023551369488549485,1.7207883573878313
2018-06-14,2.1104829960872924,0.003786147065847365,1.7816870791859782
2018-06-15,2.1082732419449286,-0.0010470371694348433,1.8251005571723564
2018-06-18,2.110490679715523,0.0010517791178474255,1.8454620225194338
2018-06-19,2.0988670661084234,-0.00550754083816485,1.7228051400758997
2018-06-20,2.1069964474226603,0.0038732235335464786,1.820005432009619
2018-06-21,2.092322107450406,-0.006964577462958739,1.7478192991654402
2018-06-22,2.0898726223287287,-0.0011707017351464022,1.725741422771636
2018-06-25,2.0405231605913023,-0.02361362181128378,1.5293283048322839
2018-06-26,2.0563714108648368,0.007766758339043819,1.5822022106646745
2018-06-27,2.028722706213199,-0.01344538467397267,1.577403103212961
2018-06-28,2.042006924543178,0.006548070019275782,1.5389307790288236
2018-06-29,2.0405265838056925,-0.0007249440340738274,1.6029887783351213
2018-07-02,2.0510282745772357,0.005146559155312151,1.6283877396079918
2018-07-03,2.0301431247867563,-0.010182770295930803,1.5664703751979165
2018-07-05,2.0513839706955146,0.010462733217880677,1.6274320106778997
2018-07-06,2.0781399600769683,0.013042896777818945,1.7795587796145742
2018-07-09,2.1050156416329244,0.01293256569444941,1.8071591479876274
2018-07-10,2.1094096979729993,0.0020874221802296027,1.779583171614587
2018-07-11,2.0899976515842593,-0.009202596540346606,1.697379811843654
2018-07-12,2.104949548415525,0.00715402566119237,1.6928000249556074
2018-07-13,2.09544262122533,-0.004516463208037925,1.6482567482942545
2018-07-16,2.1004287973830804,0.0023795336160694646,1.6267922391131937
2018-07-17,2.1158399734707274,0.007337157111370666,1.6789510056982329
2018-07-18,2.124942452635352,0.004302064087433665,1.6795532354477203
2018-07-19,2.1115245718083795,-0.006314467862568191,1.6111170439929374
2018-07-20,2.105486600766594,-0.0028595315074235405,1.579396342700791
2018-07-23,2.110826442600279,0.002536155695191941,1.611375473433923
2018-07-24,2.109126815320883,-0.000805195180946401,1.599451176470256
2018-07-25,2.1237991229000195,0.00695657912675299,1.5984740802627542
2018-07-26,2.1284788896155984,0.00220348839262563,1.601133381093713
2018-07-27,2.121577502419532,-0.003242403403546534,1.5931830886327008
2018-07-30,2.106355413670523,-0.007174891669830169,1.5563640314602245
2018-07-31,2.103918933325108,-0.001156728028708538,1.5777797316307312
2018-08-01,2.09818269301145,-0.0027264550086976364,1.5334082039291566
2018-08-02,2.1208851974526337,0.010820079927644395,1.6210730501523167
2018-08-03,2.127778848420434,0.0032503649778310136,1.6628725568458895
2018-08-06,2.1417987790926496,0.006588998044897012,1.6487812624167653
2018-08-07,2.151916187258529,0.004723790238672895,1.6507908412982162
2018-08-08,2.1556696826411432,0.0017442572368007994,1.6889581964143745
2018-08-09,2.148048024405705,-0.003535633634787549,1.677350909347967
2018-08-10,2.133410245967071,-0.006814455855885284,1.7930852646040725
2018-08-13,2.121331875413969,-0.005661532082699376,1.736183616864608
2018-08-14,2.1352709563352064,0.006570910041370729,1.6854501030766456
2018-08-15,2.1074837260623625,-0.013013444589034967,1.597384257798995
2018-08-16,2.120784042283967,0.00631099355934535,1.6250037777933186
2018-08-17,2.116532986808443,-0.002004473529962168,1.7488061766456224
2018-08-20,2.1245015739905884,0.0037649246346789047,1.7812971816597827
2018-08-21,2.1410305648877994,0.0077801735237895695,1.833226422884064
2018-08-22,2.1455270590487268,0.0021001541195479105,1.766317425384489
2018-08-23,2.146281315953624,0.00035154853988727673,1.7694472459695623
2018-08-24,2.1711656842524945,0.011594178318518453,1.8452560965416063
2018-08-27,2.194354901170689,0.010680537688296389,1.9045363243514346
2018-08-28,2.1976877407349176,0.001518824307977992,1.9139435016885666
2018-08-29,2.2077959500602686,0.0045994747743239315,1.9397320115097352
2018-08-30,2.1967444080055842,-0.0050056899752817805,1.8513132056351462
2018-08-31,2.198141981865789,0.000636202306973763,1.8233480574631769
2018-09-04,2.197221750828292,-0.0004186403995230812,1.7855938216301712
2018-09-05,2.1779036247967785,-0.008792069359513155,1.7891601246894304
2018-09-06,2.1506196866957525,-0.012527614991949855,1.6710421607487922
2018-09-07,2.153225499536917,0.0012116567412103528,1.6862222037458838
2018-09-10,2.166248548671913,0.006048158512797235,1.793933506970911
2018-09-11,2.1720816309438042,0.0026927114506167076,1.7135928620338952
2018-09-12,2.1724106415298716,0.0001514724775442092,1.6700399923706337
2018-09-13,2.1763051304473433,0.0017927038484443127,1.6613191155028568
2018-09-14,2.1841756319487677,0.003616451292290277,1.6903435920806311
2018-09-17,2.167648217792982,-0.007566888813350307,1.6121990410040004
2018-09-18,2.1835520201319136,0.007336892678612007,1.6260182803917809
2018-09-19,2.1914071342682564,0.0035974018772715285,1.6315475742546846
2018-09-20,2.2082140011061946,0.00766944059600787,1.6707895471899883
2018-09-21,2.199367289902236,-0.00400627439166982,1.6619301375281692
2018-09-24,2.1910416290619623,-0.003785479978036777,1.6204860891342874
2018-09-25,2.190823410513861,-9.959580192667888e-05,1.6737487345201498
2018-09-26,2.1789397741347725,-0.005424278525625879,1.6335681388168806
2018-09-27,2.1819487078262307,0.0013809164104377956,1.5817228818227507
2018-09-28,2.174075155110191,-0.003608495785349366,1.5458280100858415
2018-10-01,2.187706858531296,0.006270116002689096,1.5497532614960674
2018-10-02,2.181693720260041,-0.0027486032910698107,1.50837578745284
2018-10-03,2.192904822886499,0.0051387151745212935,1.5109058249337743
2018-10-04,2.1724867714705356,-0.00931096106081219,1.465698578524073
2018-10-05,2.146458839328295,-0.011980709150474026,1.3444696400589178
2018-10-08,2.134442214805079,-0.00559834845329543,1.295627145887589
2018-10-09,2.1268609519153374,-0.0035518707590939578,1.2848696628142
2018-10-10,2.0443804082282955,-0.038780411861322917,0.9855781233452421
2018-10-11,2.005458270479662,-0.019038598487824566,0.839459483094413
2018-10-12,2.039864543980017,0.017156314846743497,0.9712719196245017
2018-10-15,2.0301110962521234,-0.00478141931368815,0.9205398084293775
2018-10-16,2.0774003086607467,0.02329390371587346,1.0332355302103915
2018-10-17,2.075245137997688,-0.0010374363833843812,1.025179883736971
2018-10-18,2.0379805395959867,-0.01795672121783966,0.8988537421097695
2018-10-19,2.018966716478371,-0.009329737329771066,0.84740613180881
2018-10-22,2.0192012864223954,0.0001161831654331199,0.8148788648367433
2018-10-23,2.015158087912425,-0.0020023751654468596,0.8229711618192895
2018-10-24,1.920461910242064,-0.04699193489502366,0.4891508825406836
2018-10-25,1.9715959542847952,0.0266259089909708,0.7235289893754807
2018-10-26,1.9351641809853524,-0.018478316117593437,0.5875628498789593
2018-10-29,1.9163205917505493,-0.009737462805459857,0.47589229504122205
2018-10-30,1.9587878445843694,0.022160828943045635,0.6250909807128859
2018-10-31,2.001424185972252,0.021766696942582542,0.7317441056339862
2018-11-01,2.0415392391342,0.020043253920438306,0.8513776496212542
2018-11-02,2.031063680117189,-0.0051312063056177335,0.8128224279999421
2018-11-05,2.0264347197704486,-0.002279081838769766,0.7844433864236159
2018-11-06,2.0383008658504185,0.005855676456882805,0.8152465818034034
2018-11-07,2.0728695514817095,0.016959559901314314,0.940709869908499
2018-11-08,2.0600464620872887,-0.006186153578865829,0.9043905676059617
2018-11-09,2.0312037962346228,-0.014000978319412126,0.8607586228241798
2018-11-12,1.9827211580195243,-0.023868918670285115,0.699345696119535
2018-11-13,1.992237729317756,0.004799752733630711,0.7201203562633017
2018-11-14,1.979242949092506,-0.006522705615910617,0.6963541184560691
2018-11-15,2.008393647577498,0.014728206306536424,0.7984674861428754
2018-11-16,2.0035019499038316,-0.002435626939752008,0.703912449163667
2018-11-19,1.9683035871529513,-0.017568419512928257,0.5810545700616173
2018-11-20,1.9306123289216075,-0.019149108134209256,0.43807526354491444
2018-11-21,1.941777079946154,0.005783010321281352,0.4323955250580016
2018-11-23,1.9285403605306095,-0.006816806909633268,0.4026106892069118
2018-11-26,1.9680407113542973,0.020481993341752016,0.4953992725423037
2018-11-27,1.9751205040960742,0.003597381243655741,0.5602302454724735
2018-11-28,2.022584955983496,0.024031167611793094,0.6194797903859861
2018-11-29,2.0166192239207583,-0.002949558210194966,0.6672094624194822
2018-11-30,2.0343235835873372,0.008779227856490306,0.6938700845084287
2018-12-03,2.0620897030518863,0.013648821499471726,0.7777173514601343
2018-12-04,1.9799643019618716,-0.03982629900555226,0.5573411763640508
2018-12-06,1.9752078887428102,-0.0024022722098314703,0.5757081395353499
2018-12-07,1.9238172633035666,-0.026017831202543855,0.4341711276696169
2018-12-10,1.930371920546043,0.003407110107339901,0.41567859508423505
2018-12-11,1.929973423948149,-0.00020643514011614065,0.3894853522992515
2018-12-12,1.9435700674014122,0.007044989990301806,0.3936566643349236
2018-12-13,1.9450531660678825,0.0007630795983873411,0.3831672206865498
2018-12-14,1.9083074510889422,-0.01889188204208605,0.27436190810295175
2018-12-17,1.872164614239949,-0.018939734699651673,0.19316128220867002
2018-12-18,1.8734873265339316,0.0007065149527566937,0.14978003079432997
2018-12-19,1.838554016624363,-0.018646141564350613,-0.013377587876193585
2018-12-20,1.8046363581500444,-0.01844800760142603,-0.08996689833611826
2018-12-21,1.766027987826729,-0.02139398896013223,-0.1957626532958304
2018-12-24,1.7044299999100014,-0.03487939508395334,-0.3723362375361396
2018-12-26,1.793894154850612,0.05248919283592433,-0.09569505982541134
2018-12-27,1.8045230711616593,0.005925052089783029,-0.05430279122106077
2018-12-28,1.8105549126215816,0.0033426236307631417,-0.03304386270343156
2018-12-31,1.8222966717266311,0.006485171492560999,-0.01615335295568122
2019-01-02,1.8434948618357412,0.011632677838907887,0.08360939591570724
2019-01-03,1.7949114934137347,-0.026353948376958047,-0.14232056632155915
2019-01-04,1.8688497713407781,0.04119327231362272,0.00811513521638904
2019-01-07,1.8970600821222368,0.015095012565520281,0.044371892351030666
2019-01-08,1.9105895682586087,0.007131817417841893,0.036763837745970376
2019-01-09,1.9290007954964252,0.009636411474075667,0.05893724372870235
2019-01-10,1.934331471187721,0.0027634388247746483,0.08573163679646055
2019-01-11,1.9393690412048386,0.0026042951232262907,0.09172272400205035
2019-01-14,1.9320902591710785,-0.0037531701698394855,0.03538320099305264
2019-01-15,1.9434829647517047,0.0058965700626812416,0.039463683846259014
2019-01-16,1.945815715034168,0.0012002936607994584,0.06238093861483129
2019-01-17,1.9561040828943257,0.00528743178537703,0.037362481637018004
2019-01-18,1.9916074162015132,0.018150022597292054,0.12543149287187136
2019-01-22,1.957599676660286,-0.01707552365219062,0.007909883293285156
2019-01-23,1.9567959578859788,-0.00041056339755754615,-0.03397096147544223
2019-01-24,1.9876653644831672,0.015775485672271182,0.01131367976667537
2019-01-25,2.0077338831033615,0.01009652780532923,0.06114181816840587
2019-01-28,1.9823761486458988,-0.01263002765001269,0.012762448034067165
2019-01-29,1.9753583858940607,-0.0035400762648561276,-0.06969759867844219
2019-01-30,2.00419719667496,0.01459928030621477,0.014816959898209794
2019-01-31,2.016627225850481,0.006201999082796417,0.10629722239544992
2019-02-01,2.0235376583965183,0.0034267277846171595,0.09886851418134579
2019-02-04,2.03714006328266,0.006722091298721192,0.14859700175114035
2019-02-05,2.048910489521407,0.005777917017536854,0.29039276246451756
2019-02-06,2.0494916421679368,0.00028363984151677957,0.5214136897377258
2019-02-07,2.0301388921062764,-0.009442707480958221,0.36024377914895933
2019-02-08,2.0299694068241045,-8.348457478977729e-05,0.3889045185161851
2019-02-11,2.03630382356092,0.0031204493602323747,0.6122984589952325
2019-02-12,2.065150360824716,0.014166126356012554,0.607310193329742
2019-02-13,2.0709782163125143,0.0028220005663273096,0.5344738906221562
2019-02-14,2.067668113909385,-0.0015983279674585027,0.5008400127759833
2019-02-15,2.0885507964171146,0.010099629803859842,0.4367172993451248
2019-02-19,2.099542196129108,0.005262692068992998,0.40032519743609324
2019-02-20,2.104665057178715,0.002439989564892584,0.45030880330033307
2019-02-21,2.0923001342341148,-0.005875007475619377,0.4273543869055444
2019-02-22,2.109137537737784,0.008047317508696056,0.5149565744322803
2019-02-25,2.1200178923747846,0.005158674786410787,0.533733315470949
2019-02-26,2.1183618065881484,-0.0007811659479823235,0.44617528173067456
2019-02-27,2.123156552750891,0.0022634217383597256,0.39045125355092236
2019-02-28,2.1199800964034443,-0.0014961008613949194,0.44870144554306085
2019-03-01,2.128124082446418,0.0038415389167048295,0.5031579432643474
2019-03-04,2.1206288919320975,-0.003521970629505726,0.5557830560761969
2019-03-05,2.116368907629809,-0.0020088306438224668,0.4976776583137719
2019-03-06,2.098141270376446,-0.008612693745239769,0.3787918358953722
2019-03-07,2.0795596615062064,-0.008856223902838523,0.2987357087197366
2019-03-08,2.0814374394975563,0.0009029690400849643,0.2959040275474157
2019-03-11,2.119361481018694,0.018220120769179723,0.37359668338859914
2019-03-12,2.128632626807624,0.0043744995235423965,0.31811450792588125
2019-03-13,2.1469558738161303,0.008607989362629716,0.34310706549307307
2019-03-14,2.141399212000238,-0.0025881583704910394,0.37767119172869756
2019-03-15,2.155746264735385,0.006699849637912893,0.42657220322681644
2019-03-18,2.1632638677827734,0.003487239277815215,0.44431462738487965
2019-03-19,2.1744893378823105,0.005189135854722376,0.47888675898768773
2019-03-20,2.1687818060295947,-0.0026247688380364167,0.5500359333954048
2019-03-21,2.199273229153043,0.014059239633363231,0.6067895200759797
2019-03-22,2.149687830054248,-0.02254626593981271,0.4709916170000793
2019-03-25,2.1457061917528737,-0.0018521937212036582,0.604668313246482
2019-03-26,2.1635312535194346,0.00830731711315958,0.8012411933533169
2019-03-27,2.149385684232955,-0.006538185784683831,0.637246303754839
2019-03-28,2.1561389213055917,0.0031419382394588147,0.8183661262416069
2019-03-29,2.1717504373387744,0.007240496370117893,0.9202250375135628
2019-04-01,2.2034167686953365,0.01458101760318535,0.9089333962969528
2019-04-02,2.2011243522946975,-0.001040391646831467,1.0547736645068126
2019-04-03,2.21448810550791,0.006071330408607324,1.0195755687076429
2019-04-04,2.2129213992211603,-0.0007074801092193683,0.9436830629280598
2019-04-05,2.2172353323439986,0.0019494289875620486,0.9207196190463732
2019-04-08,2.2225040748685148,0.0023762667172301344,1.069220770931372
2019-04-09,2.209827253922395,-0.005703845985915556,1.017754450132302
2019-04-10,2.2231169145666225,0.006013891185674622,0.928973823012715
2019-04-11,2.2241085621778067,0.0004460618353837332,0.962573000663511
2019-04-12,2.2442858007496755,0.009072056515133167,0.9582578604274835
2019-04-15,2.2449963406131186,0.0003165995450337399,1.0011210516270348
2019-04-16,2.2653733808889838,0.009076647434667906,1.0163667764578268
2019-04-17,2.275134627159499,0.004308890690100949,0.9643654832764766
2019-04-18,2.2722059421497094,-0.001287257894468373,0.9383286301166639
2019-04-22,2.278612758381527,0.0028196459277614735,0.9875424642183854
2019-04-23,2.290998202339981,0.00543551944616109,1.048768414865673
2019-04-24,2.285367137162367,-0.0024579090336528573,1.053699701397356
2019-04-25,2.2788386972468313,-0.0028566263202866133,1.1211096736721151
2019-04-26,2.2864199109494505,0.0033267882065450755,1.1449787257291375
2019-04-29,2.297275695366302,0.004747939940893641,1.0541379488167997
2019-04-30,2.2964818696743627,-0.00034555090342021144,1.0471550127065392
2019-05-01,2.282422139507526,-0.006122290949691129,1.0611821216887924
2019-05-02,2.287631567445195,0.0022824121127710414,1.0574869683379087
2019-05-03,2.3083271163581003,0.009046714168233697,1.1452023754269534
2019-05-06,2.2889452450811603,-0.008396501145608519,1.1045996018428157
2019-05-07,2.2450538116587175,-0.019175396841302064,0.9206546679991647
2019-05-08,2.238921432235636,-0.0027315066530857325,0.8592554530609148
2019-05-09,2.2208109007438614,-0.008088953560862863,0.7883856443610273
2019-05-10,2.228575385163684,0.0034962384312962284,0.7404978124803074
2019-05-13,2.160030484477249,-0.030757272624816517,0.5045973067892692
2019-05-14,2.189766919185916,0.013766673629082562,0.5811448216316223
2019-05-15,2.2018011798352726,0.005495681090036268,0.6017276865021308
2019-05-16,2.2182280199877087,0.0074606373649347205,0.6747577130278775
2019-05-17,2.1937637860251566,-0.011028728220053683,0.5685603375195647
2019-05-20,2.1655618627042004,-0.012855496795329505,0.5189974440107963
2019-05-21,2.1924652565005855,0.012423285734626931,0.6176793009246891
2019-05-22,2.177741747257655,-0.006715504019630864,0.5381786999585466
2019-05-23,2.1412511136425776,-0.01675618041534472,0.459677853180157
2019-05-24,2.1414499964744116,9.288160111933533e-05,0.42935010696818704
2019-05-28,2.130545129059924,-0.005092282067029737,0.3981369645977684
2019-05-29,2.118362480150212,-0.005718090052890708,0.36379711466553466
2019-05-30,2.1182491263647556,-5.3510098728828546e-05,0.40357777826735936
2019-05-31,2.0808129436729637,-0.017673172728289176,0.2351102448524099
2019-06-03,2.074807468664489,-0.002886119594140104,0.25678200443744903
2019-06-04,2.1464809300615406,0.03454463244398605,0.34680090906334476
2019-06-05,2.1545286235250387,0.0037492499238124433,0.32037112712278587
2019-06-06,2.174252123319173,0.009154438506305132,0.3421727486622769
2019-06-07,2.190856208145809,0.007636687874674194,0.31996390226530486
2019-06-10,2.2099630266696826,0.008721165018878286,0.4055341956862531
2019-06-11,2.218320158770606,0.0037815710037089516,0.40151426279140084
2019-06-12,2.1978014509493784,-0.009249660262114311,0.3404910857103354
2019-06-13,2.2116478976974707,0.006300135411281606,0.3511897177323619
2019-06-14,2.198417480743892,-0.0059821533831641285,0.3317018250420064
2019-06-17,2.204906693151162,0.0029517652875805083,0.3272797408675998
2019-06-18,2.2375903454692043,0.014823145314748935,0.41063392319032205
2019-06-19,2.2447647087826166,0.0032062898948145013,0.42203512673650134
2019-06-20,2.2649669059959687,0.008999694771711109,0.49882368950387257
2019-06-21,2.2626983810278394,-0.001001570911311667,0.47300920203620533
2019-06-24,2.2510183689418084,-0.005161983666919483,0.48273963121341573
2019-06-25,2.2202866269667005,-0.013652372810069422,0.4153011199745409
2019-06-26,2.2376462591454556,0.007818644659618188,0.5861183037782742
2019-06-27,2.254463809898626,0.007515732517789895,0.5848087170326541
2019-06-28,2.270626193678663,0.007169058872922695,0.6963124149900132
2019-07-01,2.2891130219546914,0.008141731266685348,0.7046170743262099
2019-07-02,2.2911778651808286,0.0009020276440409177,0.7133309296316681
2019-07-03,2.3035475882746583,0.0053988488985569506,0.7146554888588333
2019-07-05,2.301759129032752,-0.0007763934424491502,0.766193385424385
2019-07-08,2.289566936227683,-0.005296902117726115,0.6824232027980978
2019-07-09,2.298991592277662,0.004116348773583763,0.6358935041746938
2019-07-10,2.3116410930929208,0.005502195335445514,0.5971027010910558
2019-07-11,2.3144288495273284,0.001205964214227483,0.592377136334666
2019-07-12,2.330501806776616,0.006944675466074711,0.6797895235149646
2019-07-15,2.3364115777993772,0.0025358362759370827,0.655298237513952
2019-07-16,2.326325015035157,-0.004317117266522288,0.6563911617207602
2019-07-17,2.3089531191721573,-0.007467527430915304,0.6028041000564551
2019-07-18,2.312459436858183,0.0015185746548560049,0.5718585456919425
2019-07-19,2.303815343745094,-0.003738051779551795,0.5285207944863545
2019-07-22,2.3233732450495244,0.008489352828355117,0.6081111435699285
2019-07-23,2.338615024326767,0.0065601940238050865,0.658602383119312
2019-07-24,2.3666523302507882,0.011988850508686194,0.7081904600722466
2019-07-25,2.3367807982032587,-0.012621850563223258,0.6430990728549237
2019-07-26,2.3656773615236437,0.012365970887215185,0.6711443948991856
2019-07-29,2.3519068537261885,-0.005820957676403634,0.6278524784671408
2019-07-30,2.348606073380601,-0.0014034485848612656,0.6377864650825807
2019-07-31,2.307926714557118,-0.017320639371816257,0.5813471906021861
2019-08-01,2.2766227584741627,-0.013563669888435933,0.5137858628502082
2019-08-02,2.2483189319332095,-0.012432374417588174,0.4611696182866677
2019-08-05,2.170803888135725,-0.03447688968701334,0.2174969379802906
2019-08-06,2.190898595109262,0.009256804395534168,0.24863943573945824
2019-08-07,2.187963991430794,-0.0013394520791692663,0.20735572352052983
2019-08-08,2.2380283397299454,0.02288170577542837,0.30018916758766634
2019-08-09,2.219104139224007,-0.008455746591762027,0.24702174343300184
2019-08-12,2.185771020236629,-0.01502098004243922,0.18694082518459018
2019-08-13,2.2231555651359574,0.01710359619246904,0.30958710639651116
2019-08-14,2.1441454378730023,-0.035539630470314436,0.15313981988629063
2019-08-15,2.1310611548206433,-0.0061023300104765844,0.08889669025694609
2019-08-16,2.180315343655152,0.023112517781618786,0.2708146745993485
2019-08-19,2.2147714346171647,0.01580326032299966,0.3178893054760625
2019-08-20,2.1973779912483713,-0.007853380758362569,0.2882273555005793
2019-08-21,2.2144127770342945,0.007752323839488987,0.3081115075474434
2019-08-22,2.2157292836893254,0.0005945172773044484,0.27218500929715966
2019-08-23,2.1463350501609524,-0.031318913388565,0.10279180005980308
2019-08-26,2.1719210795102972,0.011920799293393682,0.1600036349165924
2019-08-27,2.159874927536554,-0.00554631201261658,0.07507224295095935
2019-08-28,2.177842434857879,0.008318772116040048,0.06337724411710144
2019-08-29,2.210716929746999,0.015094983164503122,0.13048185381216434
2019-08-30,2.214484051590917,0.0017040272290080975,0.11615823870552133
2019-09-03,2.1940239181423147,-0.009239232693458952,0.0951024456540987
2019-09-04,2.228882783591797,0.01588809728154517,0.17012699264281014
2019-09-05,2.271432147422945,0.019089996183011788,0.2653065531613713
2019-09-06,2.2611473464774647,-0.004527892658888746,0.286475092527469
2019-09-09,2.2849812391887685,0.010540619012924291,0.40025684072525436
2019-09-10,2.292857339197181,0.0034468992013294035,0.4112176254979686
2019-09-11,2.3195142275339427,0.01162605622297235,0.4381749801064216
2019-09-12,2.318889501724724,-0.00026933476061624054,0.4236356211995727
2019-09-13,2.3206655428189507,0.0007659015631860496,0.4266564705812137
2019-09-16,2.3165439710691387,-0.0017760300542082014,0.4090949008032881
2019-09-17,2.318407861731922,0.0008045997339403272,0.3953181535856686
2019-09-18,2.31029277132688,-0.0035002859242289205,0.415558110388065
2019-09-19,2.3110425269373702,0.0003245283973508807,0.3812773686896257
2019-09-20,2.2924522919978165,-0.008044090371711984,0.323726052191598
2019-09-23,2.29268485213483,0.00010144600950929766,0.28667910560945276
2019-09-24,2.249814373165018,-0.01869881023111113,0.2134597625443549
2019-09-25,2.275097562083713,0.01123789998866729,0.2867640080977329
2019-09-26,2.2682322685541974,-0.0030175820342526393,0.27243943820332456
2019-09-27,2.250225362252344,-0.007938740027418368,0.26001855398005996
2019-09-30,2.2577383500944013,0.0033387712929061233,0.2695746383817768
2019-10-01,2.2275812198977105,-0.013357229900191923,0.2214133843015279
2019-10-02,2.1864458890193568,-0.01846636634880718,0.10022365792230592
2019-10-03,2.2128664762486028,0.012083805669252573,0.17213040751162392
2019-10-04,2.2389604510670695,0.011791933719698746,0.2041902627738141
2019-10-07,2.2394757515171624,0.00023015165357075389,0.2507540126268903
2019-10-08,2.197941873693828,-0.018546250297730084,0.21833930029400542
2019-10-09,2.2190194673184966,0.009589695649797211,0.2917543637456052
2019-10-10,2.226377278016478,0.0033157936675845064,0.3250331374557642
2019-10-11,2.2684018243738375,0.0188757524487492,0.6128980755583543
2019-10-14,2.2730634114379926,0.002055009396512883,0.7198323059055447
2019-10-15,2.3082408844077813,0.015475799220020238,0.7119977239038436
2019-10-16,2.296901876733428,-0.004912402232777448,0.711338587933974
2019-10-17,2.3076498865556987,0.004679350881786923,0.6232344578246878
2019-10-18,2.2990165446278565,-0.0037411836076779,0.6096834237536386
2019-10-21,2.3336964680098795,0.015084677604021667,0.7750783642909466
2019-10-22,2.3285331017073405,-0.0022125269388363193,0.8114074749281525
2019-10-23,2.336136345144043,0.0032652503119357484,0.8270269032975195
2019-10-24,2.3466311369099895,0.004492371255539638,0.8592973219422433
2019-10-25,2.3597242445505837,0.00557953375571199,1.1539390421775042
2019-10-28,2.3679197369719485,0.0034730720931867155,1.044315575734278
2019-10-29,2.368275904510572,0.000150413687196684,1.1463726237020497
2019-10-30,2.385068680036239,0.007090717552665078,1.2350832439512098
2019-10-31,2.37293988965181,-0.005085300262399341,1.0995598445972783
2019-11-01,2.4077887330286507,0.014685936010774538,1.0661166876859731
2019-11-04,2.4401696907378225,0.013448421476929689,1.0344997933018805
2019-11-05,2.448033932960854,0.0032228259587363224,1.0789208780731363
2019-11-06,2.4410895987042776,-0.0028366985290017134,1.0759277745097506
2019-11-07,2.453781210232326,0.005199158414662389,1.0725621731757382
2019-11-08,2.4606760299790804,0.0028098755170197086,1.001618386727023
2019-11-11,2.4597170602436247,-0.00038971799772594476,1.032937564310541
2019-11-12,2.467575460585676,0.0031948391418941185,1.1272722332554201
2019-11-13,2.461233561947171,-0.0025700930892704737,1.2508975786220822
2019-11-14,2.4580738758785663,-0.0012837814815530502,1.2185234121036312
2019-11-15,2.4764630295678414,0.007481123276940661,1.2937034899825117
2019-11-18,2.481699151405717,0.002114354939023445,1.229516185208606
2019-11-19,2.4815328757808643,-6.700071793907222e-05,1.2424128664288292
2019-11-20,2.47092647820433,-0.0042741313967871305,1.3197910516425155
2019-11-21,2.4754621764416656,0.0018356265462953283,1.4414858982297236
2019-11-22,2.482947582423158,0.00302384179113253,1.4269067519488483
2019-11-25,2.5067781746586513,0.0095977025065655,1.5157456259868969
2019-11-26,2.5053038498714204,-0.0005881353213201084,1.40921398550772
2019-11-27,2.519740928145062,0.005762605711232368,1.4206922815078564
2019-11-29,2.5066733685974105,-0.0051860726639350405,1.2706974818724512
2019-12-02,2.484143872212817,-0.008987806974308619,1.2359707342404866
2019-12-03,2.4672542118244603,-0.006798986394178496,1.1505480023443586
2019-12-04,2.493114066099302,0.010481228140540458,1.134380675532786
2019-12-05,2.495803647143456,0.0010788038464532013,1.3944741110595393
2019-12-06,2.521319819279799,0.010223629637510655,1.4639421171565674
2019-12-09,2.5224908700439244,0.00046445942921266353,1.6321552053692703
2019-12-10,2.530164389611032,0.003042040571181003,1.6301156845801679
2019-12-11,2.5434736217512297,0.005260224274298444,1.660854075770167
2019-12-12,2.5736867098280567,0.011878671678939782,1.6861942267232104
2019-12-13,2.5625487847242745,-0.00432761495843695,1.6564314004220295
2019-12-16,2.592110445132195,0.011536038097749425,1.8383089046795735
2019-12-17,2.600771036602771,0.0033411352077376082,1.978776180294613
2019-12-18,2.606452995776228,0.0021847210282990924,1.9872707129339675
2019-12-19,2.621026889074474,0.005591465996840528,2.140356378453381
2019-12-20,2.6362714403527105,0.005816251386730136,2.2954745797985514
2019-12-23,2.645331082699444,0.003436536241321518,2.4622088201843786
2019-12-24,2.648223647169299,0.001093460281313032,2.7378201926561174
2019-12-26,2.663413321419753,0.005735797377495068,2.5790175015120473
2019-12-27,2.654092134953004,-0.003499714592469054,2.5190845966158113
2019-12-30,2.6325687191478777,-0.008109520962619871,2.4423175273761557
2019-12-31,2.6442472295144017,0.004436165438562188,2.4301712692804416
2020-01-02,2.6845701959298918,0.015249317826796092,2.4487971730048614
2020-01-03,2.6631837594172993,-0.0079664284975734,2.6004186181891082
2020-01-06,2.6756455514459616,0.0046792835772582015,2.4464461389789927
2020-01-07,2.6821848594638382,0.002444011320685809,2.372537496717848
2020-01-08,2.691534329588438,0.0034857664980140327,2.3498396085800355
2020-01-09,2.705555353902649,0.005209305398811159,2.3232076357274014
2020-01-10,2.693153401441839,-0.004583884208068705,2.2727445746537582
2020-01-13,2.727911974179919,0.012906272891648616,2.3343545909244012
2020-01-14,2.7297610480999146,0.0006778348925836496,2.3650195334136237
2020-01-15,2.7231205087027908,-0.0024326449385546713,2.310165236117664
2020-01-16,2.745708215858182,0.008294787940233639,2.3546807496004436
2020-01-17,2.7522880776092142,0.002396416965586269,2.3362813124889046
2020-01-21,2.7464671805342307,-0.0021149301638657015,2.2153403986545506
2020-01-22,2.7469931480937313,0.00019150695235994994,2.3479010830990057
2020-01-23,2.760194609195236,0.004805785959337398,2.3824311315267312
2020-01-24,2.7368779688570513,-0.008447462458084686,2.225630151492265
2020-01-27,2.6730168249553974,-0.023333573739249724,1.9776077840508979
2020-01-28,2.7100150429272847,0.013841371152800373,2.1550178038870174
2020-01-29,2.6983706170200734,-0.0042968122769655405,2.149613771444203
2020-01-30,2.7094988015326087,0.00412403857436926,2.0878343565349864
2020-01-31,2.664918239668271,-0.01645343479728467,1.9244720547480305
2020-02-03,2.707103145874586,0.015829718742728184,1.9975097019396695
2020-02-04,2.767653515780798,0.02236721936453976,2.081949360653404
2020-02-05,2.7721353271532174,0.0016193542099342713,2.055648033280846
2020-02-06,2.780131804923131,0.002884591416438966,2.0725876623860926
2020-02-07,2.7828525531224506,0.0009786400035067702,2.146045372873867
2020-02-10,2.8093788471203966,0.009532051551988456,2.2060003006224926
2020-02-11,2.819534631856248,0.0036149573583716703,2.2091437170753556
2020-02-12,2.848154878793405,0.010150698847176133,2.1869293533624368
2020-02-13,2.8469436698554285,-0.0004252609108425831,2.165588522832638
2020-02-14,2.8399672675768888,-0.002450488343836445,2.15973363577531
2020-02-18,2.834379013641871,-0.0019677177264742812,2.083585218651461
2020-02-19,2.867548730678693,0.011702639935300277,2.12164455611062
2020-02-20,2.855510338918229,-0.0041981472299564985,2.076848354138194
2020-02-21,2.8149728692103557,-0.014196225856856844,2.0142257269726036
2020-02-24,2.701874412984519,-0.040177458711196164,1.6424872016389618
2020-02-25,2.613469166736123,-0.03271996870896124,1.3734072886632838
2020-02-26,2.595966583530485,-0.006697068948969595,1.3355097445722846
2020-02-27,2.483489616697154,-0.04332758655173592,1.0175383037069605
2020-02-28,2.4786763151743862,-0.0019381202524087864,1.0148704674647004
2020-03-02,2.569022054956914,0.03644918831451847,1.1826684917288024
2020-03-03,2.492363006988711,-0.029839778066634175,1.0138493796663801
2020-03-04,2.579343424619015,0.03489877573467691,1.2027615934967533
2020-03-05,2.489330137702329,-0.03489775190753486,1.0356279770195824
2020-03-06,2.441965866535304,-0.01902691428897516,0.9750245281657022
2020-03-09,2.2218603743163197,-0.09013454906774489,0.42463094982243904
2020-03-10,2.3290642627764866,0.04824960636563591,0.5592087717808414
2020-03-11,2.215197466391035,-0.04888950391163121,0.29503967464341535
2020-03-12,1.9799953613318866,-0.1061765863439416,-0.21689424702317908
2020-03-13,2.1602351644818234,0.09103041687365097,0.16409852388342266
2020-03-16,1.9103966355817632,-0.11565339413405439,-0.28722898419615617
2020-03-17,2.001261041735534,0.047563110435493626,-0.12805259697380242
2020-03-18,1.855139792290153,-0.07301458750161934,-0.3907428289302573
2020-03-19,1.914720447116438,0.03211653109587683,-0.27062977017007567
2020-03-20,1.8777947880390184,-0.01928514375716281,-0.38331439337955975
2020-03-23,1.8428058398165559,-0.01863299890133444,-0.37039777841344534
2020-03-24,2.056610291937511,0.11602114965201031,0.027096856869085306
2020-03-25,2.110653529571806,0.026277821250899808,0.08351192208480532
2020-03-26,2.217930623360276,0.05082648207554609,0.2606423541332177
2020-03-27,2.113489757475043,-0.04708932947911575,0.10353795689308413
2020-03-30,2.1488720749606838,0.016741182378812048,0.13258983278858177
2020-03-31,2.1396080114637672,-0.004311128430986724,0.07466829422201265
2020-04-01,1.9999015650977745,-0.06529534644545266,-0.12033880325384193
2020-04-02,2.0374033397061577,0.01875181022049446,-0.08202404595113347
2020-04-03,2.0173674556403904,-0.00983402926425804,-0.10942919218699654
2020-04-06,2.1937269859785795,0.08742062822769472,0.1427072286634039
2020-04-07,2.226714177864776,0.01503705433585725,0.17936117475308508
2020-04-08,2.3279549157056114,0.04546642710018403,0.32529321261447736
2020-04-09,2.37745052758337,0.021261413416486317,0.368609379950374
2020-04-13,2.376894004283539,-0.00023408407172894512,0.36665224177757033
2020-04-14,2.458065271820581,0.03415014190399701,0.43688007861891215
2020-04-15,2.3929979099634453,-0.02647096584581064,0.3590916713025539
2020-04-16,2.379099592231076,-0.005807910518643789,0.316636803132403
2020-04-17,2.478253123810826,0.0416769150411085,0.4204776855039436
2020-04-20,2.4467589202369653,-0.012708227126304131,0.3878147126359776
2020-04-21,2.3594911762181114,-0.03566667042554497,0.2772865620833352
2020-04-22,2.431878622523495,0.030679261289465583,0.3472399537178884
2020-04-23,2.459625120794201,0.011409491416933419,0.38603666882581716
2020-04-24,2.4877250987376684,0.011424496239652394,0.4259677073916931
2020-04-27,2.5352555827917898,0.019106003343472015,0.46964797408044756
2020-04-28,2.539598858368412,0.0017131509762182912,0.46116770861329026
2020-04-29,2.6667950897064454,0.05008516637141332,0.5968875510011136
2020-04-30,2.6286113490236307,-0.014318213210381167,0.5737231460619351
2020-05-01,2.5043715487667497,-0.04726442359119707,0.43239300791963714
2020-05-04,2.5350653648858064,0.012256095200479116,0.4411153104026129
2020-05-05,2.5352172684735903,5.9920974775620446e-05,0.46451833481474153
2020-05-06,2.530042719978115,-0.0020410670753245115,0.512413930039104
2020-05-07,2.5783783814280543,0.01910468193610504,0.5718804162340029
2020-05-08,2.6553264649245785,0.029843596289349055,0.674342731801252
2020-05-11,2.648686510512302,-0.00250061696743769,0.6578723224328712
2020-05-12,2.5919109589509257,-0.0214353610123512,0.6847552406695305
2020-05-13,2.519550495245993,-0.027917804604761887,0.568720622702695
2020-05-14,2.560556998173651,0.01627532490618118,0.5977971608938581
2020-05-15,2.574771256670918,0.005551236901738789,0.5926128748519645
2020-05-18,2.693766596592645,0.046215887960308975,0.7441912259614669
2020-05-19,2.660209126522238,-0.012457452740283521,0.74530453144592
2020-05-20,2.7242414377651736,0.024070405068734913,0.7758529302621926
2020-05-21,2.7050642971567065,-0.007039442371964954,0.7749578799087461
2020-05-22,2.7098833202153707,0.0017814818907372274,0.8263068776386885
2020-05-26,2.7310711593173496,0.007818727449968107,0.8471915643700179
2020-05-27,2.7567092255907246,0.00938754971136797,0.886492067264367
2020-05-28,2.718876809602863,-0.013723760067496678,0.8641565194579874
2020-05-29,2.7457400718668143,0.009880279301023231,0.890918327782284
2020-06-01,2.772787346023839,0.009850631687301393,0.9667411157396238
2020-06-02,2.802312894582416,0.01064832779221819,1.0033107421937373
2020-06-03,2.8545999034893743,0.01865851918536395,0.9629610379180104
2020-06-04,2.866305642537449,0.00410065839130951,0.9639131526477883
2020-06-05,2.962871410054691,0.03368997572490394,1.0270966132826007
2020-06-08,3.028969896121506,0.022308928373504743,1.0654191055375237
2020-06-09,3.013487734052192,-0.005111362146298682,1.0279110336146293
2020-06-10,2.9925883223611622,-0.006935290114131865,0.998587254374414
2020-06-11,2.788729623865069,-0.06812119694941801,0.82468066947057
2020-06-12,2.8471306838318937,0.020941815035436507,0.8626228151096468
2020-06-15,2.8979860229683214,0.01786196166731022,0.9254172088195577
2020-06-16,2.940615446193647,0.014710016848756884,0.9561228044197512
2020-06-17,2.928027162742056,-0.004280832935120911,0.9057805612312096
2020-06-18,2.941824722054487,0.004712237471017691,0.9097632927286788
2020-06-19,2.9213234566900077,-0.006968894241313429,0.867234366463556
2020-06-22,2.9453540303475485,0.008225920208359334,0.891657360794899
2020-06-23,2.9530961750114737,0.002628595606556608,0.9125187341701857
2020-06-24,2.8590171863453766,-0.031857746273953144,0.8613989067970372
2020-06-25,2.8954354749584597,0.012738044663395481,0.8741785476300094
2020-06-26,2.8165525825386544,-0.027243878546779544,0.7798738246795739
2020-06-29,2.8687755002559645,0.01854143183445896,0.8092038457229898
2020-06-30,2.923285309816921,0.019001071905449942,0.8371181196558626
2020-07-01,2.9447656087141243,0.007347999466582507,0.8540268596851504
2020-07-02,2.9595957870608727,0.005036115031655719,0.8530777994601613
2020-07-06,3.027229299292137,0.02285228020899095,0.9139933692653935
2020-07-07,2.993563269852539,-0.011121070163885655,0.8982952470811917
2020-07-08,3.017240597674079,0.007909412859246562,0.9081771986316665
2020-07-09,3.0085820837430846,-0.002869679646253338,0.886121595047949
2020-07-10,3.0701284388349888,0.02045693066659885,0.9356522732783051
2020-07-13,3.006454040065611,-0.020739978811290458,0.8614540136992994
2020-07-14,3.042820677441841,0.012096189361815838,0.8862166336602495
2020-07-15,3.0851370537217977,0.013906956986874545,0.9336675116082449
2020-07-16,3.051537482937327,-0.010890787086407467,0.9244520292521307
2020-07-17,3.0507179054714273,-0.00026857853474940475,0.9197538808036577
2020-07-20,3.0855983208421676,0.01143351055441174,0.9593201139887444
2020-07-21,3.0877500440794092,0.0006973439228002388,0.9390384860928854
2020-07-22,3.110148390508178,0.007253937692176888,0.9408340331345361
2020-07-23,3.05921508942099,-0.016376485843129052,0.8658113886493056
2020-07-24,3.0200728861156,-0.012794851673145561,0.8653433822439893
2020-07-27,3.037192177509988,0.005668502728226069,0.8480855133493401
2020-07-28,3.017636814078157,-0.006438632226382027,0.8464388686468158
2020-07-29,3.058676262488936,0.013599863382935383,0.8853498570674063
2020-07-30,3.0325606033198276,-0.008538222723792838,0.9091558282510225
2020-07-31,3.0302794676027505,-0.0007522143875969711,0.943480433425499
2020-08-03,3.0598383238050393,0.009754498394721643,1.0021647601137016
2020-08-04,3.097076902979036,0.012170113330592203,1.1293409231713103
2020-08-05,3.1227059456958104,0.008275236140285122,1.1268063556889474
2020-08-06,3.1438048605078825,0.0067566127515637855,1.148096871782017
2020-08-07,3.1340032179337856,-0.003117764304402003,1.0811277262878043
2020-08-10,3.165827896302661,0.010154641254598692,1.1304057978960205
2020-08-11,3.1402044414335117,-0.008093761160887688,1.1494434101326028
2020-08-12,3.1796296789750533,0.0125549906946645,1.1378937486713785
2020-08-13,3.158600018256317,-0.006613871061083688,1.220040149726063
2020-08-14,3.1583066434603397,-9.288127470448441e-05,1.2362650772605848
2020-08-17,3.159188235147022,0.00027913429131632604,1.1774674661806248
2020-08-18,3.1572926823874825,-0.0006000126040135341,1.1345827831347268
2020-08-19,3.1426440837455454,-0.004639607447118336,1.1433497033785602
2020-08-20,3.143600946819299,0.00030447707352627604,1.1236478543657038
2020-08-21,3.1380865312316666,-0.0017541716270356006,1.1173483551575494
2020-08-24,3.199700808497363,0.019634346170025293,1.256560054762081
2020-08-25,3.2077847202459813,0.0025264586386170946,1.23190662961297
2020-08-26,3.2246446058595994,0.0052559280263438386,1.2609700488947697
2020-08-27,3.243713826475933,0.005913588301074423,1.2546543213022008
2020-08-28,3.2895520558901192,0.014131403652210044,1.252188462739197
2020-08-31,3.273509300158879,-0.004876881550640002,1.2343957456470456
2020-09-01,3.296908334712166,0.007147996968315189,1.278634294717037
2020-09-02,3.3429384596974634,0.013961602905564375,1.2737116961873507
2020-09-03,3.2447971840677043,-0.029357787112431893,1.1414076678443992
2020-09-04,3.2374155377821503,-0.002274917619442813,1.147512468257416
2020-09-08,3.1552410592956663,-0.02538274050009016,1.049234662780221
2020-09-09,3.1800124394047633,0.007850867697134467,1.060823238590763
2020-09-10,3.130223395307594,-0.01565687086006761,0.9875283899784667
2020-09-11,3.141928606487936,0.0037394171923604566,0.9981839805992369
2020-09-14,3.198252733447488,0.01792660942175625,1.0428389729569374
2020-09-15,3.207300504157317,0.0028289730249290764,1.0551116779710452
2020-09-16,3.245647229905485,0.011956075116273989,1.0843375326121545
2020-09-17,3.2288908410006645,-0.0051627264819253125,1.0798460432312205
2020-09-18,3.1877922112549686,-0.01272840482057272,1.0444254035026679
2020-09-21,3.0989221649311913,-0.027878243133290924,0.989089704661206
2020-09-22,3.1105698955050145,0.003758639279693558,0.9987595280802682
2020-09-23,3.027911829796639,-0.026573286724025154,0.9766161777614194
2020-09-24,3.034616319737752,0.0022142289201212365,0.9530785674304216
2020-09-25,3.080681698486537,0.015179968040495461,1.0006139737383943
2020-09-28,3.1326522025712036,0.016869806481532464,1.065642990935386
2020-09-29,3.106586291415775,-0.008320716590891918,1.0345010688088467
2020-09-30,3.1183388092103437,0.00378309716586465,1.0805875035242034
2020-10-01,3.1354751532205256,0.005495343854095686,1.1454761925431975
2020-10-02,3.1231255295355136,-0.003938676940982099,1.1033707771642307
2020-10-05,3.172752911746691,0.015890293791219482,1.113829858494598
2020-10-06,3.1270815809847616,-0.01439485898597317,1.074171095215339
2020-10-07,3.191501831256881,0.020600757800451272,1.1778801290061292
2020-10-08,3.241989915064828,0.01581953778421119,1.1937853970935794
2020-10-09,3.2430691368450875,0.0003328886913696364,1.1859025587006482
2020-10-12,3.2604054514324763,0.005345650633971222,1.151270165416835
2020-10-13,3.2302479096092163,-0.009249629309143149,1.1208927582672805
2020-10-14,3.213074777534698,-0.005316351114548363,1.0664419528866356
2020-10-15,3.224123534011962,0.003438686380570745,1.0886869614740253
2020-10-16,3.214065771285319,-0.0031195339200069468,1.0680010612209856
2020-10-19,3.1867559967402976,-0.008496955721631026,1.055146225395081
2020-10-20,3.2158147200850165,0.009118590621447875,1.0398210629647815
2020-10-21,3.187138305093506,-0.008917309449579313,1.0217355921080005
2020-10-22,3.2428930812028245,0.017493679524422885,1.0584496672863133
2020-10-23,3.244133217405338,0.0003824166173414335,1.0476115251193698
2020-10-26,3.1572767929928442,-0.026773384011018333,0.9594683107674815
2020-10-27,3.1282845752743262,-0.009182665828622438,0.9257576177662651
2020-10-28,3.0139579342326295,-0.036546112826602854,0.8249621853043569
2020-10-29,3.066911433194302,0.0175694220414376,0.8517606753959321
2020-10-30,3.0392714731906616,-0.009012311116807217,0.8412826326582394
2020-11-02,3.075061828861518,0.01177596538728502,0.8338591593973491
2020-11-03,3.1347552515296253,0.019412104858460007,0.8489581652189842
2020-11-04,3.1696846520768793,0.011142624461737454,0.8694185974417754
2020-11-05,3.250405497187691,0.02546652237405408,0.9416932593855005
2020-11-06,3.2539969723365054,0.0011049314160715422,0.9310415503527388
2020-11-09,3.446717134703798,0.059225673534942444,1.0663984389745764
2020-11-10,3.4296584081393156,-0.00494926792591243,1.054480532131455
2020-11-11,3.4555770324652686,0.007557202858582922,1.06563333411934
2020-11-12,3.407916817494946,-0.01379225944684585,1.0358874226752643
2020-11-13,3.494869864296672,0.02551501443795288,1.1029971896124768
2020-11-16,3.5887541909700404,0.026863468546421077,1.1506486769566657
2020-11-17,3.605698027257576,0.004721369975734054,1.1573190783017904
2020-11-18,3.606110592262575,0.00011442028752271002,1.1577879750606346
2020-11-19,3.643412601846985,0.010344111371527796,1.1952320207968707
2020-11-20,3.6157995125411957,-0.007578908107138569,1.1706870955669484
2020-11-23,3.7011497061319165,0.02360479149761713,1.2216782033205116
2020-11-24,3.802861739418367,0.02748119945484443,1.2650952887820155
2020-11-25,3.824030324230376,0.005566488150906776,1.280830779115762
2020-11-27,3.8458307496764017,0.0057009028688634975,1.2806747013400532
2020-11-30,3.8245213193166427,-0.005540917358766311,1.279744066821652
2020-12-01,3.8586289837596577,0.00891815252035501,1.3259199530944146
2020-12-02,3.9068103582613354,0.012486656453487744,1.3751905028626827
2020-12-03,3.956969648508231,0.012838936535741719,1.3810258961308899
2020-12-04,4.016861275370762,0.015135730668318482,1.416249552124114
2020-12-07,4.028642527862199,0.002932949804284574,1.3978823897871102
2020-12-08,4.052861246924427,0.006011632676448719,1.4120291437926986
2020-12-09,4.001939644837781,-0.012564358605982118,1.3711072056122928
2020-12-10,4.013680236833819,0.0029337254026765166,1.3651966784728793
2020-12-11,3.9778666449752036,-0.008922881182699027,1.311874350300649
2020-12-14,3.9472238545049354,-0.007703322711679039,1.3030076696238668
2020-12-15,3.994647620738241,0.012014460791014307,1.3041914705887203
2020-12-16,3.9923543262538197,-0.0005740918103803865,1.2941573095543333
2020-12-17,3.9993754876688965,0.00175865187338353,1.293067525970712
2020-12-18,3.9733552110731973,-0.006506084931491493,1.2618849344766931
2020-12-21,3.961469740602449,-0.002991293211748406,1.239326615585997
2020-12-22,3.9268723100896605,-0.008733483474122566,1.2077722766955241
2020-12-23,3.942809965879809,0.004058613199415336,1.2153347423635947
2020-12-24,3.939243048864624,-0.0009046636906297855,1.1983903516404055
2020-12-28,3.956544556401722,0.004392089374146325,1.218651584620089
2020-12-29,3.949018924276538,-0.0019020718755732116,1.234865079504887
2020-12-30,3.970356342385271,0.005403220019423299,1.2373142597920546
2020-12-31,3.9751825473469817,0.0012155596489384587,1.2021315134234163
2021-01-04,3.917593131487195,-0.014487238051047947,1.1847879470747942
2021-01-05,3.983632720951485,0.01685718430877983,1.215064549062331
2021-01-06,4.023067746864759,0.009899262476148843,1.2338570603294585
2021-01-07,4.1000471589103435,0.01913450552891542,1.2726166587131542
2021-01-08,4.0920019800102665,-0.0019622161863658105,1.2542940339390194
2021-01-11,4.10099605322677,0.0021979640431360227,1.271779252897339
2021-01-12,4.159550164321086,0.014278021810882679,1.2751482408531905
2021-01-13,4.1587601857487515,-0.00018991923191845068,1.2729210795838757
2021-01-14,4.2123947313308,0.012896763262725265,1.3116221425180536
2021-01-15,4.137433959149543,-0.017795286757842664,1.24363527001561
2021-01-19,4.1911972702461595,0.012994361149311875,1.2701417601992446
2021-01-20,4.2442036573273,0.012647075206275775,1.307338697828008
2021-01-21,4.222246809058476,-0.005173372920245296,1.2934731135343531
2021-01-22,4.204430127868562,-0.004219715709581329,1.2703654910095994
2021-01-25,4.2021789077467515,-0.0005354400128779369,1.290938778143207
2021-01-26,4.188272010434745,-0.0033094491256355075,1.3446238447486087
2021-01-27,4.095910573783757,-0.02205239688847245,1.2512359264886153
2021-01-28,4.147223594356003,0.012527866428695845,1.2938081133135897
2021-01-29,4.0579571466035,-0.02152438751409166,1.2262891477282014
2021-02-01,4.095343980277737,0.009213215498229076,1.2927625745459645
2021-02-02,4.157902595175218,0.015275545887903556,1.2914146986154489
2021-02-03,4.2116879523224915,0.012935694359383174,1.2686199624144758
2021-02-04,4.269740439197605,0.013783662876329822,1.2990308119119998
2021-02-05,4.29309853627301,0.005470612888074023,1.3055701950971303
2021-02-08,4.372782970912625,0.018561054205103688,1.349165527152614
2021-02-09,4.354011558379448,-0.004292783945153977,1.3140505561449907
2021-02-10,4.357418011563709,0.0007823711854198649,1.3068460898413439
2021-02-11,4.355824764060145,-0.0003656402712192455,1.2803354466371422
2021-02-12,4.382172135362261,0.006048767507707754,1.296769758918126
2021-02-16,4.427353823002083,0.010310340681331217,1.3290412398814544
2021-02-17,4.438897047904711,0.0026072515014852046,1.3407534250423545
2021-02-18,4.388256529113413,-0.01140835623011407,1.28157444247634
2021-02-19,4.444133082918872,0.01273320131463426,1.324326343649934
2021-02-22,4.440712061615517,-0.0007697837214874737,1.3596085234794621
2021-02-23,4.437781067339118,-0.0006600279945493589,1.4687382170220162
2021-02-24,4.544406967718124,0.024026850076887374,1.618100612069277
2021-02-25,4.398200489675192,-0.03217283995063193,1.5470314692415892
2021-02-26,4.38235409559126,-0.003602926724493703,1.659859547632207
2021-03-01,4.498881439031373,0.026590125055696037,1.7301449040757442
2021-03-02,4.482299963222884,-0.003685688550187487,1.632967981907375
2021-03-03,4.453792198383882,-0.006360075200880697,1.699033318623313
2021-03-04,4.39071009149227,-0.014163684357456532,1.576130226527059
2021-03-05,4.433804495649323,0.009814905393219851,1.6998666571217533
2021-03-08,4.420230129612926,-0.0030615617016304434,1.7440699742657628
2021-03-09,4.450978750254396,0.0069563393171484435,2.0589793063306985
2021-03-10,4.500320089584118,0.01108550323384546,1.9732074515861926
2021-03-11,4.534737643678666,0.007647801358442357,2.147620380107223
2021-03-12,4.5764455365339805,0.009197421357651168,2.5818506111703354
2021-03-15,4.608477081194244,0.006999219023706084,2.4183008212442476
2021-03-16,4.56641883690491,-0.009126278279859552,2.91986883357373
2021-03-17,4.604960655043569,0.008440272238536446,2.8231834796059303
2021-03-18,4.504103824167295,-0.02190177906640974,3.0695132620380585
2021-03-19,4.518073902816875,0.003101633353703189,2.987284812301376
2021-03-22,4.516734600350401,-0.00029643217337340955,3.0584334815214063
2021-03-23,4.432144145736182,-0.01872823225160418,3.058047144321041
2021-03-24,4.392887049895469,-0.008857359902989517,2.847318504660992
2021-03-25,4.422442542949375,0.006728033914418347,2.786943089468269
2021-03-26,4.482604034899528,0.013603679723565229,2.691538474054063
2021-03-29,4.453367807520045,-0.006522152559508613,2.8847957018854045
2021-03-30,4.467292487367603,0.003126775161944874,2.838244509755921
2021-03-31,4.479442004175477,0.0027196600272381397,2.865232714401479
2021-04-01,4.548833719022916,0.01549115152797059,3.2659698104386408
2021-04-05,4.60458456273284,0.012256074227725145,3.2449339254120404
2021-04-06,4.612326388678034,0.001681329952728408,3.2929724606244655
2021-04-07,4.620668049897664,0.0018085583102066614,3.132190340130022
2021-04-08,4.626218604672517,0.0012012450829433615,3.0799135813977947
2021-04-09,4.64416016557772,0.0038782345665814154,2.955882593576783
2021-04-12,4.618720137134906,-0.005477853376241106,2.8528358629316464
2021-04-13,4.626124728994626,0.00160316963138488,2.8605651624826676
2021-04-14,4.620463699052339,-0.00122370888679391,2.737869300882296
2021-04-15,4.644973623499499,0.00530464603632476,2.890438661783151
2021-04-16,4.64894517216887,0.0008550207151398948,2.920007746311281
2021-04-19,4.615058994632617,-0.007289003479566596,2.749886109313908
2021-04-20,4.53710926353683,-0.016890300034396812,2.7286700388431204
2021-04-21,4.593060376345061,0.012331885691599046,2.9678804386458184
2021-04-22,4.535668489474553,-0.012495347800365333,2.797558475461873
2021-04-23,4.597188048980034,0.013563504398137454,2.8057079935392877
2021-04-26,4.627217959035702,0.006532234430203708,2.7863080684456323
2021-04-27,4.625057177736527,-0.00046697201608060274,2.708860455224277
2021-04-28,4.6311899104141,0.0013259798618477292,2.7071738850750893
2021-04-29,4.652573764061629,0.004617356243466528,2.565912650404607
2021-04-30,4.6245048299007605,-0.006032990680918273,2.6076112990466473
2021-05-03,4.634570437899468,0.0021765807084092926,2.896052812943544
2021-05-04,4.586574279635717,-0.01035611798479954,2.7918619366530013
2021-05-05,4.609537957490196,0.005006716659193194,2.8141829358407686
2021-05-06,4.625384747127654,0.003437826043217406,2.8394933635191824
2021-05-07,4.677410228989607,0.011247817145213638,2.8097281749863106
2021-05-10,4.617611248372967,-0.012784634592454365,2.630949184392436
2021-05-11,4.576253081372799,-0.008956615179491546,2.5987870943069957
2021-05-12,4.476425938229187,-0.021814165730900878,2.5965794310173766
2021-05-13,4.500765877212734,0.005437359920485074,2.7742533116219894
2021-05-14,4.606299625542617,0.023447953350383646,2.7997964371237454
2021-05-17,4.610503331253087,0.0009125992775545904,2.7787885591420993
2021-05-18,4.579505511521242,-0.0067233049202503,2.5870343720125453
2021-05-19,4.55428523252628,-0.005507205730293824,2.623928575328668
2021-05-20,4.5934228995090125,0.008593591526330999,2.563856086701154
2021-05-21,4.604105578301761,0.0023256466966910926,2.6103066192748354
2021-05-24,4.65815558349442,0.011739523404368958,2.654484021946444
2021-05-25,4.637976370069871,-0.004332017911993272,2.5970700981987584
2021-05-26,4.683695187413161,0.009857492512968923,2.599077404219767
2021-05-27,4.735266095979861,0.011010731164848278,2.7206063740242064
2021-05-28,4.7283989118758045,-0.0014502213740187815,2.6685843643677534
2021-06-01,4.779055908737921,0.010713350926227218,2.6722360441570387
2021-06-02,4.808121280554834,0.0060818229315482515,2.6523817030705854
2021-06-03,4.766419224476126,-0.008673253781546913,2.527945377523812
2021-06-04,4.803682389763249,0.00781785309520674,2.544680262740053
2021-06-07,4.80657979478377,0.0006031633204341254,2.4155557923030164
2021-06-08,4.789931804379215,-0.003463583486665728,2.3027113172705747
2021-06-09,4.758045344124518,-0.0066569758311682,2.2946713645530714
2021-06-10,4.760111528412116,0.00043425065087906035,2.3320111820624745
2021-06-11,4.780014500522933,0.004181198695034901,2.8444241773822703
2021-06-14,4.777722277663705,-0.00047954307648591913,2.747684447162393
2021-06-15,4.760303641765908,-0.00364580335262066,2.6451709718086334
2021-06-16,4.75336741907016,-0.0014570966933478125,2.567297016105142
2021-06-17,4.726328374827877,-0.005688397689142329,2.559401672293198
2021-06-18,4.668206693187402,-0.0122974277348199,2.4656774408556457
2021-06-21,4.7326334073080245,0.013801169989890023,2.5700524143191084
2021-06-22,4.752144427112878,0.00412265606178684,2.5501933953917915
2021-06-23,4.773302320112709,0.004452283242722239,2.5593437371069645
2021-06-24,4.811601543737856,0.008023632499406104,2.8049428331284716
2021-06-25,4.831317688940261,0.004097626335677221,2.7640904929277865
2021-06-28,4.825536348705928,-0.0011966383927861585,2.9338209521774363
2021-06-29,4.808621854565841,-0.003505205000605345,2.826960770099687
2021-06-30,4.834189402055193,0.005317021854208643,2.7652994956477226
2021-07-01,4.847716996298513,0.002798316970694016,2.7422208383728237
2021-07-02,4.866626080334669,0.003900616321165904,2.736406252880561
2021-07-06,4.826815326824638,-0.008180360038528489,2.5838115621468116
2021-07-07,4.786996226945777,-0.008249559426392295,2.601592925273023
2021-07-08,4.736489100936202,-0.01055090157064947,2.4988298548500434
2021-07-09,4.813239538600488,0.016204077752256414,2.5937790266682756
2021-07-12,4.82537720197973,0.0025217243567253523,2.5106794163933768
2021-07-13,4.785091905285541,-0.008348631621515706,2.591963821503443
2021-07-14,4.752152960214558,-0.006883659859197136,2.4909927221144192
2021-07-15,4.714186305905301,-0.007989358639571958,2.375058504095069
2021-07-16,4.645113258806322,-0.014652167440317963,2.3511173688950944
2021-07-19,4.563861935207174,-0.01749178525305283,2.2468494793742217
2021-07-20,4.65403344230329,0.019757720188795035,2.2837834503278227
2021-07-21,4.7388955003138795,0.018234088573414017,2.368074676880013
2021-07-22,4.730122044000013,-0.0018513715513003492,2.3203427439782045
2021-07-23,4.753558857484963,0.004954801010827761,2.4445292096539015
2021-07-26,4.788660870686815,0.007384364905165895,2.558776185678647
2021-07-27,4.742932937392554,-0.009549211048579092,2.4733705623390017
2021-07-28,4.7784547102595285,0.0074894107371677125,2.549026882214223
2021-07-29,4.7986548975320105,0.00422734722777868,2.503710697179217
2021-07-30,4.7529710414048765,-0.009520137851677886,2.4976966795673965
2021-08-02,4.749349000109623,-0.0007620583554371188,2.4976422207566187
2021-08-03,4.79522787140519,0.009660033679249112,2.4971901731328843
2021-08-04,4.762698457632248,-0.006783705518338564,2.3970035323777563
2021-08-05,4.820936485146154,0.012227947671257395,2.415833202428764
2021-08-06,4.83664822172977,0.0032590631782902194,2.397915861531016
2021-08-09,4.842387387641442,0.0011865998204887629,2.421743465397643
2021-08-10,4.864870250951851,0.004642929511956888,2.3943914193225493
2021-08-11,4.8653941754517716,0.00010769547241647149,2.441602407262504
2021-08-12,4.884403129501487,0.003906971021099282,2.399098682388997
2021-08-13,4.8626170298211795,-0.004460340209988129,2.411752598051296
2021-08-16,4.8211349079502845,-0.008530822315739832,2.362949744758368
2021-08-17,4.7598958474875115,-0.012702208428514938,2.286582030368556
2021-08-18,4.7283974860514375,-0.006617447617619785,2.2523616644271325
2021-08-19,4.6810513390159265,-0.010013148677787848,2.220601617680586
2021-08-20,4.719010471862167,0.00810910415142342,2.260957035742711
2021-08-23,4.802058367558212,0.01759858262473269,2.3561048947940555
2021-08-24,4.83432973706803,0.006720320129350545,2.2970957987175016
2021-08-25,4.860934765400881,0.00550335409040301,2.312527429671445
2021-08-26,4.812908825188809,-0.009879980400870677,2.2279528911600583
2021-08-27,4.892610523302812,0.016559985033765136,2.27808300858526
2021-08-30,4.872375768567249,-0.004135778770696833,2.1848414769331583
2021-08-31,4.877217373010391,0.0009936845336059807,2.2173860678504407
2021-09-01,4.86147473348433,-0.003227791242846491,2.162374053704964
2021-09-02,4.893952259120182,0.006680591264242603,2.127452150604883
2021-09-03,4.881190994986009,-0.002607557952857178,2.3011326679671416
2021-09-07,4.889414295138953,0.001684691330740894,2.323070008424643
2021-09-08,4.836168467573516,-0.010890021657271728,2.4218932421440287
2021-09-09,4.844228583917803,0.0016666326655760115,2.3894964041668545
2021-09-10,4.809254434695203,-0.007219756173090181,2.443632935885112
2021-09-13,4.86297453509763,0.011170151451101545,2.481176401710758
2021-09-14,4.806312696528291,-0.011651683174647936,2.3223473388036897
2021-09-15,4.8801592483148815,0.015364491752675822,2.3843530823803176
2021-09-16,4.879265100122729,-0.00018322110952860777,2.32160311973643
2021-09-17,4.850138911724494,-0.005969380183401317,2.3167886568741176
2021-09-20,4.733659468775287,-0.024015692141855047,2.240017665733358
2021-09-21,4.739850561359594,0.0013078871906914429,2.4299902919791383
2021-09-22,4.826782197996033,0.0183405859554152,2.4999963050359746
2021-09-23,4.922060083902155,0.019739421005090872,2.7742876811823813
2021-09-24,4.943347697626384,0.004324939834410345,2.7857091543056884
2021-09-27,4.9826519014252355,0.007950928440199286,2.751622838100077
2021-09-28,4.889182086802833,-0.018759049693129495,2.5466950387375333
2021-09-29,4.8764024906942725,-0.002613851536242794,2.581433852904178
2021-09-30,4.833885679415672,-0.008718888844744888,2.508316564676714
2021-10-01,4.911048448913097,0.015962886715755607,2.558772804920589
2021-10-04,4.880389066884368,-0.006242940249452062,2.5448817710714495
2021-10-05,4.930316908244951,0.010230299403661302,2.5186279202952844
2021-10-06,4.92336024279807,-0.0014109976247666486,2.600068111539145
2021-10-07,4.9731407404519565,0.010111081700085914,2.5531826683862713
2021-10-08,4.978474994078247,0.0010726126415246285,2.4788504546631684
2021-10-11,4.942416946235833,-0.007242789787094184,2.4337150491105164
2021-10-12,4.929054999973814,-0.0027035246939650756,2.3887332823996874
2021-10-13,4.92672610704496,-0.00047248264198031725,2.4418824489582995
2021-10-14,5.000524344568432,0.014979163834162588,2.550001466626421
2021-10-15,5.045201580304774,0.008934510194889965,2.57863932549161
2021-10-18,5.059442117107891,0.0028225902526290043,2.612597760050498
2021-10-19,5.078459641493372,0.003758818451776412,2.6850142492919917
2021-10-20,5.108317431456173,0.005879300431738982,2.668486041678874
2021-10-21,5.1102340056436155,0.0003751869795013467,2.7250872363196654
2021-10-22,5.094172824703475,-0.003142944319654065,2.6188735168144945
2021-10-25,5.1576839441916515,0.012467405734683315,2.6818987874259412
2021-10-26,5.17153691399859,0.0026858896273664395,2.8838727482819753
2021-10-27,5.093614673762259,-0.015067520841900493,2.842995674282626
2021-10-28,5.160989049107127,0.013227222642482418,3.1944661207961014
2021-10-29,5.153039968644737,-0.0015402242451503637,3.095719537134439
2021-11-01,5.229993860967182,0.014933688228831035,3.232409959520839
2021-11-02,5.226801575103469,-0.0006103804227264216,3.165147768690002
2021-11-03,5.262997767200397,0.006925113107285071,3.107158656262594
2021-11-04,5.283967614834851,0.0039843922726207435,3.0695314052109888
2021-11-05,5.334882912416941,0.009635808031666068,3.0023488255023687
2021-11-08,5.375581412160813,0.007628752197943579,3.039130342729031
2021-11-09,5.342829643454296,-0.006092693272661571,2.8164374226966498
2021-11-10,5.245285751030287,-0.018256972228847652,2.714711339736109
2021-11-11,5.275699478294731,0.005798297501422199,2.704718217403885
2021-11-12,5.311836368256155,0.006849686967595093,2.8444741772109277
2021-11-15,5.3139465546789735,0.0003972611873794692,2.7179267056489023
2021-11-16,5.293092423668422,-0.003924414895025489,2.554979215679362
2021-11-17,5.268019578701867,-0.004736899143200272,2.4932382363878385
2021-11-18,5.2599246144084,-0.001536623805688399,2.482355373159879
2021-11-19,5.227184357668015,-0.006224472618999374,2.3777967989614535
2021-11-22,5.2209644302723905,-0.0011899192701132827,2.422154780969626
2021-11-23,5.239627773541356,0.003574692668034938,2.317442721289146
2021-11-24,5.255946263177071,0.003114436815172126,2.1915804650242796
2021-11-26,5.137189127770269,-0.02259481536917704,1.9844418446498377
2021-11-29,5.189274786906285,0.010138941323856308,2.0106067005255412
2021-11-30,5.071503848329392,-0.02269506692419826,1.879568667083057
2021-12-01,4.987566192959964,-0.016550841304612002,1.7083951622036708
2021-12-02,5.072724203766443,0.017074061277959872,1.7331259187671055
2021-12-03,5.024036466421907,-0.009597946860266047,1.5919218594413576
2021-12-06,5.094382221863669,0.014001840136296278,1.5857195768019898
2021-12-07,5.207525192479666,0.022209360367665226,1.6928265760119974
2021-12-08,5.218063202320463,0.002023611879211944,1.66855162307667
2021-12-09,5.15990130161951,-0.011146262213744124,1.6786781528657562
2021-12-10,5.210206148105559,0.009749187735482395,1.7191014804941864
2021-12-13,5.123254657960356,-0.016688685183180223,1.6632762189895884
2021-12-14,5.106574515986768,-0.003255770615983483,1.6930178944551766
2021-12-15,5.167109638052607,0.011854350088562657,1.6921308239182595
2021-12-16,5.137121271949296,-0.005803702302437325,1.6579426931272705
2021-12-17,5.106576692761881,-0.005945855192128783,1.608227896452421
2021-12-20,5.047748061940465,-0.011520169843880074,1.5738035589953165
2021-12-21,5.176976676040235,0.025601240892774015,1.7325151446075704
2021-12-22,5.2202562277406885,0.008360005155278655,1.8395413757375172
2021-12-23,5.264068971404963,0.008392833943945415,1.8647470063604
2021-12-27,5.304076146125678,0.007600047593988418,1.9158832906699899
2021-12-28,5.289864334936045,-0.002679413115140574,1.8721138457605764
2021-12-29,5.275476415661075,-0.0027199032648053097,1.866869622497294
2021-12-30,5.272697635692866,-0.000526735359854815,1.8308410899515355
2021-12-31,5.2480023698860085,-0.004683611220124952,1.7933117604040756
2022-01-03,5.369730287555855,0.02319509578889362,2.0164541389391215
2022-01-04,5.414849069642484,0.008402429855963124,1.9717266861225142
2022-01-05,5.319059843621049,-0.017690100830042094,1.7923604580893306
2022-01-06,5.333984029724733,0.0028057939828562205,1.7026753654157876
2022-01-07,5.368460479443624,0.0064635457336889,1.7539379084368947
2022-01-10,5.366484285322135,-0.00036811188776683385,1.738101884206511
2022-01-11,5.442841388592799,0.014228515208645907,1.7378398947451303
2022-01-12,5.455181501263947,0.0022672188642150768,1.752983713936583
2022-01-13,5.417999794552599,-0.0068158514437574,1.6339859811306403
2022-01-14,5.441845689580522,0.004401235867874811,1.7826245793652387
2022-01-18,5.3189502451021555,-0.02258341222605314,1.549371870858381
2022-01-19,5.244577840035064,-0.013982534455097787,1.3831306945442317
2022-01-20,5.178912178841952,-0.012520676248114093,1.3343591371282872
2022-01-21,5.025633437888522,-0.02959670596069165,1.1593184354138932
2022-01-24,5.02854182718265,0.0005787109883903241,1.166072453784661
2022-01-25,5.037272583611975,0.0017362401923614603,1.1968449503580392
2022-01-26,5.015334783378233,-0.00435509491884831,1.315539807615384
2022-01-27,4.956719472084931,-0.011687218067189475,1.1677189283548184
2022-01-28,5.0314444913012535,0.015075498953926266,1.398161312926566
2022-01-31,5.134560831761226,0.020494381014884915,1.45863903835212
2022-02-01,5.211457994443735,0.014976385557035525,1.4570477614726087
2022-02-02,5.215954004344268,0.0008627163272404129,1.3872975625486175
2022-02-03,5.091347159705217,-0.02388955971146754,1.148030314559137
2022-02-04,5.138331143175185,0.009228202673315205,1.1697081853067104
2022-02-07,5.150467932732384,0.002362010002667756,1.077999307474279
2022-02-08,5.1627881590129645,0.0023920596034164637,1.1191098804467996
2022-02-09,5.262870356872761,0.01938530010863945,1.2244488443510582
2022-02-10,5.182627447162778,-0.015246985821186804,1.129239563517356
2022-02-11,5.116567446375891,-0.012746430543266471,1.0133621112454578
2022-02-14,5.077917064598603,-0.007553967026206889,0.9066074454415869
2022-02-15,5.171766478544537,0.018481872144036716,0.9962687189442522
2022-02-16,5.174824206272803,0.0005912346856632917,1.0706909983161963
2022-02-17,5.05440123611954,-0.0232709296689324,0.8487694999940699
2022-02-18,5.001373580373244,-0.010491382315941312,0.7893543483223927
2022-02-22,4.925876918238488,-0.015095185536834577,0.7008225840913905
2022-02-23,4.844133871972456,-0.016594618100052503,0.46325113583027444
2022-02-24,4.895117013155045,0.010524717633748864,0.7288385533101062
2022-02-25,5.027098892061442,0.0269619456596669,0.9021169870196649
2022-02-28,5.050384116835983,0.004631940861818391,0.780478264845705
2022-03-01,4.987894434805977,-0.012373253317839672,0.7261345294033861
2022-03-02,5.096662829946413,0.02180647496896502,0.8890499399606716
2022-03-03,5.049536769641797,-0.009246454371617006,0.9203971373149075
2022-03-04,5.029499281950204,-0.0039681833415017706,0.8388929737543056
2022-03-07,4.8986753563688055,-0.026011322051659735,0.6928761878628119
2022-03-08,4.899629807812328,0.00019483868068170563,0.6533470698421823
2022-03-09,5.014714565470279,0.02348845977597156,0.7215372383550372
2022-03-10,5.003530892905286,-0.0022301713126405593,0.6639707061157326
2022-03-11,4.918800111044488,-0.016934197804382673,0.5082622897974073
2022-03-14,4.826748159267374,-0.0187143103397157,0.3556240896131911
2022-03-15,4.905791223644652,0.01637604900216623,0.5028418380117708
2022-03-16,5.064231255880469,0.0322965297569486,0.63142622066238
2022-03-17,5.170360040209195,0.020956543839796296,0.8778633291271168
2022-03-18,5.234159418503145,0.01233944595691409,0.9287946934348704
2022-03-21,5.2290712598806754,-0.0009721061617806228,0.9249056787101785
2022-03-22,5.312438550338671,0.01594303965555406,1.1258069676861822
2022-03-23,5.261033139795911,-0.009676424499909407,1.1208104066661095
2022-03-24,5.336068945421101,0.01426256091367287,1.1611931333933125
2022-03-25,5.353095987412584,0.003190933656525339,1.1045435662847882
2022-03-28,5.377005447756375,0.004466473308158664,1.1682763517200498
2022-03-29,5.505448114590652,0.023887397563986442,1.2763379714916512
2022-03-30,5.451838858613267,-0.009737491819295967,1.2033998489489381
2022-03-31,5.342805591985565,-0.019999356080644605,0.9985402528042845
2022-04-01,5.3619889459720405,0.0035905019668414973,0.9514424874937691
2022-04-04,5.435766064430862,0.013759282087711816,1.017118220043412
2022-04-05,5.327900238717799,-0.019843721093681092,0.8888127347354733
2022-04-06,5.2361656407368695,-0.01721777696104275,0.7815145587893806
2022-04-07,5.242875535161271,0.001281451902934264,0.7671344184531512
2022-04-08,5.251423066273197,0.001630313566400989,0.8072939753523682
2022-04-11,5.185415216177298,-0.012569516731536666,0.7261286625507667
2022-04-12,5.176132459262708,-0.001790166559011512,0.7229446831769102
2022-04-13,5.265337008195494,0.01723382267259291,0.7863297290973373
2022-04-14,5.200167077655573,-0.012377162266818661,0.7110248112836376
2022-04-18,5.195367108393468,-0.000923041354330712,0.746960987104826
2022-04-19,5.2882023323523795,0.017868847768029814,0.9397789926016982
2022-04-20,5.217376558028443,-0.013393166500199014,0.7964176199037559
2022-04-21,5.13373444889782,-0.016031449560970464,0.7755822389677421
2022-04-22,4.995840644330364,-0.026860330611191034,0.5472105362817065
2022-04-25,5.007140810746893,0.0022619149050228126,0.5240678389091349
2022-04-26,4.845102241858857,-0.032361496313475055,0.3436387764995429
2022-04-27,4.845921825370652,0.00016915711390252464,0.3373982595587789
2022-04-28,4.958540097403966,0.023239803713651322,0.4347418741905835
2022-04-29,4.812216773382097,-0.029509355807866847,0.30521697895156497
2022-05-02,4.873823206581369,0.012802090200931125,0.3607110724546732
2022-05-03,4.92011462768035,0.009497968871023554,0.46582089267188076
2022-05-04,5.062462425326315,0.02893180513419774,0.585848320434504
2022-05-05,4.873632576998822,-0.03729999997290278,0.3658475222909368
2022-05-06,4.821697707923751,-0.010656295536142432,0.2534630937373254
2022-05-09,4.59891785905122,-0.04620361174994964,0.07992381879588074
2022-05-10,4.611447614308536,0.002724500771992715,0.13848883354708963
2022-05-11,4.509559277510818,-0.022094653418934185,0.13706310061390267
2022-05-12,4.5014332916333375,-0.0018019467928951484,0.10085136205316247
2022-05-13,4.697476783590693,0.043551348927403866,0.19822117568259104
2022-05-16,4.67279367878127,-0.005254545354145591,0.16778480622280387
2022-05-17,4.7945755294364965,0.026061893382587478,0.32677189731877515
2022-05-18,4.602560627803493,-0.04004836308326355,0.15504211893714115
2022-05-19,4.580822819985855,-0.004722981308779058,0.09120905283143096
2022-05-20,4.556346350400755,-0.005343247391780822,0.05438287721522701
2022-05-23,4.639683118437312,0.01829026189574602,0.08562508531317958
2022-05-24,4.522621745831787,-0.02523046717142018,-0.014333933578644317
2022-05-25,4.60472735927801,0.018154428572739512,0.025046647882836292
2022-05-26,4.720270301170381,0.0250922438783625,0.09130056608755686
2022-05-27,4.8533637097744,0.028196141346189134,0.22909544029196582
2022-05-31,4.839352617664646,-0.0028868827781309697,0.1657060511862751
2022-06-01,4.772178277088535,-0.01388085264357709,0.07216089710438363
2022-06-02,4.8956347967528915,0.025870056082581278,0.2320540625516784
2022-06-03,4.778435283273331,-0.02393959483197054,0.08416576466453142
2022-06-06,4.791886331607456,0.002814948311889876,0.09436846875556984
2022-06-07,4.847073558355208,0.011516806311480186,0.16331111977330046
2022-06-08,4.793996487635836,-0.0109503332434228,0.1434016471904022
2022-06-09,4.63189858914453,-0.03381268611885122,-0.014178450246979253
2022-06-10,4.470213229429781,-0.034906929977629474,-0.18974631673758133
2022-06-13,4.21598301137008,-0.05687205621109286,-0.42959887819608783
2022-06-14,4.2113181038480505,-0.0011064815748659147,-0.4185747868488217
2022-06-15,4.289511769290668,0.018567503929747948,-0.33020076034659385
2022-06-16,4.10856926728482,-0.04218254005065229,-0.480954149190742
2022-06-17,4.143651782636479,0.008538864278377616,-0.39211669687325934
2022-06-21,4.266971612794078,0.029761147081508395,-0.32179257148542045
2022-06-22,4.234145278887332,-0.007693122168500055,-0.3718844412238864
2022-06-23,4.298028900621825,0.015087725509333537,-0.3260750442355862
2022-06-24,4.4551877130033954,0.03656532238739351,-0.2027359718123282
2022-06-27,4.428871956016998,-0.005906767274831023,-0.2446394566710435
2022-06-28,4.3217843418463815,-0.02417943332616084,-0.3392643245160872
2022-06-29,4.248724532960266,-0.01690501031685023,-0.3942389529440638
2022-06-30,4.182742205253738,-0.015529914258893064,-0.48016270599459693
2022-07-01,4.233362210182256,0.012102109679371819,-0.4409606404824463
2022-07-05,4.297701393422966,0.015198128590546405,-0.39333492237993306
2022-07-06,4.259400368471654,-0.008911979089549249,-0.3963234617493659
2022-07-07,4.3781487171896964,0.027879123455269574,-0.2452222613317073
2022-07-08,4.3614502679211045,-0.003814043411323561,-0.2176783916086363
2022-07-11,4.232124300003612,-0.02965205607609411,-0.4044741918494998
2022-07-12,4.238415211371404,0.0014864665878992378,-0.4087327232022343
2022-07-13,4.21972719059284,-0.004409200101119237,-0.39274764946902824
2022-07-14,4.180318945147162,-0.009339050527610283,-0.40268358283151895
2022-07-15,4.307884635338795,0.03051577926601071,-0.24309476811736672
2022-07-18,4.333849410638391,0.006027268020735381,-0.15921154104279503
2022-07-19,4.486708824604744,0.035271048779665914,0.05525800123617571
2022-07-20,4.578850887615024,0.020536671001465646,0.05839116483205194
2022-07-21,4.6013843759719935,0.004921210345136513,0.004613226408965742
2022-07-22,4.508172390004968,-0.020257378725796173,-0.06971032030697694
2022-07-25,4.521637605638628,0.0029868457700318006,-0.07766537241485365
2022-07-26,4.407120401095441,-0.02532648888101513,-0.20876121944223822
2022-07-27,4.578212800548431,0.03882181195014851,-0.014204133539847048
2022-07-28,4.606475650709991,0.006173336931427669,-0.019436062118827566
2022-07-29,4.659329699149156,0.01147385820459473,0.009352231957781353
2022-08-01,4.680716642128713,0.0045901329934781385,0.06541070159642474
2022-08-02,4.7062264050337665,0.00544996949301598,0.09006806631981429
2022-08-03,4.8060923183071775,0.021219955156979935,0.13560137495361946
2022-08-04,4.798706263401397,-0.0015368108676659567,0.156437573433969
2022-08-05,4.801588471142738,0.0006006218307885629,0.11049703991629116
2022-08-08,4.785011122347704,-0.0034524718006680964,0.0838737970716581
2022-08-09,4.708158722390137,-0.016061070286469956,0.015430427940659786
2022-08-10,4.866582406966297,0.03364875610984816,0.12913303682420213
2022-08-11,4.883729694725403,0.00352347629715686,0.1425258368170721
2022-08-12,4.985147885154584,0.020766544581432445,0.20803045412103627
2022-08-15,4.9790720257607655,-0.0012187922071302429,0.22074443931336155
2022-08-16,4.9911693732836415,0.0024296389890097678,0.2637727362691919
2022-08-17,4.8966963867150906,-0.01892802658115333,0.23903477415437333
2022-08-18,4.925195115313567,0.0058199909383384735,0.2876846432827441
2022-08-19,4.824469602866307,-0.02045107048329548,0.24627315875724812
2022-08-22,4.692222668721301,-0.027411704297283908,0.1071919575985523
2022-08-23,4.716364893859769,0.005145157602899295,0.05901057277620508
2022-08-24,4.757865319025167,0.008799239689750623,0.06707551218595285
2022-08-25,4.859942216258933,0.021454347777687732,0.12865106735562878
2022-08-26,4.681215578940032,-0.03677546550264965,0.024235894119965695
2022-08-29,4.655988342597613,-0.00538903537275907,-0.06010684467837901
2022-08-30,4.598085619315619,-0.012436183044584015,-0.0919266455894867
2022-08-31,4.562227263395421,-0.007798540281539113,-0.12564226716751237
2022-09-01,4.5456690971736275,-0.003629404075208243,-0.12718164326155373
2022-09-02,4.5074203644144655,-0.008414324039324458,-0.18510336973158267
2022-09-06,4.460744278200356,-0.010355387880529492,-0.21468961038765863
2022-09-07,4.548793419547708,0.019738665983981236,-0.1450199973597209
2022-09-08,4.608240718352274,0.013068806015481048,-0.05336266649913736
2022-09-09,4.722617335550065,0.02482001791752917,0.0349982100497279
2022-09-12,4.799434152876409,0.016265729757119433,0.12419789375542872
2022-09-13,4.571639885293375,-0.047462734215555843,-0.09714347837084635
2022-09-14,4.620460066970051,0.010678921109627893,-0.013557436131685589
2022-09-15,4.604299455204931,-0.0034976196159872755,-0.08430498659292812
2022-09-16,4.527319230994095,-0.016719204508692995,-0.14602639975352188
2022-09-19,4.566047378906702,0.008554322312301847,-0.09164651706267904
2022-09-20,4.467131511692165,-0.021663346655465605,-0.08290776830366219
2022-09-21,4.367145165631263,-0.022382673489508866,-0.17101830774776408
2022-09-22,4.280852355824615,-0.01975954691997834,-0.31310450052798944
2022-09-23,4.160852663093459,-0.028031728907417945,-0.4900981244492669
2022-09-26,4.10518449955423,-0.013379027821148628,-0.5554374300283974
2022-09-27,4.125144731036245,0.004862200830238309,-0.567089562550834
2022-09-28,4.247666680830356,0.029701248751903518,-0.38534058903743607
2022-09-29,4.132017399578339,-0.02722654340415665,-0.4741930976801875
2022-09-30,4.047617119554376,-0.020425925610229937,-0.5161928233890772
2022-10-03,4.1582068859341526,0.02732219059097951,-0.47280843016790813
2022-10-04,4.3424654588410165,0.04431202630397026,-0.2837890415241515
2022-10-05,4.333543173171087,-0.002054658984509434,-0.32846686377803386
2022-10-06,4.312844347665044,-0.004776420743697362,-0.3406098808807561
2022-10-07,4.159589651169545,-0.03553448354297097,-0.5021771822146464
2022-10-10,4.080731035437064,-0.018958268085484925,-0.5729256952577741
2022-10-11,4.021725337668087,-0.014459590023594237,-0.5982385511705869
2022-10-12,4.056219981817637,0.008577076068937053,-0.5575365595329126
2022-10-13,4.163133673206714,0.026357961813788862,-0.45933547266306773
2022-10-14,4.051532065271183,-0.02680711615237868,-0.6065586358222428
2022-10-17,4.175893318991722,0.030694870907362642,-0.5262691864662342
2022-10-18,4.229255893412626,0.012778720705870151,-0.49057032173233756
2022-10-19,4.196386146145755,-0.007771993016092685,-0.5311724266664878
2022-10-20,4.20247187970974,0.0014502320215633129,-0.5469356961257333
2022-10-21,4.3254767452777845,0.0292696463150492,-0.4424714293015682
2022-10-24,4.351292986593782,0.005968415237506812,-0.41039070270124056
2022-10-25,4.455336300242215,0.023910895903582766,-0.3692479486167412
2022-10-26,4.405164345174175,-0.011261092695811369,-0.41780809253587897
2022-10-27,4.365855044979349,-0.008923458267314903,-0.39665346841378707
2022-10-28,4.447276083014237,0.018649505582765607,-0.37725298777464605
2022-10-31,4.421868533249814,-0.005713058800523631,-0.391787284979631
2022-11-01,4.44953016124514,0.0062556423347565485,-0.4226377916653048
2022-11-02,4.32016138666564,-0.02907470449493449,-0.519728274041664
2022-11-03,4.313956417244732,-0.001436281857446311,-0.549050953701165
2022-11-04,4.361876474433874,0.011108145876853492,-0.5238496428218178
2022-11-07,4.362070718290657,4.45321773602251e-05,-0.557612942803383
2022-11-08,4.389589207425669,0.006308583907093294,-0.5622829837544376
2022-11-09,4.2418479158383375,-0.033657202213228536,-0.6541813845153336
2022-11-10,4.563739918407569,0.07588485229923989,-0.31772563459812625
2022-11-11,4.706795331743518,0.03134609243593043,-0.23078213175621706
2022-11-14,4.653421573667311,-0.011339723594150046,-0.29135090309549744
2022-11-15,4.735546901880155,0.017648374838328373,-0.23340323798960924
2022-11-16,4.609070361642876,-0.026707905730395016,-0.30808322845560143
2022-11-17,4.5833265813981106,-0.0055854604561924905,-0.3108834728377552
2022-11-18,4.577300750988742,-0.0013147285715630786,-0.3101484165833149
2022-11-21,4.511680935532981,-0.01433591957915074,-0.33675079996383445
2022-11-22,4.578706785715731,0.014856070529028124,-0.2832262666262627
2022-11-23,4.6285445983647175,0.010884691896949178,-0.25888015587839175
2022-11-25,4.610864685480095,-0.003819756406985588,-0.2818117082247435
2022-11-28,4.550372465633129,-0.013119495793806295,-0.250932303332646
2022-11-29,4.578183733749319,0.006111866298030946,-0.26437311735233665
2022-11-30,4.748742274208664,0.03725462986599384,-0.06535670758736299
2022-12-01,4.763334445431524,0.0030728496895088726,-0.0006354050636104235
2022-12-02,4.740542866555797,-0.00478479500795621,-0.07294061004142881
2022-12-05,4.609662243073391,-0.02760878388122184,-0.13203650465761613
2022-12-06,4.508164691954699,-0.02201843557436456,-0.25038224067853293
2022-12-07,4.455410327734452,-0.011701960293152687,-0.3627321319715705
2022-12-08,4.514783809592354,0.013326153483172603,-0.32513601015668714
2022-12-09,4.494817042010703,-0.004422530163953491,-0.30314869281584195
2022-12-12,4.55481340046227,0.013347897787788084,-0.29115088438980485
2022-12-13,4.57861167775906,0.005224863282955702,-0.21923476307766987
2022-12-14,4.5571748157401695,-0.004681956786818477,-0.22392686774022358
2022-12-15,4.414537217587549,-0.0312995669290457,-0.36468223527054455
2022-12-16,4.358145911605859,-0.01277400171348121,-0.3873181736188055
2022-12-19,4.2848293337551695,-0.016822882789546984,-0.42247980344143693
2022-12-20,4.28469783613069,-3.068911600359181e-05,-0.38506845779648274
2022-12-21,4.351515262058427,0.015594431272212163,-0.4188442918425746
2022-12-22,4.258001312003457,-0.02148997404888688,-0.5159822023305061
2022-12-23,4.279632045844687,0.0050800204735147,-0.5269909950407633
2022-12-27,4.248475674545345,-0.007280151883522967,-0.5759063734794344
2022-12-28,4.187397669076698,-0.014376451731757538,-0.6136992122661258
2022-12-29,4.296390292124424,0.02602872515610848,-0.5174517086689797
2022-12-30,4.297482897888971,0.00025430784688027565,-0.5148979964761556
2023-01-03,4.307471583864002,0.0023243108145788575,-0.49202467620330337
2023-01-04,4.410553787979636,0.02393102359671625,-0.48952747749763476
2023-01-05,4.369880971138734,-0.009221702941646632,-0.5471180365503275
2023-01-06,4.483955307840098,0.026104678240615242,-0.403159229489945
2023-01-09,4.526972479346115,0.009593577222057077,-0.38085261662545744
2023-01-10,4.5782657696870315,0.01133059469102975,-0.3648209952657737
2023-01-11,4.653514967439803,0.01643617944834076,-0.3096383080340111
2023-01-12,4.753051481869781,0.02138953353033658,-0.2859629278313556
2023-01-13,4.768243031112435,0.0031961676200228514,-0.2829382954871248
2023-01-17,4.789658765930225,0.004491326192489289,-0.24625200698220456
2023-01-18,4.692407117713124,-0.02030450455236425,-0.3258274159460824
2023-01-19,4.632036452592563,-0.012865606842311562,-0.29485822502222625
2023-01-20,4.77758085338525,0.031421255484987747,-0.1468310686545665
2023-01-23,4.908379349987142,0.02737755793483067,-0.017804953707280118
2023-01-24,4.880057908579825,-0.0057700188571186565,0.05923383734656448
2023-01-25,4.918472582666428,0.00787176603356806,0.08281231993538354
2023-01-26,4.9653201603520065,0.009524822370806185,0.10796430812985891
2023-01-27,5.018944858270559,0.010799846975980574,0.1569010930969903
2023-01-30,4.935047387096346,-0.016716157189087383,0.14053860328667012
2023-01-31,5.036369444579416,0.02053112149398944,0.158002472616775
2023-02-01,5.175123402771557,0.027550393139145136,0.1804558773494935
2023-02-02,5.359437586343573,0.0356154180735682,0.24562594774378135
2023-02-03,5.2725513900678145,-0.01621181231723894,0.1906519079498701
2023-02-06,5.228185722707164,-0.008414458974117155,0.24079415490682535
2023-02-07,5.295998345616267,0.012970584157823217,0.2526947416163997
2023-02-08,5.223675699202341,-0.013656093090321628,0.20113348087934815
2023-02-09,5.145430663372549,-0.0149789229529965,0.14531606374909137
2023-02-10,5.102102816433055,-0.008420645379194654,0.056427464048089536
2023-02-13,5.165985966919041,0.012520945340464001,0.14547813646541582
2023-02-14,5.2279533287739985,0.011995263295675337,0.2248370166337359
2023-02-15,5.309854518545369,0.01566601394863209,0.29902770388259026
2023-02-16,5.206674381082748,-0.019431820043703803,0.17750896961821735
2023-02-17,5.162746262017936,-0.008436886167572714,0.14853716848234436
2023-02-21,5.031230794444267,-0.025473935943980314,0.14140574663355043
2023-02-22,5.015915470237772,-0.0030440512137521053,0.165323318313158
2023-02-23,5.034676231266641,0.0037402466489291643,0.22588289421737723
2023-02-24,4.976933348921673,-0.011469035880871536,0.24249407005478016
2023-02-27,5.002063133670484,0.005049250811095531,0.22502621663185346
2023-02-28,4.984615371510235,-0.0034881131433153337,0.12777670214582873
2023-03-01,4.968751327327316,-0.0031826014648173393,0.10261423052893544
2023-03-02,4.99954163748046,0.0061967903251271585,0.16252509776369495
2023-03-03,5.09790969250976,0.019675414700391018,0.15572806213683943
2023-03-06,5.073268587568513,-0.004833570311661651,0.17001261763231418
2023-03-07,4.9821945372659,-0.017951750184443206,0.12470969311228167
2023-03-08,5.0011043117745535,0.003795470924953291,0.22146587032906856
2023-03-09,4.859292652223401,-0.02835606912202831,0.12865941260976252
2023-03-10,4.75659457877125,-0.021134366831180612,-0.014931575211176532
2023-03-13,4.736152157773943,-0.004297700941035104,-0.021586193110678734
2023-03-14,4.824057732127731,0.0185605469219351,0.09264993113302886
2023-03-15,4.80160667626094,-0.004653977442531146,0.13813732482364416
2023-03-16,4.926344816791123,0.02597841700505912,0.16874018837706597
2023-03-17,4.892730126607841,-0.006823454596338553,0.04310987012863576
2023-03-20,4.915975200014686,0.0047509412547471685,-0.00931275606222175
2023-03-21,5.04645829420743,0.02654266730075332,0.036608990284843795
2023-03-22,4.952222740590439,-0.018673601984417323,-0.020552550849378466
2023-03-23,4.955146364413568,0.0005903659783244692,-0.07016507705687261
2023-03-24,4.947957190139002,-0.0014508500346621168,-0.04361917224808634
2023-03-27,4.944072985507438,-0.0007850117699696413,-0.09234088104644939
2023-03-28,4.924972863147667,-0.003863236326761236,-0.11515746215736064
2023-03-29,5.050383998318819,0.02546433019145594,-0.047080476329358
2023-03-30,5.091658400489386,0.008172527511632223,-0.09800406853373615
2023-03-31,5.182175010020738,0.01777743171510707,-0.009050016797793258
2023-04-03,5.173469059165768,-0.0016799800929406345,0.05020315902771364
2023-04-04,5.142604895979369,-0.005965854407057314,0.01928136622779785
2023-04-05,5.080273496822592,-0.012120588771171137,-0.06445697818989932
2023-04-06,5.107579660009897,0.005374939598110936,0.017178946003666398
2023-04-10,5.156271567235043,0.00953326437693816,0.10402044263929816
2023-04-11,5.164413269010252,0.0015789901034198015,0.10498569703815915
2023-04-12,5.092886222573033,-0.01384998502471263,0.054688081868774836
2023-04-13,5.161571211277757,0.013486456540162754,0.1391559659730331
2023-04-14,5.16179683113283,4.371146804665107e-05,0.14510429285529391
2023-04-17,5.1836825543935525,0.00423994279060369,0.1031267245710508
2023-04-18,5.190811369274514,0.001375241405344095,0.14789853635239036
2023-04-19,5.153152981555427,-0.007254817222215976,0.1272877900107638
2023-04-20,5.05951157897387,-0.01817167138579536,0.010209828085872591
2023-04-21,5.052686127789231,-0.0013490336128500454,0.049377999715991716
2023-04-24,5.0282013556122305,-0.004845892176507264,0.08585196610305265
2023-04-25,4.900286087377026,-0.025439567588603315,0.09051277546246418
2023-04-26,4.8998740565358,-8.408301757877938e-05,0.0828748382313495
2023-04-27,5.016004524258837,0.02370070462691473,0.26617108075988494
2023-04-28,5.081712712193078,0.01309970667220455,0.3081289499442336
2023-05-01,5.089352205781215,0.0015033304755317062,0.23787340109082306
2023-05-02,5.021934179682344,-0.013246877671835794,0.29218692055564266
2023-05-03,4.999748585464289,-0.0044177389476375796,0.2358026148013947
2023-05-04,5.004096842724607,0.0008696951828656701,0.20754002340375938
2023-05-05,5.159509578674636,0.031057099979186435,0.21438177597729324
2023-05-08,5.217956539425341,0.011328007024597487,0.3768156127167775
2023-05-09,5.233791511836722,0.003034707608569885,0.4223926098265522
2023-05-10,5.258842296687542,0.004786355129768629,0.5984078394302
2023-05-11,5.2426323032231,-0.0030824262356472444,0.5789132137797398
2023-05-12,5.1997234850821705,-0.008184594238003275,0.6270841646824387
2023-05-15,5.251803851996255,0.010015987785408442,0.6664902971592603
2023-05-16,5.202968144237668,-0.00929884457509272,0.4938791058474772
2023-05-17,5.31438474722437,0.02141404673217085,0.5829945079497482
2023-05-18,5.413818733906547,0.01871034774704819,0.5591417134868811
2023-05-19,5.382839152006961,-0.005722316062331805,0.6818856027749063
2023-05-22,5.430863406540367,0.008921733155541012,0.7284283561758487
2023-05-23,5.40546664878238,-0.004676375717238893,0.7307433122112343
2023-05-24,5.355078524272144,-0.009321697419331438,0.6370314249428156
2023-05-25,5.405535512407965,0.009422268582453697,0.7584262804387938
2023-05-26,5.525857168336546,0.0222589705779182,0.771813460856593
2023-05-30,5.561509117393017,0.0064518404964859135,0.7101259788378697
2023-05-31,5.523234857921089,-0.006881991679601661,0.5916999926381169
2023-06-01,5.596420270366886,0.013250461790673029,0.6469787098675448
2023-06-02,5.667826841853902,0.012759329721020929,0.73939714078724
2023-06-05,5.669656065937679,0.0003227381736980814,0.6534989276594084
2023-06-06,5.729460545880689,0.010548167163490687,0.7756561551048582
2023-06-07,5.726441485590559,-0.0005269362212992178,0.7640259509480027
2023-06-08,5.805385112896761,0.013785808779299817,0.7716780285140128
2023-06-09,5.802900186334988,-0.00042803819444352654,0.8089917582910362
2023-06-12,5.901639042474944,0.01701543245090989,0.9918830043012584
2023-06-13,5.946579643878318,0.007614935627192707,1.1498734069094354
2023-06-14,5.958052389616509,0.0019293016196298431,1.3872973490497835
2023-06-15,6.037276279587386,0.013296944167350134,1.4380643461856362
2023-06-16,5.99450947155778,-0.0070837917711675455,1.347443773604861
2023-06-20,5.9420406835423245,-0.008752807592415169,1.4857898453175595
2023-06-21,5.88939345550562,-0.008860125812083593,1.4216214280866963
2023-06-22,5.904067889723388,0.002491671566627897,1.3290909685444858
2023-06-23,5.852210135719086,-0.008783393919735505,1.3248977212863393
2023-06-26,5.825541775796836,-0.004556972375185168,1.254037122450262
2023-06-27,5.932033349698296,0.01828011505194188,1.194544902598473
2023-06-28,5.9766823339155835,0.007526758800093156,1.244367962183131
2023-06-29,5.978834429076963,0.0003600819051679453,1.341186793466237
2023-06-30,6.047097955420647,0.01141753081699285,1.4488735352583932
2023-07-03,6.095945288439618,0.008077814081907489,1.5394592101691114
2023-07-05,6.096779399302835,0.00013683043789754684,1.4959507895768176
2023-07-06,6.001581795580109,-0.015614408442203367,1.3799038827955867
2023-07-07,6.021265325697721,0.0032797237108570165,1.4264223770255549
2023-07-10,6.057303322835904,0.005985120267725013,1.3510837212086846
2023-07-11,6.11753731083574,0.009944027034729335,1.402247147495616
2023-07-12,6.166131284496567,0.007943388195565849,1.5534299594148426
2023-07-13,6.244647272445451,0.012733427870129134,1.5944853740791947
2023-07-14,6.166788674488884,-0.012468053768243822,1.5622890742429256
2023-07-17,6.181356313352706,0.0023622730780585915,1.6077395964267853
2023-07-18,6.279487724425878,0.015875384963845707,1.5595511701507827
2023-07-19,6.348137957901951,0.01093245762851618,1.5773677188203166
2023-07-20,6.264110027359324,-0.013236626409171153,1.4030223217189943
2023-07-21,6.238379410418868,-0.004107625317574996,1.3123231431908924
2023-07-24,6.271846139130426,0.005364651059162124,1.3139846948253282
2023-07-25,6.257491808236317,-0.0022886930858446765,1.38722822567106
2023-07-26,6.290016646997511,0.005197743721914848,1.3955803445793196
2023-07-27,6.276275427703052,-0.002184607778584864,1.492002534174183
2023-07-28,6.36870311632275,0.014726518885982707,1.4120151913411205
2023-07-31,6.421805632337877,0.008338042305509186,1.4201595842784358
2023-08-01,6.379852953048966,-0.00653284787656181,1.3505686612555006
2023-08-02,6.256724014825567,-0.019299651438604952,1.2537744400241024
2023-08-03,6.244314990929341,-0.001983310094359633,1.2250320941965733
2023-08-04,6.212679102489811,-0.005066350510101757,1.1262215709949919
2023-08-07,6.274353991709207,0.009927261363729407,1.1701589965640853
2023-08-08,6.2373326907391595,-0.005900416364611584,1.144478999656937
2023-08-09,6.128942496342956,-0.017377651597314102,1.0877784717639702
2023-08-10,6.119487050800213,-0.0015427531826876723,1.1464959152550078
2023-08-11,6.086217948180776,-0.0054365835474863965,1.002495002818925
2023-08-14,6.117609749983657,0.00515785042043469,1.0088043271156328
2023-08-15,6.017767290372037,-0.01632050158346368,0.8643696971039873
2023-08-16,5.949236194194005,-0.011388126670779668,0.823647201042531
2023-08-17,5.915409890654719,-0.005685822925016385,0.7916770885235557
2023-08-18,5.922474712462282,0.0011943080763895054,0.8729369921139697
2023-08-21,5.967656136571995,0.007628808277499432,0.8798853671653469
2023-08-22,5.9327425651266905,-0.005850466355013676,0.9400870596346168
2023-08-23,6.019498375394468,0.014623221775665465,1.1107473470568763
2023-08-24,5.91930427101391,-0.01664492589450879,1.0222798478098996
2023-08-25,5.945450775409301,0.004417158368328337,1.0053879140733923
2023-08-28,5.9942808724176375,0.008213018466202704,0.9558993621475845
2023-08-29,6.101023858256277,0.01780747150668425,1.182469147639532
2023-08-30,6.12649866781612,0.004175497449558322,1.2209763793453166
2023-08-31,6.1404637172815475,0.002279450339031011,1.2816240379580757
2023-09-01,6.141107103260833,0.00010477807685347327,1.3140744090546097
2023-09-05,6.110433213424466,-0.004994846909619835,1.3084512920981175
2023-09-06,6.066317236529053,-0.0072197789182100805,1.3134585539050798
2023-09-07,6.024593465814752,-0.0068779407814441385,1.328105254341788
2023-09-08,6.0537338612934395,0.004836906530546414,1.2717980974806458
2023-09-11,6.104024229060546,0.00830733047064653,1.2535954536390839
2023-09-12,6.110109984114624,0.000997007027774207,1.1631597993713405
2023-09-13,6.099389302475566,-0.0017545807959153926,1.0924246191985811
2023-09-14,6.174488959072165,0.01231265178730574,1.3591802490260767
2023-09-15,6.101050270001233,-0.011893889447000863,1.2653142910511381
2023-09-18,6.0763155803404105,-0.00405416912927972,1.2629644937226705
2023-09-19,6.060096414404429,-0.002669243511389984,1.3242321034917637
2023-09-20,5.981024232051748,-0.013048007316307989,1.2335285940055216
2023-09-21,5.868601801039654,-0.0187965182300437,1.24664216284616
2023-09-22,5.8472704371446,-0.0036348289794130365,1.3300315823520914
2023-09-25,5.867050602922314,0.0033828033080292087,1.431345024399668
2023-09-26,5.778922137894461,-0.015020914424013402,1.4931860647205788
2023-09-27,5.797555338667102,0.0032243384368267074,1.5655751724981521
2023-09-28,5.85481660439726,0.009876795025698246,1.5857616729257746
2023-09-29,5.856038406495625,0.0002086832399578314,1.4726024233106283
2023-10-02,5.831185601098385,-0.004243962158730519,1.5806326859577635
2023-10-03,5.721044004063352,-0.01888837100542394,1.5880925333517433
2023-10-04,5.753551932547299,0.005682167181524501,1.5050300894080684
2023-10-05,5.746042323730262,-0.0013052126590802334,1.3326816701852235
2023-10-06,5.817080942167805,0.012363051720688481,1.393883033217281
2023-10-09,5.850542773133227,0.0057523406151801,1.439842197281188
2023-10-10,5.903213430881972,0.00900269595337693,1.6538229955394652
2023-10-11,5.9176452678751374,0.00244474253932063,1.7550934417069717
2023-10-12,5.862352786052313,-0.009343662777995239,1.7800849793248605
2023-10-13,5.802749917912985,-0.010167055841663759,1.69572835731647
2023-10-16,5.887111387421662,0.014538188049127411,1.6507361028822114
2023-10-17,5.913317662267097,0.0044514657734228535,1.8036372821481699
2023-10-18,5.8001641668146195,-0.019135365612862474,1.5875259923168614
2023-10-19,5.762448007270835,-0.0065026020745372805,1.501944583667088
2023-10-20,5.678144700488628,-0.014629773088769891,1.468571134397469
2023-10-23,5.663698010952117,-0.002544262307240597,1.4504306970201295
2023-10-24,5.726178444326047,0.011031738142307216,1.3781968955182293
2023-10-25,5.5847539756109725,-0.024697880111509574,1.231550530361085
2023-10-26,5.523050010337293,-0.011048645212151709,1.0787363458204837
2023-10-27,5.481056407283535,-0.0076033356524312715,1.0960652650258282
2023-10-30,5.535896419252857,0.010005372668021944,1.1816390293200376
2023-10-31,5.581325668228545,0.008206304008451645,1.1375376827875963
2023-11-01,5.630482300756553,0.0088073399493295,1.203019983343755
2023-11-02,5.819878891317354,0.033637720615044504,1.3130603666209404
2023-11-03,5.960012207636398,0.024078390450376592,1.5571690671182639
2023-11-06,5.927823669577204,-0.0054007503571807235,1.5387679144748487
2023-11-07,5.952914428131376,0.004232710005012999,1.5092134794900278
2023-11-08,5.919387136290461,-0.0056320802601289984,1.4829967008537719
2023-11-09,5.84573660914499,-0.01244225549870454,1.3964574562782257
2023-11-10,5.93529552146376,0.015320381041230074,1.633141488840068
2023-11-13,5.920485944058368,-0.002495171024229011,1.357648800890133
2023-11-14,6.110607173299368,0.032112436552914986,1.3605993754609094
2023-11-15,6.161803481940179,0.008378268670995054,1.4572651410537445
2023-11-16,6.123287328536892,-0.006250792242267199,1.3454942958952634
2023-11-17,6.160374941069991,0.006056814018877687,1.5171845058896194
2023-11-20,6.209768730871128,0.008017984339206018,1.5835145190809932
2023-11-21,6.165960098281252,-0.007054792938114837,1.5543780930370592
2023-11-22,6.1960851769853695,0.0048857076957918655,1.652550711049703
2023-11-24,6.197100848048344,0.00016392141714698149,1.5842365193154855
2023-11-27,6.190588027956791,-0.001050946281373612,1.5274120146776025
2023-11-28,6.214602012693708,0.0038791120695592846,1.5654895588284652
2023-11-29,6.233361289048882,0.0030185804846162793,1.6486456118432207
2023-11-30,6.227300139000352,-0.0009723726521642655,1.614185578361634
2023-12-01,6.2976672505240385,0.011299778387585805,1.5085698722045928
2023-12-04,6.272327510280527,-0.004023670866605941,1.4727500533796927
2023-12-05,6.265630724786369,-0.001067671527543955,1.4918466457847943
2023-12-06,6.247266736233007,-0.0029309082133927664,1.6315308621065125
2023-12-07,6.344695760568609,0.015595464136424946,1.8290455667919046
2023-12-08,6.402079340448494,0.009044339089750613,1.9369209156428853
2023-12-11,6.39627862031711,-0.0009060681417573969,1.8680178014800612
2023-12-12,6.393345528911464,-0.00045856217024839457,1.8888967791625637
2023-12-13,6.5132676751301934,0.018757338497728194,1.9124875490369087
2023-12-14,6.651520016941585,0.021226264404775493,1.9840751006835724
2023-12-15,6.634167146278758,-0.0026088579179839896,1.995081086006951
2023-12-18,6.674417703898313,0.006067160614446239,2.2138651193015986
2023-12-19,6.753333315631296,0.01182359499119921,2.343081240145191
2023-12-20,6.627023405594293,-0.01870334309497889,2.3311965016171823
2023-12-21,6.727579934003004,0.01517370956073962,2.403531771429184
2023-12-22,6.727910378771246,4.911792523959983e-05,2.3298090592237006
2023-12-26,6.7635788524479885,0.005301567896815216,2.4843733065603715
2023-12-27,6.777390730352715,0.002042096086412408,2.469042484267772
2023-12-28,6.7724078045224525,-0.0007352277636799967,2.505368585136469
2023-12-29,6.717801210158662,-0.008063098965677492,2.5435869836504947
2024-01-02,6.6484537692474355,-0.010322937333477318,2.3693631523934453
2024-01-03,6.576644697111324,-0.010800868085789504,2.3069769455543216
2024-01-04,6.5713390963347145,-0.0008067336797045598,2.29052795326515
2024-01-05,6.605058033198867,0.005131212431718905,2.2073116760665936
2024-01-08,6.698382859833034,0.014129296997102808,2.328246882300498
2024-01-09,6.646925926443739,-0.0076819934700743065,2.1668272540999043
2024-01-10,6.667661239207336,0.0031195342016834414,2.134587193755659
2024-01-11,6.625344172036087,-0.006346613250597556,2.0424519679379127
2024-01-12,6.591183192870741,-0.005156106351354653,1.9335421636663062
2024-01-16,6.5573031718606165,-0.005140203210672415,1.8024619944050986
2024-01-17,6.504682673202208,-0.008024716454200102,1.7408684566015664
2024-01-18,6.53106152848507,0.00405536389830938,1.73862121859311
2024-01-19,6.6739669151117695,0.021880881998036783,1.963590845917004
2024-01-22,6.704131130931526,0.004519683151478766,2.0615277347275955
2024-01-23,6.733834624138165,0.004430625330341775,1.9425170085190535
2024-01-24,6.7373161193977005,0.0005170152600800813,1.8157071104024156
2024-01-25,6.780883588073424,0.00646659113267468,1.8829573506954438
2024-01-26,6.777796897767059,-0.0004552047334648817,1.8387083957528167
2024-01-29,6.8562310638270745,0.011572221363826293,1.848824111514954
2024-01-30,6.845071729909711,-0.0016276192872552069,1.7833347794204695
2024-01-31,6.730906377356838,-0.01667847424505783,1.7835760117992878
2024-02-01,6.788650787965451,0.008578994769986468,1.7266068479369738
2024-02-02,6.851410174316487,0.009244751028038256,1.6419421271144126
2024-02-05,6.7774222130106,-0.010798939112307334,1.4081981576700173
2024-02-06,6.866859429434941,0.013196347167607318,1.577164465837039
2024-02-07,6.8965036814487535,0.004317002891706614,1.6509842846365137
2024-02-08,6.939109449823781,0.006177879450660526,1.6156255768415604
2024-02-09,6.97182489324863,0.004714645829038012,1.725114970388749
2024-02-12,7.028591259001559,0.008142253516421524,1.8626324959035525
2024-02-13,6.898390915819052,-0.018524386805927724,1.7965272875091645
2024-02-14,7.031055852474292,0.01923128716162196,1.8287767522725107
2024-02-15,7.100972545117498,0.0099439819722954,1.8183531616690987
2024-02-16,7.036366847373853,-0.009098147800623064,1.6812622382047955
2024-02-20,7.008748452237099,-0.003925093124879129,1.7803740170048412
2024-02-21,7.009886678201409,0.00016240074416514432,1.8320751267007187
2024-02-22,7.139292802931604,0.018460515935672547,2.097145947491154
2024-02-23,7.15193310695728,0.0017705260695408944,2.1254904354722823
2024-02-26,7.133610038435932,-0.002561974258892949,2.0889247637839476
2024-02-27,7.221170973589627,0.012274421321310817,2.2271399679655937
2024-02-28,7.191107722160752,-0.004163210030454378,2.173491900800766
2024-02-29,7.268646868010478,0.010782642792399506,2.253221613585762
2024-03-01,7.323478699716621,0.007543609244171613,2.3142833285707773
2024-03-04,7.3512465624629115,0.0037916219715862527,2.301103235267156
2024-03-05,7.285226421377331,-0.008980808972276096,2.1443792069122365
2024-03-06,7.335745543399839,0.006934461484171214,2.2125480102304236
2024-03-07,7.3854250045356356,0.006772244326344471,2.3689380977691705
2024-03-08,7.3835180286283455,-0.00025820801187720734,2.3454970509397994
2024-03-11,7.399962321211038,0.00222716224419476,2.561781243248693
2024-03-12,7.415343957004462,0.002078610015261305,2.7232347725858586
2024-03-13,7.43075972662162,0.002078901492168183,2.7629330698302152
2024-03-14,7.3608594710577,-0.009406878722439824,2.603907305447336
2024-03-15,7.341900663268383,-0.0025756242003887445,2.617326936068152
2024-03-18,7.399563269046786,0.007853907104312918,2.534228222042145
2024-03-19,7.384979010259994,-0.0019709621036419524,2.5661891353492527
2024-03-20,7.533701072404844,0.020138454278370976,2.6431357074730424
2024-03-21,7.586554190407681,0.007015558155928607,2.553250298508507
2024-03-22,7.546883892161507,-0.0052290272039884535,2.6525820056971696
2024-03-25,7.585196530197585,0.00507661686379871,2.6794439013891975
2024-03-26,7.57535256004769,-0.0012977870923588154,2.680424500489071
2024-03-27,7.664960196190475,0.011828840365183117,2.7524814805728277
2024-03-28,7.673044070741113,0.0010546531676259348,2.7840356150866366
2024-04-01,7.666046630340132,-0.0009119510244525568,2.6508307760598457
2024-04-02,7.6129826190601,-0.006921952583750178,2.556423454393672
2024-04-03,7.644087878615271,0.00408581775522461,2.48423724114048
2024-04-04,7.538647900359722,-0.013793663800035999,2.39908746191792
2024-04-05,7.589949000459231,0.006805079740766409,2.479038140799441
2024-04-08,7.606990042723043,0.002245211695464662,2.5766912386273564
2024-04-09,7.627244383833862,0.0026625959804161747,2.5605632425521403
2024-04-10,7.534832895635908,-0.012115973154580158,2.421006166583835
2024-04-11,7.58261609116725,0.006341639714268701,2.4493050901245437
2024-04-12,7.441995057879034,-0.018545186990545477,2.412745041817928
2024-04-15,7.355486257052546,-0.011624409873115802,2.2572690662313666
2024-04-16,7.321366483867645,-0.004638683561156388,2.2270515436967924
2024-04-17,7.298669525885144,-0.0031000985994230675,2.181504818688493
2024-04-18,7.314411107943628,0.0021567741905090657,2.1862756651874053
2024-04-19,7.256835140578017,-0.007871579340554375,2.182038374171771
2024-04-22,7.307456686411057,0.006975705641978868,2.3520013228483703
2024-04-23,7.3962372733407316,0.012149314151224623,2.4305101030684164
2024-04-24,7.404512374625189,0.001118825827057449,2.469184982335816
2024-04-25,7.42641656078507,0.0029582212915119704,2.6818652823110587
2024-04-26,7.512482407664526,0.011589148841168401,2.7498149718247595
2024-04-29,7.551323842605586,0.005170253031332743,2.6586830789197693
2024-04-30,7.385519114286027,-0.02195704114609226,2.4175966158665996
2024-05-01,7.370388286565732,-0.0020487155318611237,2.394804786031528
2024-05-02,7.493814179074916,0.016746185914540742,2.5816497721993725
2024-05-03,7.57893074932118,0.011358244041323663,2.677215369084235
2024-05-06,7.68100039557115,0.013467552300713831,2.748484938088845
2024-05-07,7.613229450895247,-0.008823192447038546,2.5376227783424383
2024-05-08,7.6144493277499645,0.00016023119526164655,2.4716981110063574
2024-05-09,7.663304310589245,0.006416088772333648,2.492021793403323
2024-05-10,7.6561742480690045,-0.0009304162057597508,2.4560815359553425
2024-05-13,7.683246375179633,0.0035359862815891566,2.498816162995724
2024-05-14,7.7356297657484285,0.006817872031022981,2.5972877055969597
2024-05-15,7.821689985307226,0.011125173019506846,2.6032785503281057
2024-05-16,7.801181160275395,-0.0026220452447432764,2.650963766820536
2024-05-17,7.827307500281146,0.003349023624626004,2.55641812601887
2024-05-20,7.845893362916179,0.0023744899040143005,2.466798986587408
2024-05-21,7.850337993443701,0.000566491325070683,2.5099534041762346
2024-05-22,7.796455841772941,-0.006863672840043451,2.407505997968561
2024-05-23,7.6524667083219144,-0.018468537034422965,2.3016059920672953
2024-05-24,7.730416414932737,0.010186219631122902,2.4283047871863888
2024-05-28,7.709052463960035,-0.0027636222715549906,2.352516682829948
2024-05-29,7.643866132320522,-0.008455816320392141,2.1709466271725035
2024-05-30,7.67402152212638,0.003945044207191608,2.155651838277188
2024-05-31,7.7507307312300115,0.009995959599859904,2.264211108470098
2024-06-03,7.749328069053909,-0.00018097160445166595,2.183897723902483
2024-06-04,7.750036888139592,9.146845757038388e-05,2.107673745146084
2024-06-05,7.8554689967631965,0.013604078296059944,2.186926929261844
2024-06-06,7.8622268408874385,0.0008602725218604684,2.128067787136028
2024-06-07,7.840856213607141,-0.002718139238766212,2.113307449158032
2024-06-10,7.881284729383215,0.005156135334546006,2.063553558633088
2024-06-11,7.865554640221251,-0.0019958788068294942,2.053035620378193
2024-06-12,7.931669148461071,0.008405574846780495,2.0054973444826163
2024-06-13,7.888453516975979,-0.005448491443125578,1.920193936045401
2024-06-14,7.850812579134944,-0.004771649824649655,1.875124804759321
2024-06-17,7.93198985173781,0.010339983509300805,1.8583519516787201
2024-06-18,7.94855789489909,0.0020887625262972867,1.920934198432823
2024-06-20,7.971229257701515,0.002852261139970307,2.000866636301862
2024-06-21,7.977705848044822,0.0008124958063462595,2.068707913747991
2024-06-24,7.995826093977052,0.0022713604985412084,2.067284519162802
2024-06-25,8.05554284488301,0.007468490460409314,2.1768791087472374
2024-06-26,8.047738483553367,-0.0009688187971840421,2.201848670956892
2024-06-27,8.096126125474271,0.006012576330579132,2.1334951015209254
2024-06-28,8.106457035219378,0.0012760312259219367,2.093954706044582
2024-07-01,8.093070060820143,-0.0016513964536016817,2.0802941389116585
2024-07-02,8.155626978120544,0.007729689330536084,2.058662744903164
2024-07-03,8.194878206735234,0.004812778799225494,2.038553538667445
2024-07-05,8.229672148495899,0.004245815603710596,2.065441690074974
2024-07-08,8.253548795816974,0.002901287790114311,2.2019181174068736
2024-07-09,8.290041716876344,0.004421482438907599,2.2092505000440434
2024-07-10,8.37127254397324,0.009798602934835874,2.2322020193410905
2024-07-11,8.346426316117789,-0.002968034755162618,2.1488570671094767
2024-07-12,8.38517476463928,0.004642519690932159,2.1284055208111483
2024-07-15,8.440020880472623,0.006540843497339344,2.0919072746202394
2024-07-16,8.538311589322028,0.011645789772489422,2.2574272151043093
2024-07-17,8.448988192697408,-0.010461482424268455,2.164772521778393
2024-07-18,8.38175694241631,-0.007957313792816912,2.011314191242913
2024-07-19,8.360281894358925,-0.002562117728409566,1.9243849424972295
2024-07-22,8.391287572670604,0.0037086881403606197,2.0474902411258062
2024-07-23,8.341312159394576,-0.00595563110467016,2.0339572277630356
2024-07-24,8.193507488362897,-0.01771959473608843,1.8640238658244515
2024-07-25,8.09257430821587,-0.012318677964276086,1.7901766524835045
2024-07-26,8.199969506010072,0.013270832457500208,1.8386249488000015
2024-07-29,8.167379419069755,-0.003974415626354457,1.8261255426899734
2024-07-30,8.181578765049421,0.0017385436932822922,1.7470190530123049
2024-07-31,8.255442887156605,0.00902810132718152,1.7512121919777477
2024-08-01,8.109744896720382,-0.01764871884255798,1.6662905980058087
2024-08-02,7.8355455608774625,-0.03381109262189086,1.5432665486852981
2024-08-05,7.596848129338638,-0.030463409303703122,1.3305001696452292
2024-08-06,7.694620857230383,0.012870170132025132,1.4418051065077677
2024-08-07,7.610675849467652,-0.01090957037653784,1.3075904612364262
2024-08-08,7.796606455718911,0.024430235885590165,1.485347359212604
2024-08-09,7.83145142126283,0.004469247709477446,1.6334942335289975
2024-08-12,7.821897244066913,-0.0012199752870812252,1.6355913068957408
2024-08-13,7.976946175682916,0.01982241990376577,1.7846610815282025
2024-08-14,8.002838894118305,0.0032459437314897796,1.773030532220157
2024-08-15,8.204314304075776,0.025175492425012515,2.023782596410311
2024-08-16,8.243202328283088,0.0047399481255846684,2.1311505077966513
2024-08-19,8.349368106926645,0.012879191170559155,2.244221489340376
2024-08-20,8.313252675405582,-0.004325528717688274,2.2081481260760625
2024-08-21,8.350280494440542,0.0044540711657309025,2.1895066661756717
2024-08-22,8.268818890816139,-0.009755552963596677,2.1619468223642087
2024-08-23,8.431087621817834,0.01962417282859129,2.186537385686066
2024-08-26,8.405022643440528,-0.003091532142289085,2.2849027624239886
2024-08-27,8.417659165353777,0.001503448883996858,2.266985641316122
2024-08-28,8.314602906635937,-0.012242864280132618,2.1325198635630254
2024-08-29,8.336639859012642,0.002650391440716502,2.048393144140359
2024-08-30,8.422630059177438,0.01031473130890183,2.084070641382924
2024-09-03,8.256598968994432,-0.01971249942315769,1.92894226133032
2024-09-04,8.220170326274918,-0.004412063957122316,1.8996313038460777
2024-09-05,8.208535681535851,-0.001415377574583581,1.9231377791933646
2024-09-06,8.019621336876597,-0.023014378201972684,1.8065475523016588
2024-09-09,8.142162979641316,0.015280228032867044,1.9385427907243034
2024-09-10,8.113575454978331,-0.0035110479530396964,1.8867554579969723
2024-09-11,8.189322911700197,0.00933589108059479,1.8925312422490062
2024-09-12,8.258181238519963,0.008408305248458085,1.936296230184003
2024-09-13,8.352192130384195,0.011383970531637125,2.013605972890273
2024-09-16,8.42395227319829,0.008591773476216227,1.9933134446407836
2024-09-17,8.467370130178205,0.005154095793972146,2.104551433957169
2024-09-18,8.476596367106897,0.0010896224904363367,2.1374785516659633
2024-09-19,8.633120389085327,0.018465432963850517,2.2561976057091897
2024-09-20,8.643172914457416,0.0011644138989186632,2.352864789167689
2024-09-23,8.674962982475149,0.0036780553082024926,2.5110771632196225
2024-09-24,8.703051373208547,0.0032378686560553998,2.5550181140327295
2024-09-25,8.650331505877752,-0.006057630257485072,2.4936410189477853
2024-09-26,8.740642933241327,0.010440227325647653,2.662077499467592
2024-09-27,8.756513342134383,0.0018157026907825412,2.653415294035784
2024-09-30,8.760041200424418,0.0004028839050650735,2.5976664863556027
2024-10-01,8.693554581320049,-0.007589761004907945,2.5448635708285496
2024-10-02,8.685427116294344,-0.0009348839936162378,2.5668807485285177
2024-10-03,8.678414401134821,-0.0008074116638852986,2.7016100696405294
2024-10-04,8.82139892594021,0.01647588121474025,2.7584890239123863
2024-10-07,8.804868047507975,-0.0018739520308534983,2.75472225530013
2024-10-08,8.893156535996582,0.010027235844107172,2.742471051146592
2024-10-09,8.98505522829191,0.010333641595462021,2.7680491989887503
2024-10-10,8.95194624151837,-0.0036848951878769363,2.6898628689563333
2024-10-11,9.059399294334058,0.012003317481658884,2.7440770783110136
2024-10-14,9.081346226983431,0.0024225593702551225,2.8244147028037325
2024-10-15,8.991289333838628,-0.009916689760953707,2.8263120520399463
2024-10-16,9.042713461955282,0.005719327474327851,2.779104301590166
2024-10-17,9.006195509436067,-0.004038384349217096,2.72435152422145
2024-10-18,9.043484778951914,0.004140401957383394,2.895291334436448
2024-10-21,9.003476080416878,-0.00442403559169499,2.9102281338744884
2024-10-22,9.049720664281592,0.005136303295712504,3.0515886396840908
2024-10-23,8.97423712819574,-0.008340979670651926,3.009457931534731
2024-10-24,9.02246665442644,0.005374220175124271,2.97778990581623
2024-10-25,9.03904676913554,0.0018376476571367053,3.1930533546674025
2024-10-28,9.131179194876868,0.010192714795538134,3.337577742622324
2024-10-29,9.1489295819019,0.0019439315170805779,3.4061154192889953
2024-10-30,9.069287759520556,-0.008705042668476678,3.2810537046300587
2024-10-31,8.982959831267571,-0.009518710900132345,3.15993623670483
2024-11-01,8.981049493544882,-0.00021266239174746977,3.1043525524717372
2024-11-04,8.953767391200527,-0.0030377410083270245,2.928130990918609
2024-11-05,9.113284958108068,0.017815692539020912,2.9020140407666446
2024-11-06,9.518551569507036,0.04446987154049256,3.1143549819604783
2024-11-07,9.605938399840335,0.009180685705716713,3.143008861004619
2024-11-08,9.629678840605337,0.002471433791975658,3.19863182353648
2024-11-11,9.704432891736989,0.007762881023242287,3.3401874456944243
2024-11-12,9.670122643903179,-0.003535523220839046,3.228692704814297
2024-11-13,9.625979154493262,-0.004564935837473431,3.2138183823528026
2024-11-14,9.568006021403805,-0.006022569980571247,3.0218177747443544
2024-11-15,9.481994374504918,-0.008989505933261106,2.903268840566152
2024-11-18,9.556052081401177,0.007810351279619474,2.9972374143137057
2024-11-19,9.616201889797551,0.006294420319604845,2.998661856704437
2024-11-20,9.62076242519056,0.00047425537080780366,2.951540414158298
2024-11-21,9.660766808986295,0.004158130304828157,3.0298883629226636
2024-11-22,9.757544811073883,0.010017631519432506,3.059813627516248
2024-11-25,9.799862417753653,0.004336911333652754,3.0869888998161894
2024-11-26,9.74461086822432,-0.005637992369080314,3.053742217641317
2024-11-27,9.752179368392445,0.0007766857261387581,3.033595712705788
2024-11-29,9.807103483824783,0.005631983719490442,3.0498819882549393
2024-12-02,9.813983257095417,0.000701509195042489,3.061292746483354
2024-12-03,9.844116153380334,0.0030704042890159957,3.0130420036136796
2024-12-04,9.868036894415809,0.0024299531479278335,3.0576770913062465
2024-12-05,9.835947745019151,-0.0032518270594241484,3.0421697674602646
2024-12-06,9.90087967898014,0.006601492367003376,3.1048382718257086
2024-12-09,9.79656046511337,-0.010536358106466305,2.935453205570048
2024-12-10,9.737874844146544,-0.005990431149362229,2.8361772310116
2024-12-11,9.851297831368685,0.011647611931500435,2.9129873055281017
2024-12-12,9.85403229704542,0.00027757415556238355,2.9179899973350425
2024-12-13,9.871427269186904,0.001765264372707741,2.8241556887376276
2024-12-16,9.8899563054441,0.0018770372056563837,2.719161574004464
2024-12-17,9.834683841668433,-0.005588747014508211,2.697277574935862
2024-12-18,9.47795597704993,-0.036272428312040576,2.34351222968725
2024-12-19,9.41723122547666,-0.006406945940697465,2.2280037403430915
2024-12-20,9.575799142097013,0.016838061296761672,2.4664288386407853
2024-12-23,9.62028355332802,0.004645503792518509,2.407134295905497
2024-12-24,9.730354847379791,0.011441585213326952,2.47622486186166
2024-12-26,9.72180298102981,-0.0008788853524990349,2.4365196174060775
2024-12-27,9.625289958928747,-0.00992748179420941,2.3523123509729618
2024-12-30,9.514157190796572,-0.011545913796506805,2.274454123951971
2024-12-31,9.507975505245911,-0.0006497354864644081,2.326490323482558
2025-01-02,9.509470768439744,0.00015726409823080254,2.401191952457781
2025-01-03,9.618243217426148,0.011438328339722222,2.548353787016201
2025-01-06,9.703971000467185,0.0089130396376043,2.60884694430683
2025-01-07,9.647878237032057,-0.005780392731225947,2.5358224843459563
2025-01-08,9.594993303922566,-0.00548150917851537,2.41426625893096
2025-01-10,9.461257649013927,-0.013938066517875113,2.3659471481037575
2025-01-13,9.483671298793759,0.002368992644669082,2.3611814262432347
2025-01-14,9.500079790896466,0.0017301835529447737,2.416597299976395
2025-01-15,9.697384762694938,0.020768769962073528,2.5672475431165527
2025-01-16,9.710576163594123,0.0013603049917056739,2.611585242438283
2025-01-17,9.834031692424375,0.012713512231446936,2.743675911975801
2025-01-21,9.912208959178573,0.007949665935530901,2.7668482867131794
2025-01-22,9.90518658315438,-0.0007084572221099244,2.6435656903351115
2025-01-23,9.964133364826825,0.005951102604436983,2.65228352751797
2025-01-24,9.942925622178066,-0.002128408148732846,2.609362033153016
2025-01-27,9.778628793622639,-0.01652399251473399,2.4817242430941304
2025-01-28,9.771135052777964,-0.0007663386148334065,2.4360616834186897
2025-01-29,9.777352805615342,0.0006363388494574241,2.4432600126632806
2025-01-30,9.838485036473495,0.00625243172395746,2.4129062897325393
2025-01-31,9.780494292670134,-0.005894275753673051,2.383112417862847
2025-02-03,9.698481089158602,-0.00838538432285546,2.448544736367541
2025-02-04,9.84356932482827,0.01495989261987153,2.4831100064181997
2025-02-05,9.816210991680625,-0.002779310252698555,2.4074162767322322
2025-02-06,9.850373751780962,0.0034802389770644472,2.507647152111922
2025-02-07,9.794574995221744,-0.005664633440850861,2.3894543463279905
2025-02-10,9.884101600791814,0.009140427799444715,2.4182450093858883
2025-02-11,9.841743082406355,-0.004285520333184937,2.349698373054723
2025-02-12,9.890517438645915,0.004955865625750069,2.3511846270976395
2025-02-13,10.063634435534745,0.017503330635907553,2.401251932576642
2025-02-14,10.133662569299739,0.006958533143625008,2.5863577496327967
2025-02-18,10.218783224348963,0.008399791730494245,2.5300576822979766
2025-02-19,10.203643413662824,-0.0014815668709033671,2.4584206521665246
2025-02-20,10.1166944222013,-0.008521367117268877,2.4628390508565765
2025-02-21,9.887978150114966,-0.022607806714455253,2.3128459253186273
2025-02-24,9.797181839150985,-0.009182495105222819,2.2469600728097694
2025-02-25,9.64114291607851,-0.015926919152293485,2.02411611309044
2025-02-26,9.69842427259056,0.00594134502627501,2.050193279142706
2025-02-27,9.535034672099648,-0.016847025444399116,1.9450303393036052
2025-02-28,9.726073698369587,0.020035483125083565,1.9854463587191833
2025-03-03,9.544989650232306,-0.018618412090342023,1.8789576878480458
2025-03-04,9.375825716856125,-0.017722799036462372,1.688950373261347
2025-03-05,9.50070718911554,0.013319517238348125,1.7217423584983291
2025-03-06,9.307604697444415,-0.020325065053299524,1.555820708539764
2025-03-07,9.39290210891041,0.009164270963228232,1.6703551649012065
2025-03-10,9.064134363450247,-0.03500172168815475,1.3745756400926092
2025-03-11,9.027913207101061,-0.003996096582067657,1.3090866888740706
2025-03-12,9.107897972582784,0.008859718037476016,1.36318913777203
2025-03-13,8.996642451484986,-0.012215279687223957,1.2710837487961573
2025-03-14,9.236617438856213,0.026673838453101582,1.403537861963384
2025-03-17,9.357964279937852,0.013137584390056257,1.466091555060649
2025-03-18,9.244099836356527,-0.012167651016304284,1.4478612355090519
2025-03-19,9.37539542464422,0.014203177227847913,1.5438258557702782
2025-03-20,9.380981244458606,0.0005957956503577257,1.501754650049447
2025-03-21,9.386928453440472,0.0006339644890962599,1.5175505285183615
2025-03-24,9.56115522007433,0.01856057255555198,1.5096843377267872
2025-03-25,9.546695080118136,-0.0015123841861528742,1.459470075659986
2025-03-26,9.420064500837382,-0.013264336843068585,1.4072662921177999
2025-03-27,9.332737879688754,-0.0092702784721767,1.3196467067609898
2025-03-28,9.132573602833006,-0.02144754084344031,1.1892735473167642
2025-03-31,9.174293980140956,0.004568304524259083,1.148553189548517
2025-04-01,9.188613138342252,0.0015607912971060392,1.1515369819037933
2025-04-02,9.269372427362326,0.008789061831657934,1.2076457559833833
2025-04-03,8.628027433290576,-0.06918968884868185,0.776704785202716
2025-04-04,8.089015833639115,-0.06247217035631189,0.3904186812060018
2025-04-07,8.102074116078676,0.0016143227690637698,0.47134621975351854
2025-04-08,7.914254722486035,-0.023181643478169475,0.313724711104627
2025-04-09,8.798759920327981,0.11176102221335943,0.7615184048789032
2025-04-10,8.370607166956603,-0.04866057913254413,0.5197944835160713
2025-04-11,8.52003400177303,0.01785137348295325,0.649704691063799
2025-04-14,8.615049185506736,0.011151972364656574,0.670170186550173
2025-04-15,8.654805870399795,0.004614794882418186,0.7736236594000493
2025-04-16,8.475271589400414,-0.020743883073495985,0.7316299691092616
2025-04-17,8.54727212250766,0.008495365882704477,0.7886090273670332
2025-04-21,8.377749944559397,-0.019833483188379793,0.7129830254278109
2025-04-22,8.60172417490878,0.02673441339638378,0.8144556723920763
2025-04-23,8.740411116562038,0.016123156106052444,0.916546687697046
2025-04-24,8.969077248482614,0.02616194236988238,0.993616915534609
2025-04-25,9.020108091283591,0.005689642466799985,0.9668793501319
2025-04-28,9.048157795451068,0.003109686035202069,0.9753673796466831
2025-04-29,9.085871712220385,0.004168132079689997,0.980494044056528
2025-04-30,9.028604043147405,-0.006302936128401956,0.9043558924522257
2025-05-01,9.071096870524954,0.004706467043462988,0.9023990563532999
2025-05-02,9.269370175183054,0.02185769896277464,1.0911073706512715
2025-05-05,9.205384826911445,-0.006902879814091235,1.0697556939464636
2025-05-06,9.149054641187083,-0.006119264624297191,0.9734825209274199
2025-05-07,9.146141289547236,-0.0003184319860471776,0.9242379267783404
2025-05-08,9.251683582469443,0.011539543243534638,0.9163266460192105
2025-05-09,9.232409428639599,-0.002083313124366373,0.9460718494336681
2025-05-12,9.517329862122219,0.0308608966797743,1.0694339839939415
2025-05-13,9.707238016526045,0.019953932159022424,1.1238808216139828
2025-05-14,9.751978986654336,0.004609031946277874,1.1473780570395136
2025-05-15,9.75565174590496,0.0003766168134334794,1.1339843843094137
2025-05-16,9.83159091004419,0.00778412002776826,1.1379741675169366
2025-05-19,9.812685026936476,-0.001922972922764693,1.083336304357216
2025-05-20,9.769677131127239,-0.00438288762873539,1.0756782333643424
2025-05-21,9.553448403512082,-0.022132638030199527,0.9625212607327429
2025-05-22,9.557965292668207,0.00047280196274101496,0.9544748931776528
2025-05-23,9.477832649543803,-0.008383860023625839,0.9158180297217862
2025-05-27,9.697620348863728,0.023189658168368526,1.0391005521109329
2025-05-28,9.646137775562849,-0.0053087841603234875,1.097965161553712
2025-05-29,9.663874303367775,0.0018387180670235656,1.0634228030932729
2025-05-30,9.652913002552959,-0.001134255317351993,1.0704179766238342
2025-06-02,9.711007274346695,0.006018315070111212,1.1324057264545575
2025-06-03,9.837507848665728,0.013026514216831762,1.1694924319811517
2025-06-04,9.816710691021813,-0.0021140677053424466,1.1189125273467495
2025-06-05,9.7236134262722,-0.00948354980398449,1.0784432052064072
2025-06-06,9.878299283689357,0.015908268936238337,1.1431404479926515
2025-06-09,9.928705515621584,0.005102723706241086,1.1086232296034886
2025-06-10,10.052316864741387,0.012449895802158413,1.1563047506273112
2025-06-11,10.047963764210833,-0.0004330445000020305,1.166085813650469
2025-06-12,9.985368780095579,-0.006229618814730044,1.1176116204613384
2025-06-13,9.840344306992373,-0.01452369725115126,1.0624919149248944
2025-06-16,10.004311967896856,0.016662797132816855,1.0954483728648274
2025-06-17,9.89310616637129,-0.011115787060861101,1.0706005868115602
2025-06-18,9.963317476538345,0.007096993500961081,1.120468367787869
2025-06-20,9.977628542123568,0.0014363755464907408,1.083864173032973
2025-06-23,9.975606745680768,-0.00020263296376136505,1.0742203636528875
2025-06-24,10.191604889195617,0.021652632167799817,1.14904312218988
2025-06-25,10.205790600023759,0.0013919015682388994,1.1514716481011162
2025-06-26,10.333292218809603,0.012493066317228409,1.1929747087766185
2025-06-27,10.349727866779038,0.00159055290621862,1.1687748278979302
2025-06-30,10.481445076151996,0.01272663504474825,1.2247420636351052
2025-07-01,10.516625131638184,0.003356412711280902,1.2138286707082786
2025-07-02,10.640778255872773,0.01180541501484996,1.2566441870044958
2025-07-03,10.715178578637584,0.006992000112750045,1.2924904526728758
2025-07-07,10.605228642875536,-0.0102611389026451,1.2163625673636418
2025-07-08,10.646159010760792,0.003859451716088302,1.212445549889561
2025-07-09,10.730433946386933,0.007915994448416445,1.227386677215382
2025-07-10,10.790285503767638,0.00557773876431699,1.2383835955715439
2025-07-11,10.749527151191206,-0.0037773191971798284,1.204014369350694
2025-07-14,10.761681364576308,0.00113067423470385,1.168601065155222
2025-07-15,10.714374157072056,-0.004395893717869286,1.1624987718298885
2025-07-16,10.741896826926633,0.0025687613155089533,1.1539430600956542
2025-07-17,10.832991066156026,0.008480275010745636,1.1617911758231996
2025-07-18,10.824349045004407,-0.0007977502334159571,1.1108796289546485
2025-07-21,10.827343066038424,0.0002766005624511936,1.1570994444490657
2025-07-22,10.826480497822342,-7.966573247211598e-05,1.1909057122643212
2025-07-23,10.950465525780073,0.011452016006741103,1.248579184344401
2025-07-24,10.93295743478908,-0.001598844446363885,1.2263591246971584
2025-07-25,10.98306342402099,0.0045830224375036956,1.2708905827927082
2025-07-28,11.012886129189708,0.002715335787235234,1.3606856438906898
2025-07-29,10.938862997986018,-0.006721501551486177,1.3856652501915494
2025-07-30,10.970460513426007,0.0028885557343396677,1.3437032460484313
2025-07-31,10.909536313701645,-0.0055534769620473046,1.3368328132551202
2025-08-01,10.65282125651346,-0.023531252823803948,1.2238976749281756
2025-08-04,10.832006112121501,0.01682041323076576,1.254498351084697
2025-08-05,10.831712279148752,-2.7126366963647584e-05,1.3322571256524032
2025-08-06,10.816481712321313,-0.0014061088805653137,1.4841583663488684
2025-08-07,10.851467128760738,0.0032344543604759107,1.6419826362275007
2025-08-08,10.813707814397468,-0.003479650623756993,1.5735733682308024
2025-08-11,10.790142465070149,-0.0021792108434761583,1.6130139472158307
2025-08-12,10.994763176552594,0.018963670975137036,1.5928210453449871
2025-08-13,11.104040004901826,0.009938988825359488,1.6153796446188315
2025-08-14,11.090559098354777,-0.0012140542127997793,1.6154055366608204
2025-08-15,11.044975919704733,-0.004110088431592811,1.516975967137725
2025-08-18,11.094775948600539,0.004508839970122571,1.5223237469380704
2025-08-19,10.938991689810402,-0.01404122620518416,1.3577200407722083
2025-08-20,10.859004836058618,-0.007312086526794779,1.3049502640174495
2025-08-21,10.841490968115233,-0.0016128428164272758,1.2439153235836986
2025-08-22,11.101717383534387,0.02400282545864582,1.3601012215991477
2025-08-25,11.06597976447298,-0.003219107263026905,1.3269845638900757
2025-08-26,11.1214653123796,0.005014065549329442,1.391876138916948
2025-08-27,11.1580024202737,0.003285278231585991,1.3256466848503365
2025-08-28,11.209668843536901,0.004630436642434005,1.3590799622374814
2025-08-29,11.082092281622362,-0.011380939410007269,1.3015177412823928
2025-09-02,11.015990954618884,-0.005964697398621642,1.3301901365145938
2025-09-03,11.053870625794984,0.003438607686966008,1.3335571939582198
2025-09-04,11.145205768619002,0.008262729492317511,1.325107810080413
2025-09-05,11.136943074996953,-0.0007413675255161084,1.4127791156507736
2025-09-08,11.16744845043794,0.0027391156833218256,1.4442017808337255
2025-09-09,11.296527381757556,0.01155849806627539,1.4991087384619535
2025-09-10,11.338346872491927,0.003701977547711181,1.6239277709483702
2025-09-11,11.505796175172785,0.01476840535608478,1.6219110630840172
2025-09-12,11.548694053806734,0.003728371160138805,1.653775012332183
2025-09-15,11.580384140511077,0.0027440407163524475,1.6259684300953092
2025-09-16,11.55499590356078,-0.0021923484266365848,1.5802611357237035
2025-09-17,11.590977093264877,0.0031139076122917208,1.5455991875850108
2025-09-18,11.71580172338382,0.010769120593937878,1.5545734153165434
2025-09-19,11.737878012774232,0.0018843174297112273,1.5405026507170736
2025-09-22,11.776354094521926,0.0032779418652861226,1.5500061910219305
2025-09-23,11.754191073754496,-0.0018819934072582078,1.4651138456795032
2025-09-24,11.700597985618538,-0.004559487573383474,1.4395815991976577
2025-09-25,11.629634493462506,-0.00606494576117006,1.3962999144583408
2025-09-26,11.692817244119919,0.005432909408539934,1.4057201989689416
2025-09-29,11.740053491281905,0.00403976613811704,1.4505265389221824
2025-09-30,11.778179338716237,0.003247502020552448,1.4201396740399608
2025-10-01,11.85332562843653,0.006380127824448931,1.4397731795963788
2025-10-02,11.868898233485082,0.0013137751831597327,1.443772078818025
2025-10-03,11.895234909187092,0.002218965499906864,1.4878348581468182
2025-10-06,11.987387927900592,0.007747053287894924,1.5253518913143396
2025-10-07,11.924789333383902,-0.005222037936303961,1.505458626093889
2025-10-08,12.03910939180414,0.009586757067497538,1.4775792313529428
2025-10-09,11.961402666785375,-0.006454524374673773,1.456790459563256
2025-10-10,11.532346773814991,-0.03587003171139737,1.2402682044377293
2025-10-13,11.727130760318891,0.01689022974457987,1.2667129263055736
2025-10-14,11.77424758937241,0.004017762743206416,1.3001952985380407
2025-10-15,11.85425739701287,0.00679532233657775,1.2787045063345501
2025-10-16,11.719940381040468,-0.011330698454906828,1.2174491279687234
2025-10-17,11.758938892626386,0.00332753498038313,1.276067125701881
2025-10-20,11.91626834206298,0.013379561784715794,1.3076308075935226
2025-10-21,12.001224714067652,0.007129444350022494,1.3557817212394754
2025-10-22,11.86070080796341,-0.011709130480618491,1.285422135460066
2025-10-23,11.926294936270017,0.005530375427948215,1.3285158606334309
2025-10-24,12.033261694102256,0.008968984785621258,1.3444902503220486
2025-10-27,12.20848300372396,0.014561414359298955,1.4421189178896745
2025-10-28,12.214909816643155,0.0005264219082120809,1.4214411996064953
2025-10-29,12.205395288162332,-0.000778927443889819,1.410113130024223
2025-10-30,12.03685946299198,-0.013808305359336494,1.304917406939705
2025-10-31,12.159116777102486,0.01015691131780618,1.339274756475331
2025-11-03,12.180294595000756,0.001741723374032454,1.3854633013616666
2025-11-04,11.826816807480562,-0.029020462909433584,1.291994828968573
2025-11-05,11.914805799570487,0.007439786505720712,1.3242448389002024
2025-11-06,11.728057618351537,-0.015673623587359124,1.26719787210365
2025-11-07,11.787618893587343,0.005078528531664692,1.215827668535556
2025-11-10,11.974169932580153,0.01582601547241211,1.1104969165176406
2025-11-11,11.96187021958451,-0.0010271871089935303,1.066855962242028
2025-11-12,11.990963797495526,0.0024321930749075754,1.066686835465141
2025-11-13,11.761558426913957,-0.019131520572973754,0.9468119196567615
2025-11-14,11.754280922257198,-0.0006187534332275392,0.9595820762321632
2025-11-17,11.562982417631305,-0.016274794340133666,0.9066887235429707
2025-11-18,11.519899700947144,-0.0037259173393249514,0.9168233503631995
2025-11-19,11.515316519415483,-0.0003978490829467773,0.954756595167113
2025-11-20,11.228533577143592,-0.02490447759628296,0.8088151756782964
2025-11-21,11.391331618227518,0.014498602151870727,0.8428293203908629
2025-11-24,11.588858078826904,0.01734006762504578,0.9128837081288708
2025-11-25,11.676740956235106,0.007583394050598145,0.9272476218204291
2025-11-26,11.83554758589938,0.013600252866744995,0.941896415186889
2025-11-28,11.976697650572973,0.011925942897796632,0.973357137759652
2025-12-01,11.945677039538031,-0.002590080499649048,0.9866472058047966
2025-12-02,11.973773106724103,0.002351986169815063,0.9933571896603933
2025-12-03,12.140418205501344,0.013917509317398071,1.0273743807726297
2025-12-04,12.168409957512,0.002305666208267212,1.0342003193199205
2025-12-05,12.213358485725472,0.0036938703060150142,1.0368311658120681
2025-12-08,12.223634114314232,0.0008413434028625488,1.0300754676849313
2025-12-09,12.229990569937991,0.0005200135707855219,1.0463309357959705
2025-12-10,12.350755583105483,0.009874497652053834,1.0598354264579597
2025-12-11,12.331899784429847,-0.001526691913604736,1.099521954691863
2025-12-12,12.197022247274727,-0.0109372878074646,1.0774833751259851
2025-12-15,12.139834136427092,-0.004688694477081299,1.0085546575496065
2025-12-16,12.132408071830001,-0.0006117105484008793,1.0047406952844722
2025-12-17,11.984711439002199,-0.012173727750778199,0.9437781300578153
2025-12-18,12.062097089571314,0.006457030773162841,0.9630350233185643
2025-12-19,12.230596930803456,0.013969365358352661,1.0451603739066537
2025-12-22,12.334284638507274,0.008477730751037598,1.2508712247908156
2025-12-23,12.321246062564708,-0.001057100296020508,1.2745402217736435
2025-12-24,12.376390731857398,0.0044755756855010985,1.2239276494854578
2025-12-26,12.360319232341745,-0.0012985610961914061,1.1983241620076448
2025-12-29,12.307764423937353,-0.00425189733505249,1.131362042387235
2025-12-30,12.298492190370752,-0.0007533645629882814,1.1319096469695844
2025-12-31,12.217864337093483,-0.00655591368675232,1.1471580367275311
2026-01-02,12.319397101930507,0.008310189247131347,1.2342982849778807
2026-01-05,12.463801296121321,0.011721693277359009,1.2865639525774244
2026-01-06,12.527913842581455,0.005143899917602539,1.3079575747999728
2026-01-07,12.4627565960955,-0.005200965404510498,1.2367384718561376
2026-01-08,12.474901346638163,0.0009744834899902343,1.2030651474452092
2026-01-09,12.574899260988587,0.008015928268432617,1.262813256797396
2026-01-12,12.578647967308985,0.00029811024665832525,1.2883668422896173
2026-01-13,12.60110558440705,0.0017853760719299318,1.3594109700564263
2026-01-14,12.568085765108513,-0.0026203906536102304,1.337578361510049
2026-01-15,12.526489555045854,-0.003309669494628906,1.3154501384005832
2026-01-16,12.4871663068005,-0.0031392073631286628,1.2158864977093111
2026-01-20,12.255740242552097,-0.018533113002777102,1.1251542627585027
2026-01-21,12.447759425696937,0.015667693614959715,1.1371418872551857
2026-01-22,12.522982143832541,0.006043072938919068,1.1291156180927744
2026-01-23,12.468164120408721,-0.00437739372253418,1.1129285754930864
2026-01-26,12.474042906354958,0.000471503734588623,1.0894156124304988
2026-01-27,12.52103976913625,0.003767572641372681,1.115010600706749
2026-01-28,12.490272021762816,-0.0024572837352752684,1.179314372768812
2026-01-29,12.53148849539668,0.003299885988235474,1.1969830484686657
2026-01-30,12.473126242423945,-0.0046572482585906985,1.1735963026715046
2026-02-02,12.552712803736519,0.0063806426525115974,1.1741388315326384
2026-02-03,12.480840548320378,-0.005725635290145873,1.174897841209029
2026-02-04,12.428116836093677,-0.004224371910095214,1.193683614588792
2026-02-05,12.173255583869016,-0.02050682783126831,1.0367490534944133
2026-02-06,12.539680109937574,0.03010078310966492,1.1703030974487107
2026-02-09,12.617249182253836,0.00618588924407959,1.1817311411353066
2026-02-10,12.57345923520842,-0.003470641374588013,1.1914508002914728
2026-02-11,12.501035153852465,-0.00576007604598999,1.127481608877957
2026-02-12,12.229379704822259,-0.02173063635826111,1.0476091484987535
2026-02-13,12.287589257435764,0.004759812355041504,1.046783253021878
2026-02-17,12.280609334506668,-0.0005680465698242187,0.971737666142517
2026-02-18,12.370633598859223,0.007330602407455444,0.9732951261551727
2026-02-19,12.33601237439333,-0.002798662185668945,0.9255317642687337
2026-02-20,12.411597958617861,0.006127229928970337,0.958052130357551
2026-02-23,12.181328961378687,-0.01855272769927978,0.9124952076139614
2026-02-24,12.320977078524956,0.011464111804962158,1.062903302753424
2026-02-25,12.49505117119284,0.014128270149230958,1.162529714000891
2026-02-26,12.506335389517039,0.0009030950069427495,1.2382663605104272
2026-02-27,12.43100684809692,-0.00602323055267334,1.1863468901844723
2026-03-02,12.414663881841507,-0.0013146936893463133,1.2570456634389628
2026-03-03,12.291694389893184,-0.00990518093109131,1.1300521980949365
2026-03-04,12.47207919226087,0.014675340652465821,1.2768448167749498
2026-03-05,12.505308495917168,0.0026642954349517817,1.3700091797396072
2026-03-06,12.31024821575296,-0.015598198175430298,1.242389948325514
2026-03-09,12.377388444484344,0.005454010963439942,1.3603369245921473
2026-03-10,12.3259302897561,-0.004157432317733765,1.3025354690085404
2026-03-11,12.325382084221665,-4.447579383850128e-05,1.4740018825318595
2026-03-12,12.090708008757094,-0.019039902687072757,1.4020919445078859
2026-03-13,12.044984187499198,-0.0037817323207855226,1.3467516301350146
2026-03-16,12.19466938620537,0.012427181005477909,1.4563120538406407
2026-03-17,12.25256617185128,0.0047477126121521,1.3679672647377548
2026-03-18,12.009708611579269,-0.019820954799652096,1.2179652199037696
2026-03-19,12.035393852797759,0.0021387064456939698,1.2835591525838128
2026-03-20,11.787322449720982,-0.020611822605133057,1.1257510839532283
2026-03-23,11.972101403086475,0.01567607522010803,1.1899898326724965
2026-03-24,11.945379648572551,-0.002232002019882202,1.1772119961817116
2026-03-25,12.093108535852842,0.012367031574249268,1.1518728791307122
2026-03-26,11.908308754682103,-0.015281412601470947,1.0882201933068998
2026-03-27,11.725652655205007,-0.015338542461395266,1.07840431734178
2026-03-30,11.608877505332067,-0.009958946704864503,1.0752155786676856
2026-03-31,11.96754538090621,0.03089599967002869,1.301144519203339
2026-04-01,12.043793820236798,0.006371268033981322,1.308868133779456
2026-04-02,12.086912401602438,0.0035801494121551515,1.3176651754417021
2026-04-06,12.150903828779137,0.005294274091720581,1.302832999379546
2026-04-07,12.111964467599753,-0.0032046473026275638,1.6746959721392936
2026-04-08,12.362587435741274,0.02069218158721924,2.146293950325121
2026-04-09,12.415356590141995,0.004268455505371093,2.158919444227954
2026-04-10,12.420569226345393,0.00041985392570495625,2.2891641395638236
2026-04-13,12.572105504790398,0.012200429439544677,2.132395705491473
2026-04-14,12.70499145117507,0.010569903850555422,2.576991954509424
2026-04-15,12.906245466469498,0.01584054708480835,2.567774263273782
2026-04-16,13.040475676219124,0.010400407314300534,2.563906979190203
2026-04-17,13.138849233568743,0.00754370927810669,2.580235985221464
2026-04-20,13.15505304702527,0.0012332749366760253,2.7363907724326264
2026-04-21,13.114684608349034,-0.003068664073944092,2.6677080468563927
2026-04-22,13.312244325300847,0.015064008235931396,2.8937352511026777
2026-04-23,13.11441090922349,-0.014861011505126955,2.6582940763749874
2026-04-24,13.247999331061841,0.010186383724212645,2.6287167409690912
2026-04-27,13.20328935796235,-0.0033748471736907955,2.4748016212910366
2026-04-28,13.109778613255791,-0.007082382440567017,2.3931509958965504
2026-04-29,13.103602976670855,-0.0004710710048675536,2.3709559311118906
2026-04-30,13.277671834274438,0.013284045457839965,2.4212370144969
2026-05-01,13.349985645234568,0.005446271896362305,2.4958977117207786
2026-05-04,13.29408126899669,-0.004187598228454591,2.4399302741004028
2026-05-05,13.456340300052268,0.012205358743667601,2.394050467945642
