date,equity,return,rolling_sharpe_252
2015-02-02,1.0144764399528503,0.014476439952850343,
2015-02-03,1.0335690362025887,0.01882014751434326,
2015-02-04,1.0294403774950813,-0.003994565010070801,
2015-02-05,1.0467483516523435,0.016812993288040163,
2015-02-06,1.0442920267060682,-0.0023466241359710693,
2015-02-09,1.0391277930637217,-0.004945200681686401,
2015-02-10,1.0549169287970657,0.015194604396820067,
2015-02-11,1.0549414600000138,2.3254156112670877e-05,
2015-02-12,1.0690939352742306,0.013415412902832031,
2015-02-13,1.0746442526148368,0.005191608667373658,
2015-02-17,1.0766342565133955,0.0018517792224884034,
2015-02-18,1.0734118252083233,-0.002993060350418091,
2015-02-19,1.0774589342863552,0.003770322799682617,
2015-02-20,1.0842892218384472,0.006339255571365357,
2015-02-23,1.078430969910957,-0.005402849912643433,
2015-02-24,1.0824536565501213,0.0037301290035247803,
2015-02-25,1.0824785532443635,2.3000240325927673e-05,
2015-02-26,1.0845939602217074,0.0019542253017425537,
2015-02-27,1.0809171687402501,-0.003390016555786133,
2015-03-02,1.0910974424770497,0.00941818118095398,
2015-03-03,1.0817923158517242,-0.008528226960371704,
2015-03-04,1.0754040087584589,-0.005905299011331658,
2015-03-05,1.0746493834251865,-0.0007017133348273009,
2015-03-06,1.05730451936891,-0.01614002140958203,
2015-03-09,1.0597206050075332,0.0022851369632519267,
2015-03-10,1.0395151121993917,-0.019066811301642932,
2015-03-11,1.0387392404712839,-0.0007463784980156286,
2015-03-12,1.049655694228932,0.01050933028456215,
2015-03-13,1.043637048733993,-0.005733923540861761,
2015-03-16,1.0554550354739922,0.011323847456675827,
2015-03-17,1.0551796015358634,-0.00026096226638870905,
2015-03-18,1.0665132276675002,0.010740945062944995,
2015-03-19,1.0617055273349092,-0.004507867514316358,
2015-03-20,1.0706249470970977,0.008401029788907763,
2015-03-23,1.0691322664636231,-0.0013942143208242855,
2015-03-24,1.0633634900902975,-0.005395755562038309,
2015-03-25,1.0393464854809646,-0.02258588416205007,
2015-03-26,1.035269095215035,-0.003923032716123445,
2015-03-27,1.0371491657550298,0.001816021118262302,
2015-03-30,1.0494128437050279,0.01182441094774486,
2015-03-31,1.04182386014938,-0.007231647297982589,
2015-04-01,1.03644181540005,-0.005165983382794008,
2015-04-02,1.036611078314624,0.00016331154538432903,
2015-04-06,1.0457613410310715,0.008827093311914511,
2015-04-07,1.0428589177282712,-0.002775416520884911,
2015-04-08,1.0495529474619991,0.006418921696819787,
2015-04-09,1.0565470119831648,0.006663851059709298,
2015-04-10,1.0618786633653392,0.005046298292176191,
2015-04-13,1.0594337884599292,-0.002302405152074132,
2015-04-14,1.0600939977883688,0.0006231718637173992,
2015-04-15,1.0720781091543097,0.011304762965305897,
2015-04-16,1.074794530006048,0.002533790055540883,
2015-04-17,1.0600665975825345,-0.013703021379752007,
2015-04-20,1.070995040528093,0.010309204129703382,
2015-04-21,1.0741352713332575,0.002932068484291005,
2015-04-22,1.0820094736168537,0.007330736168660096,
2015-04-23,1.0837113074953812,0.0015728456358508921,
2015-04-24,1.0904177373280188,0.006188391489738232,
2015-04-27,1.0900434378065715,-0.0003432625026482477,
2015-04-28,1.095737708064195,0.005223892975385973,
2015-04-29,1.0950001757685996,-0.0006730920093078274,
2015-04-30,1.080715694430972,-0.013045186342185938,
2015-05-01,1.0961355475720937,0.014268186555059572,
2015-05-04,1.098411100841721,0.0020759779889152007,
2015-05-05,1.0806842745948844,-0.016138608061455645,
2015-05-06,1.0728521348301172,-0.007247389407700192,
2015-05-07,1.0776920925636457,0.004511299904618176,
2015-05-08,1.0920625682447715,0.013334491159660546,
2015-05-11,1.088315904990856,-0.003430813730698222,
2015-05-12,1.0826979040419125,-0.005162104976303473,
2015-05-13,1.0848393993358236,0.0019779250388465147,
2015-05-14,1.0973111381960006,0.011496391878661852,
2015-05-15,1.097654558180787,0.00031296500402903666,
2015-05-18,1.1039143676806433,0.005702895736370162,
2015-05-19,1.1000987934168918,-0.0034564042062141726,
2015-05-20,1.0970952129686065,-0.002730282467591985,
2015-05-21,1.103434722267876,0.005778449513160831,
2015-05-22,1.1008528748541295,-0.0023398279586852528,
2015-05-26,1.0849448075264074,-0.014450675191114853,
2015-05-27,1.1036610551586916,0.017250875346328225,
2015-05-28,1.1049751327651807,0.0011906532357438245,
2015-05-29,1.0992582164525366,-0.005173796353531982,
2015-06-01,1.102087074968069,0.0025734249452884135,
2015-06-02,1.1025934628702756,0.00045948084657580415,
2015-06-03,1.1046198652921413,0.001837850930650839,
2015-06-04,1.0957517262896193,-0.00802822697759171,
2015-06-05,1.0967458403107908,0.000907243855811982,
2015-06-08,1.0831701928530926,-0.012378116204070762,
2015-06-09,1.0841825247371815,0.0009346009433868916,
2015-06-10,1.1003441229898816,0.014906713476698079,
2015-06-11,1.100050180295791,-0.00026713706007899107,
2015-06-12,1.0919131789024916,-0.007396936557122563,
2015-06-15,1.0843366112250752,-0.006938800468579275,
2015-06-16,1.0934556249421232,0.008409762819633588,
2015-06-17,1.098442599305726,0.004560746910846868,
2015-06-18,1.1109560387300064,0.011391983005929874,
2015-06-19,1.103957690812207,-0.006299392301606752,
2015-06-22,1.1146121541408893,0.009651151866919356,
2015-06-23,1.1183839732275578,0.0033839744817564326,
2015-06-24,1.108392795746736,-0.008933584278741108,
2015-06-25,1.0995431103833042,-0.007984250165997965,
2015-06-26,1.0838769264873935,-0.014247903286347213,
2015-06-29,1.0486971473839923,-0.03245735585257926,
2015-06-30,1.054009238364287,0.00506541950032536,
2015-07-01,1.0596349185562892,0.005337410704988305,
2015-07-02,1.063213649024751,0.0033773240252764057,
2015-07-06,1.052953065823678,-0.009650537510014665,
2015-07-07,1.0480533966539558,-0.004653264545926873,
2015-07-08,1.0196756439255759,-0.027076628747141535,
2015-07-09,1.02348399817818,0.0037348683135575477,
2015-07-10,1.0421725417289112,0.01825973203684386,
2015-07-13,1.0584522676557397,0.015620950730309299,
2015-07-14,1.0707847513040205,0.011651431080208005,
2015-07-15,1.0643978834494805,-0.005964660821665634,
2015-07-16,1.078602170051139,0.01334490308795567,
2015-07-17,1.0851096257960797,0.00603323071808037,
2015-07-20,1.0816091127048153,-0.003225953404197473,
2015-07-21,1.0795411909890165,-0.0019118937622738157,
2015-07-22,1.074419144279899,-0.004744651479602102,
2015-07-23,1.0656078207203716,-0.008201011315218925,
2015-07-24,1.0505963132174396,-0.014087272269439653,
2015-07-27,1.0377160407375143,-0.01225996352536174,
2015-07-28,1.0580478741911064,0.019592868044269737,
2015-07-29,1.0712532183322905,0.012480856928406754,
2015-07-30,1.0752621530820317,0.003742284906254377,
2015-07-31,1.068963426683435,-0.005857851855515101,
2015-08-03,1.0691391008777094,0.00016434069668730189,
2015-08-04,1.0696794025350784,0.0005053614229668258,
2015-08-05,1.0792563736097573,0.00895312282538303,
2015-08-06,1.0683960733722662,-0.010062762197240454,
2015-08-07,1.0631243327722877,-0.0049342568092176735,
2015-08-10,1.0803732261456451,0.016224718823223357,
2015-08-11,1.0620642948577093,-0.016946857664415678,
2015-08-12,1.063478131468314,0.0013312156499847056,
2015-08-13,1.057706488792907,-0.005427138090219232,
2015-08-14,1.0612054125219403,0.003308028991130124,
2015-08-17,1.0702235372030824,0.008498001022922363,
2015-08-18,1.059944647949351,-0.009604432061543103,
2015-08-19,1.0479315132105562,-0.011333737815494812,
2015-08-20,1.0175814603368856,-0.028961866773799926,
2015-08-21,0.9855015133870141,-0.031525679466733784,
2015-08-24,0.9499577345867438,-0.03606669124039387,
2015-08-25,0.9375303804909118,-0.013082007381347701,
2015-08-26,0.9678626270130912,0.03235334785236164,
2015-08-27,0.9958737437605863,0.028941211248067162,
2015-08-28,0.9998238358449701,0.003966458709381793,
2015-08-31,0.9974544354459688,-0.002369817875965066,
2015-09-01,0.9737854606797683,-0.0237293794333752,
2015-09-02,0.9864151073284029,0.012969639780633155,
2015-09-03,0.9875319819021632,0.0011322561520628886,
2015-09-04,0.976045381376156,-0.01163162382233113,
2015-09-08,0.9925882954051621,0.01694891891776762,
2015-09-09,0.9849710681395395,-0.007674105468384033,
2015-09-10,0.9901817126558639,0.005290149817462692,
2015-09-11,0.9910773723699614,0.0009045407551459115,
2015-09-14,0.988600122794492,-0.0024995521485325833,
2015-09-15,0.9973370970680909,0.008837723233234023,
2015-09-16,1.00549280438643,0.00817748316222734,
2015-09-17,1.0028419767411707,-0.0026363467084947315,
2015-09-18,0.990094505471134,-0.01271134592058144,
2015-09-21,0.9916754890085698,0.0015968006374133567,
2015-09-22,0.9819087925378427,-0.009848681931718865,
2015-09-23,0.9782888859715496,-0.0036866016414183133,
2015-09-24,0.9789639238684614,0.0006900189776166774,
2015-09-25,0.9784244853868164,-0.0005510299904755325,
2015-09-28,0.9608019459136123,-0.01801113906735179,
2015-09-29,0.9609297122549447,0.00013297885362928554,
2015-09-30,0.9762545055306089,0.01594788159864736,
2015-10-01,0.9764538108910293,0.00020415307616132968,
2015-10-02,0.9883407576944634,0.01217358841847015,
2015-10-05,1.0009221890944022,0.012729851826902441,
2015-10-06,1.0030436306904733,0.002119487028248028,
2015-10-07,1.0095628742713407,0.006499461620009029,
2015-10-08,1.0140386800229337,0.004433409612871794,
2015-10-09,1.012053404041322,-0.0019577911777160406,
2015-10-12,1.0113589961458178,-0.0006861376017621822,
2015-10-13,1.006460841294835,-0.00484314162394285,
2015-10-14,1.0052160564536885,-0.0012367941106830875,
2015-10-15,1.0140658308405803,0.008803852992672091,
2015-10-16,1.0146881927859788,0.0006137293324266701,
2015-10-19,1.0133137993325894,-0.001354498320923354,
2015-10-20,1.0113283980940388,-0.0019593153077143563,
2015-10-21,1.0065281331643667,-0.004746494747619944,
2015-10-22,1.0193747992469493,0.0127633452650694,
2015-10-23,1.0281990678721586,0.0086565497123611,
2015-10-26,1.026131865358964,-0.0020105080599546014,
2015-10-27,1.0225464834031848,-0.0034940752517463613,
2015-10-28,1.0327174728611022,0.00994672577041872,
2015-10-29,1.02980556062164,-0.0028196600870851944,
2015-10-30,1.0280508158574282,-0.0017039573598269385,
2015-11-02,1.0373534574050758,0.009048814906964246,
2015-11-03,1.0403254456339726,0.002864971633035419,
2015-11-04,1.0412233850510682,0.0008631331867003418,
2015-11-05,1.0398405824670995,-0.0013280556351516347,
2015-11-06,1.0447865925343578,0.004756508017338142,
2015-11-09,1.036895653290157,-0.007552680423529997,
2015-11-10,1.0355793082388203,-0.0012695058052945862,
2015-11-11,1.0321650922732897,-0.003296914044504362,
2015-11-12,1.0222836736487726,-0.009573486546375964,
2015-11-13,1.0140913085653411,-0.008013788437206385,
2015-11-16,1.023341419285135,0.009121575780863346,
2015-11-17,1.0229849914433733,-0.0003482980704627118,
2015-11-18,1.0348576392774553,0.011605886629216806,
2015-11-19,1.0357237941420598,0.0008369797271914766,
2015-11-20,1.036247460376663,0.0005056041365130319,
2015-11-23,1.0332326179125106,-0.002909384659004569,
2015-11-24,1.0361189725516882,0.002793518699602182,
2015-11-25,1.0345966580734003,-0.0014692467936754706,
2015-11-27,1.0356601144152444,0.0010278946230355386,
2015-11-30,1.0351535482165954,-0.0004891239815053457,
2015-12-01,1.0474178966701535,0.011847854334931816,
2015-12-02,1.035156820362853,-0.01170600229982675,
2015-12-03,1.0249311936298835,-0.009878335853870908,
2015-12-04,1.0386134593803376,0.013349448075628332,
2015-12-07,1.029284795550283,-0.008981843770463035,
2015-12-08,1.01970192462204,-0.009310222952549985,
2015-12-09,1.0156287213006074,-0.003994503906563026,
2015-12-10,1.0192927080255667,0.003607604479978844,
2015-12-11,1.0007554553850877,-0.01818638796738456,
2015-12-14,0.9990397796492795,-0.0017143805977535664,
2015-12-15,1.008977019347106,0.00994679080878528,
2015-12-16,1.022559319791182,0.013461456686957128,
2015-12-17,1.005338349409061,-0.016841047799200193,
2015-12-18,0.9905023215783877,-0.014757248481960368,
2015-12-21,0.9974088124204052,0.006972715451097451,
2015-12-22,1.0035306225315375,0.006137714079622475,
2015-12-23,1.0189006995171004,0.015316001963936022,
2015-12-24,1.0172714467431825,-0.0015990299885848792,
2015-12-28,1.0124037981499854,-0.004785004640384832,
2015-12-29,1.022575598489752,0.01004717718202366,
2015-12-30,1.0132936380240345,-0.00907704083632166,
2015-12-31,1.0074564423677799,-0.005760616110881048,
2016-01-04,0.9926451510631892,-0.014701669155820109,
2016-01-05,0.9929617043699802,0.000318898758989579,
2016-01-06,0.9715155838610519,-0.021598134565054158,
2016-01-07,0.9442055661542673,-0.02811073559751614,
2016-01-08,0.9335361481132795,-0.0112998889473235,
2016-01-11,0.9311271360708684,-0.002580523579381227,
2016-01-12,0.9331171983608525,0.0021372616186245683,
2016-01-13,0.9083702936355913,-0.026520682255918627,
2016-01-14,0.9262376626036334,0.019669697581732953,
2016-01-15,0.9047716989501077,-0.02317543814099,
2016-01-19,0.9013129137345567,-0.0038228264871288894,
2016-01-20,0.8927188341649361,-0.009535067609329243,
2016-01-21,0.901836065136356,0.010212880721787672,
2016-01-22,0.9158729271536822,0.01556476011546932,
2016-01-25,0.9028207625721011,-0.014251064961756349,
2016-01-26,0.9133428455230411,0.011654675420803312,
2016-01-27,0.9061565270094742,-0.007868150003903004,
2016-01-28,0.9126109310925145,0.007122835725016882,
2016-01-29,0.9298317023171907,0.0188697840864788,
2016-02-01,0.9315508137978237,0.0018488415444955152,-0.3381963428001954
2016-02-02,0.9144450389864914,-0.01836268570427638,-0.5328273446993333
2016-02-03,0.9175678226140181,0.0034149494987559693,-0.6283860154013219
2016-02-04,0.9249308330803825,0.008024486348473135,-0.5558857438996305
2016-02-05,0.9085944043620804,-0.017662324720969003,-0.7619916331373403
2016-02-08,0.891346944313433,-0.018982573484762698,-0.856303522043558
2016-02-09,0.890137045834238,-0.0013573822033202234,-0.8352568889015571
2016-02-10,0.888960804821546,-0.00132141563840836,-0.9375621217525671
2016-02-11,0.8822709272170302,-0.007525503451031122,-0.9818111489297975
2016-02-12,0.8976192380463707,0.017396369251057683,-0.9558907069646063
2016-02-16,0.9125070282354565,0.01658586353551027,-0.883974890780482
2016-02-17,0.9277484854864462,0.016702838202202697,-0.7919347399375511
2016-02-18,0.9245696096395435,-0.0034264414295819396,-0.7944573169867057
2016-02-19,0.9248531339823317,0.0003066554857872561,-0.8151263902119003
2016-02-22,0.9375911125751292,0.01377297445914358,-0.7691938870344649
2016-02-23,0.925606913332411,-0.012781903627267919,-0.8108147089397497
2016-02-24,0.9292647355072269,0.003951809479951663,-0.8094869365566504
2016-02-25,0.9355582830225742,0.006772609865489002,-0.7691840834253728
2016-02-26,0.9392384468397503,0.0039336553199940515,-0.7574029531734423
2016-02-29,0.9358066535872138,-0.003653804062305472,-0.7589281549559271
2016-03-01,0.9505101912956372,0.015712153415516558,-0.72001362752844
2016-03-02,0.9570966905750264,0.006929435727996916,-0.6297969978579426
2016-03-03,0.9610934752003614,0.004175946552415388,-0.57096442909364
2016-03-04,0.9662373709855139,0.005352128505585918,-0.535276625460817
2016-03-07,0.9663882661211555,0.00015616777012848247,-0.4419548247803155
2016-03-08,0.9539969012556614,-0.01282234615205956,-0.5292395891429322
2016-03-09,0.9590933394221886,0.005342195723926539,-0.3885209918770286
2016-03-10,0.9590909714828184,-2.46893526717432e-06,-0.38414437568605164
2016-03-11,0.9711054054974184,0.012526897209786888,-0.3719655556416354
2016-03-14,0.9702312933468223,-0.0009001207754047167,-0.343719699125689
2016-03-15,0.9676678866164676,-0.0026420573608920014,-0.4268311038509401
2016-03-16,0.9742643117854649,0.006816827612273338,-0.3847636141499513
2016-03-17,0.9778277830662094,0.0036576021903276094,-0.42727692394104533
2016-03-18,0.9811550724513672,0.003402735576528961,-0.38061945653387447
2016-03-21,0.9826332209363566,0.0015065391052775066,-0.42184219095593584
2016-03-22,0.9821331907371001,-0.0005088675902693119,-0.4166186949703633
2016-03-23,0.972579663541029,-0.009727323428404934,-0.44173168366795057
2016-03-24,0.973151015289335,0.0005874601019579027,-0.30761371173536456
2016-03-28,0.9718806708122297,-0.0013053929525291975,-0.29209051207783465
2016-03-29,0.9765048525727181,0.00475797276287411,-0.27446699060400764
2016-03-30,0.9794581935543822,0.003024399698458446,-0.3276463153860027
2016-03-31,0.9789294772213687,-0.000539804900804332,-0.28795797856331534
2016-04-01,0.9806791597188851,0.001787342743506653,-0.2465121562163249
2016-04-04,0.9767636200417629,-0.003992681641409182,-0.2712787074987714
2016-04-05,0.9721103750039222,-0.004763941799595024,-0.3528628136397379
2016-04-06,0.9806476910044677,0.008782249649903194,-0.283359192331566
2016-04-07,0.9709229125938303,-0.009916689245121622,-0.3805952536963267
2016-04-08,0.9745411167030882,0.0037265616686208763,-0.3983518398615857
2016-04-11,0.9747655987403956,0.00023034639940787784,-0.4273227982063318
2016-04-12,0.9815504838916131,0.006960529957135408,-0.3716652808984481
2016-04-13,0.9933595219631871,0.012031004278816185,-0.3027655335657988
2016-04-14,0.9936197993072019,0.0002620172639010338,-0.3693754542326158
2016-04-15,0.993169531087368,-0.0004531594681866519,-0.3872527520686742
2016-04-18,0.9968459412197487,0.0037016944411850747,-0.2842220488524455
2016-04-19,0.9985084171798485,0.0016677360977822018,-0.33659514155757536
2016-04-20,1.0040757659664437,0.005575665353246943,-0.320604128563093
2016-04-21,0.9994702294428206,-0.004586841630611554,-0.39231860067057733
2016-04-22,1.007245979719029,0.007779871823238914,-0.3546928109819541
2016-04-25,1.001654873622411,-0.005550884500107586,-0.42514272989194757
2016-04-26,1.0055717402324669,0.003910395399855515,-0.39952133802107537
2016-04-27,1.0115183607326081,0.005913671061168328,-0.3953311057278823
2016-04-28,1.0027925272507527,-0.008626470680705762,-0.44242885244943636
2016-04-29,0.9973645496921419,-0.005412861993988003,-0.3977337108822801
2016-05-02,1.001757616689813,0.004404675300547987,-0.4584661859132295
2016-05-03,0.9888524594029192,-0.012882514763938003,-0.5469990211220112
2016-05-04,0.9807516658163816,-0.008192115526950249,-0.5009988550067603
2016-05-05,0.9796824481921705,-0.001090202200493926,-0.46431446893112793
2016-05-06,0.9826823142014505,0.0030620799778699344,-0.47315249505328455
2016-05-09,0.9783045151366175,-0.004454948462556187,-0.5822163330780954
2016-05-10,0.9896723174595656,0.01161990172493546,-0.4899899407036984
2016-05-11,0.9871656497664433,-0.0025328259151037075,-0.4742868583287606
2016-05-12,0.982255531797005,-0.004973955455804193,-0.5160909891185569
2016-05-13,0.9797929336030289,-0.0025070850855590113,-0.6020764963844875
2016-05-16,0.9903945063790943,0.010820217632188763,-0.5372965755256055
2016-05-17,0.9872674852801258,-0.003157348994595041,-0.591080363420258
2016-05-18,0.9927254473797256,0.005528351921821023,-0.5365827911401158
2016-05-19,0.990689293830624,-0.0020510741962705024,-0.5325104526202199
2016-05-20,1.0044107956702786,0.013850459397414711,-0.48235396577085976
2016-05-23,1.0063248266668792,0.0019056256711411138,-0.4567998456062007
2016-05-24,1.0205787804047346,0.014164366574426056,-0.2845773472218809
2016-05-25,1.0328330041935747,0.012007131663055523,-0.31702217033911845
2016-05-26,1.0359389590199435,0.0030072187989325775,-0.30601451120136663
2016-05-27,1.0433126231720313,0.007117855823342863,-0.23173971702013327
2016-05-31,1.0460274026446161,0.002602076704804923,-0.23156628829305564
2016-06-01,1.0446962006768512,-0.0012726262853146196,-0.24200689611063989
2016-06-02,1.0472015149234675,0.002398127077511393,-0.23861747771054775
2016-06-03,1.0413349422270592,-0.005602143057286215,-0.22412109776900282
2016-06-06,1.0504844541940748,0.008786329542969016,-0.1763344388281633
2016-06-07,1.0531652923101464,0.0025520017029936047,-0.08661515507122332
2016-06-08,1.0546392908963138,0.0013995890264614608,-0.08380475197398604
2016-06-09,1.0507007554729584,-0.0037344857690710014,-0.1971635820360172
2016-06-10,1.0335457584347845,-0.016327195872674317,-0.29314082413182363
2016-06-13,1.0247518543910625,-0.008508480608579583,-0.2997545469432504
2016-06-14,1.0186167338639596,-0.005986932837265823,-0.29407596858140017
2016-06-15,1.0213252533774493,0.002659017296147542,-0.32917247545532036
2016-06-16,1.0245591358879425,0.003166359100393182,-0.337666674911727
2016-06-17,1.0265002625826882,0.0018945970288611886,-0.39600244493884007
2016-06-20,1.0336825742224705,0.006996892160272398,-0.3153757812675599
2016-06-21,1.0394725852817481,0.005601343394642062,-0.3402954499642168
2016-06-22,1.02980775023112,-0.009297825827708984,-0.41665262897972494
2016-06-23,1.0528299052697765,0.02235577954573528,-0.22541825049193562
2016-06-24,1.0070452846576552,-0.043487196158613475,-0.4250206226341071
2016-06-27,0.982578684891156,-0.02429543153545143,-0.4804073951557625
2016-06-28,1.001266021825237,0.01901866712705148,-0.18480604442822338
2016-06-29,1.018893298852089,0.01760498872689082,-0.1109245867152859
2016-06-30,1.0298555141785615,0.010758943393604423,-0.0792527150735879
2016-07-01,1.0289539424498293,-0.0008754351618452673,-0.1039870347204379
2016-07-05,1.017891497115258,-0.01075115695483214,-0.1103428900495548
2016-07-06,1.0237559625254675,0.005761385596431135,-0.0498193660823404
2016-07-07,1.0279174327845175,0.004064904539148268,0.13270374489724893
2016-07-08,1.0445003264039991,0.016132515210448835,0.2047519857462263
2016-07-11,1.051616377324859,0.0068128757272474345,0.13839302069442533
2016-07-12,1.0655850963281293,0.013283093820585469,0.12477994701265308
2016-07-13,1.0670139369174878,0.0013408976854896101,0.06417977151614908
2016-07-14,1.0763861446380942,0.008783585102629509,0.15117104359155287
2016-07-15,1.0737742050716053,-0.0024265822999488804,0.05826985863214965
2016-07-18,1.0814157690854602,0.007116546456194243,0.06466591683999892
2016-07-19,1.0780199582189252,-0.0031401529028996272,0.06517427162778287
2016-07-20,1.0852774451769605,0.006732238028344152,0.11624363328444919
2016-07-21,1.079048565921029,-0.005739434910043515,0.11034073415703398
2016-07-22,1.086696390318562,0.007087562728008793,0.2008014529230311
2016-07-25,1.0898097780180065,0.0028650023384469113,0.30209995966258607
2016-07-26,1.0941386295195528,0.003972116592144141,0.399433631896951
2016-07-27,1.0932761089480576,-0.0007883101356853138,0.2800334948015992
2016-07-28,1.0920303894310353,-0.0011394372444680106,0.19899275658960197
2016-07-29,1.0945971144361284,0.002350415363834645,0.19066167638794576
2016-08-01,1.091667374083397,-0.002676546753222917,0.2098761156952177
2016-08-02,1.0805704416960131,-0.010165122317318835,0.1475196741520874
2016-08-03,1.0876518093590677,0.006553360512008775,0.18365938921470382
2016-08-04,1.0902831077166162,0.0024192469822663897,0.14468741302083457
2016-08-05,1.1040562647533938,0.012632642787269135,0.28063094056626725
2016-08-08,1.1038325086283367,-0.0002026673206796603,0.309146291864651
2016-08-09,1.1037746768642915,-5.239179277034327e-05,0.21249223270949927
2016-08-10,1.0988635248536611,-0.004449415368526472,0.28924018348169234
2016-08-11,1.105022904598118,0.005605227223532764,0.3149648386988382
2016-08-12,1.1055110653304907,0.0004417652614634945,0.3506969134497347
2016-08-15,1.1124905456737482,0.006313351862444656,0.36871438406617796
2016-08-16,1.1088182388169623,-0.0033009780362329272,0.29758977873621567
2016-08-17,1.1093926207068536,0.0005180126640990362,0.3595708959396851
2016-08-18,1.115800716999397,0.005776220404693632,0.46433866484275793
2016-08-19,1.1175966039216647,0.0016095050799904687,0.660874825303972
2016-08-22,1.1163418263618918,-0.0011227463964814915,0.8658930509212903
2016-08-23,1.1194381129899325,0.002773600840641648,1.1416890122348002
2016-08-24,1.1122332515779756,-0.006436140889212108,1.1882412796457185
2016-08-25,1.1139618450012723,0.001554164489188069,1.0096732674891178
2016-08-26,1.116827483230822,0.0025724743108652554,0.8496836432836459
2016-08-29,1.1211282158488742,0.0038508477653243865,0.8489170340850268
2016-08-30,1.1191256472624975,-0.0017862083551793524,0.852922961130245
2016-08-31,1.1180586066506835,-0.0009534591709378022,1.0207792655781425
2016-09-01,1.1190889007978402,0.0009215028094484731,0.9415774345158956
2016-09-02,1.1227565613161257,0.0032773629652396493,0.9561781456953146
2016-09-06,1.1278698475597073,0.004554225216539985,1.070931516869368
2016-09-07,1.1282937866051843,0.0003758758569475967,0.9627013232874855
2016-09-08,1.1256873384701067,-0.0023100793126938904,1.0014039972646085
2016-09-09,1.1024802456676952,-0.02061593127089072,0.81288577499361
2016-09-12,1.1186694744026198,0.014684370807134122,0.9034805446120351
2016-09-13,1.1044069502375689,-0.012749542640972828,0.8299874593273784
2016-09-14,1.1056003737290967,0.0010806012143177452,0.7782935611713228
2016-09-15,1.1163595504221204,0.009731524110048748,0.7884336529421861
2016-09-16,1.1144096881398289,-0.0017466257009708802,0.7946015826657422
2016-09-19,1.1141846845764274,-0.00020190381131469364,0.883693646316377
2016-09-20,1.113644179597808,-0.0004851125545894519,0.8694102884001439
2016-09-21,1.1226202985377831,0.00806013186655085,0.9935147578058556
2016-09-22,1.1285358654144,0.005269428037531421,1.0549628032514897
2016-09-23,1.1243197728661671,-0.003735895931570264,1.0241005349580354
2016-09-26,1.1113785803632794,-0.011510241850410054,0.9456186103999948
2016-09-27,1.1232052989095904,0.01064148504863674,1.1483510137669661
2016-09-28,1.1308163254277768,0.006776166855315888,1.1930383000946883
2016-09-29,1.1194602172389698,-0.010042398516408967,1.0171819328375125
2016-09-30,1.1326310602072989,0.011765351519872319,1.0936957001797933
2016-10-03,1.1326170448743302,-1.237413793521779e-05,1.013091576708958
2016-10-04,1.129039693339803,-0.003158482870019068,0.9063851767196646
2016-10-05,1.1404612911404306,0.010116205717127081,0.9596820100057338
2016-10-06,1.139812981427587,-0.0005684627070465786,0.9116143761286452
2016-10-07,1.1344694323045468,-0.004688092880243989,0.8483318066758684
2016-10-10,1.1361452348392251,0.001477168522094195,0.8721730953980605
2016-10-11,1.1172111257660582,-0.016665218928499332,0.7564798656580798
2016-10-12,1.1172215566337615,9.336523296858403e-06,0.7903013547112179
2016-10-13,1.1064574779420657,-0.009634685821967585,0.7309272444177315
2016-10-14,1.1111174915125768,0.004211651747501738,0.7003828446794932
2016-10-17,1.1019524929892415,-0.008248451305413988,0.6384615455725771
2016-10-18,1.1187691230044088,0.015260757720642958,0.7484462134664026
2016-10-19,1.128127639028273,0.008365011003103504,0.8177220720560393
2016-10-20,1.1273661403278064,-0.0006750111194179171,0.8459393112480394
2016-10-21,1.1258629302950047,-0.0013333822784178972,0.7525368356426907
2016-10-24,1.1390220735559489,0.011688050922412246,0.7721879474775339
2016-10-25,1.1407067215969453,0.0014790301962604988,0.7960919098267315
2016-10-26,1.1365045040470363,-0.0036838719982521246,0.7947682331097764
2016-10-27,1.1351545087999815,-0.0011878485674694616,0.7202587764235084
2016-10-28,1.1310770146693547,-0.0035920168567512667,0.7148839183547028
2016-10-31,1.1341039198292842,0.002676126488888448,0.7448213263579856
2016-11-01,1.1234584617844685,-0.009386668945133476,0.6184773929373979
2016-11-02,1.1115128046376708,-0.010632931748828149,0.5248443108169275
2016-11-03,1.1034868879231523,-0.007220714580193037,0.46913769702680613
2016-11-04,1.1025738634069995,-0.000827399515250442,0.47256033971825134
2016-11-07,1.1373034001047848,0.03149860326860058,0.6406158204112995
2016-11-08,1.1424806555844536,0.004552220172024226,0.7219932512049224
2016-11-09,1.1642895021135002,0.01908902914237094,0.8512730529152039
2016-11-10,1.1667256882571047,0.0020924230092103794,0.8871752214905324
2016-11-11,1.1847996572351516,0.015491189711479066,1.0503593379615181
2016-11-14,1.185552634468177,0.0006355312718291329,1.1092829499226775
2016-11-15,1.2008265667474012,0.012883386055715637,1.1322387270268768
2016-11-16,1.2020892533982626,0.0010515145865581952,1.141503672497142
2016-11-17,1.2153681934079155,0.0110465508048707,1.1381060752795864
2016-11-18,1.2139962620849065,-0.0011288195054388174,1.125044186792279
2016-11-21,1.2284406047268506,0.011898177196309902,1.1970077929557463
2016-11-22,1.2369051420888444,0.006890473442039808,1.2608761222927667
2016-11-23,1.2396210072311313,0.002195693954105816,1.256997685493715
2016-11-25,1.2450480490794948,0.004377984736226451,1.2952617387654994
2016-11-28,1.2360479633867767,-0.007228705510098357,1.2392112778081832
2016-11-29,1.2361339345906914,6.955329118377135e-05,1.2429117722896161
2016-11-30,1.2373722932193354,0.0010017997192625688,1.1747670100154195
2016-12-01,1.2241776670376932,-0.010663424624866113,1.1822743910127547
2016-12-02,1.2262352677748602,0.0016808023807084271,1.2615573023775541
2016-12-05,1.2417983758140427,0.012691779830654639,1.2576536426754985
2016-12-06,1.2492408111204107,0.00599327189608321,1.3586960412674698
2016-12-07,1.275800755879175,0.021260868619032314,1.5505658458383451
2016-12-08,1.2810279903524653,0.0040972185109642845,1.6042904330475027
2016-12-09,1.2861103866790933,0.003967435813193724,1.606587237642695
2016-12-12,1.2794346496061146,-0.005190640820665707,1.7042848027097137
2016-12-13,1.2892387675477441,0.007662851670187062,1.765014565831263
2016-12-14,1.280489355347297,-0.006786494806613349,1.6548992874812591
2016-12-15,1.2919071942670908,0.008916777692929163,1.6281137612948213
2016-12-16,1.2829071613192262,-0.006966470182845038,1.703234781839834
2016-12-19,1.28936438525546,0.005033274527514397,1.84497574056627
2016-12-20,1.303499470411618,0.010962832010717847,1.8691083254705694
2016-12-21,1.300465823543992,-0.002327309628033901,1.8129517120591112
2016-12-22,1.2989814803454232,-0.0011413934697059656,1.7103106169358984
2016-12-23,1.3044175861214393,0.004184898598069717,1.749125808782492
2016-12-27,1.315137877379339,0.008218450419528142,1.8359520145038541
2016-12-28,1.2957380762153445,-0.014751153850615465,1.6627634474184396
2016-12-29,1.289788335452309,-0.004591777360138853,1.6955101493051
2016-12-30,1.2787599235620433,-0.008550559488815744,1.6750599986413446
2017-01-03,1.296342497451534,0.013749706700624259,1.869553697884939
2017-01-04,1.3154569888586638,0.014744939277009598,1.9583595596707475
2017-01-05,1.3120637489228042,-0.002579514164734397,2.1096706773407607
2017-01-06,1.3187530516254158,0.0050983061669858136,2.3813880714287
2017-01-09,1.314897255028713,-0.0029238200373833136,2.4475557537984765
2017-01-10,1.3214926678033008,0.0050159149312724895,2.500377694799301
2017-01-11,1.328928376053107,0.0056267495317749465,2.5235271740077185
2017-01-12,1.3192884193268546,-0.007253932491744091,2.703306479648823
2017-01-13,1.3279530253565834,0.006567635933732952,2.6309402541284936
2017-01-17,1.3053175094238993,-0.017045419152989995,2.692511384693927
2017-01-18,1.3124192508792907,0.005440623759445168,2.759663723428602
2017-01-19,1.3194871674335253,0.005385410606785375,2.8743656293044983
2017-01-20,1.32536509855341,0.004454708817909602,2.8379086549542714
2017-01-23,1.3242109375536808,-0.0008708249530554993,2.7333388105597427
2017-01-24,1.3480556569268165,0.01800673797271761,2.9646910566378275
2017-01-25,1.3672672996969326,0.014251372093874271,2.978874267782583
2017-01-26,1.3624708982928364,-0.0035080202716464078,3.015302669028445
2017-01-27,1.367995730440142,0.0040550092880721955,2.995046154679336
2017-01-30,1.3548880424110663,-0.009581673200733233,2.8023054407670656
2017-01-31,1.3537653459732966,-0.0008286267223761929,2.7824819843405755
2017-02-01,1.3653902689172814,0.008587103354774684,3.005645036999361
2017-02-02,1.3676316285134278,0.0016415523438025863,2.9929184559460658
2017-02-03,1.3849258165213156,0.012645355406620902,3.020246759467238
2017-02-06,1.3901502211818346,0.0037723353830184424,3.208683432331456
2017-02-07,1.3891495991584437,-0.0007197941691079006,3.382744815180655
2017-02-08,1.3928572492381883,0.002669007054381038,3.4136872274125425
2017-02-09,1.403695955705307,0.0077816348179591335,3.479199723594943
2017-02-10,1.4082121868503008,0.0032173855931105005,3.5679735262515706
2017-02-13,1.4199830417531445,0.00835872250841047,3.5200082603855507
2017-02-14,1.4325138035251221,0.008824585508082353,3.478259173478663
2017-02-15,1.4417165957657219,0.006424225873393767,3.4202213093930074
2017-02-16,1.4358212965217443,-0.004089083292300283,3.4144589402229264
2017-02-17,1.4419070180207627,0.004238495078573439,3.443967293671306
2017-02-21,1.4606111617612447,0.012971809906408772,3.4397214756726306
2017-02-22,1.4592983870695442,-0.0008987845129963515,3.5512748122541105
2017-02-23,1.4522712734746448,-0.004815405579259774,3.4801805430213957
2017-02-24,1.4486454523501908,-0.0024966555427202207,3.4099985459746014
2017-02-27,1.453363707153893,0.0032570114350944247,3.4050731033856536
2017-02-28,1.4424780835832105,-0.0074899514258544705,3.3702207043292294
2017-03-01,1.4744473907791609,0.0221627680585182,3.397599416841189
2017-03-02,1.4562990632366555,-0.012308562283063202,3.235930338689795
2017-03-03,1.4577568682325264,0.0010010340819905687,3.2124946187835626
2017-03-06,1.4508456294151613,-0.004741009264284747,3.1338760780400507
2017-03-07,1.4434421529140704,-0.005102869906342226,3.090424820096118
2017-03-08,1.446366156758259,0.0020257159861138034,3.2214426898007313
2017-03-09,1.448360223107621,0.0013786732633671013,3.1926360395537388
2017-03-10,1.461471431534312,0.009052449948231496,3.256463700950028
2017-03-13,1.4705238193189063,0.006194023084728131,3.2174956917242015
2017-03-14,1.466689549284054,-0.002607417836066242,3.2034580950264475
2017-03-15,1.483388996701695,0.011385809236721488,3.3027707576456797
2017-03-16,1.4876275527819882,0.0028573463128805585,3.275111918636874
2017-03-17,1.4824039924819048,-0.0035113360802675464,3.218648986085213
2017-03-20,1.4809985821354474,-0.0009480616306924654,3.185353664969131
2017-03-21,1.4317002309453617,-0.033287237263254235,2.825130347842351
2017-03-22,1.442613313919221,0.007622463654038252,2.8821196850461637
2017-03-23,1.441736922740441,-0.0006075024889373015,2.958558913184804
2017-03-24,1.4488216013334427,0.0049139884546587406,2.98950514264763
2017-03-27,1.4501287427408753,0.000902210048655672,3.006347704950091
2017-03-28,1.4739626055223787,0.016435687452449974,3.07477408802053
2017-03-29,1.481481845452075,0.005101377675067658,3.089111192464243
2017-03-30,1.4953906502824883,0.009388440953975376,3.1569818903172644
2017-03-31,1.4893758319690082,-0.004022238812542966,3.1119636372391457
2017-04-03,1.4869751452097257,-0.001611874389091355,3.1310655027274876
2017-04-04,1.4854151898219046,-0.0010490796654178164,3.1609888339481946
2017-04-05,1.4693883809227506,-0.010789447293234979,3.009975809749962
2017-04-06,1.4759905574990708,0.004493146034116655,3.125133451725916
2017-04-07,1.4719467871875316,-0.0027396993097239418,3.076723098710506
2017-04-10,1.469163020863897,-0.0018912139676961043,3.0603980218017943
2017-04-11,1.4629597922134827,-0.004222287494526516,2.9784306571055827
2017-04-12,1.444905205315335,-0.01234113677918019,2.794635901881356
2017-04-13,1.4290292933772664,-0.010987511069699486,2.7018616771030044
2017-04-17,1.4544892150417155,0.017816234966239776,2.814876540562475
2017-04-18,1.4465982805361528,-0.005425227237134448,2.7461482624292692
2017-04-19,1.4517362540077297,0.0035517624628119797,2.759387453678917
2017-04-20,1.479425269126481,0.01907303412883152,2.835135264344416
2017-04-21,1.4712709599930724,-0.0055118087432853465,2.8276617202087655
2017-04-24,1.495846988422466,0.01670394447907095,2.8774007138228437
2017-04-25,1.5203038654605523,0.016349852108790027,3.0202775232962056
2017-04-26,1.5224750944817913,0.001428154641033691,3.003109884370899
2017-04-27,1.5181817968475502,-0.0028199460535033184,2.9412630160822952
2017-04-28,1.5130976553616677,-0.003348835756323478,2.9845570274830537
2017-05-01,1.5291069516846936,0.010580477913171623,3.0955689396161246
2017-05-02,1.520996572973242,-0.005303997017681512,3.0237251865460246
2017-05-03,1.523616293476245,0.0017223710753549095,3.1436985041731824
2017-05-04,1.5172590723513317,-0.0041724554614789595,3.1773740818866174
2017-05-05,1.5339543355110683,0.011003567857309694,3.257118235192867
2017-05-08,1.5342251428843137,0.00017654200452779328,3.236537249370993
2017-05-09,1.5395337950282602,0.0034601519656798007,3.295792773578442
2017-05-10,1.5563270056597838,0.010907984407848155,3.291849023725749
2017-05-11,1.5495588752793097,-0.00434878425668948,3.2773523730262224
2017-05-12,1.5507239937266275,0.0007519033099713055,3.3218384336669944
2017-05-15,1.56505131878858,0.009239119998086682,3.402390045990603
2017-05-16,1.5732146481917224,0.005216013880913058,3.3684074190526254
2017-05-17,1.5047719496709122,-0.043504996981485876,2.9340057291437716
2017-05-18,1.52276174003364,0.011955160625277557,2.971431406054405
2017-05-19,1.5344516199936764,0.007676762327754679,3.0358313355687887
2017-05-22,1.5465040072359004,0.007854524108276336,3.0027699042232845
2017-05-23,1.5489045966881645,0.001552268497871312,3.0003728089031036
2017-05-24,1.551597155685508,0.0017383633589187371,2.9265412329463167
2017-05-25,1.5621486185890545,0.006800388145133566,2.8965001224002553
2017-05-26,1.5688487340810537,0.004289038451444403,2.904899034463986
2017-05-30,1.572613254191071,0.0023995430714498557,2.874678390608119
2017-05-31,1.570769768435318,-0.0011722435575561422,2.848460008478275
2017-06-01,1.5801943651436694,0.0059999860563521796,2.897377746950328
2017-06-02,1.5922460804070575,0.007626729679100202,2.9306650672526486
2017-06-05,1.5950404126065074,0.0017549625235914897,2.9845016172776067
2017-06-06,1.5915602475715083,-0.0021818663699637356,2.912048844764846
2017-06-07,1.5983380014541213,0.0042585594186301135,2.9233012508055376
2017-06-08,1.610072275109054,0.007341547059668951,2.961678769038624
2017-06-09,1.5810574894881684,-0.018020796997402083,2.8406028905447998
2017-06-12,1.5764601486930263,-0.0029077632064033365,2.951946690390709
2017-06-13,1.586246546289927,0.006207830629282969,3.058249724641445
2017-06-14,1.574549598875004,-0.007373978176520519,3.0471185004481445
2017-06-15,1.5589190613159816,-0.009926989642111136,2.9519739820300317
2017-06-16,1.5546603040407043,-0.0027318655477097447,2.910680052398655
2017-06-19,1.5833686547300114,0.018465995828600864,3.003952683417348
2017-06-20,1.560587763566564,-0.014387610298709603,2.8445336853700893
2017-06-21,1.5687488543747232,0.005229498140821016,2.8422137223165134
2017-06-22,1.5735486866585018,0.0030596562798394233,2.9331418011176478
2017-06-23,1.5811790272541626,0.004849129016696718,2.842224709906749
2017-06-26,1.5797403400573802,-0.0009098825445976091,3.290847003846955
2017-06-27,1.5518856414052478,-0.017632453857018487,3.364683199077693
2017-06-28,1.579211595770455,0.017608226815258782,3.3585722965766176
2017-06-29,1.5581934506211255,-0.013309264702476559,3.1374479069073735
2017-06-30,1.5605402859892004,0.0015061258068692362,3.0772481697796934
2017-07-03,1.5580015390876227,-0.001626838425365159,3.0714598713512173
2017-07-05,1.5591427387657713,0.0007324766051365672,3.1672933429111403
2017-07-06,1.5374215542929603,-0.013931491923571748,3.0063512326141018
2017-07-07,1.5536912859441014,0.010582479220296473,3.0475399274169837
2017-07-10,1.5668656231212623,0.00847937894506205,3.0051403187676304
2017-07-11,1.5729892337994256,0.003908191352086029,2.9858166488788114
2017-07-12,1.5890485883764192,0.010209449773666697,2.968409103019996
2017-07-13,1.5937314230880424,0.002946942432017008,2.979922349415363
2017-07-14,1.605914338865183,0.007644271550807989,2.9728355464672713
2017-07-17,1.603827671124167,-0.0012993642876932333,2.981627455144254
2017-07-18,1.6128068054014428,0.0055985655060945185,2.9717394303044253
2017-07-19,1.621645061835479,0.005480046589855582,3.0349406364133866
2017-07-20,1.6260745265488454,0.0027314637571508593,3.007856988950619
2017-07-21,1.620773289020581,-0.0032601442564355637,3.028298662909337
2017-07-24,1.6230876921391104,0.0014279622783813658,2.989501380308843
2017-07-25,1.6391055147417661,0.009868735176930278,3.0351404551842203
2017-07-26,1.6431593945302023,0.0024732268618319737,3.024631041969818
2017-07-27,1.6384995960051734,-0.002835877359518855,3.0086368252817124
2017-07-28,1.6345807814015432,-0.0023917092278720672,2.9988715107829664
2017-07-31,1.6246514630215232,-0.006074535130350818,2.9331905977044985
2017-08-01,1.6340867964416137,0.005807604667737583,2.9947497619776846
2017-08-02,1.6266794360714085,-0.0045330274905442175,3.0436785489682348
2017-08-03,1.6194431764917763,-0.004448485312575522,2.962724202184419
2017-08-04,1.6393917329957737,0.012318157743090561,3.0255859192241106
2017-08-07,1.6492817117069156,0.006032712323777016,2.9857445281221384
2017-08-08,1.64008383304939,-0.005576899684412432,2.942959930809455
2017-08-09,1.6360474908431304,-0.0024610584684290164,2.924431440530175
2017-08-10,1.5900246236031237,-0.028130520353225837,2.6935816591058757
2017-08-11,1.5958826079529227,0.0036842098309926674,2.680768650287376
2017-08-14,1.62618363178754,0.018987000474605754,2.7911296668590264
2017-08-15,1.625309341201229,-0.0005376333700702613,2.744121595829527
2017-08-16,1.6298029631975668,0.0027647795299182154,2.7883915044243226
2017-08-17,1.5871092989682472,-0.026195598605096043,2.5518986355149766
2017-08-18,1.5843820675479037,-0.0017183639602618304,2.5005655371317057
2017-08-21,1.583382957766727,-0.0006305990213099553,2.484812889673114
2017-08-22,1.6117868200349101,0.017938719201730582,2.6002794736943082
2017-08-23,1.6115177185350635,-0.00016695849382908928,2.5799911834641236
2017-08-24,1.6100400491189761,-0.0009169427050610143,2.621484115141611
2017-08-25,1.6122457005393025,0.0013699357488240079,2.6202145486343635
2017-08-28,1.6124141869249249,0.0001045041618445409,2.6031712214256872
2017-08-29,1.613637254563915,0.0007585319261689261,2.5821871357619846
2017-08-30,1.6326564194909237,0.011786518235877414,2.669666633794331
2017-08-31,1.6437527792017772,0.006796506342904405,2.7215550250167277
2017-09-01,1.6558971523564863,0.007388199313406935,2.7637978033252883
2017-09-05,1.6355092467279964,-0.01231230188389183,2.645038416696023
2017-09-06,1.645717859651323,0.006241855827932457,2.65576024488034
2017-09-07,1.643297406000811,-0.0014707585728120196,2.6426742642690217
2017-09-08,1.6211850064398479,-0.013456115417827302,2.554127927241595
2017-09-11,1.6555097692233076,0.021172637698419,2.845200421605398
2017-09-12,1.670494779704569,0.00905159894543651,2.8143595283237297
2017-09-13,1.6773126511925027,0.004081348574545798,2.9432227473642687
2017-09-14,1.6754529798562414,-0.0011087207474045442,2.927681616803372
2017-09-15,1.6843665982138263,0.005320124446792534,2.90093460924045
2017-09-18,1.6958600007052653,0.0068235754043252704,2.9587978236396757
2017-09-19,1.7021871335043883,0.003730928730255713,2.9857801543020743
2017-09-20,1.7054623569774117,0.001924126559622388,3.0026700320350903
2017-09-21,1.6991566246017034,-0.003697374116708153,2.922679572431358
2017-09-22,1.704902343603488,0.0033815122859151923,2.910394679804355
2017-09-25,1.686793461201748,-0.010621653767842848,2.8548798424137196
2017-09-26,1.6880251631883305,0.000730203202059443,2.9507588499684005
2017-09-27,1.7112188080487905,0.013740106111126882,2.9675180424293837
2017-09-28,1.7156507385531587,0.002589926246440687,2.9404912238443357
2017-09-29,1.7295485892648033,0.008100629341007316,3.0723250684415455
2017-10-02,1.73842201641542,0.005130487345480386,3.033013132957424
2017-10-03,1.7502317472846545,0.006793362461887007,3.078368384382382
2017-10-04,1.743017931976957,-0.004121634360072191,3.070960808764583
2017-10-05,1.7586110708726792,0.008946057644992834,3.064214112723479
2017-10-06,1.7632186445365035,0.0026200071978040077,3.086567457410569
2017-10-09,1.7581553387403475,-0.0028716267332160096,3.10059696420985
2017-10-10,1.7648293261233303,0.003796016902445366,3.116317075875091
2017-10-11,1.7734031436830742,0.004858156781980341,3.2911717678271644
2017-10-12,1.7608691567629167,-0.00706775950229033,3.2359354736593584
2017-10-13,1.769623989105816,0.004971881249254088,3.347364007659237
2017-10-16,1.77884488398187,0.005210652055362885,3.3538693913955404
2017-10-17,1.7795519627302625,0.0003974932017735141,3.422526907419213
2017-10-18,1.78401292420037,0.0025067891039625926,3.3479853346857085
2017-10-19,1.7809780275100404,-0.0017011629507615918,3.279740392030815
2017-10-20,1.795615187867447,0.008218608052043358,3.3393944975736196
2017-10-23,1.7867372526518626,-0.004944230409483351,3.3111149153695854
2017-10-24,1.798862512163735,0.006786257740961124,3.282593908457899
2017-10-25,1.7618806497780815,-0.02055847077560724,3.0900132375779323
2017-10-26,1.7728166482237524,0.006207002981188515,3.1594022400523474
2017-10-27,1.796855204691453,0.01355952771076782,3.2516863864550065
2017-10-30,1.7854625985933696,-0.0063403028070031855,3.229782530103096
2017-10-31,1.791045013974262,0.0031265932903272015,3.2328224326711017
2017-11-01,1.786239225117995,-0.0026832317550763416,3.287467664452522
2017-11-02,1.7903759444742116,0.00231588204874589,3.3899699998761745
2017-11-03,1.7982099156782918,0.004375601240766831,3.477199825860725
2017-11-06,1.8007640314263267,0.0014203657347042192,3.493502714326538
2017-11-07,1.7897130214531378,-0.006136845128140333,3.2967687735965803
2017-11-08,1.793094933965824,0.0018896395523456907,3.27845164143073
2017-11-09,1.7778312102835139,-0.008512501704832247,3.0974157481079994
2017-11-10,1.7878277217969814,0.005622868726594914,3.1214442719232465
2017-11-13,1.7901228901711144,0.001283774910832085,3.0346964224837594
2017-11-14,1.7795755519105805,-0.005891963238080055,2.9835398656083862
2017-11-15,1.7701358725577183,-0.005304455516219942,2.858993655790089
2017-11-16,1.8131545044466235,0.024302446244844726,2.9866556686300196
2017-11-17,1.8243604767711956,0.00618037365105428,2.9571917961748033
2017-11-20,1.839771664241807,0.00844744647060457,3.0222907546590956
2017-11-21,1.858615694765621,0.010242591996643199,3.0129024529357475
2017-11-22,1.854192707032978,-0.002379721501921696,2.947901618481545
2017-11-24,1.8641650369440408,0.005378259699349165,2.969485700828408
2017-11-27,1.8445809566241316,-0.01050555070596851,2.8537976734347086
2017-11-28,1.8818399818627438,0.02019918133970233,3.0278185879716344
2017-11-29,1.8532296313938497,-0.015203391757344824,2.9003271565068585
2017-11-30,1.8670323846573682,0.007447945483764626,2.942948475062481
2017-12-01,1.857616454817565,-0.005043260051180756,2.9899464016208186
2017-12-04,1.8439198869604436,-0.007373194731130105,2.9207984814707935
2017-12-05,1.8276069431285122,-0.008846883179302257,2.7713892781284954
2017-12-06,1.8264008352721066,-0.0006599383204033723,2.725925388278167
2017-12-07,1.851248275966883,0.013604593370148386,2.6884682662240666
2017-12-08,1.8654132519424453,0.00765158091405344,2.711368425538192
2017-12-11,1.8874979156511817,0.011839019416067622,2.7598263124754547
2017-12-12,1.8903502233289777,0.0015111580543451966,2.809907468011727
2017-12-13,1.8934197723201525,0.0016237990999197025,2.770095875236579
2017-12-14,1.8850649510694284,-0.0044125562502635935,2.789089732909201
2017-12-15,1.9174638282676122,0.01718714104774136,2.833951342619578
2017-12-18,1.960775413922185,0.022587954471977503,3.0139042037215202
2017-12-19,1.946470866712785,-0.007295352189665726,2.9235923303742535
2017-12-20,1.9438272510569097,-0.0013581583475430566,2.843656852432386
2017-12-21,1.9426733257126756,-0.0005936357480360812,2.856405702961278
2017-12-22,1.9375157553919888,-0.002654882965871115,2.8451850481264644
2017-12-26,1.9261763827956728,-0.005852531812842948,2.772368220586288
2017-12-27,1.924818405015178,-0.0007050121643190047,2.713141297780479
2017-12-28,1.9319334345111927,0.0036964679252215705,2.859017909851405
2017-12-29,1.9008448033161705,-0.01609197845001745,2.7604669369527985
2018-01-02,1.9652857953561598,0.03390123797985357,2.988222950608353
2018-01-03,1.9987275346470352,0.017016221950973354,3.004222813868918
2018-01-04,2.0222806173986756,0.011784038766344401,2.988861662579783
2018-01-05,2.0525877890848228,0.014986630156764415,3.0968232784736505
2018-01-08,2.069298148260484,0.008141117892507616,3.115288962857364
2018-01-09,2.0592235161229944,-0.004868622796554934,3.1006037114799163
2018-01-10,2.0601161071417344,0.00043345999681509924,3.0702966574580355
2018-01-11,2.088549096049105,0.013801643901915555,3.116286342564383
2018-01-12,2.1029299193774786,0.006885556751132937,3.215550764298913
2018-01-16,2.0908850234134198,-0.0057276734964256445,3.1302629601686696
2018-01-17,2.125563294976113,0.016585451220115347,3.367444011330882
2018-01-18,2.124514035273567,-0.0004936384181200012,3.3278566852478857
2018-01-19,2.1468203956325156,0.010499511882996946,3.3576990480767486
2018-01-22,2.175069567921196,0.013158609982535348,3.4071924154254725
2018-01-23,2.196336458735279,0.009777568096090407,3.4747165186684055
2018-01-24,2.192462007206229,-0.0017640519118283103,3.3603259054365635
2018-01-25,2.1823788614190347,-0.004599005936729036,3.2411360553780018
2018-01-26,2.231924061712305,0.022702382784744544,3.387557802290112
2018-01-29,2.2157010771751127,-0.007268609544334747,3.305591884963645
2018-01-30,2.1709311374244544,-0.020205767019681787,3.2088754617558046
2018-01-31,2.185530347667852,0.006724861047742597,3.2579312927100235
2018-02-01,2.1682046771877888,-0.007927444475228187,3.144681516765995
2018-02-02,2.0978406297917043,-0.032452677616832876,2.8460873647227882
2018-02-05,2.0016039202650213,-0.04587417564519118,2.3644407118101007
2018-02-06,2.050883206988402,0.024619899184078493,2.4687497912874705
2018-02-07,2.0362730698300564,-0.007123826997345199,2.426255429088245
2018-02-08,1.966614529257249,-0.034208840457051755,2.1496103641411533
2018-02-09,1.9946619584940624,0.014261782784349955,2.1835368694489112
2018-02-12,2.0221147489790603,0.013763129320280747,2.2405979477837943
2018-02-13,2.029446173366776,0.0036256223299975755,2.214088631921345
2018-02-14,2.066944501495562,0.018477123769475166,2.2622039554518856
2018-02-15,2.0885334598139265,0.010444865985876045,2.2838305431373387
2018-02-16,2.081791527883981,-0.0032280698680049232,2.289295036698225
2018-02-20,2.078230648180602,-0.0017104881327855168,2.2538973272332425
2018-02-21,2.0646973500165022,-0.006511932723130583,2.1409498980565713
2018-02-22,2.06702973900076,0.0011296517546452267,2.1531953781965427
2018-02-23,2.0945082089392777,0.013293698402133871,2.2567362236685247
2018-02-26,2.1179547239959886,0.01119428176821747,2.3347267430268186
2018-02-27,2.097183141865544,-0.009807377794769194,2.252442402763544
2018-02-28,2.085606616184561,-0.0055200356372716135,2.2653254859263128
2018-03-01,2.062907852239457,-0.010883530848511451,2.080117481991308
2018-03-02,2.0776438497826737,0.007143313516025187,2.2016856067791504
2018-03-05,2.0991895479851412,0.010370255809108548,2.254329817717186
2018-03-06,2.1088452658977634,0.004599736084761826,2.3110863314859285
2018-03-07,2.1101903491241116,0.0006378292651904981,2.347044228993694
2018-03-08,2.1154112895602672,0.002474156152937952,2.3496885308195283
2018-03-09,2.142394675819247,0.01275562175173456,2.4120995715149145
2018-03-12,2.1490292626874523,0.0030968088854442495,2.3789585851062247
2018-03-13,2.1324420640624098,-0.007718461034029702,2.2936148667760228
2018-03-14,2.1287507233405427,-0.0017310391611930057,2.2990832087384954
2018-03-15,2.127882243948317,-0.00040797608790121067,2.232725518183179
2018-03-16,2.1264779281112536,-0.0006599593755987228,2.211692426527501
2018-03-19,2.0979165129383577,-0.013431324536843136,2.1452080158001934
2018-03-20,2.1007352685372767,0.0013435976034008425,2.1590112758728988
2018-03-21,2.1072831256865427,0.003116935887797685,2.4270055383697393
2018-03-22,2.065358822155115,-0.01989495527221534,2.2429395029938357
2018-03-23,2.025192934249446,-0.019447413918980735,2.113201236102823
2018-03-26,2.0617735681732414,0.018062789626190734,2.1814119105824803
2018-03-27,2.02298541537298,-0.018813003231304668,2.0495921419404923
2018-03-28,2.0087089591872855,-0.007057122645178392,1.9163267057569293
2018-03-29,2.0342191916816046,0.012699815161197111,1.9573072917146022
2018-04-02,1.9980306329561273,-0.017789901340750685,1.7877120429770852
2018-04-03,2.014554748824554,0.00827020146531921,1.859174475576947
2018-04-04,2.0327080396616273,0.009011068499213315,1.9198143575654263
2018-04-05,2.0412005222962817,0.004177915602709066,1.9503720770070503
2018-04-06,2.0103617593923198,-0.015108149624255999,1.9209893949909167
2018-04-09,2.0150074193591716,0.0023108577076476344,1.9085216491740706
2018-04-10,2.046755569936392,0.015755847979615305,2.010168441504514
2018-04-11,2.040553092829504,-0.003030394639200005,2.0032272845127435
2018-04-12,2.054500957840001,0.006835335507568656,2.0677713037078935
2018-04-13,2.0452633971244127,-0.004496255248914655,2.1190915950478724
2018-04-16,2.051759907288199,0.0031763684681983093,2.20765911847945
2018-04-17,2.071086409599548,0.009419475564708228,2.1660360183576617
2018-04-18,2.074139786844554,0.0014742877124072967,2.2084460711922933
2018-04-19,2.0664180247396513,-0.0037228744918154214,2.1647628724470476
2018-04-20,2.059903367712543,-0.00315263269537596,2.044279541041
2018-04-23,2.054475532925613,-0.002634994860442027,2.0624290100005584
2018-04-24,2.0359806950875483,-0.00900221859139299,1.9146310238417967
2018-04-25,2.0345710866161832,-0.0006923486429740934,1.8207354613200162
2018-04-26,2.061251176611482,0.01311337321699184,1.8856187072501267
2018-04-27,2.062008623253826,0.00036746935596147843,1.9050888302938171
2018-04-30,2.051516578438216,-0.0050882642765351935,1.894113929722668
2018-05-01,2.0565827938651378,0.0024694976780440148,1.8487244346937768
2018-05-02,2.0487308857797513,-0.0038179392090652185,1.8581324321982717
2018-05-03,2.047809939532176,-0.0004495203611015116,1.8451218989078093
2018-05-04,2.064735127854113,0.00826501912858354,1.9184693865937077
2018-05-07,2.0746683153768637,0.004810877380225812,1.8843733402744063
2018-05-08,2.079618031605489,0.002385786774656524,1.8975320276583891
2018-05-09,2.097176026122407,0.008442893959408008,1.925625039796726
2018-05-10,2.1137839488879724,0.007919183968678512,1.9094795627423982
2018-05-11,2.1145518611647445,0.0003632879685627537,1.9386152639040826
2018-05-14,2.118103281100004,0.0016795142273328643,1.9441497745027982
2018-05-15,2.1086092667656593,-0.004482318883625924,1.8633645205113556
2018-05-16,2.121161045014327,0.00595263354216429,1.867545460541754
2018-05-17,2.1151179446214123,-0.0028489587846799325,2.1889774419865056
2018-05-18,2.105461682715246,-0.004565353875759687,2.0898398827544407
2018-05-21,2.1171400504379667,0.005546701618269325,2.077538800037178
2018-05-22,2.113068366140866,-0.001923200260775702,2.018185113995539
2018-05-23,2.121365264079012,0.003926469238332659,2.032643209616294
2018-05-24,2.1205500111084765,-0.00038430579794066926,2.0193768987565943
2018-05-25,2.120699330894616,7.041559282138822e-05,1.9787463574881665
2018-05-29,2.1076782664379796,-0.006139986120117949,1.9123698689420867
2018-05-30,2.1286736966860182,0.009961401881095141,1.9564417625607768
2018-05-31,2.1164000573690736,-0.0057658622531263715,1.9264065505794519
2018-06-01,2.1428896895620753,0.012516363388277022,1.962797789694272
2018-06-04,2.1548940635651164,0.005601956116319858,1.9511051608478154
2018-06-05,2.162059423187831,0.003325156323861449,1.9606515321521485
2018-06-06,2.181183282189789,0.00884520508403084,2.026999682428609
2018-06-07,2.1720062222045398,-0.004207376821647058,1.9739634285983971
2018-06-08,2.1788145697498105,0.0031345893375757557,1.9492581291180557
2018-06-11,2.181422616004766,0.0011970023934873546,2.082701863044396
2018-06-12,2.186863691487465,0.0024942784780805625,2.1169625974874835
2018-06-13,2.18113830019864,-0.002618083290289838,2.062410910363986
2018-06-14,2.185089457143807,0.001811511422639768,2.1226372719366706
2018-06-15,2.182843972991937,-0.0010276394609515607,2.1832260726576185
2018-06-18,2.1816423318043037,-0.0005504933941687899,2.197409959021686
2018-06-19,2.173323173908275,-0.003813254709422871,2.0690609970827682
2018-06-20,2.176493660664697,0.0014588197441067193,2.1791684210778444
2018-06-21,2.165890844355618,-0.004871512607962792,2.1144599689255537
2018-06-22,2.1650944389241342,-0.0003677034018399756,2.0928580706492417
2018-06-25,2.125222017179268,-0.01841601965625071,1.9318440663075225
2018-06-26,2.1372310134799797,0.005650701998961293,1.9723275760545476
2018-06-27,2.1129527738524407,-0.011359670281036965,2.019401460757745
2018-06-28,2.1269060764493655,0.006603698279296676,1.9595380579389992
2018-06-29,2.124943221961176,-0.0009228684378326661,2.0461706600481535
2018-07-02,2.136412552533953,0.005397476249831873,2.0701296614011824
2018-07-03,2.1150828018391725,-0.009983910022191837,2.0124149510473957
2018-07-05,2.137292606358397,0.010500678507674372,2.070648370177497
2018-07-06,2.1669793551949517,0.013889885151072649,2.2496081352258672
2018-07-09,2.1974746559984615,0.014072723272790987,2.268216543706572
2018-07-10,2.2041521853145696,0.0030387287051891585,2.2359954951871965
2018-07-11,2.1820894101397026,-0.01000964240212761,2.1428449684217927
2018-07-12,2.1999925771927473,0.00820459829457597,2.131548987498026
2018-07-13,2.189809756201743,-0.004628570612723646,2.082438994914929
2018-07-16,2.1959778284670763,0.002816716040224429,2.053574596376381
2018-07-17,2.2145156150011127,0.008441700227445751,2.113135623955658
2018-07-18,2.223612718023458,0.004107942595085629,2.1041855027757084
2018-07-19,2.2063925564595612,-0.007744226961970111,2.018300447396917
2018-07-20,2.1999363590997807,-0.0029261326779222124,1.982100473739642
2018-07-23,2.2072106392716573,0.0033065866391032038,2.024057102266248
2018-07-24,2.208839386776049,0.0007379211913048338,2.019704783070991
2018-07-25,2.229383665938515,0.00930093844100247,2.0165090495185733
2018-07-26,2.2311242674876723,0.0007807545985696704,2.005906383386375
2018-07-27,2.22078861578958,-0.004632485894535462,1.9938912598356726
2018-07-30,2.201749517155225,-0.008573125104743904,1.9517939941964941
2018-07-31,2.1990037731812584,-0.0012470737259496142,1.9839672525737269
2018-08-01,2.1915325320232686,-0.0033975572252799924,1.926078047355099
2018-08-02,2.2240341015107905,0.014830521113695573,2.0417310914066134
2018-08-03,2.234918866058402,0.004894153619414843,2.101128807582408
2018-08-06,2.2548277998344877,0.008908123725850588,2.0823420070742658
2018-08-07,2.269727860616756,0.0066080703738715324,2.0857175754450012
2018-08-08,2.273565614742255,0.0016908432909906847,2.133343044268657
2018-08-09,2.2631885647172982,-0.004564218405516831,2.119273819295454
2018-08-10,2.2420613652578325,-0.009335147671225787,2.2714479715103195
2018-08-13,2.223001511063437,-0.00850104037727961,2.1896308645761553
2018-08-14,2.2405914682419312,0.007912705902786055,2.130750709828666
2018-08-15,2.2028241005692966,-0.01685598120315463,2.0129326543965047
2018-08-16,2.2192895213541948,0.0074746870531529,2.041377646353205
2018-08-17,2.2151108466140315,-0.0018828885100191093,2.229691089363507
2018-08-20,2.2258690446149747,0.004856731218389275,2.2719893590288867
2018-08-21,2.2496046086400034,0.010663504253519219,2.3408863078443587
2018-08-22,2.2550880568041363,0.0024375164164726123,2.2538186948218453
2018-08-23,2.2518971407672503,-0.0014149851165492658,2.245481528813131
2018-08-24,2.2847743882454528,0.014599799823450678,2.3377053715507485
2018-08-27,2.3180039526710496,0.014543914968827586,2.414127655195306
2018-08-28,2.325369949505644,0.0031777326462737922,2.4338424705883184
2018-08-29,2.339211326992045,0.005952333515509489,2.4662603013526248
2018-08-30,2.3222161891093376,-0.007265328141413015,2.345246937361459
2018-08-31,2.3212627545854936,-0.00041057095731020113,2.300106079986315
2018-09-04,2.314062926993629,-0.0031016857430904415,2.2333346617871404
2018-09-05,2.28657806084757,-0.011877320113228857,2.236677422956601
2018-09-06,2.2491921748443167,-0.016350146379606086,2.07883482805243
2018-09-07,2.2487205406611293,-0.00020969047841371455,2.0871351421202267
2018-09-10,2.26863609066727,0.008856391733000952,2.2373977584651787
2018-09-11,2.2754998570674325,0.0030255034857279662,2.138135363389751
2018-09-12,2.2762833832517417,0.00034433145837194865,2.084354877495997
2018-09-13,2.2838669638613656,0.0033315626100957705,2.0796539618598
2018-09-14,2.295056146847865,0.004899227128178143,2.1182752755917513
2018-09-17,2.2723413939691692,-0.009897253672810207,2.0150659187992916
2018-09-18,2.296299870670338,0.010543519897474308,2.036766781771614
2018-09-19,2.3091878448690664,0.005612496156682752,2.04837145166767
2018-09-20,2.3369016159929275,0.012001523039990244,2.1084187539649437
2018-09-21,2.3246464607914707,-0.005244189621671132,2.097677057016884
2018-09-24,2.312840513470715,-0.005078599055761962,2.041672222411801
2018-09-25,2.3114466749316724,-0.0006026522498737722,2.112194899916884
2018-09-26,2.2923005736288604,-0.008283168074114429,2.050136252377048
2018-09-27,2.297395154829771,0.00222247521093867,1.982341868608122
2018-09-28,2.2839001688926213,-0.005874037780910168,1.925710648616812
2018-10-01,2.308272226343223,0.010671244646572714,1.9406026972184067
2018-10-02,2.297663955665676,-0.0045957623873302215,1.8771771317748163
2018-10-03,2.318524923230085,0.009079207389300544,1.8906987400066653
2018-10-04,2.2818791984560125,-0.01580562037824413,1.8057085707951959
2018-10-05,2.2374817878001276,-0.01945651228422844,1.6118325896235284
2018-10-08,2.218844585097173,-0.008329543866937253,1.5395483221248036
2018-10-09,2.207405103118937,-0.0051556030805713395,1.5243429851333832
2018-10-10,2.1011163345509605,-0.04815100246791884,1.1407999163692002
2018-10-11,2.0525349978245506,-0.02312167866554257,0.9614854135963345
2018-10-12,2.0934807006928247,0.019948845165452336,1.1174237753959484
2018-10-15,2.0847583455935883,-0.004166436832376704,1.0627606890634969
2018-10-16,2.1383438509076695,0.02570346123201349,1.1725544935382066
2018-10-17,2.1380047216924147,-0.00015859433229653327,1.1692551986395465
2018-10-18,2.094878271535429,-0.020171354029025576,1.0275721266444677
2018-10-19,2.0768614399268457,-0.00860041934340059,0.9857698437189361
2018-10-22,2.078726313417603,0.0008979286990003828,0.9438433907690079
2018-10-23,2.0752775870344715,-0.0016590574530523333,0.9635209089524776
2018-10-24,1.9885461006849494,-0.041792715775174794,0.6591805136624218
2018-10-25,2.0352698604788655,0.023496442842246557,0.9087769686953093
2018-10-26,2.0030413692688303,-0.015834996545594362,0.7804636704184099
2018-10-29,1.9842620909944724,-0.009375382137620474,0.6513351429072425
2018-10-30,2.0171045085761965,0.016551451408953824,0.7785002627964928
2018-10-31,2.0553882658104943,0.01897956058871771,0.8635181948563949
2018-11-01,2.0875869548903156,0.015665502044269246,0.9634017910689509
2018-11-02,2.0773542876441664,-0.004901672345757133,0.9225571074833379
2018-11-05,2.0712914836742025,-0.002918521893942066,0.881729328461894
2018-11-06,2.080608764304594,0.0044982952442134995,0.8987635656998288
2018-11-07,2.112896935163224,0.01551861715310115,1.0172397493235874
2018-11-08,2.10255834365753,-0.004893088410341775,0.9789108098188751
2018-11-09,2.080149063507098,-0.010658101459125125,0.9662730591239901
2018-11-12,2.041540150042203,-0.018560647475811674,0.826990093808491
2018-11-13,2.0481981273665895,0.0032612522091463652,0.8378745931531031
2018-11-14,2.0391239046901353,-0.0044303441914192295,0.8462014170447926
2018-11-15,2.063677296125157,0.012041147366546396,0.94107065109526
2018-11-16,2.0556013618163993,-0.003913370721246663,0.7913378804790772
2018-11-19,2.0220796921019564,-0.016307475922676964,0.6631099706045236
2018-11-20,1.9970297880398824,-0.012388188338924721,0.5463124909838347
2018-11-21,2.0064876552955675,0.004735967040816228,0.5163397400998287
2018-11-23,1.998050183054893,-0.004205095515243437,0.5060803148329522
2018-11-26,2.0310480928065417,0.01651505554339841,0.5659674183229754
2018-11-27,2.0365507180687796,0.0027092540455968227,0.6403286762914868
2018-11-28,2.072202795287607,0.017506108196822037,0.6263349713370123
2018-11-29,2.068846946357047,-0.0016194597064493534,0.7044974894251995
2018-11-30,2.0805312554023305,0.005647739706341171,0.6946862248599553
2018-12-03,2.1041833730791675,0.011368306828086119,0.7852524380123508
2018-12-04,2.048583435581763,-0.026423522877686248,0.6721411129982073
2018-12-06,2.0477999972368677,-0.00038242930763171323,0.7198041932258471
2018-12-07,2.0116856603656736,-0.017635675808147205,0.6228931453207878
2018-12-10,2.01689708338269,0.0025905752174366775,0.5637724964653025
2018-12-11,2.017166034921388,0.00013334916338292202,0.5227446011025693
2018-12-12,2.0276548031780917,0.005199754544306848,0.48691784001214267
2018-12-13,2.026925458029239,-0.00035969887364934057,0.47658517498250885
2018-12-14,2.0030790450025227,-0.011764819930724878,0.40171087990464105
2018-12-17,1.9784457834960105,-0.012297698170209318,0.3574914612141016
2018-12-18,1.9802385117665395,0.0009061295919675293,0.269071878269837
2018-12-19,1.9585048970731451,-0.01097525099337967,0.08406029193331323
2018-12-20,1.9385078395207496,-0.01021036893105541,0.06780068440948507
2018-12-21,1.9122852094288831,-0.013527224165546503,0.00020067365166131593
2018-12-24,1.876895744652753,-0.018506373736321156,-0.0985132893671362
2018-12-26,1.9309111659952864,0.028779127181902685,0.07379709158614689
2018-12-27,1.9363361672581303,0.002809555073470984,0.12099661220285855
2018-12-28,1.939699461837784,0.0017369373337772086,0.13429012034298343
2018-12-31,1.9479290806636318,0.004242728828748795,0.1372560846309963
2019-01-02,1.9589955575702063,0.005681149799767902,0.25669829243539116
2019-01-03,1.9314564277118398,-0.014057780658024531,-0.005421043059843265
2019-01-04,1.9719665004046123,0.0209738475647437,0.016475903234172824
2019-01-07,1.9874808321107162,0.00786744181654225,-0.005187799706225259
2019-01-08,1.9945263413934275,0.0035449445191524753,-0.0687558299775511
2019-01-09,2.003365435305633,0.004431675696010132,-0.08942427703605438
2019-01-10,2.006358500742808,0.001494018706935981,-0.05407570017766649
2019-01-11,2.009274468023882,0.0014533630355661063,-0.048403373047279506
2019-01-14,2.004617967321189,-0.002317503545084446,-0.13842700825170054
2019-01-15,2.011689591959891,0.003527666993902011,-0.15723836244562198
2019-01-16,2.0127018944006174,0.0005032100602262588,-0.12253441511934741
2019-01-17,2.019098899866462,0.0031783174068854216,-0.19820204994632304
2019-01-18,2.0358870106327718,0.00831465500150618,-0.14866192054611976
2019-01-22,2.0178256918677824,-0.008871474040878123,-0.2572733145809643
2019-01-23,2.0173433001725156,-0.00023906509725339918,-0.3332689121688357
2019-01-24,2.039263077579564,0.010865665454746341,-0.3270372096102976
2019-01-25,2.051342622027082,0.005923485096319651,-0.28370471239638656
2019-01-28,2.036500034757427,-0.007235547640982558,-0.2983622603764133
2019-01-29,2.031811523631016,-0.002302239649590424,-0.4423048997837537
2019-01-30,2.0548126188545046,0.011320486647493667,-0.33668298805650076
2019-01-31,2.0633993257650656,0.004178827223354212,-0.2001461714665127
2019-02-01,2.0678216076354223,0.0021432021495486047,-0.226342710475061
2019-02-04,2.0764699574537704,0.00418234812249484,-0.15756920402066635
2019-02-05,2.0841328946386395,0.0036903674706980413,0.048983462795573994
2019-02-06,2.0839355042546943,-9.471103519972426e-05,0.32581339393848646
2019-02-07,2.071072994561842,-0.006172220621315506,0.14228815301553435
2019-02-08,2.0712163003671984,6.919399061878453e-05,0.1861175786971153
2019-02-11,2.0743383934318413,0.0015073718105102646,0.41215227513393266
2019-02-12,2.091886910590827,0.008459814085566396,0.37705398649014427
2019-02-13,2.095681493872433,0.001813952399814161,0.3037176786732649
2019-02-14,2.0939592475202016,-0.0008218073009983348,0.27598569968248987
2019-02-15,2.105453510030865,0.005489248429393038,0.19599229411425925
2019-02-19,2.1153717586626697,0.004710742167686012,0.16020855017467317
2019-02-20,2.1197103449874297,0.002050980546087587,0.1934869441472413
2019-02-21,2.114497143271911,-0.0024593934392246547,0.1887569118009832
2019-02-22,2.12484406029095,0.004893322770362685,0.2607107913201294
2019-02-25,2.1313709610612817,0.0030717081278132667,0.27290839244452975
2019-02-26,2.130522465247225,-0.0003980986086223597,0.18728227443645948
2019-02-27,2.131015811258402,0.00023156104628036404,0.1182622765178571
2019-02-28,2.1295555284141643,-0.0006852519988461922,0.17642460173600727
2019-03-01,2.133507676491021,0.0018558558460317273,0.22339546997234044
2019-03-04,2.1292697467688817,-0.0019863672246585046,0.28059532179558005
2019-03-05,2.126405868468048,-0.001345004927243226,0.22674458485434987
2019-03-06,2.113161820314771,-0.006228372649675866,0.1210830030420168
2019-03-07,2.101691369645233,-0.00542809857686601,0.057056302513600415
2019-03-08,2.103709557758066,0.0009602685446501344,0.059113705118091636
2019-03-11,2.128753847540827,0.011904822930714331,0.11897946088349323
2019-03-12,2.134601246315171,0.00274686468851204,0.0554460783854166
2019-03-13,2.1484535823328157,0.006489425620619845,0.0770574972178882
2019-03-14,2.1440114115655358,-0.0020676130980016335,0.11324388929933633
2019-03-15,2.153108400728081,0.004242976093071574,0.15136346653710495
2019-03-18,2.157991253448438,0.002267815553878139,0.16843665959479243
2019-03-19,2.1658660088383948,0.0036491136733631806,0.19590573641851808
2019-03-20,2.1622379000420575,-0.0016751307705701777,0.2719645791182701
2019-03-21,2.1830315937080687,0.009616746457735607,0.3243948448288063
2019-03-22,2.1478806373985027,-0.016101899949995342,0.20041781469517217
2019-03-25,2.1441997483304407,-0.0017137307371604688,0.3186909012029856
2019-03-26,2.158510929313397,0.006674369304492253,0.4897724846035978
2019-03-27,2.1471035186781324,-0.00528485192284535,0.3409586651110342
2019-03-28,2.15378758817001,0.0031130634521024238,0.48715735599560583
2019-03-29,2.1694231263372856,0.007259554402280051,0.5810073538748877
2019-04-01,2.200447780145861,0.014300877238713478,0.5909618757057092
2019-04-02,2.199143146095037,-0.0005928948019558942,0.7085314388210517
2019-04-03,2.212998894256502,0.006300521267143572,0.695957268777262
2019-04-04,2.2140995208814225,0.000497346215480245,0.6408403891274416
2019-04-05,2.218664236898237,0.0020616580121010798,0.6270190912259761
2019-04-08,2.2221093486843344,0.0015527864598899451,0.7409927876577941
2019-04-09,2.2037246719066035,-0.00827352478788501,0.6696231502145241
2019-04-10,2.2185117756839734,0.006710050473127616,0.6122809403307597
2019-04-11,2.2200652258913456,0.0007002217542402954,0.6372917778405983
2019-04-12,2.246505775291534,0.011909807465036388,0.6697463485305104
2019-04-15,2.244105111168197,-0.0010686213896003102,0.6928715716439915
2019-04-16,2.2729017301594676,0.012832116841568262,0.7546660156324502
2019-04-17,2.286448023303644,0.005959911493061272,0.7325340666195146
2019-04-18,2.281754710057002,-0.0020526656188145967,0.709042405574503
2019-04-22,2.28770568388064,0.0026080690432711867,0.7512715020575318
2019-04-23,2.304310730550104,0.007258384147254989,0.8197970406521673
2019-04-24,2.2996157284584586,-0.002037486537470867,0.8238224143130516
2019-04-25,2.288401440636642,-0.004876592068420919,0.8523480219976433
2019-04-26,2.300464624145215,0.005271445514042568,0.8915556932939838
2019-04-29,2.314045030726079,0.005903332065325933,0.8460974008338424
2019-04-30,2.316040001791776,0.0008621141936340024,0.8493896140236799
2019-05-01,2.292976436577482,-0.009958189494331445,0.8155452683665854
2019-05-02,2.3018858843863828,0.0038855383190063326,0.8248208077619136
2019-05-03,2.3322394700428726,0.013186398970677466,0.9349357515477799
2019-05-06,2.3088817268741693,-0.010015156448867536,0.8694429371612726
2019-05-07,2.2547012994182913,-0.02346609045636521,0.6524328367848784
2019-05-08,2.2473953815428844,-0.0032403041047130293,0.5998789958768138
2019-05-09,2.226149506828703,-0.0094535544963147,0.5214425557147363
2019-05-10,2.2342603711737756,0.00364344996604815,0.49069706223369164
2019-05-13,2.158954092624981,-0.033705238440599625,0.21381407520891496
2019-05-14,2.1902601661185206,0.014500573958696845,0.30283600534474386
2019-05-15,2.204945366591828,0.006704774483175679,0.3345251182640478
2019-05-16,2.2217857863972283,0.007637567832998304,0.4112742258849587
2019-05-17,2.1964671825955606,-0.01139560976430746,0.3004834317935024
2019-05-20,2.1660889727819574,-0.013830486544171898,0.23002549349202478
2019-05-21,2.195278871557404,0.01347585401256968,0.3428842599795624
2019-05-22,2.178406349563253,-0.007685821702543601,0.25941914559344886
2019-05-23,2.139245924295325,-0.017976639333510454,0.15743029630574146
2019-05-24,2.1382921501633905,-0.0004458459502494433,0.13013747040445195
2019-05-28,2.1279618349187515,-0.0048311056297193075,0.1022869070157569
2019-05-29,2.114999310661147,-0.006091521024905677,0.06373137712719874
2019-05-30,2.116811865809144,0.0008570003492958358,0.1075054355297712
2019-05-31,2.079334075267829,-0.017704828259260102,-0.06511973263627889
2019-06-03,2.0728311240589465,-0.0031274201131171755,-0.04872174078962504
2019-06-04,2.1369283961100987,0.0309225731450997,0.06488069657354191
2019-06-05,2.143655920311146,0.003148221631241141,0.0498546470268948
2019-06-06,2.161395133509444,0.008275214800201403,0.08013406572731355
2019-06-07,2.1786438152188152,0.00798034632444301,0.07485474417339714
2019-06-10,2.1984394317564058,0.00908621060464748,0.15615258155043443
2019-06-11,2.207403091092962,0.004077282824842137,0.1619039080806575
2019-06-12,2.1862610215476606,-0.00957780191149088,0.09578135687352932
2019-06-13,2.2006248746025325,0.006570054038974608,0.12060618694211145
2019-06-14,2.1867062920572793,-0.006324831962906469,0.09790847804682512
2019-06-17,2.1919355013275874,0.002391363343720347,0.10144281510188327
2019-06-18,2.224081649428563,0.014665645080115494,0.19644345637260155
2019-06-19,2.228628188338514,0.0020442320141974596,0.2122038749718802
2019-06-20,2.248646316888451,0.008982264809663429,0.2896498384746516
2019-06-21,2.2458491168375057,-0.0012439484279661527,0.2732378160488016
2019-06-24,2.235195613603633,-0.004743641571466927,0.27402062381838427
2019-06-25,2.2064193167650648,-0.012874173814333057,0.19747012547835027
2019-06-26,2.2257337595805535,0.008753749873712488,0.36374205827036266
2019-06-27,2.2410651762927984,0.006888252759905213,0.3711678345741453
2019-06-28,2.2575223660729633,0.007343467719840574,0.48568023977448765
2019-07-01,2.2760314270233963,0.008198838349774532,0.4951889872466623
2019-07-02,2.2765868551090938,0.00024403357488936918,0.502308230229364
2019-07-03,2.2886862115453663,0.005314691336778671,0.5018119162754087
2019-07-05,2.286109374020447,-0.0011259024989623344,0.5568270629886879
2019-07-08,2.2735390171615673,-0.005498580689852449,0.4598150212949898
2019-07-09,2.284782895309786,0.0049455399988060115,0.4064188082413627
2019-07-10,2.29838172152138,0.005951911772234243,0.357726657893813
2019-07-11,2.2998610910842587,0.0006436570344370133,0.34305752185905236
2019-07-12,2.3152048035940513,0.006671582283501636,0.44613052696919014
2019-07-15,2.3165536270493545,0.0005825935801486267,0.3997004188756825
2019-07-16,2.305638557228004,-0.004711770836599909,0.39918158155101346
2019-07-17,2.2878455139574267,-0.007717186726773509,0.33392111440326117
2019-07-18,2.2934774789659738,0.0024616893816423535,0.2974701772617779
2019-07-19,2.28467286516425,-0.003838979838464795,0.24849841238842
2019-07-22,2.307286412229411,0.0098979365536148,0.35699665909756373
2019-07-23,2.3217365957095084,0.006262847734683802,0.41338020161102307
2019-07-24,2.34769191894328,0.011179271275534102,0.46088231956090264
2019-07-25,2.3239343751916013,-0.01011953210725024,0.3933911277812742
2019-07-26,2.3488528558238215,0.010722540575254253,0.40189619872519267
2019-07-29,2.3334622202177044,-0.006552405174277753,0.3566599596306668
2019-07-30,2.330390513378728,-0.0013163730753222736,0.37711024051363334
2019-07-31,2.298010887222985,-0.013894506508609673,0.3437364051046546
2019-08-01,2.2676578102633833,-0.013208413035972056,0.26975919294203154
2019-08-02,2.2434730946119505,-0.010665063988919745,0.22506524360930164
2019-08-05,2.179547893885389,-0.02849385663687603,-0.03784864962420705
2019-08-06,2.197418565214182,0.008199256083763061,-0.01796389520392862
2019-08-07,2.194389732312762,-0.0013783595667058559,-0.07987168213649871
2019-08-08,2.2397802879593085,0.020684819555142262,0.004779400898943084
2019-08-09,2.2238815111270367,-0.007098364476971622,-0.04769087345059359
2019-08-12,2.1932951045218214,-0.01375361342417676,-0.10224148820345605
2019-08-13,2.2247357856727388,0.014334906910655826,0.038553418268031665
2019-08-14,2.1594784382887675,-0.02933262808295145,-0.08400925719624687
2019-08-15,2.149725384697297,-0.004516393133890014,-0.1569420985191534
2019-08-16,2.1886690625957295,0.018115652434330082,0.04805017463200527
2019-08-19,2.216263489097022,0.012607856972477195,0.07798346725214242
2019-08-20,2.202698098825034,-0.006120838221052219,0.05316965641620931
2019-08-21,2.2147920133813885,0.005490500292711801,0.056867310989189464
2019-08-22,2.2161953030059642,0.0006335988282859537,-0.0017479635730531476
2019-08-23,2.162541039420175,-0.024210079099533433,-0.1562316463151259
2019-08-26,2.1818050093583583,0.008908025136645846,-0.09625168004444948
2019-08-27,2.1727836162695877,-0.0041348301292165515,-0.20541903587085153
2019-08-28,2.186542758914583,0.006332495579388634,-0.25387175000501483
2019-08-29,2.2115646826485804,0.011443601380299026,-0.205277904265006
2019-08-30,2.21439343801515,0.0012790742177985462,-0.23258988359051483
2019-09-03,2.197814222715936,-0.007487023315095587,-0.23386707439032833
2019-09-04,2.2265689686616446,0.013083337821963375,-0.15490464945579677
2019-09-05,2.2612924126913576,0.015595045344849432,-0.046266561125525324
2019-09-06,2.254378562285146,-0.003057477382141301,0.004703195422358496
2019-09-09,2.2726599609788796,0.008109285192635395,0.14683973873885076
2019-09-10,2.280576962355981,0.0034835837798152976,0.16826724938805537
2019-09-11,2.3000037711244947,0.00851837455572839,0.16631985763858653
2019-09-12,2.299894160464609,-4.765673050718679e-05,0.14848634366471616
2019-09-13,2.300811652706597,0.00039892802797643936,0.14880351635921393
2019-09-16,2.3029141218436466,0.0009137945448842754,0.13477677899170504
2019-09-17,2.2991339011615852,-0.0016414944205714224,0.09679718764166315
2019-09-18,2.2930774942432834,-0.002634212350677785,0.1392393843568035
2019-09-19,2.2938586892610915,0.00034067536739145637,0.07997917070933581
2019-09-20,2.2797996202697375,-0.006129003960519867,0.011482453003382073
2019-09-23,2.280096894400151,0.00013039485039406377,-0.05790353888245239
2019-09-24,2.2472068268668433,-0.014424855195445875,-0.11124495432128431
2019-09-25,2.2680274214529357,0.009265099383451696,-0.02760018148290406
2019-09-26,2.262025462584739,-0.002646334348264541,-0.039496946162168006
2019-09-27,2.248996495386018,-0.0057598676116728175,-0.024819292483488388
2019-09-30,2.254735435145226,0.002551777991198183,-0.02290008383482116
2019-10-01,2.2299567780452034,-0.01098960734540743,-0.05262700406127107
2019-10-02,2.1986960139474845,-0.014018551572610482,-0.19600201148910723
2019-10-03,2.217914387966412,0.008740805412396743,-0.11840202625334793
2019-10-04,2.23510449580032,0.007750573208404968,-0.12616166617253025
2019-10-07,2.2339818321656133,-0.0005022868670418975,-0.0374613091863042
2019-10-08,2.201679641166218,-0.01445946897790204,-0.008348572619037287
2019-10-09,2.2178070249529496,0.007325036524473259,0.08321766672176438
2019-10-10,2.2208979195936385,0.0013936715890574185,0.12157959633064097
2019-10-11,2.251663967859112,0.013852977209822731,0.5033207114728684
2019-10-14,2.2550605010067635,0.0015084547233222543,0.6598310867096743
2019-10-15,2.279832605303041,0.010985117377213431,0.6078704205483927
2019-10-16,2.2695623466529082,-0.00450483014684642,0.6057440395361111
2019-10-17,2.2778619391672916,0.0036569132047082277,0.47538530825347236
2019-10-18,2.2703547493851706,-0.0032957176433903675,0.45566534548990695
2019-10-21,2.2971547673214667,0.011804330553872231,0.6592078557336236
2019-10-22,2.293066113836057,-0.001779877239258445,0.7031342748746496
2019-10-23,2.299834044669401,0.002951476537247245,0.7159726136120451
2019-10-24,2.3092085347349944,0.004076159359116273,0.7519365476691355
2019-10-25,2.318257113829677,0.003918476377760653,1.0782948866368356
2019-10-28,2.3233727322786333,0.0022066656965869995,0.9499508998873202
2019-10-29,2.323372688997374,-1.8628633629917028e-08,1.06071475827687
2019-10-30,2.333252376515867,0.004252304232239366,1.1534263791369652
2019-10-31,2.3224551954914907,-0.004627523851705569,1.0176247446464386
2019-11-01,2.35099094897093,0.012286890845013968,0.9772885849547522
2019-11-04,2.374076741799738,0.009819600895917008,0.9410550845398679
2019-11-05,2.37855065809958,0.0018844868074694365,0.9874079877277261
2019-11-06,2.3672192668343444,-0.0047639898804127155,0.9746051862872113
2019-11-07,2.3735685580539747,0.002682172838226929,0.9626057323959267
2019-11-08,2.3825568498086835,0.003786826263858964,0.8878447857189583
2019-11-11,2.381783115810306,-0.0003247494381673867,0.9193951674463571
2019-11-12,2.392981067970978,0.004701499513679393,1.0260794989112787
2019-11-13,2.386429414441199,-0.0027378626673944485,1.1430610817312659
2019-11-14,2.38248553197759,-0.0016526290028705214,1.1094296911157477
2019-11-15,2.404966605032702,0.009435974637987262,1.2030114583277005
2019-11-18,2.408611883760401,0.0015157294575611764,1.1343916903946896
2019-11-19,2.4067060827158575,-0.0007912445576610652,1.1563375432622955
2019-11-20,2.4007225688421645,-0.0024861838828864787,1.2595754051123742
2019-11-21,2.4065514815476345,0.0024279826336956103,1.367570449345064
2019-11-22,2.415772777891651,0.0038317469685238284,1.3615014463043575
2019-11-25,2.441111684664365,0.010488944574840503,1.4611055542613167
2019-11-26,2.43978997586819,-0.0005414372494622963,1.3508568586555454
2019-11-27,2.4535563198596533,0.005642429933570178,1.3706439346316976
2019-11-29,2.43963158874631,-0.005675325648991104,1.2162039414908745
2019-12-02,2.4166279517012708,-0.009429143790050904,1.158704045844246
2019-12-03,2.4020075528468694,-0.006049917135200163,1.0763814439300887
2019-12-04,2.435120393937592,0.013785485833080315,1.091736817457078
2019-12-05,2.438723427474819,0.0014796120742930714,1.3101441255394193
2019-12-06,2.468298514648574,0.01212728218401472,1.394567592184049
2019-12-09,2.4744671332630697,0.002499138000483799,1.550442430344141
2019-12-10,2.4844253813507766,0.0040244010331933495,1.5604101682055223
2019-12-11,2.5014991957906965,0.006872339402134342,1.6071126654372232
2019-12-12,2.5375779191735246,0.01442284028855103,1.666000361521763
2019-12-13,2.523445131162926,-0.005569400609854627,1.6273002071947866
2019-12-16,2.5569041144846256,0.013259247410812702,1.8055018952440842
2019-12-17,2.56763838421433,0.004198151064365633,1.9308862482306912
2019-12-18,2.5729292318821235,0.002060589100210125,1.939075935105675
2019-12-19,2.5871762924193478,0.005537292033019621,2.0635288322453587
2019-12-20,2.603384896319292,0.006264978520186819,2.1872648003191877
2019-12-23,2.616159773155682,0.0049070257934012715,2.3318836008215875
2019-12-24,2.620635259565985,0.0017107083658369731,2.503473696367947
2019-12-26,2.6386630269167157,0.006879159274425749,2.3902074378969744
2019-12-27,2.6253138529914577,-0.00505906733413273,2.3293023187656186
2019-12-30,2.598411372916148,-0.010247338635209373,2.2322467649255056
2019-12-31,2.614972050013526,0.006373385396166933,2.2469354507463253
2020-01-02,2.669749565404251,0.02094764851901248,2.3363930726013935
2020-01-03,2.641239373644597,-0.010678976084161889,2.366988770243945
2020-01-06,2.657414045279511,0.0061238946368555765,2.2805398627688382
2020-01-07,2.6667814343271905,0.003525001707701256,2.250757349855176
2020-01-08,2.6807684618474825,0.005244909590358262,2.262698169902196
2020-01-09,2.697685857446491,0.006310651531370902,2.2756603987604596
2020-01-10,2.6765372766125513,-0.007839526895084206,2.2015077480515526
2020-01-13,2.7327194114639495,0.020990604293956452,2.3213655775099773
2020-01-14,2.7386728264088935,0.002178567956874371,2.355042266912005
2020-01-15,2.730960322561333,-0.0028161464827741356,2.307868425220447
2020-01-16,2.7641570306002436,0.012155690349897212,2.38566140405595
2020-01-17,2.7740193850443817,0.0035679428972226774,2.3884022445690922
2020-01-21,2.761004227549094,-0.0046918048105418515,2.2943339105801956
2020-01-22,2.7586770906908304,-0.0008428588536893483,2.35913784088898
2020-01-23,2.779945612662333,0.007709681587335107,2.414815112593819
2020-01-24,2.738451238325326,-0.014926325949689396,2.2161768141308533
2020-01-27,2.6486318906149906,-0.03279932337420896,1.8789308403838991
2020-01-28,2.700070084487058,0.019420665459149146,2.0538225946750943
2020-01-29,2.6828163813160937,-0.006390094564616426,2.0228639532471164
2020-01-30,2.6983541319726303,0.005791581848368701,1.988089250082329
2020-01-31,2.636152830354679,-0.02305157091166507,1.7717465074624208
2020-02-03,2.6886721020150564,0.01992269608029949,1.879058538897021
2020-02-04,2.7602360255015395,0.02661682822269347,2.0032142885023467
2020-02-05,2.778178993928618,0.006500519615462469,2.0212289591970447
2020-02-06,2.7895048643157563,0.004076724506192613,2.0491579926227086
2020-02-07,2.7840212616071773,-0.0019657978656810347,2.079749305974491
2020-02-10,2.812460804932075,0.010215275190994797,2.144603280779591
2020-02-11,2.828985939211789,0.005875685183144424,2.173097062407669
2020-02-12,2.8611651725601956,0.011374829723392882,2.1902855266427204
2020-02-13,2.858249889840042,-0.0010189145136087975,2.17090789159509
2020-02-14,2.850786693861728,-0.002611106889164203,2.1583003675214267
2020-02-18,2.842939022780721,-0.002752808934426395,2.1027548689610143
2020-02-19,2.8796773577524117,0.012922660203860644,2.1521071974351127
2020-02-20,2.8648174136813096,-0.005160280901295224,2.1016353644415213
2020-02-21,2.8189109616192995,-0.01602421565953129,1.9976321403171216
2020-02-24,2.7067493106478855,-0.039789000964749764,1.6394445229928214
2020-02-25,2.6261684894558885,-0.029770330364546824,1.4005910265294492
2020-02-26,2.6120380306639968,-0.005380636790299545,1.368046408240973
2020-02-27,2.517480566019566,-0.03620064621355983,1.1078742677579683
2020-02-28,2.5229719976139715,0.0021813203519931443,1.1255156185861372
2020-03-02,2.5938605718980208,0.028097249732097773,1.2692470147363277
2020-03-03,2.5395600117313077,-0.020934263296573056,1.1444796791119534
2020-03-04,2.598686590924977,0.023282213816778585,1.281143339031955
2020-03-05,2.537927312131786,-0.023380764346640277,1.1677454233237765
2020-03-06,2.505981162503834,-0.012587495896845874,1.122699408050134
2020-03-09,2.3891955425298783,-0.046602752535166936,0.8114297065729122
2020-03-10,2.4461695074170264,0.02384650560113607,0.873445250276669
2020-03-11,2.388804458754235,-0.02345097037995731,0.719150111109716
2020-03-12,2.287256197324699,-0.04251007697904817,0.4331730429464624
2020-03-13,2.3618365867959397,0.03260692420834808,0.6124864200528406
2020-03-16,2.2752209971342476,-0.03667298158811,0.3858216261006081
2020-03-17,2.3018717696903166,0.01171348743248986,0.43471438046085575
2020-03-18,2.2471728962107096,-0.023762780446699654,0.28863575359540705
2020-03-19,2.2710531762699864,0.010626810291074863,0.3521927559246762
2020-03-20,2.262077427788825,-0.003952240561756972,0.28190932426279164
2020-03-23,2.253457972752128,-0.0038104155635036705,0.34705929388944967
2020-03-24,2.324072178622912,0.031335932031846835,0.5129974033427871
2020-03-25,2.3407023102908777,0.007155600338462489,0.5154353241857776
2020-03-26,2.3711735153614613,0.013017975389957429,0.608768484174975
2020-03-27,2.3412435760896266,-0.012622416317462921,0.5266505873611186
2020-03-30,2.3501737430874954,0.0038142836093902578,0.5091961491772257
2020-03-31,2.3478228179484697,-0.001000319719314575,0.4316824147983095
2020-04-01,2.308342588518444,-0.016815676689147952,0.34678259580903115
2020-04-02,2.3175686861115965,0.003996849358081818,0.335062100709637
2020-04-03,2.3106655042712467,-0.00297863095998764,0.3171787790204789
2020-04-06,2.362501387758964,0.022433313429355624,0.4190387532804898
2020-04-07,2.3716999473726625,0.0038935679197311403,0.4309117613303744
2020-04-08,2.3995279601834976,0.01173336148262024,0.5325378244636034
2020-04-09,2.4129598640654133,0.005597727596759796,0.5269582147752855
2020-04-13,2.4104306128843422,-0.001048194468021393,0.518035398206692
2020-04-14,2.429821842891391,0.008044716119766235,0.4988209734824457
2020-04-15,2.4128209725810543,-0.00699675589799881,0.468267257419927
2020-04-16,2.403777563617867,-0.0037480646371841433,0.38445814599228734
2020-04-17,2.433544048998353,0.012383211255073547,0.4166386191398684
2020-04-20,2.422229905423172,-0.004649245440959931,0.40329986876994195
2020-04-21,2.4017368546748945,-0.008460406959056855,0.346559804670186
2020-04-22,2.4178130749596414,0.0066935810446739205,0.34371725820218524
2020-04-23,2.425712769990882,0.003267289400100708,0.37071784741054087
2020-04-24,2.431240903569916,0.0022789728641510005,0.40728127484741994
2020-04-27,2.44430320934237,0.005372690856456757,0.40779169459777675
2020-04-28,2.450659547690508,0.00260047048330307,0.3910980162463173
2020-04-29,2.486722301731094,0.014715529978275299,0.4604618661589908
2020-04-30,2.475007850924664,-0.004710799753665924,0.4876408021268496
2020-05-01,2.4427947660875873,-0.01301534652709961,0.4007933072560645
2020-05-04,2.4471254547850396,0.0017728418111801149,0.3435759179503541
2020-05-05,2.442768742914628,-0.0017803385853767395,0.38598037782635863
2020-05-06,2.437435534835316,-0.0021832635998725895,0.498037453368308
2020-05-07,2.4510783753948915,0.005597210824489594,0.543291586200887
2020-05-08,2.472759307478275,0.008845466673374177,0.6374148408283237
2020-05-11,2.4663597570167406,-0.002588019967079163,0.6054350325795126
2020-05-12,2.4508913886505628,-0.0062717404961586,0.7575598644791458
2020-05-13,2.428875178315248,-0.008982940018177033,0.636101037364395
2020-05-14,2.440015126561974,0.0045864638686180115,0.6252339694073009
2020-05-15,2.441956380337709,0.0007955908775329589,0.5899347822856637
2020-05-18,2.4825061698001742,0.016605452001094815,0.7350120480042566
2020-05-19,2.4722921948765015,-0.004114380478858948,0.7876706069668525
2020-05-20,2.489658576538066,0.0070244050025939945,0.7552301453844739
2020-05-21,2.488070659441701,-0.0006378051638603213,0.7928687444730432
2020-05-22,2.4876108075579615,-0.00018482267856597897,0.890369647942527
2020-05-26,2.5061244580574797,0.0074423420429229736,0.9313431300633211
2020-05-27,2.517598276342211,0.004578311443328857,0.9810878817995792
2020-05-28,2.5040537464875614,-0.005379940867424012,0.9849600613173408
2020-05-29,2.5052535454751177,0.00047914266586303686,0.9829696939623878
2020-06-01,2.516594436771082,0.00452684372663498,1.1050646898760723
2020-06-02,2.5244736752071657,0.003130913078784943,1.1383361304385118
2020-06-03,2.543481242634955,0.0075293189287185674,1.0270379021476361
2020-06-04,2.5549161145269497,0.004495756328105927,1.0341321998857465
2020-06-05,2.5873523785991037,0.01269562780857086,1.056502771787571
2020-06-08,2.611939250527254,0.009502714872360228,1.064276036739172
2020-06-09,2.59936874285354,-0.004812710583209991,0.9905093863088379
2020-06-10,2.5823965615693085,-0.006529347300529479,0.9332230697307916
2020-06-11,2.528733170962462,-0.020780460834503175,0.8689345442119035
2020-06-12,2.5534354348731703,0.00976863205432892,0.8853463255045376
2020-06-15,2.5622797412815776,0.0034636890706605215,0.9379251815610217
2020-06-16,2.5742122241628973,0.004656978974259542,0.9498035135043242
2020-06-17,2.5645255512283303,-0.0037629659449374877,0.8539356411751083
2020-06-18,2.5670750755176863,0.0009941504728369647,0.8483601187457166
2020-06-19,2.5585624350830396,-0.0033160854997317545,0.7834061214290077
2020-06-22,2.5595173897935655,0.0003732387755841878,0.7920714645911672
2020-06-23,2.563221472495783,0.0014471801273896814,0.8254299507365251
2020-06-24,2.530836972250324,-0.012634296565066797,0.826785864813035
2020-06-25,2.5422634376473865,0.004514895871345945,0.8047445621402199
2020-06-26,2.518435951049218,-0.009372548196743333,0.7172779245819333
2020-06-29,2.539856021782555,0.008505306924487628,0.7233023959588633
2020-06-30,2.5509494300506335,0.004367731152056613,0.703300295252339
2020-07-01,2.5495794799827034,-0.0005370353687892658,0.6991193264416632
2020-07-02,2.5526621851779616,0.0012091033911518154,0.6774156910062352
2020-07-06,2.571213982054694,0.007267627101013959,0.721806557488251
2020-07-07,2.5542872432004575,-0.006583170040445254,0.7158716164138267
2020-07-08,2.5618841106610084,0.002974163332950746,0.7054865782571499
2020-07-09,2.5493902334949894,-0.0048768315139733655,0.6476907551634021
2020-07-10,2.5751894614626574,0.010119764180746744,0.6973552595560999
2020-07-13,2.559935009290873,-0.005923623251828772,0.6301839605386145
2020-07-14,2.5678283255638417,0.0030834049475168507,0.6434529107762901
2020-07-15,2.597189047945533,0.01143406749173726,0.7285614045648218
2020-07-16,2.5824538793000946,-0.00567350638456387,0.7397507288796148
2020-07-17,2.5769399113420195,-0.0021351660923252746,0.7152349950567373
2020-07-20,2.5821295495598946,0.0020138763015132696,0.7465832396513403
2020-07-21,2.587863085040531,0.0022204677846678223,0.7065390115580494
2020-07-22,2.5908874750898905,0.001168682403192905,0.6796874914661424
2020-07-23,2.5780731610490673,-0.004945916858229648,0.5943750247073424
2020-07-24,2.5688993618894296,-0.0035583936477212638,0.6302850191668661
2020-07-27,2.57254000762749,0.001417200608194435,0.5813798473952425
2020-07-28,2.570150919748911,-0.0009286883280707274,0.6119204255553966
2020-07-29,2.581938835485873,0.004586468306738048,0.6434367613397286
2020-07-30,2.571955947033026,-0.003866431038428635,0.6990757155527353
2020-07-31,2.5681304834309016,-0.0014873752431637769,0.7641110433191928
2020-08-03,2.5774778236856513,0.003639745065547387,0.8426329831968925
2020-08-04,2.591588091713367,0.0054744478877954235,1.038605000716814
2020-08-05,2.6021330294823435,0.004068909639882317,1.016711458076735
2020-08-06,2.6096461384341145,0.0028872885692803603,1.040034558556479
2020-08-07,2.607591278639641,-0.0007874093595334656,0.9281464412408161
2020-08-10,2.622925603552265,0.005880647415197505,1.000051348445847
2020-08-11,2.6132185058244235,-0.00370086658755978,1.0584317344335399
2020-08-12,2.6242952671191904,0.004238742864432878,1.0053532064524089
2020-08-13,2.618477827557045,-0.002216762585763239,1.1716242426019419
2020-08-14,2.6206082647272266,0.0008136166545923644,1.2020770385976363
2020-08-17,2.6206703687807904,2.3698335382470923e-05,1.1057242824950086
2020-08-18,2.6198395795437293,-0.0003170140155579723,1.0351167125353078
2020-08-19,2.6151002382765673,-0.0018090196453889166,1.060179605959207
2020-08-20,2.617941562949356,0.0010865069840157325,1.035639144979808
2020-08-21,2.6155003326907917,-0.0009324999049305921,1.0267316594697309
2020-08-24,2.6407222340071237,0.009643241486566388,1.2290998621411335
2020-08-25,2.6434481918340005,0.0010322773791851955,1.1853955959044957
2020-08-26,2.649468316674423,0.00227737576208949,1.2224931024039951
2020-08-27,2.6574854034198983,0.003025922859699862,1.2040885592049921
2020-08-28,2.6768697011245832,0.007294225465825557,1.1817272410973503
2020-08-31,2.66889532795772,-0.00297899190368254,1.1570768671653955
2020-09-01,2.6804079106716743,0.004313613424009454,1.2257770341713083
2020-09-02,2.697161446583597,0.00625036802988859,1.188981406050934
2020-09-03,2.6579626908470404,-0.014533336810893648,1.0157655118567
2020-09-04,2.6548609717047342,-0.001166953604347787,1.0267977751025226
2020-09-08,2.6149932899062174,-0.015016862360561527,0.8912326925931008
2020-09-09,2.629176100733384,0.00542365094469342,0.9021165867683831
2020-09-10,2.6034241530252724,-0.009794683475529874,0.7967452724522278
2020-09-11,2.6053187288891704,0.0007277246243936773,0.8011830077706604
2020-09-14,2.6351811878121083,0.011462113480322778,0.8627704419738318
2020-09-15,2.6429710908743314,0.0029561166792825356,0.8743479054400201
2020-09-16,2.6570430719184976,0.0053243038082233666,0.9138431678573519
2020-09-17,2.6435698195030786,-0.005070769291553504,0.8996238643000287
2020-09-18,2.6226402931983728,-0.007917145274657388,0.8515280816510505
2020-09-21,2.5851124005013997,-0.014309203131782546,0.8026385974307834
2020-09-22,2.5933189305833317,0.003174535111254827,0.8198406663637259
2020-09-23,2.5439491137004224,-0.01903731018220904,0.7916126443931251
2020-09-24,2.5466583541468903,0.001064974307810434,0.7460723866038215
2020-09-25,2.577925368323687,0.012277663443108853,0.8290163093910612
2020-09-28,2.6136326861625045,0.013851183698943215,0.9379939437616391
2020-09-29,2.596749796853006,-0.006459549346349431,0.8864404164780513
2020-09-30,2.606151523810754,0.0036205748313301593,0.9708528786061167
2020-10-01,2.616462055486544,0.003956228784700203,1.0760584800299102
2020-10-02,2.606534478496341,-0.0037942751622885643,1.0056477997765711
2020-10-05,2.640525430272013,0.013040668387889592,1.0339771424511917
2020-10-06,2.60973833082269,-0.011659459551636194,0.9683836899773342
2020-10-07,2.6500404334480594,0.015442966886517178,1.1377369126075378
2020-10-08,2.6809175678254453,0.011651571043091804,1.160813322721378
2020-10-09,2.683951924690272,0.001131835197487092,1.1593385246736538
2020-10-12,2.6984403992171324,0.005398187051555653,1.1142336658716487
2020-10-13,2.6761124196625357,-0.008274401599188375,1.0574632859750233
2020-10-14,2.6657839820742626,-0.0038594931634358177,0.9748331166856357
2020-10-15,2.672584344941238,0.0025509804667982125,1.0151743012652097
2020-10-16,2.6625240414920492,-0.0037642604126717793,0.9729589755766536
2020-10-19,2.6437912068940097,-0.007035742891373894,0.9511089989349282
2020-10-20,2.6633261568821522,0.007388991209745461,0.9272909303023145
2020-10-21,2.6427408798835073,-0.007729161126380212,0.892655488742717
2020-10-22,2.684565190856965,0.015826111175644777,0.9620818254220541
2020-10-23,2.6873014375401247,0.00101925134561049,0.9450099478416951
2020-10-26,2.6317469852622932,-0.020672951497649854,0.8006439544080396
2020-10-27,2.6104190471949273,-0.00810409898322349,0.74203513363613
2020-10-28,2.541029371063957,-0.026581814979297756,0.5865851345607306
2020-10-29,2.576698686639966,0.014037348793443503,0.6390659409760109
2020-10-30,2.5668671854269314,-0.003815541671213115,0.6436219030807193
2020-11-02,2.5909181447238767,0.00936977161634687,0.6280993899362629
2020-11-03,2.62248882074769,0.012185130621785108,0.6406808608747403
2020-11-04,2.6465148205766456,0.009161526119339401,0.6800937592232339
2020-11-05,2.6925909272381174,0.017410107173113244,0.7992578707651803
2020-11-06,2.6942072591477704,0.0006002887008575201,0.7878748071905386
2020-11-09,2.7943545571932704,0.037171341479192065,0.9524163210132146
2020-11-10,2.787129477594961,-0.00258559873145314,0.9401048555317846
2020-11-11,2.7978023773398144,0.0038293519661179356,0.9354920454376349
2020-11-12,2.770582898145946,-0.009728878427699615,0.8965792286105466
2020-11-13,2.811074920833973,0.014614983264035939,0.9814127623346128
2020-11-16,2.8570552318160227,0.01635684294334224,1.016081949551848
2020-11-17,2.8659945225364387,0.0031288477103516474,1.0246403732585732
2020-11-18,2.8581847286520685,-0.002724985628185551,1.0141516235046446
2020-11-19,2.877920989162381,0.006905173172491124,1.0639869833178615
2020-11-20,2.863217133880534,-0.005109193524498613,1.0232097645111684
2020-11-23,2.909349114932705,0.016111939435640352,1.0853633975531605
2020-11-24,2.9595059788044544,0.01723989177315007,1.1185438568965909
2020-11-25,2.9713974265286534,0.004018051596909603,1.1426477073508785
2020-11-27,2.9794873651644127,0.0027226040392754162,1.127439645995495
2020-11-30,2.9644805072181493,-0.005036724814382735,1.1309611407194193
2020-12-01,2.9780150900349356,0.004565583340430515,1.2069472878785517
2020-12-02,3.0008199223360843,0.007657728927384791,1.2799851714934507
2020-12-03,3.0244558584013843,0.007876492651015154,1.2505984508771273
2020-12-04,3.0542437945699836,0.009849023283264032,1.2937798000740324
2020-12-07,3.0610547631054725,0.002230001595680743,1.2432365465497053
2020-12-08,3.0739422211864786,0.004210136400151045,1.252218844425476
2020-12-09,3.048654125164361,-0.008226600958152346,1.1856087243453617
2020-12-10,3.0577217425655117,0.0029743017833029368,1.1653545670119096
2020-12-11,3.0408797662646743,-0.0055080146981282855,1.0612598585369932
2020-12-14,3.025525615972263,-0.005049246097379219,1.0641356598369927
2020-12-15,3.0448013455922123,0.006371035008988068,1.0291570224642312
2020-12-16,3.0404503251040773,-0.0014289997915409869,0.9991343177013192
2020-12-17,3.0447062126746194,0.0013997556662585164,0.9956149054043084
2020-12-18,3.0303319522256613,-0.0047210664822505246,0.9406050408440387
2020-12-21,3.0238128392304473,-0.002151286756035356,0.8958450877804924
2020-12-22,3.0042834805500527,-0.0064585209861615315,0.8345927366635719
2020-12-23,3.0213923128144877,0.005694812881407077,0.855618908787895
2020-12-24,3.0159770754267448,-0.0017922986580642401,0.8096048726341866
2020-12-28,3.017628332793164,0.0005475032883615493,0.8400072963004258
2020-12-29,3.0142926249462185,-0.0011054071207827725,0.89044850364033
2020-12-30,3.0257893420509707,0.003814068020339316,0.8770047570054181
2020-12-31,3.0237918155606294,-0.0006601670719705023,0.7655998117635452
2021-01-04,3.0004031184835713,-0.007734890000263405,0.782150928151486
2021-01-05,3.0332512830403022,0.010947917082999302,0.8073133618097129
2021-01-06,3.0496157704232343,0.005395031883586587,0.8172346285829944
2021-01-07,3.0870225989159534,0.012266079174796458,0.8537027314964253
2021-01-08,3.0852034584138255,-0.0005892864220582637,0.8168983805128608
2021-01-11,3.0895575564670468,0.0014112839272712033,0.867651726036555
2021-01-12,3.1198367415942876,0.009800492327407906,0.8111929482767135
2021-01-13,3.11947871485964,-0.000114758163423878,0.7987837221145466
2021-01-14,3.143107003719824,0.007574435032247645,0.8546541123416668
2021-01-15,3.1077712292094493,-0.011242307203844846,0.7278074635962509
2021-01-19,3.133522581909664,0.008286115933560961,0.7528101214098225
2021-01-20,3.1555227879639145,0.007020918304932916,0.8160593244231784
2021-01-21,3.147522300784289,-0.0025353919832688467,0.8068061781942029
2021-01-22,3.1436969474561796,-0.0012153538442463278,0.7590307170345091
2021-01-25,3.1412141314315667,-0.0007897758804715871,0.8385382971714331
2021-01-26,3.1303974796837006,-0.0034434620803568987,1.0147705213722478
2021-01-27,3.087121715469355,-0.013824367191452669,0.8328630362811514
2021-01-28,3.115279011158026,0.009120889386245109,0.9184422220724006
2021-01-29,3.0737012558527357,-0.01334639855896405,0.8104033895404014
2021-02-01,3.095040288685704,0.006942455058810949,0.9838853409553151
2021-02-02,3.125592827460901,0.009871451071860325,0.9320718676955454
2021-02-03,3.1561103286150245,0.009763748139553568,0.845704534928267
2021-02-04,3.1841347380718537,0.008879413752664099,0.8586690081794839
2021-02-05,3.19671763187137,0.003951746654771252,0.8579756892699761
2021-02-08,3.238067257659415,0.0129350260328872,0.9398675656972113
2021-02-09,3.2317552680038015,-0.00194930776705863,0.8725835421512509
2021-02-10,3.2340572995212185,0.0007123161645959259,0.8438583180938408
2021-02-11,3.23071282158444,-0.0010341430676795555,0.7753065600202941
2021-02-12,3.246580301815386,0.0049114486824501456,0.8085893734077906
2021-02-16,3.2670661714080156,0.006309983948702908,0.8586549579608187
2021-02-17,3.2743903267418655,0.0022418141995247673,0.8869703050333823
2021-02-18,3.2424716001664478,-0.00974799073731011,0.7595395883298978
2021-02-19,3.2844040576040534,0.012932251260258836,0.860107743401342
2021-02-22,3.2771319911407826,-0.0022141205332013108,0.9420213396610895
2021-02-23,3.268505607932011,-0.002632296542248434,1.1838117742407732
2021-02-24,3.328753274864406,0.018432786771479262,1.4801710831765278
2021-02-25,3.236122701028919,-0.027827407496658216,1.330164299960979
2021-02-26,3.235581026834936,-0.00016738370081287679,1.5763109912318471
2021-03-01,3.306794944492769,0.02200962271295507,1.6812259352711199
2021-03-02,3.290732945973451,-0.004857270798138891,1.5052219669952156
2021-03-03,3.2705327203077155,-0.006138518681819077,1.6059201025097523
2021-03-04,3.227434258737428,-0.013177810851020128,1.394090763439567
2021-03-05,3.2535593473900906,0.008094692736787909,1.6004197487388365
2021-03-08,3.2393782091849883,-0.004358653613150753,1.6555415245247245
2021-03-09,3.2855377228762075,0.014249498116748938,2.113994323108381
2021-03-10,3.3047525250623937,0.005848297541190737,2.019275477063012
2021-03-11,3.344221961454707,0.011943235111551459,2.271330911653059
2021-03-12,3.3659452004236123,0.006495752739885771,2.702751227201487
2021-03-15,3.392016576092294,0.007745632836030862,2.589822670654246
2021-03-16,3.3643871625263606,-0.008145424099832403,2.884939347017454
2021-03-17,3.388684469139198,0.007221911581243971,2.857875673629126
2021-03-18,3.322875299744666,-0.019420270607622962,2.904378654852894
2021-03-19,3.336774961272173,0.004183022314612739,2.863350448564326
2021-03-22,3.339619024617196,0.0008523389734195759,2.9005147508063907
2021-03-23,3.2846339063204484,-0.01646448828187835,2.7869267050921813
2021-03-24,3.2537786193532603,-0.009393828306958306,2.545152782758931
2021-03-25,3.271135921248947,0.0053345061008289625,2.532972778520862
2021-03-26,3.3016919600684465,0.009341109496860307,2.5108263553876387
2021-03-29,3.2801524948570147,-0.006523765836406195,2.5651251635414223
2021-03-30,3.2943046673452745,0.004314486143692746,2.5686383340423595
2021-03-31,3.3082324470489604,0.004227835950252218,2.6071642590758857
2021-04-01,3.3482176776930213,0.012086584387300002,2.8382776317526353
2021-04-05,3.3788723590858067,0.009155522234117973,2.872540063869914
2021-04-06,3.385492637782702,0.0019593160064460676,2.910886024080883
2021-04-07,3.387219561057194,0.0005100951203435846,2.781620574758194
2021-04-08,3.3898019501311127,0.000762391993600979,2.7584653602616465
2021-04-09,3.398064978366274,0.00243761386556566,2.6964964191545904
2021-04-12,3.3796382495494304,-0.005422712318380323,2.611095298194087
2021-04-13,3.391099472319234,0.003391257265872146,2.6447466909136925
2021-04-14,3.383452791245536,-0.0022549267976702584,2.569297101079725
2021-04-15,3.3943788608611727,0.0032292661638156158,2.651601833628605
2021-04-16,3.3937014626224764,-0.00019956471167880741,2.6803018134263277
2021-04-19,3.366353239625949,-0.008058523502357261,2.527821525486661
2021-04-20,3.3183806182161852,-0.014250620180042235,2.440576331572269
2021-04-21,3.362650072201578,0.013340680011923933,2.601325456061481
2021-04-22,3.327006911672049,-0.010599723362292332,2.4632248354628468
2021-04-23,3.3653758051396587,0.011532555983878803,2.518125660454702
2021-04-26,3.38833932277217,0.006823463102528105,2.550048250450569
2021-04-27,3.387762490690534,-0.0001702403527768512,2.5095883562814185
2021-04-28,3.388802177020225,0.0003068946930453427,2.49247552883582
2021-04-29,3.3977630327230086,0.0026442545875200655,2.4142574128084484
2021-04-30,3.3838455065558657,-0.0040960849927162545,2.419355182744736
2021-05-03,3.3851290559416194,0.0003793167812380935,2.5347246108133854
2021-05-04,3.3584076261797358,-0.007893769874144545,2.4557013346766925
2021-05-05,3.369318722315759,0.003248889756850274,2.494044784046218
2021-05-06,3.3724060699707787,0.0009163121418499316,2.51829766177822
2021-05-07,3.4043784885894386,0.009480595739449822,2.544116225769445
2021-05-10,3.3593314164004897,-0.013232098704634107,2.367379896283521
2021-05-11,3.3426234894326554,-0.004973586972176971,2.3478925379404982
2021-05-12,3.2795090012311885,-0.01888172221639588,2.2316029855972523
2021-05-13,3.28798715768803,0.0025851907872972927,2.3240739517311346
2021-05-14,3.351567006740733,0.019337012586572794,2.4129126535154257
2021-05-17,3.3553907417518745,0.0011408797745805085,2.415477100508271
2021-05-18,3.3399666381063042,-0.00459681295941031,2.271428197719534
2021-05-19,3.32655155323498,-0.0040165325959454655,2.2722193773980486
2021-05-20,3.353449929236261,0.008085963969241317,2.279255851008631
2021-05-21,3.3574445006752756,0.0011911826695811469,2.29304900638909
2021-05-24,3.3897606628738033,0.009625226028912156,2.361434880277532
2021-05-25,3.3775805344818712,-0.0035932119117831375,2.2806167992661663
2021-05-26,3.4091255086947867,0.009339518004344087,2.312443889471792
2021-05-27,3.4371468937282184,0.008219522854751004,2.4128154451426687
2021-05-28,3.4347523173896692,-0.0006966755895474469,2.4038977630686515
2021-06-01,3.4662046276004697,0.009157082463140516,2.4347389196526055
2021-06-02,3.4848533086159756,0.005380144284330885,2.4504726295807284
2021-06-03,3.45861959367,-0.007527925172952123,2.336789621298303
2021-06-04,3.4859763729707396,0.007909739293332007,2.359814066507001
2021-06-07,3.487750277570289,0.0005088687959286302,2.278072397981984
2021-06-08,3.4768262776453653,-0.003132104954639636,2.187610836364072
2021-06-09,3.454561109214414,-0.0064038771721519104,2.1745367854632516
2021-06-10,3.4555921359747424,0.0002984537623544663,2.2286731202227625
2021-06-11,3.4697789268199073,0.004105458713565097,2.445491947418351
2021-06-14,3.465230903398001,-0.001310753081918891,2.3666185232887162
2021-06-15,3.4562024269198584,-0.002605447293364903,2.320281742739098
2021-06-16,3.4498677207185207,-0.0018328516154023998,2.2716030431351326
2021-06-17,3.423647390158988,-0.007600387227041754,2.2393744177051604
2021-06-18,3.3805871497803213,-0.012577300017063675,2.1260771937272116
2021-06-21,3.4289393179011594,0.014302890586323128,2.2482359073259164
2021-06-22,3.4423516480514134,0.003911509918018551,2.274159314933811
2021-06-23,3.4592469221556055,0.004908061648424436,2.2990565495130357
2021-06-24,3.4892527578886687,0.008674094798172364,2.4670740069753614
2021-06-25,3.5072529648220243,0.005158756955242025,2.471570207932589
2021-06-28,3.495943422891746,-0.0032246154023430054,2.524091700601002
2021-06-29,3.4829122024185364,-0.0037275261343990987,2.434290599031522
2021-06-30,3.504475094574601,0.0061910524592296325,2.446954873700386
2021-07-01,3.5164379211391057,0.0034135858414358605,2.4764726392222802
2021-07-02,3.5278178958896094,0.0032362222811023263,2.491399071188313
2021-07-06,3.48917668152882,-0.010953290532884814,2.3474474670457277
2021-07-07,3.459651836358395,-0.00846183723705514,2.331283386800961
2021-07-08,3.4197090680852917,-0.011545314431161536,2.2131824108531397
2021-07-09,3.484656597247375,0.018992121221132825,2.3723006997646974
2021-07-12,3.4881356880355074,0.0009984027668266473,2.310006857191619
2021-07-13,3.452510581893808,-0.010213222571557483,2.273385651461192
2021-07-14,3.4200489003402788,-0.009402340929458738,2.1749575017764733
2021-07-15,3.389043311767538,-0.009065831944583012,2.0244471102853487
2021-07-16,3.3319518990248906,-0.01684587876006572,1.9280654572138118
2021-07-19,3.269952674248794,-0.018607478935767603,1.7901429159004585
2021-07-20,3.338079277739065,0.020834125223516173,1.9066921552312324
2021-07-21,3.4133397258610114,0.02254603376973152,2.028366480226863
2021-07-22,3.4030864086156627,-0.003003895910994503,1.9980257418723977
2021-07-23,3.412206557260063,0.002679963876706228,2.0536708539200106
2021-07-26,3.4424763221219568,0.00887102358955667,2.1395841468621355
2021-07-27,3.4123590021296732,-0.008748737006190575,2.0627091009906717
2021-07-28,3.439539831446028,0.007965407303097787,2.123188525329488
2021-07-29,3.455814763696152,0.004731717917998946,2.124158034865404
2021-07-30,3.4210332136105284,-0.010064645377121697,2.0753406540958577
2021-08-02,3.416941795354039,-0.0011959598171136345,2.0774618729363055
2021-08-03,3.4511003215750113,0.00999681243251399,2.1183632656952827
2021-08-04,3.4265982235503687,-0.007099793034547494,2.0277389524732987
2021-08-05,3.46469726299169,0.01111861880376683,2.072492549903181
2021-08-06,3.4844218159868388,0.005693009085046863,2.0912017542568755
2021-08-09,3.4835207587280217,-0.00025859591817574727,2.0949865577820668
2021-08-10,3.5108936869191916,0.007857834095745253,2.1076397220214904
2021-08-11,3.5134343236057335,0.0007236438676589911,2.1397606080970655
2021-08-12,3.514889447097572,0.00041415986690347125,2.1134950236325145
2021-08-13,3.496348522542213,-0.005274966633920576,2.0905954769064725
2021-08-16,3.465558123764873,-0.008806444374415972,2.018575612209819
2021-08-17,3.422761846659687,-0.01234902880771579,1.9240409136790968
2021-08-18,3.398411752398275,-0.007114165505022073,1.87398488832193
2021-08-19,3.356288148159912,-0.01239508550093619,1.793315399193352
2021-08-20,3.383551096889865,0.008122946399849522,1.8396287421736883
2021-08-23,3.4562402249429356,0.02148308861653832,1.9748024840677134
2021-08-24,3.4912059626195835,0.010116697741177644,1.9776507422358967
2021-08-25,3.5108588851299807,0.005629264707044461,2.0080581342486097
2021-08-26,3.4715761832736094,-0.011188915060856104,1.9096262806491675
2021-08-27,3.5284996285962547,0.016397003066476762,1.9899344497403162
2021-08-30,3.5047362420803245,-0.006734700019051406,1.8941296718917273
2021-08-31,3.510759890610959,0.0017187166492903339,1.9265667633229586
2021-09-01,3.4982911823078533,-0.00355156965774023,1.8729554103750508
2021-09-02,3.5248548846746623,0.007593336569909151,1.8813527064831292
2021-09-03,3.513003757913997,-0.0033621601876977713,1.9668612992177665
2021-09-07,3.5203556892765095,0.0020927764013774753,1.9891829828031171
2021-09-08,3.4765667782183476,-0.012438774636196245,2.0102320412443
2021-09-09,3.487728008069105,0.0032104172198519497,1.9958313763434261
2021-09-10,3.4644877452931118,-0.006663438984411966,2.0198712312119347
2021-09-13,3.500077317579346,0.01027267951361265,2.0808978758171714
2021-09-14,3.459853795237143,-0.011492181084165675,1.9225009824779473
2021-09-15,3.507308741252331,0.013715881890880681,1.9884527452540808
2021-09-16,3.5055128259004715,-0.0005120494043586013,1.9496334585853827
2021-09-17,3.4855396648047368,-0.005697643137450019,1.9450284182265196
2021-09-20,3.4114614212290886,-0.021253019818897507,1.8373112235439246
2021-09-21,3.4121141820304848,0.0001913434510308771,1.9448424789833512
2021-09-22,3.4674752888639016,0.016224869356649834,2.0225608056192885
2021-09-23,3.529881308732039,0.017997538459339588,2.277569969003639
2021-09-24,3.5397816321998654,0.0028047185165505054,2.289159290140534
2021-09-27,3.5683395551212076,0.00806770752793433,2.2646672877966387
2021-09-28,3.512708344335335,-0.01559022338724236,2.0605383918898554
2021-09-29,3.5049128221217907,-0.0022192341206224383,2.0912339179817483
2021-09-30,3.4787976218003216,-0.007451027071669033,2.0136718873744432
2021-10-01,3.5302211399866006,0.014781980378515587,2.078072755474305
2021-10-04,3.5085916063691456,-0.006126962804810803,2.0611514988458914
2021-10-05,3.539305050252684,0.008753781382759014,2.036290150520072
2021-10-06,3.5289245432319163,-0.002932922388259877,2.1017012372248605
2021-10-07,3.5591275741061463,0.008558706910340847,2.0623832145042518
2021-10-08,3.5613753951826332,0.0006315651882896586,1.9930786497283057
2021-10-11,3.539507535662529,-0.006140284888159925,1.941606618447782
2021-10-12,3.534805526909082,-0.0013284358646143586,1.8967564741608975
2021-10-13,3.535501000143009,0.00019675006973725702,1.9578255418255668
2021-10-14,3.583680931377567,0.013627469270298204,2.0699437765702293
2021-10-15,3.606083882902546,0.006251380062556958,2.093771309354585
2021-10-18,3.615524034914174,0.002617840382578558,2.1378985732762903
2021-10-19,3.6317325304097494,0.004483028003424814,2.2185210260142063
2021-10-20,3.652975985291644,0.005849399619607326,2.2089526820020753
2021-10-21,3.6527037577412336,-7.452212976668363e-05,2.264768955297775
2021-10-22,3.639480362225325,-0.0036201664281927774,2.1424102738439843
2021-10-25,3.676434844549744,0.010153779838455704,2.2004704613431403
2021-10-26,3.6830611025653672,0.0018023597032996502,2.3795308917911218
2021-10-27,3.637375744240472,-0.012404181481831587,2.3445324737644544
2021-10-28,3.680722153954714,0.011916945831861892,2.650189280213489
2021-10-29,3.6769574228505255,-0.0010228240401529989,2.5548345767243403
2021-11-01,3.726583498983183,0.013496505514112099,2.6681211742875677
2021-11-02,3.726089980944703,-0.0001324317672245643,2.605731739665991
2021-11-03,3.752916485367206,0.007199639450387472,2.5761181982720562
2021-11-04,3.770580717167882,0.004706801195696459,2.5480444358569283
2021-11-05,3.8016083656616915,0.008228877942471144,2.496650077849152
2021-11-08,3.82805122394217,0.006955702886000989,2.539436451978922
2021-11-09,3.800451977836887,-0.00720973792948913,2.297381336657498
2021-11-10,3.7433110539516994,-0.01503529691163486,2.192888269325158
2021-11-11,3.7611697408784597,0.00477082632711147,2.1993309318831744
2021-11-12,3.784034509993575,0.0060791643797962445,2.318879240238072
2021-11-15,3.7858992999417036,0.0004928046885416819,2.227373079116902
2021-11-16,3.7737522767811664,-0.00320849082296621,2.097262847463359
2021-11-17,3.753070859584864,-0.005480332485931681,2.0324007825888573
2021-11-18,3.746067317139314,-0.0018660831909591007,2.0389680677154414
2021-11-19,3.720978872944361,-0.006697275321285974,1.938580442293054
2021-11-22,3.714548648605446,-0.0017281002011781629,1.9647519032840355
2021-11-23,3.7218915000518926,0.001976781606885976,1.8731082809847313
2021-11-24,3.7385410942928483,0.004473422785356214,1.7917533491815323
2021-11-26,3.6548941842958818,-0.022374211727847426,1.5744956004352917
2021-11-29,3.690090124454085,0.009629810983155365,1.6215725545456272
2021-11-30,3.613462903433697,-0.020765677378062397,1.4905658169249054
2021-12-01,3.537665689329947,-0.020976336586083045,1.2921548118471196
2021-12-02,3.600669528713765,0.01780943845933377,1.3558682335572536
2021-12-03,3.5629033149604923,-0.010488664247608352,1.224160059414868
2021-12-06,3.608046979925069,0.012670471515468823,1.2421781766961972
2021-12-07,3.6715302138266184,0.01759490224344802,1.3408118578019719
2021-12-08,3.692743701204277,0.005777832713393123,1.3513127608577014
2021-12-09,3.6483728499526435,-0.012015686666031932,1.3222381641208718
2021-12-10,3.6635448829946786,0.004158575251493914,1.3302664195683926
2021-12-13,3.608211904784761,-0.015103671437672335,1.257054392097158
2021-12-14,3.600148148644301,-0.0022348344147323806,1.2772931122154259
2021-12-15,3.643222105109542,0.011964495539290756,1.3130763211202903
2021-12-16,3.6165698408501323,-0.007315574919802573,1.2705618334420656
2021-12-17,3.6072463051985655,-0.0025780051435077794,1.2427979710794643
2021-12-20,3.5723189095348267,-0.009682564679158005,1.2063104475302577
2021-12-21,3.654462857946756,0.02299457313082553,1.363850519616615
2021-12-22,3.6808123388655907,0.007210219926448722,1.4573384845900814
2021-12-23,3.7086127395173927,0.007552789463961186,1.4692630437666938
2021-12-27,3.7349935352818897,0.007113386491772065,1.5287655280939305
2021-12-28,3.7206881011804653,-0.003830109467738152,1.4982189334958107
2021-12-29,3.710236268583415,-0.002809112807314894,1.4863036066401334
2021-12-30,3.7108639162991124,0.00016916650861605905,1.4618043725207504
2021-12-31,3.6939972507197285,-0.00454521264045847,1.4345009510574165
2022-01-03,3.7691434496449827,0.020342786912094374,1.6140077728078774
2022-01-04,3.783202463715223,0.0037300289198503836,1.5686075283924774
2022-01-05,3.712020863540596,-0.018815170707180254,1.3932491666935694
2022-01-06,3.7179668606959586,0.0016018221270694439,1.3256375077067613
2022-01-07,3.7329751018530537,0.004036679647619459,1.3564864130969883
2022-01-10,3.729955735844134,-0.0008088363641699378,1.3414904868507036
2022-01-11,3.776604596368715,0.012506545339478141,1.3579668720414224
2022-01-12,3.779501097514833,0.0007669590692399499,1.3639141489479052
2022-01-13,3.741643454345843,-0.010016571550642717,1.2438116923506533
2022-01-14,3.7574699447621884,0.004229823233949049,1.3515795106495
2022-01-18,3.683414108708542,-0.019708962983690223,1.1539146996803034
2022-01-19,3.6344289961771117,-0.013298833931166478,1.0148945117079013
2022-01-20,3.592193929806098,-0.011620825834110076,0.9515674622882254
2022-01-21,3.487365681393201,-0.029182235274963303,0.7518302091552982
2022-01-24,3.499350970770723,0.003436774480367645,0.7791984044208695
2022-01-25,3.483312823463945,-0.0045831776923037255,0.771620556568149
2022-01-26,3.4728456685419555,-0.003004942551091529,0.8454093946632875
2022-01-27,3.429226016578384,-0.012560204548878016,0.7024600938012219
2022-01-28,3.481356615259704,0.015201855587615963,0.8879637206486763
2022-01-31,3.565540897412875,0.02418145897038224,0.989430311997745
2022-02-01,3.60776048603451,0.011841005288221232,1.0012784486311606
2022-02-02,3.5906161463722466,-0.00475207257483645,0.9089093695046484
2022-02-03,3.514226784492565,-0.02127472243360267,0.7087098067053454
2022-02-04,3.5437776917443555,0.008408935752863656,0.7364219573628751
2022-02-07,3.5381662429521477,-0.0015834652397300625,0.6457579567577711
2022-02-08,3.551145218376091,0.0036682774445086995,0.6816563600296702
2022-02-09,3.6119952768743633,0.01713533374624938,0.7823528269235381
2022-02-10,3.5693594937394506,-0.011803942105873336,0.7116564458993081
2022-02-11,3.5207593864725055,-0.013615918304723282,0.5919639111306195
2022-02-14,3.510313837131265,-0.0029668455564940076,0.5335531789761004
2022-02-15,3.5640173578789835,0.015298780462206809,0.6134818590017395
2022-02-16,3.55332460777629,-0.0030001958545614565,0.657186435594769
2022-02-17,3.491702414140177,-0.017342123345909895,0.464679062463882
2022-02-18,3.464798591974377,-0.00770507304885101,0.42964015591868165
2022-02-22,3.4278322996781325,-0.010669102781867492,0.37830084398906655
2022-02-23,3.386445305439983,-0.012073809515721061,0.18766451617135801
2022-02-24,3.4298591901638753,0.012819898391434888,0.4490998474311823
2022-02-25,3.4907536812560562,0.017754224799319356,0.559877308703335
2022-02-28,3.499444929321695,0.0024897912769691055,0.44036638088132035
2022-03-01,3.4625379413792348,-0.010546526288560391,0.4032397988550874
2022-03-02,3.4998147724268915,0.010765753813749678,0.5104223662693317
2022-03-03,3.4639161795744293,-0.010257283652634184,0.5297947456531072
2022-03-04,3.431234234610653,-0.009434969921180751,0.41761606396219747
2022-03-07,3.3623195679555544,-0.020084512435776167,0.31480986981983755
2022-03-08,3.3697959667273265,0.0022235836364352876,0.23963807025261116
2022-03-09,3.4357798259295276,0.01958096568863871,0.3246344537949938
2022-03-10,3.426047057703887,-0.002832768314252232,0.23200567541056025
2022-03-11,3.3937392435265132,-0.009430055581030522,0.1311318382380176
2022-03-14,3.3592756043269696,-0.010155063994761094,0.017995347199967423
2022-03-15,3.406381738375278,0.014022705963045416,0.15755696124733312
2022-03-16,3.4780424434791786,0.021037191544503696,0.24270580205140846
2022-03-17,3.5142719839001253,0.01041664701041016,0.4315613040178005
2022-03-18,3.5473594554165158,0.009415170956594533,0.46381870942345094
2022-03-21,3.5380178121679147,-0.0026334075714648133,0.4418705136252457
2022-03-22,3.574514751320533,0.010315645960599218,0.6121205716637976
2022-03-23,3.5545562158495754,-0.0055835650037768265,0.6368756159452981
2022-03-24,3.5811903225515422,0.007492948510198447,0.6501499798274101
2022-03-25,3.5819755317627826,0.0002192592798812884,0.5936087318281035
2022-03-28,3.592163991237129,0.002844368808218134,0.6532850761859396
2022-03-29,3.636593371372548,0.01236841643193403,0.7023795419000156
2022-03-30,3.6130870837415032,-0.006463820732910966,0.6345938148726132
2022-03-31,3.5734696415806857,-0.010964984026842808,0.4895264946210443
2022-04-01,3.577465115119079,0.0011180936006569757,0.4395833161584861
2022-04-04,3.6118165494147156,0.009602171702656394,0.4869830681377495
2022-04-05,3.5700492290939376,-0.01156407579104382,0.4098060623626692
2022-04-06,3.531161378951308,-0.010892805013923864,0.33579223631487
2022-04-07,3.5306532013434313,-0.00014391231477151216,0.31964961164408046
2022-04-08,3.5242290198803374,-0.0018195447405169646,0.34241089176311174
2022-04-11,3.5042220911549027,-0.005676966114453723,0.28542657165965496
2022-04-12,3.497259874455621,-0.001986808061297065,0.2871135392347451
2022-04-13,3.5306310970560797,0.00954210547640624,0.3261700568222153
2022-04-14,3.5028330774889724,-0.007873385466492255,0.27780639489153336
2022-04-18,3.503140894009313,8.787644558878849e-05,0.32914721026211596
2022-04-19,3.5400777182780776,0.010543916270090662,0.4852787647860101
2022-04-20,3.4998662072830924,-0.011358934519252371,0.33065429057842805
2022-04-21,3.4620742028697338,-0.010798128321224097,0.3293814005542029
2022-04-22,3.4155012312520783,-0.013452332009247808,0.17244521101950788
2022-04-25,3.4252512423693844,0.0028546355153067056,0.14768259315829457
2022-04-26,3.362947943841017,-0.018189409803781198,0.034452380645461286
2022-04-27,3.354446968489108,-0.0025278343566032097,0.016787836439896012
2022-04-28,3.402637368156889,0.01436612357281863,0.08947055087509954
2022-04-29,3.3479811368559327,-0.016062902210047088,0.015132961481666627
2022-05-02,3.3794881886823065,0.009410761452485766,0.07080485296425237
2022-05-03,3.388752917924905,0.0027414592758825537,0.13653869147361605
2022-05-04,3.4404339073640053,0.015250739930235728,0.20975874051924887
2022-05-05,3.3654870822430554,-0.021784120008970866,0.06957129980056151
2022-05-06,3.3421713633036476,-0.006927888406532813,-0.030432532127523802
2022-05-09,3.2623473632538076,-0.023883874096430596,-0.09469411108152026
2022-05-10,3.267774296025837,0.0016635054970408564,-0.054536640623185265
2022-05-11,3.223679355053498,-0.013493875946685168,-0.021977943618944392
2022-05-12,3.233805857065289,0.0031412869880859894,-0.018598298034147278
2022-05-13,3.2997050674283877,0.020378220980434264,-0.012263478644484925
2022-05-16,3.285101158637173,-0.004425822457701188,-0.04604071168825984
2022-05-17,3.3307555489386105,0.013897407749957132,0.0659823904971724
2022-05-18,3.2674466745575623,-0.01900736137817812,-0.024547790065018612
2022-05-19,3.265939149478871,-0.000461377102319625,-0.07602021902092362
2022-05-20,3.2550317602959007,-0.003339740480073131,-0.10327292946202403
2022-05-23,3.2755062917012725,0.006290117244051205,-0.12346217205064175
2022-05-24,3.232906841388078,-0.013005455193636183,-0.17965416299908876
2022-05-25,3.2618713562924797,0.00895927916437125,-0.18196127205409807
2022-05-26,3.3013549361318666,0.012104579097890844,-0.15839403578469796
2022-05-27,3.345970298271004,0.013514257934171896,-0.07290411214358802
2022-05-31,3.343005967936407,-0.0008859404209680843,-0.13315248454879908
2022-06-01,3.3175647875423118,-0.007610270707892108,-0.21084140649864286
2022-06-02,3.3600806778546866,0.012815391118215683,-0.08890388942897531
2022-06-03,3.320023239720703,-0.011921570335495494,-0.2070834661188671
2022-06-06,3.3242619029091496,0.0012766968428821177,-0.20249746291427206
2022-06-07,3.3402934967458413,0.004822602521979983,-0.15500443656924456
2022-06-08,3.3263144012776946,-0.004184990175793011,-0.14183029703132116
2022-06-09,3.2755005538471114,-0.015276321267485923,-0.23379593407977994
2022-06-10,3.227162528943706,-0.014757446719595772,-0.3446980481849421
2022-06-13,3.151212811005133,-0.023534519026357347,-0.4718509225553849
2022-06-14,3.145929217890374,-0.0016766855911181273,-0.4664297603010151
2022-06-15,3.1769129283383473,0.009848826309178839,-0.3972119347578907
2022-06-16,3.119183890891085,-0.018171425767547517,-0.4570385086694475
2022-06-17,3.13469973642368,0.004974328566490068,-0.3554623284732386
2022-06-21,3.1671990002184094,0.010367584307071964,-0.379094558638626
2022-06-22,3.1570674563294943,-0.003198897160619438,-0.4207697624576619
2022-06-23,3.1740650571451194,0.005383984045556971,-0.41794718314830737
2022-06-24,3.222094188100976,0.015131741187137483,-0.3791343924621354
2022-06-27,3.2149812784336738,-0.0022075424404320127,-0.4223152638772146
2022-06-28,3.185523733026575,-0.009162586919153273,-0.45644473313438255
2022-06-29,3.1625933516085483,-0.007198308140131248,-0.4763983950592872
2022-06-30,3.1424009753466793,-0.006384752643459181,-0.5497602931379291
2022-07-01,3.1559734231612797,0.004319133019968262,-0.5444104077077011
2022-07-05,3.177782920081992,0.00691054517780645,-0.5226391965166327
2022-07-06,3.1658762058308945,-0.0037468620577739424,-0.4814891190945259
2022-07-07,3.2025115758097233,0.011571952785568286,-0.36413892483232607
2022-07-08,3.196692260969554,-0.0018171096973156652,-0.30810565641129795
2022-07-11,3.1596420903448816,-0.011590158701555744,-0.4887323156449215
2022-07-12,3.162257348014447,0.0008277069347686501,-0.48973689774215523
2022-07-13,3.15658331894098,-0.0017942970634660812,-0.44109287538881664
2022-07-14,3.143778269945393,-0.004056616823243935,-0.41017982109001033
2022-07-15,3.179530372588204,0.01137233595148945,-0.28969891570219153
2022-07-18,3.189547446303182,0.003150488449910266,-0.17301695874405906
2022-07-19,3.2321667472180184,0.013362178062042549,0.015730344635348285
2022-07-20,3.2611906886768964,0.008979716620084371,-0.054782502570128934
2022-07-21,3.2650738302874203,0.0011907128350410552,-0.18365643076977536
2022-07-22,3.237183586203328,-0.0085419949237832,-0.21670259453008067
2022-07-25,3.2397048881566888,0.000778856646903407,-0.22814700281322173
2022-07-26,3.2049715387661672,-0.010721146088798227,-0.3456223951523815
2022-07-27,3.2530670564238515,0.015006535027203324,-0.20246849925523855
2022-07-28,3.26316416614843,0.003103873836427546,-0.23179485855630685
2022-07-29,3.278882314387125,0.004816842622186445,-0.23128138750591223
2022-08-01,3.283873966734008,0.0015223639851241414,-0.16214320223171533
2022-08-02,3.291981467417828,0.002468883022293073,-0.14013563523421738
2022-08-03,3.322691314392602,0.009328681609760898,-0.14417876962300666
2022-08-04,3.32216940358311,-0.0001570747204927449,-0.10259852326739642
2022-08-05,3.32818166046135,0.0018097382005128628,-0.1588715552718761
2022-08-08,3.326218235834432,-0.0005899391401146235,-0.1968193189772378
2022-08-09,3.302351201725048,-0.007175426390324208,-0.2382755380902222
2022-08-10,3.3488574572918983,0.014082770948939968,-0.20030603479627632
2022-08-11,3.3531814503939747,0.0012911845777911165,-0.19689393911934175
2022-08-12,3.3808936300396,0.008264443799296617,-0.14957361591027038
2022-08-15,3.3787507380553103,-0.0006338241360951722,-0.12180218215577861
2022-08-16,3.3842026633260804,0.0016135920325120285,-0.059369441246357714
2022-08-17,3.3544313083390387,-0.008797154883679917,-0.038084330434630415
2022-08-18,3.3593062969628997,0.0014532980931050582,0.013463070575714142
2022-08-19,3.325939768944535,-0.009932564960965453,0.02831704228325554
2022-08-22,3.2850781888720713,-0.012285724610530431,-0.0945327661937478
2022-08-23,3.2906882749246633,0.001707748105234188,-0.2153396590122974
2022-08-24,3.3051893210091143,0.0044066909026144975,-0.2503810049443512
2022-08-25,3.3363767197571312,0.009435888755230165,-0.22699943142876025
2022-08-26,3.2826905111571674,-0.016091171084502635,-0.2561394411069709
2022-08-29,3.274748557888207,-0.0024193426830727465,-0.37195412657347987
2022-08-30,3.2574337774568014,-0.005287361800556444,-0.3632567604493405
2022-08-31,3.247496103612516,-0.0030507677279763825,-0.39226802073235023
2022-09-01,3.2408782710323587,-0.0020378261802364195,-0.3831064908557325
2022-09-02,3.227728212359115,-0.004057560196191718,-0.4544519879379026
2022-09-06,3.2113356684346295,-0.0050786630242651435,-0.4647971660942054
2022-09-07,3.239869759377087,0.008885427712502806,-0.42279352096012307
2022-09-08,3.2583929459794967,0.005717262722922347,-0.3129858218448314
2022-09-09,3.2958808695469632,0.011505034594959593,-0.2618051819359309
2022-09-12,3.3187980736952034,0.0069532865583791965,-0.17895045202594959
2022-09-13,3.243689797576747,-0.022631167805527066,-0.3763339569797474
2022-09-14,3.256617838069598,0.00398559705139156,-0.2834443525035517
2022-09-15,3.250932605193564,-0.0017457476310466507,-0.37831977304583553
2022-09-16,3.2300400880886637,-0.006426622647151387,-0.4139404709482157
2022-09-19,3.241612434076651,0.0035827251899016132,-0.3577325188491223
2022-09-20,3.211828368494468,-0.009188040269430497,-0.2864280508414845
2022-09-21,3.178370493601954,-0.010417080570278774,-0.35056317354793975
2022-09-22,3.151737908366712,-0.008379320563431401,-0.502533699758044
2022-09-23,3.112686179049113,-0.012390538316631826,-0.6910703504679563
2022-09-26,3.089628213609607,-0.007407738561858433,-0.7532820568165499
2022-09-27,3.0958851837943233,0.002025153109734841,-0.7913808784036275
2022-09-28,3.140469375326269,0.014401112730318646,-0.6071127477967276
2022-09-29,3.096166999634336,-0.014106928104443145,-0.6778462912434292
2022-09-30,3.065086443150256,-0.010038397957135516,-0.6931405852226922
2022-10-03,3.1054963533983475,0.013183938201285711,-0.703532501313381
2022-10-04,3.170242336944756,0.02084883579900425,-0.5340583505667293
2022-10-05,3.164878073451768,-0.0016920673320379826,-0.5984687888885852
2022-10-06,3.155161802143223,-0.003070030213817316,-0.599295678423513
2022-10-07,3.1045310920127442,-0.016046945705315802,-0.7468683462218376
2022-10-10,3.077558071462157,-0.008688275218110362,-0.8024753955565594
2022-10-11,3.058982656780338,-0.0060357641514767035,-0.8018587981563324
2022-10-12,3.073065067992272,0.004603625712202019,-0.7655313216472351
2022-10-13,3.1098611621183587,0.01197374390452693,-0.692193701351222
2022-10-14,3.0738540471752502,-0.011578367350194393,-0.8457147705640911
2022-10-17,3.116580970110961,0.013900114410108407,-0.797058216333241
2022-10-18,3.137074897967262,0.006575772634449197,-0.772606819576924
2022-10-19,3.1265380145105865,-0.0033588243186361746,-0.8201440426933105
2022-10-20,3.1281977315301996,0.0005308481815702769,-0.852840108004766
2022-10-21,3.1710512362726937,0.013699103579853232,-0.7668832289956254
2022-10-24,3.1794248045205977,0.0026406284932016812,-0.7292319865057446
2022-10-25,3.217449366122367,0.011959572545230491,-0.7178319735475711
2022-10-26,3.2053522447386547,-0.003759848254672475,-0.7511818031785642
2022-10-27,3.1945079176887603,-0.003383193553124997,-0.698667840715384
2022-10-28,3.223764252349521,0.009158322788546282,-0.7160724125844791
2022-10-31,3.21227009367535,-0.003565446408121881,-0.7312810153003761
2022-11-01,3.2201882745889487,0.0024649798063958147,-0.8005153954734211
2022-11-02,3.175785850325763,-0.01378876651827254,-0.8803131117965352
2022-11-03,3.1714141078228453,-0.0013765860511246908,-0.9330499525705315
2022-11-04,3.1878117071658427,0.005170437787531562,-0.9301638734612119
2022-11-07,3.1909418229401587,0.0009819010850859863,-0.9752557722877446
2022-11-08,3.200510958924812,0.0029988437632610093,-0.9999866079058192
2022-11-09,3.153800839382787,-0.014594581971910091,-1.0417840301533992
2022-11-10,3.2596908323909797,0.03357535824263256,-0.7358033586928538
2022-11-11,3.3096022907509295,0.015311715413004278,-0.6706849158852322
2022-11-14,3.2894422183827148,-0.006091388208351848,-0.7427272041639189
2022-11-15,3.314130777261172,0.007505393692732298,-0.7005253030186097
2022-11-16,3.2738214480063554,-0.012162866212578491,-0.7516880880137252
2022-11-17,3.2656839825457173,-0.0024856167600691157,-0.7343185796394747
2022-11-18,3.261598018149249,-0.0012511818100914732,-0.7307128814631801
2022-11-21,3.2395408744441747,-0.006762680006038943,-0.7310878302431478
2022-11-22,3.259526643538236,0.006169321477535147,-0.6840591913779719
2022-11-23,3.27960650577795,0.006160361437609638,-0.6590004247258509
2022-11-25,3.273039621109041,-0.002002339200553363,-0.6973601465268022
2022-11-28,3.25086621548578,-0.0067745607111678015,-0.6102349690522617
2022-11-29,3.25713475999957,0.00192826898994785,-0.6570130724694807
2022-11-30,3.3113918541429173,0.016657921191862084,-0.43567474341844653
2022-12-01,3.3162567185145493,0.001469129775609512,-0.30435217949545146
2022-12-02,3.310338730198529,-0.001784538658596692,-0.42437850763728463
2022-12-05,3.271788611895412,-0.011645369687229807,-0.4311627863753105
2022-12-06,3.2391983483067843,-0.009960993039140033,-0.5684582966551722
2022-12-07,3.2198159133540676,-0.005983713520614924,-0.71471389649404
2022-12-08,3.2417732859489785,0.006819449678425312,-0.7082044672498758
2022-12-09,3.236282606570173,-0.001693727134653209,-0.6471189411143201
2022-12-12,3.2560423354338552,0.006105687069345257,-0.6350146546562658
2022-12-13,3.2630683624084793,0.0021578426355713075,-0.5320779852092908
2022-12-14,3.2572710724954543,-0.0017766375904996348,-0.5292946191381188
2022-12-15,3.213717338416473,-0.013371234112736505,-0.683834642240924
2022-12-16,3.1944994962175755,-0.0059799416610692635,-0.6758884394635908
2022-12-19,3.1689930819247856,-0.00798447904687118,-0.7082196821002749
2022-12-20,3.1659105299759127,-0.0009727228394579867,-0.6561145722712002
2022-12-21,3.187285471368509,0.006751593637978909,-0.7625076571769651
2022-12-22,3.1564762136579962,-0.009666300049767504,-0.8662284579155027
2022-12-23,3.162796538487351,0.0020023356431475535,-0.9014717836634042
2022-12-27,3.1459930150315136,-0.0053128689282914586,-0.9788797867302258
2022-12-28,3.1277698656557313,-0.005792495179967786,-0.990692744383766
2022-12-29,3.1706564124061623,0.01371154163909051,-0.8852946306883507
2022-12-30,3.1723901907274685,0.000546819994283268,-0.8829594797091878
2023-01-03,3.1709462744615395,-0.00045515090487594086,-0.8580541265063415
2023-01-04,3.209204852936979,0.012065350581171756,-0.9138118095969417
2023-01-05,3.193704437606937,-0.0048299862552734765,-0.9667866907153665
2023-01-06,3.230707940830393,0.01158638939399884,-0.7814815336348103
2023-01-09,3.2483114028138718,0.005448793981344653,-0.7571451594205606
2023-01-10,3.266646296427582,0.005644438398925629,-0.7469226750077615
2023-01-11,3.2913571012419425,0.007564579257137298,-0.6941230121772058
2023-01-12,3.325823984000842,0.010471936559510247,-0.7073882346902454
2023-01-13,3.3293116682706327,0.0010486677246205709,-0.7056308847852191
2023-01-17,3.338854006485622,0.0028661594845356855,-0.6267211683752966
2023-01-18,3.304410972063809,-0.010315825236715492,-0.7160132302842397
2023-01-19,3.2813522031559343,-0.006978178290417904,-0.641125430453837
2023-01-20,3.3283170287469575,0.014312643899016188,-0.4683588019033896
2023-01-23,3.370333754583481,0.012624015523047122,-0.3169528023962934
2023-01-24,3.3615293468802827,-0.00261232517142396,-0.15391149705627588
2023-01-25,3.372430793420812,0.0032430020432951314,-0.15514318685122375
2023-01-26,3.3883750066680465,0.0047278103611019095,-0.09615130968946022
2023-01-27,3.410052546966499,0.006397621354127929,-0.03656410473335493
2023-01-30,3.3848206028325762,-0.007399283086229423,-0.0039002349483304947
2023-01-31,3.417428778822721,0.0096336497015105,-0.03933313757424586
2023-02-01,3.468179325728612,0.01485050609405064,-0.099428822812267
2023-02-02,3.5272370700215614,0.017028457512225603,-0.06597918711852764
2023-02-03,3.5001191039512776,-0.007688160883985567,-0.0846760838648584
2023-02-06,3.48491053150966,-0.004345158547447354,0.023621343384162413
2023-02-07,3.503495991108526,0.005333123886774321,0.003811274714169612
2023-02-08,3.4829247091234077,-0.005871644219752379,-0.02382025025636657
2023-02-09,3.4554736377806012,-0.00788161491716987,-0.09813960017418075
2023-02-10,3.440104931001991,-0.004447641159977497,-0.23844088780186132
2023-02-13,3.463789171392183,0.0068847435951010835,-0.11766511668203254
2023-02-14,3.4870687448035964,0.006720840172283473,0.01428219744510835
2023-02-15,3.522592033522645,0.010187148954830699,0.09965215718298327
2023-02-16,3.4815173967144637,-0.0116603445466564,-0.07552739271406694
2023-02-17,3.4652593822046884,-0.004669807057439394,-0.08636611894399077
2023-02-21,3.411965861239276,-0.015379374265341696,-0.07370054857331942
2023-02-22,3.4067048298391134,-0.0015419355333912076,-0.0336023025688992
2023-02-23,3.4155379356513773,0.0025928591567121327,0.05299354316187995
2023-02-24,3.3894470794582325,-0.007638871734027227,0.0821319295389484
2023-02-27,3.4001156571842603,0.003147586457592152,0.018862600624572942
2023-02-28,3.3957059512366414,-0.001296928220162564,-0.10702142609400898
2023-03-01,3.3888600462834697,-0.002016047635302032,-0.13683354682505022
2023-03-02,3.4039989849873016,0.00446726583484456,-0.03759297795612754
2023-03-03,3.443839005478877,0.011703887300578477,-0.031360580323736
2023-03-06,3.432754750167021,-0.0032185753440337247,0.015301505193553715
2023-03-07,3.400776788445221,-0.009315539282334112,0.01609515842812112
2023-03-08,3.409090583511423,0.002444675314901525,0.1671453809374882
2023-03-09,3.3551143137580115,-0.015833040639775347,0.04594239606035212
2023-03-10,3.313449064425731,-0.012418429131140968,-0.1680808815577515
2023-03-13,3.285945170972135,-0.008300683945585984,-0.2044196272168763
2023-03-14,3.319737943837349,0.010284034305787563,-0.07256195465489423
2023-03-15,3.304916667376154,-0.004464592299735236,-0.034591766929305545
2023-03-16,3.3516773406394007,0.014148820672192985,-0.03374457979198439
2023-03-17,3.324156856187763,-0.008210958769195704,-0.23156128123295378
2023-03-20,3.3343399413299073,0.0030633587952352908,-0.2818734582724905
2023-03-21,3.3957132444047584,0.01840643250381134,-0.21974162427022398
2023-03-22,3.353827003965171,-0.012335034623022127,-0.284121483216905
2023-03-23,3.3516417162252923,-0.0006515803400996405,-0.3585866819518638
2023-03-24,3.3519310351768166,8.632156298925037e-05,-0.3206644025755347
2023-03-27,3.3601008208204983,0.002437337032875568,-0.3551074817705791
2023-03-28,3.354827606703786,-0.0015693618727263662,-0.36714490781340736
2023-03-29,3.4033765763561905,0.014471375386142531,-0.2874686773728775
2023-03-30,3.41188311639563,0.002499441319110961,-0.3548547550648974
2023-03-31,3.443418950245114,0.009242940855136743,-0.24888648962820195
2023-04-03,3.4391356730552856,-0.0012439024271279765,-0.18402975765831897
2023-04-04,3.4212372559145674,-0.005204335868732234,-0.2265130858540821
2023-04-05,3.4003927773029994,-0.006092672636348775,-0.3326809142293204
2023-04-06,3.4125860093702594,0.0035858304807160997,-0.23110854318330912
2023-04-10,3.4346871295849213,0.006476355512792085,-0.1138388509932476
2023-04-11,3.4408566240370715,0.0017962318602498272,-0.10068848157915274
2023-04-12,3.4150660724659496,-0.007495386872836995,-0.13896729677307593
2023-04-13,3.438945301895723,0.0069923184275409705,-0.0532335272183625
2023-04-14,3.439925255787823,0.00028495768500874446,-0.03787391355555359
2023-04-17,3.4528031037491687,0.0037436417956112603,-0.07722635743220367
2023-04-18,3.4541337790090347,0.0003853898469973349,-0.02130231166638712
2023-04-19,3.442147853815569,-0.0034700234444608904,-0.04542904304179634
2023-04-20,3.4042005460858396,-0.01102431079120136,-0.19168975011655148
2023-04-21,3.3974607689105936,-0.0019798414000594382,-0.1284487834255745
2023-04-24,3.38369135396128,-0.00405285473060189,-0.08276468516933858
2023-04-25,3.3294038244642272,-0.016043877475260395,-0.10025311896343998
2023-04-26,3.3246725627407097,-0.0014210537300260013,-0.12936766885735942
2023-04-27,3.3705009144634754,0.013784320367773951,0.08852308424558591
2023-04-28,3.3997775200102605,0.008686128943372685,0.16483178683438404
2023-05-01,3.3961278565842856,-0.0010735006642327899,0.05986062232775382
2023-05-02,3.3627994319742704,-0.009813654260807367,0.10305851915354641
2023-05-03,3.3560680332018924,-0.0020017247262428092,0.024637159272016113
2023-05-04,3.3430373220040597,-0.0038827315384904896,-0.020996188679898643
2023-05-05,3.416266976527404,0.021905126227979268,0.024696295149731942
2023-05-08,3.4421693309911627,0.007582063884857167,0.2280654963986053
2023-05-09,3.4460459129894825,0.0011262031659561365,0.284108294375354
2023-05-10,3.4527917682793032,0.0019575639617549273,0.4696103413662358
2023-05-11,3.4376162432439026,-0.0043951463203827845,0.42685426121929
2023-05-12,3.415143953341914,-0.006537172363597787,0.47737082435220285
2023-05-15,3.451181056201085,0.010552147537999608,0.5283022975646547
2023-05-16,3.424239895266673,-0.007806359763711707,0.33304987447834056
2023-05-17,3.4882449963880164,0.018691768999542998,0.4929574510998341
2023-05-18,3.529932490551492,0.011950850415220919,0.4798552971514484
2023-05-19,3.5097153751285273,-0.0057273376975563945,0.578183110252789
2023-05-22,3.5367590760220597,0.007705382916568327,0.6353028318159349
2023-05-23,3.5251829436092454,-0.0032730904661547795,0.6357831559224176
2023-05-24,3.5035986294309422,-0.00612289192463983,0.5476937929293116
2023-05-25,3.5325712065761943,0.00826937677788665,0.700540698739717
2023-05-26,3.591491376449908,0.01667911739868926,0.7517910535537912
2023-05-30,3.6193999010581934,0.007770734127690408,0.7226232665029403
2023-05-31,3.5861900470919124,-0.009175513862552668,0.5629208944008312
2023-06-01,3.62582073854687,0.011050917808188685,0.6458822755109502
2023-06-02,3.655214687499514,0.008106840098340028,0.7573125422688883
2023-06-05,3.649048761634518,-0.0016868847365061077,0.6570401875009739
2023-06-06,3.684308629562972,0.009662756030878565,0.8119100862379911
2023-06-07,3.693063166155226,0.0023761680880931514,0.8196797978232738
2023-06-08,3.7396437630089503,0.01261299760063913,0.872334337406257
2023-06-09,3.7321786020834793,-0.0019962224742670416,0.888226187729003
2023-06-12,3.779415491217858,0.012656652901875988,1.0894959731457727
2023-06-13,3.807377336111445,0.007398457501844234,1.2533981247915844
2023-06-14,3.81535869885327,0.002096288872165381,1.4589537447627159
2023-06-15,3.84770187919909,0.008477100817687409,1.5306208074678431
2023-06-16,3.824149562008235,-0.006121138781094284,1.4159914314130786
2023-06-20,3.796539856839472,-0.007219828806659983,1.5073304514851382
2023-06-21,3.7677155925947914,-0.007592245921705158,1.4133380451950377
2023-06-22,3.7705452125777357,0.0007510174038893811,1.34637205536881
2023-06-23,3.735314757738248,-0.009343596974243062,1.2983510090882329
2023-06-26,3.7200303635146144,-0.004091862457365832,1.229043642187635
2023-06-27,3.7856381054569392,0.01763634581744105,1.2447399712551361
2023-06-28,3.8142798222286793,0.007565888754779121,1.3146915811454818
2023-06-29,3.813738662877586,-0.0001418772025952596,1.3840156877705792
2023-06-30,3.849931826654925,0.009490205537584137,1.5054804833125834
2023-07-03,3.879527904419239,0.007687429049887514,1.6085130436746506
2023-07-05,3.877071481644274,-0.0006331756944361069,1.5727381264074771
2023-07-06,3.8309923021066283,-0.011885047710831268,1.4306431574834415
2023-07-07,3.8475507533734175,0.004322235588331526,1.489741292074741
2023-07-10,3.8741190462227095,0.006905248183145545,1.4587938396575009
2023-07-11,3.9088398135475004,0.008962235520006596,1.5350601602517728
2023-07-12,3.931751746353258,0.005861568623597318,1.6680554314896734
2023-07-13,3.979724920355212,0.012201475855246906,1.7453256759658742
2023-07-14,3.942065730244824,-0.009462762091362592,1.684923361405835
2023-07-17,3.9565047320138644,0.0036628008656121817,1.7418512528071848
2023-07-18,4.0071886037952025,0.012810264416274158,1.7508274406954583
2023-07-19,4.054313829999274,0.011760171747204501,1.808077201149556
2023-07-20,4.010131417733006,-0.010897630059949327,1.6328878656126222
2023-07-21,3.9959915764762224,-0.0035260293950109055,1.5441205418931545
2023-07-24,4.01343572874861,0.004365412673810196,1.5666570300162763
2023-07-25,4.003061821044812,-0.0025847947755805443,1.6131365157404998
2023-07-26,4.024523892319578,0.005361413896216918,1.645583549582732
2023-07-27,4.007180291526657,-0.004309478899111344,1.6970208467932242
2023-07-28,4.059497630406691,0.013055898430789662,1.685096333354896
2023-07-31,4.089274776635024,0.00733518009846714,1.7143144083141046
2023-08-01,4.062727406952156,-0.006491950561637954,1.630161276495159
2023-08-02,4.003037044589521,-0.014692189847759048,1.502497777901448
2023-08-03,3.996690161781707,-0.0015855168805876578,1.4730422786356983
2023-08-04,3.9792225863289845,-0.004370510283673294,1.3755966324829114
2023-08-07,4.011355608190806,0.008075200912916684,1.4332615039896985
2023-08-08,3.9905654275714046,-0.005182831603598057,1.3814311954666574
2023-08-09,3.924608343819947,-0.01652825519304866,1.2565504643084768
2023-08-10,3.9232785454161303,-0.00033883595184995227,1.3076432633190762
2023-08-11,3.8993320066563935,-0.006103705990418548,1.1666495326890807
2023-08-14,3.9181342545253206,0.004821915096439721,1.1915760842216063
2023-08-15,3.8669509642979008,-0.013063179284452739,1.034448636983976
2023-08-16,3.8295739879700705,-0.009665748718542755,0.9670170613768918
2023-08-17,3.8049542497092674,-0.0064288451765500375,0.9083140817627543
2023-08-18,3.809906047074315,0.0013014078593523116,0.9827331744297185
2023-08-21,3.8379860982245178,0.007370273913123387,1.023957646153813
2023-08-22,3.819682984331635,-0.004768936995720248,1.063172353051429
2023-08-23,3.873101444745832,0.013985050757698757,1.2513552295636319
2023-08-24,3.809626523657789,-0.01638865441393268,1.113257208203377
2023-08-25,3.824307191639425,0.003853571443412936,1.1094272696542282
2023-08-28,3.8537108354503133,0.00768861975187821,1.0977559144725928
2023-08-29,3.9166802182640685,0.016339934546852678,1.330118525722014
2023-08-30,3.9363549116430665,0.005023308588546844,1.3829279243763042
2023-08-31,3.9475258226084833,0.002837882054886713,1.4420804427063705
2023-09-01,3.9485326677798405,0.0002550572729863549,1.4662240159996496
2023-09-05,3.9358143288698972,-0.0032210291721087784,1.4574719490555843
2023-09-06,3.9078786902493556,-0.007097803983188176,1.434347769465152
2023-09-07,3.8777181778304253,-0.00771787325286853,1.4141585818147784
2023-09-08,3.8938579931657333,0.004162194000477435,1.3824083190675474
2023-09-11,3.9260917326052813,0.008278098352873377,1.3995460478730213
2023-09-12,3.925567953142266,-0.00013340988919478307,1.3204233459632575
2023-09-13,3.917195207409648,-0.0021328749960667862,1.2564412844886916
2023-09-14,3.963311919342141,0.011772890931057076,1.5193201164598786
2023-09-15,3.920554327439553,-0.010788348929570408,1.407848059561518
2023-09-18,3.9028844885784486,-0.0045069746228064665,1.3871573676934719
2023-09-19,3.8898707714717404,-0.0033343843879550996,1.4107283081529198
2023-09-20,3.842447002893889,-0.012191605162221909,1.291575864294096
2023-09-21,3.779808966088241,-0.016301600713939032,1.2343848894643232
2023-09-22,3.768034844983432,-0.0031150042794342034,1.2901943696959526
2023-09-25,3.7798025902075896,0.0031230457541613025,1.375404424671968
2023-09-26,3.7279250620450437,-0.01372493058154572,1.3645202466349127
2023-09-27,3.7448755518571857,0.004546896606028657,1.4522996680674158
2023-09-28,3.782515250406138,0.010050987817281589,1.506725187350638
2023-09-29,3.786323653402174,0.0010068440558506353,1.4174168353452916
2023-10-02,3.7661774520075135,-0.005320781644368441,1.4878822542720538
2023-10-03,3.700523391991766,-0.017432545559092384,1.4263278039303493
2023-10-04,3.7235313910164507,0.006217498604244994,1.380626596134629
2023-10-05,3.716336843546534,-0.0019321839174699339,1.228907019584277
2023-10-06,3.757517262266334,0.011080916626626535,1.318562841193141
2023-10-09,3.779066640144599,0.0057350043590398934,1.3822800186513973
2023-10-10,3.8155269192707872,0.009647958768145273,1.5779132745107116
2023-10-11,3.820435344222855,0.0012864343656645055,1.6549598809829644
2023-10-12,3.781637274839927,-0.010155405310443802,1.6215119014961457
2023-10-13,3.7494171004495422,-0.008520165221755346,1.5224185466968687
2023-10-16,3.801057239424182,0.013772844575880521,1.5337913416737579
2023-10-17,3.8196552393437178,0.004892849212224313,1.6601512391674687
2023-10-18,3.748796854542498,-0.01855098964727365,1.4146589486662282
2023-10-19,3.718229589441205,-0.008153886776834535,1.3057811822926322
2023-10-20,3.666009671823474,-0.014044296179564042,1.221547732946199
2023-10-23,3.6626308135277443,-0.000921671953486497,1.2109539791384505
2023-10-24,3.7045065969111044,0.011433252630511861,1.1962453862510534
2023-10-25,3.630260856418376,-0.020042005203779675,1.0205699229868714
2023-10-26,3.5987225443122135,-0.008687615946496552,0.8735751840794689
2023-10-27,3.5725163314243202,-0.007282087620039548,0.8473716117471034
2023-10-30,3.6053977955913807,0.009204006676703212,0.9361591093247333
2023-10-31,3.632166821930805,0.007424708134052975,0.9243873330561162
2023-11-01,3.6628866954963972,0.008457726495409783,1.009329545286106
2023-11-02,3.7665310452823104,0.028295811037056105,1.1714946384207796
2023-11-03,3.8447290891461385,0.020761290143027893,1.4074333442298883
2023-11-06,3.8242963376701806,-0.0053144840643363995,1.3788237627929052
2023-11-07,3.838073469496004,0.003602527264980861,1.36825479910739
2023-11-08,3.814838450709643,-0.006053823349403566,1.3176320260097276
2023-11-09,3.772959560758615,-0.010977893426453628,1.2162492128587779
2023-11-10,3.8191996082879056,0.012255643556379106,1.406444986002815
2023-11-13,3.8107804497477185,-0.0022044300910371573,1.1883531032486332
2023-11-14,3.917108994478253,0.0279020390003244,1.2615686143431182
2023-11-15,3.9497592895274063,0.008335304198882013,1.3631059656141786
2023-11-16,3.9321865537818903,-0.00444906498279766,1.2792788522436194
2023-11-17,3.9554281935534146,0.005910614731432565,1.41193258769531
2023-11-20,3.9799727386014343,0.006205281412521287,1.472878698145084
2023-11-21,3.954812588497048,-0.006321689055897371,1.435261623067732
2023-11-22,3.9697087426028554,0.003766589129693339,1.5116527154198733
2023-11-24,3.971686310629968,0.0004981645141593054,1.4725058607090429
2023-11-27,3.9699421108862203,-0.0004391584851703397,1.4266684062801591
2023-11-28,3.9834397487683733,0.0033999583634079407,1.4650553137573037
2023-11-29,4.000955298766507,0.004397091735490511,1.5461167977616002
2023-11-30,3.996100552942349,-0.001213396666954585,1.5236716087972437
2023-12-01,4.045163834243683,0.012277789472842134,1.4970668718765512
2023-12-04,4.044365565779494,-0.00019733896991536322,1.4851657564819045
2023-12-05,4.0356594019008005,-0.002152664920391761,1.482464751842618
2023-12-06,4.030421952767077,-0.0012977926559551783,1.5622243774619324
2023-12-07,4.070637506415471,0.009978000844498064,1.7064302793336081
2023-12-08,4.114022527556426,0.010658040926655595,1.8234809747546807
2023-12-11,4.1093837756424945,-0.0011275465515467923,1.7679725566632292
2023-12-12,4.103790208383032,-0.0013611693540566993,1.7704285289377024
2023-12-13,4.175757515116817,0.017536789913571486,1.8406269364089802
2023-12-14,4.252101635557665,0.01828269964538696,1.9408701268069661
2023-12-15,4.239696874312886,-0.002917324727387832,1.9324389447579362
2023-12-18,4.257253990937164,0.004141125449475116,2.06642871008939
2023-12-19,4.303276483438207,0.010810370393454626,2.183288532807119
2023-12-20,4.237396354443102,-0.015309294963652487,2.1213659528535747
2023-12-21,4.2862093118991735,0.01151956375402284,2.203937931733895
2023-12-22,4.286437181830477,5.316350992724813e-05,2.1583616312748517
2023-12-26,4.302724435170214,0.0037997181922497783,2.2594898532030956
2023-12-27,4.312641193972792,0.002304762703723021,2.261595197501849
2023-12-28,4.312958347885695,7.354052856206966e-05,2.30204170612711
2023-12-29,4.280212597492704,-0.007592410533953817,2.2876778362929513
2024-01-02,4.24423037499395,-0.008406643754058505,2.134776614861111
2024-01-03,4.197172983025933,-0.011087379291489074,2.0448135987022082
2024-01-04,4.201939445995829,0.0011356365318209672,2.056157688170565
2024-01-05,4.2187509561982015,0.004000893020577026,2.0048592624940396
2024-01-08,4.267896118895798,0.01164922111019426,2.1174127490927472
2024-01-09,4.239968656138454,-0.006543613522760572,1.991965163390371
2024-01-10,4.244069790220592,0.0009672557546386533,1.9612295827903132
2024-01-11,4.216918046225637,-0.006397572456871242,1.8744913919803805
2024-01-12,4.188129222649608,-0.006826981995013332,1.7720422579046233
2024-01-16,4.1690281266682785,-0.004560770445675413,1.668436697057229
2024-01-17,4.142551635242151,-0.006350758647264269,1.6140075431939411
2024-01-18,4.154097901829825,0.002787235405696863,1.6134626252587412
2024-01-19,4.229258306145636,0.01809307486053801,1.8065276777286743
2024-01-22,4.2437170394779695,0.003418739714082558,1.882343645485225
2024-01-23,4.253827922935941,0.0023825536349179094,1.8061811298988428
2024-01-24,4.252653911410177,-0.000275989425767376,1.7207363244357317
2024-01-25,4.270667329827082,0.0042358063440275,1.7694188767645278
2024-01-26,4.271017803223119,8.20652532661267e-05,1.747181941268757
2024-01-29,4.320118682481039,0.011496294681999648,1.790866487547543
2024-01-30,4.311822293090538,-0.0019204077480890762,1.732893101649109
2024-01-31,4.265959734028992,-0.010636467818963229,1.7072028473687157
2024-02-01,4.298011342062046,0.0075133404981257475,1.6935795914401703
2024-02-02,4.324252231000011,0.006105355907547379,1.6385604713668545
2024-02-05,4.29109965483001,-0.007666661054675412,1.4700873967083123
2024-02-06,4.340475666335539,0.011506610304412725,1.6054834302073377
2024-02-07,4.358050463145044,0.004049048574517674,1.666109486980811
2024-02-08,4.382063028601959,0.005509932861031116,1.6673037091186464
2024-02-09,4.41096169311313,0.006594762403586585,1.7569176780224482
2024-02-12,4.452913912683604,0.009510900907612583,1.8813982060970096
2024-02-13,4.377856860528288,-0.016855715970956593,1.7797193169760799
2024-02-14,4.4620460575821905,0.01923068746558845,1.8534360116098814
2024-02-15,4.510284013092318,0.010810725592614145,1.8792772436113467
2024-02-16,4.44949858102383,-0.013477074147003144,1.7077618877941267
2024-02-20,4.424994704161114,-0.005507109715063099,1.7559234646787039
2024-02-21,4.409105857577991,-0.003590704090149852,1.7639828406501101
2024-02-22,4.510018400045766,0.022887303169266293,2.0225761494273744
2024-02-23,4.515210606824395,0.0011512606641641587,2.0417621652074582
2024-02-26,4.540810032124464,0.005669597174797964,2.06235075576388
2024-02-27,4.598067598674512,0.01260954898905101,2.201065124320179
2024-02-28,4.5819586095009095,-0.0035034259127130793,2.1536621704274506
2024-02-29,4.636466263411146,0.011896147162310036,2.239876702831124
2024-03-01,4.677842025795446,0.008923986509040078,2.313352802884061
2024-03-04,4.714954435896602,0.007933660413605974,2.335538050762568
2024-03-05,4.657366401909449,-0.012213911029280499,2.165608902540072
2024-03-06,4.709885731766479,0.011276615435602785,2.2617383614465107
2024-03-07,4.750894969354742,0.008707055738458851,2.389800101461013
2024-03-08,4.753441288742795,0.0005359662557218356,2.3766038316433207
2024-03-11,4.756207403164766,0.0005819182890767602,2.508215959310726
2024-03-12,4.77519504048556,0.003992180262820117,2.634694887138893
2024-03-13,4.790543738571845,0.0032142557437244827,2.7216665298138674
2024-03-14,4.734612275706621,-0.011675389249634087,2.5613119636564425
2024-03-15,4.725069244288986,-0.0020155887878297706,2.579935380052009
2024-03-18,4.743359719652719,0.003870943348785846,2.5175076970887456
2024-03-19,4.709661881341468,-0.00710421311114852,2.5265579671626694
2024-03-20,4.811116019129988,0.021541703065873337,2.6306929834309534
2024-03-21,4.858057663165337,0.00975691374905508,2.5841040830126447
2024-03-22,4.828970567390312,-0.005987392038503201,2.63738318221233
2024-03-25,4.8839016486921745,0.011375319135885515,2.7157791899037123
2024-03-26,4.879543977934126,-0.0008922519476238166,2.708657413736654
2024-03-27,4.934213787843301,0.011203876869723678,2.7639014541471063
2024-03-28,4.925260180559977,-0.0018145965432998404,2.7620759358608007
2024-04-01,4.923371360620998,-0.0003834964793199402,2.668784519971355
2024-04-02,4.883956049583482,-0.008005756249218864,2.5892327204156644
2024-04-03,4.912987662814413,0.005944282245006702,2.5686514510975673
2024-04-04,4.837784752918303,-0.015306960867276101,2.453449433104959
2024-04-05,4.857418631605243,0.004058444037861623,2.520320368976476
2024-04-08,4.868616354707426,0.002305282692606344,2.5824894430687357
2024-04-09,4.873220667157574,0.0009457127271275403,2.564297904134183
2024-04-10,4.823502162581784,-0.010202391389920303,2.4411480189907238
2024-04-11,4.869876653871029,0.009614278117048342,2.49159614662506
2024-04-12,4.7719230181495815,-0.020114192346860498,2.3817030589380233
2024-04-15,4.712444597445146,-0.0124642456465066,2.2390712585013652
2024-04-16,4.692822033747411,-0.004163988200174183,2.2070019888712893
2024-04-17,4.674449913706018,-0.0039149407135565355,2.1533583895268373
2024-04-18,4.680082875944723,0.0012050535020578903,2.1590225169403037
2024-04-19,4.636241218056219,-0.009367709728784106,2.114044957757208
2024-04-22,4.683752649946411,0.01024783432431312,2.2635008343275027
2024-04-23,4.744777700420919,0.01302909334360489,2.359513581017096
2024-04-24,4.7444170864330815,-7.600229359650027e-05,2.388249644503682
2024-04-25,4.759091480127683,0.0030929813773251913,2.5372853161873303
2024-04-26,4.810341396533681,0.010768844562034455,2.6164976418980452
2024-04-29,4.83574155475467,0.005280323396441759,2.566298662004469
2024-04-30,4.7285170474529075,-0.022173332897895717,2.32549993019222
2024-05-01,4.703852080060492,-0.005216216235426511,2.295248840014883
2024-05-02,4.789068756960549,0.018116359836502574,2.4767888431676064
2024-05-03,4.837925088620889,0.01020163504425169,2.5559011450962603
2024-05-06,4.902019449934564,0.01324831619746026,2.6654778412514504
2024-05-07,4.864030336132211,-0.007749686469085967,2.483701800613528
2024-05-08,4.861025723576788,-0.0006177207681255687,2.4297008999508365
2024-05-09,4.889636156347728,0.005885678125950639,2.4610385744855616
2024-05-10,4.882542288643128,-0.0014507966396213727,2.437341670027393
2024-05-13,4.9060321504566895,0.004810989936164848,2.5014295612646325
2024-05-14,4.939780246050014,0.0068788981723618475,2.595079793094435
2024-05-15,5.003596790553479,0.012918903539179412,2.608299053860373
2024-05-16,4.9898643012639985,-0.0027445235626113182,2.647063887164146
2024-05-17,5.013008105644152,0.004638163080765767,2.5682247532029243
2024-05-20,5.037461131756571,0.004877914736440938,2.525459812934828
2024-05-21,5.032763891249057,-0.0009324618859891953,2.5613089191948957
2024-05-22,5.005832324499778,-0.0053512478095996754,2.4707976354431973
2024-05-23,4.92155516599026,-0.01683579333990966,2.359846682018444
2024-05-24,4.98051731313655,0.011980389360204612,2.4806220805242716
2024-05-28,4.983292639442741,0.0005572365542973464,2.430494096577945
2024-05-29,4.941372018775599,-0.008412233376651422,2.266093077773374
2024-05-30,4.9547427185660755,0.002705867872257413,2.2334022679672616
2024-05-31,4.9813806277995685,0.005376244690501637,2.3386479486591294
2024-06-03,4.995083354333588,0.0027507888992761137,2.2864733975314824
2024-06-04,4.99569481994659,0.00012241349535655572,2.233724446248123
2024-06-05,5.069636435945831,0.01480106745192085,2.338084097491012
2024-06-06,5.064568285889887,-0.0009997068073772295,2.2681129516193717
2024-06-07,5.044012220227903,-0.004058799191088904,2.2222848242506545
2024-06-10,5.074464855459784,0.0060373833175418334,2.1824669517839883
2024-06-11,5.057829717779272,-0.003278205319052252,2.173092433879811
2024-06-12,5.098466861463995,0.008034502138708866,2.1454778018428486
2024-06-13,5.085843336409449,-0.002475945298371817,2.078362370629498
2024-06-14,5.057313138941346,-0.005609727941058684,2.022802555258151
2024-06-17,5.10504003432408,0.009437203920642543,2.0287181155129708
2024-06-18,5.12035404493432,0.002999782667182869,2.0943021942201354
2024-06-20,5.130840860758524,0.0020480645932245026,2.1621301496052268
2024-06-21,5.127876584623097,-0.000577736908212938,2.214771458640473
2024-06-24,5.118365552625682,-0.0018547700671922437,2.196165583112936
2024-06-25,5.167778665827086,0.009654080524993993,2.3305649131129376
2024-06-26,5.160709178080464,-0.0013679935236719759,2.350765303660317
2024-06-27,5.18825691263006,0.005337974607560167,2.279040389758126
2024-06-28,5.191429491325765,0.000611492211956825,2.2324983296356047
2024-07-01,5.179409198875657,-0.0023154109037198593,2.216680248412541
2024-07-02,5.213089375656297,0.006502706290893541,2.1979279020808686
2024-07-03,5.24754865762672,0.006610146016551848,2.1910597705722545
2024-07-05,5.261786898798377,0.0027133128438862676,2.214607406726415
2024-07-08,5.2733263821130905,0.002193073101715467,2.3232356737100104
2024-07-09,5.296694650010805,0.004431409361836214,2.3239660980780976
2024-07-10,5.3527317124304465,0.010579628640576325,2.3466738764574515
2024-07-11,5.331257779583441,-0.004011770811740281,2.2571132801179887
2024-07-12,5.36355311381708,0.006057732634373133,2.2583913573205576
2024-07-15,5.404439961310378,0.007623089885689755,2.2305423196905414
2024-07-16,5.482178232662178,0.014384149312105708,2.3954557036729627
2024-07-17,5.3838603860042715,-0.01793408431563573,2.223309232513606
2024-07-18,5.329853776515301,-0.010031205420810043,2.064247536189752
2024-07-19,5.321003575447793,-0.0016604960358395414,1.975592779833682
2024-07-22,5.355941200929809,0.006565984214561761,2.103827323684081
2024-07-23,5.325364571360714,-0.005708918082182696,2.0872007107453965
2024-07-24,5.1861407197706715,-0.026143534348573028,1.8402643664389307
2024-07-25,5.116018430014337,-0.013521092763451825,1.7566080666199053
2024-07-26,5.191181195175193,0.014691652539774938,1.8134694370514108
2024-07-29,5.1713927819359915,-0.0038119288260623943,1.8170852877873398
2024-07-30,5.156052740142039,-0.0029663269530670238,1.7127495423334158
2024-07-31,5.237161633823406,0.01573081148877704,1.7629949571926653
2024-08-01,5.110121912140933,-0.024257361251179693,1.61991992965521
2024-08-02,4.930957627889611,-0.03506066730534413,1.4485967455050435
2024-08-05,4.7967309572151455,-0.027221217622166515,1.258790808176979
2024-08-06,4.855796758541509,0.01231376157078776,1.3637617749826234
2024-08-07,4.79254373965971,-0.013026290437410855,1.2239682287595401
2024-08-08,4.917244387594139,0.026019720363216363,1.4075179351752671
2024-08-09,4.934724515012015,0.0035548624473449386,1.5445883745311326
2024-08-12,4.933353318080056,-0.0002778669665932607,1.544983437216667
2024-08-13,5.034039093289243,0.0204091960817376,1.703333660043801
2024-08-14,5.043817134960891,0.0019423849299626018,1.6854834709963225
2024-08-15,5.161960236699749,0.0234233515168416,1.9061318354766095
2024-08-16,5.1811617391589975,0.0037198082857615787,1.9952301699325943
2024-08-19,5.235825196017595,0.010550424713718903,2.1016909736105
2024-08-20,5.214563414411711,-0.004060827244969117,2.066542723766621
2024-08-21,5.240404233659598,0.004955509636045473,2.0522278364062583
2024-08-22,5.189248919197001,-0.009761711536301258,2.017169928226824
2024-08-23,5.27540981835634,0.016603732158732454,2.030744938899061
2024-08-26,5.248995682143756,-0.005007030187621346,2.114111544329313
2024-08-27,5.256943937224964,0.0015142430214312352,2.099536146242083
2024-08-28,5.195388725788416,-0.011709314798027143,1.9713647860361583
2024-08-29,5.2072728175954675,0.0022874307264174605,1.8910549117136923
2024-08-30,5.2588226101241755,0.009899575907473219,1.9196939790924077
2024-09-03,5.160789007583184,-0.018641739759819746,1.7694186268331284
2024-09-04,5.1395135709788935,-0.004122516261181998,1.7409082909056535
2024-09-05,5.132312627890768,-0.0014010942842504124,1.752804620655126
2024-09-06,5.036442040126415,-0.018679802793648722,1.6691396009971475
2024-09-09,5.096634566253347,0.011951398556235856,1.7908781561101446
2024-09-10,5.089300286901598,-0.0014390435995375696,1.7559283746589187
2024-09-11,5.146863794308844,0.011310691875541035,1.7730763031323449
2024-09-12,5.18453765731367,0.007319770740092829,1.8183594313729758
2024-09-13,5.231964406433181,0.0091477297021089,1.8868776765994786
2024-09-16,5.259290216548172,0.005222858565588018,1.8494627504657786
2024-09-17,5.279616374210584,0.00386481004574659,1.9462590268219784
2024-09-18,5.278487172963168,-0.000213879412324606,1.974364884054836
2024-09-19,5.352034964387297,0.013933498181230042,2.076998294134363
2024-09-20,5.357468247686461,0.0010151808303416295,2.1673710853237553
2024-09-23,5.3759917559962584,0.003457511543404453,2.3054909713109035
2024-09-24,5.397464089517452,0.003994115782868285,2.3510693633969
2024-09-25,5.383608257163586,-0.0025671004242113363,2.314499889180808
2024-09-26,5.43798338478504,0.01010012709396174,2.4727646420040696
2024-09-27,5.442637190960825,0.0008557963212622175,2.4498009921636235
2024-09-30,5.440117386056067,-0.0004629749910472182,2.3864866848825006
2024-10-01,5.410106010489962,-0.0055166779384263126,2.342796171143841
2024-10-02,5.413423352567,0.0006131750598982215,2.382590141505785
2024-10-03,5.409497144796183,-0.0007252726260465245,2.5065339411467638
2024-10-04,5.474007525168856,0.011925393182752873,2.538574330074843
2024-10-07,5.467760953679655,-0.0011411331571028365,2.5438761220615014
2024-10-08,5.499790984940027,0.005857979441990185,2.5142429580122245
2024-10-09,5.5390445087083044,0.0071372755575192,2.522499301436583
2024-10-10,5.527605595162905,-0.002065142016355944,2.450313019700155
2024-10-11,5.577690740086384,0.009060911467219521,2.4971413932440925
2024-10-14,5.5823648587894406,0.0008380024854128666,2.5745642782317866
2024-10-15,5.539012952177055,-0.0077658676401504215,2.5801734130924876
2024-10-16,5.565209940802248,0.004729540958176714,2.5294460071432323
2024-10-17,5.547854820055978,-0.003118502434028289,2.4774300693786593
2024-10-18,5.564805310121035,0.003055323294290342,2.6382468316571686
2024-10-21,5.5508328067557855,-0.00251087011792439,2.679221821222248
2024-10-22,5.566603908981005,0.0028412137014872507,2.8033213956771976
2024-10-23,5.525291042217686,-0.007421556740666608,2.7564591823444813
2024-10-24,5.556382069756091,0.005627038883715638,2.7232540425121585
2024-10-25,5.562829154238372,0.0011603025856290522,2.890756084292936
2024-10-28,5.600561371181634,0.006782918528877277,2.998191809558776
2024-10-29,5.609839341372421,0.0016566143241511211,3.062734771020908
2024-10-30,5.5566572159546315,-0.009480151245254474,2.9345188985168043
2024-10-31,5.487708348391352,-0.012408335602439025,2.793392040859013
2024-11-01,5.4804197498201415,-0.0013281679908057488,2.731206644123434
2024-11-04,5.472165703536123,-0.0015060974634815202,2.574559387817502
2024-11-05,5.564673525303471,0.01690515725932225,2.556416008352456
2024-11-06,5.765530769675232,0.03609506352141428,2.764018356560598
2024-11-07,5.808715977155746,0.007490239703108194,2.7876590744865504
2024-11-08,5.826294386209817,0.003026212526693044,2.8505854560589463
2024-11-11,5.887243509616315,0.010461044253232103,2.996501726240336
2024-11-12,5.855497299728996,-0.005392372480510536,2.8843941223131933
2024-11-13,5.81977541246725,-0.006100572749542515,2.855989430232497
2024-11-14,5.78472777835488,-0.006022162648628967,2.6698775627737463
2024-11-15,5.76280344843321,-0.0037900365862860545,2.5902204753618068
2024-11-18,5.832398445893498,0.012076587043621996,2.6957540313560826
2024-11-19,5.889575674326342,0.009803381741366074,2.718697765819692
2024-11-20,5.889210427370439,-6.201583545243261e-05,2.67819402537787
2024-11-21,5.907258821949185,0.00306465438811027,2.744182467390718
2024-11-22,5.9725553381630005,0.011053606788177127,2.7874528855853007
2024-11-25,6.014866828545821,0.007084319522744465,2.8294145452781034
2024-11-26,5.9590104973173466,-0.009286378704743237,2.763739669000873
2024-11-27,5.980213303079282,0.0035581084764796074,2.7647507234578432
2024-11-29,5.9949826791044245,0.002469707228927382,2.7524174632993703
2024-12-02,6.027325684471102,0.005395012312447618,2.7957810002317305
2024-12-03,6.026167505356216,-0.0001921547259127995,2.7198342859183517
2024-12-04,6.061284909590183,0.005827485578977687,2.7589152068369445
2024-12-05,6.033500616021416,-0.0045838949963903875,2.74133574455169
2024-12-06,6.096081051067653,0.01037216021492738,2.8144966014121815
2024-12-09,6.027969471180181,-0.01117301087647837,2.6690727780888475
2024-12-10,5.9818770301702795,-0.00764642907205652,2.5481347442316915
2024-12-11,6.048886362003988,0.01120205773133417,2.6246054812388273
2024-12-12,6.048205835192107,-0.00011250447952791059,2.6331620690002757
2024-12-13,6.065448192349451,0.002850821818433756,2.55048783570567
2024-12-16,6.072848706018223,0.0012201099463855726,2.4526645356457792
2024-12-17,6.030652671554326,-0.006948309847087271,2.4230235632871335
2024-12-18,5.841741235733519,-0.0313252057628643,2.1371529307758426
2024-12-19,5.802962432682835,-0.006638226769353647,2.024834543029617
2024-12-20,5.888466835252076,0.014734612460641118,2.22493956981703
2024-12-23,5.910806258726012,0.0037937589017568085,2.1790669247306167
2024-12-24,5.98318782877602,0.012245633993357919,2.2531476046294023
2024-12-26,5.976687196915313,-0.001086482999822165,2.2212796521566958
2024-12-27,5.916680137041799,-0.01004018746446769,2.134955862452499
2024-12-30,5.848482808842036,-0.011526282749815835,2.052468556149271
2024-12-31,5.836361976942142,-0.0020724745709379336,2.0912069920569625
2025-01-02,5.846969616140088,0.0018175087905536787,2.161851679956569
2025-01-03,5.923910423594726,0.013159091376539625,2.320331817990113
2025-01-06,5.9899863632922985,0.011154108514942142,2.3807610205828222
2025-01-07,5.944401644706945,-0.0076101539837728546,2.3017272570903082
2025-01-08,5.912690688908541,-0.005334591720705685,2.1944194739047593
2025-01-10,5.845990480259991,-0.01128085539358087,2.1592597666360374
2025-01-13,5.849440087244713,0.0005900808419667232,2.1567979877609424
2025-01-14,5.862670236870677,0.002261780517218062,2.2156342923251793
2025-01-15,5.97908090532797,0.01985625384917253,2.375120305619371
2025-01-16,5.98896598513003,0.001653277478358258,2.417023034977796
2025-01-17,6.061445592736997,0.012102190559593398,2.5334802517429478
2025-01-21,6.100604009430706,0.006460243863382909,2.555967615798319
2025-01-22,6.101687906824253,0.00017767050473563986,2.454431579121615
2025-01-23,6.127042685660266,0.004155371304332944,2.459031842400842
2025-01-24,6.1086470115908424,-0.0030023740674235706,2.423147066198567
2025-01-27,6.014136312168014,-0.015471625589676274,2.31101062917552
2025-01-28,6.017623190594384,0.0005797804115805633,2.287811508861342
2025-01-29,6.013620853426759,-0.0006651026561252136,2.2828791787407043
2025-01-30,6.052307602313756,0.006433187231109098,2.2538570855125792
2025-01-31,6.024361317521591,-0.004617459426794716,2.235294041626332
2025-02-03,5.976456505769521,-0.007951849038791994,2.2552897998318064
2025-02-04,6.044049217608308,0.011309830795812586,2.276909277917725
2025-02-05,6.056881570687976,0.002123138415597693,2.252252137110816
2025-02-06,6.071948785801117,0.0024876192372754267,2.32166249772138
2025-02-07,6.042586917749572,-0.004835658054331074,2.219027060999001
2025-02-10,6.11244737923185,0.01156134987104098,2.2630541858030337
2025-02-11,6.077092739007436,-0.005784040013912812,2.1885912522994175
2025-02-12,6.102627077510344,0.0042017358627768646,2.1740317084999763
2025-02-13,6.201231808265613,0.01615775132625271,2.209914361364911
2025-02-14,6.239889563574911,0.006233883283926067,2.3737541216982345
2025-02-18,6.317063722398663,0.012367872546054648,2.3389996664735384
2025-02-19,6.317949805019651,0.0001402681150494663,2.2737969585701787
2025-02-20,6.27223839245795,-0.007235165516095581,2.321696283556596
2025-02-21,6.144560681270909,-0.02035600422021061,2.2047501926700406
2025-02-24,6.069073158831251,-0.012285259492960943,2.141217865264189
2025-02-25,5.981556618471606,-0.014420083276191492,1.909325779392399
2025-02-26,6.032492224888393,0.008515443331171222,1.9548696564954688
2025-02-27,5.913172085101063,-0.019779576224739692,1.7745610975688626
2025-02-28,6.004180266020324,0.015390754676084369,1.7897743146422747
2025-03-03,5.897390361562044,-0.017785925759531213,1.6866301329681623
2025-03-04,5.839746421996517,-0.009774482615435868,1.5487050841703214
2025-03-05,5.914320469939987,0.01277008324583635,1.5707804788869277
2025-03-06,5.794937432546043,-0.02018541910278919,1.380962518172331
2025-03-07,5.834950424488691,0.0069048186297792045,1.5056495848441982
2025-03-10,5.6640743150776975,-0.029284929087631004,1.2295531014103345
2025-03-11,5.6722562952644395,0.0014445396955618404,1.1857730528982584
2025-03-12,5.727518112364896,0.009742475343822775,1.241227841988937
2025-03-13,5.67674452956171,-0.008864848928818374,1.180308925337314
2025-03-14,5.795909730684094,0.02099182031212237,1.2761633215830466
2025-03-17,5.849515851036987,0.009248957082457274,1.3117485931282329
2025-03-18,5.787318634184246,-0.01063288286358161,1.3187944436684298
2025-03-19,5.851993634397432,0.011175296247067874,1.3974754189156486
2025-03-20,5.855734546170528,0.000639254245101687,1.3778304263856258
2025-03-21,5.866218421094623,0.0017903603453046661,1.4342595413237316
2025-03-24,5.9587117530516345,0.01576711355042804,1.4041649448292879
2025-03-25,5.958132952937713,-9.713510871300337e-05,1.3452470342388754
2025-03-26,5.885731003640726,-0.012151784773666205,1.3040276349591333
2025-03-27,5.845981797564922,-0.006753486703897384,1.1932931930037358
2025-03-28,5.750440226972675,-0.01634311804255771,1.0917386178638382
2025-03-31,5.762060470299793,0.0020207571713574584,1.0374039433118432
2025-04-01,5.7741552463071955,0.0020990366327714133,1.0616047957556252
2025-04-02,5.815371120191881,0.007137991987839991,1.1071106883124386
2025-04-03,5.573439073126802,-0.04160216812733647,0.8723818891033468
2025-04-04,5.387649814426777,-0.033334760865304194,0.6256780662707794
2025-04-07,5.400758684589466,0.002433133298230844,0.732577287335679
2025-04-08,5.335024132862883,-0.012171355093896231,0.6355846216681624
2025-04-09,5.5913858626117685,0.04805259045966427,0.8706469132992107
2025-04-10,5.478878390021661,-0.020121571888360997,0.7465920665756
2025-04-11,5.514378339753363,0.006479419181187897,0.8412357207891752
2025-04-14,5.534687156972567,0.003682884265085143,0.8088409111946991
2025-04-15,5.545618382330251,0.0019750394281838318,0.9394200256356794
2025-04-16,5.5016619567300875,-0.007926334372415538,0.9666386318561961
2025-04-17,5.5200027567391095,0.0033336835583992635,1.009421307397518
2025-04-21,5.476868933817229,-0.007814094452981922,0.9864946317913984
2025-04-22,5.533101423372479,0.010267269535708492,1.0363355447383036
2025-04-23,5.576478417856088,0.007839544437117969,1.1346615687756922
2025-04-24,5.639360995123653,0.011276395702745265,1.1401121077304088
2025-04-25,5.652499695421758,0.0023298207561933608,1.0821005162464772
2025-04-28,5.658937675634763,0.0011389616205054259,1.0890053004295461
2025-04-29,5.665053488765948,0.0010807351983249632,1.077678280361284
2025-04-30,5.649632336535014,-0.0027221547442606666,1.0025450937432854
2025-05-01,5.661142103656452,0.002037259495101419,0.9844179642304505
2025-05-02,5.709166423307301,0.008483150355796715,1.1675368366034231
2025-05-05,5.693786827153865,-0.0026938426756399785,1.182454067307719
2025-05-06,5.681187464189197,-0.002212826603304034,1.071087643872097
2025-05-07,5.682304046393319,0.00019654028513573632,1.0149807106406183
2025-05-08,5.711077187697781,0.005063639866776443,0.9700171159742017
2025-05-09,5.710725456297294,-6.158757602591102e-05,1.0156573194214542
2025-05-12,5.781898736127487,0.01246308903743734,1.0888847038860578
2025-05-13,5.816268162688849,0.005944314857437617,1.0892122926563426
2025-05-14,5.823723038759617,0.0012817283973580158,1.1050752248619693
2025-05-15,5.827127956082268,0.0005846633330585883,1.080965790135156
2025-05-16,5.842854354365167,0.0026988249445395653,1.0574183315232966
2025-05-19,5.838007920498022,-0.0008294634049066537,0.980367802632526
2025-05-20,5.8273502082402295,-0.0018255734495275177,0.9857820458717511
2025-05-21,5.781776099342898,-0.007820725933527445,0.912734796320961
2025-05-22,5.78233677412912,9.697276002888548e-05,0.8853235240251155
2025-05-23,5.767064817793803,-0.0026411392023455477,0.8753092107172437
2025-05-27,5.811231138267206,0.00765837074296992,0.9504150557743442
2025-05-28,5.798581256048167,-0.0021767990152273603,1.0404892727324044
2025-05-29,5.803936887967732,0.0009236107390889249,0.9782760819803638
2025-05-30,5.803041944923009,-0.00015419586084384476,0.9741172710963282
2025-06-02,5.8141325545982445,0.0019111717234681818,1.035736586407257
2025-06-03,5.8372781553783755,0.003980920724248847,1.0430612696852937
2025-06-04,5.833146509246358,-0.0007078035382313475,1.0078866814768408
2025-06-05,5.815357320549467,-0.0030496728770130054,0.9738553933151377
2025-06-06,5.852585018018596,0.006401618235491567,1.0099586383477064
2025-06-09,5.863513209014149,0.0018672417336798,0.9376575760489432
2025-06-10,5.890533412732319,0.004608193544551186,0.9702776463870856
2025-06-11,5.887956160697679,-0.00043752438939889145,0.9918352444228821
2025-06-12,5.877791127548349,-0.0017264111470771159,0.9467473655326036
2025-06-13,5.848967147780437,-0.00490387955992831,0.9369762085406098
2025-06-16,5.882436728893338,0.005722306223860724,0.9238918401175577
2025-06-17,5.854406475627398,-0.0047650751818988455,0.9101745347744539
2025-06-18,5.869311319166416,0.002545918805103142,0.9585301188591009
2025-06-20,5.872195655733303,0.0004914267466896942,0.9073042456986435
2025-06-23,5.873037253423845,0.00014331908197245718,0.8906234270754401
2025-06-24,5.918043182363893,0.007663143787111242,0.9228257323206313
2025-06-25,5.914810520716389,-0.0005462382662460054,0.9230116580766321
2025-06-26,5.944940173233109,0.005093933679057098,0.9635398189493359
2025-06-27,5.948980408575336,0.0006796090834383444,0.9121935676436047
2025-06-30,5.972468046862407,0.003948178792657478,0.9432946456644131
2025-07-01,5.983796301470448,0.0018967459547969995,0.9234179538524222
2025-07-02,6.013256225185868,0.004923283185321791,0.9484408853073595
2025-07-03,6.0280255540373995,0.0024561283102608462,0.9765494249805239
2025-07-07,5.999997910370773,-0.004649556212955082,0.911165576665395
2025-07-08,6.011951412832686,0.001992251104163203,0.8845673607169563
2025-07-09,6.035226051790778,0.0038713950529291282,0.8912763116460388
2025-07-10,6.052699439862583,0.0028952334049891387,0.8953596533470816
2025-07-11,6.034939806604544,-0.002934167380107553,0.8521204419874016
2025-07-14,6.034719626487106,-3.648422759699862e-05,0.7911158880260175
2025-07-15,6.003135045101973,-0.00523381090423886,0.7837525726690373
2025-07-16,6.019706944957939,0.002760540905953207,0.7646905173324021
2025-07-17,6.059962557596852,0.006687304383252571,0.7593452526814399
2025-07-18,6.049481636408619,-0.0017295356346869232,0.6666472503343729
2025-07-21,6.052307847107621,0.000467182292445035,0.7799826147739789
2025-07-22,6.0653732245233885,0.002158743035850495,0.8540735094281099
2025-07-23,6.128670827235284,0.010435895759221102,0.9245948975118342
2025-07-24,6.107563125772663,-0.0034440912324447217,0.8653843519675204
2025-07-25,6.143036867192982,0.005808166152327883,0.9340813117312984
2025-07-28,6.146138173167091,0.0005048489926330066,1.1067559579073412
2025-07-29,6.104304976966539,-0.00680641974226817,1.1502743372943225
2025-07-30,6.095141928209686,-0.001501079777538596,1.0561226052226858
2025-07-31,6.061396580558269,-0.005536433449602863,1.045313085295783
2025-08-01,5.939339429074433,-0.020136803434926295,0.934096989170107
2025-08-04,6.019190069740943,0.013444363909498592,0.9214116852413516
2025-08-05,6.019129423418316,-1.0075495527539106e-05,1.079611594808381
2025-08-06,5.997577769926404,-0.003580526680164435,1.3022274610180533
2025-08-07,6.014836557316465,0.0028776262771617496,1.5133090955501625
2025-08-08,5.9851996801450325,-0.004927295511526757,1.4067854871661896
2025-08-11,5.969825176600371,-0.0025687536533933785,1.4785971484608098
2025-08-12,6.09213701835422,0.020488345660986597,1.4506517854794698
2025-08-13,6.197991458733519,0.01737558430816376,1.5308983589634024
2025-08-14,6.189828336058462,-0.0013170593617959565,1.5241672728965485
2025-08-15,6.179469077561812,-0.0016735938275222754,1.3941370894738763
2025-08-18,6.206364395439996,0.004352367095070151,1.4092840435323228
2025-08-19,6.135956076875941,-0.01134453507367149,1.1952056919830687
2025-08-20,6.099803937486882,-0.0058918510719630154,1.132251357516838
2025-08-21,6.1011047553539575,0.00021325568500340716,1.0676437777179513
2025-08-22,6.246896134308301,0.02389589833323315,1.2353572094717087
2025-08-25,6.2168520422608,-0.004809443186112418,1.1725025756411172
2025-08-26,6.24303212648571,0.004211148029090033,1.2645254155695886
2025-08-27,6.257529189490916,0.0023221189177775902,1.1789507848682823
2025-08-28,6.2895277237323475,0.0051136052701393426,1.2445789371308102
2025-08-29,6.2283070816254344,-0.009733742308807787,1.1693692085164515
2025-09-02,6.189728719790852,-0.00619403657028959,1.2075400918680768
2025-09-03,6.214955618396894,0.004075606500392033,1.2188535910354987
2025-09-04,6.261209239517355,0.007442309158820871,1.2039819737182749
2025-09-05,6.25658557502949,-0.0007384619026437679,1.3299586940774886
2025-09-08,6.273739805890218,0.0027417879376878344,1.3752189156446681
2025-09-09,6.350389115291224,0.012217482996193726,1.46003079066342
2025-09-10,6.358805195873408,0.0013252858099544306,1.602925578007063
2025-09-11,6.484149268139139,0.01971189058395323,1.6456143394232505
2025-09-12,6.5175545062587785,0.005151830523671213,1.6881402045283511
2025-09-15,6.539762194145281,0.003407365119106758,1.6401734241490973
2025-09-16,6.514534140031366,-0.0038576408996186164,1.567807311797757
2025-09-17,6.537049398023741,0.003456157801679267,1.5326510581167145
2025-09-18,6.612791675712914,0.01158661547089898,1.5710589015340946
2025-09-19,6.636166061256528,0.0035347228054169646,1.5689664109604549
2025-09-22,6.66245895054868,0.0039620601789420815,1.5959462407950564
2025-09-23,6.650966057899398,-0.0017250226582386657,1.4989919915221814
2025-09-24,6.629245018300453,-0.003265847308474331,1.4704303137037702
2025-09-25,6.578084254592438,-0.0077174344237967395,1.395326809947347
2025-09-26,6.620654042179114,0.006471456724950869,1.4108565238147328
2025-09-29,6.649573772167345,0.0043681077132243775,1.456126142399612
2025-09-30,6.680652413026354,0.004673779391559242,1.4228413448069839
2025-10-01,6.741148762053399,0.009055455258993242,1.474354476601651
2025-10-02,6.7595824908691835,0.0027345085335528786,1.4951858278584234
2025-10-03,6.787487634096262,0.004128234734138284,1.559203544703581
2025-10-06,6.843445616993483,0.008244285060074626,1.607250659538601
2025-10-07,6.799308319953465,-0.006449572263775485,1.5681504459736906
2025-10-08,6.8734274115531555,0.0109009752333452,1.5621835725065327
2025-10-09,6.826304557540179,-0.006855801507959611,1.5230835055197276
2025-10-10,6.573509759244049,-0.03703245235621655,1.2080694543600172
2025-10-13,6.696540957409965,0.018716211380519147,1.2741852951341028
2025-10-14,6.714169172761956,0.002632435979128173,1.3038739701744886
2025-10-15,6.769489207093133,0.00823929706084848,1.2990343184165638
2025-10-16,6.694256513221354,-0.011113496390975853,1.2203767171426259
2025-10-17,6.714881863662049,0.003081051704540946,1.290196074952099
2025-10-20,6.803948845969884,0.013264117540150056,1.340157062007939
2025-10-21,6.849730734838567,0.00672872326131625,1.4013760737926297
2025-10-22,6.771752720571894,-0.011384099212844598,1.3071781485469187
2025-10-23,6.814690882812751,0.006340775278225199,1.3619848271328756
2025-10-24,6.888425059038309,0.01081988566957927,1.4092132821730488
2025-10-27,6.9752458204791825,0.012603862377359342,1.5320918689602596
2025-10-28,6.9764397260426385,0.00017116322409029846,1.498733502226368
2025-10-29,6.965977338992523,-0.0014996742552021369,1.4819929816278539
2025-10-30,6.862463044533758,-0.014859981510324015,1.341639250120555
2025-10-31,6.932524363598006,0.010209354660212652,1.3923742947317042
2025-11-03,6.941478623310088,0.0012916304714485627,1.46210549391478
2025-11-04,6.767199754375154,-0.02510687972872091,1.3701933761686598
2025-11-05,6.823878753687679,0.008375546957348321,1.4284656377608373
2025-11-06,6.720690256122042,-0.015121678050020059,1.338543975614327
2025-11-07,6.752928811297282,0.00479691132110616,1.2703034171224483
2025-11-10,6.857782485577619,0.015527140476428896,1.1668941771195516
2025-11-11,6.850735208402447,-0.001027632064737228,1.1144869341161507
2025-11-12,6.867414611746954,0.002434688079032662,1.110831808085488
2025-11-13,6.740464733370292,-0.018485832813925334,0.9245120207201495
2025-11-14,6.736432881490663,-0.0005981563644518029,0.955043376440696
2025-11-17,6.631773068495776,-0.015536384735971458,0.8924409291321593
2025-11-18,6.608139121543815,-0.003563744824778908,0.908178150815622
2025-11-19,6.60562480166146,-0.0003804883396232604,0.9297002308619168
2025-11-20,6.450248377448308,-0.0235218361439587,0.7023198540032692
2025-11-21,6.537406812205943,0.013512415283473824,0.7240462712710279
2025-11-24,6.640954114275696,0.01583920123747231,0.8182978948431563
2025-11-25,6.686809341004081,0.0069049154593333415,0.8412943922989037
2025-11-26,6.76874483442968,0.012253301873460451,0.848218465689859
2025-11-28,6.8414339994468625,0.010738943008672055,0.8695967645054123
2025-12-01,6.825435943206603,-0.00233840686638979,0.9136000628842409
2025-12-02,6.839934304551876,0.0021241663486275225,0.9049268713427174
2025-12-03,6.925140770924742,0.012457205373472962,0.9636339094433217
2025-12-04,6.939437101685047,0.002064410130163459,0.9436489142819463
2025-12-05,6.9623823755137835,0.0033065036100932738,0.9649157860415083
2025-12-08,6.967659870050801,0.000758001249052077,0.9344066272778812
2025-12-09,6.9709240448210865,0.0004684750448736784,0.9657885035982297
2025-12-10,7.03388824357965,0.009032403502565851,0.9580283381552641
2025-12-11,7.024062423703673,-0.0013969257878024659,1.0204554074188028
2025-12-12,6.954495387250396,-0.009904102819262095,1.0057958849985447
2025-12-15,6.924996152488879,-0.004241750568358764,0.9126221464746442
2025-12-16,6.921163400161923,-0.0005534663474979494,0.9099000372406247
2025-12-17,6.845378415589367,-0.010949746479151732,0.823172506042421
2025-12-18,6.885054137362538,0.005795986629871994,0.8507742625677868
2025-12-19,6.970362650891848,0.01239039110329919,0.9677019378331775
2025-12-22,7.022583965969942,0.007491907909757589,1.2277313249916126
2025-12-23,7.016019365308098,-0.0009347842181246818,1.2645421815601192
2025-12-24,7.043870311981309,0.003969622263433975,1.201733738595201
2025-12-26,7.0357504500229755,-0.0011527557434613648,1.1709068310718318
2025-12-29,7.009232287245052,-0.003769059600150675,1.073051446820118
2025-12-30,7.004549464048274,-0.0006680935949716734,1.0757034474058045
2025-12-31,6.963853987933844,-0.005809863478487025,1.1038235150377171
2026-01-02,7.014939732840909,0.007335843772080797,1.2248957845545585
2026-01-05,7.086961234027553,0.010266873833494249,1.3004765171454358
2026-01-06,7.118920493172462,0.004509585715166399,1.3170689515070269
2026-01-07,7.086464228766948,-0.004559155343375689,1.208703169877589
2026-01-08,7.092543313800549,0.0008578445946179296,1.1463161778882982
2026-01-09,7.142547124833448,0.0070501946650930744,1.239605407297735
2026-01-12,7.14460554685246,0.0002881915909038789,1.276069312603597
2026-01-13,7.157218540003423,0.0017653869157995994,1.362506719740768
2026-01-14,7.138694228125403,-0.002588199839711806,1.3420417439990384
2026-01-15,7.115304682730785,-0.003276445894329913,1.3065521135846954
2026-01-16,7.092961799482868,-0.003140116164265489,1.1690606260510557
2026-01-20,6.965633441613586,-0.01795136664609781,1.0366773300447012
2026-01-21,7.070672188356089,0.015079568516337374,1.0539147149675703
2026-01-22,7.111812171697875,0.005818397776881182,1.050001818336441
2026-01-23,7.081552245053606,-0.0042548827097390746,1.021467555645334
2026-01-26,7.084805498466954,0.00045939834951030635,0.9983394494891844
2026-01-27,7.111007974507398,0.0036984044298907057,1.0408103716891584
2026-01-28,7.093659990694521,-0.00243959560656794,1.1289459638632173
2026-01-29,7.116883671834306,0.003273864432500248,1.145924660499669
2026-01-30,7.084064623052527,-0.004611435326906339,1.1202371662857675
2026-02-02,7.129552867772916,0.006421206911688102,1.1201641426483047
2026-02-03,7.08832487018147,-0.005782690493509731,1.1124511983480114
2026-02-04,7.058141910526044,-0.004258123069725221,1.137070397214742
2026-02-05,6.90924641265073,-0.021095565909954477,0.9243183706755629
2026-02-06,7.1086272728814395,0.028857106596407653,1.0761970168961172
2026-02-09,7.151671024172321,0.006055142524505306,1.097830806069383
2026-02-10,7.12738876901986,-0.0033953260811897495,1.1070758581145153
2026-02-11,7.086601512338015,-0.005722608658465811,1.0011691545788979
2026-02-12,6.939842204270449,-0.020709406026577462,0.9010884349779265
2026-02-13,6.971284675404743,0.004530718452783312,0.9030768406509772
2026-02-17,6.967391846588791,-0.0005584091020821955,0.8035907300817343
2026-02-18,7.017425803255812,0.007181160148401551,0.8092839921048378
2026-02-19,6.997704725400156,-0.0028103008722238434,0.7169545457174954
2026-02-20,7.040755744349166,0.006152162836014547,0.7538623449749717
2026-02-23,6.913885739996878,-0.01801937305581341,0.6831454979291901
2026-02-24,6.9948963940770525,0.011717094717305877,0.8865978568540351
2026-02-25,7.0959920333910915,0.014452771509188105,1.052309064645704
2026-02-26,7.102708478319223,0.0009465124673938388,1.1528889136944593
2026-02-27,7.057913608954807,-0.006306730664950071,1.0606276177276435
2026-03-02,7.048046807330174,-0.0013979771036181502,1.1850062275270004
2026-03-03,6.973686207732825,-0.010550525788224201,1.023554965942215
2026-03-04,7.080681918325031,0.015342776747477105,1.2355742774709715
2026-03-05,7.100402800060428,0.002785167016803457,1.317807051577154
2026-03-06,6.985502007278691,-0.016182292190628868,1.1311571760536343
2026-03-09,7.024942405221737,0.005646036305186137,1.3051707252448366
2026-03-10,6.9947301536757545,-0.004300711636230045,1.2340843626229363
2026-03-11,6.9944083242325075,-4.6010272902035065e-05,1.4472211188865816
2026-03-12,6.861164547363811,-0.01905004264721959,1.303368896620436
2026-03-13,6.834993410650316,-0.0038143869794742616,1.2175874960322466
2026-03-16,6.919461455209797,0.012358174980514705,1.3532503148591062
2026-03-17,6.952412333704757,0.004762058248066626,1.2589992130459033
2026-03-18,6.818559482414052,-0.01925272047542361,1.0666230126431429
2026-03-19,6.832718660263551,0.002076564395458867,1.1516141807411282
2026-03-20,6.6990133035238655,-0.019568397791243006,0.9469388715029528
2026-03-23,6.797100771071685,0.014642076840812214,1.0327384111084075
2026-03-24,6.782709298538709,-0.0021172957438303133,1.0075990884612653
2026-03-25,6.86175514534198,0.01165402250400162,0.9834482549550977
2026-03-26,6.764628426799427,-0.014154792248523507,0.8893300039968439
2026-03-27,6.669879104592413,-0.014006581918327644,0.8765832942071214
2026-03-30,6.6095893708309665,-0.009039104429934112,0.8613280296687847
2026-03-31,6.7828828251424085,0.026218490225158275,1.1242495492623807
2026-04-01,6.819451326587868,0.005391291931199208,1.1451118368272555
2026-04-02,6.840145419641601,0.0030345686276915165,1.1509488794605396
2026-04-06,6.87092274398092,0.004499513161071161,1.1348746572747321
2026-04-07,6.852044502319748,-0.0027475555124978055,1.4328470175133732
2026-04-08,6.9704729676994095,0.0172836684495508,1.8009084051767998
2026-04-09,6.995336564479,0.0035669884805245564,1.8083263262135174
2026-04-10,6.997791039750447,0.0003508730779173887,1.8996960099594875
2026-04-13,7.068769281592354,0.010142949602056034,1.7300669468128826
2026-04-14,7.130474620287242,0.00872929023947256,1.9531962000758825
2026-04-15,7.222437168814979,0.012897114627698098,1.9934393367666634
2026-04-16,7.283284608336129,0.0084247793506431,2.0248145788436993
2026-04-17,7.327713403997231,0.006100104286773449,2.052920667200815
2026-04-20,7.335027850113011,0.0009981894368017328,2.1208110108746734
2026-04-21,7.316409066473982,-0.0025383385066142143,2.078492565102635
2026-04-22,7.4076716989474924,0.01247369189507225,2.2204313593729403
2026-04-23,7.317739117076808,-0.012140465388532484,2.056027236212644
2026-04-24,7.3784261851322865,0.008293144519713438,2.058921604035156
2026-04-27,7.3581757218236685,-0.0027445505044725272,1.9637756802168347
2026-04-28,7.315931876038531,-0.005741075965316616,1.9042031295714517
2026-04-29,7.313136761874972,-0.000382058528006999,1.8932972806640194
2026-04-30,7.391257343919793,0.010682226326202426,1.9569596717393836
2026-05-01,7.4236531562503565,0.004382990717704198,2.0075214084462614
2026-05-04,7.3986340884527255,-0.0033701827484446216,1.9682378930561004
2026-05-05,7.470994341013755,0.009780217766677212,1.9763953168002397
