date,equity,return,rolling_sharpe_252
2015-02-02,1.0144764399528503,0.014476439952850343,
2015-02-03,1.0335690362025887,0.01882014751434326,
2015-02-04,1.0294403774950813,-0.003994565010070801,
2015-02-05,1.0467483516523435,0.016812993288040163,
2015-02-06,1.0442920267060682,-0.0023466241359710693,
2015-02-09,1.0391277930637217,-0.004945200681686401,
2015-02-10,1.0549169287970657,0.015194604396820067,
2015-02-11,1.0549414600000138,2.3254156112670877e-05,
2015-02-12,1.0690939352742306,0.013415412902832031,
2015-02-13,1.0746442526148368,0.005191608667373658,
2015-02-17,1.0766342565133955,0.0018517792224884034,
2015-02-18,1.0734118252083233,-0.002993060350418091,
2015-02-19,1.0774589342863552,0.003770322799682617,
2015-02-20,1.0842892218384472,0.006339255571365357,
2015-02-23,1.078430969910957,-0.005402849912643433,
2015-02-24,1.0824536565501213,0.0037301290035247803,
2015-02-25,1.0824785532443635,2.3000240325927673e-05,
2015-02-26,1.0845939602217074,0.0019542253017425537,
2015-02-27,1.0809171687402501,-0.003390016555786133,
2015-03-02,1.0910974424770497,0.00941818118095398,
2015-03-03,1.0834026843030689,-0.0070523107051849365,
2015-03-04,1.0780882095539024,-0.0049053549766540526,
2015-03-05,1.0774701054654525,-0.0005733335018157957,
2015-03-06,1.0621430892077397,-0.014225003719329835,
2015-03-09,1.0642392313940534,0.0019735026359558095,
2015-03-10,1.045077014993456,-0.018005553483963013,
2015-03-11,1.0443531859197108,-0.0006926083564758298,
2015-03-12,1.0545047035306838,0.009720387458801268,
2015-03-13,1.0489453750197235,-0.00527198076248169,
2015-03-16,1.05986178161685,0.010407030582427979,
2015-03-17,1.059611462379428,-0.00023618102073669363,
2015-03-18,1.069880129255762,0.009690973758697511,
2015-03-19,1.0655610959348167,-0.004036931991577148,
2015-03-20,1.0735077840313683,0.007457749843597413,
2015-03-23,1.0721952804158281,-0.0012226307392120361,
2015-03-24,1.0671472184233453,-0.004708155393600463,
2015-03-25,1.0442779150724208,-0.021430317163467404,
2015-03-26,1.0404272276509063,-0.0036874163150787355,
2015-03-27,1.042180373019854,0.001685024499893188,
2015-03-30,1.0536495616838513,0.01100499391555786,
2015-03-31,1.0465735679185213,-0.006715699434280395,
2015-04-01,1.0415860943107815,-0.0047655260562896725,
2015-04-02,1.0417411934669376,0.00014890670776367183,
2015-04-06,1.050092261321189,0.008016451597213745,
2015-04-07,1.0474697984143222,-0.0024973642826080318,
2015-04-08,1.053473243355331,0.005731377601623535,
2015-04-09,1.0596952084316544,0.005906144380569458,
2015-04-10,1.064392042796131,0.004432250261306762,
2015-04-13,1.0622581434517482,-0.00200480580329895,
2015-04-14,1.0628288011619595,0.0005372118949890136,
2015-04-15,1.07319331818842,0.009751821756362916,
2015-04-16,1.075516542955371,0.002164777517318726,
2015-04-17,1.0627279344441685,-0.011890666484832764,
2015-04-20,1.0722240150551747,0.00893557071685791,
2015-04-21,1.0749245890017087,0.0025186657905578616,
2015-04-22,1.0816547540418118,0.006261057853698731,
2015-04-23,1.0830949848832963,0.0013315069675445556,
2015-04-24,1.0887307790335372,0.005203416347503663,
2015-04-27,1.0884190830001874,-0.0002862930297851568,
2015-04-28,1.0931266915080582,0.004325180053710937,
2015-04-29,1.0925221664146727,-0.0005530238151550293,
2015-04-30,1.0806733654789022,-0.010845364332199098,
2015-05-01,1.0935746499412602,0.01193819046020508,
2015-05-04,1.0954321698276193,0.0016985762119293216,
2015-05-05,1.0812036966114396,-0.01298891305923462,
2015-05-06,1.0748789664864655,-0.005849711894989014,
2015-05-07,1.0786547600369176,0.0035127615928649907,
2015-05-08,1.0900005138471758,0.010518429279327394,
2015-05-11,1.0870592993177588,-0.0026983606815338137,
2015-05-12,1.0827697188958862,-0.003946040868759156,
2015-05-13,1.0844070738399656,0.0015121912956237793,
2015-05-14,1.0937907500955122,0.008653278350830079,
2015-05-15,1.0940474619634155,0.000234699249267578,
2015-05-18,1.098736256736125,0.004285732507705689,
2015-05-19,1.0958834195686242,-0.0025964713096618655,
2015-05-20,1.093638036456351,-0.002048925161361694,
2015-05-21,1.0983651150284537,0.004322342872619628,
2015-05-22,1.096451323727866,-0.0017423999309539796,
2015-05-26,1.084444253398347,-0.010950846672058104,
2015-05-27,1.0990018778122925,0.013424041271209719,
2015-05-28,1.1000197682775097,0.0009261953830718996,
2015-05-29,1.0955893099829987,-0.004027616977691651,
2015-06-01,1.0977575419282117,0.001979055404663086,
2015-06-02,1.0981423809174875,0.0003505682945251464,
2015-06-03,1.099676143447966,0.0013966882228851317,
2015-06-04,1.0929250421119872,-0.006139172315597535,
2015-06-05,1.0936583249856793,0.0006709361076354982,
2015-06-08,1.0834993497159897,-0.009288984537124635,
2015-06-09,1.0842172219220583,0.0006625497341156006,
2015-06-10,1.0958739482914241,0.010751283168792727,
2015-06-11,1.0956657277368382,-0.00019000411033630378,
2015-06-12,1.0899013959511041,-0.005261031389236451,
2015-06-15,1.0845881167714384,-0.004875009059906006,
2015-06-16,1.0910306992815142,0.005940119028091431,
2015-06-17,1.0944960756346618,0.0031762409210205084,
2015-06-18,1.1032365668801491,0.007985858917236327,
2015-06-19,1.0983867784879626,-0.004395964145660401,
2015-06-22,1.1058345515456478,0.0067806470394134516,
2015-06-23,1.108451986111421,0.0023669314384460447,
2015-06-24,1.1021174664093205,-0.0057147443294525155,
2015-06-25,1.0964699599726448,-0.005124232769012451,
2015-06-26,1.0862268207293966,-0.009341924190521239,
2015-06-29,1.0610851002985373,-0.023145921230316162,
2015-06-30,1.064893345587585,0.003589010238647461,
2015-07-01,1.0689099634154295,0.0037718498706817627,
2015-07-02,1.0714627846976688,0.00238824725151062,
2015-07-06,1.0641604188485347,-0.00681532382965088,
2015-07-07,1.0606603066476572,-0.0032890832424163825,
2015-07-08,1.039017433991457,-0.020405093431472777,
2015-07-09,1.0419288475914348,0.002802083492279053,
2015-07-10,1.0566071885083324,0.014087661504745483,
2015-07-13,1.0696175933266518,0.012313379049301148,
2015-07-14,1.0795565188255465,0.009292036294937132,
2015-07-15,1.0744704581041615,-0.004711250066757202,
2015-07-16,1.0859687924665884,0.010701396465301515,
2015-07-17,1.0911280739950597,0.004750856161117554,
2015-07-20,1.0883824091497338,-0.0025163543224334724,
2015-07-21,1.0867597924493426,-0.001490851640701294,
2015-07-22,1.0827526743072227,-0.00368721604347229,
2015-07-23,1.0758124822992188,-0.006409766674041748,
2015-07-24,1.063812440710526,-0.011154398918151856,
2015-07-27,1.0533565399493678,-0.009828706979751587,
2015-07-28,1.07047533291204,0.01625166058540344,
2015-07-29,1.0817205286337077,0.010504862070083618,
2015-07-30,1.0850814401117523,0.0031070053577423092,
2015-07-31,1.0798871056510093,-0.00478704571723938,
2015-08-03,1.0800320675413564,0.00013423800468444848,
2015-08-04,1.0804679154145678,0.00040355086326599143,
2015-08-05,1.0882076343646927,0.007163302898406983,
2015-08-06,1.0793777989620517,-0.00811410903930664,
2015-08-07,1.075140803153581,-0.003925405740737915,
2015-08-10,1.089344174258541,0.013210707902908325,
2015-08-11,1.0739465662925103,-0.01413475036621094,
2015-08-12,1.0751388153485533,0.0011101567745208742,
2015-08-13,1.0703104205701062,-0.004490950107574463,
2015-08-14,1.07324367132048,0.00274056077003479,
2015-08-17,1.0808318023625845,0.00707027792930603,
2015-08-18,1.0721342430124403,-0.00804709792137146,
2015-08-19,1.0618478643882932,-0.009594300985336306,
2015-08-20,1.0338377492480961,-0.0263786518573761,
2015-08-21,1.0013742938655772,-0.03140091896057129,
2015-08-24,0.9611434329837529,-0.0401756477355957,
2015-08-25,0.9472243761880939,-0.014481768608093262,
2015-08-26,0.9852490413425024,0.04014325022697449,
2015-08-27,1.0238180679139315,0.039146474599838256,
2015-08-28,1.029319371828433,0.0053733217716217035,
2015-08-31,1.0260143500652619,-0.0032108807563781734,
2015-09-01,0.991394965397718,-0.03374161839485169,
2015-09-02,1.0099822217064096,0.01874858856201172,
2015-09-03,1.0116356346868633,0.0016370713710784914,
2015-09-04,0.9944908703141491,-0.016947568655014036,
2015-09-08,1.019757310240329,0.025406407117843626,
2015-09-09,1.008040590004591,-0.01148971438407898,
2015-09-10,1.0160506332458563,0.00794615149497986,
2015-09-11,1.0174304663833036,0.0013580358028411866,
2015-09-14,1.0136134696091512,-0.0037516045570373537,
2015-09-15,1.0271413891027792,0.01334623098373413,
2015-09-16,1.0399039901069058,0.01242535948753357,
2015-09-17,1.0357490888295997,-0.003995466232299806,
2015-09-18,1.0155423639541228,-0.01950928568840027,
2015-09-21,1.018026497380927,0.002446115016937256,
2015-09-22,1.0025643915607751,-0.015188313722610473,
2015-09-23,0.9968645090059877,-0.005685303211212158,
2015-09-24,0.9979249959079534,0.0010638225078582763,
2015-09-25,0.9970792551020404,-0.0008474993705749515,
2015-09-28,0.9692180802583598,-0.02794278860092163,
2015-09-29,0.9694178728337864,0.00020613789558410631,
2015-09-30,0.993978892407157,0.025335843563079833,
2015-10-01,0.9943011573422984,0.0003242170810699464,
2015-10-02,1.0137817073624833,0.01959220290184021,
2015-10-05,1.0348656070465094,0.020797277688980105,
2015-10-06,1.038400877596754,0.0034161639213562004,
2015-10-07,1.0493160874690162,0.01051155686378479,
2015-10-08,1.0568026265094799,0.007134684324264526,
2015-10-09,1.0534892449082578,-0.0031352889537811287,
2015-10-12,1.0523352567080613,-0.0010953962802886968,
2015-10-13,1.0441885279028493,-0.007741571664810181,
2015-10-14,1.0421329674581836,-0.0019685721397399904,
2015-10-15,1.0568307453053478,0.014103553295135497,
2015-10-16,1.057869697907175,0.0009830832481384278,
2015-10-19,1.0555743185714028,-0.002169812917709351,
2015-10-20,1.0522615868467997,-0.003138321638107301,
2015-10-21,1.044257171071412,-0.007606868743896485,
2015-10-22,1.0658450381748843,0.020672941207885744,
2015-10-23,1.0808323608259316,0.014061446189880372,
2015-10-26,1.0773311172120053,-0.003239395618438721,
2015-10-27,1.0712817853386503,-0.005615109205245971,
2015-10-28,1.08855183732295,0.016120923757553102,
2015-10-29,1.0835776210976351,-0.00456957221031189,
2015-10-30,1.0805845155885985,-0.0027622437477111818,
2015-11-02,1.0965482449216664,0.014773235321044924,
2015-11-03,1.1016724769375332,0.004673056602478028,
2015-11-04,1.1032197759397973,0.0014045000076293947,
2015-11-05,1.1008366835653853,-0.0021601247787475593,
2015-11-06,1.1093218473619433,0.007707922458648682,
2015-11-09,1.095768706136639,-0.012217501401901247,
2015-11-10,1.0935180077729798,-0.002053990364074707,
2015-11-11,1.0876831654465176,-0.00533584475517273,
2015-11-12,1.0706910502360594,-0.015622302293777467,
2015-11-13,1.0566338790795817,-0.013129063844680789,
2015-11-16,1.0725094913351394,0.015024704933166502,
2015-11-17,1.071896113557221,-0.0005719089508056641,
2015-11-18,1.0920527131927835,0.018804620504379272,
2015-11-19,1.093479230586447,0.001306271553039551,
2015-11-20,1.09428465236803,0.0007365679740905765,
2015-11-23,1.0896931147364757,-0.004195926189422608,
2015-11-24,1.09380233957829,0.0037709927558898927,
2015-11-25,1.0917880128126896,-0.0018415820598602299,
2015-11-27,1.0931931754172328,0.0012870287895202638,
2015-11-30,1.092524251716715,-0.0006118988990783692,
2015-12-01,1.1076881706723152,0.013879709243774413,
2015-12-02,1.092560454767069,-0.01365701675415039,
2015-12-03,1.0798340443704395,-0.011648243665695193,
2015-12-04,1.0966880408855582,0.015607950687408447,
2015-12-07,1.0855108359763306,-0.010191781520843504,
2015-12-08,1.0740610937692607,-0.010547791719436645,
2015-12-09,1.0692067330274388,-0.004519631862640381,
2015-12-10,1.073574123414368,0.004084701538085938,
2015-12-11,1.0507671810752466,-0.021243938207626344,
2015-12-14,1.0486847523042813,-0.001981817483901978,
2015-12-15,1.060725474719626,0.011481736898422242,
2015-12-16,1.0774385930978903,0.015756309032440186,
2015-12-17,1.0561881195990133,-0.019723141193389894,
2015-12-18,1.0375521294865633,-0.017644574642181395,
2015-12-21,1.046100099550371,0.008238593339920042,
2015-12-22,1.0536857060042069,0.007251319885253907,
2015-12-23,1.0731144392625793,0.01843883156776428,
2015-12-24,1.0710479187913968,-0.0019257223606109623,
2015-12-28,1.0651914528445288,-0.005467977523803711,
2015-12-29,1.0775008936460835,0.011556082963943483,
2015-12-30,1.0665860201250488,-0.010129804611206055,
2015-12-31,1.059701495307237,-0.006454730033874513,
2016-01-04,1.0423172886180518,-0.016404814720153812,
2016-01-05,1.0426769303587733,0.0003450405597686769,
2016-01-06,1.0172609493162348,-0.02437570095062256,
2016-01-07,0.9828544509636362,-0.033822686672210694,
2016-01-08,0.9694191037736455,-0.013669722080230713,
2016-01-11,0.9663928621011145,-0.0031217062473297124,
2016-01-12,0.9688937131592392,0.0025878202915191654,
2016-01-13,0.9359083410868302,-0.03404436588287354,
2016-01-14,0.9604990253540648,0.02627467155456543,
2016-01-15,0.9297754656387817,-0.03198708057403564,
2016-01-19,0.9248692371791005,-0.005276788473129273,
2016-01-20,0.9126266498231032,-0.013237100839614869,
2016-01-21,0.9257254843217814,0.014352895021438598,
2016-01-22,0.9464671172759935,0.022405813932418823,
2016-01-25,0.9271838401628055,-0.020373953580856325,
2016-01-26,0.9426952022795662,0.01672954320907593,
2016-01-27,0.9320099804779138,-0.011334757804870603,
2016-01-28,0.9416310894655765,0.010322967767715454,
2016-01-29,0.967994217032535,0.027997299432754516,
2016-02-01,0.970650808541504,0.0027444291114807136,-0.06489494017581353
2016-02-02,0.9434738614959223,-0.027998685836791996,-0.2890829234358495
2016-02-03,0.9483426536811841,0.005160495042800904,-0.3630469665577822
2016-02-04,0.9599135026617679,0.012201126813888552,-0.2764165755624064
2016-02-05,0.933527180216673,-0.027488229274749754,-0.5082307974110449
2016-02-08,0.9051881983292258,-0.030356889963150026,-0.6479115529231234
2016-02-09,0.903231171786344,-0.0021620106697082513,-0.6335648776300393
2016-02-10,0.9013356479149999,-0.002098603248596191,-0.7260494950421658
2016-02-11,0.8905334320969258,-0.011984676122665407,-0.7874081447248686
2016-02-12,0.9160445822469582,0.02864704370498657,-0.7016937456996217
2016-02-16,0.9416591314877416,0.02796212077140808,-0.5779797173515794
2016-02-17,0.9688246031402699,0.028848519325256346,-0.435001136208366
2016-02-18,0.9631339691933214,-0.005873750448226928,-0.44944679948155136
2016-02-19,0.9636403230245645,0.00052573561668396,-0.46596205003001284
2016-02-22,0.9865498556132001,0.02377394556999207,-0.3751517223003152
2016-02-23,0.9645133193487371,-0.02233697175979614,-0.4576324401419484
2016-02-24,0.9711877115795431,0.006919958591461182,-0.44149004944416315
2016-02-25,0.9827643631846398,0.011920096874237061,-0.3813435633117069
2016-02-26,0.9895768634140004,0.006931977272033691,-0.3563139013366931
2016-02-29,0.9832007013313333,-0.006443321704864501,-0.37139956543425556
2016-03-01,1.0111162116975922,0.028392484188079836,-0.2744103552946865
2016-03-02,1.0238404460798598,0.012584344148635865,-0.1772078117343217
2016-03-03,1.0315741554197635,0.007553627490997314,-0.11572975944089714
2016-03-04,1.0415458191280154,0.00966645359992981,-0.06519090011723509
2016-03-07,1.0418386029087296,0.00028110504150390624,0.0062317648326602896
2016-03-08,1.0176351550832006,-0.023231475353240966,-0.11738572652242853
2016-03-09,1.027491481876109,0.009685521125793456,0.018431364416150637
2016-03-10,1.0274868947555764,-4.464387893676655e-06,0.02181468642766624
2016-03-11,1.0510913950897323,0.022973042726516724,0.08651974855814445
2016-03-14,1.0493570558458376,-0.0016500365734100344,0.10426647403332356
2016-03-15,1.044332335853905,-0.004788379669189453,0.02995368552901896
2016-03-16,1.057285241477571,0.012403049468994141,0.09168501496076432
2016-03-17,1.064305228906629,0.006639634370803832,0.07681412635372989
2016-03-18,1.07084240219256,0.006142197847366334,0.1265735753135751
2016-03-21,1.0737231679671542,0.0026901865005493166,0.1033181058266312
2016-03-22,1.0727564826833944,-0.0009003114700317384,0.10489612251268689
2016-03-23,1.0541603308599798,-0.017334923744201657,0.04296983743324332
2016-03-24,1.0552624266250057,0.0010454726219177245,0.15342165039619848
2016-03-28,1.0528340384542636,-0.0023012173175811766,0.1602357885113618
2016-03-29,1.0616821144971758,0.008404055833816529,0.19303430962789858
2016-03-30,1.0673531287926723,0.005341536998748779,0.16546240428538142
2016-03-31,1.0663393415068638,-0.0009498143196105958,0.19385492464341628
2016-04-01,1.0696837484556372,0.0031363439559936525,0.23268396980742287
2016-04-04,1.0621877114056744,-0.0070077133178710945,0.19742734756659586
2016-04-05,1.0533587627920522,-0.008312041759490968,0.11730305068971933
2016-04-06,1.069605194519891,0.015423455238342284,0.20465931241280666
2016-04-07,1.0511415168090872,-0.01726214289665222,0.09186933289853026
2016-04-08,1.0577192899030257,0.006257742643356324,0.0935792378100173
2016-04-11,1.0581254925082733,0.0003840363025665284,0.0738553411110271
2016-04-12,1.0704350653554988,0.011633377075195314,0.140160170253638
2016-04-13,1.0921903669943702,0.02032379388809204,0.23538817108043233
2016-04-14,1.092653527346638,0.00042406558990478523,0.190384668572551
2016-04-15,1.0918675889240712,-0.000719293355941772,0.17639830358416045
2016-04-18,1.098011153346327,0.005626657009124756,0.2617515807767163
2016-04-19,1.1007876060522255,0.002528619766235352,0.2308151217315643
2016-04-20,1.1100079538684595,0.008376137018203734,0.25911056150297007
2016-04-21,1.102368102426278,-0.006882699728012085,0.1952114603946839
2016-04-22,1.1150794500311092,0.011530946493148805,0.24439805883109175
2016-04-25,1.1060621192718998,-0.008086715936660766,0.17983383797630054
2016-04-26,1.1123139433283578,0.005652326345443726,0.20855537637576976
2016-04-27,1.1217527056371783,0.008485699892044066,0.22858261333576754
2016-04-28,1.1077601758351905,-0.012473809719085691,0.17051872329772905
2016-04-29,1.0992968016114324,-0.007640078067779541,0.18614760247822926
2016-05-02,1.106136162541027,0.006221578121185303,0.15867769821650668
2016-05-03,1.086474628803925,-0.01777496695518494,0.06410429276036558
2016-05-04,1.074093430322283,-0.01139575481414795,0.07182617194927528
2016-05-05,1.0724714939386326,-0.001510051488876343,0.09281584837009195
2016-05-06,1.076832670575425,0.004066473245620728,0.09548593422458201
2016-05-09,1.070796967981137,-0.0056050515174865725,0.017622307809656464
2016-05-10,1.086552316115475,0.014713665246963503,0.10155622784679465
2016-05-11,1.0830651180812854,-0.003209415674209595,0.10511549624925583
2016-05-12,1.0762918049965624,-0.00625383734703064,0.06762851962828413
2016-05-13,1.0730219138780073,-0.003038108348846436,0.011271929121540654
2016-05-16,1.08661833035232,0.012671145200729369,0.07114219994218186
2016-05-17,1.0827831772689709,-0.0035294389724731447,0.03350810639402585
2016-05-18,1.0894542684611772,0.0061610591411590575,0.07565829258446197
2016-05-19,1.0869610977464932,-0.002288458347320556,0.07450416819129813
2016-05-20,1.1033899368409608,0.015114468336105346,0.12615712712913224
2016-05-23,1.1055804727509673,0.001985278129577637,0.14406011209858707
2016-05-24,1.1220786208637574,0.014922611713409422,0.2680335033738659
2016-05-25,1.1362896234929736,0.012664890289306641,0.2644507023584733
2016-05-26,1.1398879748371435,0.003166755437850953,0.2751764272947689
2016-05-27,1.1483957603118722,0.007463703155517577,0.33018560900836585
2016-05-31,1.151351873786129,0.002574124336242675,0.33303061777289256
2016-06-01,1.149915805050713,-0.0012472891807556153,0.3253583845140982
2016-06-02,1.152610450032184,0.0023433411121368407,0.32988709772699576
2016-06-03,1.1463082451990219,-0.005467766523361207,0.3331383530731228
2016-06-06,1.156181447212932,0.008613042831420899,0.37093664190052794
2016-06-07,1.1588996563398168,0.0023510229587554933,0.42715581515047873
2016-06-08,1.1603848081945225,0.0012815189361572268,0.4301214775044182
2016-06-09,1.1564064112465982,-0.0034285151958465573,0.36249042630006817
2016-06-10,1.1394239763286016,-0.014685524702072144,0.2921224741749953
2016-06-13,1.130635126986996,-0.007713414430618287,0.2802688851887989
2016-06-14,1.1244932108404382,-0.005432270765304566,0.27758136769589764
2016-06-15,1.1271692342979522,0.0023797595500946044,0.2606177049660048
2016-06-16,1.1303533775247139,0.002824902534484863,0.25894072716613126
2016-06-17,1.1322583646236717,0.0016853022575378416,0.22891590297336364
2016-06-20,1.1393252301066583,0.006241389513015747,0.279851809508801
2016-06-21,1.1450256089127107,0.005003293752670289,0.2713972238740628
2016-06-22,1.1357920056849025,-0.008064101934432983,0.22123686055071407
2016-06-23,1.1587166915445228,0.020183876752853394,0.34385760840656077
2016-06-24,1.1022615033759346,-0.04872216701507568,0.13238251003339307
2016-06-27,1.0706246994492206,-0.028701722621917728,0.042091100234771285
2016-06-28,1.0954279293083806,0.023167062997817994,0.2556200125886881
2016-06-29,1.1195493008685464,0.022020044326782225,0.338933395379112
2016-06-30,1.1347473996882818,0.013575193881988525,0.38325007284425733
2016-07-01,1.133498203424792,-0.0011008584499359133,0.36727831227455715
2016-07-05,1.1180643049473598,-0.013616164922714235,0.3356259314056223
2016-07-06,1.1261452580819251,0.007227628231048585,0.3835823261352598
2016-07-07,1.131783051133159,0.005006275177001953,0.5019132977592529
2016-07-08,1.1547047513426631,0.02025273323059082,0.5796825893696733
2016-07-11,1.1646076861923282,0.00857616186141968,0.5551734384173428
2016-07-12,1.1842240016473802,0.01684371113777161,0.5751467913545131
2016-07-13,1.1861978687805963,0.001666802167892456,0.5407116453344625
2016-07-14,1.1992156886217333,0.010974408388137817,0.6119618299496121
2016-07-15,1.1955766101415009,-0.0030345487594604496,0.5496850016999568
2016-07-18,1.2062395225523728,0.008918635845184326,0.5684439048658199
2016-07-19,1.2014848761696386,-0.003941709995269775,0.561862044289039
2016-07-20,1.2116388774828284,0.008451210260391235,0.6069566533413246
2016-07-21,1.2029064109017127,-0.007207152843475342,0.5906091689103623
2016-07-22,1.2135841890611216,0.008876649141311645,0.6603019578181999
2016-07-25,1.2179170563382624,0.003570306301116944,0.7285433655669599
2016-07-26,1.2239439077574494,0.0049484908580780035,0.7968959741361393
2016-07-27,1.2227448156389185,-0.0009796953201293944,0.7198240418546372
2016-07-28,1.2210321057848215,-0.0014007091522216795,0.6658404660018531
2016-07-29,1.224542257518407,0.0028747415542602537,0.664781239811011
2016-08-01,1.2205325124200366,-0.0032744848728179935,0.6718294042550282
2016-08-02,1.2055198298805516,-0.012300108671188355,0.613624019043107
2016-08-03,1.2149976675826786,0.00786203384399414,0.6474723730977514
2016-08-04,1.2185214065814984,0.0029002022743225097,0.6281803327146122
2016-08-05,1.2371661506414333,0.015301121473312378,0.7344851152600471
2016-08-08,1.2368634887010557,-0.00024464130401611326,0.7514998027999863
2016-08-09,1.2367859868609927,-6.265997886657727e-05,0.691847732131407
2016-08-10,1.2301934414258793,-0.005330384969711303,0.7336520383865752
2016-08-11,1.238428084733123,0.006693779230117798,0.7590281566500302
2016-08-12,1.2390803869747378,0.0005267179012298584,0.7823049068764449
2016-08-15,1.2483603880095722,0.007489426136016846,0.80377589957895
2016-08-16,1.2434705049410784,-0.003917044401168824,0.7534530634311968
2016-08-17,1.244234227769877,0.0006141865253448486,0.7938922673649343
2016-08-18,1.252755856552084,0.006848894357681275,0.8701493084447783
2016-08-19,1.2551213415777671,0.0018882250785827637,1.0081562410633012
2016-08-22,1.2534668949479453,-0.001318156719207764,1.160765247240932
2016-08-23,1.257504582818349,0.0032212162017822266,1.390577062543264
2016-08-24,1.2481272212164582,-0.00745711922645569,1.4269518960008274
2016-08-25,1.2503743465130992,0.0018003976345062254,1.2655723825026473
2016-08-26,1.2540922517738822,0.0029734337329864503,1.1084926062787168
2016-08-29,1.259677139966605,0.004453331232070923,1.1040268205241532
2016-08-30,1.2570741745948826,-0.0020663750171661375,1.1098186942895485
2016-08-31,1.2556870844940735,-0.0011034274101257321,1.2910856562441262
2016-09-01,1.2570219322107328,0.0010630416870117186,1.2068021591940925
2016-09-02,1.2617599290565122,0.003769223690032959,1.2174745756497427
2016-09-06,1.2683746396877076,0.005242447853088379,1.3349532238858586
2016-09-07,1.268923475875384,0.00043270826339721725,1.2174933472834584
2016-09-08,1.265550527531397,-0.0026581180095672607,1.2650560116050984
2016-09-09,1.2347236222432338,-0.024358494281768804,1.090961232790723
2016-09-12,1.2563773297727712,0.017537291049957278,1.1691116876134016
2016-09-13,1.2369599172907608,-0.015455080270767212,1.1062747017299712
2016-09-14,1.238580168674923,0.0013098657131195067,1.0475211976343157
2016-09-15,1.2532817554593119,0.011869709491729738,1.044875486469432
2016-09-16,1.2506094632761267,-0.002132235765457153,1.054510553901934
2016-09-19,1.2503015491064375,-0.00024621129035949695,1.15828487157765
2016-09-20,1.2495622583070913,-0.0005912899971008302,1.1428149513667294
2016-09-21,1.2618192657599359,0.009809041023254394,1.2731542759133025
2016-09-22,1.269752842660996,0.006287411451339722,1.3345849709963946
2016-09-23,1.2650710925373994,-0.0036871349811553955,1.3099409998094689
2016-09-26,1.251790597411035,-0.010497825145721437,1.2585581207089929
2016-09-27,1.2634315031850285,0.009299403429031372,1.4631532333045794
2016-09-28,1.2705727445068649,0.005652258396148681,1.4908107925421827
2016-09-29,1.2599742185840968,-0.00834153413772583,1.326250519370063
2016-09-30,1.2723771739106375,0.009843816757202148,1.3741615303560892
2016-10-03,1.272364407074146,-1.0033845901489117e-05,1.2785917912397955
2016-10-04,1.2691085551596817,-0.0025588989257812503,1.1631520729092932
2016-10-05,1.2795521969322825,0.008229116201400757,1.1875444686542884
2016-10-06,1.2789877475602076,-0.0004411303997039796,1.1317271308978878
2016-10-07,1.274350271031671,-0.0036258959770202634,1.0757273527726912
2016-10-10,1.2757531852360242,0.0011008858680725095,1.098128028382538
2016-10-11,1.2594272008724048,-0.012797133922576906,1.0343166579782306
2016-10-12,1.2594360918920873,7.059574127197352e-06,1.0758315333689494
2016-10-13,1.250188126017601,-0.007342941761016846,1.046906725193278
2016-10-14,1.2541630873703165,0.0031794905662536617,0.9921923540282062
2016-10-17,1.2463212863760527,-0.00625261664390564,0.9536834639503918
2016-10-18,1.2608740190821863,0.011676549911499023,1.024554530670216
2016-10-19,1.2689045400863705,0.006369011402130128,1.0739795204483138
2016-10-20,1.2682587768090792,-0.000508913993835449,1.1120937527731038
2016-10-21,1.266984902599115,-0.0010044276714324953,1.0041842467331843
2016-10-24,1.2782251516021912,0.008871651887893676,0.9784178802975027
2016-10-25,1.2796595201131922,0.0011221563816070559,1.0015897685071304
2016-10-26,1.2760785027021089,-0.0027984142303466796,1.0168106555594267
2016-10-27,1.274927439491924,-0.0009020316600799557,0.9301944031404688
2016-10-28,1.2714519592369873,-0.002726022005081177,0.9401444372143275
2016-10-31,1.2739655882316456,0.001976975202560425,0.9653291453968817
2016-11-01,1.2651176014665215,-0.006945232152938843,0.852219473625849
2016-11-02,1.2550560969649862,-0.00795301914215088,0.7847334313919907
2016-11-03,1.2484890864598348,-0.005232443809509276,0.7492696482935141
2016-11-04,1.2477404774247154,-0.0005996119976043703,0.7575871163548022
2016-11-07,1.2790276359971986,0.025075052976608277,0.8430030768241767
2016-11-08,1.2836452955259865,0.0036102890968322753,0.9280990346806977
2016-11-09,1.303573691462493,0.015524846315383912,1.0176063886492748
2016-11-10,1.3057922168064826,0.0017018795013427732,1.0550521379721944
2016-11-11,1.3224586166567327,0.012763439416885377,1.2061713527895113
2016-11-14,1.3231489284869487,0.0005219912528991698,1.281443994558279
2016-11-15,1.33731915134024,0.010709469318389894,1.2604973005122426
2016-11-16,1.3384831611986479,0.000870405435562133,1.26815242038518
2016-11-17,1.350824512741778,0.009220401048660279,1.2218297553700657
2016-11-18,1.3495520374575405,-0.0009419989585876466,1.2098629686198052
2016-11-21,1.3630759369123409,0.010021028518676759,1.2575903202498415
2016-11-22,1.370926792495642,0.0057596611976623545,1.3103368277626721
2016-11-23,1.3734429341475038,0.0018353581428527835,1.3002224071843593
2016-11-25,1.3784706381959078,0.0036606574058532714,1.3293577133237784
2016-11-28,1.3700883973808569,-0.0060808265209198,1.2894652541164469
2016-11-29,1.3701684571393564,5.8434009552001934e-05,1.2930406464195703
2016-11-30,1.3713207787217816,0.0008410072326660159,1.226955642806961
2016-12-01,1.3588778682690867,-0.009073668718338012,1.253239079080887
2016-12-02,1.3608198568794803,0.0014291119575500486,1.3256464969514052
2016-12-05,1.3756427116534966,0.01089259147644043,1.3026896655217493
2016-12-06,1.3827300936791322,0.005152051448822022,1.3866069406622283
2016-12-07,1.4088451582863109,0.018886595964431763,1.5397697080631265
2016-12-08,1.4135570829964204,0.0033445298671722404,1.5822624784925052
2016-12-09,1.4179871207677814,0.0031339645385742186,1.577301537955737
2016-12-12,1.41240150501097,-0.00393911600112915,1.6809194976667208
2016-12-13,1.420630977796477,0.005826581716537476,1.7225447341636198
2016-12-14,1.4133502619866254,-0.005124987363815308,1.6349976961221149
2016-12-15,1.4228752119778416,0.0067392706871032704,1.5907575076311555
2016-12-16,1.415326904002217,-0.005304968357086181,1.6779945678960184
2016-12-19,1.4207486017226816,0.003830703496932984,1.803548070774915
2016-12-20,1.4325645676750443,0.008316718339920044,1.8039441092932191
2016-12-21,1.4300370668711906,-0.0017643189430236817,1.7555672960786304
2016-12-22,1.428804241966425,-0.0008620929718017581,1.6576791414564263
2016-12-23,1.4332087245062093,0.0030826354026794434,1.6852188312350949
2016-12-27,1.4418335109955374,0.006017816066741943,1.7485980991406556
2016-12-28,1.4258586654479892,-0.011079535484313965,1.623718102171505
2016-12-29,1.4210008529297014,-0.003406938314437867,1.6631226492820181
2016-12-30,1.4119829827078538,-0.006346139907836915,1.6637582782974272
2017-01-03,1.426554270964934,0.010319733619689941,1.8163265825028811
2017-01-04,1.4425021584090787,0.011179306507110595,1.8731325887312726
2017-01-05,1.4396913333614654,-0.0019485759735107426,2.0160633097124903
2017-01-06,1.4452342976034844,0.003850106000900269,2.2684884738874884
2017-01-09,1.4420501644877886,-0.0022031950950622565,2.341461074266436
2017-01-10,1.4475025876446035,0.0037810218334198005,2.3812902817156956
2017-01-11,1.4534268822642438,0.004092769622802734,2.389630847861418
2017-01-12,1.445690885325096,-0.005322591066360474,2.604499640252315
2017-01-13,1.4525565869119423,0.004749079942703246,2.5049361605019818
2017-01-17,1.4339767944723196,-0.012791097164154054,2.6595180699228043
2017-01-18,1.4397673775403872,0.004038128852844239,2.7169910318203168
2017-01-19,1.4454420081023631,0.003941352367401124,2.8302643991950287
2017-01-20,1.4501415614364803,0.0032512915134429933,2.7716385751286063
2017-01-23,1.449219780452638,-0.0006356489658355715,2.6537549370070654
2017-01-24,1.468624758832409,0.013389948606491089,2.8760915715758784
2017-01-25,1.484253559529111,0.010641793012619017,2.846700636014551
2017-01-26,1.4803510429654048,-0.0026292788982391364,2.907979540830187
2017-01-27,1.484831314435936,0.0030264925956726076,2.8671973972876974
2017-01-30,1.474074893068722,-0.00724420428276062,2.6823437044310925
2017-01-31,1.4731538440305774,-0.0006248319149017335,2.6612971075011753
2017-02-01,1.4827174159882648,0.0064919030666351326,2.9230770608136583
2017-02-02,1.484532257475902,0.001223996877670288,2.8989502349661502
2017-02-03,1.4983726486239726,0.009323065280914306,2.88379256279073
2017-02-06,1.5024946305891502,0.002750972509384155,3.1278592224786674
2017-02-07,1.5017060267428168,-0.0005248630046844479,3.3919505066507236
2017-02-08,1.5043753878440753,0.0017775523662567141,3.4190286104344434
2017-02-09,1.5121807009878458,0.005188407897949218,3.46731231482554
2017-02-10,1.5153130857009578,0.0020714354515075683,3.574623019899311
2017-02-13,1.5234821013833897,0.00539097547531128,3.4741831932134897
2017-02-14,1.5319709484149229,0.005572003126144409,3.374742110897198
2017-02-15,1.5381842730283555,0.004055771827697754,3.2611210566666875
2017-02-16,1.5342552378566727,-0.002554333209991455,3.2871556869574783
2017-02-17,1.5383159349545825,0.0026466894149780274,3.3018877889818787
2017-02-21,1.550734518830459,0.008072843551635744,3.227655236248652
2017-02-22,1.5498675716953731,-0.0005590558052062988,3.428178629966323
2017-02-23,1.5452646378971566,-0.0029698884487152095,3.358358665871867
2017-02-24,1.5428865138820396,-0.0015389752388000487,3.2705223301478386
2017-02-27,1.5459841269882104,0.002007673978805542,3.2377417283567347
2017-02-28,1.538781988605484,-0.004658610820770264,3.252551401359178
2017-03-01,1.5603936296071539,0.014044641256332396,3.1959153354270415
2017-03-02,1.5479670610150964,-0.007963739633560181,3.0499048675338805
2017-03-03,1.5489697436080945,0.0006477415561676024,3.002778770441036
2017-03-06,1.5443173712755454,-0.0030035269260406494,2.9147033728246687
2017-03-07,1.539294754714376,-0.003252321481704712,2.8875621458831207
2017-03-08,1.541246818103843,0.0012681543827056884,3.1148191236215697
2017-03-09,1.5425738938093576,0.0008610403537750242,3.0553423244264035
2017-03-10,1.5507109900030054,0.005275012254714966,3.0932635668001196
2017-03-13,1.5563095715318471,0.0036103320121765137,2.987670049304593
2017-03-14,1.5539402656579455,-0.001522387266159058,2.988686116107493
2017-03-15,1.5642589926975272,0.0066403627395629885,3.074997543738773
2017-03-16,1.5668535723838488,0.0016586637496948243,3.00476392344459
2017-03-17,1.563687005538417,-0.002020971775054932,2.9411736597669735
2017-03-20,1.562838895442225,-0.0005423784255981442,2.892623697568095
2017-03-21,1.5294823698585942,-0.021343547105789184,2.6746440707977888
2017-03-22,1.5369683352850674,0.004894443750381469,2.7168406560413514
2017-03-23,1.536375049510264,-0.00038601040840148917,2.8690182164507276
2017-03-24,1.5411671263021374,0.003119080066680908,2.8842482458256575
2017-03-27,1.5420489359263068,0.0005721700191497802,2.906713059841823
2017-03-28,1.5584169629558495,0.010614466667175294,2.9203095327437896
2017-03-29,1.5635313323222204,0.0032817721366882324,2.9059217526328602
2017-03-30,1.5726920448271777,0.005858988761901856,2.955518614909522
2017-03-31,1.5687517544010783,-0.0025054430961608883,2.912483653467401
2017-04-03,1.5671972935602074,-0.0009908902645111087,2.962626782207043
2017-04-04,1.5662036862673083,-0.0006340026855468751,3.0275468513427892
2017-04-05,1.5560791093660415,-0.006464406251907349,2.874537958105647
2017-04-06,1.5602595779628312,0.0026865398883819578,3.0541741331861525
2017-04-07,1.5577026805127088,-0.001638764142990112,2.995463783454266
2017-04-10,1.555943257700051,-0.001129498481750488,2.983518746291462
2017-04-11,1.552012916060157,-0.0025260186195373534,2.883523150383294
2017-04-12,1.5403751355694566,-0.007498507499694825,2.6941073392166635
2017-04-13,1.5300440440692564,-0.006706867218017579,2.6346761756372405
2017-04-17,1.5470308691903267,0.011102180480957033,2.7177283172023485
2017-04-18,1.5420133917781353,-0.0032432949542999267,2.649990186284356
2017-04-19,1.5452815375718292,0.002119401693344116,2.646937487853702
2017-04-20,1.5633112049942701,0.011667561531066895,2.667586135025491
2017-04-21,1.5580189563950764,-0.0033852815628051757,2.6976935225738368
2017-04-24,1.5743064795015347,0.0104539954662323,2.691112806861438
2017-04-25,1.590160372094011,0.010070397853851318,2.8305532991093
2017-04-26,1.5915296742892528,0.0008611094951629638,2.7954817935624683
2017-04-27,1.5888276717142804,-0.001697739362716675,2.721094543165202
2017-04-28,1.5856196296870677,-0.00201912522315979,2.815676238397419
2017-05-01,1.5956246577204205,0.006309853792190552,2.927736921425033
2017-05-02,1.5905572256238019,-0.0031758296489715573,2.8556421546019255
2017-05-03,1.592186091870777,0.0010240852832794191,3.033370701189302
2017-05-04,1.5882232252098303,-0.002488946914672852,3.116774093584788
2017-05-05,1.598546912458735,0.00650014877319336,3.177854182622271
2017-05-08,1.5987135319358134,0.00010423183441162127,3.1473309128725635
2017-05-09,1.6019784218029163,0.002042198181152344,3.212020777858789
2017-05-10,1.6123672112144636,0.00648497462272644,3.162054720984063
2017-05-11,1.6082025963460487,-0.0025829195976257322,3.167517413629313
2017-05-12,1.6089206332170414,0.00044648408889770504,3.2260946297739643
2017-05-15,1.6177494727213053,0.005487430095672607,3.2938283173390785
2017-05-16,1.6227399394731101,0.0030848205089569094,3.230423626740897
2017-05-17,1.5710960086871897,-0.03182514309883118,2.9101302791664776
2017-05-18,1.5849751882448002,0.00883407473564148,2.927812822119212
2017-05-19,1.5939982374753068,0.005692864656448364,2.988470268787472
2017-05-22,1.6032392133064983,0.005797356367111206,2.9316113489290236
2017-05-23,1.6050757906290134,0.001145541667938232,2.9251819734910067
2017-05-24,1.6071307318864485,0.0012802767753601072,2.835687215875993
2017-05-25,1.6151978322934617,0.005019567012786864,2.7861454127972825
2017-05-26,1.6203148675698704,0.003168054819107056,2.7861550834283935
2017-05-30,1.6231730441777659,0.0017639636993408204,2.74507565797945
2017-05-31,1.6218149310954424,-0.0008367025852203367,2.7183793541983823
2017-06-01,1.6286832351842844,0.004234949350357056,2.760728168192877
2017-06-02,1.637482723545306,0.005402823686599731,2.783156257877937
2017-06-05,1.639512906600546,0.0012398195266723631,2.839098777417773
2017-06-06,1.6369909642292548,-0.0015382266044616701,2.7640024157280862
2017-06-07,1.641909137174516,0.0030043983459472653,2.7689330943386916
2017-06-08,1.6504391490202228,0.005195178985595704,2.7980941712908143
2017-06-09,1.6287295301210662,-0.013153843879699707,2.707377493724598
2017-06-12,1.6252725381954027,-0.00212250828742981,2.825028199348876
2017-06-13,1.6326483828053724,0.004538220167160034,2.92679840973686
2017-06-14,1.6238440711752233,-0.005392656326293945,2.9271552927672153
2017-06-15,1.6119368431410066,-0.007332741022109985,2.8449444624254827
2017-06-16,1.6086840604597603,-0.0020179343223571777,2.8064804501009104
2017-06-19,1.6312590813273553,0.014033222198486328,2.888620901561082
2017-06-20,1.614460940253518,-0.010297653675079347,2.7513834097591254
2017-06-21,1.6204953666995356,0.003737734556198119,2.742245815309075
2017-06-22,1.624039217037655,0.0021868932247161867,2.828735772110842
2017-06-23,1.629669634400748,0.0034669220447540285,2.7280810759396537
2017-06-26,1.6286090660122714,-0.0006507873535156251,3.3724019354702985
2017-06-27,1.6077722204723424,-0.01279425859451294,3.6006457839161627
2017-06-28,1.6288245330691287,0.013094089031219483,3.5580855538131395
2017-06-29,1.6124882595377807,-0.010029486417770387,3.312455375319468
2017-06-30,1.6143160193688155,0.0011335027217864984,3.2203675603642563
2017-07-03,1.6123393010450373,-0.001224492788314819,3.219175545880509
2017-07-05,1.6132280453922387,0.0005512142181396491,3.3771571447346544
2017-07-06,1.5961183730644872,-0.010605860948562622,3.2010648302667044
2017-07-07,1.609082496640906,0.008122282028198242,3.224948309566199
2017-07-10,1.6196027664119002,0.006538054943084716,3.143706131432201
2017-07-11,1.6244849143760745,0.0030144107341766356,3.099339848689928
2017-07-12,1.637352890462164,0.007921265363693239,3.042959732632705
2017-07-13,1.6410578804454636,0.0022627925872802735,3.0483529267110883
2017-07-14,1.6506329762961236,0.005834709405899049,3.0103268009845676
2017-07-17,1.6490197884065598,-0.0009773147106170656,3.0311108492367578
2017-07-18,1.6559536853147097,0.004204859733581544,2.993872428407441
2017-07-19,1.662777698005146,0.004120895862579346,3.071201080797719
2017-07-20,1.6661331673551185,0.0020179903507232667,3.0180870924198926
2017-07-21,1.662125205873385,-0.0024055469036102293,3.0705355893178203
2017-07-24,1.6638506235800836,0.001038079261779785,3.004967060541401
2017-07-25,1.6756956752727576,0.0071190595626831055,3.034318686160141
2017-07-26,1.6786857582469965,0.0017843830585479738,3.0065078740036166
2017-07-27,1.6752499989082195,-0.002046695947647095,2.9957637599422307
2017-07-28,1.6723590880498034,-0.001725659370422363,2.992488831997253
2017-07-31,1.6650341698054536,-0.004379991292953491,2.921035899492364
2017-08-01,1.672002090792315,0.00418485164642334,2.992157807112274
2017-08-02,1.666525319484154,-0.003275576829910278,3.0985417939207154
2017-08-03,1.6611635218533565,-0.0032173514366149896,2.9974595670498325
2017-08-04,1.6760490069211118,0.008960878849029541,3.046878242008671
2017-08-07,1.6834196454804355,0.004397627115249634,2.969128952263032
2017-08-08,1.6765505589692187,-0.0040804362297058114,2.9294148018919977
2017-08-09,1.6735454859597774,-0.0017924141883850103,2.9120973774746117
2017-08-10,1.636487938226998,-0.02214313745498657,2.6935683951103715
2017-08-11,1.6412383527176158,0.002902810573577881,2.6616753475240014
2017-08-14,1.6664778220932606,0.015378308296203614,2.7752793809787932
2017-08-15,1.6657527442163391,-0.00043509602546691893,2.706802062229657
2017-08-16,1.6688998772674777,0.0018893158435821535,2.763136131600708
2017-08-17,1.637235390190006,-0.018973269462585454,2.5397986191107993
2017-08-18,1.6352060524628125,-0.0012394905090332032,2.4694214087960957
2017-08-21,1.6344659082971966,-0.0004526305198669435,2.4480528678840514
2017-08-22,1.6560970539635542,0.013234381675720216,2.5650130336661645
2017-08-23,1.6558930714721722,-0.00012317061424255385,2.5351935477261924
2017-08-24,1.6547765162710373,-0.0006742918491363526,2.6037227856429097
2017-08-25,1.6564415430573578,0.0010061943531036379,2.596594545334905
2017-08-28,1.6565686461825049,7.67326354980471e-05,2.5706720667663534
2017-08-29,1.6574910696301144,0.0005568277835845948,2.536596168412841
2017-08-30,1.671960876204143,0.008729945421218872,2.629061731933175
2017-08-31,1.680372651519849,0.0050310838222503654,2.6833193868802905
2017-09-01,1.6895993881446132,0.005490887165069579,2.7211915435771576
2017-09-05,1.6739148708752356,-0.00928297996520996,2.5928522712862523
2017-09-06,1.6818070888084682,0.004714826345443725,2.5885405143127342
2017-09-07,1.679944891110176,-0.0011072599887847897,2.5742520712921406
2017-09-08,1.6631274063298462,-0.010010735988616943,2.497301109638814
2017-09-11,1.6903333084381587,0.01635827898979187,2.910422684748107
2017-09-12,1.7021990274919863,0.007019751071929932,2.8422101949293674
2017-09-13,1.7075611989041162,0.003150143623352051,3.048508384814995
2017-09-14,1.706114060182971,-0.0008474886417388915,3.027882607552738
2017-09-15,1.713052797848963,0.004066983461380005,2.968846336312368
2017-09-18,1.7217768446866182,0.005092689990997315,3.0358139811865144
2017-09-19,1.7264751403616116,0.0027287483215332033,3.063589109839273
2017-09-20,1.7289019443290643,0.0014056408405303954,3.082684966074182
2017-09-21,1.7242223945366308,-0.002706660032272339,2.973335816687575
2017-09-22,1.7284877741552014,0.0024737989902496337,2.9407580733440257
2017-09-25,1.7148915780347656,-0.007865948677062988,2.894246126488477
2017-09-26,1.7157901054611602,0.0005239558219909669,3.01520777652567
2017-09-27,1.732501640932227,0.009739848375320435,3.0183768563948825
2017-09-28,1.7356121977569245,0.0017954134941101077,2.98467086650973
2017-09-29,1.7453936747102374,0.00563575029373169,3.1261567673526582
2017-10-02,1.7516222311260847,0.003568568229675293,3.07629666343284
2017-10-03,1.7599151624261495,0.004734429121017456,3.1197385001181672
2017-10-04,1.7549792582053259,-0.0028046262264251717,3.1171440171883025
2017-10-05,1.7656153583723395,0.006060527563095092,3.1001632120050315
2017-10-06,1.7687335525990608,0.0017660665512084961,3.1214342405393074
2017-10-09,1.7653042736221243,-0.0019388329982757571,3.139333113018917
2017-10-10,1.7697911738092376,0.0025417149066925054,3.152765801806901
2017-10-11,1.7755515067216456,0.0032548093795776367,3.334175124713085
2017-10-12,1.7671213068645253,-0.00474793314933777,3.2834427328208973
2017-10-13,1.7730238942331757,0.0033402276039123536,3.3964815249236198
2017-10-16,1.7792259696944617,0.0034980213642120356,3.399337082503036
2017-10-17,1.779699979848007,0.000266413688659668,3.4708384223061777
2017-10-18,1.782689818226318,0.0016799676418304444,3.391421243433559
2017-10-19,1.7806603725465688,-0.0011384177207946777,3.3219367394169783
2017-10-20,1.7904908540368687,0.005520694255828858,3.377954068952617
2017-10-23,1.784563915759649,-0.00331023097038269,3.3531858381540025
2017-10-24,1.7926909983537627,0.004554100036621093,3.3187081447907336
2017-10-25,1.7668737679688071,-0.014401383399963379,3.13296280877007
2017-10-26,1.774562955747895,0.004351860284805298,3.2023193756306334
2017-10-27,1.791562893448825,0.009579788446426391,3.2929943097351853
2017-10-30,1.7835062159331896,-0.004497010707855225,3.273521979949608
2017-10-31,1.7874488673365365,0.0022106182575225833,3.275693771533071
2017-11-01,1.784063729728156,-0.0018938374519348147,3.33257428706289
2017-11-02,1.7865575489547767,0.0013978307977823867,3.4354519635131515
2017-11-03,1.7914156557953747,0.00271925572363464,3.5185053384294784
2017-11-06,1.7910656533753204,-0.00019537756015584916,3.52262614260877
2017-11-07,1.7811673947182307,-0.005526463331166093,3.308045874170382
2017-11-08,1.7827736835261114,0.0009018179945600186,3.2822207584299727
2017-11-09,1.77327032924061,-0.0053306565905241335,3.1011223095946474
2017-11-10,1.7773719023299694,0.0023129993333369475,3.1070344777669594
2017-11-13,1.778820445126353,0.0008149913895255179,3.0083718224657314
2017-11-14,1.7735788819689717,-0.0029466510640475227,2.971320293495995
2017-11-15,1.7679751389758882,-0.0031595679504608917,2.8434023842842793
2017-11-16,1.7935649244638152,0.014474064099538329,2.9533720522500104
2017-11-17,1.7980095958705868,0.002478121280220965,2.8955306105715213
2017-11-20,1.8066530084235868,0.004807211581546063,2.9514135526750875
2017-11-21,1.8164017769755438,0.00539603814706151,2.9141648755602505
2017-11-22,1.8141448280619288,-0.0012425383757182554,2.846564480712472
2017-11-24,1.8191862650555104,0.002778960596529409,2.855663928345555
2017-11-27,1.8090804644907816,-0.005555121407218978,2.758511945925496
2017-11-28,1.8319710940716345,0.01265318488047252,2.933354703581244
2017-11-29,1.8192285602145601,-0.00695564132988229,2.8547330891774916
2017-11-30,1.8268074519282325,0.004165992047078703,2.886336660876675
2017-12-01,1.8235857924899983,-0.0017635462537848525,2.9725926126180604
2017-12-04,1.8218614564267461,-0.0009455744118831784,2.9483660317370517
2017-12-05,1.8114239465601667,-0.005729035997638778,2.7899459251557106
2017-12-06,1.81012597235572,-0.0007165491032132929,2.7333293841903195
2017-12-07,1.82110293432099,0.006064197814356751,2.644303525711465
2017-12-08,1.8297363774296493,0.00474077711146987,2.6572742633396493
2017-12-11,1.8398398080254554,0.005521795773661785,2.6792510314344904
2017-12-12,1.8445412122035931,0.0025553334358947495,2.74798614518725
2017-12-13,1.8456329754009648,0.0005918887526873949,2.6981869895122315
2017-12-14,1.839954693522225,-0.0030766040455611886,2.7218524875663035
2017-12-15,1.8556275415640489,0.008518061937612894,2.736592558399104
2017-12-18,1.8763059399159092,0.011143614701057545,2.8941317927495427
2017-12-19,1.8697102331086997,-0.0035152619127269314,2.8180299290447666
2017-12-20,1.8680450174663776,-0.0008906276560048757,2.7319630749557957
2017-12-21,1.8683791565770718,0.00017887101626020704,2.75261048439598
2017-12-22,1.8665773457901993,-0.0009643710595517376,2.751519767845067
2017-12-26,1.861537431999734,-0.0027000830165608072,2.691697314927498
2017-12-27,1.860104513029042,-0.0007697502860057215,2.626025457675971
2017-12-28,1.8645392518747295,0.002384134232579127,2.7829156049874837
2017-12-29,1.8497226839399903,-0.007946503630771908,2.728015470632558
2018-01-02,1.8835019333305307,0.01826179117757762,2.9419471541136826
2018-01-03,1.9004667060856004,0.009007037611621275,2.932074080637873
2018-01-04,1.9135446038391506,0.006881413766246193,2.898831489263451
2018-01-05,1.930068517796224,0.008635238459517185,2.9984630036082227
2018-01-08,1.9376751192560209,0.003941104364772598,2.9993030272133065
2018-01-09,1.9338619493008873,-0.00196790985095463,3.001901766736427
2018-01-10,1.9343827190285805,0.0002692900224245953,2.967488221734124
2018-01-11,1.949737263558436,0.0079376973226718,3.0005176306117507
2018-01-12,1.9601115000889942,0.005320838209566914,3.111389635424127
2018-01-16,1.9542765765691081,-0.0029768324504095833,3.032962898724266
2018-01-17,1.972910027647013,0.009534705221006946,3.278583760745233
2018-01-18,1.9716235619830607,-0.0006520650439831428,3.2317919657731258
2018-01-19,1.9839281217522242,0.006240826091968455,3.2521324762077883
2018-01-22,2.000711652484134,0.008459747380911386,3.2967709610868434
2018-01-23,2.0124880777721454,0.005886118208683098,3.359599611587561
2018-01-24,2.0120777468665607,-0.00020389234108600856,3.246466972416604
2018-01-25,2.0077229105694228,-0.002164347925382117,3.1288902021727574
2018-01-26,2.0360227298515485,0.014095480573113207,3.2739173443456964
2018-01-29,2.0267640613303395,-0.004547428859934146,3.1923299091630004
2018-01-30,2.0009841813753693,-0.012719724237684027,3.1175928862081035
2018-01-31,2.007490312020194,0.0032514653066135673,3.1563893622893455
2018-02-01,2.0012194365736518,-0.0031237388340029596,3.061278157825946
2018-02-02,1.9535739763259143,-0.023808213820525618,2.725785400048172
2018-02-05,1.8669367804553472,-0.044348049738820526,2.0211595025069937
2018-02-06,1.909933264316695,0.02303049803907192,2.1608836442531407
2018-02-07,1.897334577995724,-0.006596401327916696,2.1032493533753662
2018-02-08,1.8237541878320376,-0.0387809251025268,1.6521641368808802
2018-02-09,1.8530961381869677,0.016088763798705722,1.7296227920432155
2018-02-12,1.88298134912344,0.016127177819123328,1.8307063899413085
2018-02-13,1.8912364662735424,0.00438406740138197,1.8229975224526647
2018-02-14,1.9305172370628074,0.020769888636222866,1.9231332744936462
2018-02-15,1.9546702632354898,0.012511168358916044,1.9832125838948713
2018-02-16,1.9458720795269544,-0.004501108894945771,1.9665118612072712
2018-02-20,1.9391128043569517,-0.00347364826347989,1.9164799996040358
2018-02-21,1.9241999060307085,-0.0076905780276091875,1.789036641329226
2018-02-22,1.9256790648052045,0.0007687136715162206,1.7997728856039972
2018-02-23,1.9571310527791888,0.01633293343050694,1.9403977949493525
2018-02-26,1.9835496309465692,0.013498625005139559,2.050138464584625
2018-02-27,1.9578281454957065,-0.012967401999711085,1.9201940065855572
2018-02-28,1.944397177934026,-0.006860136111834064,1.9011645020806676
2018-03-01,1.9183612942508697,-0.013390208532816524,1.6842053935272898
2018-03-02,1.9350645270312594,0.008707031793462435,1.8158670882982966
2018-03-05,1.9599341227052884,0.01285207564224401,1.903321410705125
2018-03-06,1.970867962307727,0.005578677097241701,1.970039882907096
2018-03-07,1.972076335666295,0.0006131173582794081,2.001324956736654
2018-03-08,1.9786864080726767,0.003351833946198771,2.0172750647812587
2018-03-09,2.0108083813434714,0.01623398894324186,2.1225047226733693
2018-03-12,2.0171241488908556,0.003140909698797191,2.106794679020215
2018-03-13,1.9982758897682735,-0.009344124471935049,2.000148108144992
2018-03-14,1.9923460037096312,-0.0029675011788938103,1.9884045301599067
2018-03-15,1.992075786366217,-0.0001356277187350646,1.9377556443949149
2018-03-16,1.9899048607844174,-0.0010897806181157923,1.9162543202078586
2018-03-19,1.9571692532326546,-0.016450840538606636,1.7888528336027387
2018-03-20,1.9576134076575713,0.00022693715639725078,1.794844799361697
2018-03-21,1.96401834314406,0.003271808142217887,2.0131938594893546
2018-03-22,1.9125428160608435,-0.026209290388201325,1.733348881414113
2018-03-23,1.8617588027877452,-0.026553137972458778,1.5015299493452101
2018-03-26,1.9105374096736527,0.02620028266436446,1.6448159544047911
2018-03-27,1.8608749092765982,-0.025993995273579876,1.4227261045459183
2018-03-28,1.8446288785601788,-0.008730318537496423,1.2837877294737
2018-03-29,1.875464679176447,0.01671653359365017,1.3716589379042041
2018-04-02,1.8270476296064577,-0.02581602847953939,1.125857296804338
2018-04-03,1.850767592529199,0.01298267354302684,1.2304421074422562
2018-04-04,1.8753315862397624,0.013272327551940258,1.3253507236162612
2018-04-05,1.8874442257998667,0.00645893219576777,1.373836550794352
2018-04-06,1.8443301826611762,-0.02284255213974308,1.2444371728397228
2018-04-09,1.852077068428229,0.004200378999315064,1.254622076943881
2018-04-10,1.8948506844330602,0.023094943905941828,1.4086396228165738
2018-04-11,1.885028087106345,-0.005183837126276901,1.3800016738502372
2018-04-12,1.903629055264559,0.009867740584580769,1.4619535313805405
2018-04-13,1.8921130527696381,-0.00604949922521559,1.4725489555599143
2018-04-16,1.903575327235586,0.006057922622102024,1.5604238087703217
2018-04-17,1.928424929420519,0.013054173286128996,1.5721166603976517
2018-04-18,1.9325956284657921,0.002162748978010155,1.609440700426427
2018-04-19,1.9224269863234877,-0.005261650183063394,1.5579428317100965
2018-04-20,1.9119684749348609,-0.005440264552584132,1.4443045666555596
2018-04-23,1.9070304676155982,-0.00258268239460947,1.4499714201096898
2018-04-24,1.8814190906667412,-0.013429977854983923,1.2842066645982393
2018-04-25,1.88046625413994,-0.0005064456566470959,1.2148173275328948
2018-04-26,1.915316633069307,0.018532839317186307,1.3253383058328063
2018-04-27,1.9163519457860279,0.000540543896943882,1.3406368874081764
2018-04-30,1.8995824346075463,-0.008750747071985915,1.292738748457281
2018-05-01,1.9047670774252405,0.002729359212444661,1.2693841750001982
2018-05-02,1.891864746802238,-0.0067737051820757,1.2439571748178129
2018-05-03,1.8888959001234549,-0.0015692700462870642,1.2263393821855681
2018-05-04,1.9138439374794125,0.013207735457696287,1.3277377962246202
2018-05-07,1.9265276686470576,0.006627359169290506,1.3285479726732516
2018-05-08,1.9325649001474228,0.003133737240641359,1.3487378346827552
2018-05-09,1.9552027674985686,0.011713897602827683,1.4099522558306585
2018-05-10,1.9759657028477349,0.010619325879806229,1.4355871303024559
2018-05-11,1.9775401619515465,0.0007968048744683436,1.4585727130016324
2018-05-14,1.981639908624584,0.002073154695878203,1.4694109252598329
2018-05-15,1.969874327834685,-0.005937295034628672,1.3922343689840875
2018-05-16,1.9838979340808025,0.007119035995322734,1.418111286900482
2018-05-17,1.976469488303094,-0.0037443689264943666,1.6446355878186103
2018-05-18,1.9638986826030296,-0.0063602326139915516,1.541025409822708
2018-05-21,1.9795123733092737,0.00795035448852651,1.5554999496302258
2018-05-22,1.9749292195443724,-0.002315294325359174,1.500505376249894
2018-05-23,1.9845074356956698,0.004849903508697601,1.5252866700462218
2018-05-24,1.9829422270109405,-0.0007887139431053512,1.5110449019213763
2018-05-25,1.9830517257524483,5.5220338755414734e-05,1.4776711185831133
2018-05-29,1.966079481658082,-0.008558649214218679,1.3947526352488941
2018-05-30,1.9917605820134447,0.013062086550898064,1.4668169720472872
2018-05-31,1.9784750418328945,-0.00667024957744673,1.4253567043781332
2018-06-01,2.009827680270109,0.015846870834503445,1.4969115080380293
2018-06-04,2.024429549918448,0.007265234622689913,1.5088054149761487
2018-06-05,2.031881420623884,0.003680973094734769,1.525038782818337
2018-06-06,2.054276243754648,0.011021717558639673,1.6064021500943981
2018-06-07,2.0440517275536365,-0.004977186603844288,1.5515015477017784
2018-06-08,2.051632360102066,0.0037086304843676676,1.5418528906393498
2018-06-11,2.0548609837528113,0.0015736852827689398,1.648556460680968
2018-06-12,2.0607765091930257,0.002878795931689139,1.6826498071019267
2018-06-13,2.0534454535517876,-0.00355742391692382,1.627538881963094
2018-06-14,2.058461321296074,0.0024426593536295955,1.682065215385629
2018-06-15,2.0564295078991495,-0.0009870544449411393,1.7276647618599614
2018-06-18,2.055236411314335,-0.0005801786933281957,1.737688373806423
2018-06-19,2.0464334222617215,-0.004283200221712551,1.6186922404732311
2018-06-20,2.050837974240979,0.002152306511095651,1.7084574020095225
2018-06-21,2.0393671510358162,-0.005593237178772201,1.6433668472045218
2018-06-22,2.0394809164832512,5.578468172208547e-05,1.6288508597171214
2018-06-25,1.9985128560513614,-0.020087493881792394,1.453491202831262
2018-06-26,2.0093572520556386,0.005426232796772547,1.493920260870698
2018-06-27,1.9861765796840003,-0.011536361862940778,1.5035415453435212
2018-06-28,1.999349264698735,0.006632182228646881,1.4637579956003712
2018-06-29,1.9980936562839555,-0.0006280085410533126,1.5315781262289816
2018-07-02,2.0072677469379254,0.004591421740976791,1.554588008759233
2018-07-03,1.9900758646832748,-0.00856481766365091,1.501784685283488
2018-07-05,2.0090724544248917,0.00954566108696577,1.5600881435220828
2018-07-06,2.032520606158714,0.01167113295599622,1.7116033876571144
2018-07-09,2.0575466748921873,0.012312824114865907,1.736908005948252
2018-07-10,2.06271901034377,0.002513836266608,1.710813966655885
2018-07-11,2.0454542458055402,-0.008369906153796661,1.630713433668674
2018-07-12,2.058958143594842,0.00660190655302759,1.6224222704742206
2018-07-13,2.051390653063868,-0.003675397945565646,1.5816155605079831
2018-07-16,2.056726343212788,0.0026010112413014396,1.5605455609135954
2018-07-17,2.0700952203490752,0.006500075802697218,1.6100387135844576
2018-07-18,2.077284076999597,0.0034727178633404293,1.605252304457847
2018-07-19,2.064312781021415,-0.006244353442942618,1.533852013983907
2018-07-20,2.0602808418907754,-0.001953162896489133,1.5068380391895846
2018-07-23,2.066082480803538,0.002815945668571146,1.5422968888902795
2018-07-24,2.069085719616073,0.0014535909579789493,1.5450890512633202
2018-07-25,2.083338085527874,0.006888243332154393,1.5436313007210667
2018-07-26,2.0829097389742173,-0.0002056058767573704,1.5301950636842194
2018-07-27,2.075988879815976,-0.003322687982461531,1.521273729973605
2018-07-30,2.0643601307438963,-0.005601546898994177,1.4939432209175085
2018-07-31,2.063684388639223,-0.00032733731610577835,1.5221540151887492
2018-08-01,2.0591030360556357,-0.002219987033292567,1.4790212521733646
2018-08-02,2.0781864390252407,0.009267823239268624,1.5617106556052875
2018-08-03,2.0871107561147313,0.004294281264618775,1.6125059148424068
2018-08-06,2.099556022444134,0.0059629160996563626,1.5937301144137597
2018-08-07,2.108680432371104,0.004345875903967551,1.5933941691402815
2018-08-08,2.1118701408544553,0.0015126561779514865,1.6320186789501823
2018-08-09,2.1059167700500656,-0.0028190042035355464,1.6248477874501763
2018-08-10,2.0917561020978734,-0.006724229634134925,1.7478147734322027
2018-08-13,2.078674044278364,-0.006254102859501161,1.683476569687228
2018-08-14,2.0910225160224973,0.005940552237193066,1.6261271334094562
2018-08-15,2.067890206164293,-0.011062678513001491,1.548326660330096
2018-08-16,2.0820622007850624,0.00685335932174893,1.5808997385792714
2018-08-17,2.081137750836065,-0.0004440068834872915,1.7229583833723598
2018-08-20,2.087737243047516,0.003171098217213075,1.753289113793512
2018-08-21,2.101484465057647,0.006584747221381191,1.8004414001652904
2018-08-22,2.103813205263549,0.0011081405761608379,1.7232249028233713
2018-08-23,2.101163344059794,-0.0012595515595800692,1.715235677203701
2018-08-24,2.1214144425791224,0.009638041029308927,1.7832836226727802
2018-08-27,2.14308096418328,0.010213243187793559,1.8429754904055882
2018-08-28,2.1458171142422753,0.001276736672446686,1.8512573478433634
2018-08-29,2.154803151145018,0.00418769933518589,1.8757765846355225
2018-08-30,2.143464376974117,-0.005262092811065266,1.780502489921713
2018-08-31,2.1431139532747485,-0.00016348473206887311,1.7454260435809976
2018-09-04,2.1392531001405435,-0.0018015155602460495,1.6958133403878786
2018-09-05,2.125150757437898,-0.006592180561392631,1.7162563386073828
2018-09-06,2.102455377536829,-0.010679421128894745,1.6057165336265335
2018-09-07,2.10322051216985,0.0003639243149679719,1.6159571553523302
2018-09-10,2.114143749060321,0.005193576625592065,1.7244630563219103
2018-09-11,2.1195628429677806,0.002563257067958659,1.6386789925181378
2018-09-12,2.1186104155968652,-0.00044935085273615214,1.588352799284575
2018-09-13,2.122834578297558,0.0019938364645028525,1.580493209147367
2018-09-14,2.128775498079146,0.002798578769313495,1.6057204470644428
2018-09-17,2.115182603892977,-0.006385311273281061,1.5317719611446137
2018-09-18,2.1292291614993917,0.006640825042983207,1.5419106829966847
2018-09-19,2.1382583142718317,0.004240573506931265,1.5520723115690616
2018-09-20,2.15607774441276,0.008333619012255131,1.5978678470898737
2018-09-21,2.1492420251040274,-0.0031704419409025113,1.594530117861692
2018-09-24,2.1406225335534117,-0.004010479717936113,1.5489681621959954
2018-09-25,2.13820790719553,-0.0011280019340322506,1.5982283859204491
2018-09-26,2.1266075355453364,-0.0054252776875233655,1.5556267405234905
2018-09-27,2.128570336782229,0.0009229729529708812,1.4975536042552728
2018-09-28,2.121941571156501,-0.003114186790627215,1.4630707416445343
2018-10-01,2.13472579699258,0.006024777500876816,1.4656249969991448
2018-10-02,2.130362084742969,-0.002044155861028319,1.4267879261027006
2018-10-03,2.142050073494093,0.0054863860161754405,1.4317666735810126
2018-10-04,2.1248724599860376,-0.008019239942433046,1.3935546404940702
2018-10-05,2.1015847878605007,-0.010959562309772639,1.2727495087823237
2018-10-08,2.0940583084915656,-0.0035813351012106936,1.2354220263034528
2018-10-09,2.0872490494608273,-0.0032517045982560716,1.2261346524221517
2018-10-10,2.0109460494991063,-0.036556730008539935,0.9273113882638778
2018-10-11,1.9723199914823855,-0.019207903676153725,0.7710594458145966
2018-10-12,2.003261037343217,0.015687639933911948,0.902162121972941
2018-10-15,1.9940146515362431,-0.004615666972306716,0.8494578378367985
2018-10-16,2.0371710795339633,0.02164298440057656,0.9598138603755456
2018-10-17,2.037898212802421,0.00035693284465047436,0.9604048512172867
2018-10-18,2.002250249671908,-0.017492514055199714,0.8297498215184703
2018-10-19,1.9883818965892117,-0.006926383495254365,0.7914132469763283
2018-10-22,1.9864743899222292,-0.0009593261084575949,0.7498791407917039
2018-10-23,1.9827842516983167,-0.0018576319144275484,0.759417314134945
2018-10-24,1.895127622904919,-0.04420885868864312,0.4266463186188805
2018-10-25,1.9457007573296616,0.026685872662877513,0.6759886217675755
2018-10-26,1.911473702159215,-0.017591119827398787,0.5376253818180019
2018-10-29,1.8951303045374261,-0.008550155622505981,0.4265996613764852
2018-10-30,1.9339613349188476,0.020489899975980684,0.5755908918769084
2018-10-31,1.9753623354163226,0.021407356884522256,0.6868505000743064
2018-11-01,2.009020102525521,0.017038781445685793,0.7972360212332726
2018-11-02,1.9968258391096252,-0.006069756793656031,0.7518062084442863
2018-11-05,1.9942162356856883,-0.0013068758290410193,0.7276651449710965
2018-11-06,2.005497618308246,0.005657050835652504,0.762431593912044
2018-11-07,2.04126392621227,0.017834131328560193,0.8983531091223156
2018-11-08,2.0309433383443953,-0.0050559791584742445,0.8622911169670382
2018-11-09,2.005788820431981,-0.012385632546952364,0.8182552342587203
2018-11-12,1.9614062898913187,-0.022127220018657648,0.666764338235287
2018-11-13,1.9675271687926446,0.0031206583423698383,0.6802866410255479
2018-11-14,1.9539963081123082,-0.006877089625471024,0.6566156658032158
2018-11-15,1.9815476846844304,0.014100014650866393,0.7561101903448341
2018-11-16,1.9764757974146316,-0.0025595585253888635,0.6581116480385393
2018-11-19,1.9440543581080274,-0.016403661177644475,0.5441372583069966
2018-11-20,1.907481569454658,-0.018812636848777476,0.40312254126006564
2018-11-21,1.9186625884129929,0.00586166552661966,0.4058046432202589
2018-11-23,1.906174210128595,-0.0065088975830436884,0.3748045213162195
2018-11-26,1.9453953631592413,0.020575849165433896,0.4752864056044842
2018-11-27,1.952586516868668,0.003696499871238844,0.5290583927016829
2018-11-28,1.9983672157762804,0.023446182031938902,0.5878222255460643
2018-11-29,1.993270869759966,-0.0025502550162357566,0.6136388242073288
2018-11-30,2.011071885189324,0.008930555149035724,0.6404616239062195
2018-12-03,2.037842661183809,0.013311695216685394,0.7252870163703385
2018-12-04,1.958554557214068,-0.03890786343813293,0.4949900614419235
2018-12-06,1.9534628020823956,-0.002599751491689332,0.5127355474562688
2018-12-07,1.903233304782063,-0.02571305542485262,0.3688483573799002
2018-12-10,1.9082913896382712,0.002657627335282107,0.35011910601884
2018-12-11,1.908004141425365,-0.00015052638945281998,0.3230990973021098
2018-12-12,1.9209447910216833,0.006782296387811272,0.3300143791924334
2018-12-13,1.9213840530535633,0.0002286697847501712,0.31713949738085706
2018-12-14,1.8863894384547115,-0.018213232561827688,0.2117582809969998
2018-12-17,1.8512477975966908,-0.018629048775213645,0.12530991748583484
2018-12-18,1.8518093939153235,0.00030336096516193195,0.08031118296336133
2018-12-19,1.8202248920002742,-0.017056022082418274,-0.07443673373950979
2018-12-20,1.7895749496857123,-0.016838546956074348,-0.146862030888819
2018-12-21,1.7519779025308158,-0.02100892570132326,-0.2550302353068295
2018-12-24,1.6937465606546487,-0.03323748649571959,-0.42944517734099086
2018-12-26,1.781503983574851,0.05181260582827875,-0.14229928304326311
2018-12-27,1.791764835642627,0.005759657100056695,-0.09874660923290403
2018-12-28,1.7966492078518792,0.0027260118694651184,-0.0807631572737112
2018-12-31,1.8095276556130953,0.007168036868262144,-0.05613186076695112
2019-01-02,1.8292695870611269,0.010909991558732365,0.04073182582004538
2019-01-03,1.7836672667706228,-0.0249292507857019,-0.18036822450789408
2019-01-04,1.8543959194171786,0.03965350150457828,-0.023143958358558852
2019-01-07,1.8792187086166334,0.013385916642470009,0.00948197424082347
2019-01-08,1.8933708114932137,0.007530843968128645,0.003949837245672756
2019-01-09,1.9085258550134299,0.00800426595161461,0.024296081521194054
2019-01-10,1.9131840191531047,0.002440713143832267,0.04637375644250634
2019-01-11,1.9179525373934683,0.0024924514278948508,0.05750297836409187
2019-01-14,1.9113578643821674,-0.0034383921826674877,0.0005365030950649182
2019-01-15,1.923197868558705,0.00619455121260879,0.004913862795893743
2019-01-16,1.9253629088305648,0.0011257501410825573,0.025470849236349333
2019-01-17,1.9355812957223055,0.005307252385965666,0.00429203558135817
2019-01-18,1.9686716215188718,0.01709580779153887,0.09295117633330602
2019-01-22,1.9375759496562046,-0.015795255807403822,-0.01710381107078385
2019-01-23,1.9373382699018684,-0.00012266861300505182,-0.059925338318408364
2019-01-24,1.968846334671464,0.016263584557792064,-0.008142727797591164
2019-01-25,1.987374751386956,0.009410798795825705,0.039632013074915935
2019-01-28,1.9642926668395222,-0.011614359360923367,-0.007303973061700232
2019-01-29,1.9592398155623267,-0.00257235154541674,-0.0901916969251688
2019-01-30,1.9900506908405602,0.0157259336164473,0.010575071208966027
2019-01-31,2.0025040180250673,0.0062577939556137715,0.1048245151755505
2019-02-01,2.009650906297193,0.003568975746263036,0.10639834929377867
2019-02-04,2.023193567990712,0.006738813020253078,0.15530547270851414
2019-02-05,2.0351536579551563,0.005911490701466745,0.30485933520501207
2019-02-06,2.0346362940533242,-0.0002542136805297009,0.5387854653431854
2019-02-07,2.0146640660228856,-0.009816117056798773,0.3724231122677563
2019-02-08,2.0146440526618323,-9.93384524526316e-06,0.40662692652380195
2019-02-11,2.019987256691214,0.0026521826633950757,0.6333304026491661
2019-02-12,2.0485326632693868,0.014131478544538268,0.6235195960190179
2019-02-13,2.0548094907627616,0.0030640602446423224,0.5565305924901779
2019-02-14,2.0493158796811866,-0.0026735379149606464,0.5192607044441462
2019-02-15,2.070280604235299,0.010230108868025767,0.4656089643255294
2019-02-19,2.082111066339249,0.005714424450360959,0.4302323563769588
2019-02-20,2.0884133529190447,0.003026873389072674,0.47039286434379424
2019-02-21,2.0789410593041375,-0.00453564118504964,0.46468035645552547
2019-02-22,2.0951152383695613,0.00778000847741099,0.5470799931664826
2019-02-25,2.104741476624584,0.004594610395996072,0.5673015070965626
2019-02-26,2.1034564530916016,-0.0006105374684986584,0.47887247253590304
2019-02-27,2.1065821928440203,0.0014860016463970722,0.4157495163588519
2019-02-28,2.10420039788694,-0.0011306442089804311,0.4803136868371625
2019-03-01,2.112470341653025,0.003930207300782836,0.5385260966613061
2019-03-04,2.105919725735187,-0.003100926810036,0.5953049977811627
2019-03-05,2.1023256830576,-0.0017066380231242964,0.5397481573349981
2019-03-06,2.084263990757797,-0.008591291275828365,0.4246759197697306
2019-03-07,2.0662087325732394,-0.008662654186139318,0.3475923862251062
2019-03-08,2.067460679206147,0.0006059148880608323,0.3475535897403775
2019-03-11,2.1020410460369137,0.01672600943687319,0.4180601588897699
2019-03-12,2.1099361546205144,0.0037559250322374282,0.3522884274792116
2019-03-13,2.1283888681165894,0.008745626475789803,0.382137737162644
2019-03-14,2.122621703353699,-0.0027096386610938306,0.41836469244896235
2019-03-15,2.136457291017157,0.006518159897073509,0.46930750074831545
2019-03-18,2.14515887490253,0.004072903269332402,0.49188647322709805
2019-03-19,2.1537498701362345,0.004004829355166077,0.5192480530090203
2019-03-20,2.1469839336881766,-0.003141468070119909,0.5932770447493615
2019-03-21,2.1734439519425446,0.012324273991614728,0.6573426592845767
2019-03-22,2.1272991998990576,-0.021231167245994338,0.5216214765374068
2019-03-25,2.1232733458784154,-0.0018924719291170291,0.6586738135074816
2019-03-26,2.1428279443143308,0.009209647205280272,0.8607215481469908
2019-03-27,2.129387461206634,-0.006272310916683274,0.6894606946777005
2019-03-28,2.1356995760318354,0.0029642866505958762,0.8584836184086251
2019-03-29,2.1499935007846482,0.006692853673441922,0.9452858063001114
2019-04-01,2.18159580720829,0.014698791606629596,0.934904430043814
2019-04-02,2.1792896099260672,-0.0010571148306220825,1.0852209865312559
2019-04-03,2.191124204778838,0.005430482850405663,1.0446763986690408
2019-04-04,2.194170916478085,0.001390478774595393,0.9798691485729312
2019-04-05,2.1981159526229677,0.001797962098237288,0.9539036714710889
2019-04-08,2.202563405049216,0.002023302010497461,1.1050475144684793
2019-04-09,2.1891525179083815,-0.006088763261067124,1.0454803884906227
2019-04-10,2.201071982888744,0.00544478508594325,0.9518951731818337
2019-04-11,2.2025275005402496,0.0006612767155371687,0.98620547777795
2019-04-12,2.225656817587331,0.010501261410542306,0.9896664157302286
2019-04-15,2.2255052047674693,-6.81204841033019e-05,1.0249809760931385
2019-04-16,2.2468291721299516,0.009581629967345063,1.044474634393476
2019-04-17,2.2585249915946144,0.005205477839499131,1.0013578640519223
2019-04-18,2.2543617275765118,-0.001843355302065307,0.9781021401177478
2019-04-22,2.2586836860996153,0.0019171539643506226,1.0202291114815087
2019-04-23,2.273032912586461,0.006352915450336542,1.088637440521667
2019-04-24,2.26817527345151,-0.002137073822403804,1.091268882945226
2019-04-25,2.2621473483760712,-0.002657609906074996,1.1573522206999436
2019-04-26,2.271881361086151,0.004302996759723749,1.185085506338027
2019-04-29,2.2816395924178785,0.004295220471839424,1.1080500848444843
2019-04-30,2.2813433551052578,-0.00012983527880798925,1.1041217948486715
2019-05-01,2.2656402029737697,-0.006883291853612042,1.1156351842166425
2019-05-02,2.268809460472668,0.0013988353025951045,1.1079276599146501
2019-05-03,2.2901090822547907,0.009388016998873587,1.2020092199888115
2019-05-06,2.2737164605135396,-0.007158009139508459,1.1682144550871723
2019-05-07,2.2329802762771336,-0.01791612320350867,0.9833866177178782
2019-05-08,2.2265694907910962,-0.002870954819504924,0.9285077330945528
2019-05-09,2.2126312975309776,-0.0062599408272527215,0.8732454440357797
2019-05-10,2.2210648364283556,0.0038115428028106355,0.8288890106346094
2019-05-13,2.157773533953418,-0.02849592746545617,0.5936323129645483
2019-05-14,2.183761234812467,0.01204375734993589,0.6568859407561255
2019-05-15,2.194766174312726,0.00503944264822726,0.6737125952502244
2019-05-16,2.2120715937183753,0.007884857898845831,0.7528821377750299
2019-05-17,2.191763293912553,-0.009180670220390636,0.6588110962386151
2019-05-20,2.167568400191991,-0.011039008540640022,0.615829929584821
2019-05-21,2.192568533788367,0.011533723039218331,0.7173441308827956
2019-05-22,2.1794072529178337,-0.006002677073812099,0.6377368695209453
2019-05-23,2.144493900519698,-0.016019655046753088,0.5570007231971598
2019-05-24,2.1447254761569936,0.00010798614873170286,0.5301770991394066
2019-05-28,2.1322555724635652,-0.005814219037381109,0.5012597215098378
2019-05-29,2.120383556346301,-0.005567820420113955,0.468993397215038
2019-05-30,2.1212739631107844,0.00041992721638432263,0.5207320081075486
2019-05-31,2.0846297756751495,-0.017274613309210308,0.3471323070258055
2019-06-03,2.080232882781073,-0.0021091960526430638,0.37330290697202084
2019-06-04,2.1437300894966085,0.030524085664219203,0.4518716095068989
2019-06-05,2.1512289000153944,0.003498019902564629,0.4309415722855697
2019-06-06,2.1686280544199956,0.008088007001243255,0.4553920007892033
2019-06-07,2.185659718506202,0.007853658469230307,0.43797531063438666
2019-06-10,2.203611099802983,0.00821325531361778,0.5119520893803348
2019-06-11,2.212892811867573,0.004212046338584731,0.5147548712373855
2019-06-12,2.1938433050968764,-0.008608418206492196,0.45690401241444345
2019-06-13,2.2076557294361163,0.006295994024345248,0.4758861693506939
2019-06-14,2.1960680418342355,-0.005248865322330193,0.46626877994924776
2019-06-17,2.200972164143101,0.0022331376876506825,0.46509851874706837
2019-06-18,2.232587978439611,0.01436447712132659,0.549615049366674
2019-06-19,2.236942231032634,0.001950316240646362,0.5637672749650329
2019-06-20,2.2591631040354287,0.009933592693870019,0.6426622743016163
2019-06-21,2.258544940992172,-0.00027362479590448775,0.6291204752527122
2019-06-24,2.2478843438989933,-0.004720117319647144,0.6340999239381361
2019-06-25,2.219627922971953,-0.012570228981633843,0.5620044166446984
2019-06-26,2.234377408220716,0.006645025995624759,0.7154019782612858
2019-06-27,2.248070246907136,0.006128256862981618,0.7192577021718128
2019-06-28,2.2655256459388515,0.007764614586991005,0.8287815964415093
2019-07-01,2.28296940948519,0.0076996539754947595,0.8345950081660954
2019-07-02,2.28579875661525,0.00123932765735042,0.8451001508416511
2019-07-03,2.2985491743864874,0.0055781016304855624,0.8505246639821628
2019-07-05,2.2961935265970257,-0.0010248411544601008,0.8940311991123184
2019-07-08,2.2832595309301067,-0.005632798593456229,0.8091850720210342
2019-07-09,2.2922023479096687,0.00391668877690808,0.7669057127320187
2019-07-10,2.304131635821753,0.005204290940092301,0.7281815625481394
2019-07-11,2.3055530887857887,0.0006169148246293428,0.7175120857154043
2019-07-12,2.3198768989916463,0.0062127436039224404,0.8004930305278221
2019-07-15,2.3221003615464113,0.0009584398877936879,0.769036102483116
2019-07-16,2.3130572017887396,-0.003894387989177728,0.7677740694195037
2019-07-17,2.294030186427271,-0.00822591648263369,0.7057172426260072
2019-07-18,2.298585317026178,0.001985645448720333,0.6805789632514054
2019-07-19,2.2892115196115754,-0.004078072432277532,0.6377756649953926
2019-07-22,2.3065093680047193,0.00755624731264634,0.7157206406895329
2019-07-23,2.322777797455913,0.007053268318293096,0.7661743831030603
2019-07-24,2.347891680056736,0.010812003898233068,0.8100462006475928
2019-07-25,2.3240463768094948,-0.010156049126876687,0.7432327274469398
2019-07-26,2.3506415910753433,0.011443495504749384,0.7679186461845283
2019-07-29,2.3371547578059038,-0.005737511546058233,0.7363665585500228
2019-07-30,2.3318454212397257,-0.0022717094571701258,0.7423534711955582
2019-07-31,2.2978555590348972,-0.014576378817922614,0.6898525592046791
2019-08-01,2.265870633508018,-0.013919467392594973,0.6117257579835731
2019-08-02,2.2414610176888745,-0.010772731442903418,0.5629258111444803
2019-08-05,2.1686134166258797,-0.03250005263892867,0.32510545403551505
2019-08-06,2.1891361269643457,0.009463517186201394,0.35311901138404916
2019-08-07,2.1848353003896754,-0.0019646227211253193,0.30977292724132593
2019-08-08,2.232345846167588,0.021745596004165087,0.40254914049180707
2019-08-09,2.2144515651854633,-0.008015908920584578,0.3502681135682984
2019-08-12,2.18252386456426,-0.0144178816656708,0.2862462291423356
2019-08-13,2.2171401137882008,0.01586065095826652,0.40767226503000553
2019-08-14,2.141038783812075,-0.03432409593911472,0.251527133411668
2019-08-15,2.1317442725948728,-0.004341122303564008,0.1968287226417581
2019-08-16,2.1779235432772213,0.021662669052764393,0.3693353921289193
2019-08-19,2.2118871227943857,0.015594477419559686,0.41454845377297417
2019-08-20,2.1940264340258766,-0.008074864483113692,0.3738536090322283
2019-08-21,2.2092710232021133,0.006948224934675871,0.39360007726347507
2019-08-22,2.2109645257261508,0.0007665435821374371,0.3630935120206755
2019-08-23,2.1442306413760552,-0.0301831547153285,0.1953616985598425
2019-08-26,2.1691584933238737,0.011625545996218479,0.2620831207277975
2019-08-27,2.15825780020549,-0.005025309654381314,0.1859223381808976
2019-08-28,2.176349731109084,0.008382655168382326,0.17646686687928484
2019-08-29,2.2076635171488808,0.014388214169897679,0.2441313633005349
2019-08-30,2.2118545853563423,0.0018984180219974276,0.23227431783920802
2019-09-03,2.1931627262588256,-0.008450763093228099,0.21556833064598985
2019-09-04,2.227497523586093,0.01565538065925327,0.2967938403291447
2019-09-05,2.2689228251034055,0.018597237967125046,0.4006496883897506
2019-09-06,2.2620812735459435,-0.0030153302182724094,0.41929447693826544
2019-09-09,2.285924529937049,0.010540406602513519,0.5288775342474574
2019-09-10,2.2973805049604876,0.00501152810314083,0.5527007769601229
2019-09-11,2.322056740838828,0.010741031285439875,0.5806688910123393
2019-09-12,2.322481556927364,0.00018294819461767454,0.5684385734570307
2019-09-13,2.322193387995598,-0.00012407802805017645,0.5701181010502727
2019-09-16,2.321039210620001,-0.0004970203522080909,0.5572955444579198
2019-09-17,2.319096568454303,-0.0008369708520258631,0.5385920391664354
2019-09-18,2.3131637311681383,-0.0025582536608721304,0.5585902965466942
2019-09-19,2.3142579323312216,0.00047303230131958085,0.527063860385449
2019-09-20,2.2985621153815785,-0.006782224543930681,0.46997914027348797
2019-09-23,2.298954609270118,0.00017075626797864366,0.42825781554381037
2019-09-24,2.2627641806583942,-0.01574212403576488,0.3622067430388246
2019-09-25,2.286723152173033,0.010588364319814986,0.4367890983124287
2019-09-26,2.2795190720126923,-0.0031503945519137126,0.42634321300767647
2019-09-27,2.2664498632419217,-0.005733318457928691,0.4247405313082257
2019-09-30,2.2737256497141187,0.003210212848825159,0.43644297614866273
2019-10-01,2.2428086043607625,-0.013597526754049603,0.38168810820398186
2019-10-02,2.202451755664778,-0.017993888830958447,0.2576166773687138
2019-10-03,2.2259561663155054,0.010671929857384325,0.32207794763970726
2019-10-04,2.24940425271385,0.01053393896662248,0.3474506926578134
2019-10-07,2.2467800914139793,-0.0011666028001435255,0.38267242862448275
2019-10-08,2.2067404871040375,-0.017820882632418007,0.3468022860308406
2019-10-09,2.2279609023525886,0.009616180684843257,0.4134969217845856
2019-10-10,2.238519943697008,0.004739329731176928,0.4540368334786325
2019-10-11,2.2769433667290686,0.017164655217948476,0.7372522756678254
2019-10-14,2.2805526400950087,0.0015851397178686976,0.8487680433747645
2019-10-15,2.3136468407766064,0.0145114829185521,0.8430627686399658
2019-10-16,2.302042401153214,-0.005015648636979298,0.8409416645195396
2019-10-17,2.3125050565662058,0.00454494470117068,0.7567280631021596
2019-10-18,2.3055423069530305,-0.003010912167912896,0.7390554692554936
2019-10-21,2.3389759458673502,0.014501420691127925,0.9073689083188514
2019-10-22,2.3352862846557394,-0.0015774686431171904,0.9359555898312663
2019-10-23,2.343980553227985,0.0037229990298715807,0.9603251217480467
2019-10-24,2.3529942529635037,0.0038454669442992383,0.9900646817393868
2019-10-25,2.368814107961547,0.006723286713564566,1.291629855459578
2019-10-28,2.379407134935551,0.004471869252382867,1.1835251782782392
2019-10-29,2.3748635420276694,-0.0019095483245259316,1.274797708307998
2019-10-30,2.3856174968245436,0.004528241141675205,1.3475920448292666
2019-10-31,2.3725579195593425,-0.005474296396041885,1.2121669820101684
2019-11-01,2.4055759101236114,0.013916621504608578,1.1755595786700812
2019-11-04,2.431068790045651,0.010597412376286017,1.143014419337728
2019-11-05,2.4367997486622435,0.002357382333259668,1.1903246296970227
2019-11-06,2.429436629705096,-0.0030216348147564633,1.180672749719368
2019-11-07,2.4408020406003685,0.00467820841931246,1.175421652568295
2019-11-08,2.4474828212824233,0.0027371251625189475,1.0968748558497117
2019-11-11,2.445208808245798,-0.0009291231860144317,1.1202932697655812
2019-11-12,2.451760671834952,0.0026794699769849533,1.207042522932649
2019-11-13,2.4464964063548833,-0.002147136766056617,1.3289146208607543
2019-11-14,2.442672166793837,-0.001563149470039171,1.302623557671328
2019-11-15,2.4604495871485565,0.007277857666038606,1.3824489050108673
2019-11-18,2.4645693003450093,0.0016743741542077607,1.3163298500326936
2019-11-19,2.4627454387967522,-0.0007400325679630266,1.326759942059765
2019-11-20,2.4526814472114413,-0.004086492833066832,1.4021776615419543
2019-11-21,2.458738687765127,0.0024696401404154435,1.5320145815804254
2019-11-22,2.4667604633420015,0.003262557187061709,1.517684314951946
2019-11-25,2.4871254233876035,0.008255750952814996,1.6018124573161792
2019-11-26,2.4866400159042463,-0.000195168075880948,1.4928489013299713
2019-11-27,2.499764541724306,0.0052780160120149905,1.5016309964037364
2019-11-29,2.487904865589584,-0.0047443172893961525,1.3508071071318575
2019-12-02,2.4675731584224723,-0.008172220509040078,1.3168448219477455
2019-12-03,2.4508200143736447,-0.006789320102483923,1.2264313383023908
2019-12-04,2.4751209954049367,0.009915449069605531,1.2083368633794547
2019-12-05,2.478535535901464,0.0013795448799739476,1.4802284774087835
2019-12-06,2.503540965878535,0.010088792198000986,1.5535259302491196
2019-12-09,2.5039417300505016,0.00016007893516772426,1.7285111151118078
2019-12-10,2.5084407024479454,0.001796756028085894,1.7234088652425625
2019-12-11,2.5207964329599024,0.004925661786582929,1.753441132642543
2019-12-12,2.5499092413743556,0.01154905173372894,1.7795734968955885
2019-12-13,2.539838823550359,-0.003949324023222323,1.7537740838740292
2019-12-16,2.569010725401482,0.011485729559147478,1.9409146038093628
2019-12-17,2.5753737734623328,0.0024768476043852106,2.082773422131449
2019-12-18,2.578555446166747,0.0012354217229356612,2.088459578076894
2019-12-19,2.5907560515686314,0.004731566047967748,2.2339405649735964
2019-12-20,2.60524883032581,0.005594034509116993,2.3847812247516114
2019-12-23,2.6132273740698944,0.0030624881781778496,2.5568405760009925
2019-12-24,2.6153626386209687,0.0008170986467774469,2.8345799265432285
2019-12-26,2.630291076207652,0.005707979981909842,2.6803315320648475
2019-12-27,2.6223040187382773,-0.0030365679074918894,2.6213402683923466
2019-12-30,2.6021285149359508,-0.007693808062740935,2.5469681016582375
2019-12-31,2.613498820243174,0.004369617119969047,2.5296478262564817
2020-01-02,2.649700079241447,0.013851645433267976,2.545653502701151
2020-01-03,2.6288870049122037,-0.007854879309661902,2.696332280240693
2020-01-06,2.64029328615765,0.00433882522304415,2.5431515577268256
2020-01-07,2.643606308073079,0.0012547931446853112,2.467001311166915
2020-01-08,2.651863682465564,0.0031235265127294437,2.4381712769252744
2020-01-09,2.6659217145833636,0.005301189578767852,2.420898370963747
2020-01-10,2.6539204878782514,-0.004501717600881434,2.370190893559957
2020-01-13,2.684158399425764,0.011393676519558249,2.4267352478190767
2020-01-14,2.6847110272078925,0.0002058849366888064,2.453568812223155
2020-01-15,2.6788152717126907,-0.0021960484519383335,2.395401279502649
2020-01-16,2.7004938152426816,0.00809258621111679,2.4415200573314464
2020-01-17,2.7060333950593227,0.002051321052976982,2.419616749466135
2020-01-21,2.696858276715098,-0.0033906153416201896,2.2888891794493094
2020-01-22,2.6972298153800907,0.00013776721906388353,2.418637196734971
2020-01-23,2.707026903857393,0.0036322779844111764,2.445090286517423
2020-01-24,2.6815158231614586,-0.009424021852011239,2.2690665761700064
2020-01-27,2.6229629732786153,-0.021835727903261364,2.0232556085182782
2020-01-28,2.6550190084138583,0.012221306767123104,2.1931165475628003
2020-01-29,2.642345641397914,-0.004773362064746812,2.1764632156483756
2020-01-30,2.653751152571709,0.004316434229914303,2.1067207397061125
2020-01-31,2.6088356601234244,-0.01692528419808974,1.928435016919833
2020-02-03,2.6415714744321637,0.012548055367807525,1.9853480676935213
2020-02-04,2.694028894956238,0.01985841421737432,2.0611130397441504
2020-02-05,2.70813791944178,0.0052371466809271305,2.056726066640927
2020-02-06,2.716994970266562,0.003270531667237884,2.081080933756613
2020-02-07,2.7151727916200574,-0.000670659558241981,2.150691755920384
2020-02-10,2.736049095872618,0.007688757163813514,2.2021543839458317
2020-02-11,2.7450432192923007,0.00328726682326368,2.2064553705548384
2020-02-12,2.769726015094645,0.008991769466095225,2.1762969889647974
2020-02-13,2.7675324497835647,-0.000791979170187126,2.1493722762994163
2020-02-14,2.763219121924951,-0.0015585464441261608,2.1575373133989246
2020-02-18,2.7556466353164057,-0.0027404582388926815,2.0704080660574595
2020-02-19,2.779102984642984,0.008512103484518363,2.0882595965218056
2020-02-20,2.7689985793368916,-0.0036358513383377145,2.0407795881431072
2020-02-21,2.7344352068082656,-0.01248226444988032,1.9779738787914756
2020-02-24,2.630756290566584,-0.03791602594332433,1.6043285632302495
2020-02-25,2.546037059378059,-0.03220337493530395,1.3253156548764082
2020-02-26,2.5322455967237443,-0.005416834999912944,1.2927816120550717
2020-02-27,2.4220131594479164,-0.0435314952935245,0.9583936989541064
2020-02-28,2.4181004891198787,-0.0016154620435380345,0.9553062174213106
2020-03-02,2.5129188052973497,0.03921190066504729,1.144399314965061
2020-03-03,2.4385675381461915,-0.029587612219870336,0.9661977690779715
2020-03-04,2.5235336927211804,0.034842649730169185,1.1619673523600185
2020-03-05,2.4332560232365297,-0.03577430717293192,0.98075352468617
2020-03-06,2.387848074799451,-0.018661393623791492,0.9186865238941251
2020-03-09,2.1786074030126543,-0.08762729672589013,0.36757982984397064
2020-03-10,2.283950486322073,0.04835340372191297,0.5160430891450563
2020-03-11,2.171391200138842,-0.04928271731691061,0.2438932233840625
2020-03-12,1.9412290243717454,-0.10599756310718195,-0.2779960876532013
2020-03-13,2.1228445131570166,0.09355696134001967,0.12738452028894373
2020-03-16,1.8754242873482363,-0.11655127084217114,-0.3309664703101359
2020-03-17,1.961844767528079,0.04608049536461807,-0.17612001275985795
2020-03-18,1.8178244936187042,-0.07341063691335793,-0.43842957661306353
2020-03-19,1.8753080248604326,0.03162215683830796,-0.31614910297410126
2020-03-20,1.837535000475909,-0.020142304028872786,-0.4272977012051405
2020-03-23,1.8040132814286567,-0.01824276492070653,-0.41731171144919094
2020-03-24,2.013531340902621,0.11613997614698283,-0.010602368214894757
2020-03-25,2.0635208842488026,0.024826801714331707,0.03915186631101285
2020-03-26,2.171540207084772,0.052347094551113284,0.22279041428635865
2020-03-27,2.065761434697831,-0.04871140402642872,0.059746452369811895
2020-03-30,2.1008203839497592,0.01697144145643173,0.0915583752394651
2020-03-31,2.0917585852272076,-0.004313457157872092,0.03261823100552851
2020-04-01,1.9561790630808475,-0.06481604670054857,-0.1620892598956869
2020-04-02,1.993952003424959,0.01930955149096713,-0.11965142087940518
2020-04-03,1.9721632104466713,-0.010927441052172573,-0.157002185823773
2020-04-06,2.142198397444743,0.0862176041502978,0.09616138612582431
2020-04-07,2.1736491832142213,0.014681546679800154,0.1332343122020148
2020-04-08,2.270264433936631,0.04444841029017528,0.2792994138146789
2020-04-09,2.318907427733596,0.021426135682625316,0.32525867654614726
2020-04-13,2.3118751363320493,-0.0030325882428259036,0.31450630771954413
2020-04-14,2.387322755529615,0.03263481578735629,0.3773502348463574
2020-04-15,2.3240425410486694,-0.026506769700231473,0.29989735702095366
2020-04-16,2.304240082884261,-0.008520695217340257,0.24765550944587528
2020-04-17,2.400789793997488,0.04190089037613366,0.3510947520902775
2020-04-20,2.3626072433596996,-0.01590416234409728,0.31046060491226496
2020-04-21,2.2820159297182125,-0.03411117690762841,0.20631070779964736
2020-04-22,2.3455497189799983,0.02784108052638855,0.2667557864715599
2020-04-23,2.36941820163134,0.010176071928128244,0.3016277212334968
2020-04-24,2.3921366797337074,0.009588209496629122,0.33630415783283396
2020-04-27,2.439265446240871,0.01970153583047358,0.37947986608138995
2020-04-28,2.4533941560180867,0.005792198548538139,0.38370297175203516
2020-04-29,2.5801364285944306,0.05165997166229882,0.5250566358251902
2020-04-30,2.5405244730009584,-0.015352659322379813,0.5008991741381269
2020-05-01,2.422432042673248,-0.046483484643710195,0.3635099400109405
2020-05-04,2.4407750218102318,0.0075721336301106884,0.35850306420183736
2020-05-05,2.4328025635461064,-0.003266363426733341,0.3693840878327465
2020-05-06,2.4164845849025056,-0.00670748168721739,0.40099243376802657
2020-05-07,2.461683019772607,0.018704209889228187,0.4604791954996548
2020-05-08,2.5378934124872035,0.030958653938164722,0.5620654821509944
2020-05-11,2.523977877839544,-0.005483104443705498,0.53625180374377
2020-05-12,2.4664762561074514,-0.02278214172832312,0.5527211681885735
2020-05-13,2.392798032141641,-0.029871856168641343,0.43512131853567887
2020-05-14,2.434533605869149,0.017442163177538716,0.46894308074040036
2020-05-15,2.4440447302656247,0.00390675420275424,0.45802770209482324
2020-05-18,2.571076011955627,0.05197584156988654,0.6210296171346114
2020-05-19,2.5364164672753464,-0.013480560092005005,0.6142009193467469
2020-05-20,2.6009966977573082,0.025461209275042487,0.6511105928828798
2020-05-21,2.587119257017786,-0.005335431894814828,0.6529541464538381
2020-05-22,2.588417455494354,0.0005017930553631325,0.6988239795068713
2020-05-26,2.6365062448032432,0.01857845194437732,0.7484614298734239
2020-05-27,2.672886066730826,0.013798496400033194,0.8016805865053076
2020-05-28,2.629551221833226,-0.016212754234826855,0.7718890496744463
2020-05-29,2.6432728925639175,0.005218255730012048,0.7849263061890894
2020-06-01,2.673715377522394,0.011516966350359592,0.8641876374685229
2020-06-02,2.7030559818690363,0.010973720162327493,0.8996161969379248
2020-06-03,2.763892649491439,0.022506625105239857,0.87906663071724
2020-06-04,2.7908933046322812,0.009769067964998608,0.8959773619772983
2020-06-05,2.9003817818766553,0.03923062091361456,0.976005543405896
2020-06-08,2.9807775254771784,0.027719021027812436,1.0275350030405488
2020-06-09,2.9456523928212652,-0.011783882680170929,0.9728548186880267
2020-06-10,2.8979194311863505,-0.016204546657047215,0.9165148360123363
2020-06-11,2.6858127758420585,-0.07319273719678938,0.7273383913188505
2020-06-12,2.7561178549460976,0.026176463131164174,0.7784649978734779
2020-06-15,2.794283384091569,0.013847567903157613,0.828705765024606
2020-06-16,2.839317874127775,0.016116650978421326,0.8648012734053675
2020-06-17,2.8157617106624606,-0.008296416431552411,0.8050735975244508
2020-06-18,2.8244653033255527,0.003091026001999437,0.8080840287547758
2020-06-19,2.798729659953951,-0.00911168685318968,0.757603985387724
2020-06-22,2.812598919185705,0.004955555168548279,0.7714077567390937
2020-06-23,2.8227740433255977,0.003617694677504337,0.7935502977852934
2020-06-24,2.724684997445888,-0.034749166732505415,0.7320417365018168
2020-06-25,2.7598788158644147,0.012916655852517845,0.7482925520228191
2020-06-26,2.681276182429316,-0.02848046551293227,0.6551670679317892
2020-06-29,2.7396546632026526,0.0217726473519948,0.6910549572496726
2020-06-30,2.7829226682400567,0.015793233219702205,0.7118689487277226
2020-07-01,2.791745957039155,0.0031705116709830677,0.7169227104761265
2020-07-02,2.803218031915279,0.004109283241620982,0.7130979397524341
2020-07-06,2.865196929057334,0.022109909552667943,0.7726125587291974
2020-07-07,2.8269456193732285,-0.013350324822765349,0.7519798297291486
2020-07-08,2.848433815536528,0.007601206056472955,0.7615340731276898
2020-07-09,2.8269766850269624,-0.007532957372058118,0.7280572551837817
2020-07-10,2.8927780487583203,0.02327623148782021,0.7860256246198514
2020-07-13,2.8449954515524003,-0.016517892627963687,0.7259456831420934
2020-07-14,2.8738007456682713,0.010124899883461286,0.7496577395805581
2020-07-15,2.9348809784073318,0.021254164134771047,0.8142188929666297
2020-07-16,2.9013269786457854,-0.011432831521418265,0.8056698336389325
2020-07-17,2.8920008293897888,-0.0032144426755890123,0.7920739874539443
2020-07-20,2.914655153145316,0.007833443035459917,0.8230548583439511
2020-07-21,2.9268550243236895,0.0041856996925376585,0.8143627069610585
2020-07-22,2.9420365719475607,0.00518698312615562,0.8095517032203302
2020-07-23,2.900881460178237,-0.013988647239038239,0.7446028876659943
2020-07-24,2.869786041499562,-0.01071930001468051,0.7431035670919954
2020-07-27,2.882037361529511,0.004269070882910711,0.7246624207665077
2020-07-28,2.8705579716393745,-0.003983081567007986,0.729283373563658
2020-07-29,2.9050840301985175,0.012027647203175916,0.7662488082352306
2020-07-30,2.8786476166967003,-0.009100051229847195,0.7808843873206635
2020-07-31,2.873907605723781,-0.0016466103546076858,0.8134631006696701
2020-08-03,2.8983681423628997,0.008511246704800959,0.8640053606572523
2020-08-04,2.9339915534135708,0.012290851024062447,0.9842595037368796
2020-08-05,2.958130871607163,0.008227466832856776,0.981086063439804
2020-08-06,2.9796852555676114,0.007286487615315479,1.0052225133968649
2020-08-07,2.9747230196197867,-0.0016653557413665282,0.9452592759797097
2020-08-10,3.010596697359332,0.012059501843681052,0.9977889901819449
2020-08-11,2.9872516158808025,-0.007754303822563184,1.0158350547930275
2020-08-12,3.018767310298933,0.01055006356029298,1.0023396243782237
2020-08-13,2.999736541108054,-0.006304152402191873,1.0803984958293678
2020-08-14,3.0029174513500827,0.0010603965376418424,1.0947603953590541
2020-08-17,3.002950545324225,1.1020607352153636e-05,1.0391660699498124
2020-08-18,3.00209691172628,-0.0002842649537715384,0.9979542991163628
2020-08-19,2.9878418265039914,-0.004748376098921983,1.0069201639538543
2020-08-20,2.9921074571251056,0.001427662797700764,0.9924472622820905
2020-08-21,2.987767788942853,-0.0014503717678716833,0.9865656339356054
2020-08-24,3.046094075021311,0.01952169318322276,1.1204940465018918
2020-08-25,3.052169012720988,0.001994336862243746,1.0953831563985545
2020-08-26,3.067608972216872,0.005058684309922742,1.1222128590351488
2020-08-27,3.085705704616245,0.005899295693575664,1.115743116790498
2020-08-28,3.130017751627323,0.014360425540513146,1.115672287721223
2020-08-31,3.1116892131607496,-0.005855729877903851,1.0949209679403502
2020-09-01,3.138023456375008,0.00846300559287188,1.1399294885848295
2020-09-02,3.1828872898794467,0.014296844535465968,1.1364754527976186
2020-09-03,3.090717600666756,-0.028957886603701126,1.0082410010070868
2020-09-04,3.0827412952951927,-0.0025807292681293286,1.0094026921620347
2020-09-08,3.003778528359015,-0.02561446432650354,0.9117931623946586
2020-09-09,3.0311493977112223,0.009112146283021995,0.9224557344190767
2020-09-10,2.983552547450641,-0.015702574837294737,0.8521465165423168
2020-09-11,2.991284813722247,0.002591630664662974,0.8584905127711849
2020-09-14,3.0382060195643374,0.015685970666130925,0.8995033304934507
2020-09-15,3.048061146976164,0.003243732435642941,0.9093507159982431
2020-09-16,3.0746925617219203,0.00873716551656987,0.9343961320577245
2020-09-17,3.055054386251781,-0.006387037102383113,0.9241745037063864
2020-09-18,3.018282247050715,-0.012036492497988351,0.8907019956151422
2020-09-21,2.9484837286258996,-0.023125245656869343,0.8461648022793454
2020-09-22,2.9627256600892564,0.004830256082164099,0.8583635783456066
2020-09-23,2.8837855636541687,-0.026644416490695207,0.828346668392511
2020-09-24,2.8902266395114258,0.002233548825001805,0.8066907656517328
2020-09-25,2.9319990593401184,0.014452991076074869,0.8523844312730158
2020-09-28,2.984405463092845,0.01787394971556428,0.9135369516710813
2020-09-29,2.959660267277763,-0.008291499302322652,0.8831529878697832
2020-09-30,2.972872444836702,0.004464085863169385,0.9311097508638589
2020-10-01,2.98682719875607,0.0046940304968701215,0.9917857774906476
2020-10-02,2.9721998240840977,-0.0048972952563389694,0.9510998155471488
2020-10-05,3.0214272220963703,0.016562613863770954,0.9664276592573537
2020-10-06,2.977817452283807,-0.014433500000806067,0.9308637196618543
2020-10-07,3.036630251974489,0.01975030391657371,1.02941496712187
2020-10-08,3.08180565353344,0.01487681996501781,1.0427945416415303
2020-10-09,3.085916380915309,0.001333869764680284,1.0339119167312312
2020-10-12,3.110923421054354,0.008103602642540671,1.0108793324323466
2020-10-13,3.08389752263413,-0.008687420023686932,0.9836077165822814
2020-10-14,3.066036373194842,-0.005791745448153439,0.9307972120730414
2020-10-15,3.0752428040454483,0.003002714165785578,0.951938795966344
2020-10-16,3.066094344486433,-0.002974873901657681,0.9321977434866955
2020-10-19,3.03641993353958,-0.009678244572028538,0.9143983793351576
2020-10-20,3.0621594811345534,0.008476939342500154,0.898989947026415
2020-10-21,3.0378296585884486,-0.007945315290074466,0.8820629403709347
2020-10-22,3.0926241612127208,0.01803738483800742,0.9187145117044823
2020-10-23,3.094361071597834,0.0005616299603739308,0.9101340768454385
2020-10-26,3.015899279831384,-0.025356378894055343,0.8242223171981026
2020-10-27,2.987005139951157,-0.009580605053177633,0.7872324203716575
2020-10-28,2.880294613861538,-0.03572492215107594,0.6957473734939658
2020-10-29,2.932020376618703,0.017958497199637945,0.7299818551383743
2020-10-30,2.912659311270165,-0.006603318825111984,0.7270105198980399
2020-11-02,2.9473470876036707,0.011909314693718497,0.7219137505181336
2020-11-03,3.0007647974453517,0.01812399702306936,0.7409622939532795
2020-11-04,3.0361131126656,0.011779768694414564,0.7651284554095688
2020-11-05,3.1100034035627235,0.024337133748040977,0.8346560746626857
2020-11-06,3.112925820923522,0.0009396830104594147,0.8250059276211348
2020-11-09,3.2847393536392357,0.05519358397841333,0.9516654527999407
2020-11-10,3.2760789898315883,-0.0026365452096076183,0.9472511576718641
2020-11-11,3.2997310512241818,0.007219624882673942,0.9587971205975478
2020-11-12,3.2526443356063792,-0.014269864691043063,0.926991213755251
2020-11-13,3.3300208068202104,0.023788789437196874,0.9903757778831936
2020-11-16,3.4127403369527136,0.0248405445284564,1.0335923061733865
2020-11-17,3.422096031099972,0.002741402281901227,1.036313599329911
2020-11-18,3.408539181402981,-0.00396156319804791,1.0279990923018592
2020-11-19,3.443994686905734,0.010401965069434718,1.0648510928170605
2020-11-20,3.415986812175857,-0.00813238035365289,1.0374552652575189
2020-11-23,3.4921167213001376,0.022286359201658914,1.0845285937305247
2020-11-24,3.5875910286962083,0.027339953104581448,1.1309314978780642
2020-11-25,3.604600790075975,0.00474127659582987,1.1434737467969844
2020-11-27,3.620581964151361,0.004433548957594714,1.1413442646715801
2020-11-30,3.5940067561902205,-0.007340037658108834,1.1345905584077378
2020-12-01,3.6278904936331737,0.009427844670740591,1.1795252149092177
2020-12-02,3.671810867570599,0.012106311922728694,1.2274869058429372
2020-12-03,3.7105858498242785,0.010560179609505404,1.2290845490219353
2020-12-04,3.7660795109285266,0.014955498498134956,1.262932947449324
2020-12-07,3.7769253701231333,0.002879880566284838,1.2448653608469302
2020-12-08,3.7996404427589074,0.006014170366049266,1.2596998304523286
2020-12-09,3.754502205996208,-0.01187960741093818,1.2241631134005346
2020-12-10,3.763335294893975,0.002352665789797748,1.2176586866523558
2020-12-11,3.7338156199185377,-0.007844019377037523,1.1683665626771662
2020-12-14,3.7060793441172097,-0.007428399959913701,1.1593283751629584
2020-12-15,3.748652225822591,0.011487309836730592,1.1593322765319982
2020-12-16,3.744158462477981,-0.0011987677367494825,1.1499599180928635
2020-12-17,3.74899132971313,0.001290775292654262,1.1501007994079857
2020-12-18,3.7242357516342897,-0.006603263625241475,1.1210748775132922
2020-12-21,3.7133392591354957,-0.0029258331710102755,1.0994046318829245
2020-12-22,3.6822161279143333,-0.00838144027497458,1.0699861092785348
2020-12-23,3.701595698417832,0.0052630182016164045,1.0812356329963912
2020-12-24,3.69733429537739,-0.0011512340589394277,1.0638437481115768
2020-12-28,3.7106654396584347,0.003605609667947111,1.080777645197548
2020-12-29,3.7039664834329704,-0.0018053247684007498,1.0960023954443876
2020-12-30,3.7206840910210417,0.004513433818271776,1.0963649880795678
2020-12-31,3.727509453516927,0.0018344375197983447,1.0663441616168925
2021-01-04,3.6779021363825075,-0.013308434962549728,1.0520292525694888
2021-01-05,3.7346540799286876,0.015430520291657309,1.0795741299641683
2021-01-06,3.766685361516305,0.008576773350914715,1.0979991198388295
2021-01-07,3.835344149392825,0.018227906312004924,1.1353589695968282
2021-01-08,3.8315639830142483,-0.0009856133455911952,1.1194299860264996
2021-01-11,3.8400623631108903,0.0022179924788718786,1.136618020719633
2021-01-12,3.8879764465396374,0.012477423254639875,1.1392866971672984
2021-01-13,3.888431272573196,0.00011698271319620854,1.1390601196835215
2021-01-14,3.9291576711001612,0.01047373495173393,1.1709773794699614
2021-01-15,3.864428118126803,-0.016474155122218274,1.1076247592417858
2021-01-19,3.9127482902906183,0.012503835156658835,1.1336899069290112
2021-01-20,3.96208824408768,0.012610050567141607,1.1738807497707446
2021-01-21,3.948301944113953,-0.0034795539938565143,1.1646263626296685
2021-01-22,3.936496277170246,-0.002990061831848207,1.1477860256866348
2021-01-25,3.9349465608261895,-0.0003936791082577579,1.1711053245351744
2021-01-26,3.920852811682214,-0.0035816875594408513,1.2194231342639625
2021-01-27,3.830258125311406,-0.023105862607461374,1.1279272306805184
2021-01-28,3.878788770644716,0.012670332845874308,1.1718298888835073
2021-01-29,3.8005011173712715,-0.020183530968723516,1.108096230499093
2021-02-01,3.838946645870479,0.010115910326530721,1.1775282084779253
2021-02-02,3.893865964913823,0.014305830247060202,1.181822702673983
2021-02-03,3.940531444247856,0.011984356871684455,1.1627238097463595
2021-02-04,3.9899758553951474,0.012547650449400002,1.180845230277335
2021-02-05,4.011687541441024,0.005441558253170308,1.186299696073382
2021-02-08,4.076884482996864,0.016251749639609438,1.2283503665506772
2021-02-09,4.066026398630367,-0.0026633289247663867,1.202211051699392
2021-02-10,4.068048897251784,0.0004974140409169288,1.195153552324621
2021-02-11,4.067757604617728,-7.160499822249814e-05,1.1724021151722916
2021-02-12,4.092134556364174,0.005992724767762204,1.1895299714130687
2021-02-16,4.1250990936139305,0.008055584877698854,1.2137527792229217
2021-02-17,4.138135989437627,0.0031603836726925108,1.2287603758501846
2021-02-18,4.094906871014766,-0.010446519527922932,1.1803850106271836
2021-02-19,4.140105748413476,0.011037827921959382,1.2172893224447123
2021-02-22,4.131569542246309,-0.002061832882031657,1.2444031998367027
2021-02-23,4.125870317000516,-0.0013794334544091845,1.3436805051121934
2021-02-24,4.21215458264754,0.02091298538674181,1.4827697084659663
2021-02-25,4.081056896155691,-0.031123664604314528,1.4123764843672026
2021-02-26,4.067536154394629,-0.0033130490716261896,1.5248038390833933
2021-03-01,4.173821432700008,0.02613013732909214,1.5929483697414948
2021-03-02,4.151382146747717,-0.005376196925074222,1.4853622229753767
2021-03-03,4.12010850063356,-0.007533309391586005,1.5466253477883376
2021-03-04,4.061259821305273,-0.014283283879353376,1.423946101481925
2021-03-05,4.111592284157935,0.012393312683079168,1.555169333075493
2021-03-08,4.095853723176949,-0.0038278505973529968,1.5957745126432228
2021-03-09,4.137714582051495,0.010220301237241587,1.902160163046754
2021-03-10,4.178264666674692,0.009800116421537228,1.8124354639991986
2021-03-11,4.212692078978032,0.008239643739643372,1.9863724436772785
2021-03-12,4.245551196101308,0.007800028225952973,2.4028416509111747
2021-03-15,4.277580014290487,0.007544089497399287,2.2331481814160186
2021-03-16,4.246174589629963,-0.007341867260368029,2.7274659592223163
2021-03-17,4.278599895867429,0.007636357279480485,2.6302935578224718
2021-03-18,4.186194311732436,-0.021597154766503132,2.871419178480381
2021-03-19,4.200445803211354,0.003404402762426828,2.7913415371909758
2021-03-22,4.207185136369083,0.0016044328324810962,2.870904195406388
2021-03-23,4.133970063825721,-0.017402389048785463,2.8742120199445784
2021-03-24,4.0946486894407705,-0.00951177047193254,2.647877497663102
2021-03-25,4.122140177054596,0.006714003983960746,2.591507479971175
2021-03-26,4.177061792366185,0.013323568086622689,2.49024354752189
2021-03-29,4.152694670990353,-0.005833555400201233,2.6892472394167863
2021-03-30,4.1618701055682665,0.0022095134135458414,2.638838192006643
2021-03-31,4.176339935584091,0.0034767615636213307,2.668229613443443
2021-04-01,4.239284977666045,0.015071819596301677,3.0527994152586007
2021-04-05,4.294069206105102,0.012922987892458087,3.032276098155054
2021-04-06,4.299559422632206,0.0012785579979237658,3.0826677312108517
2021-04-07,4.3067345580583565,0.0016688071313498086,2.9105283136410067
2021-04-08,4.312319314732334,0.001296749683243841,2.860334443215874
2021-04-09,4.329463165147472,0.003975552171326765,2.7370052054855334
2021-04-12,4.307630263051046,-0.0050428658851246685,2.636344613669214
2021-04-13,4.318280277246861,0.002472360333978942,2.659343928666738
2021-04-14,4.309186231433034,-0.0021059415392149553,2.5370246754658172
2021-04-15,4.3333769265273565,0.005613750205982204,2.686919696675252
2021-04-16,4.339843417438572,0.0014922521213490184,2.730926994291683
2021-04-19,4.307042926140073,-0.007557989573240814,2.558924183337419
2021-04-20,4.242142459050625,-0.015068451418386693,2.5630741327558266
2021-04-21,4.294393670551747,0.012317175107979658,2.7869861494365638
2021-04-22,4.240268596974213,-0.012603659033099375,2.6261168461441686
2021-04-23,4.296584474517895,0.013281205248146227,2.6378952401316025
2021-04-26,4.322874989735184,0.006118933625816558,2.6241036908241933
2021-04-27,4.321277667242574,-0.00036950466909244024,2.545845318297322
2021-04-28,4.325626379732977,0.001006348775818878,2.525774417684028
2021-04-29,4.348664364652129,0.005325930373250293,2.3819073658049152
2021-04-30,4.324294240027018,-0.005604048181598573,2.429837148765333
2021-05-03,4.331822278098399,0.0017408709152351182,2.7009022458447336
2021-05-04,4.293105007708186,-0.008937871386360308,2.624845240794597
2021-05-05,4.311823129108735,0.004360042758549048,2.6594588519784566
2021-05-06,4.330157644648614,0.004252149262826956,2.7102982524222177
2021-05-07,4.374285305129194,0.01019077458648995,2.6778685150577206
2021-05-10,4.320387719365039,-0.01232146099408652,2.5000965488547124
2021-05-11,4.2852882983713325,-0.008124136830678941,2.487063222623663
2021-05-12,4.195300042275085,-0.020999347028868146,2.4972102911728014
2021-05-13,4.220452281173894,0.005995337316844018,2.685822793895858
2021-05-14,4.30968856505898,0.02114377273808784,2.6991275574813405
2021-05-17,4.310687338075557,0.00023175062455203945,2.6824321748827304
2021-05-18,4.27939813755067,-0.007258517742290051,2.475514486222707
2021-05-19,4.258914051618031,-0.0047866744981954834,2.521196191947698
2021-05-20,4.298360959574484,0.009262198644620901,2.4590181454001434
2021-05-21,4.305426137491938,0.0016436911613289039,2.4931592565216207
2021-05-24,4.3532626909452325,0.01111075928970913,2.540637799392841
2021-05-25,4.331957623634451,-0.004894045873936432,2.436817073080832
2021-05-26,4.369998089082378,0.008781356779758063,2.4157628225902714
2021-05-27,4.408949790984975,0.008913436827332128,2.5417319710040385
2021-05-28,4.404936801871379,-0.0009101916111181888,2.5128955820688863
2021-06-01,4.44216873400832,0.008452319252599063,2.4998077198629707
2021-06-02,4.465969320981004,0.0053578754878156,2.4752338051023086
2021-06-03,4.43495142110123,-0.006945390272623018,2.345279814430179
2021-06-04,4.4711986651246605,0.008173087049154175,2.338315169618241
2021-06-07,4.470071965539518,-0.00025199049953449125,2.1857822236137987
2021-06-08,4.454959409974701,-0.0033808304835631136,2.0517124234540765
2021-06-09,4.431000386974805,-0.005378056407484001,2.08596303772112
2021-06-10,4.437211360153635,0.0014017090129551336,2.179644861647242
2021-06-11,4.454231307330166,0.00383573055125793,2.7448611937774943
2021-06-14,4.450388629200486,-0.0008627028693719207,2.624118813837917
2021-06-15,4.437751944557139,-0.002839456437676811,2.5403214853374814
2021-06-16,4.425356609674446,-0.002793156318233469,2.4466259661481558
2021-06-17,4.399739497449322,-0.005788711393138657,2.4614439915856443
2021-06-18,4.34269345610398,-0.01296577703712081,2.369159898837091
2021-06-21,4.402565963796149,0.01378695233669176,2.489318202713222
2021-06-22,4.420027659773271,0.003966254252795963,2.4842711447664407
2021-06-23,4.432738132346342,0.0028756545323798234,2.4804228832762725
2021-06-24,4.4683464208818675,0.0080330232629098,2.7572296119642914
2021-06-25,4.487538547381718,0.004295129493577366,2.7153074295846857
2021-06-28,4.482793344804347,-0.0010574176750280592,2.9022752187524232
2021-06-29,4.4684368941544905,-0.0032025680297075544,2.78084317014205
2021-06-30,4.493463120391228,0.005600666816952516,2.7321802282161567
2021-07-01,4.508650687044335,0.0033799246252152505,2.7333110029853604
2021-07-02,4.52861845662209,0.00442876837523341,2.7350097859873888
2021-07-06,4.491866001218008,-0.008115599880210728,2.5805952347679635
2021-07-07,4.465618149006214,-0.005843418348783456,2.6290734445874473
2021-07-08,4.419138894925813,-0.010408246412816118,2.52460728540752
2021-07-09,4.491056061799988,0.016274022741569052,2.65159661401238
2021-07-12,4.500356965302703,0.002070983611588769,2.552315312241606
2021-07-13,4.465056583151736,-0.007843907144061895,2.610464137205668
2021-07-14,4.44042976666524,-0.005515454513930034,2.523651535088954
2021-07-15,4.408069188004247,-0.007287713208285931,2.375249859959209
2021-07-16,4.346635818356695,-0.01393657109891371,2.3585155025735456
2021-07-19,4.269657141900943,-0.01770994389055015,2.264729278681233
2021-07-20,4.349084329496249,0.01860270859124383,2.315835907891589
2021-07-21,4.431936973195946,0.019050594889084022,2.387582897751959
2021-07-22,4.425319684440769,-0.0014930918005374317,2.3506968175744256
2021-07-23,4.443827206275248,0.004182188667533072,2.4603117988016674
2021-07-26,4.476673965540701,0.007391547362388171,2.5658430824589136
2021-07-27,4.441304427009934,-0.007900852017150442,2.4947297908677606
2021-07-28,4.469967456197343,0.006453741160613469,2.553186243702231
2021-07-29,4.489456040723673,0.004359894052318277,2.5143794525569407
2021-07-30,4.4486527953188695,-0.009088683580968203,2.514452361486302
2021-08-02,4.4452114734891035,-0.0007735649393423771,2.519516241577453
2021-08-03,4.488333101319346,0.009700692101470587,2.525456927244597
2021-08-04,4.45535828984414,-0.00734678347859526,2.4172234963112547
2021-08-05,4.503745492395616,0.01086045148417669,2.430332035969744
2021-08-06,4.524372820750218,0.004580038634383239,2.4161258781270627
2021-08-09,4.523475862264774,-0.00019825034783391062,2.4245838843378706
2021-08-10,4.552573924005003,0.006432677574996536,2.396411312134267
2021-08-11,4.557150778562544,0.0010053333858915641,2.448632342589636
2021-08-12,4.565284345265251,0.0017847920988193538,2.4026281838449783
2021-08-13,4.549136821066227,-0.003537024854929425,2.419477919348695
2021-08-16,4.51833371996239,-0.006771196891945211,2.3730434745577043
2021-08-17,4.468260092389732,-0.011082321642473655,2.3053508381563708
2021-08-18,4.432557083614721,-0.007990360461742278,2.2593063758201573
2021-08-19,4.394102195369163,-0.008675553979374397,2.235199353527904
2021-08-20,4.426917120121374,0.007467947556338973,2.2675692396835396
2021-08-23,4.502517460198999,0.017077423865471633,2.362189476783409
2021-08-24,4.533397054150246,0.006858295214669142,2.302408079845716
2021-08-25,4.5564850492583515,0.005092868511697841,2.319216284256305
2021-08-26,4.511946012447354,-0.009774867321960576,2.2326765566301603
2021-08-27,4.580769126727013,0.015253532309516099,2.2787110154170187
2021-08-30,4.562518788289634,-0.003984120992017402,2.18158125801256
2021-08-31,4.566839025262772,0.0009468973550808735,2.221183235969576
2021-09-01,4.55268176879899,-0.003100012149643793,2.157856986426726
2021-09-02,4.58290532092564,0.006638626124448679,2.1198108602580845
2021-09-03,4.571970298672622,-0.002386045856781775,2.300542584776876
2021-09-07,4.574389941514088,0.0005292341558229899,2.318708744482267
2021-09-08,4.529957906540475,-0.00971321543237442,2.432456004852636
2021-09-09,4.533464687528916,0.0007741310318530455,2.3870191651554844
2021-09-10,4.501729383685568,-0.007000231838277846,2.4457455208489582
2021-09-13,4.549424121958249,0.01059475908203825,2.4884082671149206
2021-09-14,4.496578055743814,-0.0116159902435492,2.3329428400133185
2021-09-15,4.558809824568823,0.013839806193404105,2.387878014280804
2021-09-16,4.555148221797781,-0.0008031926998377699,2.3350907465523085
2021-09-17,4.525960555347975,-0.006407621668628519,2.33496053276585
2021-09-20,4.428736493526732,-0.021481420492355116,2.268180280444046
2021-09-21,4.430688648629684,0.0004407927872443983,2.4261573985646576
2021-09-22,4.502430019379834,0.016191923296695054,2.483189723225441
2021-09-23,4.584588535640988,0.01824759427853804,2.7645046611274613
2021-09-24,4.601516908709629,0.003692451991501137,2.772782059887446
2021-09-27,4.6349122609037785,0.007257465930623967,2.7371408086270317
2021-09-28,4.554108901141285,-0.017433633090335438,2.5281957760127938
2021-09-29,4.547581456795893,-0.0014333087958781844,2.5716777239049713
2021-09-30,4.506607096381641,-0.009010143260439979,2.4892812790220487
2021-10-01,4.581631375771202,0.016647619325367586,2.5492150849929325
2021-10-04,4.551217038142927,-0.0066383205312224814,2.5381035840002624
2021-10-05,4.597700227875887,0.010213353778427211,2.507742120145194
2021-10-06,4.592644434925062,-0.0010996351872119663,2.595540538648923
2021-10-07,4.637061095783428,0.00967126053142641,2.5483787002700375
2021-10-08,4.641075001897435,0.0008656142395139885,2.4741649516718125
2021-10-11,4.60599455972765,-0.007558688914840317,2.4188367788819
2021-10-12,4.590961174512158,-0.0032638738540718575,2.3533868861684897
2021-10-13,4.5904324235510225,-0.00011517217006111427,2.4075179685149655
2021-10-14,4.6593912231119985,0.015022288359411546,2.523682776653469
2021-10-15,4.695943651030907,0.007844893499733979,2.550323251093784
2021-10-18,4.704484530514959,0.001818778102709203,2.5791833058501585
2021-10-19,4.729161671824831,0.0052454506226572726,2.6714444354911655
2021-10-20,4.758096250730137,0.006118331516913721,2.6588604297576635
2021-10-21,4.757741997311327,-7.445276432888802e-05,2.709015176760009
2021-10-22,4.738542139238985,-0.004035497949067606,2.5902226044341017
2021-10-25,4.780845648080159,0.008927536697598647,2.637039602003474
2021-10-26,4.792678810454221,0.0024751190992358457,2.836409473185632
2021-10-27,4.736670855139754,-0.011686148296083861,2.821287726311073
2021-10-28,4.795182281210558,0.012352858760982395,3.180870837738377
2021-10-29,4.793370700880805,-0.00037779175503934007,3.0836127466657257
2021-11-01,4.847543496557953,0.011301607794947417,3.1922027105163213
2021-11-02,4.8516754611923485,0.0008523831993110335,3.1303306228042924
2021-11-03,4.883558413885972,0.006571534503626435,3.0734715450592396
2021-11-04,4.900103793362732,0.0033879761588832065,3.0273372156976315
2021-11-05,4.941340979942477,0.008415574101838798,2.955260487970368
2021-11-08,4.9707210102679165,0.0059457605627089806,2.9854293874472857
2021-11-09,4.946600608242839,-0.004852495639013324,2.766690066532585
2021-11-10,4.87691899611059,-0.014086767388524072,2.6782972178313535
2021-11-11,4.8990098870396075,0.004529681740999954,2.6620211663878894
2021-11-12,4.930191397405379,0.006364859652204883,2.810859288786836
2021-11-15,4.9318501415297,0.00033644619257447195,2.6852288702188702
2021-11-16,4.913983166224184,-0.0036227733594464636,2.5251014303411115
2021-11-17,4.891211532276597,-0.0046340480171168565,2.47356471369511
2021-11-18,4.882103396053404,-0.001862143185402958,2.48868642315269
2021-11-19,4.850045639821056,-0.006566382075861414,2.3756244373701056
2021-11-22,4.844471300923867,-0.0011493374106465333,2.427167314759646
2021-11-23,4.85893566411027,0.0029857464907770644,2.320192398809383
2021-11-24,4.873286059433526,0.0029534030321195465,2.1888374596480444
2021-11-26,4.767475961202916,-0.021712269080898156,1.982075279681491
2021-11-29,4.80791521914563,0.008482320261665559,2.0076955014386493
2021-11-30,4.702675472253804,-0.02188885246410961,1.8885286710754559
2021-12-01,4.624177093384775,-0.01669228066707484,1.702896433951386
2021-12-02,4.704190177155109,0.017303204906403538,1.7322189159892807
2021-12-03,4.6643322902542,-0.008472847695331336,1.6050403404748053
2021-12-06,4.727388947719528,0.013518903358811046,1.5967982923500497
2021-12-07,4.818548099975933,0.019283192744354236,1.6940421978992983
2021-12-08,4.831469123844807,0.0026815180840339425,1.6727267057867505
2021-12-09,4.78151087740939,-0.010340177108626626,1.6843454448041901
2021-12-10,4.822897321427417,0.008655516023932929,1.7241129400012434
2021-12-13,4.752529093413947,-0.01459044705364867,1.673211925379605
2021-12-14,4.739401226017645,-0.0027622908010168793,1.7062291370581781
2021-12-15,4.801336438783812,0.013068151399836057,1.7153662170028343
2021-12-16,4.778540255472564,-0.0047478829284087355,1.6908124521520793
2021-12-17,4.749384101860973,-0.006101477031233474,1.6400829710190494
2021-12-20,4.704536745351237,-0.009442773114973775,1.6195033971971113
2021-12-21,4.8132709126632385,0.023112619413472965,1.773281113202103
2021-12-22,4.852765314997793,0.00820531465009559,1.8832990407118961
2021-12-23,4.889672039840763,0.0076052976905573505,1.8976168187540257
2021-12-27,4.9293223707641785,0.008108995981805438,1.9563780085206104
2021-12-28,4.917571018630182,-0.002383969083396281,1.9169733177989863
2021-12-29,4.905390219455668,-0.0024769950710151487,1.912405121481459
2021-12-30,4.902606954566382,-0.0005673890893017336,1.8795565828394487
2021-12-31,4.881690412298675,-0.004266412229563926,1.8385822546170956
2022-01-03,4.981630811672787,0.020472498444868,2.052041108064888
2022-01-04,5.011453150026586,0.005986460956504548,1.9981826852367592
2022-01-05,4.928415719577032,-0.016569531424056913,1.8238960092274175
2022-01-06,4.942007771947395,0.0027578948578488166,1.7341026186732302
2022-01-07,4.969439935199882,0.005550813458489741,1.776214930710785
2022-01-10,4.971201373122295,0.00035445401199745065,1.764070472000647
2022-01-11,5.032188492823832,0.012268084739289779,1.7628808993693768
2022-01-12,5.037552268110187,0.001065893158414865,1.7691151186517344
2022-01-13,4.996742520953005,-0.008101106447177682,1.647947694989507
2022-01-14,5.017475020260274,0.004149203049852953,1.794127794924011
2022-01-18,4.909589532669433,-0.021501948122353242,1.557912941959029
2022-01-19,4.845142382061635,-0.013126789964609758,1.3882611572118
2022-01-20,4.7844883314995155,-0.012518527997583899,1.3248894324475762
2022-01-21,4.640864957113171,-0.030018544185963527,1.1274196217470713
2022-01-24,4.645426146621063,0.00098283176736311,1.1362131148186578
2022-01-25,4.6345068951573385,-0.002350538167885218,1.1442650236184848
2022-01-26,4.613908983842259,-0.00444446664576183,1.2772793047763273
2022-01-27,4.5612384492614995,-0.011415598956375074,1.1219949430218275
2022-01-28,4.641593162267178,0.01761686302953275,1.3698844620725836
2022-01-31,4.7446562421290635,0.022204246744353708,1.436947693365266
2022-02-01,4.809065942976955,0.013575209153400975,1.432824482249642
2022-02-02,4.808657448979231,-8.494248208860104e-05,1.358835746676967
2022-02-03,4.684471140998261,-0.025825567593160875,1.099202076226478
2022-02-04,4.727515359612789,0.00918870397936852,1.1218990307249748
2022-02-07,4.72554260771653,-0.00041729148319890436,1.0210250753674728
2022-02-08,4.743673457109121,0.0038367761964486257,1.062526057030798
2022-02-09,4.8365131105517065,0.01957125722965839,1.1757605341850241
2022-02-10,4.760444078674791,-0.015728073125855366,1.070779552236595
2022-02-11,4.687129013967201,-0.015400887710458862,0.9317348190649408
2022-02-14,4.661531859967011,-0.005461158402918732,0.8472626895736934
2022-02-15,4.749066668788351,0.018778120894782282,0.9392935607622696
2022-02-16,4.743837316291162,-0.0011011326776179308,0.9999023729414375
2022-02-17,4.641076445829346,-0.021661971861665144,0.7895785444579315
2022-02-18,4.596470665400899,-0.00961108504655897,0.7413758426647271
2022-02-22,4.530841086631533,-0.014278254675566872,0.6587965693996892
2022-02-23,4.453461933230394,-0.01707831987960237,0.42542800693504557
2022-02-24,4.508010782256203,0.012248639338035466,0.7051066432201971
2022-02-25,4.632919495589708,0.02770816649888084,0.887452720014437
2022-02-28,4.6394983077274725,0.0014200143438769424,0.7437413561005357
2022-03-01,4.572540961903193,-0.014432022900570182,0.684380076585302
2022-03-02,4.66315201717359,0.01981634632151729,0.8502803086601854
2022-03-03,4.617357009632674,-0.009820612189407602,0.8799337887447092
2022-03-04,4.583323382737547,-0.007370802566084205,0.7579733859024967
2022-03-07,4.450888697661836,-0.028894903112118963,0.5919608929876579
2022-03-08,4.448115063972544,-0.0006231640190752362,0.5263469407461671
2022-03-09,4.563975374027478,0.02604705777360476,0.6196223269018272
2022-03-10,4.549628593242499,-0.0031434833909541274,0.5508592839423542
2022-03-11,4.480819447967922,-0.015124123621163044,0.4098550699871409
2022-03-14,4.411874567986735,-0.015386667724907642,0.2697209586861266
2022-03-15,4.494615412543382,0.018754124416189854,0.4253550933816413
2022-03-16,4.637473008882278,0.03178416465627182,0.5612332554792566
2022-03-17,4.719156778671265,0.017613853413817555,0.7959652768688177
2022-03-18,4.777962246913232,0.012461011786627674,0.8477476499430036
2022-03-21,4.7690368026800884,-0.0018680441099988162,0.8271064830562641
2022-03-22,4.842013075426445,0.015302098886162145,1.022796134002583
2022-03-23,4.793012896135308,-0.010119794913362871,1.0189584315980773
2022-03-24,4.861794729628069,0.014350437810885247,1.061467098490238
2022-03-25,4.879657739413863,0.0036741596013784112,1.0070218152658783
2022-03-28,4.899585864611025,0.004083918639661496,1.0664531921876572
2022-03-29,4.996181484692355,0.019715058119304716,1.163075172645617
2022-03-30,4.951176690635811,-0.009007838124862525,1.0877533872870986
2022-03-31,4.854214355521511,-0.019583695184557902,0.8805156081636012
2022-04-01,4.868102318185596,0.002861011411308651,0.8235408322978965
2022-04-04,4.935621852336892,0.013869785336899476,0.8949178204824337
2022-04-05,4.8443239647896466,-0.018497747655448583,0.7717964472352418
2022-04-06,4.76661140413529,-0.016041982579860694,0.6676041419116514
2022-04-07,4.775674988854745,0.001901473384549958,0.655679507207785
2022-04-08,4.776396094717781,0.0001509955900932784,0.6861803558712244
2022-04-11,4.721903245435418,-0.011408779381305351,0.6041677881542462
2022-04-12,4.709370805947333,-0.0026541076419132766,0.6009603035252501
2022-04-13,4.7843794188243045,0.01592752322289964,0.6583719159850563
2022-04-14,4.72505031711296,-0.012400584593669868,0.576586615154649
2022-04-18,4.722757748581813,-0.0004851945222347987,0.6179570289285636
2022-04-19,4.8059514660386675,0.017615495413000372,0.8056735593827966
2022-04-20,4.7359472996760115,-0.014566140931164434,0.6498986695189052
2022-04-21,4.663811184240303,-0.015231612784340582,0.633994116478453
2022-04-22,4.537429773593035,-0.02709831201450194,0.39821969285626907
2022-04-25,4.552076220202182,0.0032279169794290023,0.3819296269789158
2022-04-26,4.4122320081824125,-0.030720973299862377,0.20601862366866244
2022-04-27,4.403993158528785,-0.0018672748029453252,0.18990120566894264
2022-04-28,4.50996185570055,0.024061957718200896,0.292428450416383
2022-04-29,4.365246064404431,-0.03208802999369045,0.14303090665018536
2022-05-02,4.424936759383978,0.013674073373843177,0.2077827723440674
2022-05-03,4.462644070228872,0.008521547966742827,0.30314785183987275
2022-05-04,4.596215595693724,0.029931028189304362,0.4371695652997156
2022-05-05,4.424047315965465,-0.03745870404546872,0.20811010119183646
2022-05-06,4.378553106820845,-0.010283391179032302,0.0999159608782386
2022-05-09,4.188515450464136,-0.043401930208559175,-0.06279633162752718
2022-05-10,4.199247647609609,0.0025622914066804232,-0.007658684915987724
2022-05-11,4.108391924194823,-0.021636190822540577,-0.010943516996241267
2022-05-12,4.109261902017193,0.00021175628772097623,-0.040819970045425744
2022-05-13,4.268682076413648,0.03879533069386425,0.04965152844060726
2022-05-16,4.244870212792082,-0.005578270575158825,0.020050277377285583
2022-05-17,4.354638975263455,0.02585915633900427,0.1871894344424062
2022-05-18,4.17603411684318,-0.04101484863265144,0.004094502318301123
2022-05-19,4.151902914690051,-0.005778497368065356,-0.0703661436399646
2022-05-20,4.132648623241022,-0.004637461868605957,-0.10144050875307353
2022-05-23,4.20441201598316,0.01736498775592922,-0.07032994095513481
2022-05-24,4.105301053223349,-0.023573085221676324,-0.16154614018091412
2022-05-25,4.17872350259771,0.017884790523879174,-0.11652922432919678
2022-05-26,4.2815342324461705,0.024603381818526216,-0.039509934419364214
2022-05-27,4.397440032794259,0.027071090421217737,0.09572131458155575
2022-05-31,4.384508466024638,-0.002940703380417523,0.040826144658571845
2022-06-01,4.3258473352601134,-0.013379180635432,-0.049481151129941794
2022-06-02,4.433851195094235,0.024967099267183806,0.10352039514884312
2022-06-03,4.327708220103069,-0.023939228070758357,-0.049822571066338535
2022-06-06,4.338345131459051,0.0024578624100790266,-0.036930201841727316
2022-06-07,4.386363432087321,0.011068344996360446,0.031754604746957994
2022-06-08,4.340434319843815,-0.010470886180457361,0.007555050226423074
2022-06-09,4.200385103136306,-0.032266175775826,-0.15048884936098264
2022-06-10,4.0586349599017755,-0.03374693980527878,-0.32289573925490556
2022-06-13,3.841985853198435,-0.053379796124503685,-0.5499808571195397
2022-06-14,3.824764906309377,-0.004482303565673519,-0.5573173591571664
2022-06-15,3.90107448727179,0.019951443508732285,-0.45306179904173677
2022-06-16,3.7430895434028506,-0.040497802434791765,-0.5992428122580146
2022-06-17,3.7756195389416316,0.00869068056256218,-0.5040169030826597
2022-06-21,3.8780089963949433,0.027118584485875778,-0.4427433633317357
2022-06-22,3.8508425804143824,-0.0070052483131976,-0.4908217790449226
2022-06-23,3.8968793467946012,0.011954985284094496,-0.45033213422108
2022-06-24,4.032033729907458,0.034682722015509496,-0.32981045890985333
2022-06-27,4.011562997433406,-0.0050770241137150385,-0.3704572940604835
2022-06-28,3.9250237801124244,-0.021572443802166153,-0.4575126441967123
2022-06-29,3.8690541731792343,-0.014259686072930478,-0.5044091307746611
2022-06-30,3.8145241196409723,-0.014093897654954243,-0.5885232183383614
2022-07-01,3.859085922242209,0.011682139423837562,-0.5520898992258675
2022-07-05,3.9044498058367765,0.011755085144155058,-0.5199774455499002
2022-07-06,3.879414444394248,-0.0064120075010576745,-0.5127688418995735
2022-07-07,3.9789435304832597,0.025655698177035623,-0.3751870594451846
2022-07-08,3.965496022272168,-0.0033796680219431298,-0.34545860245632753
2022-07-11,3.866069281467592,-0.025072964452907517,-0.5206308506802461
2022-07-12,3.8688513650033607,0.0007196155405453487,-0.5264143751081712
2022-07-13,3.851199606813905,-0.004562532008628932,-0.5126040973015261
2022-07-14,3.817361271703167,-0.008786440217450241,-0.526341026318752
2022-07-15,3.9298714451773424,0.029473284152635983,-0.3668675919264667
2022-07-18,3.9464710984801763,0.004223968527826763,-0.2904900299768751
2022-07-19,4.078532037063705,0.03346304465130567,-0.07320288742725536
2022-07-20,4.148225649938995,0.017087916005550194,-0.07961027027474733
2022-07-21,4.163393070667819,0.0036563634692937225,-0.14482151392062334
2022-07-22,4.080928776925339,-0.019806992119831987,-0.22134863080063988
2022-07-25,4.094989412610803,0.0034454499095810487,-0.22445876893731165
2022-07-26,3.997493797959823,-0.023808514461779978,-0.354130715051353
2022-07-27,4.142575483229188,0.03629316081576159,-0.1672096230077923
2022-07-28,4.166426931574877,0.005757637595802214,-0.1701051555477389
2022-07-29,4.213228791223849,0.011233092627711327,-0.1415062457218065
2022-08-01,4.227042647311732,0.0032786864356042925,-0.09038628380392262
2022-08-02,4.236514019437111,0.0022406615962114983,-0.07790341746457403
2022-08-03,4.323944342189425,0.020637326431869392,-0.03253245089104748
2022-08-04,4.313173987045315,-0.0024908635014152603,-0.012490857947363359
2022-08-05,4.318084717451767,0.0011385421550816836,-0.05269473917170033
2022-08-08,4.309594541807969,-0.001966190151268894,-0.07976975303600642
2022-08-09,4.255558617123013,-0.01253851706018885,-0.13062091091198114
2022-08-10,4.387766479046728,0.031067099250319925,-0.02867262373495495
2022-08-11,4.404791250211808,0.003880054065406596,-0.01689285880990844
2022-08-12,4.490826487288176,0.019532193965430548,0.05563374374347665
2022-08-15,4.486686157759444,-0.0009219526829752014,0.06631927725915715
2022-08-16,4.50204194625467,0.0034225234293843976,0.10798282859905436
2022-08-17,4.424016545681096,-0.017331113637998274,0.08233238187709213
2022-08-18,4.446184151711368,0.005010742116666108,0.13541262379917368
2022-08-19,4.3613661780834425,-0.019076576842926893,0.09274620835627376
2022-08-22,4.246201598654247,-0.026405620332435202,-0.04490475208944452
2022-08-23,4.263068926669975,0.003972333301620357,-0.0981936326391892
2022-08-24,4.297022077881923,0.007964485631357232,-0.09369140754297256
2022-08-25,4.383186096394536,0.020052030674016088,-0.032886565678147676
2022-08-26,4.226302905812526,-0.03579204421894313,-0.13681843150739725
2022-08-29,4.205207193950271,-0.0049915286084303255,-0.2183128517079478
2022-08-30,4.153209761235613,-0.012365010882094652,-0.2516815884659941
2022-08-31,4.121387878213211,-0.007661997551728424,-0.2860758508306698
2022-09-01,4.1096590473342545,-0.0028458449496972047,-0.2850603555720923
2022-09-02,4.073919959707845,-0.008696363181172447,-0.3464579545041421
2022-09-06,4.030344558065227,-0.010696185019241912,-0.37944415294471284
2022-09-07,4.104113524830654,0.018303389624047463,-0.30742766457026793
2022-09-08,4.152442702890369,0.011775789769779547,-0.22153135004839772
2022-09-09,4.247461406091309,0.02288260428850745,-0.13273908520444636
2022-09-12,4.309053954367885,0.014501025998316227,-0.04722897283614373
2022-09-13,4.109510998527272,-0.04630783414497414,-0.2688411719198651
2022-09-14,4.143084842885403,0.008169790607729977,-0.19161546758445866
2022-09-15,4.122854466572724,-0.004882925906627108,-0.2651641197328346
2022-09-16,4.071794852516784,-0.01238452981300235,-0.31015244098393446
2022-09-19,4.102872109093413,0.007632323754577206,-0.2552053564886439
2022-09-20,4.026196232896485,-0.018688341766000174,-0.24449326113152106
2022-09-21,3.9403825258290097,-0.02131384118000127,-0.3285039971467269
2022-09-22,3.8796864995978164,-0.01540358729979481,-0.45188318896593666
2022-09-23,3.7804093674893764,-0.025588957282690613,-0.6215957280083811
2022-09-26,3.7292092364734546,-0.013543541463057161,-0.6879290908146841
2022-09-27,3.7387787889439905,0.0025661076822777263,-0.7064536621925747
2022-09-28,3.839805043792376,0.027021190755423148,-0.5315816186308301
2022-09-29,3.743884997697613,-0.02498044692394797,-0.6200891892568092
2022-09-30,3.671851922683259,-0.019240194359242412,-0.6582162238202489
2022-10-03,3.7749403547241256,0.02807532389964488,-0.6118270089954173
2022-10-04,3.928901368939215,0.04078501903279493,-0.42472291504565685
2022-10-05,3.919462317279373,-0.0024024659245620436,-0.4729081726124534
2022-10-06,3.891416497022904,-0.007155527464271237,-0.49572009427312624
2022-10-07,3.7646248596828937,-0.03258238675737006,-0.6516437204215485
2022-10-10,3.7000981596806506,-0.017140273575008597,-0.7181085906594626
2022-10-11,3.6534432736081146,-0.012609094153481265,-0.7366066386905329
2022-10-12,3.6800226630930952,0.0072751614010230165,-0.6967235732380785
2022-10-13,3.7822444997620774,0.027777501941540765,-0.5886185693833988
2022-10-14,3.6938180231835385,-0.023379365502177767,-0.7306645663548863
2022-10-17,3.799697388958985,0.028663936639789916,-0.6495052388202059
2022-10-18,3.8470583124327122,0.01246439350969022,-0.6093444539135721
2022-10-19,3.822858742923938,-0.006290408811992199,-0.6520761326637392
2022-10-20,3.824456168304531,0.00041786147174547184,-0.6733942047068292
2022-10-21,3.9358223690535286,0.029119486757869954,-0.561849116962162
2022-10-24,3.966521964227666,0.007800045910486577,-0.5180683435563631
2022-10-25,4.053010561264519,0.021804643417294906,-0.46937644863749095
2022-10-26,4.01637024191596,-0.009040272359203277,-0.5114216211490433
2022-10-27,3.9822194667146498,-0.008502895187526206,-0.49994806432042793
2022-10-28,4.0610043375359215,0.019784160938339616,-0.4718912079864308
2022-10-31,4.034986518976087,-0.006406744833870685,-0.49386676810978425
2022-11-01,4.053493041982088,0.00458651420989072,-0.5188625375749966
2022-11-02,3.9462232816578346,-0.02646353631627295,-0.6162506311041609
2022-11-03,3.9320329430962735,-0.003595928955038635,-0.6535514864250709
2022-11-04,3.9869584213945877,0.013968722819260915,-0.6141129536322271
2022-11-07,3.998750974890411,0.002957781910276055,-0.6343048076704582
2022-11-08,4.0219435885441,0.005799964488742478,-0.6348447011271825
2022-11-09,3.901411861796088,-0.029968527428213737,-0.7224464787797402
2022-11-10,4.170050751088385,0.06885683921836032,-0.4092403433077617
2022-11-11,4.29009112754709,0.028786310676764328,-0.32217133729429426
2022-11-14,4.243259563479666,-0.010916216619902035,-0.38256371503196235
2022-11-15,4.307192601843437,0.01506696382988723,-0.33049191124420413
2022-11-16,4.20755549620671,-0.023132725848870474,-0.397490843987405
2022-11-17,4.190081016067765,-0.004153119347967783,-0.3958233301821203
2022-11-18,4.189933624968565,-3.5176193165343994e-05,-0.3894582705513304
2022-11-21,4.140752644635708,-0.011737890080114546,-0.4072654009717246
2022-11-22,4.202139850987808,0.014825132438574045,-0.3511083005263172
2022-11-23,4.243380967267573,0.009814313121937288,-0.3271644015486613
2022-11-25,4.228955879614395,-0.0033994326138637914,-0.34926142290708817
2022-11-28,4.167823996139061,-0.014455550073250558,-0.32452962023168314
2022-11-29,4.187496331281284,0.0047200493975862855,-0.33774143810624135
2022-11-30,4.337776848263022,0.03588791609418707,-0.1357468194100718
2022-12-01,4.344475352294564,0.0015442251332555095,-0.07264797683334
2022-12-02,4.322260471814452,-0.005113363220803804,-0.15073693357728285
2022-12-05,4.209606880411574,-0.026063582270780483,-0.2111535849995959
2022-12-06,4.121517564393364,-0.02092578203159853,-0.3300591623317274
2022-12-07,4.0827721583254935,-0.009400762088848002,-0.4301197485085078
2022-12-08,4.129650684716123,0.011482033425508506,-0.3992886857038957
2022-12-09,4.112857595066449,-0.0040664673435515395,-0.37774693236302337
2022-12-12,4.172691313111782,0.01454796735902207,-0.3570195884581435
2022-12-13,4.195710562763377,0.005516643318249478,-0.28767559609847476
2022-12-14,4.173713622075732,-0.00524272119313154,-0.2962418791179862
2022-12-15,4.050380771488517,-0.02954990728996793,-0.44219924680574296
2022-12-16,4.000082878513266,-0.012418065316058543,-0.4683350984691439
2022-12-19,3.938587544185113,-0.015373515048520416,-0.4997615068530114
2022-12-20,3.93825630245051,-8.410165595837418e-05,-0.46773000480054705
2022-12-21,3.99775059985906,0.015106761175378805,-0.4962607719393151
2022-12-22,3.9207462344305717,-0.01926192330036875,-0.5901878734460236
2022-12-23,3.9433231124896118,0.005758311481824143,-0.5966538593641851
2022-12-27,3.9160751324002416,-0.006909902970686782,-0.6486084507879712
2022-12-28,3.8623455854027617,-0.013720254382491325,-0.687043081178495
2022-12-29,3.9589762961749337,0.025018659940056944,-0.5899686688643352
2022-12-30,3.959487719655688,0.00012918073827523102,-0.5875750384804863
2023-01-03,3.965627697195773,0.0015506999831329522,-0.567631161215641
2023-01-04,4.05158885824935,0.021676558572142998,-0.5633236129961018
2023-01-05,4.019274456461053,-0.007975735672809311,-0.6112130230977911
2023-01-06,4.122110874540887,0.02558581634417177,-0.46535054517868935
2023-01-09,4.152066808223386,0.007267134386780782,-0.449782259472706
2023-01-10,4.194770043388207,0.010284814078676433,-0.43337850297844566
2023-01-11,4.250734694100049,0.013341530079832064,-0.3885211600570493
2023-01-12,4.319707348254381,0.016226054815903817,-0.37474280427919243
2023-01-13,4.33280748562036,0.0030326446469279306,-0.36800620401792533
2023-01-17,4.343806902167582,0.002538634957525106,-0.33177557303869054
2023-01-18,4.2563117482505115,-0.020142505384714536,-0.4138557346917661
2023-01-19,4.206534737259019,-0.011694869627900988,-0.38113329391493644
2023-01-20,4.32425207058014,0.027984395868278594,-0.23986952620425775
2023-01-23,4.4278267110334,0.02395203581167825,-0.11551849531873418
2023-01-24,4.409488619161341,-0.004141555907407766,-0.02785294367049724
2023-01-25,4.437971653403601,0.0064594869614781536,-0.00917229500841328
2023-01-26,4.4781834586936595,0.00906085221594851,0.029724480992933906
2023-01-27,4.51563573389153,0.008363273980024984,0.07335555630702542
2023-01-30,4.443783010444509,-0.015911983977746548,0.057993562858944955
2023-01-31,4.527920669510317,0.018933791066767642,0.0624601239071023
2023-02-01,4.6343642928059205,0.02350827920028792,0.06687588713584877
2023-02-02,4.7789431514639205,0.031197128564630677,0.12626573839562197
2023-02-03,4.706571850736382,-0.015143787744235604,0.07515572345024239
2023-02-06,4.667845924889133,-0.008228053682254925,0.13515286059634504
2023-02-07,4.722406982579229,0.01168870150558611,0.14359680845917616
2023-02-08,4.659099944897458,-0.013405671708369976,0.09941488231575898
2023-02-09,4.594708576079099,-0.01382055967459544,0.03951578508201307
2023-02-10,4.568939133691748,-0.005608504208844037,-0.045848541050588616
2023-02-13,4.625868009085856,0.01245997675353341,0.04983044727972377
2023-02-14,4.667933479308918,0.009093530152706482,0.13311588518803813
2023-02-15,4.7282717884264756,0.01292612874305351,0.1954546011765698
2023-02-16,4.648940619414854,-0.016778047574549933,0.07474045305336004
2023-02-17,4.61607532824535,-0.007069415133471903,0.054451038856104174
2023-02-21,4.500565166277672,-0.02502345688790707,0.04299660821240895
2023-02-22,4.485320862071469,-0.003387197750279565,0.06414365336374299
2023-02-23,4.499646458701622,0.0031938844668375787,0.1235930653623998
2023-02-24,4.455299863601225,-0.009855573211676929,0.14830708349949917
2023-02-27,4.47216863169143,0.0037862250817319574,0.1196083030803234
2023-02-28,4.456264262315195,-0.003556299121533711,0.013215593994118351
2023-03-01,4.442296654644434,-0.0031343759814426216,-0.0023591194197645554
2023-03-02,4.470175115430734,0.006275686419355408,0.06852090122938059
2023-03-03,4.5520530432497575,0.018316492241296625,0.06340807314748889
2023-03-06,4.535345825174218,-0.003670259972105293,0.0845093639773716
2023-03-07,4.457511415399321,-0.017161736453009443,0.05089518902905905
2023-03-08,4.4720343929202775,0.003258090931810917,0.16167905979769373
2023-03-09,4.354583273265932,-0.026263465200599294,0.0732331969932097
2023-03-10,4.275228010393959,-0.018223388529313295,-0.07849510661789182
2023-03-13,4.23742277036815,-0.008842859359523322,-0.09800909319063886
2023-03-14,4.311551554452742,0.017493837198158977,0.01384180047977763
2023-03-15,4.285460350929549,-0.006051465045395911,0.045894227361734756
2023-03-16,4.385857970167105,0.023427499268726074,0.06186052299652271
2023-03-17,4.341829780058406,-0.01003867211573691,-0.08193855859295095
2023-03-20,4.3686265791321865,0.006171775594901299,-0.12156957589811483
2023-03-21,4.473249899197093,0.023948789893067146,-0.08171019312126573
2023-03-22,4.388266414171484,-0.018998152783921633,-0.14040040785714814
2023-03-23,4.395882570547836,0.0017355729250521502,-0.18727768620421356
2023-03-24,4.398076739571829,0.0004991418648656325,-0.15082655067739378
2023-03-27,4.413023246641693,0.003398418889643742,-0.1887556061800115
2023-03-28,4.400659431152747,-0.0028016656151436275,-0.21108832647275286
2023-03-29,4.504088184449961,0.023503012426962833,-0.1436847342961419
2023-03-30,4.5295555906354785,0.0056542867596244524,-0.19241010294705513
2023-03-31,4.598244749142117,0.015164657355933022,-0.10907234022404592
2023-04-03,4.5986630872768535,9.097778773400995e-05,-0.04148057550240705
2023-04-04,4.564416007877676,-0.007447181658932331,-0.07700205149151186
2023-04-05,4.5281068073954955,-0.007954840316814841,-0.15235457632764768
2023-04-06,4.552232539055095,0.0053279952717096585,-0.07028915589004445
2023-04-10,4.591163140876202,0.008551980042124093,0.01472712504884151
2023-04-11,4.59855853772034,0.0016107893832599063,0.013721465496579542
2023-04-12,4.545797451958805,-0.011473396571720218,-0.026477390663994932
2023-04-13,4.59905514783943,0.011715809259754106,0.05346734417230257
2023-04-14,4.602468715587866,0.0007422324018096654,0.06521149938791725
2023-04-17,4.626475640309964,0.0052160973176831795,0.02821764829575139
2023-04-18,4.630312620473588,0.000829352721581979,0.0740870013782144
2023-04-19,4.604101616882571,-0.005660741668958055,0.05614218849877009
2023-04-20,4.525497869970855,-0.017072548230362056,-0.06403950395201535
2023-04-21,4.516678875195259,-0.0019487347091940973,-0.020347664333147622
2023-04-24,4.494700639519595,-0.004866016886071727,0.01563169938436294
2023-04-25,4.387701681185931,-0.02380558059704303,0.027096445263285314
2023-04-26,4.382366357988505,-0.0012159721843221785,0.011645558808729316
2023-04-27,4.483877590352018,0.023163565998646083,0.19952067948701968
2023-04-28,4.5446190176110655,0.013546629236655828,0.25299027737807844
2023-05-01,4.544947075186463,7.218593552642196e-05,0.1700335357016429
2023-05-02,4.472771449543347,-0.01588041058545324,0.2277646520242762
2023-05-03,4.452767693126169,-0.0044723403918214425,0.16420735530766534
2023-05-04,4.429230832808674,-0.005285894513165194,0.11570593549098293
2023-05-05,4.5531609455385516,0.027980052837140258,0.10892270880655687
2023-05-08,4.5901919208091755,0.008133025762444946,0.2716091184570236
2023-05-09,4.593951589922001,0.0008190657771370173,0.31122094498154446
2023-05-10,4.606910758262644,0.0028209196564180565,0.4811845427088776
2023-05-11,4.590334777995508,-0.0035980684534438205,0.4590050262184805
2023-05-12,4.560396619828214,-0.0065219988552484365,0.5147951199270049
2023-05-15,4.607399471559005,0.010306746462890204,0.5508422127010862
2023-05-16,4.561872942914791,-0.009881176773415242,0.3788609314972764
2023-05-17,4.663278567328273,0.02222894536573601,0.4785380630793092
2023-05-18,4.740574467622028,0.01657544132904757,0.44602407922700904
2023-05-19,4.715105820345561,-0.0053724812151813,0.5820493168745072
2023-05-22,4.755463009083806,0.00855912683106833,0.6346383745580827
2023-05-23,4.734462779981832,-0.004416021965024362,0.6354617702925716
2023-05-24,4.691318539807192,-0.009112805861958005,0.5388625736370982
2023-05-25,4.731174088330744,0.00849559632017441,0.6591660912414171
2023-05-26,4.834355500515698,0.021808838621991743,0.6729634558731916
2023-05-30,4.863600001995218,0.0060493071881868084,0.6067874349862565
2023-05-31,4.820587731223423,-0.008843710575324806,0.4758557743722833
2023-06-01,4.8779794126200136,0.01190553612889562,0.5306102952101758
2023-06-02,4.9406005989908195,0.012837525760932124,0.628181612934036
2023-06-05,4.938764772880098,-0.0003715795425959388,0.5362376423739758
2023-06-06,4.995018857542986,0.011390314633285084,0.6703164204917534
2023-06-07,5.007330781104087,0.0024648402563104137,0.6703424253746625
2023-06-08,5.058048476832487,0.01012868890543271,0.6669119291648573
2023-06-09,5.054626950453546,-0.0006764518755826188,0.704188696664767
2023-06-12,5.128523908256475,0.01461966600646915,0.8855176757068103
2023-06-13,5.169195179192583,0.007930404861841508,1.0513952863328342
2023-06-14,5.178447617692308,0.0017899185809367745,1.28925463548106
2023-06-15,5.24012345738511,0.011910102070374221,1.352182734700814
2023-06-16,5.205084473994694,-0.006686671349514364,1.2513677814175908
2023-06-20,5.154639209968575,-0.009691536089020306,1.3885468117127724
2023-06-21,5.110057901440606,-0.008648773796186008,1.3197146183394495
2023-06-22,5.116132059270397,0.0011886671241196293,1.2238940084921792
2023-06-23,5.064671236858553,-0.010058540674023054,1.211233115886286
2023-06-26,5.046629347852966,-0.0035623021044852068,1.1506365185124676
2023-06-27,5.132751710618635,0.017065323571327704,1.0883077556439253
2023-06-28,5.165677050695891,0.006414754099470506,1.1342481838958172
2023-06-29,5.172722948735516,0.0013639834566654533,1.2308467250997999
2023-06-30,5.230013307538958,0.01107547405326362,1.3339091736130144
2023-07-03,5.270892190564603,0.007816210135970201,1.4240596779577162
2023-07-05,5.270074715753331,-0.0001550923034880504,1.3776547605509148
2023-07-06,5.191914214134477,-0.014831004460945641,1.2691990474360066
2023-07-07,5.201447936716893,0.0018362635030567142,1.3029424117766082
2023-07-10,5.226422604272927,0.0048014837137439195,1.2249293704039166
2023-07-11,5.277599826210076,0.00979201756385105,1.2775631874551865
2023-07-12,5.313808931088809,0.006860903833387927,1.4141170601021493
2023-07-13,5.379473303167733,0.012357307711000017,1.45990174560854
2023-07-14,5.313949836225829,-0.01218027551197624,1.4272763108733113
2023-07-17,5.326346205630722,0.002332797596316348,1.473541551687502
2023-07-18,5.407143613020884,0.015169387094054805,1.4225846584376536
2023-07-19,5.466839862161674,0.01104025589352508,1.449320071173389
2023-07-20,5.413240577824218,-0.009804436509735566,1.282947845992769
2023-07-21,5.394956232310605,-0.003377707909106525,1.2013759651360463
2023-07-24,5.427843423644404,0.006095914390711143,1.211212849829989
2023-07-25,5.412727504738914,-0.002784884847570118,1.2857545697755408
2023-07-26,5.444333279752243,0.005839158720932758,1.2954430056308501
2023-07-27,5.424072572847868,-0.003721430313556672,1.3853708566206038
2023-07-28,5.49517299934154,0.01310831032195096,1.3015020478701345
2023-07-31,5.535660681905155,0.007367863135239758,1.3080402279793055
2023-08-01,5.495430725000112,-0.0072674174261700775,1.2309884702032772
2023-08-02,5.398447114445366,-0.01764804533219637,1.1399958227080598
2023-08-03,5.3868752602922285,-0.0021435523786411813,1.1216258607917864
2023-08-04,5.360249451567708,-0.004942718633339312,1.018063263132553
2023-08-07,5.41241355115449,0.009731655225770356,1.0685817579273948
2023-08-08,5.382711463303388,-0.005487771318724532,1.0405010350106123
2023-08-09,5.299328266412232,-0.015490928217055774,0.9817441611858626
2023-08-10,5.29571508767568,-0.0006818182522212118,1.0327863267301272
2023-08-11,5.270018010956067,-0.0048524281035089165,0.8896263630887861
2023-08-14,5.292897714237634,0.004341484836295017,0.8915441238320067
2023-08-15,5.208853915190795,-0.01587859875333803,0.7430406118915325
2023-08-16,5.1532876447436795,-0.010667657675149142,0.7012229631713072
2023-08-17,5.128593166469407,-0.004791985228975432,0.6665462265327831
2023-08-18,5.13418375448636,0.0010900821795544436,0.7461439940004693
2023-08-21,5.166886743462962,0.006369656899799575,0.7517839640228416
2023-08-22,5.138336127376967,-0.005525690324471645,0.8114735315182378
2023-08-23,5.206171378594405,0.013201793252880477,0.9842084965733953
2023-08-24,5.122416534708959,-0.016087607916598745,0.8966550286930846
2023-08-25,5.14333828082162,0.0040843508080411145,0.8805162624274607
2023-08-28,5.1810580914802955,0.007333721524661203,0.8290019147404197
2023-08-29,5.2695619748778695,0.01708220248352542,1.0645037825943529
2023-08-30,5.290229052992126,0.003921972682508636,1.1030934890026287
2023-08-31,5.299494391562898,0.001751405936862168,1.1657159534776598
2023-09-01,5.302630002424763,0.0005916811360076146,1.202110135670063
2023-09-05,5.2762560013556845,-0.0049737585041796945,1.19270399197955
2023-09-06,5.235830822126078,-0.007661716796762668,1.1973751833128183
2023-09-07,5.202510852011072,-0.006363836274884978,1.2169887258728669
2023-09-08,5.227808635474621,0.004862610417000896,1.1620751601015413
2023-09-11,5.265946658412705,0.0072952216879725385,1.1435137752048423
2023-09-12,5.272901022339402,0.001320629390650435,1.0549505513014423
2023-09-13,5.263714549832598,-0.0017422046171327683,0.9859985127237263
2023-09-14,5.323720438081907,0.011399913061626271,1.2630263292192694
2023-09-15,5.267806489927144,-0.010502795705573843,1.1790539135568587
2023-09-18,5.2481217311638355,-0.0037368036963676956,1.1842873116929895
2023-09-19,5.236416151047616,-0.0022304322795545215,1.231455786359286
2023-09-20,5.178772184016806,-0.011008286081173687,1.1473628862127059
2023-09-21,5.087230780405233,-0.017676275448859507,1.152303441966685
2023-09-22,5.069694461004077,-0.00344712480288925,1.2376307939510605
2023-09-25,5.086741296903949,0.0033624976871872254,1.3250216004324682
2023-09-26,5.0110162515885515,-0.014886749865083187,1.379323499321462
2023-09-27,5.023205629218854,0.0024325160842251004,1.4544225435691767
2023-09-28,5.07013884531228,0.009343279880964069,1.4840346181550887
2023-09-29,5.071333646860833,0.00023565460138391312,1.372581770626908
2023-10-02,5.044372477505245,-0.0053163864247578515,1.4716114798956734
2023-10-03,4.957719865751664,-0.01717807559612185,1.4822755682760969
2023-10-04,4.981675439134878,0.004831973978340361,1.3862906046019134
2023-10-05,4.971961656932592,-0.001949902662461126,1.2096940623931463
2023-10-06,5.02590149421855,0.010848803954621702,1.2706002604452649
2023-10-09,5.057972218629526,0.006381088934566006,1.334546707674128
2023-10-10,5.103653671518111,0.009031574495472787,1.5478545494907254
2023-10-11,5.113384339632874,0.0019066082342276377,1.644424209732188
2023-10-12,5.069031935253002,-0.0086737865636471,1.6649285157910125
2023-10-13,5.0283419819055855,-0.008027164529076012,1.5910980619355188
2023-10-16,5.099476674857019,0.014146749208270066,1.535574799676758
2023-10-17,5.123854088040807,0.00478037546558089,1.6820024475486675
2023-10-18,5.0340276801625405,-0.017531023783039404,1.466005486904643
2023-10-19,5.001267555419519,-0.00650773631462507,1.3752149789763557
2023-10-20,4.932128747568836,-0.013824256967768582,1.33605160891368
2023-10-23,4.918785054561929,-0.002705463237042274,1.3207239934199957
2023-10-24,4.977483863182594,0.011933599043167232,1.2473952763695715
2023-10-25,4.872875614046269,-0.021016290963812276,1.1011939511288635
2023-10-26,4.8257585580294124,-0.00966925071533525,0.9522123253432613
2023-10-27,4.785567412776562,-0.008328461685257338,0.9558313736209589
2023-10-30,4.8399786497979935,0.011369861152966707,1.052317881078317
2023-10-31,4.880467007935907,0.008365400153077913,1.0003100002884284
2023-11-01,4.9227901085684245,0.008671936633051191,1.0738828352686423
2023-11-02,5.073295291894175,0.030573146530010895,1.1886381416569858
2023-11-03,5.181764818569525,0.021380487520341485,1.425809306085901
2023-11-06,5.15291403927722,-0.005567751587049076,1.4158558029272272
2023-11-07,5.168802602744519,0.003083413258244082,1.365601068493917
2023-11-08,5.1376313901563035,-0.0060306448096245965,1.321141217712198
2023-11-09,5.0761810309241735,-0.01196083458806899,1.2326679554540063
2023-11-10,5.150661164127111,0.014672473804461334,1.4628200529317852
2023-11-13,5.139303531592906,-0.0022050824490860038,1.1816779330320362
2023-11-14,5.29291002072006,0.02988858085203336,1.1863992653537625
2023-11-15,5.341002856342781,0.00908627492899999,1.2914661363386783
2023-11-16,5.304531897010595,-0.006828485270116437,1.1799749157155834
2023-11-17,5.337544823540961,0.006223532475876117,1.3427949311196237
2023-11-20,5.372714474504725,0.006589106438722566,1.3990341037754608
2023-11-21,5.342384716458844,-0.0056451460783566495,1.368806544932692
2023-11-22,5.369380738049533,0.005053178126150236,1.4597437436109273
2023-11-24,5.373946824422631,0.0008503934803394893,1.3900073672104987
2023-11-27,5.365903359778637,-0.0014967518114317958,1.3317824477808868
2023-11-28,5.384130776269013,0.003396896154896054,1.3678511162995406
2023-11-29,5.402244553942916,0.003364290064004466,1.4665570266476353
2023-11-30,5.404497785776299,0.00041709178673488326,1.4440647123023156
2023-12-01,5.465128810104773,0.01121862321565638,1.3345120690805627
2023-12-04,5.446753487716677,-0.0033622853232884164,1.3078062697599222
2023-12-05,5.43620864030388,-0.0019359876367780855,1.3254162935158995
2023-12-06,5.428645948759123,-0.001391170215338537,1.4735371623763667
2023-12-07,5.499162789871013,0.012989766099594081,1.666236397357152
2023-12-08,5.5470211187774074,0.008702839092988043,1.766565777961435
2023-12-11,5.545611061051941,-0.00025420089364588776,1.7050570273113073
2023-12-12,5.53866721261122,-0.0012521340505627717,1.7210198802658707
2023-12-13,5.639118674605777,0.018136396020659102,1.7378428255690164
2023-12-14,5.749173719372372,0.019516355501117053,1.8058823182443804
2023-12-15,5.730193419610877,-0.0033013961115037358,1.8170238042398867
2023-12-18,5.756820362514834,0.004646779079538549,2.0317317276001696
2023-12-19,5.822623262143366,0.011430424346224693,2.166481672196519
2023-12-20,5.7191498969958054,-0.017770918791931378,2.150382047177136
2023-12-21,5.796162208576306,0.013465692098917426,2.220475863596715
2023-12-22,5.8031017999114045,0.0011972734863820904,2.149849477389275
2023-12-26,5.832850510531306,0.005126346503236606,2.299395144432877
2023-12-27,5.841993304416356,0.0015674658331363916,2.276698935015478
2023-12-28,5.840092213441045,-0.00032541820509677,2.3157867432716643
2023-12-29,5.7983101507410915,-0.007154349824098887,2.3581433872003412
2024-01-02,5.758890221161497,-0.006798520354168253,2.196989596982471
2024-01-03,5.7037230062585005,-0.009579487155403785,2.1383113420166167
2024-01-04,5.6975607363292635,-0.001080394318320789,2.123325222221436
2024-01-05,5.728030389717143,0.005347841786678259,2.044410878256004
2024-01-08,5.802494324718453,0.012999919681813646,2.161330452058787
2024-01-09,5.758097503870505,-0.007651333782235619,1.9897041522697576
2024-01-10,5.771448416642129,0.002318632632158411,1.9626361853766117
2024-01-11,5.73381639470051,-0.006520377420875273,1.8675736417355504
2024-01-12,5.709970707099814,-0.004158781160613256,1.7713116411287873
2024-01-16,5.677685063846591,-0.005654257247428136,1.6513647356603596
2024-01-17,5.6317624549903,-0.008088262793706108,1.5856603101955458
2024-01-18,5.656617675376622,0.004413399994223533,1.5961363897889589
2024-01-19,5.7661389585390985,0.01936162022037029,1.825440482669505
2024-01-22,5.786360083291305,0.0035068743395890874,1.917579190844983
2024-01-23,5.81627053077081,0.005169129996917225,1.8075610665287836
2024-01-24,5.817384495883607,0.00019152567042805423,1.6843797985904503
2024-01-25,5.858621282973922,0.007088544193613854,1.7499334903525754
2024-01-26,5.858829017253061,3.545787807508012e-05,1.713102213705132
2024-01-29,5.9192407736804595,0.010311233908601596,1.719797999867303
2024-01-30,5.913050437966353,-0.0010457989378692125,1.6660516434791635
2024-01-31,5.825083232146708,-0.014876789356442313,1.6731016649939372
2024-02-01,5.874300741489018,0.008449237097711173,1.6189802401070847
2024-02-02,5.917324066999025,0.007323990957109518,1.5360793281834817
2024-02-05,5.85939067519096,-0.009790471360383872,1.311292290260728
2024-02-06,5.918207277660275,0.01003800663409395,1.4676546161528872
2024-02-07,5.939739536332745,0.003638307626322675,1.54156428351735
2024-02-08,5.958919013918982,0.0032290098696952383,1.493359246758768
2024-02-09,5.986275104665477,0.0045907807578180575,1.6082759529500832
2024-02-12,6.0293388897910996,0.007193753105676683,1.7421559364775794
2024-02-13,5.927451655744299,-0.01689857477066277,1.6645619462594157
2024-02-14,6.02436142745831,0.01634931456928802,1.684975491245116
2024-02-15,6.080677294078535,0.009348022574400027,1.6863906430314002
2024-02-16,6.028684539268567,-0.008550487436753103,1.557551342920395
2024-02-20,6.009130956101952,-0.003243424504840152,1.6488058888678456
2024-02-21,6.012092003307717,0.0004927579757197933,1.6970484331959195
2024-02-22,6.116407446356572,0.017350939239030652,1.9716971726217851
2024-02-23,6.122567145257681,0.00100707792198785,1.9995865644591728
2024-02-26,6.113917805595982,-0.001412698212448104,1.9710672836282797
2024-02-27,6.174944835190855,0.009981656858228658,2.0952616511737734
2024-02-28,6.154988774387831,-0.003231779608668837,2.0514006497316295
2024-02-29,6.215753075475493,0.009872365866939533,2.132225766669083
2024-03-01,6.25980105274312,0.007086506933716529,2.194689776784769
2024-03-04,6.285244075933046,0.004064509874283723,2.181760389071741
2024-03-05,6.232373915607522,-0.008411791123270704,2.0245088898059955
2024-03-06,6.278667681309151,0.007427950621784354,2.092634850924806
2024-03-07,6.320462886222589,0.006656699643119763,2.2535377953847235
2024-03-08,6.318494286752224,-0.0003114644458486771,2.2313507023321475
2024-03-11,6.3383305051640395,0.0031393901001708483,2.4508500574850105
2024-03-12,6.3556318641282346,0.002729639760832786,2.603507698004458
2024-03-13,6.365083363315471,0.001487106142912659,2.675204560202462
2024-03-14,6.309104974696588,-0.008794604158919403,2.514916094751223
2024-03-15,6.288973427209003,-0.003190872170985497,2.5350501619905166
2024-03-18,6.333678231357607,0.007108442206988853,2.453214746861774
2024-03-19,6.317958948280616,-0.0024818569088599866,2.508201292909081
2024-03-20,6.435289897304202,0.01857102111363293,2.5740744567856417
2024-03-21,6.48154113011096,0.007187124985019484,2.4905090086870314
2024-03-22,6.450517596785928,-0.004786443949403937,2.6040721126909783
2024-03-25,6.48652909112417,0.005582729416347372,2.628397062086296
2024-03-26,6.478939023448095,-0.0011701277477443872,2.6170937535658183
2024-03-27,6.556966825984132,0.012043299412703951,2.6676989317871596
2024-03-28,6.563656653735954,0.001020262558796458,2.693800444536223
2024-04-01,6.560274609966594,-0.0005152682335136001,2.562907133315618
2024-04-02,6.519130346774,-0.006271728797768066,2.4817221613029434
2024-04-03,6.544003054377909,0.0038153413539609425,2.4163886020368843
2024-04-04,6.454706656846399,-0.013645531151115628,2.313894847043948
2024-04-05,6.496827929144373,0.0065256679408189945,2.4088336430329607
2024-04-08,6.5075000041389055,0.0016426593271245246,2.4770219202270343
2024-04-09,6.526272521795363,0.002884751078681161,2.4615450869935858
2024-04-10,6.452351589279715,-0.011326669591068908,2.3242488676642585
2024-04-11,6.494541220547823,0.006538644195738414,2.355438897020533
2024-04-12,6.37864630859261,-0.017844972881000027,2.3031461092232175
2024-04-15,6.3119778058859355,-0.01045182621536269,2.1560236315935586
2024-04-16,6.278971910034422,-0.005229089338802065,2.114893711773084
2024-04-17,6.265321481549445,-0.002173991010082814,2.066584481546687
2024-04-18,6.280251348034605,0.0023829370175380755,2.0767275385523747
2024-04-19,6.246186341073989,-0.0054241470719602536,2.078423541933125
2024-04-22,6.295121460705867,0.007834399577561095,2.256208189674579
2024-04-23,6.36614592171152,0.011282460783161618,2.3391426247826788
2024-04-24,6.371410711519993,0.0008269979785600853,2.378684772797938
2024-04-25,6.384520291901217,0.002057563226542614,2.585475006689666
2024-04-26,6.446977643084501,0.009782622394122656,2.6554877220654536
2024-04-29,6.4776158739951715,0.004752340182773072,2.558731650623409
2024-04-30,6.3421456379193195,-0.020913595173141765,2.3076582245432053
2024-05-01,6.327134920116576,-0.0023668201046969537,2.2906974485811338
2024-05-02,6.415414344513276,0.013952511762634321,2.4983754146943715
2024-05-03,6.482445318566889,0.010448424755439287,2.595991790625776
2024-05-06,6.561768521533284,0.012236617367091258,2.7094834887766344
2024-05-07,6.5241802274036536,-0.005728378562315921,2.5204953063893747
2024-05-08,6.526592519294825,0.0003697463600161701,2.47019678677861
2024-05-09,6.570069390244448,0.006661496151489467,2.5084030317897925
2024-05-10,6.5692338528716805,-0.00012717329500464816,2.488315519129138
2024-05-13,6.5968191163148,0.004199159911328319,2.542413504694807
2024-05-14,6.634303225969652,0.005682149077295321,2.628310052583731
2024-05-15,6.702783914357886,0.010322212605563352,2.62839883083662
2024-05-16,6.693647008722369,-0.0013631508567574539,2.694060379706983
2024-05-17,6.716874429089824,0.003470069505784803,2.5917374112235354
2024-05-20,6.728881780597686,0.0017876397176429934,2.503354165546319
2024-05-21,6.7317836321898366,0.0004312531690654786,2.5463997854606317
2024-05-22,6.696627061368288,-0.005222474865864316,2.4510842855473225
2024-05-23,6.584435720771665,-0.01675341027184205,2.348731423312443
2024-05-24,6.649229935360419,0.009840511372045313,2.481742868155357
2024-05-28,6.639306105802824,-0.0014924780243831314,2.415202872962069
2024-05-29,6.5829350190680005,-0.00849050877252887,2.223049349307031
2024-05-30,6.609134208806504,0.0039798645532144825,2.2094699243184275
2024-05-31,6.675519811214263,0.01004452327799649,2.3425510676248575
2024-06-03,6.677486546031499,0.00029461897692706286,2.2677476294960615
2024-06-04,6.679214812134157,0.00025881985545663086,2.1869388362970104
2024-06-05,6.762976260687522,0.01254061306745139,2.270548301702836
2024-06-06,6.762859876342496,-1.7209042371238805e-05,2.1962135639923845
2024-06-07,6.740463541697344,-0.0033116662262214665,2.1547157952886917
2024-06-10,6.775706299189309,0.005228536179143976,2.123693863707092
2024-06-11,6.765208341594433,-0.0015493525149004649,2.1173589163192044
2024-06-12,6.808990491655705,0.00647166322906669,2.067976139575964
2024-06-13,6.786134731227187,-0.0033567032376572185,1.9897652132121983
2024-06-14,6.755296006083225,-0.0045443726606331164,1.9436109851224757
2024-06-17,6.814566959909992,0.00877399802664343,1.9242995854479765
2024-06-18,6.8310716015070465,0.002421964842982868,1.991445683870343
2024-06-20,6.848444458426594,0.002543211070385298,2.0838496301463034
2024-06-21,6.851689522538464,0.00047383958964234275,2.1536591252609245
2024-06-24,6.864904736290434,0.0019287525665748096,2.158884693589921
2024-06-25,6.903596669314821,0.0056361937289306895,2.276522708286894
2024-06-26,6.896975504126849,-0.0009590892262581953,2.2961248131634857
2024-06-27,6.922603850117503,0.0037158818347722347,2.2147974962428716
2024-06-28,6.936345089688054,0.0019849813550022717,2.1845347324608833
2024-07-01,6.9272547587226,-0.0013105361466181945,2.1650047255300144
2024-07-02,6.965541900684433,0.005527029580314168,2.129547736635564
2024-07-03,6.998208230343127,0.00468970399208766,2.10881546255712
2024-07-05,7.020828978727031,0.003232362861942906,2.1330356747159205
2024-07-08,7.032954959093778,0.0017271436754104448,2.26720517956524
2024-07-09,7.055648789175185,0.003226784504294889,2.277056973549157
2024-07-10,7.121838685561071,0.009381121192913485,2.306976544135384
2024-07-11,7.103808475448712,-0.0025316790941802892,2.22132355349186
2024-07-12,7.131137231049267,0.0038470569265774083,2.200947404341541
2024-07-15,7.16495678023653,0.004742518351773086,2.1521271376729367
2024-07-16,7.248161804996907,0.011612774132830139,2.329390870132702
2024-07-17,7.182174910296203,-0.009103948901252773,2.2398684302657745
2024-07-18,7.125414205670646,-0.00790299670148463,2.078613064568732
2024-07-19,7.1078508610495374,-0.002464887529925177,1.9848200599282664
2024-07-22,7.131910637100874,0.0033849579178964083,2.0873937884775073
2024-07-23,7.09182216988216,-0.005620999653328459,2.0695765852394357
2024-07-24,6.976220827358576,-0.016300654437518852,1.8918119949562235
2024-07-25,6.90082959844136,-0.010806886820662892,1.8275405927417787
2024-07-26,6.98864621164554,0.0127255153820947,1.8718020693315012
2024-07-29,6.967148072758713,-0.0030761521238553704,1.876737032637229
2024-07-30,6.977372574318612,0.0014675303945206396,1.7995984945750754
2024-07-31,7.0382302560110075,0.00872214878081643,1.8085019283092825
2024-08-01,6.912054135766341,-0.01792725097859733,1.7183457410057423
2024-08-02,6.697610974303827,-0.031024519954622534,1.5946426784241161
2024-08-05,6.501193141840707,-0.02932655139522143,1.3721212117829495
2024-08-06,6.577038112115126,0.011666315493119611,1.4839023573461598
2024-08-07,6.519196323077005,-0.008794504160098226,1.3557277153123795
2024-08-08,6.677030921406594,0.024210744777063628,1.5420302502858225
2024-08-09,6.703920455075719,0.0040271692591564105,1.6852090383021148
2024-08-12,6.697962168545989,-0.0008887764360657677,1.6837617135371903
2024-08-13,6.832236497928308,0.020047042070927057,1.840326018098869
2024-08-14,6.85363351682977,0.0031317737475789467,1.8323711103493625
2024-08-15,7.0241250062688145,0.024876073256672734,2.096419014903523
2024-08-16,7.055771871040819,0.004505452955885772,2.205644387817364
2024-08-19,7.142324619398432,0.01226694257404406,2.3169359135744934
2024-08-20,7.113322348751723,-0.004060620623142684,2.280552175672271
2024-08-21,7.143219408902686,0.00420296714884713,2.2667861196229193
2024-08-22,7.077092113853508,-0.009257351799492886,2.2382081412943715
2024-08-23,7.205163966354814,0.018096677341616574,2.2640436237882664
2024-08-26,7.187199878639854,-0.00249322399862717,2.371218833237831
2024-08-27,7.197627334962273,0.0014508371129916542,2.3537603116354084
2024-08-28,7.119229765933477,-0.010892140615280432,2.2243747466847266
2024-08-29,7.141784107280991,0.003168087291611198,2.142374217223176
2024-08-30,7.218638643559728,0.010761251687849875,2.1846918953857735
2024-09-03,7.077894328245058,-0.019497348775068174,2.0205566163200137
2024-09-04,7.0420772889906385,-0.005060408872097415,1.9808370556447583
2024-09-05,7.029701655507744,-0.0017573839330394826,2.003758941246
2024-09-06,6.874095454003202,-0.022135534213265744,1.8867925762903321
2024-09-09,6.969575492189426,0.01388983304423282,2.016811621381279
2024-09-10,6.9493673973067605,-0.0028994728452704016,1.9651655820861642
2024-09-11,7.016547990722247,0.009667152357137195,1.979394966285246
2024-09-12,7.072855484444764,0.008024956687671827,2.021775429293443
2024-09-13,7.150242932017442,0.010941471622440978,2.1018529277089435
2024-09-16,7.205727289850051,0.007759786396090189,2.080545953227931
2024-09-17,7.238845885957298,0.004596148976370187,2.1866245998557092
2024-09-18,7.240016521002447,0.00016171570214241685,2.2136840993223315
2024-09-19,7.365703396725172,0.017360026093603678,2.3313350508481467
2024-09-20,7.374196106124757,0.001153007247530845,2.4198508385611497
2024-09-23,7.401344218129315,0.0036815012258773665,2.5820807315364083
2024-09-24,7.427900496708402,0.0035880345240581852,2.6303124027915
2024-09-25,7.392227099610321,-0.004802621832897382,2.573598724055845
2024-09-26,7.4661602985716495,0.010001478304856891,2.7521661719973975
2024-09-27,7.480899419318792,0.001974123265202735,2.7491231092557027
2024-09-30,7.486391455242319,0.0007341411260447731,2.6949411935298015
2024-10-01,7.440566693072335,-0.006121074812070519,2.6487958931410245
2024-10-02,7.435604858464816,-0.0006668624598364254,2.6825615288815614
2024-10-03,7.427134587108443,-0.0011391502799843333,2.8123023832291936
2024-10-04,7.539869066132408,0.015178731138067931,2.871019924906213
2024-10-07,7.510074298434694,-0.003951629323584201,2.8563171270523298
2024-10-08,7.5640699166386804,0.00718975819123934,2.835118088520164
2024-10-09,7.6381781893103335,0.009797407148318041,2.8553243690149768
2024-10-10,7.613362189278824,-0.003248942276083513,2.7744457296303686
2024-10-11,7.702839675381238,0.011752690057017918,2.834301698562145
2024-10-14,7.724973139779483,0.0028734162115545306,2.9190470808756954
2024-10-15,7.650883373511427,-0.00959094160295947,2.906320017361557
2024-10-16,7.697915067371445,0.006147223995447192,2.861194467551543
2024-10-17,7.665318940134322,-0.004234409830693762,2.7986283999719133
2024-10-18,7.693509182964885,0.0036776346882271783,2.9668346196726025
2024-10-21,7.65632343447259,-0.004833392358149335,2.979963076333566
2024-10-22,7.692269111847433,0.004694900585442609,3.123353594179393
2024-10-23,7.632042081031571,-0.007829553274871991,3.0829715570322915
2024-10-24,7.661256757475154,0.003827897715107068,3.034532534932646
2024-10-25,7.666608874528683,0.0006985951813073188,3.2231821028194694
2024-10-28,7.729576341467666,0.008213209773643778,3.354965891029249
2024-10-29,7.736555172923155,0.0009028737342367345,3.4279112290676936
2024-10-30,7.6842488177838995,-0.0067609360975438276,3.302491575447326
2024-10-31,7.599379147692393,-0.011044628057213504,3.157469514973042
2024-11-01,7.598001612125527,-0.00018126948795342367,3.0991104878450226
2024-11-04,7.582028322177954,-0.002102301468596914,2.930273593208401
2024-11-05,7.702892355449732,0.01594085752993602,2.9052365130961344
2024-11-06,8.025762766346084,0.04191547745931081,3.1222826269666557
2024-11-07,8.075727499270851,0.006225543213696874,3.142561125922204
2024-11-08,8.097316894177217,0.002673368425112752,3.2070232175499154
2024-11-11,8.152650824999444,0.006833613102386701,3.3496990885357216
2024-11-12,8.119819372164455,-0.004027089291536113,3.2303941268481746
2024-11-13,8.093152264426207,-0.0032841996251375704,3.2221460078976363
2024-11-14,8.045471993672036,-0.0058914337944377905,3.027847683516993
2024-11-15,7.977501727559796,-0.00844826334187746,2.900711424523815
2024-11-18,8.044492926447882,0.008397516061532318,3.0100199309163265
2024-11-19,8.089608858697465,0.005608300319496173,3.006069629545907
2024-11-20,8.097288658166049,0.0009493412602175908,2.9680313612656892
2024-11-21,8.13385855175198,0.004516313438949729,3.0432170902421105
2024-11-22,8.213898541060454,0.009840346841442681,3.0728369924527343
2024-11-25,8.255549052608893,0.005070736062812682,3.1018171530281706
2024-11-26,8.21464331598275,-0.0049549383530362945,3.0747980314441525
2024-11-27,8.227842521793988,0.001606789887706795,3.0623923045176884
2024-11-29,8.264380896136306,0.00444082081609288,3.0696228801529575
2024-12-02,8.265279068986963,0.000108679992118637,3.0673804872179105
2024-12-03,8.278742944543728,0.0016289680535149119,3.0065582693210486
2024-12-04,8.28906317131766,0.0012465934554390344,3.0410400915311513
2024-12-05,8.272468663830184,-0.0020019762359751924,3.040536851140258
2024-12-06,8.323280465735317,0.006142277954741627,3.0930206183072673
2024-12-09,8.244331558871021,-0.009485311373238926,2.9344090590363585
2024-12-10,8.201396284136758,-0.00520785395731258,2.836360508689943
2024-12-11,8.277420799455374,0.009269703924155307,2.899674829122623
2024-12-12,8.28084243054426,0.0004133692332172175,2.911924868143197
2024-12-13,8.291201337832666,0.0012509484844435699,2.8119418781430308
2024-12-16,8.292757464519937,0.00018768410316733692,2.696565488741122
2024-12-17,8.254704413775336,-0.0045887089918412,2.6863761624215696
2024-12-18,7.985631301823052,-0.03259633518836342,2.351444321306681
2024-12-19,7.946087318107739,-0.0049518919945985545,2.2408421490603314
2024-12-20,8.064718116577312,0.014929460717004175,2.4797321876031595
2024-12-23,8.102512108850975,0.004686337665785863,2.426297300365137
2024-12-24,8.194283920425642,0.01132634056472655,2.491402901918452
2024-12-26,8.189489337098447,-0.0005851131561652579,2.451971224489523
2024-12-27,8.11520606885079,-0.009070561690721356,2.3710550029603823
2024-12-30,8.026425712172953,-0.010940000281522054,2.288590625338058
2024-12-31,8.026697634762632,3.387841605102755e-05,2.342660403290079
2025-01-02,8.031170267153982,0.0005572194936035421,2.3978347744469484
2025-01-03,8.12066716506743,0.011143693252211788,2.54428693667772
2025-01-06,8.183912557993743,0.007788201589935352,2.6041791407430126
2025-01-07,8.14320827013354,-0.0049736953531407824,2.5304251399900917
2025-01-08,8.105636362604649,-0.004613894951783483,2.4132001617597085
2025-01-10,7.994793368630493,-0.013674804668703147,2.362661614078838
2025-01-13,8.013346652122408,0.0023206707961599925,2.3626756040794503
2025-01-14,8.028602085170306,0.0019037530397936768,2.4250947357797896
2025-01-15,8.19332144582667,0.020516568003864623,2.5766222317945573
2025-01-16,8.204629357325091,0.0013801376612875512,2.628597439406097
2025-01-17,8.303406951777491,0.012039251275161113,2.7671049537291608
2025-01-21,8.363426627381328,0.0072283191649409806,2.7850339625314393
2025-01-22,8.353402812706335,-0.0011985296364262976,2.662383503966239
2025-01-23,8.40285950088141,0.005920543912936668,2.678233724980315
2025-01-24,8.384995403097399,-0.0021259545970198903,2.6273142947181545
2025-01-27,8.275235271869157,-0.013090064567918171,2.521694440880258
2025-01-28,8.266888961143648,-0.001008588934490121,2.4670071813568395
2025-01-29,8.269865765708502,0.0003600876434707691,2.469310480073605
2025-01-30,8.315967419191995,0.005574655597755442,2.440043557925941
2025-01-31,8.268877731241243,-0.0056625628236680456,2.405358079637458
2025-02-03,8.201430070680754,-0.008156809515475167,2.4624339297696918
2025-02-04,8.30645194000137,0.012805311807273583,2.487985493519702
2025-02-05,8.302897023360316,-0.0004279705302254538,2.435835886311789
2025-02-06,8.320040157055029,0.002064717127826808,2.526218300237776
2025-02-07,8.268465235337871,-0.0061988789409177965,2.4136168429646316
2025-02-10,8.343999683492187,0.009135244087559948,2.448790809329493
2025-02-11,8.325564327390769,-0.0022094147651864574,2.410220977318876
2025-02-12,8.357603093670635,0.0038482395931360115,2.405280818673781
2025-02-13,8.487190038311194,0.01550527623628077,2.453460893365968
2025-02-14,8.527193275321522,0.004713366476979194,2.6246843317225776
2025-02-18,8.608579268432692,0.009544288546467895,2.5869026486152076
2025-02-19,8.609330833138184,8.730415113303026e-05,2.525482518134607
2025-02-20,8.541681848024636,-0.007857635677462978,2.531210094212726
2025-02-21,8.379329342711571,-0.019007088791373142,2.396543957897647
2025-02-24,8.310237721839236,-0.00824548338494796,2.330295860455667
2025-02-25,8.212188351863789,-0.011798623969296866,2.1316088075406885
2025-02-26,8.24826980456105,0.004393646510685675,2.154744082442121
2025-02-27,8.1220918695282,-0.015297503357986322,2.0445579724703693
2025-02-28,8.269597829086525,0.01816107991978359,2.0907413662418395
2025-03-03,8.13240549269802,-0.016589964738788238,1.984522683462364
2025-03-04,7.989236578246335,-0.01760474371085334,1.7846890453940023
2025-03-05,8.08893982204695,0.012479696004007895,1.8174689726079236
2025-03-06,7.940750889730189,-0.018319944959024417,1.6514090889323718
2025-03-07,8.0084740456094,0.008528558170336003,1.7669234031739183
2025-03-10,7.748121440820991,-0.03250963957748561,1.4619753329549987
2025-03-11,7.714992366172873,-0.004275755730102183,1.3901720727420783
2025-03-12,7.773523056787732,0.007586616789342747,1.4408369600296278
2025-03-13,7.690243919670817,-0.010713178118664823,1.3459165267335693
2025-03-14,7.887003875239133,0.025585658611559113,1.4767363738786232
2025-03-17,7.988816650554894,0.012908929287507764,1.5461078212693835
2025-03-18,7.8990841244109316,-0.011232267564649874,1.528655265430542
2025-03-19,8.001712273451398,0.01299241119907942,1.6287872356088748
2025-03-20,8.00639324895385,0.0005849967285108107,1.5880250301716001
2025-03-21,8.010297290148356,0.00048761546842785434,1.607545297015324
2025-03-24,8.152483453287504,0.017750422735747617,1.6031962538995916
2025-03-25,8.143668250503124,-0.0010812904846590897,1.551001619415663
2025-03-26,8.050556920214078,-0.011433585876155245,1.5043557533261631
2025-03-27,7.986972973763646,-0.007898080478231125,1.415975663008053
2025-03-28,7.819574274178302,-0.020958966574099066,1.2764146296835988
2025-03-31,7.859134810803292,0.00505916757586497,1.2346697933950979
2025-04-01,7.870115217533192,0.0013971521031560321,1.237066134849581
2025-04-02,7.9343835802374585,0.008166127296470637,1.2910704711878225
2025-04-03,7.4112691825180415,-0.06593006153904162,0.8391013909494206
2025-04-04,6.9506829533679,-0.06214674137549728,0.42415375902376223
2025-04-07,6.959779939546842,0.001308790264204854,0.5080880879045946
2025-04-08,6.806565487412694,-0.022014266753400215,0.3478692778937608
2025-04-09,7.530780408200545,0.10639946418309407,0.7978693840764295
2025-04-10,7.1797832683096035,-0.04660833550646734,0.549413158097377
2025-04-11,7.301263553246832,0.016919770471822197,0.6793014185955778
2025-04-14,7.3791611204679715,0.010669052918449847,0.6979109939681554
2025-04-15,7.408460296059542,0.003970529320779021,0.801574592980005
2025-04-16,7.262635157054396,-0.019683595939997023,0.7563954120370077
2025-04-17,7.330124737931437,0.00929271255096545,0.8231954131289912
2025-04-21,7.193222600309252,-0.018676645011749,0.7440169583678378
2025-04-22,7.3787907894824425,0.025797643071022534,0.8462054843958577
2025-04-23,7.491396890844421,0.015260779790976814,0.9391272659294223
2025-04-24,7.679563252846927,0.02511766026339804,1.0123496572838362
2025-04-25,7.708322330928437,0.0037448845897386836,0.9791409372244195
2025-04-28,7.731290685325324,0.0029796826612620117,0.988878112029035
2025-04-29,7.764731256393716,0.004325354255773357,0.9990751158271619
2025-04-30,7.721414624786969,-0.005578638870608574,0.9296468252797333
2025-05-01,7.758206987768813,0.004764976985400291,0.9297033102571061
2025-05-02,7.918899754324133,0.020712616563164536,1.1198821671235668
2025-05-05,7.8661373172538855,-0.006662849474945808,1.0998008713090057
2025-05-06,7.820118889531056,-0.005850193794849055,1.011047473280588
2025-05-07,7.819152940099295,-0.0001235210673144117,0.9638203490212228
2025-05-08,7.89158599490095,0.009263542401145958,0.9508529813696344
2025-05-09,7.878587698024763,-0.0016471083106217603,0.9698372562463747
2025-05-12,8.117367308923248,0.03030741295909526,1.0965955022631035
2025-05-13,8.221859822768115,0.012872709816888664,1.1234263633708765
2025-05-14,8.236715133495903,0.0018068066165091538,1.1321680021770606
2025-05-15,8.271382356450477,0.004208865110994841,1.1322111169551883
2025-05-16,8.332225947250699,0.007355915635162493,1.1395559927254304
2025-05-19,8.315354018400258,-0.002024900543654453,1.0846665511380464
2025-05-20,8.278863247767298,-0.004388360441685794,1.0707418219000837
2025-05-21,8.106532320768151,-0.020815771663533756,0.9564870707261871
2025-05-22,8.09842678880643,-0.0009998765984013803,0.943928013836063
2025-05-23,8.047257861899858,-0.006318378648220502,0.9131069521118131
2025-05-27,8.209351316949121,0.020142694297979602,1.0236542519388683
2025-05-28,8.160087921572709,-0.006000887704087175,1.0746763316916037
2025-05-29,8.182256135513418,0.002716663613648426,1.0434820680772008
2025-05-30,8.185420603061672,0.00038674755420084104,1.0519878726090357
2025-06-02,8.220630551471675,0.0043015441866033,1.1103643274207702
2025-06-03,8.297516619199616,0.009352818770596332,1.1338355936881936
2025-06-04,8.276060232211364,-0.002585880568000632,1.077809226448392
2025-06-05,8.222006408845083,-0.0065313472654411975,1.046512937829112
2025-06-06,8.350775064574787,0.015661463799295814,1.1133442975387553
2025-06-09,8.377735680427184,0.0032285165920428725,1.0729560458846037
2025-06-10,8.480712134683777,0.012291680972601617,1.1268092745986653
2025-06-11,8.465844281774737,-0.0017531373159377643,1.1339277282629037
2025-06-12,8.431765707235012,-0.004025419486286614,1.0923246869776944
2025-06-13,8.327417910986814,-0.01237555689654193,1.041953716109913
2025-06-16,8.43846461886044,0.01333507085396984,1.0713745641953454
2025-06-17,8.342714299332446,-0.011346888782822799,1.034259025505837
2025-06-18,8.38740221308436,0.005356519730693839,1.07860781383621
2025-06-20,8.398746341338892,0.0013525198823583382,1.04608536721746
2025-06-23,8.410865596761449,0.0014429838609251828,1.0417288383720524
2025-06-24,8.560698302192682,0.017814183773062046,1.1068944506364242
2025-06-25,8.550133274572401,-0.0012341315214407873,1.099228523569297
2025-06-26,8.651129309813836,0.011812217657681505,1.1419758492465313
2025-06-27,8.677746636644267,0.0030767459226666146,1.1307699952867063
2025-06-30,8.763804621767335,0.009917088931781356,1.1783354831984572
2025-07-01,8.826335075759696,0.007135080788662068,1.193200251235866
2025-07-02,8.920150823534001,0.010629071632682298,1.2305609185445732
2025-07-03,8.97643865924619,0.006310188787804217,1.2641740434769644
2025-07-07,8.884426225895112,-0.010250438603097973,1.1927666923980882
2025-07-08,8.913124029442455,0.0032301245817878336,1.1863855182082803
2025-07-09,8.972621843905772,0.006675304221817125,1.2013554248739533
2025-07-10,9.015443712970708,0.004772503490049745,1.2147152275945012
2025-07-11,8.98056928936429,-0.00386829808013148,1.1829949532442934
2025-07-14,8.982879546805407,0.00025725066715462646,1.143285002680413
2025-07-15,8.915591737376593,-0.007490672570884395,1.1206051247800228
2025-07-16,8.936739413512566,0.0023719879463879336,1.1141273301114638
2025-07-17,9.015178841327959,0.008777186419555974,1.1315161516559857
2025-07-18,8.993704611168067,-0.0023820082261095956,1.070505300596097
2025-07-21,9.009373041954017,0.001742155370156983,1.1197839032451449
2025-07-22,9.03700167883265,0.0030666547771942537,1.1694155076018342
2025-07-23,9.129007707671647,0.010181034828675672,1.224813186176838
2025-07-24,9.115824398163246,-0.001444111992294782,1.2033341735785823
2025-07-25,9.155161172335982,0.004315218509547175,1.2479298437791144
2025-07-28,9.152910796141674,-0.0002458041045862058,1.323282424833646
2025-07-29,9.104200859971632,-0.005321797322724349,1.3491085297629515
2025-07-30,9.092565036608505,-0.0012780719079129087,1.288227394139252
2025-07-31,9.041786961996602,-0.005584570955221169,1.2766643719139616
2025-08-01,8.854210186748256,-0.020745542450485367,1.1718308746406267
2025-08-04,8.978212547640716,0.014004903687293032,1.1940421452242103
2025-08-05,8.978702112392387,5.4528086640211746e-05,1.2785001831615683
2025-08-06,8.966015566617926,-0.0014129598705531266,1.4252263166076597
2025-08-07,8.991411262594099,0.002832439425013474,1.5852617128203723
2025-08-08,8.969175997983855,-0.002472944898288215,1.5223886673147704
2025-08-11,8.941208284753237,-0.0031182031924565194,1.5495646656684994
2025-08-12,9.109193781911879,0.018787784805896334,1.5283256665658511
2025-08-13,9.232015521147693,0.013483272194702895,1.5692245115156203
2025-08-14,9.225454512657565,-0.0007106799674564574,1.5700493736111747
2025-08-15,9.19933272040844,-0.002831491089494276,1.4708131683298522
2025-08-18,9.234347320423577,0.003806210850212782,1.4738542585220171
2025-08-19,9.152219676633086,-0.008893713972491514,1.325675779804258
2025-08-20,9.101560263966688,-0.005535205060225894,1.2790564766622012
2025-08-21,9.085970977386772,-0.0017128147403070806,1.2163001786344965
2025-08-22,9.278753954009796,0.02121765269807965,1.3273457067707541
2025-08-25,9.23876623823776,-0.004309599755552864,1.2880465613174228
2025-08-26,9.275252851988531,0.003949295047617934,1.3500021974344776
2025-08-27,9.309542629068424,0.0036969102219720647,1.2877456536536356
2025-08-28,9.345090801673747,0.0038184660645224247,1.3168731665883655
2025-08-29,9.280342063173263,-0.0069286366365628425,1.2774339887463977
2025-09-02,9.225783655987543,-0.005878922006789215,1.301802282225331
2025-09-03,9.266275220708108,0.004388956670828162,1.3073331270362336
2025-09-04,9.33611199615094,0.007536661040108423,1.2931984910383285
2025-09-05,9.318382006831747,-0.0018990763314003587,1.380375353812571
2025-09-08,9.326633306416548,0.0008854862978092152,1.408472750250235
2025-09-09,9.419851210723442,0.009994807477073181,1.4618046926806385
2025-09-10,9.440568304580461,0.0021993016018591743,1.583674095878851
2025-09-11,9.57827724440314,0.01458693326289093,1.5866088549913961
2025-09-12,9.596307503417153,0.001882411476922815,1.6091636780628096
2025-09-15,9.616326476605273,0.0020861120989496694,1.5750616792453918
2025-09-16,9.589143249639722,-0.0028267787113596243,1.5249955928906322
2025-09-17,9.624653643832712,0.00370318737227363,1.4927002258569326
2025-09-18,9.70479474283953,0.00832664758364266,1.4952180589326012
2025-09-19,9.72000301846271,0.001567088848983764,1.4812755070911439
2025-09-22,9.737040578727102,0.0017528348738194812,1.4887089344825908
2025-09-23,9.727220405009598,-0.0010085378240035333,1.4069820291085204
2025-09-24,9.687272227600886,-0.004106844066999705,1.3819699734874313
2025-09-25,9.63415711645491,-0.0054829790985578344,1.3385890256475692
2025-09-26,9.689951588654294,0.005791318485359531,1.3486517562664861
2025-09-29,9.717586337506138,0.0028518975145553436,1.3848984806358822
2025-09-30,9.743654291261604,0.002682554376167916,1.3518206272281725
2025-10-01,9.794122716275659,0.005179619833117181,1.3665784250442703
2025-10-02,9.798664949201743,0.00046377128995280865,1.3653097824271485
2025-10-03,9.83674979747325,0.0038867384964121326,1.412811184958915
2025-10-06,9.880420653782233,0.004439561563332843,1.4365895287672517
2025-10-07,9.833809691106365,-0.004717507918858212,1.419391759389114
2025-10-08,9.898157382866419,0.006543516071726383,1.3815392348916475
2025-10-09,9.839965251353568,-0.005879087315138096,1.3721570130080245
2025-10-10,9.525986970097296,-0.031908474596806194,1.1755698064030717
2025-10-13,9.671501609545375,0.015275544665855515,1.1993137423062494
2025-10-14,9.72497655694837,0.0055291256272157075,1.2398819328450996
2025-10-15,9.784256821132892,0.006095671679760216,1.2148814214450685
2025-10-16,9.676353440116571,-0.011028265405223356,1.1487991416453778
2025-10-17,9.720552363466494,0.004567725189396303,1.2155279454700887
2025-10-20,9.838262634580396,0.012109422048514406,1.241831969083019
2025-10-21,9.902239769036134,0.006502889466567443,1.2914407916295891
2025-10-22,9.80354405812295,-0.009967008799544545,1.2268722730849384
2025-10-23,9.84704367368311,0.00443713164364456,1.2699819735469569
2025-10-24,9.939141671592495,0.009352857665851802,1.2907286580014259
2025-10-27,10.05645484448133,0.01180314928241072,1.3808350589067928
2025-10-28,10.052752440304623,-0.0003681619650227712,1.3615471193573856
2025-10-29,10.025843511175765,-0.0026767722858639133,1.3457689182654817
2025-10-30,9.910400187939688,-0.011514574619820575,1.253326013589193
2025-10-31,9.99314577635838,0.008349369031473574,1.2869123294895461
2025-11-03,10.002475495339878,0.000933611816568355,1.3232115172398988
2025-11-04,9.772771260224198,-0.022964738601229093,1.2625171754535371
2025-11-05,9.846816087139747,0.0075766458606184115,1.2975488074089314
2025-11-06,9.72008474223231,-0.012870286576485578,1.2457659992267776
2025-11-07,9.771091718677173,0.005247585571270381,1.199402365752034
2025-11-10,9.925729167399316,0.01582601547241211,1.0966799177106075
2025-11-11,9.915533586351202,-0.0010271871089935303,1.063184584367264
2025-11-12,9.939650078473939,0.0024321930749075754,1.0620702845689745
2025-11-13,9.749489458509455,-0.019131520572973754,0.9374257735282648
2025-11-14,9.743456928434785,-0.0006187534332275392,0.9534596665470237
2025-11-17,9.584884170762558,-0.016274794340133666,0.8905393244102098
2025-11-18,9.549171684635294,-0.0037259173393249514,0.9007930701740898
2025-11-19,9.545372555437659,-0.0003978490829467773,0.9388997175104801
2025-11-20,9.307650038482587,-0.02490447759628296,0.7796239600754181
2025-11-21,9.442597953359389,0.014498602151870727,0.8191050694818799
2025-11-24,9.606333240426759,0.01734006762504578,0.8918332748117369
2025-11-25,9.679181850770274,0.007583394050598145,0.9055789972932689
2025-11-26,9.810821171483958,0.013600252866744995,0.9220061918359597
2025-11-28,9.92782446455557,0.011925942897796632,0.9523281427798315
2025-12-01,9.902110600005987,-0.002590080499649048,0.9633579602236927
2025-12-02,9.925400227189181,0.002351986169815063,0.9667480958574123
2025-12-03,10.063537077329991,0.013917509317398071,1.0084173749857777
2025-12-04,10.086740234704836,0.002305666208267212,1.0184309624575711
2025-12-05,10.123999344942298,0.0036938703060150142,1.0277783248606664
2025-12-08,10.13251710500175,0.0008413434028625488,1.0259299193764928
2025-12-09,10.137786151402567,0.0005200135707855219,1.0375305485079915
2025-12-10,10.237891696951614,0.009874497652053834,1.0539855773141353
2025-12-11,10.222261590485516,-0.001526691913604736,1.0914596065649098
2025-12-12,10.110457773427186,-0.0109372878074646,1.0641473399842025
2025-12-15,10.063052925904154,-0.004688694477081299,1.0008710084378991
2025-12-16,10.056897250280262,-0.0006117105484008793,0.9961718937775925
2025-12-17,9.9344673211378,-0.012173727750778199,0.933259061323645
2025-12-18,9.998614482345367,0.006457030773162841,0.961509552255167
2025-12-19,10.138288781126565,0.013969365358352661,1.044498755267424
2025-12-22,10.22423846368922,0.008477730751037598,1.2451794807113616
2025-12-23,10.21343041818267,-0.001057100296020508,1.2635173970399194
2025-12-24,10.259141399027845,0.0044755756855010985,1.2177513816501717
2025-12-26,10.24581927712674,-0.0012985610961914061,1.1902638205649299
2025-12-29,10.202255105446895,-0.00425189733505249,1.1193937248851211
2025-12-30,10.194569087987885,-0.0007533645629882814,1.1186109233958457
2025-12-31,10.127734372973404,-0.00655591368675232,1.1307442919673698
2026-01-02,10.21189776225749,0.008310189247131347,1.2207652558473419
2026-01-05,10.33159849560642,0.011721693277359009,1.2732402568579413
2026-01-06,10.384743204256672,0.005143899917602539,1.2941858173312362
2026-01-07,10.330732514116608,-0.005200965404510498,1.2195749555990312
2026-01-08,10.34079964239112,0.0009744834899902343,1.1886940333997875
2026-01-09,10.423690750562761,0.008015928268432617,1.2485320957456554
2026-01-12,10.426798159583502,0.00029811024665832525,1.2716506623857338
2026-01-13,10.445413915524465,0.0017853760719299318,1.3462233949206994
2026-01-14,10.418042850527135,-0.0026203906536102304,1.3231599113886425
2026-01-15,10.383562571911009,-0.003309669494628906,1.2987546577966524
2026-01-16,10.350966415829758,-0.0031392073631286628,1.193864359224066
2026-01-20,10.159130785557235,-0.018533113002777102,1.0968200914826531
2026-01-21,10.318300934099652,0.015667693614959715,1.1124986507267784
2026-01-22,10.380655179250134,0.006043072938919068,1.1071777636658633
2026-01-23,10.335214964432692,-0.00437739372253418,1.0922001498766893
2026-01-26,10.340088056886199,0.000471503734588623,1.067289751985284
2026-01-27,10.379045089758707,0.003767572641372681,1.0945592180527388
2026-01-28,10.353540831071953,-0.0024572837352752684,1.1460097776003886
2026-01-29,10.38770633538903,0.003299885988235474,1.1659575789640315
2026-01-30,10.339328208147787,-0.0046572482585906985,1.1423226058108003
2026-02-02,10.405299766711012,0.0063806426525115974,1.1459570339550476
2026-02-03,10.345722815162185,-0.005725635290145873,1.1456545484815648
2026-02-04,10.302018634312184,-0.004224371910095214,1.164574119158241
2026-02-05,10.090756911863826,-0.02050682783126831,1.0067493628027087
2026-02-06,10.394496597080192,0.03010078310966492,1.137495090690387
2026-02-09,10.458795801777692,0.00618588924407959,1.1560471151665017
2026-02-10,10.422497072339675,-0.003470641374588013,1.1689224359802786
2026-02-11,10.36246269661389,-0.00576007604598999,1.1009771303402245
2026-02-12,10.137279787977729,-0.02173063635826111,1.0063011196550247
2026-02-13,10.185531337559057,0.004759812355041504,1.010387707571805
2026-02-17,10.17974548142092,-0.0005680465698242187,0.9392570192537213
2026-02-18,10.254369148154309,0.007330602407455444,0.9509340335666543
2026-02-19,10.22567063298148,-0.002798662185668945,0.8952009616705253
2026-02-20,10.288325668127676,0.006127229928970337,0.9225120384026522
2026-02-23,10.097449163525393,-0.01855272769927978,0.8709782777757835
2026-02-24,10.213207449680969,0.011464111804962158,1.012585734217783
2026-02-25,10.357502403620199,0.014128270149230958,1.1136550013213253
2026-02-26,10.366856212325306,0.0009030950069427495,1.173570479726865
2026-02-27,10.304414247252057,-0.00602323055267334,1.125547129111651
2026-03-02,10.290867098868784,-0.0013146936893463133,1.1926310475843713
2026-03-03,10.188934198316675,-0.00990518093109131,1.0661150863491289
2026-03-04,10.33846027856253,0.014675340652465821,1.211067998955754
2026-03-05,10.366004991087136,0.0026642954349517817,1.3089525084564875
2026-03-06,10.204313990948659,-0.015598198175430298,1.177681345045388
2026-03-09,10.259968431329677,0.005454010963439942,1.2919811109366373
2026-03-10,10.217313306994338,-0.004157432317733765,1.233742998624489
2026-03-11,10.216858883874114,-4.447579383850128e-05,1.4007699163056058
2026-03-12,10.022330884957595,-0.019039902687072757,1.3262244986996181
2026-03-13,9.984429112320345,-0.0037817323207855226,1.2735133794911755
2026-03-16,10.108507420135513,0.012427181005477909,1.3815269640579424
2026-03-17,10.156499708304123,0.0047477126121521,1.29265261266864
2026-03-18,9.955188186663147,-0.019820954799652096,1.1354867413235472
2026-03-19,9.976479411806059,0.0021387064456939698,1.1999392767762778
2026-03-20,9.770845987946151,-0.020611822605133057,1.0389471757592774
2026-03-23,9.924014504617285,0.01567607522010803,1.1067443764726292
2026-03-24,9.901864084197639,-0.002232002019882202,1.0939672503817404
2026-03-25,10.024320749970835,0.012367031574249268,1.070675947638665
2026-03-26,9.871134968541044,-0.015281412601470947,1.0016702319428665
2026-03-27,9.719726145683914,-0.015338542461395266,0.9823348699883315
2026-03-30,9.62292791101317,-0.009958946704864503,0.9723426711013693
2026-03-31,9.920237888576542,0.03089599967002869,1.2076136975689704
2026-04-01,9.98344238312552,0.006371268033981322,1.2135180179199563
2026-04-02,10.019184598504753,0.0035801494121551515,1.2235222170319036
2026-04-06,10.072228907944782,0.005294274091720581,1.2106758547702308
2026-04-07,10.039950966743488,-0.0032046473026275638,1.578024750169327
2026-04-08,10.247699455274121,0.02069218158721924,2.072646775418172
2026-04-09,10.291441304431375,0.004268455505371093,2.087513489744137
2026-04-10,10.295762206464204,0.00041985392570495625,2.217709413009714
2026-04-13,10.4213749267905,0.012200429439544677,2.052914704025187
2026-04-14,10.531527857757265,0.010569903850555422,2.504098674532135
2026-04-15,10.69835302066304,0.01584054708480835,2.498870928167801
2026-04-16,10.809620249670113,0.010400407314300534,2.4974116493702065
2026-04-17,10.89116488224036,0.00754370927810669,2.518521224862308
2026-04-20,10.904596682920834,0.0012332749366760253,2.675245005663092
2026-04-21,10.871134138839105,-0.003068664073944092,2.5982556162045136
2026-04-22,11.034896993040492,0.015064008235931396,2.827440254933632
2026-04-23,10.870907261869027,-0.014861011505126955,2.582918046881747
2026-04-24,10.981642494668755,0.010186383724212645,2.556174500520397
2026-04-27,10.94458112953314,-0.0033748471736907955,2.39862920672004
2026-04-28,10.867067420321973,-0.007082382440567017,2.3243617453429244
2026-04-29,10.86194825995232,-0.0004710710048675536,2.301740065139441
2026-04-30,11.006238874398232,0.013284045457839965,2.3536792881400648
2026-05-01,11.066181843864518,0.005446271896362305,2.4273182925554293
2026-05-04,11.019841120379395,-0.004187598228454591,2.367829405620698
2026-05-05,11.154342234551846,0.012205358743667601,2.3250204646407364
