date,equity,return,rolling_sharpe_252
2015-02-02,1.0144764399528503,0.014476439952850343,
2015-02-03,1.0335690362025887,0.01882014751434326,
2015-02-04,1.0294403774950813,-0.003994565010070801,
2015-02-05,1.0467483516523435,0.016812993288040163,
2015-02-06,1.0442920267060682,-0.0023466241359710693,
2015-02-09,1.0391277930637217,-0.004945200681686401,
2015-02-10,1.0549169287970657,0.015194604396820067,
2015-02-11,1.0549414600000138,2.3254156112670877e-05,
2015-02-12,1.0690939352742306,0.013415412902832031,
2015-02-13,1.0746442526148368,0.005191608667373658,
2015-02-17,1.0766342565133955,0.0018517792224884034,
2015-02-18,1.0734118252083233,-0.002993060350418091,
2015-02-19,1.0774589342863552,0.003770322799682617,
2015-02-20,1.0842892218384472,0.006339255571365357,
2015-02-23,1.078430969910957,-0.005402849912643433,
2015-02-24,1.0824536565501213,0.0037301290035247803,
2015-02-25,1.0824785532443635,2.3000240325927673e-05,
2015-02-26,1.0845939602217074,0.0019542253017425537,
2015-02-27,1.0809171687402501,-0.003390016555786133,
2015-03-02,1.0910974424770497,0.00941818118095398,
2015-03-03,1.0834026843030689,-0.0070523107051849365,
2015-03-04,1.0780882095539024,-0.0049053549766540526,
2015-03-05,1.0774701054654525,-0.0005733335018157957,
2015-03-06,1.0621430892077397,-0.014225003719329835,
2015-03-09,1.0642392313940534,0.0019735026359558095,
2015-03-10,1.045077014993456,-0.018005553483963013,
2015-03-11,1.0443531859197108,-0.0006926083564758298,
2015-03-12,1.0545047035306838,0.009720387458801268,
2015-03-13,1.0489453750197235,-0.00527198076248169,
2015-03-16,1.05986178161685,0.010407030582427979,
2015-03-17,1.059611462379428,-0.00023618102073669363,
2015-03-18,1.069880129255762,0.009690973758697511,
2015-03-19,1.0655610959348167,-0.004036931991577148,
2015-03-20,1.0735077840313683,0.007457749843597413,
2015-03-23,1.0721952804158281,-0.0012226307392120361,
2015-03-24,1.0671472184233453,-0.004708155393600463,
2015-03-25,1.0442779150724208,-0.021430317163467404,
2015-03-26,1.0404272276509063,-0.0036874163150787355,
2015-03-27,1.042180373019854,0.001685024499893188,
2015-03-30,1.0536495616838513,0.01100499391555786,
2015-03-31,1.0465735679185213,-0.006715699434280395,
2015-04-01,1.0415860943107815,-0.0047655260562896725,
2015-04-02,1.0417411934669376,0.00014890670776367183,
2015-04-06,1.050092261321189,0.008016451597213745,
2015-04-07,1.0474697984143222,-0.0024973642826080318,
2015-04-08,1.053473243355331,0.005731377601623535,
2015-04-09,1.0596952084316544,0.005906144380569458,
2015-04-10,1.064392042796131,0.004432250261306762,
2015-04-13,1.0622581434517482,-0.00200480580329895,
2015-04-14,1.0628288011619595,0.0005372118949890136,
2015-04-15,1.07319331818842,0.009751821756362916,
2015-04-16,1.075516542955371,0.002164777517318726,
2015-04-17,1.0627279344441685,-0.011890666484832764,
2015-04-20,1.0722240150551747,0.00893557071685791,
2015-04-21,1.0749245890017087,0.0025186657905578616,
2015-04-22,1.0816547540418118,0.006261057853698731,
2015-04-23,1.0830949848832963,0.0013315069675445556,
2015-04-24,1.0887307790335372,0.005203416347503663,
2015-04-27,1.0884190830001874,-0.0002862930297851568,
2015-04-28,1.0931266915080582,0.004325180053710937,
2015-04-29,1.0925221664146727,-0.0005530238151550293,
2015-04-30,1.0806733654789022,-0.010845364332199098,
2015-05-01,1.0935746499412602,0.01193819046020508,
2015-05-04,1.0954321698276193,0.0016985762119293216,
2015-05-05,1.0812036966114396,-0.01298891305923462,
2015-05-06,1.0748789664864655,-0.005849711894989014,
2015-05-07,1.0786547600369176,0.0035127615928649907,
2015-05-08,1.0900005138471758,0.010518429279327394,
2015-05-11,1.0870592993177588,-0.0026983606815338137,
2015-05-12,1.0827697188958862,-0.003946040868759156,
2015-05-13,1.0844070738399656,0.0015121912956237793,
2015-05-14,1.0937907500955122,0.008653278350830079,
2015-05-15,1.0940474619634155,0.000234699249267578,
2015-05-18,1.098736256736125,0.004285732507705689,
2015-05-19,1.0958834195686242,-0.0025964713096618655,
2015-05-20,1.093638036456351,-0.002048925161361694,
2015-05-21,1.0983651150284537,0.004322342872619628,
2015-05-22,1.096451323727866,-0.0017423999309539796,
2015-05-26,1.084444253398347,-0.010950846672058104,
2015-05-27,1.0990018778122925,0.013424041271209719,
2015-05-28,1.1000197682775097,0.0009261953830718996,
2015-05-29,1.0955893099829987,-0.004027616977691651,
2015-06-01,1.0977575419282117,0.001979055404663086,
2015-06-02,1.0981423809174875,0.0003505682945251464,
2015-06-03,1.099676143447966,0.0013966882228851317,
2015-06-04,1.0929250421119872,-0.006139172315597535,
2015-06-05,1.0936583249856793,0.0006709361076354982,
2015-06-08,1.0834993497159897,-0.009288984537124635,
2015-06-09,1.0842172219220583,0.0006625497341156006,
2015-06-10,1.0958739482914241,0.010751283168792727,
2015-06-11,1.0956657277368382,-0.00019000411033630378,
2015-06-12,1.0899013959511041,-0.005261031389236451,
2015-06-15,1.0845881167714384,-0.004875009059906006,
2015-06-16,1.0910306992815142,0.005940119028091431,
2015-06-17,1.0944960756346618,0.0031762409210205084,
2015-06-18,1.1032365668801491,0.007985858917236327,
2015-06-19,1.0983867784879626,-0.004395964145660401,
2015-06-22,1.1058345515456478,0.0067806470394134516,
2015-06-23,1.108451986111421,0.0023669314384460447,
2015-06-24,1.1021174664093205,-0.0057147443294525155,
2015-06-25,1.0964699599726448,-0.005124232769012451,
2015-06-26,1.0862268207293966,-0.009341924190521239,
2015-06-29,1.0610851002985373,-0.023145921230316162,
2015-06-30,1.064893345587585,0.003589010238647461,
2015-07-01,1.0689099634154295,0.0037718498706817627,
2015-07-02,1.0714627846976688,0.00238824725151062,
2015-07-06,1.0641604188485347,-0.00681532382965088,
2015-07-07,1.0606603066476572,-0.0032890832424163825,
2015-07-08,1.039017433991457,-0.020405093431472777,
2015-07-09,1.0419288475914348,0.002802083492279053,
2015-07-10,1.0566071885083324,0.014087661504745483,
2015-07-13,1.0696175933266518,0.012313379049301148,
2015-07-14,1.0795565188255465,0.009292036294937132,
2015-07-15,1.0744704581041615,-0.004711250066757202,
2015-07-16,1.0859687924665884,0.010701396465301515,
2015-07-17,1.0911280739950597,0.004750856161117554,
2015-07-20,1.0883824091497338,-0.0025163543224334724,
2015-07-21,1.0867597924493426,-0.001490851640701294,
2015-07-22,1.0827526743072227,-0.00368721604347229,
2015-07-23,1.0758124822992188,-0.006409766674041748,
2015-07-24,1.063812440710526,-0.011154398918151856,
2015-07-27,1.0533565399493678,-0.009828706979751587,
2015-07-28,1.07047533291204,0.01625166058540344,
2015-07-29,1.0817205286337077,0.010504862070083618,
2015-07-30,1.0850814401117523,0.0031070053577423092,
2015-07-31,1.0798871056510093,-0.00478704571723938,
2015-08-03,1.0800320675413564,0.00013423800468444848,
2015-08-04,1.0804679154145678,0.00040355086326599143,
2015-08-05,1.0882076343646927,0.007163302898406983,
2015-08-06,1.0793777989620517,-0.00811410903930664,
2015-08-07,1.075140803153581,-0.003925405740737915,
2015-08-10,1.089344174258541,0.013210707902908325,
2015-08-11,1.0739465662925103,-0.01413475036621094,
2015-08-12,1.0751388153485533,0.0011101567745208742,
2015-08-13,1.0703104205701062,-0.004490950107574463,
2015-08-14,1.07324367132048,0.00274056077003479,
2015-08-17,1.0808318023625845,0.00707027792930603,
2015-08-18,1.0721342430124403,-0.00804709792137146,
2015-08-19,1.0618478643882932,-0.009594300985336306,
2015-08-20,1.0338377492480961,-0.0263786518573761,
2015-08-21,1.0013742938655772,-0.03140091896057129,
2015-08-24,0.9611434329837529,-0.0401756477355957,
2015-08-25,0.9472243761880939,-0.014481768608093262,
2015-08-26,0.9852490413425024,0.04014325022697449,
2015-08-27,1.0238180679139315,0.039146474599838256,
2015-08-28,1.029319371828433,0.0053733217716217035,
2015-08-31,1.0260143500652619,-0.0032108807563781734,
2015-09-01,0.991394965397718,-0.03374161839485169,
2015-09-02,1.0099822217064096,0.01874858856201172,
2015-09-03,1.0116356346868633,0.0016370713710784914,
2015-09-04,0.9944908703141491,-0.016947568655014036,
2015-09-08,1.019757310240329,0.025406407117843626,
2015-09-09,1.008040590004591,-0.01148971438407898,
2015-09-10,1.0160506332458563,0.00794615149497986,
2015-09-11,1.0174304663833036,0.0013580358028411866,
2015-09-14,1.0136134696091512,-0.0037516045570373537,
2015-09-15,1.0271413891027792,0.01334623098373413,
2015-09-16,1.0399039901069058,0.01242535948753357,
2015-09-17,1.0357490888295997,-0.003995466232299806,
2015-09-18,1.0155423639541228,-0.01950928568840027,
2015-09-21,1.018026497380927,0.002446115016937256,
2015-09-22,1.0025643915607751,-0.015188313722610473,
2015-09-23,0.9968645090059877,-0.005685303211212158,
2015-09-24,0.9979249959079534,0.0010638225078582763,
2015-09-25,0.9970792551020404,-0.0008474993705749515,
2015-09-28,0.9692180802583598,-0.02794278860092163,
2015-09-29,0.9694178728337864,0.00020613789558410631,
2015-09-30,0.993978892407157,0.025335843563079833,
2015-10-01,0.9943011573422984,0.0003242170810699464,
2015-10-02,1.0137817073624833,0.01959220290184021,
2015-10-05,1.0348656070465094,0.020797277688980105,
2015-10-06,1.038400877596754,0.0034161639213562004,
2015-10-07,1.0493160874690162,0.01051155686378479,
2015-10-08,1.0568026265094799,0.007134684324264526,
2015-10-09,1.0534892449082578,-0.0031352889537811287,
2015-10-12,1.0523352567080613,-0.0010953962802886968,
2015-10-13,1.0441885279028493,-0.007741571664810181,
2015-10-14,1.0421329674581836,-0.0019685721397399904,
2015-10-15,1.0568307453053478,0.014103553295135497,
2015-10-16,1.057869697907175,0.0009830832481384278,
2015-10-19,1.0555743185714028,-0.002169812917709351,
2015-10-20,1.0522615868467997,-0.003138321638107301,
2015-10-21,1.044257171071412,-0.007606868743896485,
2015-10-22,1.0658450381748843,0.020672941207885744,
2015-10-23,1.0808323608259316,0.014061446189880372,
2015-10-26,1.0773311172120053,-0.003239395618438721,
2015-10-27,1.0712817853386503,-0.005615109205245971,
2015-10-28,1.08855183732295,0.016120923757553102,
2015-10-29,1.0835776210976351,-0.00456957221031189,
2015-10-30,1.0805845155885985,-0.0027622437477111818,
2015-11-02,1.0965482449216664,0.014773235321044924,
2015-11-03,1.1016724769375332,0.004673056602478028,
2015-11-04,1.1032197759397973,0.0014045000076293947,
2015-11-05,1.1008366835653853,-0.0021601247787475593,
2015-11-06,1.1093218473619433,0.007707922458648682,
2015-11-09,1.095768706136639,-0.012217501401901247,
2015-11-10,1.0935180077729798,-0.002053990364074707,
2015-11-11,1.0876831654465176,-0.00533584475517273,
2015-11-12,1.0706910502360594,-0.015622302293777467,
2015-11-13,1.0566338790795817,-0.013129063844680789,
2015-11-16,1.0725094913351394,0.015024704933166502,
2015-11-17,1.071896113557221,-0.0005719089508056641,
2015-11-18,1.0920527131927835,0.018804620504379272,
2015-11-19,1.093479230586447,0.001306271553039551,
2015-11-20,1.09428465236803,0.0007365679740905765,
2015-11-23,1.0896931147364757,-0.004195926189422608,
2015-11-24,1.09380233957829,0.0037709927558898927,
2015-11-25,1.0917880128126896,-0.0018415820598602299,
2015-11-27,1.0931931754172328,0.0012870287895202638,
2015-11-30,1.092524251716715,-0.0006118988990783692,
2015-12-01,1.1076881706723152,0.013879709243774413,
2015-12-02,1.092560454767069,-0.01365701675415039,
2015-12-03,1.0798340443704395,-0.011648243665695193,
2015-12-04,1.0966880408855582,0.015607950687408447,
2015-12-07,1.0855108359763306,-0.010191781520843504,
2015-12-08,1.0740610937692607,-0.010547791719436645,
2015-12-09,1.0692067330274388,-0.004519631862640381,
2015-12-10,1.073574123414368,0.004084701538085938,
2015-12-11,1.0507671810752466,-0.021243938207626344,
2015-12-14,1.0486847523042813,-0.001981817483901978,
2015-12-15,1.060725474719626,0.011481736898422242,
2015-12-16,1.0774385930978903,0.015756309032440186,
2015-12-17,1.0561881195990133,-0.019723141193389894,
2015-12-18,1.0375521294865633,-0.017644574642181395,
2015-12-21,1.046100099550371,0.008238593339920042,
2015-12-22,1.0536857060042069,0.007251319885253907,
2015-12-23,1.0731144392625793,0.01843883156776428,
2015-12-24,1.0710479187913968,-0.0019257223606109623,
2015-12-28,1.0651914528445288,-0.005467977523803711,
2015-12-29,1.0775008936460835,0.011556082963943483,
2015-12-30,1.0665860201250488,-0.010129804611206055,
2015-12-31,1.059701495307237,-0.006454730033874513,
2016-01-04,1.0423172886180518,-0.016404814720153812,
2016-01-05,1.0426769303587733,0.0003450405597686769,
2016-01-06,1.0172609493162348,-0.02437570095062256,
2016-01-07,0.9828544509636362,-0.033822686672210694,
2016-01-08,0.9694191037736455,-0.013669722080230713,
2016-01-11,0.9663928621011145,-0.0031217062473297124,
2016-01-12,0.9688937131592392,0.0025878202915191654,
2016-01-13,0.9359083410868302,-0.03404436588287354,
2016-01-14,0.9604990253540648,0.02627467155456543,
2016-01-15,0.9297754656387817,-0.03198708057403564,
2016-01-19,0.9248692371791005,-0.005276788473129273,
2016-01-20,0.9126266498231032,-0.013237100839614869,
2016-01-21,0.9257254843217814,0.014352895021438598,
2016-01-22,0.9464671172759935,0.022405813932418823,
2016-01-25,0.9271838401628055,-0.020373953580856325,
2016-01-26,0.9426952022795662,0.01672954320907593,
2016-01-27,0.9320099804779138,-0.011334757804870603,
2016-01-28,0.9416310894655765,0.010322967767715454,
2016-01-29,0.967994217032535,0.027997299432754516,
2016-02-01,0.970650808541504,0.0027444291114807136,-0.06489494017581353
2016-02-02,0.9434738614959223,-0.027998685836791996,-0.2890829234358495
2016-02-03,0.9483426536811841,0.005160495042800904,-0.3630469665577822
2016-02-04,0.9599135026617679,0.012201126813888552,-0.2764165755624064
2016-02-05,0.933527180216673,-0.027488229274749754,-0.5082307974110449
2016-02-08,0.9051881983292258,-0.030356889963150026,-0.6479115529231234
2016-02-09,0.903231171786344,-0.0021620106697082513,-0.6335648776300393
2016-02-10,0.9013356479149999,-0.002098603248596191,-0.7260494950421658
2016-02-11,0.8905334320969258,-0.011984676122665407,-0.7874081447248686
2016-02-12,0.9160445822469582,0.02864704370498657,-0.7016937456996217
2016-02-16,0.9416591314877416,0.02796212077140808,-0.5779797173515794
2016-02-17,0.9688246031402699,0.028848519325256346,-0.435001136208366
2016-02-18,0.9631339691933214,-0.005873750448226928,-0.44944679948155136
2016-02-19,0.9636403230245645,0.00052573561668396,-0.46596205003001284
2016-02-22,0.9865498556132001,0.02377394556999207,-0.3751517223003152
2016-02-23,0.9645133193487371,-0.02233697175979614,-0.4576324401419484
2016-02-24,0.9711877115795431,0.006919958591461182,-0.44149004944416315
2016-02-25,0.9827643631846398,0.011920096874237061,-0.3813435633117069
2016-02-26,0.9895768634140004,0.006931977272033691,-0.3563139013366931
2016-02-29,0.9832007013313333,-0.006443321704864501,-0.37139956543425556
2016-03-01,1.0111162116975922,0.028392484188079836,-0.2744103552946865
2016-03-02,1.0238404460798598,0.012584344148635865,-0.1772078117343217
2016-03-03,1.0315741554197635,0.007553627490997314,-0.11572975944089714
2016-03-04,1.0415458191280154,0.00966645359992981,-0.06519090011723509
2016-03-07,1.0418386029087296,0.00028110504150390624,0.0062317648326602896
2016-03-08,1.0176351550832006,-0.023231475353240966,-0.11738572652242853
2016-03-09,1.027491481876109,0.009685521125793456,0.018431364416150637
2016-03-10,1.0274868947555764,-4.464387893676655e-06,0.02181468642766624
2016-03-11,1.0510913950897323,0.022973042726516724,0.08651974855814445
2016-03-14,1.0493570558458376,-0.0016500365734100344,0.10426647403332356
2016-03-15,1.044332335853905,-0.004788379669189453,0.02995368552901896
2016-03-16,1.057285241477571,0.012403049468994141,0.09168501496076432
2016-03-17,1.064305228906629,0.006639634370803832,0.07681412635372989
2016-03-18,1.07084240219256,0.006142197847366334,0.1265735753135751
2016-03-21,1.0737231679671542,0.0026901865005493166,0.1033181058266312
2016-03-22,1.0727564826833944,-0.0009003114700317384,0.10489612251268689
2016-03-23,1.0541603308599798,-0.017334923744201657,0.04296983743324332
2016-03-24,1.0552624266250057,0.0010454726219177245,0.15342165039619848
2016-03-28,1.0528340384542636,-0.0023012173175811766,0.1602357885113618
2016-03-29,1.0616821144971758,0.008404055833816529,0.19303430962789858
2016-03-30,1.0673531287926723,0.005341536998748779,0.16546240428538142
2016-03-31,1.0663393415068638,-0.0009498143196105958,0.19385492464341628
2016-04-01,1.0696837484556372,0.0031363439559936525,0.23268396980742287
2016-04-04,1.0621877114056744,-0.0070077133178710945,0.19742734756659586
2016-04-05,1.0533587627920522,-0.008312041759490968,0.11730305068971933
2016-04-06,1.069605194519891,0.015423455238342284,0.20465931241280666
2016-04-07,1.0511415168090872,-0.01726214289665222,0.09186933289853026
2016-04-08,1.0577192899030257,0.006257742643356324,0.0935792378100173
2016-04-11,1.0581254925082733,0.0003840363025665284,0.0738553411110271
2016-04-12,1.0704350653554988,0.011633377075195314,0.140160170253638
2016-04-13,1.0921903669943702,0.02032379388809204,0.23538817108043233
2016-04-14,1.092653527346638,0.00042406558990478523,0.190384668572551
2016-04-15,1.0918675889240712,-0.000719293355941772,0.17639830358416045
2016-04-18,1.098011153346327,0.005626657009124756,0.2617515807767163
2016-04-19,1.1007876060522255,0.002528619766235352,0.2308151217315643
2016-04-20,1.1100079538684595,0.008376137018203734,0.25911056150297007
2016-04-21,1.102368102426278,-0.006882699728012085,0.1952114603946839
2016-04-22,1.1150794500311092,0.011530946493148805,0.24439805883109175
2016-04-25,1.1060621192718998,-0.008086715936660766,0.17983383797630054
2016-04-26,1.1123139433283578,0.005652326345443726,0.20855537637576976
2016-04-27,1.1217527056371783,0.008485699892044066,0.22858261333576754
2016-04-28,1.1077601758351905,-0.012473809719085691,0.17051872329772905
2016-04-29,1.0992968016114324,-0.007640078067779541,0.18614760247822926
2016-05-02,1.106136162541027,0.006221578121185303,0.15867769821650668
2016-05-03,1.086474628803925,-0.01777496695518494,0.06410429276036558
2016-05-04,1.074093430322283,-0.01139575481414795,0.07182617194927528
2016-05-05,1.0724714939386326,-0.001510051488876343,0.09281584837009195
2016-05-06,1.076832670575425,0.004066473245620728,0.09548593422458201
2016-05-09,1.070796967981137,-0.0056050515174865725,0.017622307809656464
2016-05-10,1.086552316115475,0.014713665246963503,0.10155622784679465
2016-05-11,1.0830651180812854,-0.003209415674209595,0.10511549624925583
2016-05-12,1.0762918049965624,-0.00625383734703064,0.06762851962828413
2016-05-13,1.0730219138780073,-0.003038108348846436,0.011271929121540654
2016-05-16,1.08661833035232,0.012671145200729369,0.07114219994218186
2016-05-17,1.0827831772689709,-0.0035294389724731447,0.03350810639402585
2016-05-18,1.0894542684611772,0.0061610591411590575,0.07565829258446197
2016-05-19,1.0869610977464932,-0.002288458347320556,0.07450416819129813
2016-05-20,1.1033899368409608,0.015114468336105346,0.12615712712913224
2016-05-23,1.1055804727509673,0.001985278129577637,0.14406011209858707
2016-05-24,1.1220786208637574,0.014922611713409422,0.2680335033738659
2016-05-25,1.1362896234929736,0.012664890289306641,0.2644507023584733
2016-05-26,1.1398879748371435,0.003166755437850953,0.2751764272947689
2016-05-27,1.1483957603118722,0.007463703155517577,0.33018560900836585
2016-05-31,1.151351873786129,0.002574124336242675,0.33303061777289256
2016-06-01,1.149915805050713,-0.0012472891807556153,0.3253583845140982
2016-06-02,1.152610450032184,0.0023433411121368407,0.32988709772699576
2016-06-03,1.1463082451990219,-0.005467766523361207,0.3331383530731228
2016-06-06,1.156181447212932,0.008613042831420899,0.37093664190052794
2016-06-07,1.1588996563398168,0.0023510229587554933,0.42715581515047873
2016-06-08,1.1603848081945225,0.0012815189361572268,0.4301214775044182
2016-06-09,1.1564064112465982,-0.0034285151958465573,0.36249042630006817
2016-06-10,1.1394239763286016,-0.014685524702072144,0.2921224741749953
2016-06-13,1.130635126986996,-0.007713414430618287,0.2802688851887989
2016-06-14,1.1244932108404382,-0.005432270765304566,0.27758136769589764
2016-06-15,1.1271692342979522,0.0023797595500946044,0.2606177049660048
2016-06-16,1.1303533775247139,0.002824902534484863,0.25894072716613126
2016-06-17,1.1322583646236717,0.0016853022575378416,0.22891590297336364
2016-06-20,1.1393252301066583,0.006241389513015747,0.279851809508801
2016-06-21,1.1450256089127107,0.005003293752670289,0.2713972238740628
2016-06-22,1.1357920056849025,-0.008064101934432983,0.22123686055071407
2016-06-23,1.1587166915445228,0.020183876752853394,0.34385760840656077
2016-06-24,1.1022615033759346,-0.04872216701507568,0.13238251003339307
2016-06-27,1.0706246994492206,-0.028701722621917728,0.042091100234771285
2016-06-28,1.0954279293083806,0.023167062997817994,0.2556200125886881
2016-06-29,1.1195493008685464,0.022020044326782225,0.338933395379112
2016-06-30,1.1347473996882818,0.013575193881988525,0.38325007284425733
2016-07-01,1.133498203424792,-0.0011008584499359133,0.36727831227455715
2016-07-05,1.1180643049473598,-0.013616164922714235,0.3356259314056223
2016-07-06,1.1261452580819251,0.007227628231048585,0.3835823261352598
2016-07-07,1.131783051133159,0.005006275177001953,0.5019132977592529
2016-07-08,1.1547047513426631,0.02025273323059082,0.5796825893696733
2016-07-11,1.1646076861923282,0.00857616186141968,0.5551734384173428
2016-07-12,1.1842240016473802,0.01684371113777161,0.5751467913545131
2016-07-13,1.1861978687805963,0.001666802167892456,0.5407116453344625
2016-07-14,1.1992156886217333,0.010974408388137817,0.6119618299496121
2016-07-15,1.1955766101415009,-0.0030345487594604496,0.5496850016999568
2016-07-18,1.2062395225523728,0.008918635845184326,0.5684439048658199
2016-07-19,1.2014848761696386,-0.003941709995269775,0.561862044289039
2016-07-20,1.2116388774828284,0.008451210260391235,0.6069566533413246
2016-07-21,1.2029064109017127,-0.007207152843475342,0.5906091689103623
2016-07-22,1.2135841890611216,0.008876649141311645,0.6603019578181999
2016-07-25,1.2179170563382624,0.003570306301116944,0.7285433655669599
2016-07-26,1.2239439077574494,0.0049484908580780035,0.7968959741361393
2016-07-27,1.2227448156389185,-0.0009796953201293944,0.7198240418546372
2016-07-28,1.2210321057848215,-0.0014007091522216795,0.6658404660018531
2016-07-29,1.224542257518407,0.0028747415542602537,0.664781239811011
2016-08-01,1.2205325124200366,-0.0032744848728179935,0.6718294042550282
2016-08-02,1.2055198298805516,-0.012300108671188355,0.613624019043107
2016-08-03,1.2149976675826786,0.00786203384399414,0.6474723730977514
2016-08-04,1.2185214065814984,0.0029002022743225097,0.6281803327146122
2016-08-05,1.2371661506414333,0.015301121473312378,0.7344851152600471
2016-08-08,1.2368634887010557,-0.00024464130401611326,0.7514998027999863
2016-08-09,1.2367859868609927,-6.265997886657727e-05,0.691847732131407
2016-08-10,1.2301934414258793,-0.005330384969711303,0.7336520383865752
2016-08-11,1.238428084733123,0.006693779230117798,0.7590281566500302
2016-08-12,1.2390803869747378,0.0005267179012298584,0.7823049068764449
2016-08-15,1.2483603880095722,0.007489426136016846,0.80377589957895
2016-08-16,1.2434705049410784,-0.003917044401168824,0.7534530634311968
2016-08-17,1.244234227769877,0.0006141865253448486,0.7938922673649343
2016-08-18,1.252755856552084,0.006848894357681275,0.8701493084447783
2016-08-19,1.2551213415777671,0.0018882250785827637,1.0081562410633012
2016-08-22,1.2534668949479453,-0.001318156719207764,1.160765247240932
2016-08-23,1.257504582818349,0.0032212162017822266,1.390577062543264
2016-08-24,1.2481272212164582,-0.00745711922645569,1.4269518960008274
2016-08-25,1.2503743465130992,0.0018003976345062254,1.2655723825026473
2016-08-26,1.2540922517738822,0.0029734337329864503,1.1084926062787168
2016-08-29,1.259677139966605,0.004453331232070923,1.1040268205241532
2016-08-30,1.2570741745948826,-0.0020663750171661375,1.1098186942895485
2016-08-31,1.2556870844940735,-0.0011034274101257321,1.2910856562441262
2016-09-01,1.2570219322107328,0.0010630416870117186,1.2068021591940925
2016-09-02,1.2617599290565122,0.003769223690032959,1.2174745756497427
2016-09-06,1.2683746396877076,0.005242447853088379,1.3349532238858586
2016-09-07,1.268923475875384,0.00043270826339721725,1.2174933472834584
2016-09-08,1.265550527531397,-0.0026581180095672607,1.2650560116050984
2016-09-09,1.2347236222432338,-0.024358494281768804,1.090961232790723
2016-09-12,1.2563773297727712,0.017537291049957278,1.1691116876134016
2016-09-13,1.2369599172907608,-0.015455080270767212,1.1062747017299712
2016-09-14,1.238580168674923,0.0013098657131195067,1.0475211976343157
2016-09-15,1.2532817554593119,0.011869709491729738,1.044875486469432
2016-09-16,1.2506094632761267,-0.002132235765457153,1.054510553901934
2016-09-19,1.2503015491064375,-0.00024621129035949695,1.15828487157765
2016-09-20,1.2495622583070913,-0.0005912899971008302,1.1428149513667294
2016-09-21,1.2618192657599359,0.009809041023254394,1.2731542759133025
2016-09-22,1.269752842660996,0.006287411451339722,1.3345849709963946
2016-09-23,1.2650710925373994,-0.0036871349811553955,1.3099409998094689
2016-09-26,1.251790597411035,-0.010497825145721437,1.2585581207089929
2016-09-27,1.2634315031850285,0.009299403429031372,1.4631532333045794
2016-09-28,1.2705727445068649,0.005652258396148681,1.4908107925421827
2016-09-29,1.2599742185840968,-0.00834153413772583,1.326250519370063
2016-09-30,1.2723771739106375,0.009843816757202148,1.3741615303560892
2016-10-03,1.272364407074146,-1.0033845901489117e-05,1.2785917912397955
2016-10-04,1.2691085551596817,-0.0025588989257812503,1.1631520729092932
2016-10-05,1.2795521969322825,0.008229116201400757,1.1875444686542884
2016-10-06,1.2789877475602076,-0.0004411303997039796,1.1317271308978878
2016-10-07,1.274350271031671,-0.0036258959770202634,1.0757273527726912
2016-10-10,1.2757531852360242,0.0011008858680725095,1.098128028382538
2016-10-11,1.2594272008724048,-0.012797133922576906,1.0343166579782306
2016-10-12,1.2594360918920873,7.059574127197352e-06,1.0758315333689494
2016-10-13,1.250188126017601,-0.007342941761016846,1.046906725193278
2016-10-14,1.2541630873703165,0.0031794905662536617,0.9921923540282062
2016-10-17,1.2463212863760527,-0.00625261664390564,0.9536834639503918
2016-10-18,1.2608740190821863,0.011676549911499023,1.024554530670216
2016-10-19,1.2689045400863705,0.006369011402130128,1.0739795204483138
2016-10-20,1.2682587768090792,-0.000508913993835449,1.1120937527731038
2016-10-21,1.266984902599115,-0.0010044276714324953,1.0041842467331843
2016-10-24,1.2782251516021912,0.008871651887893676,0.9784178802975027
2016-10-25,1.2796595201131922,0.0011221563816070559,1.0015897685071304
2016-10-26,1.2760785027021089,-0.0027984142303466796,1.0168106555594267
2016-10-27,1.274927439491924,-0.0009020316600799557,0.9301944031404688
2016-10-28,1.2714519592369873,-0.002726022005081177,0.9401444372143275
2016-10-31,1.2739655882316456,0.001976975202560425,0.9653291453968817
2016-11-01,1.2651176014665215,-0.006945232152938843,0.852219473625849
2016-11-02,1.2550560969649862,-0.00795301914215088,0.7847334313919907
2016-11-03,1.2484890864598348,-0.005232443809509276,0.7492696482935141
2016-11-04,1.2477404774247154,-0.0005996119976043703,0.7575871163548022
2016-11-07,1.2790276359971986,0.025075052976608277,0.8430030768241767
2016-11-08,1.2836452955259865,0.0036102890968322753,0.9280990346806977
2016-11-09,1.303573691462493,0.015524846315383912,1.0176063886492748
2016-11-10,1.3057922168064826,0.0017018795013427732,1.0550521379721944
2016-11-11,1.3224586166567327,0.012763439416885377,1.2061713527895113
2016-11-14,1.3231489284869487,0.0005219912528991698,1.281443994558279
2016-11-15,1.33731915134024,0.010709469318389894,1.2604973005122426
2016-11-16,1.3384831611986479,0.000870405435562133,1.26815242038518
2016-11-17,1.350824512741778,0.009220401048660279,1.2218297553700657
2016-11-18,1.3495520374575405,-0.0009419989585876466,1.2098629686198052
2016-11-21,1.3630759369123409,0.010021028518676759,1.2575903202498415
2016-11-22,1.370926792495642,0.0057596611976623545,1.3103368277626721
2016-11-23,1.3734429341475038,0.0018353581428527835,1.3002224071843593
2016-11-25,1.3784706381959078,0.0036606574058532714,1.3293577133237784
2016-11-28,1.3700883973808569,-0.0060808265209198,1.2894652541164469
2016-11-29,1.3701684571393564,5.8434009552001934e-05,1.2930406464195703
2016-11-30,1.3713207787217816,0.0008410072326660159,1.226955642806961
2016-12-01,1.3588778682690867,-0.009073668718338012,1.253239079080887
2016-12-02,1.3608198568794803,0.0014291119575500486,1.3256464969514052
2016-12-05,1.3756427116534966,0.01089259147644043,1.3026896655217493
2016-12-06,1.3827300936791322,0.005152051448822022,1.3866069406622283
2016-12-07,1.4088451582863109,0.018886595964431763,1.5397697080631265
2016-12-08,1.4135570829964204,0.0033445298671722404,1.5822624784925052
2016-12-09,1.4179871207677814,0.0031339645385742186,1.577301537955737
2016-12-12,1.41240150501097,-0.00393911600112915,1.6809194976667208
2016-12-13,1.420630977796477,0.005826581716537476,1.7225447341636198
2016-12-14,1.4133502619866254,-0.005124987363815308,1.6349976961221149
2016-12-15,1.4228752119778416,0.0067392706871032704,1.5907575076311555
2016-12-16,1.415326904002217,-0.005304968357086181,1.6779945678960184
2016-12-19,1.4207486017226816,0.003830703496932984,1.803548070774915
2016-12-20,1.4325645676750443,0.008316718339920044,1.8039441092932191
2016-12-21,1.4300370668711906,-0.0017643189430236817,1.7555672960786304
2016-12-22,1.428804241966425,-0.0008620929718017581,1.6576791414564263
2016-12-23,1.4332087245062093,0.0030826354026794434,1.6852188312350949
2016-12-27,1.4418335109955374,0.006017816066741943,1.7485980991406556
2016-12-28,1.4258586654479892,-0.011079535484313965,1.623718102171505
2016-12-29,1.4210008529297014,-0.003406938314437867,1.6631226492820181
2016-12-30,1.4119829827078538,-0.006346139907836915,1.6637582782974272
2017-01-03,1.426554270964934,0.010319733619689941,1.8163265825028811
2017-01-04,1.4425021584090787,0.011179306507110595,1.8731325887312726
2017-01-05,1.4396913333614654,-0.0019485759735107426,2.0160633097124903
2017-01-06,1.4452342976034844,0.003850106000900269,2.2684884738874884
2017-01-09,1.4420501644877886,-0.0022031950950622565,2.341461074266436
2017-01-10,1.4475025876446035,0.0037810218334198005,2.3812902817156956
2017-01-11,1.4534268822642438,0.004092769622802734,2.389630847861418
2017-01-12,1.445690885325096,-0.005322591066360474,2.604499640252315
2017-01-13,1.4525565869119423,0.004749079942703246,2.5049361605019818
2017-01-17,1.4339767944723196,-0.012791097164154054,2.6595180699228043
2017-01-18,1.4397673775403872,0.004038128852844239,2.7169910318203168
2017-01-19,1.4454420081023631,0.003941352367401124,2.8302643991950287
2017-01-20,1.4501415614364803,0.0032512915134429933,2.7716385751286063
2017-01-23,1.449219780452638,-0.0006356489658355715,2.6537549370070654
2017-01-24,1.468624758832409,0.013389948606491089,2.8760915715758784
2017-01-25,1.484253559529111,0.010641793012619017,2.846700636014551
2017-01-26,1.4803510429654048,-0.0026292788982391364,2.907979540830187
2017-01-27,1.484831314435936,0.0030264925956726076,2.8671973972876974
2017-01-30,1.474074893068722,-0.00724420428276062,2.6823437044310925
2017-01-31,1.4731538440305774,-0.0006248319149017335,2.6612971075011753
2017-02-01,1.4827174159882648,0.0064919030666351326,2.9230770608136583
2017-02-02,1.484532257475902,0.001223996877670288,2.8989502349661502
2017-02-03,1.4983726486239726,0.009323065280914306,2.88379256279073
2017-02-06,1.5024946305891502,0.002750972509384155,3.1278592224786674
2017-02-07,1.5017060267428168,-0.0005248630046844479,3.3919505066507236
2017-02-08,1.5043753878440753,0.0017775523662567141,3.4190286104344434
2017-02-09,1.5121807009878458,0.005188407897949218,3.46731231482554
2017-02-10,1.5153130857009578,0.0020714354515075683,3.574623019899311
2017-02-13,1.5234821013833897,0.00539097547531128,3.4741831932134897
2017-02-14,1.5319709484149229,0.005572003126144409,3.374742110897198
2017-02-15,1.5381842730283555,0.004055771827697754,3.2611210566666875
2017-02-16,1.5342552378566727,-0.002554333209991455,3.2871556869574783
2017-02-17,1.5383159349545825,0.0026466894149780274,3.3018877889818787
2017-02-21,1.550734518830459,0.008072843551635744,3.227655236248652
2017-02-22,1.5498675716953731,-0.0005590558052062988,3.428178629966323
2017-02-23,1.5452646378971566,-0.0029698884487152095,3.358358665871867
2017-02-24,1.5428865138820396,-0.0015389752388000487,3.2705223301478386
2017-02-27,1.5459841269882104,0.002007673978805542,3.2377417283567347
2017-02-28,1.538781988605484,-0.004658610820770264,3.252551401359178
2017-03-01,1.5603936296071539,0.014044641256332396,3.1959153354270415
2017-03-02,1.5479670610150964,-0.007963739633560181,3.0499048675338805
2017-03-03,1.5489697436080945,0.0006477415561676024,3.002778770441036
2017-03-06,1.5443173712755454,-0.0030035269260406494,2.9147033728246687
2017-03-07,1.539294754714376,-0.003252321481704712,2.8875621458831207
2017-03-08,1.541246818103843,0.0012681543827056884,3.1148191236215697
2017-03-09,1.5425738938093576,0.0008610403537750242,3.0553423244264035
2017-03-10,1.5507109900030054,0.005275012254714966,3.0932635668001196
2017-03-13,1.5563095715318471,0.0036103320121765137,2.987670049304593
2017-03-14,1.5539402656579455,-0.001522387266159058,2.988686116107493
2017-03-15,1.5642589926975272,0.0066403627395629885,3.074997543738773
2017-03-16,1.5668535723838488,0.0016586637496948243,3.00476392344459
2017-03-17,1.563687005538417,-0.002020971775054932,2.9411736597669735
2017-03-20,1.562838895442225,-0.0005423784255981442,2.892623697568095
2017-03-21,1.5294823698585942,-0.021343547105789184,2.6746440707977888
2017-03-22,1.5369683352850674,0.004894443750381469,2.7168406560413514
2017-03-23,1.536375049510264,-0.00038601040840148917,2.8690182164507276
2017-03-24,1.5411671263021374,0.003119080066680908,2.8842482458256575
2017-03-27,1.5420489359263068,0.0005721700191497802,2.906713059841823
2017-03-28,1.5584169629558495,0.010614466667175294,2.9203095327437896
2017-03-29,1.5635313323222204,0.0032817721366882324,2.9059217526328602
2017-03-30,1.5726920448271777,0.005858988761901856,2.955518614909522
2017-03-31,1.5687517544010783,-0.0025054430961608883,2.912483653467401
2017-04-03,1.5671972935602074,-0.0009908902645111087,2.962626782207043
2017-04-04,1.5662036862673083,-0.0006340026855468751,3.0275468513427892
2017-04-05,1.5560791093660415,-0.006464406251907349,2.874537958105647
2017-04-06,1.5602595779628312,0.0026865398883819578,3.0541741331861525
2017-04-07,1.5577026805127088,-0.001638764142990112,2.995463783454266
2017-04-10,1.555943257700051,-0.001129498481750488,2.983518746291462
2017-04-11,1.552012916060157,-0.0025260186195373534,2.883523150383294
2017-04-12,1.5403751355694566,-0.007498507499694825,2.6941073392166635
2017-04-13,1.5300440440692564,-0.006706867218017579,2.6346761756372405
2017-04-17,1.5470308691903267,0.011102180480957033,2.7177283172023485
2017-04-18,1.5420133917781353,-0.0032432949542999267,2.649990186284356
2017-04-19,1.5452815375718292,0.002119401693344116,2.646937487853702
2017-04-20,1.5633112049942701,0.011667561531066895,2.667586135025491
2017-04-21,1.5580189563950764,-0.0033852815628051757,2.6976935225738368
2017-04-24,1.5743064795015347,0.0104539954662323,2.691112806861438
2017-04-25,1.590160372094011,0.010070397853851318,2.8305532991093
2017-04-26,1.5915296742892528,0.0008611094951629638,2.7954817935624683
2017-04-27,1.5888276717142804,-0.001697739362716675,2.721094543165202
2017-04-28,1.5856196296870677,-0.00201912522315979,2.815676238397419
2017-05-01,1.5956246577204205,0.006309853792190552,2.927736921425033
2017-05-02,1.5905572256238019,-0.0031758296489715573,2.8556421546019255
2017-05-03,1.592186091870777,0.0010240852832794191,3.033370701189302
2017-05-04,1.5882232252098303,-0.002488946914672852,3.116774093584788
2017-05-05,1.598546912458735,0.00650014877319336,3.177854182622271
2017-05-08,1.5987135319358134,0.00010423183441162127,3.1473309128725635
2017-05-09,1.6019784218029163,0.002042198181152344,3.212020777858789
2017-05-10,1.6123672112144636,0.00648497462272644,3.162054720984063
2017-05-11,1.6082025963460487,-0.0025829195976257322,3.167517413629313
2017-05-12,1.6089206332170414,0.00044648408889770504,3.2260946297739643
2017-05-15,1.6177494727213053,0.005487430095672607,3.2938283173390785
2017-05-16,1.6227399394731101,0.0030848205089569094,3.230423626740897
2017-05-17,1.5710960086871897,-0.03182514309883118,2.9101302791664776
2017-05-18,1.5849751882448002,0.00883407473564148,2.927812822119212
2017-05-19,1.5939982374753068,0.005692864656448364,2.988470268787472
2017-05-22,1.6032392133064983,0.005797356367111206,2.9316113489290236
2017-05-23,1.6050757906290134,0.001145541667938232,2.9251819734910067
2017-05-24,1.6071307318864485,0.0012802767753601072,2.835687215875993
2017-05-25,1.6151978322934617,0.005019567012786864,2.7861454127972825
2017-05-26,1.6203148675698704,0.003168054819107056,2.7861550834283935
2017-05-30,1.6231730441777659,0.0017639636993408204,2.74507565797945
2017-05-31,1.6218149310954424,-0.0008367025852203367,2.7183793541983823
2017-06-01,1.6286832351842844,0.004234949350357056,2.760728168192877
2017-06-02,1.637482723545306,0.005402823686599731,2.783156257877937
2017-06-05,1.639512906600546,0.0012398195266723631,2.839098777417773
2017-06-06,1.6369909642292548,-0.0015382266044616701,2.7640024157280862
2017-06-07,1.641909137174516,0.0030043983459472653,2.7689330943386916
2017-06-08,1.6504391490202228,0.005195178985595704,2.7980941712908143
2017-06-09,1.6287295301210662,-0.013153843879699707,2.707377493724598
2017-06-12,1.6252725381954027,-0.00212250828742981,2.825028199348876
2017-06-13,1.6326483828053724,0.004538220167160034,2.92679840973686
2017-06-14,1.6238440711752233,-0.005392656326293945,2.9271552927672153
2017-06-15,1.6119368431410066,-0.007332741022109985,2.8449444624254827
2017-06-16,1.6086840604597603,-0.0020179343223571777,2.8064804501009104
2017-06-19,1.6312590813273553,0.014033222198486328,2.888620901561082
2017-06-20,1.614460940253518,-0.010297653675079347,2.7513834097591254
2017-06-21,1.6204953666995356,0.003737734556198119,2.742245815309075
2017-06-22,1.624039217037655,0.0021868932247161867,2.828735772110842
2017-06-23,1.629669634400748,0.0034669220447540285,2.7280810759396537
2017-06-26,1.6286090660122714,-0.0006507873535156251,3.3724019354702985
2017-06-27,1.6077722204723424,-0.01279425859451294,3.6006457839161627
2017-06-28,1.6288245330691287,0.013094089031219483,3.5580855538131395
2017-06-29,1.6124882595377807,-0.010029486417770387,3.312455375319468
2017-06-30,1.6143160193688155,0.0011335027217864984,3.2203675603642563
2017-07-03,1.6123393010450373,-0.001224492788314819,3.219175545880509
2017-07-05,1.6132280453922387,0.0005512142181396491,3.3771571447346544
2017-07-06,1.5961183730644872,-0.010605860948562622,3.2010648302667044
2017-07-07,1.609082496640906,0.008122282028198242,3.224948309566199
2017-07-10,1.6196027664119002,0.006538054943084716,3.143706131432201
2017-07-11,1.6244849143760745,0.0030144107341766356,3.099339848689928
2017-07-12,1.637352890462164,0.007921265363693239,3.042959732632705
2017-07-13,1.6410578804454636,0.0022627925872802735,3.0483529267110883
2017-07-14,1.6506329762961236,0.005834709405899049,3.0103268009845676
2017-07-17,1.6490197884065598,-0.0009773147106170656,3.0311108492367578
2017-07-18,1.6559536853147097,0.004204859733581544,2.993872428407441
2017-07-19,1.662777698005146,0.004120895862579346,3.071201080797719
2017-07-20,1.6661331673551185,0.0020179903507232667,3.0180870924198926
2017-07-21,1.662125205873385,-0.0024055469036102293,3.0705355893178203
2017-07-24,1.6638506235800836,0.001038079261779785,3.004967060541401
2017-07-25,1.6756956752727576,0.0071190595626831055,3.034318686160141
2017-07-26,1.6786857582469965,0.0017843830585479738,3.0065078740036166
2017-07-27,1.6752499989082195,-0.002046695947647095,2.9957637599422307
2017-07-28,1.6723590880498034,-0.001725659370422363,2.992488831997253
2017-07-31,1.6650341698054536,-0.004379991292953491,2.921035899492364
2017-08-01,1.672002090792315,0.00418485164642334,2.992157807112274
2017-08-02,1.666525319484154,-0.003275576829910278,3.0985417939207154
2017-08-03,1.6611635218533565,-0.0032173514366149896,2.9974595670498325
2017-08-04,1.6760490069211118,0.008960878849029541,3.046878242008671
2017-08-07,1.6834196454804355,0.004397627115249634,2.969128952263032
2017-08-08,1.6765505589692187,-0.0040804362297058114,2.9294148018919977
2017-08-09,1.6735454859597774,-0.0017924141883850103,2.9120973774746117
2017-08-10,1.636487938226998,-0.02214313745498657,2.6935683951103715
2017-08-11,1.6412383527176158,0.002902810573577881,2.6616753475240014
2017-08-14,1.6664778220932606,0.015378308296203614,2.7752793809787932
2017-08-15,1.6657527442163391,-0.00043509602546691893,2.706802062229657
2017-08-16,1.6688998772674777,0.0018893158435821535,2.763136131600708
2017-08-17,1.637235390190006,-0.018973269462585454,2.5397986191107993
2017-08-18,1.6352060524628125,-0.0012394905090332032,2.4694214087960957
2017-08-21,1.6344659082971966,-0.0004526305198669435,2.4480528678840514
2017-08-22,1.6560970539635542,0.013234381675720216,2.5650130336661645
2017-08-23,1.6558930714721722,-0.00012317061424255385,2.5351935477261924
2017-08-24,1.6547765162710373,-0.0006742918491363526,2.6037227856429097
2017-08-25,1.6564415430573578,0.0010061943531036379,2.596594545334905
2017-08-28,1.6565686461825049,7.67326354980471e-05,2.5706720667663534
2017-08-29,1.6574910696301144,0.0005568277835845948,2.536596168412841
2017-08-30,1.671960876204143,0.008729945421218872,2.629061731933175
2017-08-31,1.680372651519849,0.0050310838222503654,2.6833193868802905
2017-09-01,1.6895993881446132,0.005490887165069579,2.7211915435771576
2017-09-05,1.6739148708752356,-0.00928297996520996,2.5928522712862523
2017-09-06,1.6818070888084682,0.004714826345443725,2.5885405143127342
2017-09-07,1.679944891110176,-0.0011072599887847897,2.5742520712921406
2017-09-08,1.6631274063298462,-0.010010735988616943,2.497301109638814
2017-09-11,1.6903333084381587,0.01635827898979187,2.910422684748107
2017-09-12,1.7021990274919863,0.007019751071929932,2.8422101949293674
2017-09-13,1.7075611989041162,0.003150143623352051,3.048508384814995
2017-09-14,1.706114060182971,-0.0008474886417388915,3.027882607552738
2017-09-15,1.713052797848963,0.004066983461380005,2.968846336312368
2017-09-18,1.7217768446866182,0.005092689990997315,3.0358139811865144
2017-09-19,1.7264751403616116,0.0027287483215332033,3.063589109839273
2017-09-20,1.7289019443290643,0.0014056408405303954,3.082684966074182
2017-09-21,1.7242223945366308,-0.002706660032272339,2.973335816687575
2017-09-22,1.7284877741552014,0.0024737989902496337,2.9407580733440257
2017-09-25,1.7148915780347656,-0.007865948677062988,2.894246126488477
2017-09-26,1.7157901054611602,0.0005239558219909669,3.01520777652567
2017-09-27,1.732501640932227,0.009739848375320435,3.0183768563948825
2017-09-28,1.7356121977569245,0.0017954134941101077,2.98467086650973
2017-09-29,1.7453936747102374,0.00563575029373169,3.1261567673526582
2017-10-02,1.7516222311260847,0.003568568229675293,3.07629666343284
2017-10-03,1.7599151624261495,0.004734429121017456,3.1197385001181672
2017-10-04,1.7549792582053259,-0.0028046262264251717,3.1171440171883025
2017-10-05,1.7656153583723395,0.006060527563095092,3.1001632120050315
2017-10-06,1.7687335525990608,0.0017660665512084961,3.1214342405393074
2017-10-09,1.7653042736221243,-0.0019388329982757571,3.139333113018917
2017-10-10,1.7697911738092376,0.0025417149066925054,3.152765801806901
2017-10-11,1.7755515067216456,0.0032548093795776367,3.334175124713085
2017-10-12,1.7671213068645253,-0.00474793314933777,3.2834427328208973
2017-10-13,1.7730238942331757,0.0033402276039123536,3.3964815249236198
2017-10-16,1.7792259696944617,0.0034980213642120356,3.399337082503036
2017-10-17,1.779699979848007,0.000266413688659668,3.4708384223061777
2017-10-18,1.782689818226318,0.0016799676418304444,3.391421243433559
2017-10-19,1.7806603725465688,-0.0011384177207946777,3.3219367394169783
2017-10-20,1.7904908540368687,0.005520694255828858,3.377954068952617
2017-10-23,1.784563915759649,-0.00331023097038269,3.3531858381540025
2017-10-24,1.7926909983537627,0.004554100036621093,3.3187081447907336
2017-10-25,1.7668737679688071,-0.014401383399963379,3.13296280877007
2017-10-26,1.774562955747895,0.004351860284805298,3.2023193756306334
2017-10-27,1.791562893448825,0.009579788446426391,3.2929943097351853
2017-10-30,1.7835062159331896,-0.004497010707855225,3.273521979949608
2017-10-31,1.7874488673365365,0.0022106182575225833,3.275693771533071
2017-11-01,1.784063729728156,-0.0018938374519348147,3.33257428706289
2017-11-02,1.786947678353455,0.001616505384445191,3.4375399013911885
2017-11-03,1.7923981490225491,0.0030501568317413334,3.523620655621059
2017-11-06,1.794164234075614,0.0009853196144104003,3.5394790090161505
2017-11-07,1.7864974263792688,-0.004273191690444947,3.3400787576305846
2017-11-08,1.7885991964507708,0.0011764752864837646,3.3169594091219046
2017-11-09,1.7790275239940985,-0.005351490974426271,3.1356702415985307
2017-11-10,1.7850322356019204,0.0033752775192260743,3.151598532012558
2017-11-13,1.78640704064313,0.0007701849937438966,3.052665758745072
2017-11-14,1.7800600012141468,-0.003552963733673096,3.008684328801667
2017-11-15,1.7749365691867216,-0.0028782355785369877,2.883956655118823
2017-11-16,1.7993463988440719,0.013752508163452148,2.9892555285084694
2017-11-17,1.8056388607382563,0.0034970819950103757,2.9410402771180473
2017-11-20,1.8139583328864124,0.004607495069503785,2.995217270018748
2017-11-21,1.8241351449468142,0.005610278844833373,2.959907667673791
2017-11-22,1.821755190790798,-0.0013047027587890622,2.8915679288874854
2017-11-24,1.8271295654466477,0.0029501080513000487,2.9023014429065945
2017-11-27,1.8164391927171453,-0.0058509111404418945,2.801393124014219
2017-11-28,1.8374450860556144,0.011564325094223022,2.968971746915998
2017-11-29,1.8212151251535373,-0.008832895755767822,2.866659339194926
2017-11-30,1.8290859970905406,0.004321769475936889,2.8996780240962052
2017-12-01,1.8237330158535376,-0.00292658805847168,2.973286894417408
2017-12-04,1.8160998223584413,-0.004185477495193482,2.9134280183065306
2017-12-05,1.8069105015475413,-0.0050599205493927005,2.7630051592406306
2017-12-06,1.8062290023132783,-0.00037716269493103037,2.7099542551699867
2017-12-07,1.819929907811073,0.00758536458015442,2.6336422870878495
2017-12-08,1.827193199361225,0.003990973234176636,2.6397064069499128
2017-12-11,1.838442202083506,0.006156438589096069,2.6672385689336418
2017-12-12,1.8398852000975563,0.0007849025726318358,2.7182687983510414
2017-12-13,1.8414348773844056,0.000842268466949463,2.6710751959230206
2017-12-14,1.837215131729123,-0.002291553020477295,2.7034130318534424
2017-12-15,1.8538658575181048,0.009063024520874024,2.72249340844955
2017-12-18,1.876785866163094,0.012363358736038207,2.888295195662788
2017-12-19,1.8692290415933204,-0.004026471376419068,2.8065883506633442
2017-12-20,1.8678326785159856,-0.0007470262050628667,2.7222755911628482
2017-12-21,1.867222610824077,-0.0003266179561614992,2.7375960991948984
2017-12-22,1.864557067725734,-0.001427544355392456,2.731553513480455
2017-12-26,1.8586544719450404,-0.003165682554244995,2.666769547675829
2017-12-27,1.8579610034514789,-0.00037310242652893077,2.6054703586805736
2017-12-28,1.8615958690356011,0.001956373453140259,2.7573483990154743
2017-12-29,1.8453771560251007,-0.008712263107299804,2.693031828410095
2018-01-02,1.8828011297138685,0.020279850959777832,2.916108565463205
2018-01-03,1.9023029118606285,0.010357855558395386,2.916386932140309
2018-01-04,1.9160048519968593,0.007202817201614381,2.885960144205812
2018-01-05,1.9337207742783113,0.009246282577514649,2.9894712286165714
2018-01-08,1.9434618620660171,0.005037484169006348,3.0001460834342994
2018-01-09,1.9375953841806386,-0.0030185711383819576,2.9911114905554483
2018-01-10,1.9381161479566096,0.00026876807212829613,2.957027826306394
2018-01-11,1.9548852703337736,0.008652279376983643,2.9954016821342577
2018-01-12,1.9632596570379304,0.004283825159072876,3.095882027907118
2018-01-16,1.9562247201876266,-0.0035832941532135012,3.011431493949474
2018-01-17,1.9768702637485558,0.01055376887321472,3.2613532941718177
2018-01-18,1.9762490275700293,-0.0003142523765563965,3.2186554422850246
2018-01-19,1.9895305269383574,0.006720559597015381,3.2427971237869504
2018-01-22,2.006415535887495,0.008486931324005126,3.2872484166043057
2018-01-23,2.0190856530670374,0.006314802169799806,3.3529892252933644
2018-01-24,2.016794202680576,-0.0011348950862884522,3.2309111857067703
2018-01-25,2.0108056451925536,-0.0029693448543548578,3.1054870895274624
2018-01-26,2.039499456742118,0.014269808530807495,3.250208852779887
2018-01-29,2.030093321740056,-0.0046119821071624765,3.168987456086315
2018-01-30,2.0030752583691322,-0.013308779001235962,3.087201687077468
2018-01-31,2.011885648239177,0.004398431777954102,3.135927436984856
2018-02-01,2.0013451796199435,-0.005239099264144897,3.0177649604762893
2018-02-02,1.9530670783642656,-0.024122825860977172,2.684585293696815
2018-02-05,1.8675758777869595,-0.04377279281616211,2.004189451503995
2018-02-06,1.9138004205201768,0.024751092195510867,2.151762110504032
2018-02-07,1.9000128689002105,-0.007204278707504272,2.0889531354521105
2018-02-08,1.8259649039518848,-0.038972349166870125,1.6430282094190967
2018-02-09,1.856147629237054,0.016529740095138547,1.7225567214775463
2018-02-12,1.8861403494945421,0.01615858554840088,1.8228041246553475
2018-02-13,1.8941715794278229,0.004258023500442505,1.8142201953746928
2018-02-14,1.9364419742354118,0.022316032648086553,1.9219464805687299
2018-02-15,1.9610192674397995,0.012691985368728639,1.982474213488628
2018-02-16,1.9533222075305916,-0.003925030231475831,1.970937379601621
2018-02-20,1.9492937026204213,-0.0020623862743377685,1.933374146275886
2018-02-21,1.9339153803412787,-0.007889176607131957,1.8058765970605661
2018-02-22,1.9365601453109171,0.0013675701618194583,1.8211799073068233
2018-02-23,1.9681181549191862,0.016295909881591793,1.9597517730245593
2018-02-26,1.9953602476895413,0.01384169578552246,2.0702290710973874
2018-02-27,1.9709055905197397,-0.012255760431289672,1.948687776947626
2018-02-28,1.957297638259939,-0.00690441608428955,1.9295103194129508
2018-03-01,1.9304910883320063,-0.013695694208145141,1.7124532761956102
2018-03-02,1.9478121790691958,0.008972375392913819,1.8442484530502947
2018-03-05,1.973371919820901,0.013122282028198241,1.9322800866915795
2018-03-06,1.984858845506668,0.005820963382720947,1.9998673800288413
2018-03-07,1.9864581737030629,0.0008057641983032232,2.032240253110416
2018-03-08,1.9926526702342646,0.0031183624267578126,2.046245729601202
2018-03-09,2.025055032662302,0.016260918378829956,2.1502846572596304
2018-03-12,2.0330371495601214,0.003941679000854492,2.1406622124180847
2018-03-13,2.0129224490589235,-0.009893916845321657,2.0304706429985515
2018-03-14,2.0084576221056185,-0.0022180819511413577,2.02492102586095
2018-03-15,2.0074074745851074,-0.0005228626728057862,1.9719190423584072
2018-03-16,2.005709150995886,-0.0008460283279418944,1.952614044482379
2018-03-19,1.9705412649614353,-0.017533891201019287,1.8165404378091807
2018-03-20,1.9739862956902663,0.0017482662200927737,1.8339514475718781
2018-03-21,1.9819416745443503,0.004030108451843262,2.054930407071088
2018-03-22,1.9290132456114337,-0.02670534133911133,1.7736254596880014
2018-03-23,1.876824893613311,-0.02705442905426025,1.5399502305866417
2018-03-26,1.925372713485375,0.025866994857788088,1.6792558908403878
2018-03-27,1.8717467759236492,-0.027852237224578854,1.4430283529217385
2018-03-28,1.8521105720225086,-0.01049084424972534,1.2926883692861693
2018-03-29,1.8875777402962326,0.019149595499038694,1.3933927713511198
2018-04-02,1.8354499475557202,-0.02761623620986938,1.1370623639499322
2018-04-03,1.8590899912699188,0.01287969946861267,1.2389160219266016
2018-04-04,1.8849729423224437,0.01392237663269043,1.3358910177861223
2018-04-05,1.8971109354401783,0.0064393460750579844,1.3832666586070916
2018-04-06,1.8521170753116205,-0.023717042207717896,1.2495927934643698
2018-04-09,1.8588170007683178,0.003617441654205322,1.2557423574552828
2018-04-10,1.9056912925393876,0.025217270851135256,1.4179237268905422
2018-04-11,1.8964440164854786,-0.004852452278137208,1.3922707918014567
2018-04-12,1.9172897564388638,0.010992014408111572,1.479187522187151
2018-04-13,1.9034403464217038,-0.007223430871963501,1.4811611738005432
2018-04-16,1.9131562966707807,0.005104415416717529,1.5609490640466357
2018-04-17,1.9423395881952563,0.015254002809524535,1.584981351071631
2018-04-18,1.946960078698498,0.0023788273334503173,1.6228065441393251
2018-04-19,1.9352510302674022,-0.0060140156745910655,1.5672487229541499
2018-04-20,1.92540404334776,-0.00508822202682495,1.4588169350497078
2018-04-23,1.9172344332023754,-0.004243062734603883,1.4528679138045175
2018-04-24,1.8893089778805565,-0.01456548810005188,1.2828206164753655
2018-04-25,1.8871925511442824,-0.0011202120780944827,1.211021997217999
2018-04-26,1.927898141595675,0.021569389104843142,1.3356016970802067
2018-04-27,1.9290549184474528,0.0006000196933746337,1.3508653685767307
2018-04-30,1.9130052179886285,-0.008319981098175049,1.3073843734423474
2018-05-01,1.9206945196903735,0.004019488096237183,1.292930472431539
2018-05-02,1.9087564229888103,-0.006215510368347168,1.2720907654763365
2018-05-03,1.9073605537468843,-0.000731297731399537,1.2605304638472077
2018-05-04,1.9326774587911206,0.013273266553878785,1.359577883201775
2018-05-07,1.9465971974579077,0.0072023081779479985,1.3639179273690196
2018-05-08,1.9533894173140578,0.003489278554916382,1.3858309468308732
2018-05-09,1.9775888376874757,0.012388426065444947,1.449329940126835
2018-05-10,1.999084992851355,0.010869880914688112,1.4757464358043701
2018-05-11,2.0000710436936484,0.0004932510852813723,1.4961266782177873
2018-05-14,2.004582410090077,0.0022556030750274657,1.5078419715981495
2018-05-15,1.992492581171801,-0.0060310959815979,1.432119511119587
2018-05-16,2.0081234503797107,0.007844882011413574,1.4617116142763837
2018-05-17,2.000634066244813,-0.0037295436859130855,1.6818857171520811
2018-05-18,1.9886637531060434,-0.005983259677886964,1.5839271034686895
2018-05-21,2.003150526266016,0.007284677028656005,1.5938834948538394
2018-05-22,1.9981071054409596,-0.002517744302749634,1.5390528606668605
2018-05-23,2.0083885817206637,0.005145608186721802,1.5650149718072561
2018-05-24,2.007390153586787,-0.000497128963470459,1.553145425412444
2018-05-25,2.007571207629389,9.019374847412112e-05,1.5209519093653745
2018-05-29,1.9918603708697546,-0.007825793027877807,1.4456649603251333
2018-05-30,2.017287434652382,0.012765485048294067,1.5139691858890227
2018-05-31,2.0024964484389858,-0.007332116365432739,1.46894284181013
2018-06-01,2.0346608467713354,0.01606215000152588,1.5397176544953077
2018-06-04,2.0491987861475707,0.007145141363143921,1.5505448146473628
2018-06-05,2.057883163403852,0.004237937927246094,1.5698751558094541
2018-06-06,2.081224797328299,0.011342545747756958,1.6508724818175622
2018-06-07,2.069976476011628,-0.005404664278030396,1.5945082789769771
2018-06-08,2.0782055438393763,0.003975440263748169,1.5868217724062774
2018-06-11,2.0813585462414896,0.0015171754360198974,1.6901665107740118
2018-06-12,2.0879012945370112,0.0031434988975524904,1.7250088621705058
2018-06-13,2.0810093650846455,-0.0033008885383605958,1.6732089613105283
2018-06-14,2.0857626408641963,0.0022841203212738033,1.7251817038271497
2018-06-15,2.0830597923362726,-0.001295856237411499,1.76740679341525
2018-06-18,2.0816410528189957,-0.0006810843944549561,1.7764693028774794
2018-06-19,2.0718026319165253,-0.00472628116607666,1.6576838428904985
2018-06-20,2.0755466596775247,0.001807135343551636,1.7425946891849362
2018-06-21,2.0635554171547197,-0.005777390003204347,1.678061232919757
2018-06-22,2.062702459097515,-0.00041334390640258823,1.6608111877963878
2018-06-25,2.020419257955644,-0.020498933792114257,1.4872860078499122
2018-06-26,2.03236185216801,0.005910948514938355,1.5295938025534555
2018-06-27,2.008141469518623,-0.011917357444763185,1.5361136976659708
2018-06-28,2.021723505571225,0.006763485670089723,1.4982637903155318
2018-06-29,2.019952777187156,-0.0008758509159088137,1.5624158098266445
2018-07-02,2.0301799925889377,0.005063096284866334,1.5877430027163586
2018-07-03,2.0112603889783696,-0.009319175481796265,1.5310483074615842
2018-07-05,2.031070282715991,0.009849492311477661,1.5894820433613368
2018-07-06,2.0561262004988965,0.012336312532424927,1.7403546710831637
2018-07-09,2.082156677977826,0.012659960985183715,1.7669287867017354
2018-07-10,2.0874909092927454,0.002561877965927124,1.7419048052405965
2018-07-11,2.0697446380897224,-0.00850124478340149,1.6632724782738417
2018-07-12,2.084057007552703,0.006915041208267213,1.657143692520884
2018-07-13,2.075974274707363,-0.003878364562988281,1.616165076113413
2018-07-16,2.0808659505451055,0.0023563277721405027,1.59414098433906
2018-07-17,2.0952530091791393,0.006913976669311523,1.6447082865505844
2018-07-18,2.10230552477214,0.0033659493923187257,1.639383050178193
2018-07-19,2.0889566818439547,-0.006349620819091797,1.5693923870475694
2018-07-20,2.0839628136044768,-0.0023906040191650395,1.5402402284575016
2018-07-23,2.0895704285857777,0.0026908421516418455,1.5738292815374322
2018-07-24,2.090781038639154,0.0005793583393096925,1.5708257126731828
2018-07-25,2.106100664662875,0.007327226400375366,1.5720989930425304
2018-07-26,2.1073200858927432,0.0005789947509765617,1.5642372356828478
2018-07-27,2.10005389058153,-0.0034480738639831544,1.5547315985334977
2018-07-30,2.0867273006704075,-0.006345832347869873,1.5230398487211758
2018-07-31,2.084801638235229,-0.0009228146076202392,1.5464315908261475
2018-08-01,2.0795964338581188,-0.0024967384338378906,1.5027441330676439
2018-08-02,2.1025821279059396,0.011052958965301514,1.5934837247617344
2018-08-03,2.110084591265322,0.0035682141780853274,1.638116460856926
2018-08-06,2.1237711353337643,0.00648625373840332,1.6231257347122001
2018-08-07,2.1340021447845676,0.004817378520965577,1.6257604011324862
2018-08-08,2.13657836112464,0.0012072229385375977,1.6611848753439749
2018-08-09,2.1297083459758497,-0.003215428590774536,1.6515398563290142
2018-08-10,2.1155582112245934,-0.0066441655158996586,1.7708817115261015
2018-08-13,2.1026544911461897,-0.006099439859390258,1.7097241126864762
2018-08-14,2.114540596203209,0.005652904510498046,1.6522802956430882
2018-08-15,2.088541123577811,-0.012295565605163577,1.5678456800244114
2018-08-16,2.0999336581322323,0.00545478105545044,1.590677335205764
2018-08-17,2.0970683075715213,-0.0013644957542419433,1.7214496161168877
2018-08-20,2.104405904733504,0.003498978614807129,1.7529063961382236
2018-08-21,2.1206699796355593,0.007728582620620728,1.805596500163431
2018-08-22,2.1244056426977593,0.0017615485191345215,1.7350850241685272
2018-08-23,2.1222326102296973,-0.0010228896141052247,1.7289810568388178
2018-08-24,2.14498580063337,0.010721346139907835,1.801272108665703
2018-08-27,2.167924487450639,0.01069409728050232,1.861885073137448
2018-08-28,2.1728799059417434,0.002285789251327515,1.876528292043197
2018-08-29,2.182077549181926,0.004232927560806276,1.9005262185202967
2018-08-30,2.1711693828942455,-0.004998981952667236,1.8102949320364494
2018-08-31,2.170560218352538,-0.00028056979179382293,1.7755903584076518
2018-09-04,2.1659614896184336,-0.0021186828613281253,1.725451229247839
2018-09-05,2.1485144858346197,-0.008055084943771364,1.734514322666905
2018-09-06,2.1242149064760336,-0.01130994439125061,1.6231400541703287
2018-09-07,2.1239075051236793,-0.0001447129249572755,1.6296245219870176
2018-09-10,2.1369656145773126,0.006148153543472289,1.7402720373964755
2018-09-11,2.1414501378275115,0.0020985472202301033,1.6541931660951315
2018-09-12,2.1419602627965073,0.00023821473121643066,1.61024472380501
2018-09-13,2.1468971974054285,0.002304867506027222,1.6047083461508884
2018-09-14,2.154180663199812,0.0033925545215606687,1.6329232991834197
2018-09-17,2.139270568576894,-0.00692146897315979,1.5577458132658553
2018-09-18,2.1550987737916882,0.007398879528045655,1.5722687055371196
2018-09-19,2.1636012142977017,0.003945267200469971,1.5801722530783493
2018-09-20,2.1819052228788096,0.008459973335266113,1.625160635114894
2018-09-21,2.1738114874289822,-0.00370948076248169,1.6181856711885578
2018-09-24,2.1666439802031623,-0.0032972073554992675,1.5792296886216575
2018-09-25,2.1658000498546333,-0.00038951039314269996,1.631714225831447
2018-09-26,2.154529096278975,-0.005204060077667237,1.5922082320280901
2018-09-27,2.157515684373525,0.00138619065284729,1.5392301834433753
2018-09-28,2.1495777440653003,-0.0036792039871215818,1.5020413201633924
2018-10-01,2.1639974184406543,0.006708142757415772,1.5088111871207368
2018-10-02,2.1578777197542247,-0.002827960252761841,1.4659642101562025
2018-10-03,2.1697706871144233,0.005511418581008911,1.4709264143707632
2018-10-04,2.1490637781331703,-0.009543362855911253,1.4230339166137302
2018-10-05,2.1237950229165126,-0.011758029460906982,1.3008108791754327
2018-10-08,2.1130442443264394,-0.0050620603561401375,1.2546328949910521
2018-10-09,2.1065288998013556,-0.003083392381668091,1.2468458899136634
2018-10-10,2.028445819593935,-0.03706717729568481,0.9551607466714926
2018-10-11,1.9906654948625324,-0.018625257015228273,0.8085504350196536
2018-10-12,2.023892626168001,0.0166914689540863,0.9408782208716574
2018-10-15,2.0168784284288495,-0.003465696573257446,0.897507245945818
2018-10-16,2.0628092961704345,0.022773245573043825,1.010084094652612
2018-10-17,2.0625206787212913,-0.00013991475105285683,1.0075200520363952
2018-10-18,2.024478998033944,-0.018444266319274902,0.8747657255325074
2018-10-19,2.0084833171963403,-0.007901134490966797,0.8314378232138264
2018-10-22,2.010140265269667,0.000824974775314331,0.8025504703092275
2018-10-23,2.0070966762788736,-0.0015141177177429202,0.813920460212457
2018-10-24,1.9158997321195712,-0.04543724536895752,0.48281266809517986
2018-10-25,1.9676770568579283,0.02702507019042969,0.7250137218837336
2018-10-26,1.9311770692956003,-0.01854978561401367,0.585233407996427
2018-10-29,1.9098360083653776,-0.011050804853439332,0.46290391578140716
2018-10-30,1.9481486377050077,0.020060690641403197,0.6041431408367174
2018-10-31,1.9941889086623812,0.02363283276557922,0.7232656726500293
2018-11-01,2.0339842242949198,0.019955639839172364,0.8450692476947522
2018-11-02,2.0212969694375214,-0.006237636804580688,0.7990649086357673
2018-11-05,2.0137993035917026,-0.0037093341350555413,0.7598722296642959
2018-11-06,2.0253370283233667,0.005729331970214843,0.7869176790226434
2018-11-07,2.0662931834225575,0.020221896171569827,0.9227708444131014
2018-11-08,2.0531206569950635,-0.006374955177307129,0.8787366142565427
2018-11-09,2.0243861219760872,-0.013995541334152222,0.8267684071136424
2018-11-12,1.9736705655866116,-0.025052313804626462,0.6573541686798243
2018-11-13,1.9823148160920725,0.004379783868789673,0.6776103136385176
2018-11-14,1.970528197439044,-0.005945886373519897,0.6638106063774649
2018-11-15,2.0028323837764566,0.016393668651580807,0.7698100498458044
2018-11-16,1.9921596199720557,-0.005328835248947144,0.663832570650772
2018-11-19,1.9471036433697566,-0.02261664986610413,0.5121916953185299
2018-11-20,1.9132746427101188,-0.017374011278152465,0.38734261982696394
2018-11-21,1.9260208404054275,0.006661980152130128,0.39312839594622573
2018-11-23,1.9146962270443089,-0.005879797935485839,0.36743531838723875
2018-11-26,1.9598732070247138,0.023594855070114135,0.4784443446530724
2018-11-27,1.9674640415564681,0.0038731253147125254,0.5323644627347474
2018-11-28,2.0181867036288863,0.025780731439590455,0.606129029702242
2018-11-29,2.0133761215704404,-0.0023836159706115724,0.6422388106884763
2018-11-30,2.0301725097159773,0.008342399597167968,0.6638349314350711
2018-12-03,2.0646997125785242,0.017007029056549074,0.7701570599798201
2018-12-04,1.977935593160779,-0.04202263355255128,0.549007794954388
2018-12-06,1.9767370128693458,-0.0006059753894805911,0.5729525635385692
2018-12-07,1.9200489406356576,-0.028677599430084234,0.4172792362706544
2018-12-10,1.9281302341157827,0.0042088997364044195,0.39971819210001525
2018-12-11,1.928547825178333,0.00021657824516296397,0.37991546496345807
2018-12-12,1.9448873290834674,0.008472439050674439,0.3919362568663257
2018-12-13,1.9437479553278556,-0.0005858302116394043,0.3847175012736126
2018-12-14,1.9061457854336086,-0.019345188140869142,0.27697731755430816
2018-12-17,1.8672005596808672,-0.02043139934539795,0.1809529077650919
2018-12-18,1.8700045453045158,0.0015017056465148927,0.14173337599519614
2018-12-19,1.8357525509704256,-0.018316529989242557,-0.018131141051842974
2018-12-20,1.8043882454376738,-0.017085257768630985,-0.08570787740908718
2018-12-21,1.7630364690336244,-0.022917338609695432,-0.19916462360198783
2018-12-24,1.7063653776006986,-0.03214402675628662,-0.35804247520171617
2018-12-26,1.7996893862457268,0.0546916913986206,-0.07049027984249809
2018-12-27,1.8093121715741718,0.005346914529800415,-0.028855375144484118
2018-12-28,1.8152958113729292,0.003307135105133056,-0.010861019823111117
2018-12-31,1.8299997778183703,0.008100038766860962,0.019157743215020742
2019-01-02,1.849893204181743,0.010870726108551028,0.11476236926977262
2019-01-03,1.7993963237318713,-0.027297186851501464,-0.11706735919205802
2019-01-04,1.8759923903600946,0.04256764650344849,0.03879944457598416
2019-01-07,1.906118042882675,0.016058515310287475,0.0808343426518675
2019-01-08,1.9199023675648776,0.007231621742248536,0.07127751556328625
2019-01-09,1.9372938453724524,0.00905852198600769,0.09035462496834164
2019-01-10,1.943211761348013,0.0030547332763671874,0.11923785166078929
2019-01-11,1.9488238866604046,0.0028880667686462403,0.13168276180514776
2019-01-14,1.9399131728850867,-0.004572354555130005,0.06883711739324959
2019-01-15,1.9533416878827898,0.006922224760055541,0.08136368983560045
2019-01-16,1.9552701306935285,0.0009872531890869143,0.10311780194943773
2019-01-17,1.9673219986216621,0.006163786649703981,0.0823019658440123
2019-01-18,1.9992526506507016,0.01623051643371582,0.16059938098491103
2019-01-22,1.9646631293859793,-0.017301225662231447,0.04643181079369941
2019-01-23,1.963748404689742,-0.00046558856964111375,0.0040601582098347844
2019-01-24,2.0057473167188156,0.021387114524841308,0.07510878923255129
2019-01-25,2.0292015546127216,0.01169351577758789,0.1353957507758203
2019-01-28,2.001513161365052,-0.013644969463348387,0.08496472967701996
2019-01-29,1.9929710727687766,-0.004267815351486206,-0.002144315143930032
2019-01-30,2.0348425696334096,0.02100958585739136,0.11794715688980346
2019-01-31,2.0505809191418223,0.007734431028366089,0.21686498264968504
2019-02-01,2.058640944088277,0.00393060564994812,0.2146782378586329
2019-02-04,2.0742331551433644,0.007574031352996827,0.2747395015488676
2019-02-05,2.0879683507115203,0.0066218185424804675,0.42158249836780853
2019-02-06,2.0876139644321308,-0.00016972780227661114,0.641561980452477
2019-02-07,2.0644474691237256,-0.011097116470336914,0.47102474060520705
2019-02-08,2.0647041035761644,0.00012431144714355493,0.506936825205783
2019-02-11,2.07023499278215,0.0026787805557250983,0.7225737640449599
2019-02-12,2.1015102324584047,0.015107096433639527,0.7159146996750569
2019-02-13,2.108278022890389,0.003220441341400146,0.6537607111957286
2019-02-14,2.1052608302492453,-0.0014311170578002932,0.6255931271663123
2019-02-15,2.1254206573275223,0.009575928449630738,0.5650832579527978
2019-02-19,2.142883834709087,0.008216339349746705,0.5433566208819237
2019-02-20,2.1504998142868157,0.0035540795326232917,0.580787369341434
2019-02-21,2.1413383210678947,-0.004260169267654419,0.5696938768726619
2019-02-22,2.159198021865914,0.00834043860435486,0.6508314553719912
2019-02-25,2.170376402733432,0.005177098512649536,0.669687670015973
2019-02-26,2.1689207828669614,-0.0006706762313842772,0.5867694801685142
2019-02-27,2.16976530271496,0.00038937330245971676,0.520549688328875
2019-02-28,2.1673016362235864,-0.0011354529857635497,0.5775428549213616
2019-03-01,2.173965758154334,0.0030748474597930907,0.628130850892412
2019-03-04,2.1669439948785296,-0.00322993278503418,0.6824462728359529
2019-03-05,2.1622050112434517,-0.002186943292617798,0.6266449898455715
2019-03-06,2.1402533544453575,-0.010152440071105957,0.5094101914555246
2019-03-07,2.12142640922053,-0.00879659652709961,0.435236682293669
2019-03-08,2.1245151319117728,0.0014559650421142576,0.4385145453535963
2019-03-11,2.163276238599708,0.018244683742523193,0.5128680706282713
2019-03-12,2.172058903268391,0.004059890508651733,0.4528651463886421
2019-03-13,2.192936075740569,0.00961169719696045,0.4810275722949807
2019-03-14,2.186214089727839,-0.0030652904510498047,0.5160641985081962
2019-03-15,2.1999531627124087,0.006284413337707521,0.5587789463876984
2019-03-18,2.207341013064957,0.003358185291290283,0.578303194322786
2019-03-19,2.2190440220859626,0.005301858186721803,0.6091482069966893
2019-03-20,2.2137599348302825,-0.0023812448978424074,0.688346306528261
2019-03-21,2.2441767472336553,0.013739887475967407,0.7474180254037125
2019-03-22,2.192025824980562,-0.023238331079483036,0.6053902736770659
2019-03-25,2.1866917699050203,-0.0024333906173706053,0.7339666677637114
2019-03-26,2.206804422152081,0.00919775366783142,0.9258280684488419
2019-03-27,2.1916468607690813,-0.006868556737899781,0.7643586146169391
2019-03-28,2.1992012109947745,0.003446882963180542,0.9355436125265167
2019-03-29,2.2169021841541374,0.008048819303512573,1.0330586079311714
2019-04-01,2.2524572300202084,0.01603816628456116,1.0182956268982595
2019-04-02,2.250960082850108,-0.0006646728515625005,1.1718463377935706
2019-04-03,2.2668106225926197,0.007041679620742798,1.1427372967486387
2019-04-04,2.2679833229256285,0.0005173349380493165,1.0744864846907582
2019-04-05,2.2721909435628898,0.0018552255630493162,1.0506621288128641
2019-04-08,2.2753064771739324,0.0013711583614349366,1.193723964712574
2019-04-09,2.2585290955907174,-0.007373679876327514,1.1340161182777095
2019-04-10,2.2719895349226764,0.00595982551574707,1.0396724165652267
2019-04-11,2.2734031094204807,0.0006221747398376465,1.0696324761070788
2019-04-12,2.297636477785962,0.010659512281417847,1.067945223324026
2019-04-15,2.2954485649450094,-0.0009522449970245363,1.1027016975166348
2019-04-16,2.3218700951428684,0.01151039958000183,1.1356532948189428
2019-04-17,2.3342870812016514,0.005347838401794433,1.0852854096583273
2019-04-18,2.329982873750608,-0.0018439066410064694,1.0624233935302092
2019-04-22,2.3353290358264553,0.002294507026672364,1.1079817689265712
2019-04-23,2.3495617288531805,0.006094512939453125,1.1685067170796355
2019-04-24,2.34553715242404,-0.0017129051685333251,1.1825089778259494
2019-04-25,2.3363003986825936,-0.0039380121231079104,1.2438503423595546
2019-04-26,2.3461323048326106,0.004208322763442993,1.2726080031544074
2019-04-29,2.3567874343963466,0.004541572332382202,1.187566029885967
2019-04-30,2.3583401941381803,0.0006588459014892586,1.1878872933150733
2019-05-01,2.341082007728347,-0.007317937612533571,1.1936603109408548
2019-05-02,2.3477334276803075,0.002841173410415649,1.1873401077136019
2019-05-03,2.370570765498133,0.009727398157119751,1.2737861731126305
2019-05-06,2.3528778850638186,-0.007463552951812743,1.235838874957934
2019-05-07,2.309224003222579,-0.01855339884757996,1.059002491963873
2019-05-08,2.303295918745932,-0.0025671327114105227,1.006413859583432
2019-05-09,2.286242465030897,-0.007403935194015503,0.9464320305121877
2019-05-10,2.2927653577204397,0.002853106260299682,0.8964334067054851
2019-05-13,2.2241828736903524,-0.0299125611782074,0.6666024036029939
2019-05-14,2.2526129234000702,0.012782244682312012,0.7310424592865893
2019-05-15,2.265954495819598,0.005922709703445434,0.7504222668594288
2019-05-16,2.28128272360746,0.0067645788192749025,0.8190603677599422
2019-05-17,2.258109255194893,-0.010158087015151978,0.7219280738366901
2019-05-20,2.2298890431334937,-0.01249727487564087,0.6735190914089165
2019-05-21,2.2574141642373307,0.01234371781349182,0.7703785962166863
2019-05-22,2.241460857612093,-0.007067071199417113,0.6936769684056854
2019-05-23,2.203463597874119,-0.016952006816864016,0.6140987949371486
2019-05-24,2.202539326600926,-0.0004194629192352295,0.5847097646449051
2019-05-28,2.192506014141882,-0.004555338621139527,0.5629530482160989
2019-05-29,2.1798685993626914,-0.00576391339302063,0.5315687497846321
2019-05-30,2.1816360775259542,0.0008108186721801755,0.577977427949754
2019-05-31,2.1440669466364226,-0.017220622301101687,0.417693829591076
2019-06-03,2.137545616533427,-0.0030415701866149903,0.44073943174457025
2019-06-04,2.2080255266448607,0.032972353696823116,0.5244753017110585
2019-06-05,2.21537644212541,0.003329180479049683,0.5047119751131302
2019-06-06,2.2347213244394233,0.008732097148895264,0.5279042995843048
2019-06-07,2.2536243139565673,0.008458768129348756,0.5131655028513294
2019-06-10,2.274934865607745,0.0094561243057251,0.5907833454786021
2019-06-11,2.2845890024203137,0.004243698120117188,0.592174541575428
2019-06-12,2.2617496105294834,-0.009997155666351317,0.5309910302159271
2019-06-13,2.2772923392460243,0.00687199354171753,0.5502615271094478
2019-06-14,2.262202735955169,-0.006626116037368775,0.5325919179414141
2019-06-17,2.26786826124289,0.002504428625106811,0.533738342782784
2019-06-18,2.303271863591754,0.015610960721969606,0.6202810382110725
2019-06-19,2.3082809795161423,0.002174782752990723,0.6351655127484995
2019-06-20,2.3301769571484994,0.009485837221145632,0.7087902030533543
2019-06-21,2.3272593803796955,-0.0012520837783813478,0.692828748500103
2019-06-24,2.3161265013337577,-0.004783686399459838,0.6981180116513998
2019-06-25,2.2857364386237884,-0.013121072053909303,0.6302864020031415
2019-06-26,2.306145484778058,0.008928871154785157,0.7872933711379092
2019-06-27,2.322391984636666,0.007044872045516968,0.7930756660987838
2019-06-28,2.339823099846185,0.007505673170089722,0.8959294426318997
2019-07-01,2.359134811355772,0.008253492116928102,0.9034759620653696
2019-07-02,2.359714264889423,0.00024562120437622077,0.9093717261109381
2019-07-03,2.3723166055588725,0.005340621471405031,0.9107926188774886
2019-07-05,2.3696317495616452,-0.0011317443847656248,0.9549013630077295
2019-07-08,2.356491497835274,-0.005545271635055542,0.8747853901614624
2019-07-09,2.368263409749925,0.004995524883270264,0.8376582345180642
2019-07-10,2.382452460535488,0.0059913313388824455,0.8039298618065278
2019-07-11,2.3839925669252815,0.0006464374065399169,0.7938980700366007
2019-07-12,2.4000145129343426,0.006720635890960694,0.874518774903052
2019-07-15,2.401411052484286,0.0005818879604339603,0.8416456590940357
2019-07-16,2.3900829650186615,-0.004717262983322143,0.8371321552628906
2019-07-17,2.3717035078121174,-0.007689882516860962,0.7835216233455101
2019-07-18,2.3775105484505397,0.002448468208312988,0.7604163954794709
2019-07-19,2.3684221810982615,-0.0038226401805877682,0.7224688930483214
2019-07-22,2.3919479802758303,0.009933110475540161,0.8077107899754854
2019-07-23,2.406984555156282,0.006286330223083496,0.8530756987856941
2019-07-24,2.4342583820059724,0.011331118345260622,0.8971442277730524
2019-07-25,2.4090772906161555,-0.010344461202621459,0.8383997780653919
2019-07-26,2.4356984308435403,0.011050347089767456,0.85716390875184
2019-07-29,2.419198928544692,-0.006774033308029176,0.8180446754155968
2019-07-30,2.4159057630415544,-0.001361262798309326,0.8291074734220498
2019-07-31,2.3807234222831997,-0.014562795162200928,0.7841540015869255
2019-08-01,2.347247334362777,-0.01406130909919739,0.7135084888838514
2019-08-02,2.320535074618501,-0.01138024926185608,0.6660701495208203
2019-08-05,2.2447406361399267,-0.03266248345375061,0.4332169389469711
2019-08-06,2.265503731338945,0.009249663352966309,0.4619364951235763
2019-08-07,2.261981914271886,-0.0015545403957366944,0.42092460702135587
2019-08-08,2.316664631785765,0.02417469263076782,0.5164558138064452
2019-08-09,2.2973640826217543,-0.00833117961883545,0.4674517340088842
2019-08-12,2.261900163964982,-0.015436786413192752,0.40407565440045506
2019-08-13,2.2985396220738923,0.016198530197143558,0.518531667211289
2019-08-14,2.2159389178069504,-0.03593616724014282,0.36181888504266313
2019-08-15,2.2036957309193017,-0.00552505612373352,0.30618191059191474
2019-08-16,2.253757399995003,0.02271714210510254,0.4783637771967355
2019-08-19,2.2895528962661937,0.015882586240768434,0.5286419468601904
2019-08-20,2.271978426069305,-0.007675939798355103,0.49707551103057257
2019-08-21,2.2876127514880467,0.006881370544433593,0.5135747084092332
2019-08-22,2.2893976500496027,0.0007802450656890869,0.4795914105902445
2019-08-23,2.2171702579171435,-0.03154864430427551,0.3112436323942918
2019-08-26,2.243049319578623,0.011672112941741943,0.3726171272808629
2019-08-27,2.2308994860324187,-0.005416659116744994,0.294264996912211
2019-08-28,2.249464580573825,0.008321797847747803,0.2828451415890932
2019-08-29,2.283073098232727,0.014940674304962159,0.34372113079075794
2019-08-30,2.2868823451548974,0.0016684734821319582,0.33129497220995374
2019-09-03,2.2656635071321785,-0.009278500080108644,0.31023250077746334
2019-09-04,2.3029138091107635,0.016441233158111575,0.3903602785203264
2019-09-05,2.3488100804052747,0.019929652214050297,0.4950797385890762
2019-09-06,2.3396512922275874,-0.003899331092834473,0.5154605183510138
2019-09-09,2.363870082211772,0.010351452827453613,0.6203905828479721
2019-09-10,2.3743825309591484,0.004447134733200074,0.6424692233738466
2019-09-11,2.4001783075491807,0.010864204168319702,0.6646736316333891
2019-09-12,2.400032693551688,-6.0667991638183575e-05,0.6542654146196084
2019-09-13,2.4012476921353296,0.0005062425136566164,0.655560068018
2019-09-16,2.404031866992222,0.001159470081329346,0.650051109369626
2019-09-17,2.3990828720897954,-0.0020586228370666503,0.6237446491709197
2019-09-18,2.39115116322478,-0.0033061420917510987,0.6415040971615916
2019-09-19,2.392168950732779,0.00042564749717712366,0.6081577220588902
2019-09-20,2.3737846967454117,-0.007685182094573974,0.5515966218235409
2019-09-23,2.3741722226842574,0.00016325235366821273,0.5119083895891196
2019-09-24,2.3308975255753883,-0.018227277994155883,0.44004406982116223
2019-09-25,2.3582710853058595,0.01174378514289856,0.5117833050032439
2019-09-26,2.35037441285846,-0.003348500728607178,0.4974769632751837
2019-09-27,2.333243481833435,-0.007288596630096436,0.4872986742484576
2019-09-30,2.3407533834374163,0.003218653202056885,0.49606620428762566
2019-10-01,2.307961531957893,-0.014009101390838623,0.4454414762759401
2019-10-02,2.2660935632929076,-0.018140670061111447,0.3251631113886996
2019-10-03,2.2919184472614225,0.011396212577819826,0.39263097892714305
2019-10-04,2.3151783946503386,0.010148680210113522,0.41443540139588286
2019-10-07,2.3136578621328634,-0.0006567668914794919,0.45732032193476124
2019-10-08,2.2692193483793557,-0.01920703768730164,0.4206267859131856
2019-10-09,2.291417384019005,0.009782234430313112,0.49097980831630067
2019-10-10,2.2956720339141343,0.0018567764759063723,0.5145458539587693
2019-10-11,2.338820285175756,0.018795477151870726,0.7901171283852466
2019-10-14,2.34360372655226,0.0020452368259429926,0.8935703405908874
2019-10-15,2.3787930540916165,0.015015050172805786,0.8859842203820463
2019-10-16,2.364122704279309,-0.006167140007019043,0.8725980624896695
2019-10-17,2.37596353595404,0.005008552074432372,0.7909737242570767
2019-10-18,2.3652784257862707,-0.004497169256210327,0.7695320145865402
2019-10-21,2.403785914715597,0.016280319690704346,0.9398625083798998
2019-10-22,2.3979193656768207,-0.0024405455589294432,0.96721645522766
2019-10-23,2.407582611899893,0.00402984619140625,0.9827225596816533
2019-10-24,2.4209235790860415,0.005541229248046876,1.0169188695910163
2019-10-25,2.43380739043146,0.005321857929229736,1.297640060156611
2019-10-28,2.4411032960243517,0.002997733354568481,1.1874897793725945
2019-10-29,2.441103234913892,-2.503395080546511e-08,1.287335514163138
2019-10-30,2.454921162170646,0.005660525560379028,1.3742786582680622
2019-10-31,2.43987541814788,-0.006128809452056886,1.2462843127655827
2019-11-01,2.477623081407124,0.01547114372253418,1.2094491667183387
2019-11-04,2.5083566246199935,0.012404446601867675,1.1743425179951703
2019-11-05,2.5143244600083317,0.0023791813850402833,1.2193807470936278
2019-11-06,2.499594206225148,-0.005858533382415772,1.2079453602008936
2019-11-07,2.507794974680842,0.0032808399200439458,1.195644606259865
2019-11-08,2.5192147791771093,0.004553723335266113,1.1204840262305642
2019-11-11,2.5182436243975674,-0.00038549900054931616,1.1521868297692095
2019-11-12,2.5309802764588065,0.0050577521324157715,1.254058181063867
2019-11-13,2.5235447573474508,-0.002937802076339721,1.38096269434895
2019-11-14,2.5192154078482667,-0.001715582609176636,1.3491691923080722
2019-11-15,2.543612652111021,0.009684461355209352,1.4303745106146777
2019-11-18,2.5475395835000327,0.001543840169906616,1.3571396192345409
2019-11-19,2.5454898131066113,-0.0008046078681945805,1.3815614692700882
2019-11-20,2.539044880346713,-0.002531902790069581,1.4982536352290439
2019-11-21,2.54468666320036,0.0022220098972320556,1.609534638286018
2019-11-22,2.553525656626985,0.0034735095500946045,1.5931573222991198
2019-11-25,2.577791913884031,0.009503040313720701,1.6744448851888918
2019-11-26,2.5765313857185914,-0.000488995313644409,1.5575276400939426
2019-11-27,2.589435853118445,0.005008465051651002,1.563433418481016
2019-11-29,2.576318384791458,-0.005065762996673584,1.4100306844826143
2019-12-02,2.554680979596228,-0.008398575782775877,1.3760530574396619
2019-12-03,2.5411721491174606,-0.005287873744964599,1.302915992106641
2019-12-04,2.570942813081546,0.011715327501296996,1.2770409187613385
2019-12-05,2.574163936003565,0.0012528955936431886,1.5531846655653947
2019-12-06,2.600593328735589,0.010267175436019899,1.611540191309613
2019-12-09,2.60609012512463,0.0021136701107025146,1.8071969738735991
2019-12-10,2.6148662990714833,0.0033675634860992425,1.8025881120776932
2019-12-11,2.6299349325722345,0.005762678384780884,1.833217979369253
2019-12-12,2.662192900661537,0.012265690565109252,1.8525245113686706
2019-12-13,2.6495209811717153,-0.004759955406188964,1.8281361976126294
2019-12-16,2.679841177020665,0.011443651914596559,2.0112577787984462
2019-12-17,2.689523851879652,0.0036131525039672856,2.163264237788701
2019-12-18,2.694292341765147,0.0017729866504669193,2.1648035455687604
2019-12-19,2.706994392735458,0.004714429378509521,2.3100966891421333
2019-12-20,2.721444251516208,0.005337971448898315,2.451889219773328
2019-12-23,2.7322184236553086,0.003958990573883057,2.632838943295989
2019-12-24,2.735945533948364,0.001364133358001709,2.8843090060637326
2019-12-26,2.750901689263857,0.005466539859771729,2.7292855188674845
2019-12-27,2.7399270068564427,-0.003989485502243042,2.6700388999003315
2019-12-30,2.7174281271357295,-0.008211488723754884,2.5934238499069084
2019-12-31,2.730780480598377,0.004913599491119385,2.575136661194177
2020-01-02,2.7729249910106746,0.015433137416839599,2.5982672369767803
2020-01-03,2.7509228673357553,-0.007934626340866089,2.758749125060211
2020-01-06,2.7633384683087163,0.004513249397277832,2.606551595149352
2020-01-07,2.770502839590085,0.002592650651931763,2.5299613565911008
2020-01-08,2.7802806846971495,0.0035292673110961913,2.5072278315619267
2020-01-09,2.7919885400297066,0.004211033582687378,2.478080349636532
2020-01-10,2.7771828205810936,-0.005302929878234864,2.4209231538155787
2020-01-13,2.8155898358562186,0.013829487562179566,2.4846789167762036
2020-01-14,2.819632374701511,0.00143576979637146,2.525975682256177
2020-01-15,2.8145372198951004,-0.0018070280551910401,2.469806891510731
2020-01-16,2.8362213453560927,0.007704330682754516,2.511736956600476
2020-01-17,2.8426293074540774,0.0022593307495117187,2.487314097539398
2020-01-21,2.8342220510538203,-0.0029575634002685547,2.371819939235943
2020-01-22,2.832775337596135,-0.0005104446411132813,2.5010761413746616
2020-01-23,2.8459297617020347,0.0046436524391174315,2.534585582859132
2020-01-24,2.819478907736901,-0.009294275045394897,2.3459340523409646
2020-01-27,2.7539736449410857,-0.02323310971260071,2.0903166205762242
2020-01-28,2.7927365207759416,0.014075253009796142,2.276043349252772
2020-01-29,2.7797029171575254,-0.004666965007781982,2.2731783028047268
2020-01-30,2.791460523073803,0.004229806661605834,2.1805006506714752
2020-01-31,2.741578522802712,-0.01786949872970581,1.9958737840981706
2020-02-03,2.7846908285454273,0.015725358724594116,2.0646770110285297
2020-02-04,2.844845955510675,0.02160208463668823,2.139732266712069
2020-02-05,2.859659990210807,0.005207324028015137,2.131094274809665
2020-02-06,2.869000432760391,0.003266277313232422,2.1534455569275726
2020-02-07,2.864513419682942,-0.0015639638900756827,2.2225964427575167
2020-02-10,2.887904977217205,0.008165979385375976,2.273071946403145
2020-02-11,2.901470623014518,0.004697400331497192,2.285821600945469
2020-02-12,2.9279974639263737,0.009142550230026244,2.2529998736358157
2020-02-13,2.9255985613754203,-0.0008192980289459236,2.226446678052965
2020-02-14,2.9194629816679396,-0.0020972049236297604,2.221880521130359
2020-02-18,2.913004193671402,-0.0022123205661773683,2.147150720075104
2020-02-19,2.943302877492821,0.01040118098258972,2.159866885452958
2020-02-20,2.931008889304608,-0.004176936149597168,2.1080250427805955
2020-02-21,2.891811314139557,-0.013373407125473023,2.040233613017002
2020-02-24,2.7767351251542376,-0.03979380965232849,1.6690181017250427
2020-02-25,2.686038103788846,-0.032663187980651855,1.3992718148299754
2020-02-26,2.6701358262254677,-0.005920346975326537,1.3656826786838505
2020-02-27,2.549181694775787,-0.045298868417739876,1.0421800420843657
2020-02-28,2.556142860139514,0.0027307450771331793,1.0651286520524097
2020-03-02,2.652903034914654,0.0378539776802063,1.2420481483924275
2020-03-03,2.575031872652061,-0.029353188276290895,1.0744930585536794
2020-03-04,2.6630380936772244,0.03417675018310547,1.2598185943398623
2020-03-05,2.566830916851165,-0.036126849651336675,1.0927160782689893
2020-03-06,2.516446013371251,-0.019629225730895997,1.0280013471412148
2020-03-09,2.2846056546815183,-0.09213007450103759,0.4591880746530092
2020-03-10,2.398216202704966,0.04972873449325562,0.598138859482618
2020-03-11,2.2751622674417327,-0.0513106095790863,0.3244733499394081
2020-03-12,2.0214923368413915,-0.11149531364440918,-0.21008019115338933
2020-03-13,2.214735795075978,0.0955944550037384,0.1824950988362314
2020-03-16,1.9447732292771294,-0.12189380168914797,-0.27969706635248726
2020-03-17,2.0216406760431993,0.039525146484375,-0.15266805100343395
2020-03-18,1.852061848160057,-0.08388178467750548,-0.44168115128494617
2020-03-19,1.922410272582288,0.03798384189605713,-0.3057427353373215
2020-03-20,1.8952450733605706,-0.014130802154541017,-0.3972031709643333
2020-03-23,1.8694291945470223,-0.013621393442153932,-0.36633353019533516
2020-03-24,2.1015204395664524,0.12415086150169372,0.04604787508837895
2020-03-25,2.161419306598695,0.02850263357162476,0.10443774910359793
2020-03-26,2.2739685199614175,0.052071901559829714,0.2798096720833643
2020-03-27,2.1591566105543856,-0.050489665269851686,0.11685099683843057
2020-03-30,2.1920991532333622,0.015257134437561031,0.13810577026816065
2020-03-31,2.1833279531946737,-0.0040012788772583,0.07886219207713867
2020-04-01,2.03647140532547,-0.06726270675659181,-0.11621464968582164
2020-04-02,2.0690292830419783,0.01598739743232727,-0.090135989535617
2020-04-03,2.044377784323619,-0.01191452383995056,-0.12616204944927611
2020-04-06,2.227826454738592,0.0897332537174225,0.12471110075953377
2020-04-07,2.2625232291981865,0.015574271678924561,0.16444790365199863
2020-04-08,2.3687112408422166,0.04693344593048096,0.314225979864258
2020-04-09,2.4217488419686872,0.022390910387039185,0.35932545898971824
2020-04-13,2.411594987012332,-0.004192777872085572,0.34592007995542107
2020-04-14,2.4891973752777945,0.03217886447906494,0.40429641964135277
2020-04-15,2.4195321496107622,-0.02798702359199524,0.32844039349514487
2020-04-16,2.3832578980568173,-0.014992258548736573,0.2551916981962054
2020-04-17,2.5013074421646575,0.04953284502029419,0.37369752994395633
2020-04-20,2.454790673276965,-0.018596981763839723,0.32745948832680866
2020-04-21,2.3717165608960835,-0.03384162783622742,0.2278148844591907
2020-04-22,2.4352176689574967,0.026774324178695682,0.2833333041453592
2020-04-23,2.4670439124643875,0.013069157600402831,0.32323256522824195
2020-04-24,2.4895332169890887,0.009115891456604002,0.35853763132146504
2020-04-27,2.543035186396139,0.02149076342582703,0.4047341060290767
2020-04-28,2.5694875381570363,0.01040188193321228,0.42046421868898876
2020-04-29,2.720733021743255,0.058862119913101196,0.5708638576159957
2020-04-30,2.6694657079487794,-0.018843199014663695,0.5394551295210073
2020-05-01,2.530489623024129,-0.05206138610839844,0.38910904956688946
2020-05-04,2.548434254249947,0.0070913672447204595,0.3821981039136768
2020-05-05,2.5302859509093993,-0.007121354341506958,0.38310974155810096
2020-05-06,2.5081888260538414,-0.008733054399490358,0.40946560406918786
2020-05-07,2.5643442726420513,0.022388843297958375,0.474723975625181
2020-05-08,2.655075559852904,0.03538186669349671,0.5854367504420033
2020-05-11,2.6275900056008914,-0.010352079868316651,0.5504616666347618
2020-05-12,2.5616717550191765,-0.0250869619846344,0.5636860962537017
2020-05-13,2.4696263801327945,-0.03593176007270813,0.433649353925619
2020-05-14,2.514933788778654,0.018345855474472046,0.46576185123496533
2020-05-15,2.5229372222984607,0.0031823635101318358,0.45642805961645877
2020-05-18,2.690515274085071,0.06642180800437926,0.6477885501321032
2020-05-19,2.6462360599980013,-0.016457521915435792,0.6373010006031858
2020-05-20,2.7205889952695794,0.028097620010375978,0.6766055561728583
2020-05-21,2.713648172429881,-0.0025512206554412853,0.6883604063613269
2020-05-22,2.7116419975342243,-0.0007392907142639159,0.73091796927685
2020-05-26,2.792365866508643,0.029769368171691894,0.8066060029431001
2020-05-27,2.8435031489110325,0.018313245773315428,0.8647042187045427
2020-05-28,2.782311633721131,-0.021519763469696047,0.8229273534626995
2020-05-29,2.7876441305749022,0.0019165706634521474,0.8257645463211073
2020-06-01,2.8381210479532375,0.01810737490653992,0.9166206345944604
2020-06-02,2.873664689186084,0.012523652315139772,0.956251659278052
2020-06-03,2.9602116409423997,0.03011727571487427,0.9494624120291287
2020-06-04,3.0134452018115985,0.017983025312423708,0.9862133367769722
2020-06-05,3.1664755166264937,0.05078251123428344,1.085657476214235
2020-06-08,3.286835972565738,0.03801085948944091,1.1561343976028737
2020-06-09,3.2235616114839685,-0.019250842332839965,1.0820346323744956
2020-06-10,3.139370598259835,-0.026117389202117917,1.0027118599388354
2020-06-11,2.878420327211318,-0.0831218433380127,0.800296757598065
2020-06-12,2.9908932435082316,0.03907452821731568,0.8761530804525506
2020-06-15,3.0312265338810014,0.013485366106033327,0.9254167036091355
2020-06-16,3.085891923727335,0.018034082651138306,0.9628287603284691
2020-06-17,3.043097891279073,-0.013867638111114505,0.890271680272457
2020-06-18,3.0541838065886986,0.0036429703235626217,0.8938684283619084
2020-06-19,3.017091564968215,-0.012144731283187866,0.8404076253976632
2020-06-22,3.02120405761467,0.0013630652427673343,0.8468500193457981
2020-06-23,3.035645850152516,0.004780144691467285,0.8704167828052207
2020-06-24,2.9071187698669316,-0.04233928680419922,0.7945609344846053
2020-06-25,2.9503577797201612,0.014873492717742923,0.808788374786139
2020-06-26,2.860627646465819,-0.030413305759429937,0.7151900893648987
2020-06-29,2.9398505232691194,0.02769422888755798,0.7628837759817437
2020-06-30,2.9816582832218783,0.014221049547195434,0.7771221467245383
2020-07-01,2.97668188728388,-0.0016690027713775633,0.7724504859080701
2020-07-02,2.9878584431200417,0.003754702806472778,0.768618954999299
2020-07-06,3.055237347156177,0.02255090236663818,0.8251054561259462
2020-07-07,2.996622205080211,-0.01918513536453247,0.7911206579763784
2020-07-08,3.0225688612614694,0.008658634424209595,0.7999089470375635
2020-07-09,2.980316497705208,-0.013978958129882812,0.7510202501499323
2020-07-10,3.067038935364274,0.029098398685455325,0.818113951201631
2020-07-13,3.014586345555119,-0.01710202932357788,0.7598280961843384
2020-07-14,3.0411973524051286,0.008827415704727172,0.7796175831850457
2020-07-15,3.1405266837069803,0.03266125798225403,0.867513678353103
2020-07-16,3.089603129158855,-0.016214972734451293,0.8464203339523877
2020-07-17,3.071157483869158,-0.005970231294631958,0.8260294596010533
2020-07-20,3.0883531156817914,0.005599071979522704,0.8487275020342543
2020-07-21,3.107097670126001,0.006069433689117432,0.8395527418496742
2020-07-22,3.116964364449671,0.0031755340099334723,0.8321149730674452
2020-07-23,3.0749618587089027,-0.013475452661514281,0.7721332065270341
2020-07-24,3.045096407197171,-0.009712462425231933,0.7736860783311006
2020-07-27,3.056829313711152,0.003853049278259278,0.7565607482553479
2020-07-28,3.0491130262237514,-0.0025242781639099117,0.7669021018776729
2020-07-29,3.085694092954315,0.011997281312942504,0.7988138538935284
2020-07-30,3.0546059035925555,-0.010074942111968995,0.8099023620289947
2020-07-31,3.0432367401567353,-0.0037219738960266114,0.8353086242714561
2020-08-03,3.070962325086059,0.009110558032989503,0.8849414237852283
2020-08-04,3.1130405897951796,0.013701980113983155,0.9996446584308791
2020-08-05,3.1446927781462475,0.010167611837387085,1.0018200206354582
2020-08-06,3.167272854864039,0.007180376052856445,1.0228714501706904
2020-08-07,3.1611603933456505,-0.0019298815727233887,0.9611752722005672
2020-08-10,3.2066817115305506,0.014400192499160766,1.0160001722112797
2020-08-11,3.1779085845121626,-0.008972866535186768,1.0321842232526306
2020-08-12,3.2097864291726794,0.010031076669692992,1.0176730639565408
2020-08-13,3.192977114399832,-0.005236895084381103,1.0964448146620132
2020-08-14,3.1991146807788673,0.001922208070755005,1.1147327200575115
2020-08-17,3.1992821568621537,5.2350759506225434e-05,1.060973965724192
2020-08-18,3.1970567727017625,-0.0006955885887145993,1.021191674164198
2020-08-19,3.184504146434103,-0.003926306962966919,1.0305003169497884
2020-08-20,3.1920097535336533,0.0023569154739379885,1.0195540257125022
2020-08-21,3.1855515430631165,-0.0020232427120208743,1.0126823554098252
2020-08-24,3.2516890037067743,0.020761698484420776,1.142720356615454
2020-08-25,3.258881072709414,0.002211794853210449,1.119933810171844
2020-08-26,3.2746047451488898,0.004824868440628052,1.1451081302787924
2020-08-27,3.2956024029516797,0.0064122724533081064,1.1405133467867479
2020-08-28,3.346468342812915,0.015434489250183108,1.141675298090691
2020-08-31,3.325380777326294,-0.006301438808441162,1.1219762443234986
2020-09-01,3.355282136225803,0.008991860151290894,1.1668720900223934
2020-09-02,3.3988791754349754,0.012993553876876831,1.158752494357877
2020-09-03,3.2993786930492353,-0.029274498224258424,1.036505421014556
2020-09-04,3.291864466127749,-0.002277467250823975,1.0405106209282609
2020-09-08,3.1942441587673716,-0.029655020236968994,0.9403741553834442
2020-09-09,3.22798961059128,0.010564455986022951,0.955054484957937
2020-09-10,3.177182220053024,-0.015739638805389405,0.8897756521431842
2020-09-11,3.180711329616635,0.001110767126083374,0.8926297055158142
2020-09-14,3.2366084350319233,0.017573775053024293,0.9334183636382276
2020-09-15,3.251123382682032,0.004484616518020629,0.9414733970486041
2020-09-16,3.277204238081548,0.00802210569381714,0.9658834168956342
2020-09-17,3.252095250301683,-0.007661709785461427,0.9551289935636844
2020-09-18,3.2131995482106364,-0.011960197687149047,0.9245514237299256
2020-09-21,3.1423285976975612,-0.022056193351745607,0.8884342420023078
2020-09-22,3.1577052555762695,0.004893395900726318,0.8998747807956913
2020-09-23,3.0686522214245064,-0.028201819658279417,0.8744309618394803
2020-09-24,3.073454870107757,0.0015650677680969238,0.8500570562638231
2020-09-25,3.1272249715017884,0.01749500274658203,0.8999088749158897
2020-09-28,3.187950417577478,0.019418317079544067,0.9638506968379562
2020-09-29,3.159166451880716,-0.009028987884521486,0.933936477531623
2020-09-30,3.1751604295102442,0.005062720775604247,0.9806997798254539
2020-10-01,3.1927356483001756,0.005535222291946412,1.0391166097983218
2020-10-02,3.1761211224248336,-0.005203852653503417,0.9990564432764016
2020-10-05,3.2325892618693377,0.017778962850570682,1.016976332598767
2020-10-06,3.1806242656364305,-0.016075347661972047,0.9787698233286527
2020-10-07,3.2489203774255273,0.02147254943847656,1.0772925100663648
2020-10-08,3.300177990643331,0.015776814222335817,1.0913709374555023
2020-10-09,3.3051511337429256,0.0015069317817687983,1.0905248353002877
2020-10-12,3.3288804028192884,0.007179480791091918,1.0632499542151825
2020-10-13,3.293855789677832,-0.01052143931388855,1.032390509650231
2020-10-14,3.277924020551155,-0.0048368144035339355,0.9847696613314948
2020-10-15,3.2883764836720744,0.0031887447834014894,1.0075791830604002
2020-10-16,3.2728921088062486,-0.004708820581436158,0.9839803089857289
2020-10-19,3.243976860687559,-0.00883476972579956,0.9732798629282541
2020-10-20,3.27418869536674,0.00931320905685425,0.9568622272603164
2020-10-21,3.24246052727295,-0.009690390825271606,0.9390110595344121
2020-10-22,3.307670039212382,0.020111119747161864,0.9769560020448121
2020-10-23,3.311952739546836,0.0012947785854339592,0.9667351902652032
2020-10-26,3.2212187881846517,-0.027395907640457153,0.8855224941645579
2020-10-27,3.186612803029776,-0.010743134021759035,0.8520250560702118
2020-10-28,3.0670212295974095,-0.037529370784759514,0.7582452520498835
2020-10-29,3.1288150709788507,0.02014783620834351,0.7922470446164701
2020-10-30,3.1117105625505523,-0.005466768741607666,0.7938558964486235
2020-11-02,3.1534707237978084,0.013420323133468626,0.7890607521046954
2020-11-03,3.2089853076310066,0.017604280710220337,0.8012027125344235
2020-11-04,3.2516753985052063,0.013303298950195313,0.8270523677354958
2020-11-05,3.336030300162406,0.025941981077194216,0.9018352982462656
2020-11-06,3.3389922282239968,0.0008878600597381592,0.8961175881315969
2020-11-09,3.5480372824511477,0.06260722994804384,1.0241808054625865
2020-11-10,3.532600983339398,-0.004350658655166627,1.0147017298207652
2020-11-11,3.5553441260668555,0.006438072919845582,1.01793737297716
2020-11-12,3.496587320538646,-0.01652633428573608,0.9849163131335985
2020-11-13,3.5848519069664455,0.025243066549301144,1.047088390301655
2020-11-16,3.688228358802006,0.02883702158927918,1.0902851901262336
2020-11-17,3.7085545595846328,0.005511101484298706,1.0995955778046655
2020-11-18,3.6907272277566268,-0.0048070836067199705,1.090049040050928
2020-11-19,3.7357774061475637,0.012206314802169799,1.1245099063093795
2020-11-20,3.7022354467745817,-0.008978575468063356,1.0977609116422768
2020-11-23,3.8091537648895635,0.02887939453125,1.1552799804157847
2020-11-24,3.9295124242093924,0.03159721732139588,1.2044909963303803
2020-11-25,3.9584560198448426,0.0073656964302063,1.222840119410939
2020-11-27,3.978133301635404,0.004970948696136474,1.22275287123394
2020-11-30,3.941489752294355,-0.009211242198944092,1.2127763410876828
2020-12-01,3.974393097503984,0.008347946405410768,1.2522862738614875
2020-12-02,4.030073720314039,0.01400984287261963,1.2972401195449552
2020-12-03,4.08668394170981,0.01404694437980652,1.3025286621206211
2020-12-04,4.158783006587854,0.017642437219619753,1.3400812890276748
2020-12-07,4.174861868825192,0.003866242170333863,1.325309011546204
2020-12-08,4.205308440602988,0.0072928333282470705,1.3373518012386656
2020-12-09,4.145486047514468,-0.01422544717788696,1.295172687684125
2020-12-10,4.166800480111886,0.005141600370407105,1.293732894854157
2020-12-11,4.127113971184127,-0.0095244562625885,1.2425989573811778
2020-12-14,4.0909084524105666,-0.008772599697113036,1.2329644791492904
2020-12-15,4.136237860591995,0.01108052372932434,1.2321369991217808
2020-12-16,4.125986039699454,-0.0024785375595092777,1.2178167204380759
2020-12-17,4.135927966555398,0.0024095880985260006,1.2193066418750955
2020-12-18,4.102866577361742,-0.007993705272674562,1.1892572004312028
2020-12-21,4.087892547025534,-0.0036496508121490476,1.1681597809313184
2020-12-22,4.044272193352328,-0.010670621395111084,1.1334466585144571
2020-12-23,4.0823418883130405,0.00941323757171631,1.152097507177186
2020-12-24,4.0702927182693776,-0.0029515337944030764,1.1323762050885389
2020-12-28,4.073935783503072,0.0008950376510620115,1.1439046771349246
2020-12-29,4.066607543170005,-0.0017988109588623045,1.159184715211229
2020-12-30,4.091850125182699,0.006207282543182374,1.1621813937914238
2020-12-31,4.087450188099255,-0.0010752928256988518,1.1240975220798028
2021-01-04,4.035621002720968,-0.012680077552795412,1.1126389736981446
2021-01-05,4.108060956044784,0.017950137853622438,1.143291883920614
2021-01-06,4.14393152811856,0.008731752634048462,1.1575006494283004
2021-01-07,4.226047331395914,0.019815917015075686,1.1945448915130634
2021-01-08,4.222039073961214,-0.0009484648704528809,1.1824812663461337
2021-01-11,4.231628276567119,0.0022712254524230955,1.2003471222862117
2021-01-12,4.298663493010341,0.015841470956802366,1.204877813604254
2021-01-13,4.297871526279367,-0.0001842355728149414,1.201079037249756
2021-01-14,4.350083893541318,0.012148424386978149,1.2333820679091232
2021-01-15,4.270254734145459,-0.01835117697715759,1.1713159331019647
2021-01-19,4.328012172724089,0.013525525331497193,1.1971642548317214
2021-01-20,4.3773817861895745,0.011406995058059696,1.2304515580839122
2021-01-21,4.359314450493099,-0.004127429723739624,1.2219131866337554
2021-01-22,4.350736842572611,-0.0019676506519317625,1.206469530917076
2021-01-25,4.345212637099172,-0.0012697172164916992,1.2255685901487234
2021-01-26,4.321083547123859,-0.005553028583526611,1.268811909843539
2021-01-27,4.225780529619344,-0.022055351734161375,1.1830111192643507
2021-01-28,4.286971774237681,0.014480459690093993,1.2273125285045585
2021-01-29,4.199956264965616,-0.02029766321182251,1.1685432766044477
2021-02-01,4.243960455426113,0.010477297306060793,1.2356532947151107
2021-02-02,4.307145046678254,0.014888119697570801,1.2337757974899155
2021-02-03,4.37062816364555,0.01473902463912964,1.2185081128177944
2021-02-04,4.4290136845343975,0.01335861086845398,1.2371267847483909
2021-02-05,4.455277120355171,0.005929861068725586,1.2432929633057013
2021-02-08,4.54094631460988,0.0192287015914917,1.2908020332976302
2021-02-09,4.527763741227503,-0.0029030454158782957,1.2650461597182043
2021-02-10,4.531867423295591,0.0009063374996185306,1.2562297995609346
2021-02-11,4.525917865962527,-0.0013128268718719488,1.2319937383407513
2021-02-12,4.554135490461149,0.006234674453735351,1.248403121000918
2021-02-16,4.589766010155816,0.007823772430419922,1.2714722896359199
2021-02-17,4.6021952111574205,0.0027080249786376955,1.2830035248302398
2021-02-18,4.54933987853639,-0.011484808921813966,1.2316104323733112
2021-02-19,4.61926236206185,0.015369808673858643,1.276676801872774
2021-02-22,4.607131333621676,-0.0026261830329895024,1.3024778774987449
2021-02-23,4.592777068046895,-0.0031156623363494873,1.394550196634834
2021-02-24,4.6941395985019065,0.02206998705863953,1.526250672573499
2021-02-25,4.530038787840198,-0.034958655834198,1.4527836251074582
2021-02-26,4.5291321059182845,-0.00020014882087707558,1.5680403715764346
2021-03-01,4.652628564211956,0.027267135381698605,1.6230588621296913
2021-03-02,4.624521236893629,-0.006041171550750733,1.524856380826905
2021-03-03,4.589284773768214,-0.007619483470916748,1.5800988364017707
2021-03-04,4.512834576220562,-0.016658412218093874,1.4625800411167962
2021-03-05,4.558815618051054,0.010188949108123778,1.578558186180223
2021-03-08,4.533937304662895,-0.00545718789100647,1.6141995971056005
2021-03-09,4.614856847303781,0.01784752130508423,1.9244428633597774
2021-03-10,4.6487118286724325,0.007336084842681885,1.8328086935203538
2021-03-11,4.718929660003051,0.015104793310165406,2.0131410373979017
2021-03-12,4.757199374618079,0.008109829425811768,2.4091193627606295
2021-03-15,4.803325160944724,0.009695996046066286,2.2514810928062183
2021-03-16,4.754302128459421,-0.010206061601638795,2.7017300750906004
2021-03-17,4.797120040134033,0.009006140232086181,2.6287832207379385
2021-03-18,4.6765328031750775,-0.025137423276901247,2.8755685661125954
2021-03-19,4.701840550500279,0.0054116475582122806,2.7944350346876328
2021-03-22,4.707025478559141,0.0011027443408966066,2.842922651646923
2021-03-23,4.604295376722652,-0.0218248450756073,2.8145671039340767
2021-03-24,4.546449842303951,-0.012563384771347046,2.5772175729110085
2021-03-25,4.578673483468683,0.007087649106979369,2.5179251254969044
2021-03-26,4.635652740736705,0.012444490194320678,2.4212797862851847
2021-03-29,4.595179910185033,-0.008730772733688354,2.5897295962413107
2021-03-30,4.621729469954444,0.005777697563171386,2.561065095737807
2021-03-31,4.647892011696575,0.005660768747329713,2.5927970753332046
2021-04-01,4.723784381860924,0.016328341960906982,2.9365095851189618
2021-04-05,4.782456525507229,0.012420580387115479,2.9259379307352242
2021-04-06,4.7950224770509395,0.0026275098323822023,2.977906331407215
2021-04-07,4.798265193221603,0.0006762671470642088,2.799758700083671
2021-04-08,4.803106016194006,0.0010088694095611573,2.7518738723986282
2021-04-09,4.818356513124481,0.0031751322746276854,2.6309859089946417
2021-04-12,4.784188512796781,-0.007091214656829834,2.5321510474199718
2021-04-13,4.805411061777016,0.00443597674369812,2.5631448873950093
2021-04-14,4.7913623024693,-0.0029235291481018075,2.4525922235956283
2021-04-15,4.811424175265696,0.0041870915889739985,2.581203419050135
2021-04-16,4.810186023089208,-0.000257335901260376,2.638592828694379
2021-04-19,4.760901119474756,-0.0102459454536438,2.457633313538901
2021-04-20,4.673446447081725,-0.0183693528175354,2.4586057902608385
2021-04-21,4.754474864648595,0.017338043451309206,2.6623362849335837
2021-04-22,4.688284057770169,-0.013921791315078735,2.5196729177324597
2021-04-23,4.7599624962772955,0.01528884291648865,2.526889174381302
2021-04-26,4.8031247482316815,0.009067771434783935,2.526724624071984
2021-04-27,4.80204080254476,-0.00022567510604858403,2.453449009697755
2021-04-28,4.8039369273572055,0.0003948581218719482,2.417915786677437
2021-04-29,4.820145557502815,0.0033740305900573733,2.264043309804173
2021-04-30,4.7955774910597295,-0.0050969552993774415,2.3215355769401675
2021-05-03,4.79783221525278,0.0004701673984527587,2.5712933960134015
2021-05-04,4.7509874332141075,-0.00976373910903931,2.504655001203786
2021-05-05,4.76989184938508,0.003979049921035767,2.5486184384047674
2021-05-06,4.775198981591497,0.0011126315593719483,2.58850726111151
2021-05-07,4.830447735203738,0.011569937467575073,2.5530187117701786
2021-05-10,4.752604970861373,-0.016115020513534545,2.3689446523875786
2021-05-11,4.7237601886410605,-0.006069257259368897,2.3870017221547006
2021-05-12,4.611121264113907,-0.023845182657241823,2.392956294178238
2021-05-13,4.626180040761206,0.003265751600265503,2.571965461206821
2021-05-14,4.74274589054806,0.02519699811935425,2.5934678212819895
2021-05-17,4.749777869938522,0.0014826810359954837,2.58685198463449
2021-05-18,4.721345930335966,-0.00598595142364502,2.3788994312886977
2021-05-19,4.696796632140193,-0.005199639797210693,2.429759517012448
2021-05-20,4.745640571803995,0.010399415493011472,2.370174472417533
2021-05-21,4.752907319220734,0.0015312469005584715,2.387086119709301
2021-05-24,4.8121059738922165,0.012455251216888428,2.438473236367317
2021-05-25,4.790253064227307,-0.004541236162185669,2.3135038011007274
2021-05-26,4.842983469366634,0.011007853746414184,2.2873044680730956
2021-05-27,4.890113333209598,0.009731576442718506,2.4243998356929666
2021-05-28,4.886258584934543,-0.0007882738113403322,2.413180200709155
2021-06-01,4.937024745479255,0.010389577150344848,2.385370180274517
2021-06-02,4.967048979233731,0.006081442832946778,2.3608463018901897
2021-06-03,4.925466056758005,-0.008371756076812745,2.2159672582148864
2021-06-04,4.968721666741681,0.008782033920288087,2.181987434411837
2021-06-07,4.971519367234509,0.0005630624294281009,2.016325843046948
2021-06-08,4.954604832674712,-0.003402286767959595,1.8635659798245778
2021-06-09,4.920073550956842,-0.0069695329666137696,1.9220998530805329
2021-06-10,4.9216470979061,0.00031982183456420884,2.0493713323755105
2021-06-11,4.943229854553049,0.004385271072387695,2.605509090019113
2021-06-14,4.936351832259452,-0.0013914024829864498,2.454348478583949
2021-06-15,4.922812361744229,-0.002742809057235718,2.381202607956788
2021-06-16,4.913364421900274,-0.0019192159175872804,2.293815082056041
2021-06-17,4.876194134476596,-0.007565139532089233,2.327535726353819
2021-06-18,4.814321494586662,-0.01268871545791626,2.245422644710887
2021-06-21,4.884992677794098,0.014679365158081057,2.3723536895180892
2021-06-22,4.903749509559821,0.0038396847248077393,2.383911917122923
2021-06-23,4.926988177794873,0.004738959074020386,2.3837243784461766
2021-06-24,4.968318430620217,0.008388543128967285,2.679946489254663
2021-06-25,4.992841446818804,0.004935878515243531,2.636890925836742
2021-06-28,4.9775589716561495,-0.0030608773231506356,2.802305242650599
2021-06-29,4.959943345188351,-0.0035390090942382813,2.6697846106278744
2021-06-30,4.989103398193986,0.005879110097885132,2.6330492637354346
2021-07-01,5.004907301593022,0.0031676840782165526,2.6572410646704268
2021-07-02,5.019736313608113,0.002962894439697265,2.6534120644743386
2021-07-06,4.968791968751074,-0.01014880895614624,2.500890477025719
2021-07-07,4.929549181887536,-0.007897852659225463,2.567528265600057
2021-07-08,4.875745307073053,-0.010914562940597537,2.4669004848288782
2021-07-09,4.966035025377534,0.018518136739730837,2.627080413890969
2021-07-12,4.97084274369354,0.0009681200981140139,2.5105378612618177
2021-07-13,4.921171286738331,-0.009992562532424925,2.5530288490562714
2021-07-14,4.875556760917649,-0.009269038438796999,2.460066951514231
2021-07-15,4.831708200594608,-0.008993549346923826,2.2756518914571533
2021-07-16,4.748851919939404,-0.017148444652557375,2.269941876745773
2021-07-19,4.656871202370538,-0.019369043111801147,2.1915628242589893
2021-07-20,4.759037355431133,0.021938797235488892,2.262453116256654
2021-07-21,4.874560434741502,0.024274463653564452,2.3392829787344365
2021-07-22,4.8590328832097995,-0.0031854259967803956,2.3070138334698544
2021-07-23,4.872607392980278,0.0027936649322509765,2.3947432087893503
2021-07-26,4.917678009962593,0.009249794483184815,2.491729049065276
2021-07-27,4.872486101114369,-0.009189684391021727,2.42307826582583
2021-07-28,4.913466727716721,0.008410619497299196,2.476844935043701
2021-07-29,4.938039315361279,0.005001069307327271,2.4448000343399974
2021-07-30,4.88512232850087,-0.010716193914413452,2.4411258316391686
2021-08-02,4.878900456843189,-0.001273636817932129,2.4539841787812233
2021-08-03,4.930835408741389,0.010644806623458862,2.46088619355453
2021-08-04,4.893399331853437,-0.007592238187789919,2.356237153060919
2021-08-05,4.952171162468207,0.012010430097579957,2.364425046126494
2021-08-06,4.982415341556019,0.006107256412506103,2.359378277095952
2021-08-09,4.981063469339978,-0.00027132868766784664,2.367932727896039
2021-08-10,5.022148243495382,0.00824819326400757,2.3406586991157683
2021-08-11,5.025764646573667,0.0007200908660888673,2.392500393285963
2021-08-12,5.027835419478,0.0004120314121246331,2.346313191488666
2021-08-13,5.002767297064413,-0.004985867738723754,2.347671512675985
2021-08-16,4.960777739398397,-0.008393266201019286,2.2930735384663774
2021-08-17,4.901744179861873,-0.011900061368942262,2.228243477443528
2021-08-18,4.8680686988864235,-0.006870101690292358,2.1956051861860826
2021-08-19,4.809488158382295,-0.01203363060951233,2.151038696659761
2021-08-20,4.847618076214727,0.007928061485290528,2.1777034002295266
2021-08-23,4.952081453204493,0.021549423933029173,2.2842258350423066
2021-08-24,5.002624130180782,0.010206350088119506,2.2399511671752874
2021-08-25,5.030830701041892,0.005638355016708373,2.256549228874651
2021-08-26,4.974189584195311,-0.011258800029754639,2.1724672998208088
2021-08-27,5.05817178653723,0.016883594989776613,2.2186916283730356
2021-08-30,5.023226229952795,-0.006908732652664185,2.111246973793895
2021-08-31,5.032059305507158,0.00175844669342041,2.1527995400506588
2021-09-01,5.013867534062429,-0.003615174293518067,2.091037223742275
2021-09-02,5.05256520529453,0.007718127965927125,2.067242435533771
2021-09-03,5.035278270408838,-0.003421417474746704,2.2210063774411077
2021-09-07,5.045992239410837,0.002127780914306641,2.2435543357364187
2021-09-08,4.981532273443427,-0.012774487733840944,2.3513216637137213
2021-09-09,4.9979694199029785,0.0032996165752410883,2.316728094567551
2021-09-10,4.963647024013475,-0.006867268085479736,2.3688192868386353
2021-09-13,5.0166657366545175,0.010681402683258057,2.4150830404831476
2021-09-14,4.956019146220515,-0.01208902359008789,2.2659729673121336
2021-09-15,5.0286749698617585,0.014660117626190187,2.312974492905474
2021-09-16,5.025936428955858,-0.0005445849895477296,2.2704858513386954
2021-09-17,4.995800574756727,-0.005996067523956298,2.279782398770295
2021-09-20,4.881078495716032,-0.02296370267868042,2.2118821053526787
2021-09-21,4.8820865096742025,0.000206514596939087,2.3412651499206723
2021-09-22,4.969486367075565,0.01790215253829956,2.399741491341435
2021-09-23,5.070566509628873,0.020340158939361575,2.6656027201421226
2021-09-24,5.086624551581618,0.003166912794113159,2.6737530804496776
2021-09-27,5.133165721120697,0.009149715900421143,2.637598712821644
2021-09-28,5.0403788306215205,-0.018075958490371705,2.4424741847480953
2021-09-29,5.027429967591057,-0.0025690257549285888,2.4787437443321587
2021-09-30,4.9838735967162435,-0.008663744926452636,2.405251944652306
2021-10-01,5.071181014210046,0.01751798391342163,2.4591197950596895
2021-10-04,5.034480681399912,-0.0072370386123657236,2.447700869193737
2021-10-05,5.086634739104711,0.01035937190055847,2.415561300086541
2021-10-06,5.0691107455206,-0.00344510555267334,2.4896759446149415
2021-10-07,5.119296815668464,0.00990036964416504,2.440587655065544
2021-10-08,5.123036780464189,0.0007305622100830078,2.3691583843763238
2021-10-11,5.086777463557074,-0.007077699899673462,2.3223943710631922
2021-10-12,5.079037305287898,-0.001521623134613037,2.278072872457492
2021-10-13,5.080174520309542,0.0002239036560058593,2.338144846948839
2021-10-14,5.158251748945583,0.015369005203247072,2.438086035904216
2021-10-15,5.193558726665358,0.006844756603240966,2.456201591953344
2021-10-18,5.2079844064119545,0.002777609825134277,2.496247038629001
2021-10-19,5.231725748604932,0.004558643102645874,2.5691211317994793
2021-10-20,5.262851231563408,0.005949372053146362,2.553034169634093
2021-10-21,5.262452342878536,-7.579326629638739e-05,2.6073602913153557
2021-10-22,5.243146445791853,-0.003668612241744995,2.494168643551203
2021-10-25,5.296972981144371,0.010266075134277346,2.538455892589995
2021-10-26,5.306583530859779,0.0018143475055694576,2.722191834951698
2021-10-27,5.2393091713348765,-0.012677527666091919,2.710026226021249
2021-10-28,5.303010349820249,0.012158316373825072,3.0334682676588884
2021-10-29,5.297476988795169,-0.001043437719345093,2.932960171484589
2021-11-01,5.370848124464255,0.013850203752517701,3.033667935192933
2021-11-02,5.370123125324682,-0.0001349878311157225,2.965869102492107
2021-11-03,5.409271558285476,0.007290043830871582,2.919269768311659
2021-11-04,5.4350275681608125,0.004761456251144409,2.8780391235829983
2021-11-05,5.480443475887191,0.00835615038871765,2.804668607533669
2021-11-08,5.519104797175348,0.007054414749145508,2.8373426495483836
2021-11-09,5.478479090132475,-0.007360923290252686,2.598576312292805
2021-11-10,5.3923360806586915,-0.01572389125823975,2.5215961068491226
2021-11-11,5.419185975263385,0.004979269504547119,2.5136871777584187
2021-11-12,5.453364412555718,0.006306931972503663,2.6589246546243657
2021-11-15,5.456110250363948,0.0005035126209259033,2.5392770435376133
2021-11-16,5.438299325334359,-0.003264399766921997,2.381047611020229
2021-11-17,5.408339631578055,-0.005509018898010254,2.3145227126603154
2021-11-18,5.3982153385304885,-0.0018719780445098876,2.3330274318885666
2021-11-19,5.363040541468891,-0.006516004800796509,2.2243159061242914
2021-11-22,5.354085149458885,-0.0016698348522186284,2.271508207570375
2021-11-23,5.364292648235387,0.0019064879417419437,2.1401153194519322
2021-11-24,5.387112247847913,0.004253981113433837,2.009024809736631
2021-11-26,5.269500948021125,-0.021831974983215333,1.8141295710145768
2021-11-29,5.319079990975958,0.009408679008483887,1.839184225224165
2021-11-30,5.206435197243352,-0.02117749571800232,1.7543625079078122
2021-12-01,5.0903947375314695,-0.022287890911102292,1.5567504656041642
2021-12-02,5.189020103973164,0.019374797344207766,1.5839629326442652
2021-12-03,5.129245446599717,-0.011519449949264527,1.4326865327090872
2021-12-06,5.201582505031786,0.014102865457534789,1.4143228861229533
2021-12-07,5.304744683226171,0.019832844734191894,1.500032617010823
2021-12-08,5.339352718278702,0.006523977518081665,1.4957284298089204
2021-12-09,5.266131502108378,-0.013713500499725343,1.499153631166708
2021-12-10,5.290987862669123,0.004720041751861573,1.4967492485082152
2021-12-13,5.199268171582882,-0.017335078716278075,1.4449254020165132
2021-12-14,5.186099549663061,-0.00253278374671936,1.483783353212178
2021-12-15,5.2572389365580126,0.01371731996536255,1.4977628889614154
2021-12-16,5.213030428707228,-0.00840907335281372,1.4609089661939954
2021-12-17,5.198170559382172,-0.0028505241870880123,1.4296662875589612
2021-12-20,5.1419620646320725,-0.010813130140304565,1.4116655731311145
2021-12-21,5.2773187509913475,0.026323937177658085,1.5710263079415565
2021-12-22,5.3199042305095645,0.008069529533386232,1.6825039076055424
2021-12-23,5.365041196040467,0.008484544754028319,1.6775104409658004
2021-12-27,5.407858694151693,0.007980833053588866,1.7402868482961504
2021-12-28,5.385179534974185,-0.004193741083145141,1.7098432261877397
2021-12-29,5.368610850534744,-0.0030767190456390385,1.702145790156716
2021-12-30,5.369598480456722,0.0001839637756347656,1.6678142629161892
2021-12-31,5.3435325759907695,-0.00485434889793396,1.644967850566123
2022-01-03,5.463030981887223,0.022363184690475463,1.840787377588802
2022-01-04,5.485309252563701,0.00407800555229187,1.7685342009722855
2022-01-05,5.3685060312172785,-0.02129382610321045,1.58201155898079
2022-01-06,5.378184013902439,0.0018027329444885256,1.4867606024886593
2022-01-07,5.402640167777742,0.004547288417816162,1.5184561114106285
2022-01-10,5.397738638334182,-0.0009072470664978027,1.4999457550960074
2022-01-11,5.474330183272961,0.014189561605453493,1.4915177501338277
2022-01-12,5.479093477698475,0.0008701145648956298,1.4976799776974081
2022-01-13,5.417054824628197,-0.011322795152664183,1.3606943869309627
2022-01-14,5.442918766703182,0.004774539470672608,1.5041423576445696
2022-01-18,5.31721649249065,-0.02309464454650879,1.2810072317191006
2022-01-19,5.23308460639875,-0.015822542905807497,1.1199181785889833
2022-01-20,5.160026570408058,-0.013960797786712647,1.0596134579470575
2022-01-21,4.964153388684124,-0.03795972347259521,0.8317505557773839
2022-01-24,4.98636816399249,0.004475038051605224,0.8639353326389214
2022-01-25,4.956763404115646,-0.0059371387958526605,0.8617065668695931
2022-01-26,4.937468213789681,-0.003892699480056763,0.971578217218539
2022-01-27,4.856712215283253,-0.0163557505607605,0.7954125528969291
2022-01-28,4.95421566570508,0.02007601976394654,1.025099330640322
2022-01-31,5.121773480528079,0.033821259737014775,1.1393169119141555
2022-02-01,5.206931587012232,0.016626683473587034,1.1480911836642629
2022-02-02,5.172126858485771,-0.0066843068599700935,1.030859814555832
2022-02-03,5.011558880187963,-0.03104486465454102,0.7726050300514795
2022-02-04,5.073426875809149,0.012345060110092164,0.8066464220607777
2022-02-07,5.0616754983598335,-0.00231626033782959,0.6915786467319373
2022-02-08,5.088807594237686,0.005360299348831176,0.7371912139616495
2022-02-09,5.219728592016131,0.02572724461555481,0.8662251567003274
2022-02-10,5.1269820693118975,-0.01776845693588257,0.7721514407715524
2022-02-11,5.020423178763612,-0.020783940553665163,0.6208940493891424
2022-02-14,4.9977263044685625,-0.00452090859413147,0.5542178348641443
2022-02-15,5.116969369004938,0.023859462738037105,0.6636538459789066
2022-02-16,5.093019485215695,-0.004680482149124146,0.7014533744155138
2022-02-17,4.951803320698396,-0.027727395296096802,0.4653316002985016
2022-02-18,4.890545187282039,-0.01237087368965149,0.4123411347814988
2022-02-22,4.8061311091070635,-0.01726066827774048,0.33547901019259047
2022-02-23,4.711226616497039,-0.019746546745300294,0.11348952654072131
2022-02-24,4.81169595277192,0.021325515508651735,0.417500247231466
2022-02-25,4.958217535922013,0.030451130867004392,0.5748835370898877
2022-02-28,4.97912831937855,0.004217399358749391,0.4570868577987398
2022-03-01,4.889683771150126,-0.017963896989822384,0.3914923040590102
2022-03-02,4.9792301889767865,0.018313335180282594,0.528041056177325
2022-03-03,4.8928606368469545,-0.017345964908599854,0.5242050715082478
2022-03-04,4.815227905387059,-0.01586653232574463,0.38470897683262933
2022-03-07,4.647440747011299,-0.034845112562179564,0.22498852036134873
2022-03-08,4.665255082984274,0.0038331496715545655,0.1524641184021673
2022-03-09,4.826672354493439,0.03459988117218017,0.2908574616291434
2022-03-10,4.802547318530089,-0.0049982750415802,0.1875912737155824
2022-03-11,4.7224543298260455,-0.01667718887329102,0.059153893587958674
2022-03-14,4.637104490810099,-0.018073195219039915,-0.08386921882417636
2022-03-15,4.7543674846396735,0.02528797745704651,0.0980164176820842
2022-03-16,4.942653842831865,0.0396028196811676,0.24953128483311973
2022-03-17,5.040078797769142,0.01971106171607971,0.4759263657145
2022-03-18,5.130465506573244,0.017933590412139894,0.5369868475145896
2022-03-21,5.104720662437244,-0.005018032789230346,0.5061297592382699
2022-03-22,5.205717561181706,0.01978500008583069,0.7156951678830693
2022-03-23,5.150751364909626,-0.010558812618255616,0.7261973870094146
2022-03-24,5.22398736442409,0.01421850800514221,0.7606222764124341
2022-03-25,5.226156849695195,0.00041529297828674306,0.7015814454289462
2022-03-28,5.2542872229698405,0.005382611751556396,0.7730541785264313
2022-03-29,5.378933264700385,0.02372273087501526,0.857751481397074
2022-03-30,5.312011155192549,-0.012441520690917968,0.7659832736105471
2022-03-31,5.198702118950163,-0.021330722570419312,0.5766789327177652
2022-04-01,5.210005799274094,0.002174327373504639,0.5266770361959664
2022-04-04,5.306935428226764,0.018604514598846437,0.6037844690595666
2022-04-05,5.186714697753609,-0.022653512954711918,0.4849479128066295
2022-04-06,5.076033047039941,-0.021339452266693114,0.37274504119868834
2022-04-07,5.074602166933848,-0.00028188943862915005,0.3558465338056995
2022-04-08,5.0565249287413065,-0.0035622966289520263,0.37331058284355756
2022-04-11,5.000190089106253,-0.011141018867492676,0.29656900830011407
2022-04-12,4.980797219100522,-0.003878426551818848,0.2918712816990141
2022-04-13,5.074425993956585,0.018797949552536008,0.36195422530476656
2022-04-14,4.995530740540619,-0.01554762125015259,0.2865703570214831
2022-04-18,4.996396956860331,0.00017339825630188,0.3376509644054843
2022-04-19,5.100282853893999,0.020792162418365477,0.5278140360396538
2022-04-20,4.985389227354059,-0.022526912689208988,0.33303822866838656
2022-04-21,4.87800502284438,-0.021539783477783202,0.29514693924745844
2022-04-22,4.749259249506839,-0.026393120288848878,0.09315115899487064
2022-04-25,4.775866217886854,0.005602340698242188,0.0765371770911253
2022-04-26,4.600465766739655,-0.03672641634941101,-0.09751712037642443
2022-04-27,4.576980774999154,-0.005104916095733643,-0.12353265703368584
2022-04-28,4.7116612385649965,0.029425612688064578,-0.00017054788921586138
2022-04-29,4.554581519131908,-0.03333850026130676,-0.13108271673205052
2022-05-02,4.642038446423157,0.01920196771621704,-0.04407565428098298
2022-05-03,4.667850315943697,0.0055604600906372075,0.026696503742198684
2022-05-04,4.815482907884617,0.03162753343582153,0.15284987394854394
2022-05-05,4.592863441800322,-0.046229935884475715,-0.06225631505162169
2022-05-06,4.525353850387307,-0.014698802232742312,-0.17963787152090074
2022-05-09,4.284449991946243,-0.05323425889015198,-0.3370679692200967
2022-05-10,4.300329118074453,0.0037062227725982665,-0.2944929531710587
2022-05-11,4.171236735256359,-0.0300191867351532,-0.3204167230380821
2022-05-12,4.200327804373357,0.006974207162857055,-0.3041792421054214
2022-05-13,4.397412153399937,0.04692118287086487,-0.2067150133805912
2022-05-16,4.352553690825247,-0.010201104879379272,-0.25652296551670345
2022-05-17,4.493151132885236,0.03230228781700135,-0.09184592811308048
2022-05-18,4.288612837571597,-0.04552223801612854,-0.25811479282972966
2022-05-19,4.283921753174086,-0.001093846559524536,-0.30627266151864857
2022-05-20,4.250040788336673,-0.00790886640548706,-0.3454563694658651
2022-05-23,4.313382938426002,0.014903892278671263,-0.3350558078822642
2022-05-24,4.1793316437372345,-0.03107799530029297,-0.442012478282408
2022-05-25,4.268813252999207,0.021410506963729863,-0.39787191325813764
2022-05-26,4.392108284524839,0.028882741928100582,-0.31698135085304757
2022-05-27,4.536239830346212,0.03281602740287781,-0.17783883120726804
2022-05-31,4.526522900903103,-0.002142066955566407,-0.22886479193980655
2022-06-01,4.443346500411979,-0.01837534070014954,-0.32736349936702636
2022-06-02,4.582489885732867,0.03131499767303467,-0.16539454828209751
2022-06-03,4.447834478073413,-0.029384769201278686,-0.3168280364285138
2022-06-06,4.461593112329687,0.003093333244323731,-0.3066948824494495
2022-06-07,4.5138263317777625,0.011707302331924439,-0.24608526093942892
2022-06-08,4.4687724194531135,-0.009981312751770017,-0.2579996798455722
2022-06-09,4.302738435250408,-0.03715427160263061,-0.40312897981698587
2022-06-10,4.146037129716784,-0.03641897082328797,-0.5586504870891642
2022-06-13,3.8943168585516243,-0.060713462829589844,-0.7695656460482383
2022-06-14,3.8776488213306965,-0.0042800927162170415,-0.7753671528831505
2022-06-15,3.973737991682765,0.02478026628494263,-0.6706521345420969
2022-06-16,3.7888019907317902,-0.046539555788040164,-0.8064654816356311
2022-06-17,3.8369369745192143,0.01270453929901123,-0.7114970352068795
2022-06-21,3.9398453775856437,0.026820456981658938,-0.6637961601593405
2022-06-22,3.9074803437614265,-0.008214797973632811,-0.7084344584093086
2022-06-23,3.961708550761855,0.013878049850463868,-0.6736163502013598
2022-06-24,4.11944526246277,0.03981532454490661,-0.55109379918835
2022-06-27,4.095520189916205,-0.005807838439941405,-0.5905658179558956
2022-06-28,3.9963725916717503,-0.02420879244804382,-0.6657783359672719
2022-06-29,3.9209271889564206,-0.018878470659255984,-0.7203619552609117
2022-06-30,3.855199618876475,-0.016763272285461428,-0.8019196400289089
2022-07-01,3.8988992984676654,0.011335257291793823,-0.7714600049367695
2022-07-05,3.9700296439879263,0.018243699073791506,-0.7141408561234117
2022-07-06,3.931005401029881,-0.009829710721969606,-0.7130087428535344
2022-07-07,4.051659470818134,0.03069292902946472,-0.5692403123543318
2022-07-08,4.032210557914338,-0.004800233840942383,-0.5474686699330517
2022-07-11,3.9076022912781574,-0.030903214216232298,-0.7235460528592796
2022-07-12,3.916229994632727,0.002207927703857422,-0.7190528747786743
2022-07-13,3.8974983874213818,-0.004783071279525757,-0.7006025419150009
2022-07-14,3.855324963847879,-0.010820639133453368,-0.7060616318865817
2022-07-15,3.9732469001763584,0.030586769580841063,-0.5601685967086796
2022-07-18,4.006910598640747,0.008472591638565063,-0.4689860977776457
2022-07-19,4.153616311526874,0.036613173484802246,-0.26650593589050675
2022-07-20,4.256052425393918,0.024661910533905033,-0.2565944926815263
2022-07-21,4.2699084945083285,0.0032556152343749993,-0.332673480070533
2022-07-22,4.1700950629489055,-0.023376011848449705,-0.4034871601288834
2022-07-25,4.178921616555743,0.002116631269454956,-0.4059086618664274
2022-07-26,4.056152692296333,-0.02937813520431519,-0.5409701538668121
2022-07-27,4.2241694194712105,0.04142268300056457,-0.357774427601407
2022-07-28,4.2603910963716904,0.008574863672256468,-0.35719178023837955
2022-07-29,4.3166062597950186,0.013194836378097537,-0.3281321039882996
2022-08-01,4.334384793388626,0.004118636846542359,-0.2762861708373472
2022-08-02,4.363216511114561,0.006651859283447266,-0.24842070113324297
2022-08-03,4.473725081949546,0.025327317714691166,-0.1963019491622483
2022-08-04,4.471841272489505,-0.0004210829734802249,-0.17130072288978485
2022-08-05,4.492973892865255,0.004725708961486817,-0.19691461284690048
2022-08-08,4.486071973623414,-0.0015361583232879642,-0.22370515951322373
2022-08-09,4.405091328433001,-0.0180515706539154,-0.28536699404013766
2022-08-10,4.563811990741331,0.036031185388565055,-0.18692851378222636
2022-08-11,4.57868453812826,0.0032587993144989006,-0.17811738471484162
2022-08-12,4.674638464655688,0.020956658124923706,-0.10662923772355043
2022-08-15,4.667340611233379,-0.0015611588954925536,-0.0948038570808798
2022-08-16,4.685856225217806,0.003967058658599853,-0.052090803916085476
2022-08-17,4.585217562644419,-0.021477112770080565,-0.08504729963930764
2022-08-18,4.600954246507855,0.003432047367095947,-0.049499288149462674
2022-08-19,4.491982746107531,-0.023684543371200566,-0.089499978302611
2022-08-22,4.358639474448216,-0.02968472480773926,-0.21798973181754436
2022-08-23,4.376571471486851,0.004114127159118653,-0.27849669512854486
2022-08-24,4.4223711270634745,0.010464733839035036,-0.2775996951853548
2022-08-25,4.521532158620054,0.022422593832015992,-0.21929865339497198
2022-08-26,4.346617102359211,-0.03868490815162659,-0.3108237191717579
2022-08-29,4.321751363156509,-0.005720710754394532,-0.3882846244742072
2022-08-30,4.2675992355014305,-0.012530134916305542,-0.40718132238295596
2022-08-31,4.236878767081018,-0.007198536396026611,-0.4375626212935305
2022-09-01,4.216839035517043,-0.004729833602905273,-0.44133431006456264
2022-09-02,4.177614160480648,-0.009301961660385131,-0.49921701135419927
2022-09-06,4.128892168000576,-0.011662635803222656,-0.5269055176396592
2022-09-07,4.213564661931051,0.020507315397262575,-0.4632487866291889
2022-09-08,4.269262221528271,0.013218631744384767,-0.3750190099600287
2022-09-09,4.38151236552362,0.026292632818222045,-0.2958743560621689
2022-09-12,4.449722517704668,0.015567718744277955,-0.21984925697537971
2022-09-13,4.229380479599938,-0.049518152475357055,-0.4174936460151328
2022-09-14,4.266274158306455,0.00872318744659424,-0.34829036324435864
2022-09-15,4.250129393260086,-0.0037842774391174316,-0.4102198070600291
2022-09-16,4.193309003189461,-0.013369096517562866,-0.45257168539907644
2022-09-19,4.224505635789611,0.007439621686935426,-0.4077320052682456
2022-09-20,4.144295949495847,-0.018986762762069703,-0.39484151168486636
2022-09-21,4.054292120320836,-0.021717519760131837,-0.46677634760672654
2022-09-22,3.983253219466788,-0.017521899938583378,-0.5847799253808469
2022-09-23,3.882106505101654,-0.025392991304397584,-0.7362842313266569
2022-09-26,3.8229433435385287,-0.01523996353149414,-0.796639876553172
2022-09-27,3.8386925735792627,0.004119660854339599,-0.8136854229431566
2022-09-28,3.9524168740961434,0.029625790119171144,-0.6529392143434793
2022-09-29,3.8363088048225475,-0.029376473426818848,-0.7384061918215937
2022-09-30,3.7556146692483305,-0.021034317016601564,-0.777721860822365
2022-10-03,3.8603070224936826,0.027876223325729373,-0.7416865185626705
2022-10-04,4.037045474482984,0.04578352212905884,-0.5613368587783346
2022-10-05,4.022296845586009,-0.0036533224582672116,-0.607158404431042
2022-10-06,3.9956244052551124,-0.006631146669387817,-0.6174112470012459
2022-10-07,3.8564526616744006,-0.03483103752136231,-0.758444678465347
2022-10-10,3.7832492322428264,-0.018982063531875613,-0.8207009176317802
2022-10-11,3.733225286594545,-0.013222482204437258,-0.8400131901164976
2022-10-12,3.7708733942462493,0.010084606409072877,-0.8021232810818382
2022-10-13,3.869311796138199,0.026104934215545657,-0.7161217162269475
2022-10-14,3.770646810298947,-0.02549936294555664,-0.8457088311615785
2022-10-17,3.885167069288966,0.030371515750885012,-0.766785103649401
2022-10-18,3.940546134896786,0.01425397276878357,-0.7294201111715284
2022-10-19,3.911845480149437,-0.00728342056274414,-0.7670669084967701
2022-10-20,3.916305966494619,0.001140251159667968,-0.7825426418623842
2022-10-21,4.033578060233911,0.029944568872451786,-0.6837014291952291
2022-10-24,4.056499745113378,0.005682717561721801,-0.6539659136148253
2022-10-25,4.158719915958848,0.025199106931686404,-0.6049943411798062
2022-10-26,4.125785216690019,-0.007919431924819947,-0.6355973505152318
2022-10-27,4.096468782979563,-0.007105661630630493,-0.6183158069035793
2022-10-28,4.17585661779571,0.019379577636718753,-0.5947932905019923
2022-10-31,4.144352033338327,-0.00754446029663086,-0.6151669485691018
2022-11-01,4.165689314615469,0.005148520469665529,-0.6431928013930271
2022-11-02,4.043804190081509,-0.02925929307937622,-0.7322221215680984
2022-11-03,4.032000372290836,-0.0029189884662628174,-0.7645716354629808
2022-11-04,4.076340380275919,0.010997024774551393,-0.7445486079526484
2022-11-07,4.084807328571215,0.0020770955085754397,-0.7645848462624649
2022-11-08,4.110024189555392,0.0061733293533325195,-0.7674070394374376
2022-11-09,3.9844753632313714,-0.0305469799041748,-0.8369064951469161
2022-11-10,4.295947508216724,0.07817143201828003,-0.5273693573834067
2022-11-11,4.452539408244658,0.03645107388496399,-0.4289044472789677
2022-11-14,4.387798604317093,-0.014540197849273682,-0.49164481152412
2022-11-15,4.466280651786782,0.017886428833007815,-0.43840817214312383
2022-11-16,4.3351665344713926,-0.02935644388198853,-0.515252600405019
2022-11-17,4.309360163239868,-0.005952798128128052,-0.5165767635217102
2022-11-18,4.296621075697237,-0.0029561436176300045,-0.5198284282603496
2022-11-21,4.2277134060908965,-0.016037641763687136,-0.5479643690652851
2022-11-22,4.289671962127622,0.01465533494949341,-0.4983866614502631
2022-11-23,4.352154595673422,0.014565830230712892,-0.45992583483850685
2022-11-25,4.332036745739436,-0.004622503519058227,-0.4865580264498218
2022-11-28,4.264042899883877,-0.015695583820343022,-0.46862721384603817
2022-11-29,4.283047466705807,0.004456936120986938,-0.48365298112133165
2022-11-30,4.451860012326958,0.03941411972045899,-0.3001508735391976
2022-12-01,4.467328122799671,0.003474527597427368,-0.223669449489946
2022-12-02,4.448498155144614,-0.0042150402069091805,-0.2947690721022443
2022-12-05,4.32483255391282,-0.02779940485954285,-0.34261454434402117
2022-12-06,4.221666196408439,-0.023854416608810422,-0.4554234731416444
2022-12-07,4.161138720213913,-0.014337342977523803,-0.5580125122143614
2022-12-08,4.228674052319084,0.01623001217842102,-0.5284531867365343
2022-12-09,4.211693809355248,-0.004015500545501709,-0.4998556844957605
2022-12-12,4.270458289063573,0.01395269513130188,-0.4718863346381709
2022-12-13,4.291498703870761,0.004926968812942505,-0.40588867126938866
2022-12-14,4.2740892562893125,-0.004056729078292847,-0.410427232494966
2022-12-15,4.141860491186918,-0.03093729615211487,-0.5421401118557836
2022-12-16,4.084429141827927,-0.013866075277328492,-0.558113710084494
2022-12-19,4.008831570249542,-0.018508723974227904,-0.6039014734047694
2022-12-20,3.9998614800581893,-0.002237582206726074,-0.5786571800180543
2022-12-21,4.06189402933017,0.015508674383163452,-0.6120988379809221
2022-12-22,3.971944826185029,-0.02214464545249939,-0.7009963331300054
2022-12-23,3.9900902557152826,0.00456839919090271,-0.712834149654245
2022-12-27,3.9415956080262142,-0.012153772115707399,-0.7726126296231922
2022-12-28,3.889971994209457,-0.013097136020660401,-0.7986296453511602
2022-12-29,4.0106653574811135,0.031026794910430908,-0.6940751928422504
2022-12-30,4.015585563191111,0.001226780414581299,-0.6909773665859474
2023-01-03,4.011537272221154,-0.0010081446170806883,-0.679636050429568
2023-01-04,4.116005281348595,0.02604188919067383,-0.6682029691262669
2023-01-05,4.073012266941323,-0.01044532537460327,-0.7109661682903364
2023-01-06,4.176139527257605,0.02531965374946594,-0.5724291874135855
2023-01-09,4.2247453321903965,0.01163893222808838,-0.5430230558099598
2023-01-10,4.275349655802114,0.011978076696395874,-0.5207824137678478
2023-01-11,4.343904306885867,0.0160348641872406,-0.4702227902519762
2023-01-12,4.440958654672382,0.022342653274536137,-0.4456001518728154
2023-01-13,4.4507872534847985,0.0022131705284118655,-0.4416364426015896
2023-01-17,4.477285759409148,0.005953667163848876,-0.3909159899556274
2023-01-18,4.381756223639848,-0.0213364839553833,-0.46697200921957394
2023-01-19,4.318364547727341,-0.01446718454360962,-0.44221648926279894
2023-01-20,4.4483664652113255,0.03010443329811096,-0.30613269396069215
2023-01-23,4.567886098233071,0.0268682074546814,-0.18590167280949196
2023-01-24,4.542839843840659,-0.005483117103576661,-0.09139429022755419
2023-01-25,4.573768199743235,0.006808154582977294,-0.08451430061518292
2023-01-26,4.618724717161578,0.0098292076587677,-0.03808325022703759
2023-01-27,4.680193208005993,0.013308541774749758,0.012539107087951076
2023-01-30,4.60782362340808,-0.015462948083877564,0.015167053986542
2023-01-31,4.70064075540221,0.02014337778091431,0.015365024673261361
2023-02-01,4.84881305809124,0.03152172446250916,0.008606034562709941
2023-02-02,5.028010332541726,0.03695693612098694,0.06813062785039499
2023-02-03,4.945180855224314,-0.01647360920906067,0.03941074716830079
2023-02-06,4.899030641178637,-0.009332361221313477,0.10335393851928955
2023-02-07,4.955153344457054,0.011455879211425784,0.10075052794931377
2023-02-08,4.892354948981827,-0.01267335057258606,0.07026974823506482
2023-02-09,4.80851041951076,-0.01713786721229553,0.004201890961075768
2023-02-10,4.762857741951833,-0.009494141340255738,-0.09934886449222617
2023-02-13,4.824716852172643,0.01298781394958496,-0.00892190241651165
2023-02-14,4.884199947654417,0.012328826189041138,0.08860819106759553
2023-02-15,4.975504361707072,0.018693832159042363,0.1567739840666847
2023-02-16,4.868231686046556,-0.021560161113739016,0.0231758330746096
2023-02-17,4.827148639914264,-0.008439007997512817,0.012112591707021303
2023-02-21,4.689927670851895,-0.02842692017555237,0.01005275051113289
2023-02-22,4.676561317056275,-0.0028500127792358398,0.038084104986133294
2023-02-23,4.698795767637775,0.004754444360733034,0.10301124278556208
2023-02-24,4.632850338618446,-0.01403453826904297,0.1199466012897809
2023-02-27,4.65953138019244,0.005759098529815674,0.07416667617306086
2023-02-28,4.648480714888061,-0.002371625900268554,-0.022915949799434572
2023-03-01,4.631464934376427,-0.0036605036258697517,-0.04629001376121247
2023-03-02,4.669066976439182,0.00811882257461548,0.03113191898846476
2023-03-03,4.765462851886885,0.02064563989639282,0.03804441844788316
2023-03-06,4.738374778205992,-0.005684248208999633,0.07275643535206182
2023-03-07,4.659796618335373,-0.016583356857299808,0.07061824163614527
2023-03-08,4.679599712973082,0.004249776601791383,0.18782932417297044
2023-03-09,4.550012646479496,-0.027691912651062012,0.09330247778619669
2023-03-10,4.4503484424503466,-0.021904159784317017,-0.07521969543490617
2023-03-13,4.385171075730708,-0.014645452499389651,-0.1039562077460612
2023-03-14,4.465369492632968,0.018288549184799194,0.0004253233060688462
2023-03-15,4.430008900606895,-0.007918850183486939,0.030766618757516184
2023-03-16,4.543021659580197,0.02551072955131531,0.03143060847803907
2023-03-17,4.4753491581263445,-0.014895923137664795,-0.13220258258778694
2023-03-20,4.499530659860523,0.0054032659530639645,-0.17550201312008623
2023-03-21,4.648645181494339,0.03314001679420472,-0.12925760784105733
2023-03-22,4.544919485149068,-0.02231310248374939,-0.1807708376126217
2023-03-23,4.539563771352137,-0.0011783957481384284,-0.24397731005887913
2023-03-24,4.540269024916703,0.00015535712242126508,-0.2119401520263622
2023-03-27,4.559863498832979,0.004315707683563233,-0.24186421823449597
2023-03-28,4.547185197656497,-0.0027804124355316163,-0.25145629276493403
2023-03-29,4.664854866866768,0.025877474546432494,-0.18934507988244859
2023-03-30,4.685555567399322,0.004437587261199951,-0.24771309136982
2023-03-31,4.7611037531573475,0.016123634576797483,-0.1618699829872861
2023-04-03,4.750765868998574,-0.002171320915222168,-0.10459203726634861
2023-04-04,4.707448214626765,-0.009118036031723023,-0.13849534464263719
2023-04-05,4.6577726910891535,-0.010552537441253665,-0.22637995468457328
2023-04-06,4.686576017669059,0.006183927059173584,-0.13990515933254957
2023-04-10,4.738201916823733,0.01101569652557373,-0.042413053525502925
2023-04-11,4.752637823719543,0.003046705722808838,-0.032360575648707694
2023-04-12,4.692013551635644,-0.012755920886993408,-0.060079795434840766
2023-04-13,4.747670217450113,0.011862000226974487,0.009329551144153743
2023-04-14,4.749933947192753,0.000476808547973633,0.022471640283051042
2023-04-17,4.779711060264295,0.006268953084945678,-0.015355216477097587
2023-04-18,4.782793522536519,0.0006449055671691896,0.03361107437929474
2023-04-19,4.755432584106835,-0.005720702409744262,0.01577871561256418
2023-04-20,4.66862455402289,-0.018254497051239015,-0.10237013712623422
2023-04-21,4.653733411236479,-0.003189620971679687,-0.04395437029395452
2023-04-24,4.624024622596475,-0.006383861303329467,0.0020158047062664914
2023-04-25,4.504503236317775,-0.025847913026809693,0.0036730634551704693
2023-04-26,4.494205629337848,-0.0022860693931579593,-0.020303856785068422
2023-04-27,4.5952604247621585,0.022485574483871458,0.16030875603572176
2023-04-28,4.6604234682451295,0.014180489778518678,0.21899201102497212
2023-05-01,4.652321674834294,-0.0017384243011474608,0.12445622358229813
2023-05-02,4.578780610723731,-0.015807390213012695,0.17885513737021919
2023-05-03,4.564544582628622,-0.0031091308593749994,0.11045567987214722
2023-05-04,4.5385128006424615,-0.00570304036140442,0.07577346889313025
2023-05-05,4.690195860968604,0.033421313762664794,0.08125167408183528
2023-05-08,4.744600482001315,0.011599647998809817,0.26173446587128907
2023-05-09,4.752732362917426,0.0017139232158660891,0.3130734418510673
2023-05-10,4.7668160825550805,0.002963289022445679,0.49483318893152234
2023-05-11,4.735404922052469,-0.006589547395706178,0.46225379509367853
2023-05-12,4.68898224275969,-0.009803317785263064,0.5282063929632693
2023-05-15,4.763428291965319,0.015876803398132324,0.5558711583875052
2023-05-16,4.707542075565474,-0.011732351779937745,0.3740266400625728
2023-05-17,4.842249279893779,0.028615188598632813,0.4963982114591069
2023-05-18,4.930394076140628,0.018203275203704832,0.453086929909816
2023-05-19,4.887374133692199,-0.008725457191467284,0.5767726128343392
2023-05-22,4.943126396322488,0.011407406330108644,0.6168049013922752
2023-05-23,4.919155302672117,-0.004849379062652588,0.6268264237573511
2023-05-24,4.874382406031857,-0.009101744890213011,0.5495975619444392
2023-05-25,4.934074451167291,0.012246073484420777,0.6927904282635216
2023-05-26,5.058660282787272,0.025250091552734374,0.704614520518541
2023-05-30,5.118378794136165,0.01180520296096802,0.6515134547082309
2023-05-31,5.046439952995927,-0.014055005311965942,0.5011204590827437
2023-06-01,5.132501319823805,0.017053877115249635,0.563085060607266
2023-06-02,5.1961166630728535,0.01239460825920105,0.6643445880291269
2023-06-05,5.18273326548891,-0.0025756537914276125,0.5563284872825355
2023-06-06,5.258697638843856,0.014657202959060669,0.7037124028132707
2023-06-07,5.277650033259003,0.00360400915145874,0.7053865112868066
2023-06-08,5.376087291735114,0.018651721477508546,0.7274987454917937
2023-06-09,5.360597201049556,-0.0028812944889068603,0.7513086125046414
2023-06-12,5.4581027644424065,0.018189309835433962,0.9396497902659485
2023-06-13,5.515713405154447,0.01055506706237793,1.1035442718725865
2023-06-14,5.53211461180191,0.002973542213439942,1.3456474107886616
2023-06-15,5.597404502083582,0.011801977157592774,1.4000081897981556
2023-06-16,5.550132449008866,-0.00844535231590271,1.2898741823010247
2023-06-20,5.494393315801748,-0.010042847394943238,1.4332188504859382
2023-06-21,5.438378983677368,-0.01019481658935547,1.3536882769827996
2023-06-22,5.443691592730435,0.0009768736362457272,1.2689819216360698
2023-06-23,5.376794990649053,-0.012288830280303954,1.2540783439670646
2023-06-26,5.347770696185267,-0.00539806604385376,1.1878132888647408
2023-06-27,5.474936961439519,0.023779304027557374,1.1387561995572768
2023-06-28,5.5308319967107185,0.010209256410598756,1.1946376624031518
2023-06-29,5.529800045163099,-0.0001865816116333011,1.283894159489678
2023-06-30,5.5991382898604884,0.01253901481628418,1.3968749428994456
2023-07-03,5.655650158642692,0.010092958211898805,1.4939241430733927
2023-07-05,5.650951387538281,-0.0008308100700378419,1.4517991481429176
2023-07-06,5.561911587243557,-0.015756603479385376,1.3316174430057894
2023-07-07,5.593504224064935,0.0056801760196685805,1.3873162870151663
2023-07-10,5.644333763286775,0.009087244272232056,1.3175574951178728
2023-07-11,5.710949252387836,0.01180218815803528,1.3759054399834052
2023-07-12,5.755080688767206,0.007727513313293456,1.522754452931863
2023-07-13,5.847184127146709,0.01600384831428528,1.569974642876153
2023-07-14,5.773934438828243,-0.01252734422683716,1.5407844156676531
2023-07-17,5.801925418788271,0.004847817420959473,1.5981039246856887
2023-07-18,5.901194555522514,0.01710968852043152,1.5559522282960534
2023-07-19,5.994539263143829,0.015817934274673463,1.5806954563907305
2023-07-20,5.905586662404923,-0.01483893871307373,1.405283269842119
2023-07-21,5.877794604961826,-0.004706062078475953,1.3038418751990732
2023-07-24,5.911963676612414,0.0058132469654083255,1.312937584922148
2023-07-25,5.891667434011559,-0.0034330797195434573,1.3902957082720002
2023-07-26,5.931683691522522,0.006792008876800538,1.4069819015731106
2023-07-27,5.899205473847383,-0.0054753792285919195,1.5025516202040685
2023-07-28,5.996069764319382,0.01641988754272461,1.4244266103136551
2023-07-31,6.051153633184082,0.009186662435531616,1.4265898847706033
2023-08-01,6.001626936307125,-0.008184670209884644,1.3483626665212023
2023-08-02,5.889707754387696,-0.018648140430450436,1.2612507748200772
2023-08-03,5.877864704033591,-0.002010804414749146,1.2296100809376183
2023-08-04,5.845290373509456,-0.005541864633560181,1.1203715410797024
2023-08-07,5.902306741680102,0.009754240512847902,1.157290995728124
2023-08-08,5.8652819429842555,-0.006272937059402467,1.1164774899145447
2023-08-09,5.743952004097217,-0.02068612217903137,1.0427026697380704
2023-08-10,5.741514473023797,-0.0004243648052215575,1.1100968598992011
2023-08-11,5.697570382963214,-0.007653745412826539,0.9568923942055846
2023-08-14,5.731708846502026,0.005991758108139038,0.9668891986648821
2023-08-15,5.637540682434367,-0.016429334878921512,0.8289246544020953
2023-08-16,5.56895926502795,-0.012165130376815797,0.7887215060419814
2023-08-17,5.525387932869409,-0.007823963165283204,0.744723419652935
2023-08-18,5.534000840294989,0.0015587878227233884,0.8328417824703845
2023-08-21,5.582641274368855,0.008789379596710205,0.8524130954935208
2023-08-22,5.550947759769222,-0.005677154064178467,0.9228622681890338
2023-08-23,5.644339551121303,0.016824476718902585,1.101581140924806
2023-08-24,5.53054485973649,-0.020160851478576665,1.007521611766672
2023-08-25,5.556612269492716,0.004713352918624879,0.9865620742956246
2023-08-28,5.6073053884359325,0.009123026132583619,0.9394501277454268
2023-08-29,5.717516795205634,0.01965496778488159,1.1682197950697522
2023-08-30,5.75154826296973,0.005952141284942628,1.2125650755416522
2023-08-31,5.770612255656575,0.0033145844936370854,1.2741660691346284
2023-09-01,5.772319037493755,0.00029577136039733894,1.3032052825859033
2023-09-05,5.750742154831563,-0.0037379920482635493,1.3070656427233873
2023-09-06,5.703617045783418,-0.008194613456726074,1.3114704540872597
2023-09-07,5.6524609408437225,-0.008969063758850097,1.3222715703198722
2023-09-08,5.679262781917693,0.004741623401641847,1.2657583603342708
2023-09-11,5.73302599179031,0.009466582536697387,1.2521829976941947
2023-09-12,5.732169052637761,-0.00014947414398193388,1.1568991441153296
2023-09-13,5.718555393035787,-0.002374957799911499,1.0899295347809757
2023-09-14,5.794333957985991,0.013251347541809082,1.3542973008587031
2023-09-15,5.723786037267205,-0.012175328731536865,1.2716805748472455
2023-09-18,5.6947714384494,-0.005069127082824708,1.2665411090853187
2023-09-19,5.673555207046271,-0.003725563287734986,1.3059340509898545
2023-09-20,5.595789523920942,-0.01370669364929199,1.2218247482544087
2023-09-21,5.490625163201477,-0.01879348039627075,1.2226486379579566
2023-09-22,5.4710968871274925,-0.003556658029556275,1.2982761108910057
2023-09-25,5.490574354358906,0.0035600662231445317,1.384324238461297
2023-09-26,5.406562932826581,-0.015301026105880739,1.428662859494132
2023-09-27,5.433810279930164,0.005039680004119872,1.5114602649759235
2023-09-28,5.494909047814236,0.011244184970855713,1.5384669194216738
2023-09-29,5.50102802533548,0.0011135721206665045,1.4351017801470625
2023-10-02,5.468841658175868,-0.005850973129272461,1.5391105813826593
2023-10-03,5.361247298261125,-0.01967406749725342,1.5452653761608102
2023-10-04,5.3984097576884285,0.006931681632995605,1.4695319774793654
2023-10-05,5.386810176629125,-0.002148703336715698,1.2979478741345507
2023-10-06,5.453543435004145,0.012388269901275634,1.3622023588932965
2023-10-09,5.488248497347747,0.006363763809204102,1.4155661980686232
2023-10-10,5.547254773698609,0.010751385688781739,1.6178315064627937
2023-10-11,5.555050191418545,0.0014052748680114745,1.707865749173651
2023-10-12,5.493573242120527,-0.011066857576370239,1.717639633765759
2023-10-13,5.442416896664406,-0.009312034845352174,1.636826786311195
2023-10-16,5.523896098329598,0.014971143007278443,1.5966082178217842
2023-10-17,5.552726724448608,0.0052192556858062745,1.7347239834571864
2023-10-18,5.441403556226055,-0.020048378705978392,1.529259162312685
2023-10-19,5.393288033654362,-0.008842483758926392,1.4333643504598355
2023-10-20,5.3102798447715855,-0.015391017198562623,1.3969044117165512
2023-10-23,5.304917325638323,-0.00100983738899231,1.3878530828231674
2023-10-24,5.3720189449971665,0.01264894723892212,1.3235990964281745
2023-10-25,5.249197921726843,-0.02286310315132141,1.1976777691682852
2023-10-26,5.198179553644318,-0.009719269275665285,1.0558962299228043
2023-10-27,5.156132656679746,-0.008088773488998415,1.0551564153129378
2023-10-30,5.209322632669397,0.010315866470336913,1.1281457782554012
2023-10-31,5.25213538561542,0.00821848750114441,1.0839919824997797
2023-11-01,5.301744056701713,0.009445428848266603,1.1555708420253494
2023-11-02,5.483549444260596,0.034291619062423714,1.2661971504370206
2023-11-03,5.626533431638729,0.026075079441070556,1.501212665813355
2023-11-06,5.588968076575563,-0.006676465272903443,1.4848890240765162
2023-11-07,5.613710239961846,0.004426964521408081,1.4584768181147476
2023-11-08,5.571824476953101,-0.007461333274841308,1.4176060042301157
2023-11-09,5.495901569567917,-0.01362622022628784,1.332497098818802
2023-11-10,5.580509270704033,0.015394690036773684,1.535281960848873
2023-11-13,5.565280820107209,-0.0027288639545440673,1.2627504054204237
2023-11-14,5.770284310940348,0.036836144924163816,1.2641198461537175
2023-11-15,5.833880369250988,0.0110213041305542,1.3796817627004163
2023-11-16,5.799481858296714,-0.005896334648132325,1.2768013933685942
2023-11-17,5.844877918454301,0.007827606201171873,1.4554874796906396
2023-11-20,5.892934236462514,0.008221954107284548,1.519316632226978
2023-11-21,5.844006926166143,-0.008302707672119141,1.4941446894404873
2023-11-22,5.872277420301066,0.004837518930435181,1.5926475585350865
2023-11-24,5.876031751297677,0.000639331340789795,1.5322080470150206
2023-11-27,5.872731773444184,-0.0005615997314453123,1.4664710016737257
2023-11-28,5.897779511338482,0.004265091419219971,1.507081999521482
2023-11-29,5.930303042268627,0.0055145382881164546,1.607567608706386
2023-11-30,5.921280409315592,-0.0015214455127716062,1.5804543071171109
2023-12-01,6.013587397770398,0.015589025020599367,1.4916157119630724
2023-12-04,6.012082224503513,-0.0002502954006195067,1.4745310048301334
2023-12-05,5.995729671726942,-0.0027199482917785647,1.481626286121539
2023-12-06,5.985948020407936,-0.0016314363479614264,1.6163553494897618
2023-12-07,6.061538292411638,0.01262795329093933,1.7955988014761213
2023-12-08,6.143683547152485,0.01355188250541687,1.9280207334673465
2023-12-11,6.134872951169705,-0.0014340901374816893,1.8496504652493078
2023-12-12,6.124254502972914,-0.0017308342456817628,1.8607598109472963
2023-12-13,6.263171161139138,0.02268303155899048,1.8955799649399516
2023-12-14,6.413731698648248,0.024039026498794556,1.9742626661586096
2023-12-15,6.3891494587793085,-0.0038327515125274655,1.9753562321435745
2023-12-18,6.423873225959753,0.005434802770614623,2.1690440807062457
2023-12-19,6.514468130913919,0.014102847576141359,2.302916492483667
2023-12-20,6.383994321564338,-0.020028313398361204,2.2941380338628337
2023-12-21,6.48079741260683,0.015163404941558838,2.37180559145611
2023-12-22,6.481251089625069,7.000327110290522e-05,2.303947932522672
2023-12-26,6.5131318748547065,0.004918924570083618,2.4467023552746237
2023-12-27,6.532560440351514,0.0029829835891723635,2.439353277618509
2023-12-28,6.53318018650907,9.487032890319813e-05,2.502849879423511
2023-12-29,6.468658236220897,-0.00987604022026062,2.5205996482785835
2024-01-02,6.397501251339634,-0.011000269651412965,2.3389254819593424
2024-01-03,6.3056982178738785,-0.01434982657432556,2.2576469350853845
2024-01-04,6.314957759220484,0.001468440294265747,2.269664180696456
2024-01-05,6.347599057139035,0.005168886184692384,2.184457234672721
2024-01-08,6.443434386133598,0.015097886323928835,2.306399879669552
2024-01-09,6.388471918656447,-0.008529995679855346,2.1550366760720383
2024-01-10,6.396498214214641,0.0012563717365264892,2.1073593637895325
2024-01-11,6.343031551197491,-0.008358739614486696,2.0092908344221896
2024-01-12,6.286609172620298,-0.008895175457000732,1.8910922365125478
2024-01-16,6.24938247852332,-0.005921585559844972,1.762306734446143
2024-01-17,6.198014772934741,-0.00821964502334595,1.7097955496946555
2024-01-18,6.220364185843137,0.0036058986186981207,1.6987268640797628
2024-01-19,6.365580690905066,0.023345338106155397,1.9164219696501912
2024-01-22,6.393465286081042,0.004380526542663574,2.013844758121075
2024-01-23,6.412625771259571,0.002996885776519776,1.9002473012190002
2024-01-24,6.410400236160766,-0.0003470551967620848,1.7803264289025897
2024-01-25,6.4443768839369024,0.005300238132476807,1.83448923852851
2024-01-26,6.445013085589509,9.87219810485837e-05,1.8018335528122078
2024-01-29,6.533762081942792,0.013770180940628051,1.8195468534464825
2024-01-30,6.51882964661597,-0.00228542685508728,1.74505016581065
2024-01-31,6.435153826713216,-0.012836018800735476,1.7598491598559758
2024-02-01,6.49353337209811,0.0090719735622406,1.7110662239977226
2024-02-02,6.5413424633088155,0.007362569570541381,1.6082664604937713
2024-02-05,6.484036588478829,-0.008760567903518679,1.3990776391803472
2024-02-06,6.566651488413844,0.012741276025772094,1.5520968534867228
2024-02-07,6.595916395801733,0.004456595182418824,1.6249560731633093
2024-02-08,6.635942010039939,0.0060682415962219245,1.599003753041336
2024-02-09,6.683831804693095,0.007216728925704956,1.7048169281158814
2024-02-12,6.7521951896242784,0.010228172540664672,1.852256457251864
2024-02-13,6.626870989336029,-0.018560512065887453,1.7986877018692298
2024-02-14,6.770418155655458,0.021661379337310795,1.836637322982968
2024-02-15,6.846375660032037,0.011219027042388917,1.8314976416150381
2024-02-16,6.74897239268795,-0.014226982593536377,1.6638206055109244
2024-02-20,6.709741242346114,-0.005812907218933106,1.7556738587029748
2024-02-21,6.68429864865677,-0.003791888952255249,1.7813445650065964
2024-02-22,6.851966469980818,0.025083831548690795,2.0674895778707594
2024-02-23,6.86053763588551,0.0012509059906005864,2.0893523657235447
2024-02-26,6.902825115020042,0.0061638724803924575,2.096370209570662
2024-02-27,6.998297581264309,0.013830926418304445,2.2441618112780524
2024-02-28,6.971339253008295,-0.003852126598358154,2.1937229852462146
2024-02-29,7.063225025149352,0.013180505037307739,2.271105566101543
2024-03-01,7.133274003749646,0.009917421340942385,2.340470238312182
2024-03-04,7.196221170924464,0.008824442625045776,2.343836155637544
2024-03-05,7.097648442005044,-0.013697845935821532,2.1690534452641947
2024-03-06,7.187975446753795,0.012726328372955321,2.2627307840081827
2024-03-07,7.258677128763665,0.009836105108261108,2.408860408546292
2024-03-08,7.26306703814041,0.0006047809123992919,2.38999573072725
2024-03-11,7.267807378403037,0.0006526637077331546,2.5684718838942024
2024-03-12,7.3000913628174695,0.004442052841186523,2.7290695055120513
2024-03-13,7.326166699338545,0.0035719192028045655,2.8371355940128526
2024-03-14,7.229519328981162,-0.013192079067230222,2.670206597166677
2024-03-15,7.213502433209418,-0.002215485572814942,2.7037922365798304
2024-03-18,7.243101120312462,0.004103233814239501,2.609890382077548
2024-03-19,7.188310893618372,-0.007564470767974854,2.6568885237246196
2024-03-20,7.359017621533356,0.02374782204627991,2.7376581985475172
2024-03-21,7.437768834020669,0.010701321363449097,2.651591906546508
2024-03-22,7.390475731208712,-0.006358506679534912,2.7597512319089237
2024-03-25,7.479255958620676,0.012012789249420168,2.828288513330693
2024-03-26,7.472205469774786,-0.0009426724910736085,2.8220479229102167
2024-03-27,7.561248516452065,0.011916568279266357,2.8597280455198293
2024-03-28,7.5466341907920045,-0.0019327926635742188,2.8646855388100865
2024-04-01,7.543550964632031,-0.00040855646133422833,2.744119435449256
2024-04-02,7.479372066860517,-0.00850778341293335,2.6685273136094865
2024-04-03,7.525990151572405,0.006232887506484985,2.6213586356512266
2024-04-04,7.404576737349707,-0.01613255023956299,2.5324092418743946
2024-04-05,7.436252152848161,0.004277815818786623,2.610569880578995
2024-04-08,7.4543121332224125,0.0024286401271820073,2.688377463358628
2024-04-09,7.461645238921106,0.0009837400913238527,2.6603744089978907
2024-04-10,7.382127379960449,-0.010656880140304567,2.5378855647312366
2024-04-11,7.456609600199558,0.010089533329010008,2.574120976788974
2024-04-12,7.29329833447061,-0.021901544332504276,2.5104134958499875
2024-04-15,7.193353890187421,-0.01370360016822815,2.365428657312227
2024-04-16,7.160471309221949,-0.004571244716644288,2.336496737244747
2024-04-17,7.129849205497027,-0.004276548624038697,2.2783679611941636
2024-04-18,7.1392340095165805,0.0013162696361541748,2.2820677190947682
2024-04-19,7.06790905659088,-0.009990561008453368,2.2560009688220286
2024-04-22,7.145627276034647,0.010995928049087524,2.4269508907474178
2024-04-23,7.2466631771624535,0.014139542579650877,2.517151838506715
2024-04-24,7.246065526278557,-8.247256278991677e-05,2.554086974780606
2024-04-25,7.270368708057731,0.0033539831638336186,2.745914962285074
2024-04-26,7.355845649243771,0.011756892204284667,2.8204181376538986
2024-04-29,7.39785881193946,0.005711534023284912,2.7446952700123917
2024-04-30,7.211007248860227,-0.02525751948356629,2.502373399942969
2024-05-01,7.168615840243732,-0.005878708362579347,2.4777639575019377
2024-05-02,7.318107103124154,0.020853574275970458,2.678035952261575
2024-05-03,7.4044305698109945,0.011795873641967772,2.757230534487157
2024-05-06,7.5182509185229724,0.015371924638748168,2.868155326122016
2024-05-07,7.450575853329827,-0.009001437425613405,2.67017378162953
2024-05-08,7.445229520027023,-0.0007175731658935546,2.6051072436890608
2024-05-09,7.496156231266247,0.006840180158615113,2.632690363454577
2024-05-10,7.483529572843861,-0.0016844177246093754,2.6063119540146444
2024-05-13,7.525173788143159,0.005564782619476318,2.6764958101980563
2024-05-14,7.583480534796287,0.0077482259273529055,2.7789481390062702
2024-05-15,7.692016214314483,0.014312119483947755,2.77198144652184
2024-05-16,7.668731478461201,-0.0030271303653717045,2.8278900982046906
2024-05-17,7.707226287041243,0.005019710063934326,2.7258065720906526
2024-05-20,7.747740977692068,0.005256714820861816,2.663336859229109
2024-05-21,7.739971308539131,-0.0010028302669525145,2.711883290445086
2024-05-22,7.697057164077283,-0.005544483661651612,2.6167588183844113
2024-05-23,7.5585297837690675,-0.01799744725227356,2.5274645636771953
2024-05-24,7.656131118996019,0.01291274070739746,2.6522106873582794
2024-05-28,7.66067675883544,0.0005937254428863528,2.590555727134311
2024-05-29,7.591576864674264,-0.009020076990127563,2.412853362826933
2024-05-30,7.613366350962278,0.002870218753814697,2.3656441027090276
2024-05-31,7.6565916995451415,0.005677560567855835,2.4882795351426945
2024-06-03,7.678734047649958,0.002891932725906372,2.416174298731961
2024-06-04,7.679704575510364,0.00012639164924621604,2.3497383541388097
2024-06-05,7.797722359185856,0.01536749005317688,2.4466417875336095
2024-06-06,7.789674378570594,-0.0010320937633514402,2.362451492207233
2024-06-07,7.756956867352092,-0.004200112819671631,2.3161237759994906
2024-06-10,7.8055236693022945,0.006261063814163208,2.2546430682964127
2024-06-11,7.7789669184414105,-0.003402302265167236,2.2514294360815987
2024-06-12,7.844083029951978,0.008370791673660278,2.2029771900351376
2024-06-13,7.824171883145997,-0.002538365125656128,2.1289914816230957
2024-06-14,7.77903165151657,-0.005769330263137818,2.076173487255449
2024-06-17,7.8549361903419275,0.009757581949234007,2.0655905174081393
2024-06-18,7.879140768369691,0.0030814480781555177,2.136360230314993
2024-06-20,7.895000607187023,0.002012889385223389,2.2118927954042595
2024-06-21,7.890555031321748,-0.000563087463378907,2.273556914699146
2024-06-24,7.876353118125708,-0.0017998623847961424,2.2568203210563214
2024-06-25,7.949779022859845,0.009322322607040405,2.389230243671294
2024-06-26,7.939275878008156,-0.0013211870193481445,2.414936829379782
2024-06-27,7.979801751272571,0.005104479789733886,2.32434609533018
2024-06-28,7.984464260345546,0.0005842888355255121,2.2701340269352572
2024-07-01,7.966785522007549,-0.0022141420841217036,2.257630459037371
2024-07-02,8.01601481709878,0.006179317235946655,2.2237368512035114
2024-07-03,8.06636920001257,0.00628172278404236,2.2030265862812186
2024-07-05,8.086540498279133,0.0025006663799285885,2.223066824600357
2024-07-08,8.102871639054651,0.0020195460319519043,2.341559713353049
2024-07-09,8.135958739053944,0.0040833795070648205,2.332430046312827
2024-07-10,8.21584469764355,0.009818874597549439,2.3363323616856855
2024-07-11,8.185644587471876,-0.003675837516784668,2.246695841915614
2024-07-12,8.230806993652108,0.005517269372940064,2.234337773153845
2024-07-15,8.284536835293538,0.006527894735336304,2.1847469377647233
2024-07-16,8.384602105548945,0.012078559398651125,2.3366623491937646
2024-07-17,8.254047230488505,-0.015570789575576782,2.2021690263117977
2024-07-18,8.181490489415747,-0.008790444135665893,2.051875266868693
2024-07-19,8.169568196741375,-0.0014572274684906007,1.9550274754762234
2024-07-22,8.215877545554896,0.005668518543243409,2.088262002376517
2024-07-23,8.175498924913132,-0.004914705753326416,2.086896018340276
2024-07-24,7.980549121953126,-0.02384561538696289,1.8856582797614088
2024-07-25,7.880096093961402,-0.01258723258972168,1.8251386723068468
2024-07-26,7.989527731190288,0.013887094259262087,1.8632967718063336
2024-07-29,7.960975916344446,-0.0035736548900604246,1.8753878797642174
2024-07-30,7.938846225647557,-0.0027797710895538343,1.7674907377654447
2024-07-31,8.049038207130819,0.01388010025024414,1.7925093807414383
2024-08-01,7.866543063527265,-0.02267291307449341,1.6912576455834372
2024-08-02,7.584399449264524,-0.035866277217864985,1.5623948147883029
2024-08-05,7.359976925550821,-0.029590018987655637,1.379803261743115
2024-08-06,7.458054582847801,0.013325810432434084,1.4855456957429787
2024-08-07,7.3519650444905205,-0.0142248272895813,1.3445879012396227
2024-08-08,7.5745961917261395,0.03028185606002808,1.533688899073921
2024-08-09,7.605875814713544,0.004129543304443359,1.686448700862167
2024-08-12,7.603421311365907,-0.0003227114677429198,1.6870357603149129
2024-08-13,7.790112653864292,0.02455359697341919,1.8564046858177812
2024-08-14,7.808262505083518,0.0023298573493957518,1.8363361096821345
2024-08-15,8.035975241403522,0.029163048267364503,2.0789017551157074
2024-08-16,8.073191640222063,0.004631223678588867,2.179200074584917
2024-08-19,8.180050738121032,0.013236289024353027,2.2959440960293724
2024-08-20,8.138334908230437,-0.0050997030735015865,2.256913580551092
2024-08-21,8.189052366164393,0.0062319207191467284,2.2436206132200827
2024-08-22,8.087764732658698,-0.012368663549423217,2.2010944509738315
2024-08-23,8.258185630013923,0.02107144594192505,2.2197618789187086
2024-08-26,8.205930175745866,-0.006327716112136841,2.31205420073354
2024-08-27,8.221633610836628,0.0019136691093444823,2.2966351273068515
2024-08-28,8.098925302265465,-0.014925051927566527,2.1538806386055773
2024-08-29,8.122538977350908,0.002915655374526978,2.0706581192115574
2024-08-30,8.225662686535426,0.012695994377136229,2.1051572446525175
2024-09-03,8.02212527729899,-0.024744195938110353,1.9264256553837782
2024-09-04,7.978143318824226,-0.0054825818538665775,1.892886278758405
2024-09-05,7.963438073788526,-0.001843191385269165,1.9039001551895878
2024-09-06,7.761278085508565,-0.02538601875305176,1.7909383479801566
2024-09-09,7.888812548119795,0.016432147026062015,1.9275000197892989
2024-09-10,7.873226501571159,-0.0019757151603698726,1.8905155348200327
2024-09-11,7.9967525546959015,0.01568938136100769,1.920724277164013
2024-09-12,8.07806491108148,0.010168172121047973,1.9752012267441692
2024-09-13,8.181359473294778,0.012787042856216431,2.054903154425508
2024-09-16,8.241079614869387,0.007299537658691406,2.025479426483037
2024-09-17,8.28547682445939,0.005387305021286011,2.1273719937974698
2024-09-18,8.283007006829557,-0.0002980899810791015,2.1549384111768344
2024-09-19,8.446407179546394,0.019727156162261963,2.2737322419469583
2024-09-20,8.458545613446283,0.0014371120929718016,2.3651460003484974
2024-09-23,8.499953606275897,0.004895403385162355,2.511145743256912
2024-09-24,8.547924756983322,0.005643695592880248,2.5626267843401243
2024-09-25,8.516895134944352,-0.003630076646804809,2.521790796051605
2024-09-26,8.639382744729543,0.014381721019744876,2.6917434699137672
2024-09-27,8.6499102663462,0.0012185502052307127,2.6709337968804765
2024-09-30,8.644210256646318,-0.0006589674949645997,2.608170762770431
2024-10-01,8.576157945225694,-0.007872588634490968,2.5545733931309758
2024-10-02,8.583653657155637,0.0008740174770355221,2.5941876794498513
2024-10-03,8.57477899902779,-0.0010339021682739258,2.716811478095518
2024-10-04,8.722178937370687,0.017189940214157103,2.7652031089485263
2024-10-07,8.707831888973354,-0.0016448926925659185,2.7681774929997527
2024-10-08,8.781291628936051,0.008436053991317749,2.749007655089734
2024-10-09,8.871770721868105,0.01030362010002136,2.768821583967712
2024-10-10,8.845320515476244,-0.0029813897609710692,2.694517260654968
2024-10-11,8.961582814097428,0.013143932819366457,2.75463235582973
2024-10-14,8.972422680318152,0.0012095928192138675,2.8304336681113615
2024-10-15,8.872401205532869,-0.011147655248641967,2.8182159229789336
2024-10-16,8.932444572910304,0.006767431497573853,2.7787626964136005
2024-10-17,8.892539969552347,-0.0044673776626586925,2.7233094468420562
2024-10-18,8.931445796585907,0.004375108480453491,2.8814415186706577
2024-10-21,8.899353949753227,-0.003593130111694336,2.915005025439135
2024-10-22,8.93450941968147,0.003950339555740356,3.0386759409164648
2024-10-23,8.842576956395165,-0.010289592742919922,2.979227229944308
2024-10-24,8.911212210936592,0.007761906385421754,2.9553556120525206
2024-10-25,8.9254550947189,0.0015983104705810545,3.125172865161339
2024-10-28,9.008971785617378,0.009357135295867921,3.2390535445041944
2024-10-29,9.029424148951712,0.0022702217102050786,3.304172346174992
2024-10-30,8.914309068227347,-0.012748883962631226,3.1636019079426134
2024-10-31,8.774052050126114,-0.015733919143676757,3.0126749669654984
2024-11-01,8.76013286020229,-0.0015864038467407226,2.951814868157203
2024-11-04,8.74446500272811,-0.001788541078567505,2.793314983055817
2024-11-05,8.920062576043993,0.02008099675178528,2.7704134490974686
2024-11-06,9.327451470689338,0.04567108035087585,2.983865232681489
2024-11-07,9.416029862792891,0.009496526718139647,3.010134346082615
2024-11-08,9.452128268789963,0.0038337182998657224,3.078255494354496
2024-11-11,9.574907248253716,0.012989559173583985,3.235643035808355
2024-11-12,9.510430046872347,-0.006733976602554321,3.114979163484845
2024-11-13,9.440426824989805,-0.007360678911209106,3.0853920807699584
2024-11-14,9.37144629989903,-0.007306928634643555,2.887691369757683
2024-11-15,9.328539849930014,-0.004578423500061036,2.799513315674108
2024-11-18,9.465441407307763,0.01467556118965149,2.9134626552525273
2024-11-19,9.578716328373133,0.011967209577560424,2.934146315171858
2024-11-20,9.578000682954432,-7.471203804016108e-05,2.8880126423306423
2024-11-21,9.61261980281881,0.0036144411563873292,2.9617880007815276
2024-11-22,9.73816418068481,0.013060370683670044,3.0035802815918027
2024-11-25,9.819832585297954,0.008386427164077758,3.046309661070168
2024-11-26,9.712756289855317,-0.010904085636138915,2.9787966707000546
2024-11-27,9.753339469039776,0.0041783380508422854,2.9783169577422544
2024-11-29,9.781450420838487,0.0028821873664855954,2.9637536732114995
2024-12-02,9.83988169909879,0.005973682403564454,3.0066778716853078
2024-12-03,9.837798042852441,-0.00021175622940063516,2.924547311748768
2024-12-04,9.900886723941946,0.0064128863811492905,2.9622368646140673
2024-12-05,9.853865087025323,-0.004749234914779663,2.9494057890109557
2024-12-06,9.958764294495666,0.010645488500595093,3.0170707819394997
2024-12-09,9.84262002878427,-0.011662517786026002,2.873808203695796
2024-12-10,9.764198571480383,-0.007967538833618164,2.7518724844676723
2024-12-11,9.878390116532952,0.011694922447204591,2.823403522295986
2024-12-12,9.877237674112989,-0.00011666297912597671,2.833100826533289
2024-12-13,9.906392240923271,0.002951692342758179,2.7393219102344313
2024-12-16,9.918903504273448,0.001262948513031006,2.62939174226444
2024-12-17,9.847021236799446,-0.007246997356414796,2.607275704870903
2024-12-18,9.496669647509698,-0.03557944893836975,2.3150151945667554
2024-12-19,9.424630176072215,-0.007585761547088624,2.1941496676940315
2024-12-20,9.585705362722853,0.017090876102447514,2.4146707702991566
2024-12-23,9.62786535408103,0.004398214817047119,2.359851741371413
2024-12-24,9.765597812860083,0.014305607080459595,2.4352264183033423
2024-12-26,9.753315727920471,-0.0012576889991760256,2.3999556255041252
2024-12-27,9.638570913604237,-0.011764698028564453,2.308849819218498
2024-12-30,9.506457836993624,-0.013706707954406738,2.221741789110389
2024-12-31,9.483137402805928,-0.002453114986419678,2.268148748948428
2025-01-02,9.50353815706443,0.0021512663364410397,2.34910185014238
2025-01-03,9.653301261458255,0.015758668184280393,2.523469426106242
2025-01-06,9.781409374653578,0.013270912170410156,2.5853565698894996
2025-01-07,9.692248005848048,-0.009115390777587891,2.499545714483986
2025-01-08,9.630245627038523,-0.006397110223770141,2.3815698431439136
2025-01-10,9.498813644218997,-0.013647832870483398,2.3474056636095417
2025-01-13,9.505587739254132,0.0007131516933441154,2.344286894159877
2025-01-14,9.531345958294015,0.0027097976207733155,2.411163774471255
2025-01-15,9.765622653047615,0.024579602479934695,2.5849104320708456
2025-01-16,9.785421972507468,0.002027450799942017,2.632464086949874
2025-01-17,9.931936998796356,0.01497278571128845,2.760880990142867
2025-01-21,10.011308581448203,0.007991551160812377,2.784206437636353
2025-01-22,10.013508510885078,0.00021974444389343277,2.672951271372097
2025-01-23,10.064910100364393,0.005133224725723267,2.6770531415653847
2025-01-24,10.027518897814216,-0.0037150061130523677,2.637517390907286
2025-01-27,9.832157958554497,-0.01948248028755188,2.5102733525221064
2025-01-28,9.839321821461638,0.0007286155223846433,2.4848694331033014
2025-01-29,9.831094912479456,-0.0008361256122589107,2.479423197078566
2025-01-30,9.910521472070725,0.008079116344451904,2.451334051758016
2025-01-31,9.852879698427575,-0.005816220045089723,2.429736555919077
2025-02-03,9.754585131159297,-0.009976227283477784,2.4488817695647063
2025-02-04,9.891790590480324,0.01406574010848999,2.4732924807452354
2025-02-05,9.91789098532851,0.0026385915279388437,2.4477615619294335
2025-02-06,9.9485281307709,0.0030890786647796626,2.519268835076551
2025-02-07,9.889722240914164,-0.0059110140800476075,2.4158827220296653
2025-02-10,10.013301539052568,0.012495729923248291,2.457233513431455
2025-02-11,9.950789273129747,-0.006242922544479371,2.3857442216681846
2025-02-12,9.995932677294407,0.004536665678024293,2.371417928679341
2025-02-13,10.17207499701948,0.017621399164199834,2.4063327142779185
2025-02-14,10.241077264890311,0.006783499717712403,2.565465051641434
2025-02-18,10.379633368007921,0.01352944612503052,2.5297670940932466
2025-02-19,10.381216840284853,0.00015255570411682072,2.47009189647737
2025-02-20,10.29920617173521,-0.007899909019470217,2.5129365228572236
2025-02-21,10.063424717317124,-0.022893167734146114,2.393504982436523
2025-02-24,9.923479461560095,-0.013906325101852418,2.3280505088379475
2025-02-25,9.758235657619776,-0.01665180087089539,2.0991791614343684
2025-02-26,9.854699248655688,0.009885351657867433,2.145814227244566
2025-02-27,9.62258049110811,-0.02355411887168884,1.9581628527304045
2025-02-28,9.801990124821787,0.0186446487903595,1.9807607176995978
2025-03-03,9.58617944222087,-0.0220170271396637,1.86366663379126
2025-03-04,9.469369844147538,-0.012185208797454834,1.7214420225115457
2025-03-05,9.62234815488815,0.016155067682266235,1.7521517980460402
2025-03-06,9.368134380893492,-0.026419099569320682,1.5399828306069403
2025-03-07,9.453208263882145,0.00908119797706604,1.6690208107191302
2025-03-10,9.060388291822445,-0.041554143428802495,1.3366436214652977
2025-03-11,9.078958797457501,0.0020496368408203128,1.2962914723716235
2025-03-12,9.204941877268768,0.01387637972831726,1.3643462208823651
2025-03-13,9.088607844357627,-0.012638214826583862,1.2896578617962704
2025-03-14,9.371977042464945,0.03117850422859192,1.4145674216399748
2025-03-17,9.501006651807971,0.013767597675323486,1.465241380966144
2025-03-18,9.34921834461175,-0.01597602367401123,1.448820159071329
2025-03-19,9.508034526274066,0.01698710799217224,1.544734205854163
2025-03-20,9.517273176946691,0.000971667766571045,1.5284916410242708
2025-03-21,9.543137419392716,0.0027176105976104738,1.584036707972324
2025-03-24,9.76497142227281,0.023245395421981813,1.5818874033466943
2025-03-25,9.763576825134283,-0.0001428163051605228,1.5268089347718297
2025-03-26,9.588739748964548,-0.017907072305679318,1.459909855429914
2025-03-27,9.49300011572701,-0.00998458981513977,1.3446822365378022
2025-03-28,9.26026957067712,-0.024516016244888306,1.210571320202058
2025-03-31,9.288355418467077,0.0030329406261444094,1.1662950907074583
2025-04-01,9.317488113828983,0.003136475086212158,1.1926975116398575
2025-04-02,9.416618890833988,0.010639216899871823,1.2485754109514893
2025-04-03,8.717528215230297,-0.07424009442329407,0.8461870212038813
2025-04-04,8.142526542650556,-0.06595925569534301,0.4728178703464847
2025-04-07,8.181480602524566,0.004784026145935059,0.5708259191836201
2025-04-08,7.984801384632899,-0.024039562940597534,0.4371689265501177
2025-04-09,8.981803412982705,0.12486247062683105,0.8682661958961057
2025-04-10,8.495373073267308,-0.05415731310844422,0.6331864245152938
2025-04-11,8.64390482685197,0.017483841180801395,0.7420259838263874
2025-04-14,8.729930547533344,0.00995218276977539,0.7415054814014147
2025-04-15,8.77653813969266,0.00533882737159729,0.8507751859810149
2025-04-16,8.58911536006118,-0.021354978084564206,0.819111884532769
2025-04-17,8.666353207816234,0.008992526531219482,0.8717699061004172
2025-04-21,8.483492492701302,-0.02110007643699646,0.8033959063712267
2025-04-22,8.720975596859816,0.027993553876876832,0.9020607448688497
2025-04-23,8.908569231559982,0.021510624885559087,1.021499106251126
2025-04-24,9.18751732096928,0.03131233334541321,1.0932269609941154
2025-04-25,9.246989117709576,0.006473108530044555,1.0649482659893883
2025-04-28,9.276137752236492,0.00315222978591919,1.0773360573740987
2025-04-29,9.303886963545706,0.002991461753845215,1.0759571204935443
2025-04-30,9.233744123139356,-0.007539089918136597,1.0022246710352039
2025-05-01,9.285821032004982,0.005639847517013551,1.0019544804266698
2025-05-02,9.505283917914877,0.023634192943573003,1.1912472884162912
2025-05-05,9.433980419164447,-0.007501459121704102,1.1847864227948317
2025-05-06,9.375964497648132,-0.006149675846099854,1.0837086940818192
2025-05-07,9.381085182604219,0.0005461502075195311,1.0412608470183262
2025-05-08,9.513388563153908,0.014103206396102906,1.0366371653655906
2025-05-09,9.511757284967691,-0.00017147183418273924,1.071483133404597
2025-05-12,9.845882913814131,0.03512764453887939,1.199582181049346
2025-05-13,10.011269105204194,0.016797497272491458,1.2357811471461384
2025-05-14,10.047526427311778,0.0036216509342193596,1.2560838643165086
2025-05-15,10.064070023244795,0.0016465342044830321,1.2412783047806069
2025-05-16,10.140571363226627,0.007601431608200073,1.2407343915658302
2025-05-19,10.116927157842827,-0.002331644296646118,1.1784951653290021
2025-05-20,10.064994998715772,-0.005133194923400879,1.170247524120523
2025-05-21,9.842621621048895,-0.022093739509582516,1.062465602588735
2025-05-22,9.84530248504426,0.0002723729610443115,1.0436004322377452
2025-05-23,9.772381521231189,-0.007406675815582276,1.0186979004903236
2025-05-27,9.98262688756907,0.021514240503311157,1.1187450037781024
2025-05-28,9.921610218474072,-0.006112285852432251,1.1665441051349041
2025-05-29,9.947171593114552,0.0025763332843780516,1.1282992063307942
2025-05-30,9.942908825171024,-0.00042854070663452145,1.1243852334980953
2025-06-02,9.995416273136685,0.005280894041061401,1.1796362691195816
2025-06-03,10.105259723479959,0.01098938226699829,1.2097851043766863
2025-06-04,10.085564134984637,-0.0019490432739257817,1.1808032012778242
2025-06-05,10.001538971632833,-0.008331230878829957,1.1373040650749349
2025-06-06,10.176865498838948,0.017529954910278322,1.2012813716926787
2025-06-09,10.227731361780634,0.004998185634613037,1.1634260258197873
2025-06-10,10.354048588407606,0.0123504638671875,1.2133256548965068
2025-06-11,10.341925700803394,-0.0011708354949951172,1.2250587699794349
2025-06-12,10.294249920014755,-0.004609951972961425,1.1836277023138964
2025-06-13,10.160516775088212,-0.012991052865982058,1.1456618691168197
2025-06-16,10.314612033769507,0.015166084766387943,1.1702633205386306
2025-06-17,10.18452469285897,-0.012611947059631349,1.1305990104331944
2025-06-18,10.252968273367186,0.006720350980758667,1.1780874292310026
2025-06-20,10.266268359890706,0.0012971937656402587,1.1466209095792197
2025-06-23,10.270152198858996,0.0003783106803894046,1.1363934743660045
2025-06-24,10.477568245106264,0.02019600510597229,1.2022485566021617
2025-06-25,10.462483676286588,-0.0014397013187408447,1.198898668740484
2025-06-26,10.602511101434809,0.013383765220642092,1.2551033579410718
2025-06-27,10.621407949338854,0.001782299280166626,1.2271726131812624
2025-06-30,10.730442398287938,0.010265536308288576,1.270311859959377
2025-07-01,10.783364908657116,0.004931997060775757,1.2696716438056312
2025-07-02,10.921594310525037,0.012818763256072998,1.3146741416869134
2025-07-03,10.99139362902994,0.006390945911407471,1.3470451077045096
2025-07-07,10.868956819431947,-0.011139334440231323,1.2804518096707849
2025-07-08,10.916702235683355,0.004392824172973632,1.2734650940087187
2025-07-09,11.009912442324888,0.008538311719894411,1.295772762843659
2025-07-10,11.079111643446488,0.006285172700881959,1.3116340265083117
2025-07-11,11.031491412259614,-0.00429819941520691,1.27981469134668
2025-07-14,11.030990099665049,-4.544377326965343e-05,1.2432569598152867
2025-07-15,10.959367566436788,-0.006492847204208373,1.232319341231307
2025-07-16,10.996817066443839,0.00341712236404419,1.2245181408724999
2025-07-17,11.087941954847134,0.008286478519439698,1.2309602030904032
2025-07-18,11.06502459675355,-0.0020668721199035645,1.1785231614593419
2025-07-21,11.071197372451905,0.0005578637123107911,1.2418725350303486
2025-07-22,11.098584127917906,0.0024736940860748294,1.2853799692617738
2025-07-23,11.226620818630353,0.011536308526992799,1.333623483208627
2025-07-24,11.184673157259311,-0.003736445903778076,1.2979980661202042
2025-07-25,11.250929249343752,0.0059238290786743164,1.339150419047429
2025-07-28,11.256720764467701,0.0005147588253021237,1.43782853025047
2025-07-29,11.177921472766311,-0.007000199556350709,1.4603790174752012
2025-07-30,11.160635193339527,-0.0015464663505554198,1.4031742135475958
2025-07-31,11.097166022972774,-0.005686877965927123,1.3948727351199073
2025-08-01,10.856514101738112,-0.02168588995933533,1.3180269019403337
2025-08-04,11.009893944428484,0.014127908945083619,1.3189069464200294
2025-08-05,11.009778249172346,-1.0508298873901107e-05,1.4106817133379896
2025-08-06,10.96878587540243,-0.003723269701004027,1.5484816519504399
2025-08-07,11.001597833513548,0.0029913938045501715,1.6859357037375537
2025-08-08,10.945617726640382,-0.005088361501693726,1.615708771346555
2025-08-11,10.916537923216493,-0.0026567530632019046,1.6634637096500386
2025-08-12,11.132388225295934,0.019772779941558835,1.6287008270761396
2025-08-13,11.319048362288003,0.016767303943634033,1.675128577388699
2025-08-14,11.30465193523833,-0.001271876096725464,1.6713762949950415
2025-08-15,11.286360291128535,-0.0016180634498596195,1.57571029645622
2025-08-18,11.333727654825378,0.004196867942810058,1.5829262008485645
2025-08-19,11.2080024633638,-0.011093013286590576,1.4323490783093376
2025-08-20,11.143376645145732,-0.005766042470932007,1.391117372433874
2025-08-21,11.14557582800224,0.00019735336303710948,1.341418974269954
2025-08-22,11.402881708957146,0.023085920810699465,1.4473131450447474
2025-08-25,11.350135771527086,-0.004625667333602905,1.404677272463721
2025-08-26,11.394454176278964,0.0039046585559844977,1.4704333170266364
2025-08-27,11.41881161561281,0.0021376574039459226,1.400386985978197
2025-08-28,11.472597099117278,0.004710252285003661,1.4443161891039304
2025-08-29,11.368439198118436,-0.009078842401504517,1.3999087695243435
2025-09-02,11.302412584299807,-0.005807887315750122,1.4381089094539719
2025-09-03,11.345260673191074,0.0037910568714141844,1.4415159889285545
2025-09-04,11.423878226227872,0.006929550170898437,1.4198900619882266
2025-09-05,11.416104927702186,-0.0006804430484771727,1.522718398865724
2025-09-08,11.444211142739027,0.002461979389190673,1.5547561897107005
2025-09-09,11.570777604363398,0.011059430837631225,1.6048662816743626
2025-09-10,11.58449429943101,0.001185460090637208,1.7198977458817535
2025-09-11,11.794366907679976,0.018116682767868042,1.7258862442696297
2025-09-12,11.849976368062691,0.004714916944503785,1.7525732670227823
2025-09-15,11.88598983102679,0.003039116859436035,1.70485200326719
2025-09-16,11.845692487232268,-0.0033903229236602788,1.6514344956808649
2025-09-17,11.880734894605549,0.002958240509033203,1.6138294483749447
2025-09-18,11.999100246530656,0.009962797164916992,1.6239730135246362
2025-09-19,12.035563881931013,0.003038864135742187,1.6147620533650586
2025-09-22,12.076539395423183,0.0034045362472534175,1.6295391553037613
2025-09-23,12.059298203329961,-0.0014276599884033205,1.549097266088061
2025-09-24,12.026657078451374,-0.0027067184448242186,1.532303705297075
2025-09-25,11.950296065200215,-0.006349313259124756,1.4867405740671482
2025-09-26,12.014016756377739,0.005332143306732178,1.4855248318613619
2025-09-29,12.056876819818308,0.0035675048828124997,1.5145623287860555
2025-09-30,12.102865454910923,0.0038143074512481693,1.4742090855328136
2025-10-01,12.191216100913152,0.007299977540969849,1.4981487001165668
2025-10-02,12.218011652158724,0.0021979391574859617,1.5096327781914753
2025-10-03,12.257616361934396,0.0032415020465850833,1.555178327182062
2025-10-06,12.337132103622684,0.00648704767227173,1.5773572253109602
2025-10-07,12.274490311130922,-0.005077500343322754,1.5606984756811395
2025-10-08,12.380227732038492,0.008614404201507568,1.5287598835761327
2025-10-09,12.313011480339435,-0.0054293227195739745,1.5131221368515253
2025-10-10,11.89175382448126,-0.034212398529052744,1.3292140181360697
2025-10-13,12.101625359223108,0.01764849305152893,1.3563881614399793
2025-10-14,12.131657214913513,0.0024816381931304934,1.3782337511181542
2025-10-15,12.225824027204432,0.007762073278427123,1.3579421679430526
2025-10-16,12.096111445948736,-0.010609720945358279,1.309581331374614
2025-10-17,12.131695343895228,0.0029417634010314945,1.3670636047049014
2025-10-20,12.2872069678747,0.012818622589111327,1.3899592306149322
2025-10-21,12.366535207303201,0.006456165313720704,1.4333687521296823
2025-10-22,12.229763074077804,-0.011059858798980714,1.370594748609397
2025-10-23,12.305116032943936,0.0061614406108856205,1.4092485834523785
2025-10-24,12.435470970764323,0.01059355616569519,1.4346840289341762
2025-10-27,12.589429265876637,0.012380576133728028,1.5246472878175616
2025-10-28,12.591544175718148,0.00016799092292785634,1.4950229064487095
2025-10-29,12.573091530444739,-0.0014654791355133054,1.4827897732601478
2025-10-30,12.395739120161712,-0.01410571217536926,1.3879454481877482
2025-10-31,12.514817926894343,0.009606430530548096,1.416216026449737
2025-11-03,12.530022283835564,0.0012149083614349365,1.473719224109273
2025-11-04,12.21383445009973,-0.025234419107437137,1.4314486316032766
2025-11-05,12.317038471812474,0.008449764251708984,1.4705900930567444
2025-11-06,12.125009599859512,-0.015590506792068482,1.4130824032102636
2025-11-07,12.184930398902685,0.004941917657852173,1.3570458353045332
2025-11-10,12.377769295925983,0.01582601547241211,1.2565964170841946
2025-11-11,12.365055010867112,-0.0010271871089935303,1.2151091696487726
2025-11-12,12.395129212035394,0.0024321930749075754,1.2095515502707879
2025-11-13,12.157991542510672,-0.019131520572973754,1.07863784975388
2025-11-14,12.150468743502591,-0.0006187534332275392,1.1035769681141372
2025-11-17,11.952722363565863,-0.016274794340133666,1.0659989594531685
2025-11-18,11.908187508059317,-0.0037259173393249514,1.0806887863483996
2025-11-19,11.903449846579678,-0.0003978490829467773,1.0976319455333998
2025-11-20,11.607000646557056,-0.02490447759628296,0.936044482444597
2025-11-21,11.775285931107993,0.014498602151870727,0.945644246031887
2025-11-24,11.979470185457654,0.01734006762504578,1.012722165196992
2025-11-25,12.07031522839137,0.007583394050598145,1.0281682171148034
2025-11-26,12.234474567678815,0.013600252866744995,1.0302011085094473
2025-11-28,12.380382212757498,0.011925942897796632,1.0437032071941692
2025-12-01,12.348316026210032,-0.002590080499649048,1.0777437634873903
2025-12-02,12.377359094724184,0.002351986169815063,1.0705674276553878
2025-12-03,12.54962110524979,0.013917509317398071,1.112927717686609
2025-12-04,12.578556342558722,0.002305666208267212,1.0985888270527155
2025-12-05,12.625019898325036,0.0036938703060150142,1.114020222223335
2025-12-08,12.635641875527499,0.0008413434028625488,1.0921868227206737
2025-12-09,12.642212580778358,0.0005200135707855219,1.113364693582226
2025-12-10,12.767048079224018,0.009874497652053834,1.1104316038853503
2025-12-11,12.747556730160865,-0.001526691913604736,1.1520323504055605
2025-12-12,12.608133033361113,-0.0109372878074646,1.1396797021639775
2025-12-15,12.549017349641288,-0.004688694477081299,1.0753458930708502
2025-12-16,12.541340983356445,-0.0006117105484008793,1.0733686460609155
2025-12-17,12.388666112595386,-0.012173727750778199,1.0119626640757193
2025-12-18,12.468660110922855,0.006457030773162841,1.0323147802126933
2025-12-19,12.642839379541453,0.013969365358352661,1.1155548719328128
2025-12-22,12.75002196772982,0.008477730751037598,1.3033984981322508
2025-12-23,12.736543915733465,-0.001057100296020508,1.330305161714434
2025-12-24,12.793547282000038,0.0044755756855010985,1.2822594014809998
2025-12-26,12.776934079217346,-0.0012985610961914061,1.259440661075857
2025-12-29,12.72260786725578,-0.00425189733505249,1.1863489209562013
2025-12-30,12.713023105339794,-0.0007533645629882814,1.1883954381655826
2025-12-31,12.629677623163497,-0.00655591368675232,1.2103676603271627
2026-01-02,12.734632634342246,0.008310189247131347,1.3006928465439183
2026-01-05,12.88390409208185,0.011721693277359009,1.3567164816219692
2026-01-06,12.95017760527951,0.005143899917602539,1.3686011816792854
2026-01-07,12.882824179572184,-0.005200965404510498,1.2860365108727927
2026-01-08,12.895378279039624,0.0009744834899902343,1.2379678153269205
2026-01-09,12.99874670631871,0.008015928268432617,1.3076981385014528
2026-01-12,13.002621765905582,0.00029811024665832525,1.335339877558018
2026-01-13,13.025836335678786,0.0017853760719299318,1.4001907019830868
2026-01-14,12.991703555889318,-0.0026203906536102304,1.3865366014486238
2026-01-15,12.94870531094713,-0.003309669494628906,1.361979869201229
2026-01-16,12.90805663989202,-0.0031392073631286628,1.2553125679044737
2026-01-20,12.668830167538655,-0.018533113002777102,1.168115147134377
2026-01-21,12.86732151706361,0.015667693614959715,1.1707383962221085
2026-01-22,12.945079679519749,0.006043072938919068,1.1630727347586642
2026-01-23,12.888413968992914,-0.00437739372253418,1.1441926977292975
2026-01-26,12.89449090431222,0.000471503734588623,1.1254774494052011
2026-01-27,12.943071835467734,0.003767572641372681,1.1559089799163318
2026-01-28,12.91126703556194,-0.0024572837352752684,1.2289734520737878
2026-01-29,12.953872744742956,0.003299885988235474,1.2393719333403423
2026-01-30,12.893543343460497,-0.0046572482585906985,1.2235518787482924
2026-02-02,12.975812436059789,0.0063806426525115974,1.2168626212199742
2026-02-03,12.90151766645757,-0.005725635290145873,1.2172430611310912
2026-02-04,12.84701685762979,-0.004224371910095214,1.241574399778231
2026-02-05,12.583565294784973,-0.02050682783126831,1.0983593546219077
2026-02-06,12.962340464469602,0.03010078310966492,1.2014392226592892
2026-02-09,13.042524066926863,0.00618588924407959,1.2136961720414203
2026-02-10,12.997258143271127,-0.003470641374588013,1.2238038644488356
2026-02-11,12.922392947976522,-0.00576007604598999,1.15105542478766
2026-02-12,12.641581125945487,-0.02173063635826111,1.0845559387168133
2026-02-13,12.701752679976021,0.004759812355041504,1.0854375647283696
2026-02-17,12.694537492935405,-0.0005680465698242187,1.014666004673874
2026-02-18,12.787596100042652,0.007330602407455444,1.0168120565222027
2026-02-19,12.751807938391856,-0.002798662185668945,0.9522469867592732
2026-02-20,12.829941197640451,0.006127229928970337,0.9760978097225727
2026-02-23,12.591910792202857,-0.01855272769927978,0.9309375965255361
2026-02-24,12.736265865362778,0.011464111804962158,1.0729076672722289
2026-02-25,12.91620727020105,0.014128270149230958,1.1864553539032168
2026-02-26,12.92787183249541,0.0009030950069427495,1.2605217052314703
2026-02-27,12.850004279892879,-0.00602323055267334,1.1964242839343295
2026-03-02,12.83311046035803,-0.0013146936893463133,1.2927975021446496
2026-03-03,12.705996179339504,-0.00990518093109131,1.1785224407685604
2026-03-04,12.89246100160024,0.014675340652465821,1.3318413349002975
2026-03-05,12.926810326592099,0.0026642954349517817,1.394566624098095
2026-03-06,12.725175377341717,-0.015598198175430298,1.2640582178287552
2026-03-09,12.794578623361435,0.005454010963439942,1.4031281958231692
2026-03-10,12.741386028700886,-0.004157432317733765,1.3490288597538653
2026-03-11,12.740819345442656,-4.447579383850128e-05,1.5440212096032515
2026-03-12,12.498235384951853,-0.019039902687072757,1.4505974706211857
2026-03-13,12.450970404243796,-0.0037817323207855226,1.3786344211583967
2026-03-16,12.605700867151182,0.012427181005477909,1.4840701071240583
2026-03-17,12.665549112143172,0.0047477126121521,1.3844328201532647
2026-03-18,12.414505835678609,-0.019820954799652096,1.2401085651681332
2026-03-19,12.44105681932948,0.0021387064456939698,1.319480749064411
2026-03-20,12.18462396314908,-0.020611822605133057,1.1591292098564985
2026-03-23,12.375631044924136,0.01567607522010803,1.218552415916669
2026-03-24,12.34800861143455,-0.002232002019882202,1.1977314476120178
2026-03-25,12.500716823811262,0.012367031574249268,1.155866410858165
2026-03-26,12.309688212212452,-0.015281412601470947,1.089722458372969
2026-03-27,12.120875536882895,-0.015338542461395266,1.1013646814191875
2026-03-30,12.000164383394782,-0.009958946704864503,1.1014777073274646
2026-03-31,12.370921458224437,0.03089599967002869,1.331248091111225
2026-04-01,12.449739914662116,0.006371268033981322,1.344952076314975
2026-04-02,12.494311843699078,0.0035801494121551515,1.3467871112079852
2026-04-06,12.560460155187052,0.005294274091720581,1.3252498122651513
2026-04-07,12.52020831043097,-0.0032046473026275638,1.7104567809856432
2026-04-08,12.779278734300219,0.02069218158721924,2.1846559614087404
2026-04-09,12.833826516968315,0.004268455505371093,2.1823436628198376
2026-04-10,12.839214849413281,0.00041985392570495625,2.311593617552733
2026-04-13,12.995858784242701,0.012200429439544677,2.1756953178120964
2026-04-14,13.13322376204754,0.010569903850555422,2.6736765409666843
2026-04-15,13.34126121142558,0.01584054708480835,2.666217073987004
2026-04-16,13.480015762110884,0.010400407314300534,2.6685267202089347
2026-04-17,13.581705082084547,0.00754370927810669,2.6806600513678926
2026-04-20,13.598455058559608,0.0012332749366760253,2.8419578846609954
2026-04-21,13.556725968060263,-0.003068664073944092,2.7709361410985314
2026-04-22,13.760944599695389,0.015064008235931396,3.00732277505152
2026-04-23,13.5564430436779,-0.014861011505126955,2.768777960868058
2026-04-24,13.694534174456237,0.010186383724212645,2.7159344048382086
2026-04-27,13.648317214502562,-0.0033748471736907955,2.5445346777331928
2026-04-28,13.55165461231928,-0.007082382440567017,2.4577503651298938
2026-04-29,13.545270820763438,-0.0004710710048675536,2.4351552465139497
2026-04-30,13.725206814085213,0.013284045457839965,2.4926291164131102
2026-05-01,13.799958022228527,0.005446271896362305,2.576556062995724
2026-05-04,13.742169342461894,-0.004187598228454591,2.5146972999479624
2026-05-05,13.909897449202873,0.012205358743667601,2.461537808677687
