date,strategy,benchmark,vol_target,strategy_return,benchmark_return,vol_target_return
2015-02-02,0.9778785634040833,0.9778785634040833,0.9778785634040833,-0.0221214365959167,-0.0221214365959167,-0.0221214365959167
2015-02-03,0.9949385342981304,0.9949385342981304,0.9949385342981304,0.01744589924812323,0.01744589924812323,0.01744589924812323
2015-02-04,0.9899931301714925,0.9899931301714925,0.9899931301714925,-0.004970562458038286,-0.004970562458038286,-0.004970562458038286
2015-02-05,0.9802840691177721,0.9802840691177721,0.9802840691177721,-0.009807200431823704,-0.009807200431823704,-0.009807200431823704
2015-02-06,0.9519215481560028,0.9519215481560028,0.9519215481560028,-0.02893296122550959,-0.02893296122550959,-0.02893296122550959
2015-02-09,0.9526383755138114,0.9526383755138114,0.9526383755138114,0.0007530319690705056,0.0007530319690705056,0.0007530319690705056
2015-02-10,0.969772648181205,0.969772648181205,0.969772648181205,0.017986124753952115,0.017986124753952115,0.017986124753952115
2015-02-11,0.9799638592921519,0.9799638592921519,0.9799638592921519,0.010508866310119602,0.010508866310119602,0.010508866310119602
2015-02-12,0.9873355330232687,0.9873355330232687,0.9873355330232687,0.007522393465042132,0.007522393465042132,0.007522393465042132
2015-02-13,0.9984815631832685,0.9984815631832685,0.9984815631832685,0.011288999319076565,0.011288999319076565,0.011288999319076565
2015-02-16,1.0104186330158824,1.0104186330158824,1.0104186330158824,0.011955223083496058,0.011955223083496058,0.011955223083496058
2015-02-17,1.0199463443026409,1.0199463443026409,1.0199463443026409,0.009429469108581445,0.009429469108581445,0.009429469108581445
2015-02-25,1.0211256587222857,1.0211256587222857,1.0211256587222857,0.0011562514305114568,0.0011562514305114568,0.0011562514305114568
2015-02-26,1.0431782173114055,1.0431782173114055,1.0431782173114055,0.021596322059631357,0.021596322059631357,0.021596322059631357
2015-02-27,1.0546834861250496,1.0546834861250496,1.0546834861250496,0.011029053926467913,0.011029053926467913,0.011029053926467913
2015-03-02,1.0700713583300718,1.0700713583300718,1.0700713583300718,0.014590038061141897,0.014590038061141897,0.014590038061141897
2015-03-03,1.04630076940132,1.04630076940132,1.04630076940132,-0.022214022217964646,-0.022214022217964646,-0.022214022217964646
2015-03-04,1.0565866255340826,1.0565866255340826,1.0565866255340826,0.009830687727246934,0.009830687727246934,0.009830687727246934
2015-03-05,1.047925580786541,1.047925580786541,1.047925580786541,-0.00819719324306556,-0.00819719324306556,-0.00819719324306556
2015-03-06,1.0444670258879016,1.0444670258879016,1.0444670258879016,-0.0033003821664927546,-0.0033003821664927546,-0.0033003821664927546
2015-03-09,1.0599508718326316,1.0599508718326316,1.0549141675250162,0.014824638366699228,0.014824638366699228,0.010002366162046528
2015-03-10,1.065414263517149,1.065414263517149,1.0586669442672878,0.0051543819904327215,0.0051543819904327215,0.003557423777022617
2015-03-11,1.0658665910452108,1.0658665910452108,1.058983884336675,0.00042455554008480334,0.00042455554008480334,0.0002993765613477084
2015-03-12,1.0753878053089956,1.0753878053089956,1.0657690115109768,0.00893283863456884,0.00893283863456884,0.006407205316964593
2015-03-13,1.0904209687633264,1.0904209687633264,1.0765304163753389,0.013979295078589082,0.013979295078589082,0.010097314472584662
2015-03-16,1.124152617776717,1.124152617776717,1.0992236363306254,0.030934519767761293,0.030934519767761293,0.02107996170855464
2015-03-17,1.1558618096570588,1.1558618096570588,1.1196852124235233,0.02820719480514522,0.02820719480514522,0.018614570699372557
2015-03-18,1.182134279923153,1.182134279923153,1.1363618986990425,0.02272976756095879,0.02272976756095879,0.014894084596708268
2015-03-19,1.1829267987997976,1.1829267987997976,1.1368687028798443,0.0006704135816923973,0.0006704135816923973,0.00044598836108633577
2015-03-20,1.1921461986612056,1.1921461986612056,1.1428620612806863,0.007793719671210564,0.007793719671210564,0.0052718122907773335
2015-03-23,1.2228083427451595,1.2228083427451595,1.1624522150194452,0.025720120668411228,0.025720120668411228,0.017141310751715988
2015-03-24,1.230069074855149,1.230069074855149,1.1671257664771404,0.005937751531601032,0.005937751531601032,0.004020424579445736
2015-03-25,1.2160802571948774,1.2160802571948774,1.1582201257819187,-0.011372383832931376,-0.011372383832931376,-0.00763040363859202
2015-03-26,1.2138163445854293,1.2138163445854293,1.1567584092297818,-0.0018616473674774037,-0.0018616473674774037,-0.001262036913017739
2015-03-27,1.2184379944561723,1.2184379944561723,1.1597869093659834,0.003807536363601649,0.003807536363601649,0.0026180921720881933
2015-03-30,1.2559511768962954,1.2559511768962954,1.183613977833698,0.030787928980223978,0.030787928980223978,0.020544350238217657
2015-03-31,1.2336325842305846,1.2336325842305846,1.169916498112348,-0.017770270912014663,-0.017770270912014663,-0.011572590369724911
2015-04-01,1.2605010231934803,1.2605010231934803,1.186470864843342,0.021779936187121374,0.021779936187121374,0.01415004127021402
2015-04-02,1.2601855343860426,1.2601855343860426,1.1862759066650983,-0.00025028841836116644,-0.00025028841836116644,-0.0001643177123185069
2015-04-03,1.2713480547196854,1.2713480547196854,1.1932590089056658,0.008857838809490204,0.008857838809490204,0.005886575122476145
2015-04-07,1.3068927321377044,1.3068927321377044,1.2150860609150629,0.027958258390426538,0.027958258390426538,0.018291964985384546
2015-04-08,1.3083704265478808,1.3083704265478808,1.2159942576956262,0.001130692958831725,0.001130692958831725,0.0007474341199169565
2015-04-09,1.301332883327893,1.301332883327893,1.2116542830474422,-0.005378861427307147,-0.005378861427307147,-0.0035690749530417065
2015-04-10,1.3253631610674956,1.3253631610674956,1.2265479683364349,0.018465896042025864,0.018465896042025864,0.012292025454268662
2015-04-13,1.3463720632282223,1.3463720632282223,1.2395739959557475,0.015851430594921112,0.015851430594921112,0.010620071905528272
2015-04-14,1.3651220779421103,1.3651220779421103,1.2512344428250253,0.013926324844360405,0.013926324844360405,0.009406817912703369
2015-04-15,1.343805498795982,1.343805498795982,1.238246987242547,-0.015615144968032846,-0.015615144968032846,-0.010379713935268042
2015-04-16,1.3748895937670988,1.3748895937670988,1.2572161204159444,0.023131394386291415,0.023131394386291415,0.015319345307384769
2015-04-17,1.4132101719787453,1.4132101719787453,1.2801561743139929,0.027871749401092494,0.027871749401092494,0.018246706771830823
2015-04-20,1.40916532121524,1.40916532121524,1.2777447663436532,-0.0028621721267699796,-0.0028621721267699796,-0.0018836826464800893
2015-04-21,1.4399241693708602,1.4399241693708602,1.296091624048518,0.021827707290649423,0.021827707290649423,0.014358781337344473
2015-04-22,1.4768680556685077,1.4768680556685077,1.3178403233665235,0.0256568276882172,0.0256568276882172,0.016780217474186232
2015-04-23,1.4812705693339956,1.4812705693339956,1.320431689228011,0.0029809796810149614,0.0029809796810149614,0.0019663731755208413
2015-04-24,1.4605296315076564,1.4605296315076564,1.3083712170484436,-0.014002126455307073,-0.014002126455307073,-0.009133734276415728
2015-04-27,1.4959622283464982,1.4959622283464982,1.329006908961083,0.02426010131835943,0.02426010131835943,0.015772046681974183
2015-04-28,1.4705617551733077,1.4705617551733077,1.3145636654319608,-0.016979354619979903,-0.016979354619979903,-0.010867696346599787
2015-04-29,1.4789719085180795,1.4789719085180795,1.31941803087459,0.005719007253646824,0.005719007253646824,0.0036927579624179696
2015-04-30,1.4777410709968286,1.4777410709968286,1.3187045846707186,-0.0008322250843048051,-0.0008322250843048051,-0.0005407279476076221
2015-05-04,1.502808162337889,1.502808162337889,1.3333039678081178,0.016963114738464347,0.016963114738464347,0.011071003549323777
2015-05-05,1.423668647553419,1.423668647553419,1.2925113205324035,-0.052661089264616545,-0.052661089264616545,-0.030595159288976936
2015-05-06,1.3845443489208067,1.3845443489208067,1.2723922663742209,-0.027481323480605946,-0.027481323480605946,-0.01556586301301821
2015-05-07,1.3325368931286794,1.3325368931286794,1.2464569692380953,-0.03756286740303039,-0.03756286740303039,-0.02038309868860655
2015-05-08,1.3700604233613916,1.3700604233613916,1.2653877525999746,0.02815946817398074,0.02815946817398074,0.015187675009311175
2015-05-11,1.4112919364945342,1.4112919364945342,1.2860156735616457,0.030094667673110864,0.030094667673110864,0.016301660040005217
2015-05-12,1.4293642438423395,1.4293642438423395,1.2949559579048913,0.012805505990981958,0.012805505990981958,0.006951924869224468
2015-05-13,1.4307602419725785,1.4307602419725785,1.295644270429499,0.0009766566753386385,0.0009766566753386385,0.0005315335401223642
2015-05-14,1.4272398801684392,1.4272398801684392,1.2939010373076822,-0.002460483385592127,-0.002460483385592127,-0.0013454565899009285
2015-05-15,1.3947676338742632,1.3947676338742632,1.2776311673659406,-0.022751778972392334,-0.022751778972392334,-0.01257427691347679
2015-05-18,1.3802562781453696,1.3802562781453696,1.270333014108687,-0.010404138565063503,-0.010404138565063503,-0.0057122536172157234
2015-05-19,1.428184615530001,1.428184615530001,1.2941251150937403,0.03472423066898278,0.03472423066898278,0.01872902673614818
2015-05-20,1.4312668996085085,1.4312668996085085,1.2956315924616104,0.002158183224347132,0.002158183224347132,0.0011640894302256122
2015-05-21,1.4597269227463765,1.4597269227463765,1.3094622666686866,0.019884497535471946,0.019884497535471946,0.010674851005137098
2015-05-22,1.4952862776217888,1.4952862776217888,1.326458356314437,0.024360278844833383,0.024360278844833383,0.012979442079678272
2015-05-25,1.553842184540826,1.553842184540826,1.3534487796633168,0.0391603319012388,0.0391603319012388,0.02034773517042221
2015-05-26,1.5848986854021196,1.5848986854021196,1.3674507822626336,0.019986908046566665,0.019986908046566665,0.010345424821174287
2015-05-27,1.5964552206826097,1.5964552206826097,1.3726164117691342,0.007291655540466291,0.007291655540466291,0.0037775615572455123
2015-05-28,1.4895995100724044,1.4895995100724044,1.3299956303641642,-0.06693310856819157,-0.06693310856819157,-0.031050759002682282
2015-05-29,1.481916338712138,1.481916338712138,1.3268187830162446,-0.005157877206802386,-0.005157877206802386,-0.002388614876163042
2015-06-01,1.5657305858113935,1.5657305858113935,1.3600324621462252,0.0565580153951839,0.0565580153951839,0.025032566281942614
2015-06-02,1.5992448278484523,1.5992448278484523,1.3730571621451026,0.021404858754605627,0.021404858754605627,0.009576756703530087
2015-06-03,1.6089804764410491,1.6089804764410491,1.3767974317922527,0.006087653636932311,0.006087653636932311,0.0027240451091683493
2015-06-04,1.6092004273878038,1.6092004273878038,1.3768819273225132,0.00013670206069948954,0.00013670206069948954,6.13710690544611e-05
2015-06-05,1.6409259506434262,1.6409259506434262,1.3890588294737918,0.019715085029601953,0.019715085029601953,0.0088438245209288
2015-06-08,1.6963390622084866,1.6963390622084866,1.4098662118119984,0.03376941631237673,0.03376941631237673,0.014979482435663938
2015-06-09,1.7020747388193773,1.7020747388193773,1.4119803362131227,0.0033812088270981366,0.0033812088270981366,0.0014995212903265998
2015-06-10,1.6998159827317476,1.6998159827317476,1.411149751631318,-0.0013270604610444714,-0.0013270604610444714,-0.0005882408986177534
2015-06-11,1.7071082442965557,1.7071082442965557,1.413832786802953,0.004290030002594092,0.004290030002594092,0.0019013114437593792
2015-06-12,1.7372740972109766,1.7372740972109766,1.424893590965943,0.01767073237166117,0.01767073237166117,0.007823276038180893
2015-06-15,1.7386686774096647,1.7386686774096647,1.4254045466173415,0.0008027404546737671,0.0008027404546737671,0.0003585921465560915
2015-06-16,1.6682060560359713,1.6682060560359713,1.400368166802454,-0.04052676757176721,-0.04052676757176721,-0.017564402943923474
2015-06-17,1.7039228772192683,1.7039228772192683,1.4133717532509926,0.021410317420959446,0.021410317420959446,0.00928583408049799
2015-06-18,1.6643194520692315,1.6643194520692315,1.3993158299554223,-0.023242498636245723,-0.023242498636245723,-0.00994495840407128
2015-06-19,1.5382558098742791,1.5382558098742791,1.3581221173239308,-0.0757448589801788,-0.0757448589801788,-0.029438466820463027
2015-06-23,1.5646363180640235,1.5646363180640235,1.3672102851140213,0.01714962363243111,0.01714962363243111,0.006691716211792542
2015-06-24,1.625791483863632,1.625791483863632,1.3877324545640888,0.03908586621284482,0.03908586621284482,0.015010250927388169
2015-06-25,1.5782934183280357,1.5782934183280357,1.3723408166220148,-0.029215348958969156,-0.029215348958969156,-0.01109121422609427
2015-06-26,1.4368031692269025,1.4368031692269025,1.3301033164990839,-0.08964762030815587,-0.08964762030815587,-0.03077770449683015
2015-06-29,1.3815583754090375,1.3815583754090375,1.3128489423241387,-0.038449799527927375,-0.038449799527927375,-0.012972205963939554
2015-06-30,1.4676962084060516,1.4676962084060516,1.3397213564216606,0.06234831226115323,0.06234831226115323,0.020468778418596623
2015-07-01,1.3813396327295953,1.3813396327295953,1.314637003295572,-0.058838181349695984,-0.058838181349695984,-0.018723559944649804
2015-07-02,1.290396163713408,1.290396163713408,1.288064869010126,-0.06583715319633476,-0.06583715319633476,-0.020212525753370958
2015-07-03,1.1847181626501404,1.1847181626501404,1.257366772126705,-0.08189578056335445,-0.08189578056335445,-0.023832725837024338
2015-07-06,1.1935321319817214,1.1935321319817214,1.2600895388105575,0.007439718246460059,0.007439718246460059,0.002165451437250221
2015-07-07,1.1358772724248103,1.1358772724248103,1.2425547703351045,-0.04830608075978804,-0.04830608075978804,-0.013915494046561672
2015-07-08,1.0389127089600254,1.0389127089600254,1.2134402874330814,-0.08536535224249187,-0.08536535224249187,-0.02343114653543299
2015-07-09,1.1282825775815564,1.1282825775815564,1.2407035244518487,0.08602250011070911,0.08602250011070911,0.022467720332938868
2015-07-10,1.2150267069850813,1.2150267069850813,1.2647979923576924,0.07688156418178393,0.07688156418178393,0.019420004401526025
2015-07-13,1.2815272920828826,1.2815272920828826,1.2821041565018159,0.0547317887874359,0.0547317887874359,0.013682947196858919
2015-07-14,1.2530526555584973,1.2530526555584973,1.2749822929901429,-0.022219297786553627,-0.022219297786553627,-0.005554824446638351
2015-07-15,1.1807760629566997,1.1807760629566997,1.2565969172128015,-0.0576804113388063,-0.0576804113388063,-0.01442010283470152
2015-07-16,1.2048650934613179,1.2048650934613179,1.263005880440543,0.02040101528167715,0.02040101528167715,0.005100253820419232
2015-07-17,1.2630914599541878,1.2630914599541878,1.2782649006570546,0.048326046466827366,0.048326046466827366,0.012081511616706786
2015-07-20,1.274312763961634,1.274312763961634,1.281103926869147,0.008883999586105418,0.008883999586105418,0.0022209998965263544
2015-07-21,1.2941000016492892,1.2941000016492892,1.2860770991978814,0.015527771711349558,0.015527771711349558,0.0038819429278373896
2015-07-22,1.3032138502677293,1.3032138502677293,1.288341435798375,0.007042615413665798,0.007042615413665798,0.001760653853416505
2015-07-23,1.3403504321890864,1.3403504321890864,1.2975196296273033,0.028496153500615407,0.028496153500615407,0.007124038375153852
2015-07-24,1.3100326749814102,1.3100326749814102,1.2901823907682486,-0.02261927663063512,-0.02261927663063512,-0.0056548191576586415
2015-07-27,1.1852390328165328,1.1852390328165328,1.2594567144786777,-0.09525994621977518,-0.09525994621977518,-0.02381498655494363
2015-07-28,1.1758325848520739,1.1758325848520739,1.2569578484862036,-0.007936329891284455,-0.007936329891284455,-0.0019840824728211137
2015-07-29,1.2312437184469052,1.2312437184469052,1.2717663892943967,0.04712501958924897,0.04712501958924897,0.011781254897312188
2015-07-30,1.1909483493903519,1.1909483493903519,1.2613609969170492,-0.032727370262146005,-0.032727370262146005,-0.008181842565536446
2015-07-31,1.1856697398631422,1.1856697398631422,1.2599633224967048,-0.004432274103164824,-0.004432274103164824,-0.0011080685257911504
2015-08-03,1.1763596080643015,1.1763596080643015,1.2574899472810432,-0.007852213382721018,-0.007852213382721018,-0.0019630533456802546
2015-08-04,1.2353044937169826,1.2353044937169826,1.2732424860123428,0.050107879638671804,0.050107879638671804,0.012526969909667951
2015-08-05,1.2123687033791946,1.2123687033791946,1.267332440582881,-0.01856691241264341,-0.01856691241264341,-0.004641728103160769
2015-08-06,1.197078308438897,1.197078308438897,1.2633365411747324,-0.012612000703811632,-0.012612000703811632,-0.0031530001759528803
2015-08-07,1.2327307230152256,1.2327307230152256,1.2727429847210454,0.02978285908699041,0.02978285908699041,0.007445714771747491
2015-08-10,1.3030890801157362,1.3030890801157362,1.2909035009928271,0.05707520368147878,0.05707520368147878,0.01426880092036975
2015-08-11,1.3025304446104602,1.3025304446104602,1.290765148108795,-0.00042870093365099393,-0.00042870093365099393,-0.00010717523341274848
2015-08-12,1.2857029457730733,1.2857029457730733,1.2865962726097588,-0.012919082933542825,-0.012919082933542825,-0.003229770733385706
2015-08-13,1.322979951746899,1.322979951746899,1.2959219992672368,0.028993482589721786,0.028993482589721786,0.007248370647430447
2015-08-14,1.3320585574761843,1.3320585574761843,1.2981452311597004,0.006862239837646555,0.006862239837646555,0.0017155599594116389
2015-08-17,1.3749308433346714,1.3749308433346714,1.3085904276421951,0.03218498587608343,0.03218498587608343,0.008046246469020746
2015-08-18,1.2594633774558242,1.2594633774558242,1.2811163875321678,-0.08398056268692011,-0.08398056268692011,-0.020995140671730028
2015-08-19,1.2944040856311703,1.2944040856311703,1.29000174192926,0.02774253606796262,0.02774253606796262,0.0069356340169905994
2015-08-20,1.2458747137097532,1.2458747137097532,1.2779106617541625,-0.03749167084693916,-0.03749167084693916,-0.009372917711734763
2015-08-21,1.1787448972887478,1.1787448972887478,1.26069667001366,-0.053881675004959106,-0.053881675004959106,-0.013470418751239777
2015-08-24,1.0640962388817057,1.0640962388817057,1.2300417797554404,-0.09726333379745478,-0.09726333379745478,-0.024315833449363722
2015-08-25,0.970793157534665,0.970793157534665,1.2030783614002094,-0.08768293499946589,-0.08768293499946589,-0.021920733749866583
2015-08-26,0.9320112577353604,0.9320112577353604,1.1910630149537476,-0.03994867444038386,-0.03994867444038386,-0.009987168610095964
2015-08-27,0.9814195243570811,0.9814195243570811,1.206848328306372,0.05301252126693723,0.05301252126693723,0.013253130316734252
2015-08-28,1.051410733030898,1.051410733030898,1.2283653174959523,0.07131629943847662,0.07131629943847662,0.017829074859619043
2015-08-31,1.03559726547172,1.03559726547172,1.2237465908440364,-0.015040237903594988,-0.015040237903594988,-0.003760059475898747
2015-09-01,1.0021181992336092,1.0021181992336092,1.2138561888172243,-0.03232826828956614,-0.03232826828956614,-0.008082067072391563
2015-09-02,0.9812448350856788,0.9812448350856788,1.2075352622359643,-0.020829243659973184,-0.020829243659973184,-0.005207310914993268
2015-09-07,0.9656163122658821,0.9656163122658821,1.2027270859972796,-0.015927240848541246,-0.015927240848541246,-0.003981810212135284
2015-09-08,1.0040396308509434,1.0040396308509434,1.2146916638034777,0.03979149699211115,0.03979149699211115,0.0099478742480279
2015-09-09,1.037036615098521,1.037036615098521,1.2246716388125862,0.03286422491073604,0.03286422491073604,0.008216056227684065
2015-09-10,1.014873954969328,1.014873954969328,1.2181284799439172,-0.021371145248412993,-0.021371145248412993,-0.005342786312103387
2015-09-11,1.0215987170852365,1.0215987170852365,1.220146371972313,0.00662620425224314,0.00662620425224314,0.0016565510630608404
2015-09-14,0.9718683592719423,0.9718683592719423,1.2052975094375449,-0.04867895483970641,-0.04867895483970641,-0.012169738709926659
2015-09-15,0.9089962616544964,0.9089962616544964,1.1858042360048677,-0.06469198942184451,-0.06469198942184451,-0.01617299735546096
2015-09-16,0.9768843279565151,0.9768843279565151,1.2079445791479158,0.07468464851379397,0.07468464851379397,0.01867116212844855
2015-09-17,0.9510890444654045,0.9510890444654045,1.199970433189957,-0.02640566825866697,-0.02640566825866697,-0.00660141706466677
2015-09-18,0.9619810693980392,0.9619810693980392,1.2034059968610946,0.01145216107368463,0.01145216107368463,0.002863040268421102
2015-09-21,0.9881865539033318,0.9881865539033318,1.2116015420250066,0.027241164445876986,0.027241164445876986,0.006810291111469358
2015-09-22,0.9939483135574528,0.9939483135574528,1.213367645007823,0.005830639600753695,0.005830639600753695,0.0014576599001885349
2015-09-23,0.970947069808443,0.970947069808443,1.2063479226089546,-0.023141287565231372,-0.023141287565231372,-0.005785321891307871
2015-09-24,0.9794949342267256,0.9794949342267256,1.2090029845593895,0.008803635835647583,0.008803635835647583,0.0022009089589118958
2015-09-25,0.9490914456010423,0.9490914456010423,1.1996211319318189,-0.031039965152740434,-0.031039965152740434,-0.007759991288185053
2015-09-28,0.9569671535916345,0.9569671535916345,1.202109792476129,0.008298155069351276,0.008298155069351276,0.0020745387673377635
2015-09-29,0.9275851425443231,0.9275851425443231,1.1928826201875995,-0.030703259706497232,-0.030703259706497232,-0.00767581492662428
2015-09-30,0.9325946758536315,0.9325946758536315,1.1944931961190806,0.005400618314743033,0.005400618314743033,0.0013501545786858138
2015-10-08,0.9650848176792504,0.9650848176792504,1.204896765417855,0.03483843803405762,0.03483843803405762,0.008709609508514404
2015-10-09,0.9767153015921595,0.9767153015921595,1.2085268951717887,0.012051255702972385,0.012051255702972385,0.003012813925743041
2015-10-12,1.0145829321824826,1.0145829321824826,1.2202406591391992,0.03877038736732641,0.03877038736732641,0.009692596841831547
2015-10-13,1.0216781457311803,1.0216781457311803,1.2223740155615206,0.006993231724719662,0.006993231724719662,0.001748307931179971
2015-10-14,1.0037281189460137,1.0037281189460137,1.2170049944043932,-0.017569159974857307,-0.017569159974857307,-0.004392289993714438
2015-10-15,1.0306676458128896,1.0306676458128896,1.2251709354906872,0.026839466144641166,0.026839466144641166,0.006709866536160236
2015-10-16,1.0454051359158563,1.0454051359158563,1.2295506073979188,0.014298974225918526,0.014298974225918526,0.003574743556479687
2015-10-19,1.040284230857176,1.040284230857176,1.22804487251366,-0.004898488521575817,-0.004898488521575817,-0.001224622130393982
2015-10-20,1.051781739186943,1.051781739186943,1.2314380451996045,0.011052275896072494,0.011052275896072494,0.0027630689740181236
2015-10-21,0.9851113285788469,0.9851113285788469,1.2119234260887624,-0.06338806629180904,-0.06338806629180904,-0.0158470165729524
2015-10-22,1.0188277022414078,1.0188277022414078,1.222293234530456,0.034225952625274614,0.034225952625274614,0.008556488156318709
2015-10-23,1.0378706579325017,1.0378706579325017,1.2280047193711903,0.018691046237945486,0.018691046237945486,0.004672761559486371
2015-10-26,1.0413923303780348,1.0413923303780348,1.2290464268205097,0.0033931708335876998,0.0033931708335876998,0.0008482927083968139
2015-10-27,1.0423373043159394,1.0423373043159394,1.2293252402916532,0.0009074139595031117,0.0009074139595031117,0.0002268534898757224
2015-10-28,1.0180510049686688,1.0180510049686688,1.2221644678964658,-0.023299846649169953,-0.023299846649169953,-0.005824961662292516
2015-10-29,1.0285575614218743,1.0285575614218743,1.2253177332815952,0.010320265293121356,0.010320265293121356,0.002580066323280228
2015-10-30,1.0219690646677637,1.0219690646677637,1.2233555188632501,-0.006405569314956616,-0.006405569314956616,-0.0016013923287391263
2015-11-02,0.9909949070955895,0.9909949070955895,1.213765938619072,-0.0303083122993002,-0.0303083122993002,-0.007838751774372876
2015-11-03,0.9865196698880222,0.9865196698880222,1.2123480665903748,-0.004515903336661187,-0.004515903336661187,-0.0011681593490013853
2015-11-04,1.0398941042287257,1.0398941042287257,1.229241648260112,0.05410377103455222,0.05410377103455222,0.01393459694891841
2015-11-05,1.061736364329067,1.061736364329067,1.2359096668398064,0.021004311892451,0.021004311892451,0.005424497769931813
2015-11-06,1.086616492524869,1.086616492524869,1.2433635610335172,0.02343343322475744,0.02343343322475744,0.006031099516172755
2015-11-09,1.103869830926176,1.103869830926176,1.248438221484803,0.01587803840637214,0.01587803840637214,0.004081397115311747
2015-11-10,1.0979576665546467,1.0979576665546467,1.2466929785620284,-0.005355852842330977,-0.005355852842330977,-0.0013979409575420876
2015-11-11,1.1069082262982506,1.1069082262982506,1.2493492804877364,0.008152008056640625,0.008152008056640625,0.002130678500148253
2015-11-12,1.0991849367584914,1.0991849367584914,1.2470694777238087,-0.006977353096008332,-0.006977353096008332,-0.0018247921534302325
2015-11-13,1.0817113342045124,1.0817113342045124,1.2418615764034737,-0.015896872282028185,-0.015896872282028185,-0.00417611160674114
2015-11-16,1.0951334008245284,1.0951334008245284,1.245993098981429,0.012408177852630597,0.012408177852630597,0.0033268784995510448
2015-11-17,1.0885621784817399,1.0885621784817399,1.2439886666723479,-0.006000385284423815,-0.006000385284423815,-0.001608702576859966
2015-11-18,1.0757386853251338,1.0757386853251338,1.2400592301819477,-0.0117802119255066,-0.0117802119255066,-0.0031587397825024732
2015-11-19,1.0930442952877397,1.0930442952877397,1.2454304161252834,0.01608718752861016,0.01608718752861016,0.004331394672613786
2015-11-20,1.1039070364294292,1.1039070364294292,1.2487614828237001,0.009938061237335205,0.009938061237335205,0.002674630918988008
2015-11-23,1.0951829997997815,1.0951829997997815,1.2460849493945432,-0.007902872562408403,-0.007902872562408403,-0.002143350404358091
2015-11-24,1.0952438297509601,1.0952438297509601,1.2461045956924708,5.554318428035998e-05,5.554318428035998e-05,1.5766419406038068e-05
2015-11-25,1.1052139481028558,1.1052139481028558,1.249342054830132,0.009103103876113794,0.009103103876113794,0.0025980637170044396
2015-11-26,1.107775332937256,1.107775332937256,1.2501761225223254,0.0023175466060638694,0.0023175466060638694,0.000667605552033379
2015-11-27,1.031124510500199,1.031124510500199,1.2255888257503653,-0.06919347286224375,-0.06919347286224375,-0.019667066366899855
2015-11-30,1.033252333942738,1.033252333942738,1.2263611247360156,0.0020635950565337513,0.0020635950565337513,0.0006301452570582899
2015-12-01,1.042544166468798,1.042544166468798,1.2299687816812563,0.008992800907212883,0.008992800907212883,0.0029417574256664913
2015-12-02,1.0705448824966317,1.0705448824966317,1.2408956187618525,0.026858062160258322,0.026858062160258322,0.00888383286091221
2015-12-03,1.076354317273275,1.076354317273275,1.2431807869688611,0.005426614868397683,0.005426614868397683,0.0018415474859108105
2015-12-04,1.0609863927312082,1.0609863927312082,1.2368461193830165,-0.014277756214141735,-0.014277756214141735,-0.0050955320837043905
2015-12-07,1.066707271285819,1.066707271285819,1.2392322959086686,0.005392037630081115,0.005392037630081115,0.001929242844568524
2015-12-08,1.0370098276190491,1.0370098276190491,1.2268489683203943,-0.027840293645858716,-0.027840293645858716,-0.009992741174643327
2015-12-09,1.0363684251789649,1.0363684251789649,1.2265751074048792,-0.0006185114383697732,-0.0006185114383697732,-0.00022322300673238704
2015-12-10,1.0287843086364825,1.0287843086364825,1.2233272552422785,-0.0073179733753203635,-0.0073179733753203635,-0.0026479032086933474
2015-12-11,1.0214366376932353,1.0214366376932353,1.2201114807824547,-0.007142090797424339,-0.007142090797424339,-0.0026287115291867558
2015-12-14,1.0518238445785955,1.0518238445785955,1.2335020722821473,0.029749478101730453,0.029749478101730453,0.010974891811611487
2015-12-15,1.052083279417141,1.052083279417141,1.2336149805071497,0.0002466523647308705,0.0002466523647308705,9.153468611011739e-05
2015-12-16,1.0462393026328654,1.0462393026328654,1.2310722284921172,-0.005554671287536617,-0.005554671287536617,-0.0020612201174690092
2015-12-17,1.0769324891923282,1.0769324891923282,1.2447645490267127,0.02933667898178105,0.02933667898178105,0.011122272290527313
2015-12-18,1.0798002894033585,1.0798002894033585,1.2461006193476838,0.0026629340648651745,0.0026629340648651745,0.0010733518415315668
2015-12-21,1.105847812267753,1.105847812267753,1.25914037435579,0.024122537398824972,0.024122537398824972,0.010464447899024787
2015-12-22,1.1107416383155093,1.1107416383155093,1.2615918539932156,0.004425406455993652,0.004425406455993652,0.0019469470500299568
2015-12-23,1.0958655045224646,1.0958655045224646,1.2541802620121556,-0.013392973919304163,-0.013392973919304163,-0.0058747937834258135
2015-12-24,1.0855362000212245,1.0855362000212245,1.2489493486036565,-0.009425704576531135,-0.009425704576531135,-0.0041707827550299115
2015-12-25,1.093266791608955,1.093266791608955,1.2528841648422553,0.007121449830580717,0.007121449830580717,0.003150501053543975
2015-12-28,1.0589793015746096,1.0589793015746096,1.2356429750629219,-0.031362417936325104,-0.031362417936325104,-0.013761200167697996
2015-12-29,1.0685681703657675,1.0685681703657675,1.2405519676177548,0.00905482172965999,0.00905482172965999,0.003972824394993912
2015-12-30,1.0717349791650361,1.0717349791650361,1.2421957908441823,0.0029636001586914595,0.0029636001586914595,0.0013250740552079865
2015-12-31,1.0541286130320269,1.0541286130320269,1.2331195584645298,-0.016427910327911466,-0.016427910327911466,-0.0073066037146080065
2016-01-04,0.9631220932538339,0.9631220932538339,1.1904974817842442,-0.08633341193199162,-0.08633341193199162,-0.03456443163820888
2016-01-05,0.9583786060810289,0.9583786060810289,1.1881504245248322,-0.00492511510849003,-0.00492511510849003,-0.0019714928383505192
2016-01-06,0.9884315464142509,0.9884315464142509,1.2031127819967902,0.03135810852050791,0.03135810852050791,0.01259298247352958
2016-01-07,0.9026404914638126,0.9026404914638126,1.1650074478106722,-0.08679514050483705,-0.08679514050483705,-0.031672287715932224
2016-01-08,0.9273568167576297,0.9273568167576297,1.1767566478201406,0.027382247447967467,0.027382247447967467,0.010085085749063527
2016-01-11,0.8673098634729278,0.8673098634729278,1.1499282849904469,-0.06475064635276795,-0.06475064635276795,-0.022798564919426112
2016-01-12,0.8659384872782822,0.8659384872782822,1.14928639078784,-0.0015811836719512584,-0.0015811836719512584,-0.000558203681903735
2016-01-13,0.8435860860937943,0.8435860860937943,1.138777613783823,-0.025812920331954925,-0.025812920331954925,-0.009143740923281185
2016-01-14,0.8634460190635952,0.8634460190635952,1.148232218696339,0.023542271852493357,0.023542271852493357,0.008302415500688554
2016-01-15,0.8208771076446376,0.8208771076446376,1.12872436850438,-0.04930118441581721,-0.04930118441581721,-0.016989464216661254
2016-01-18,0.8274180855642824,0.8274180855642824,1.1318263548787721,0.007968279123306221,0.007968279123306221,0.0027482230923236983
2016-01-19,0.8593719836021446,0.8593719836021446,1.1472300781897171,0.03861880540847773,0.03861880540847773,0.013609617097664062
2016-01-20,0.8500541754856339,0.8500541754856339,1.142784813207168,-0.010842578411102255,-0.010842578411102255,-0.0038747807149229763
2016-01-21,0.8154903638206263,0.8154903638206263,1.1263554401418918,-0.04066071629524237,-0.04066071629524237,-0.014376611305472298
2016-01-22,0.8281185067456804,0.8281185067456804,1.1325013908877815,0.015485336780548087,0.015485336780548087,0.005456493152033337
2016-01-25,0.8363013346945515,0.8363013346945515,1.136437846282446,0.00988122820854187,0.00988122820854187,0.003475894534291646
2016-01-26,0.771857043755358,0.771857043755358,1.107202814090512,-0.0770586967468262,-0.0770586967468262,-0.02572514835507178
2016-01-27,0.765069919837682,0.765069919837682,1.1039465639248576,-0.008793239593505864,-0.008793239593505864,-0.002940969914648539
2016-01-28,0.7306330087942485,0.7306330087942485,1.0875904248500525,-0.045011456012725826,-0.045011456012725826,-0.014816060495404848
2016-01-29,0.7575485412556513,0.7575485412556513,1.1006503100142035,0.03683864831924444,0.03683864831924444,0.012008091341877636
2016-02-01,0.7411879051126414,0.7411879051126414,1.092924601068716,-0.021596815586090057,-0.021596815586090057,-0.00701922206825889
2016-02-02,0.7633380768065717,0.7633380768065717,1.1037708060462752,0.029884691238403427,0.029884691238403427,0.0099240194309409
2016-02-03,0.7666011496942495,0.7666011496942495,1.1053465978021502,0.004274741411209204,0.004274741411209204,0.0014276439884466363
2016-02-04,0.7772782560714755,0.7772782560714755,1.1105110580498712,0.013927850723266522,0.013927850723266522,0.00467225416714534
2016-02-05,0.7711705510169241,0.7711705510169241,1.1075710375116004,-0.007857810258865339,-0.007857810258865339,-0.0026474482329187365
2016-02-15,0.7663532502968428,0.7663532502968428,1.1052400133502873,-0.0062467384338378285,-0.0062467384338378285,-0.002104627226936384
2016-02-16,0.7997028566975807,0.7997028566975807,1.1210993797843125,0.043517276644706726,0.043517276644706726,0.01434925106081808
2016-02-17,0.809911379661608,0.809911379661608,1.1258049544757285,0.012765395144621605,0.012765395144621605,0.004197285964355091
2016-02-18,0.8113149769183473,0.8113149769183473,1.1264470747797255,0.0017330257260068649,0.0017330257260068649,0.000570365498432146
2016-02-19,0.8141272880318492,0.8141272880318492,1.127734857601293,0.003466361639451021,0.003466361639451021,0.0011432253235861278
2016-02-22,0.8365261930647909,0.8365261930647909,1.1378712514821583,0.027512780080239052,0.027512780080239052,0.008988277530434186
2016-02-23,0.8265830746718567,0.8265830746718567,1.1334527895012092,-0.011886200904846156,-0.011886200904846156,-0.0038830948362512663
2016-02-24,0.8366726808083688,0.8366726808083688,1.137978636904418,0.01220640301704412,0.01220640301704412,0.003992973898101715
2016-02-25,0.766212400978454,0.766212400978454,1.108312767939064,-0.08421486854553217,-0.08421486854553217,-0.026068915534348203
2016-02-26,0.7734896562981337,0.7734896562981337,1.111565506885805,0.009497699737548881,0.009497699737548881,0.0029348565141855687
2016-02-29,0.7412052001442053,0.7412052001442053,1.0973839972239041,-0.04173870444297789,-0.04173870444297789,-0.012758141174812332
2016-03-01,0.759941608473374,0.759941608473374,1.1058118435800728,0.025278301239013645,0.025278301239013645,0.00767994282538198
2016-03-02,0.8072839633052932,0.8072839633052932,1.1260136672995242,0.06229735851287832,0.06229735851287832,0.018268771343638246
2016-03-03,0.8116371942279033,0.8116371942279033,1.1278540372250399,0.00539244072777878,0.00539244072777878,0.0016344117118305412
2016-03-04,0.8069496159360056,0.8069496159360056,1.1258793468488102,-0.005775460175105551,-0.005775460175105551,-0.0017508385935188775
2016-03-07,0.8231387399814668,0.8231387399814668,1.132704779823385,0.020062124977509255,0.020062124977509255,0.006062312976677475
2016-03-08,0.8227259454129321,0.8227259454129321,1.1325318490625886,-0.0005014884471893355,-0.0005014884471893355,-0.00015267063746582377
2016-03-09,0.7958272510044853,0.7958272510044853,1.1213270701806237,-0.03269459843635558,-0.03269459843635558,-0.00989356625267468
2016-03-10,0.7796566270445887,0.7796566270445887,1.1144411193153674,-0.020319263935089094,-0.020319263935089094,-0.0061408941676108775
2016-03-11,0.7744827404104222,0.7744827404104222,1.1122043498076064,-0.006636109352111785,-0.006636109352111785,-0.002007077331402707
2016-03-14,0.7959298916237858,0.7959298916237858,1.1214856490712184,0.027692226171493584,0.027692226171493584,0.008344958608746289
2016-03-15,0.7925943208174553,0.7925943208174553,1.1200692415371845,-0.004190784692764349,-0.004190784692764349,-0.0012629742834489033
2016-03-16,0.7866888864984016,0.7866888864984016,1.1175542210418037,-0.00745076537132261,-0.00745076537132261,-0.002245415195875844
2016-03-17,0.8048349634107833,0.8048349634107833,1.1252797498513798,0.023066395399521822,0.023066395399521822,0.00691288947248947
2016-03-18,0.8243097219606482,0.8243097219606482,1.133462038545467,0.02419720742167253,0.02419720742167253,0.007271337367590558
2016-03-21,0.8539012791758598,0.8539012791758598,1.145544076286421,0.0358985905744591,0.0358985905744591,0.010659411016939346
2016-03-22,0.8431840760922062,0.8431840760922062,1.1412778298028734,-0.012550868988037145,-0.012550868988037145,-0.0037242098072540752
2016-03-23,0.8470727757065004,0.8470727757065004,1.1428519346369925,0.004611922502517629,0.004611922502517629,0.0013792477107796852
2016-03-24,0.8276074292461316,0.8276074292461316,1.1350191685012827,-0.022979544401168783,-0.022979544401168783,-0.006853701602384521
2016-03-25,0.8322928395005879,0.8322928395005879,1.1369462457199966,0.005661392211913974,0.005661392211913974,0.0016978367169415698
2016-03-28,0.8234864810483157,0.8234864810483157,1.1333376305018876,-0.010580841302871735,-0.010580841302871735,-0.0031739541176141195
2016-03-29,0.8091808059850928,0.8091808059850928,1.1274358311496344,-0.017372082471847627,-0.017372082471847627,-0.0052074502720249605
2016-03-30,0.8338226097062426,0.8338226097062426,1.1376339364376233,0.030452778339385977,0.030452778339385977,0.009045397535033084
2016-03-31,0.8378273946711879,0.8378273946711879,1.1392574694957485,0.004802922010421762,0.004802922010421762,0.0014271137719477078
2016-04-01,0.8397192052464968,0.8397192052464968,1.1400263553412375,0.002257995605468688,0.002257995605468688,0.0006749008596180772
2016-04-05,0.8574536913732812,0.8574536913732812,1.147197866634076,0.021119543313980138,0.021119543313980138,0.006290653947813363
2016-04-06,0.8568352972112516,0.8568352972112516,1.1469513714712412,-0.0007211983203887495,-0.0007211983203887495,-0.00021486717331353766
2016-04-07,0.8439020195081193,0.8439020195081193,1.141792103306525,-0.015094240101016343,-0.015094240101016343,-0.0044982449064934205
2016-04-08,0.8320268840442805,0.8320268840442805,1.136719569523464,-0.014071699307889318,-0.014071699307889318,-0.004442607168477886
2016-04-11,0.8507732054553682,0.8507732054553682,1.1447645872323602,0.02253090828023052,0.02253090828023052,0.007077398792622924
2016-04-12,0.8470451040456811,0.8470451040456811,1.1431736126212941,-0.004382015542781059,-0.004382015542781059,-0.001389783217274787
2016-04-13,0.8630300707044664,0.8630300707044664,1.1504838779928566,0.01887144684791564,0.01887144684791564,0.006394711433900246
2016-04-14,0.8689080657286606,0.8689080657286606,1.1531589101128281,0.0068108808994293835,0.0068108808994293835,0.0023251365544021407
2016-04-15,0.8675985956118101,0.8675985956118101,1.152538198804775,-0.0015070295333862171,-0.0015070295333862171,-0.0005382704002109273
2016-04-18,0.8499881625948907,0.8499881625948907,1.1442217259915284,-0.02029790401458742,-0.02029790401458742,-0.007215789309084064
2016-04-19,0.8559657748586693,0.8559657748586693,1.1471030585443636,0.007032582954484612,0.007032582954484612,0.0025181592757630433
2016-04-20,0.8263814245003791,0.8263814245003791,1.1330114674302632,-0.034562538862228376,-0.034562538862228376,-0.012284503130853941
2016-04-21,0.8206929941393755,0.8206929941393755,1.130162137199007,-0.006883540932013044,-0.006883540932013044,-0.0025148291197075734
2016-04-22,0.8202634264611877,0.8202634264611877,1.1299458699783687,-0.0005234206716219214,-0.0005234206716219214,-0.00019135946385029357
2016-04-25,0.8128583911712619,0.8128583911712619,1.1261516695564195,-0.009027630698924205,-0.009027630698924205,-0.0033578603389397
2016-04-26,0.823046398685034,0.823046398685034,1.1313980138011497,0.012533557658292782,0.012533557658292782,0.004658648019228773
2016-04-27,0.8173317731919287,0.8173317731919287,1.1284186101405447,-0.006943260431289677,-0.006943260431289677,-0.002633382438594789
2016-04-28,0.8094553374050892,0.8094553374050892,1.1242869256256902,-0.00963676691055293,-0.00963676691055293,-0.003661482075645539
2016-04-29,0.8050251392840748,0.8050251392840748,1.1219467974631463,-0.005473060607910196,-0.005473060607910196,-0.0020814332259904145
2016-05-03,0.8225224485072548,0.8225224485072548,1.1319648839773555,0.021735109090805116,0.021735109090805116,0.008929199260482967
2016-05-04,0.8244832271589524,0.8244832271589524,1.133075160174509,0.002383860349655098,0.002383860349655098,0.0009808397882913322
2016-05-05,0.8266723515850406,0.8266723515850406,1.1343560030494053,0.002655147314071682,0.002655147314071682,0.0011304129857536704
2016-05-06,0.7978121983788992,0.7978121983788992,1.117522124632822,-0.03491123557090747,-0.03491123557090747,-0.01484003114659782
2016-05-09,0.7663887915093447,0.7663887915093447,1.0991391203364962,-0.0393869721889496,-0.0393869721889496,-0.0164497900230528
2016-05-10,0.7632424554274897,0.7632424554274897,1.097229469064802,-0.004105404615402208,-0.004105404615402208,-0.0017374063358873704
2016-05-11,0.7644386311624848,0.7644386311624848,1.0979573765903643,0.0015672290325163818,0.0015672290325163818,0.0006634050087834797
2016-05-12,0.7628456776628544,0.7628456776628544,1.0969859941012383,-0.0020838212966919345,-0.0020838212966919345,-0.0008847178495603458
2016-05-13,0.7572618774271647,0.7572618774271647,1.0935764595332318,-0.007319698333740243,-0.007319698333740243,-0.003108093071689577
2016-05-16,0.7661532279659027,0.7661532279659027,1.0990203658531805,0.011741447448730513,0.011741447448730513,0.00497807562744379
2016-05-17,0.7616449055866044,0.7616449055866044,1.0961925501618006,-0.005884361267089688,-0.005884361267089688,-0.0025730330203522778
2016-05-18,0.7435998302361212,0.7435998302361212,1.0849008860631033,-0.023692241907119715,-0.023692241907119715,-0.010300803537691139
2016-05-19,0.7482740704128312,0.7482740704128312,1.0878635938089565,0.006285961866378864,0.006285961866378864,0.0027308556789960026
2016-05-20,0.7531217829842832,0.7531217829842832,1.0909235467079983,0.006478525400161805,0.006478525400161805,0.002812809359974855
2016-05-23,0.7591949790460517,0.7591949790460517,1.094791121735371,0.00806402921676641,0.00806402921676641,0.003545230130052257
2016-05-24,0.748891982143059,0.748891982143059,1.0882636173339457,-0.013570949739339366,-0.013570949739339366,-0.005962328586551213
2016-05-25,0.7462276407270344,0.7462276407270344,1.086557248461611,-0.0035577112314651993,-0.0035577112314651993,-0.0015679738301965784
2016-05-26,0.7492124336884357,0.7492124336884357,1.0887529059043846,0.003999842405319143,0.003999842405319143,0.0020207471312554404
2016-05-27,0.7503847875684623,0.7503847875684623,1.0896154016823354,0.0015647816658019842,0.0015647816658019842,0.0007921868894893436
2016-05-30,0.7471480591969606,0.7471480591969606,1.087136721837085,-0.004313424825668322,-0.004313424825668322,-0.002274820860115656
2016-05-31,0.7778130113309993,0.7778130113309993,1.1100893382307626,0.04104267120361338,0.04104267120361338,0.021112906898123507
2016-06-01,0.7797068672842369,0.7797068672842369,1.1116266149066412,0.0024348473548889693,0.0024348473548889693,0.0013848224849439816
2016-06-02,0.7843575941175678,0.7843575941175678,1.1153969832964075,0.0059647119045258545,0.0059647119045258545,0.0033917579331104175
2016-06-03,0.7829640456001097,0.7829640456001097,1.1142692332546429,-0.001776674985885629,-0.001776674985885629,-0.0010110750330628582
2016-06-06,0.7823826473289966,0.7823826473289966,1.11379252655866,-0.0007425606250762717,-0.0007425606250762717,-0.000427820029267556
2016-06-07,0.7816666465486765,0.7816666465486765,1.1132052706115936,-0.0009151542186736084,-0.0009151542186736084,-0.0005272579345462214
2016-06-08,0.7773610321761348,0.7773610321761348,1.1095618525823736,-0.00550824880599976,-0.00550824880599976,-0.003272907634742195
2016-06-13,0.7456661999313328,0.7456661999313328,1.0836646034205213,-0.040772345066070415,-0.040772345066070415,-0.02334006806522737
2016-06-14,0.7507297740308048,0.7507297740308048,1.087875359725604,0.006790671348571697,0.006790671348571697,0.003885663785447635
2016-06-15,0.7647350521219316,0.7647350521219316,1.0996351565692284,0.01865555167198174,0.01865555167198174,0.010809875174110584
2016-06-16,0.7553508295605013,0.7553508295605013,1.0918449550676064,-0.012271207571029619,-0.012271207571029619,-0.007084351073247563
2016-06-17,0.7565080506721192,0.7565080506721192,1.0928118897299761,0.0015320312976836448,0.0015320312976836448,0.0008855970418528702
2016-06-20,0.7558524470599189,0.7558524470599189,1.0922550403963642,-0.0008666181564331854,-0.0008666181564331854,-0.0005095564377044504
2016-06-21,0.7518200457690996,0.7518200457690996,1.0887613799664755,-0.005334905385971034,-0.005334905385971034,-0.0031985756995187575
2016-06-22,0.762454193457541,0.762454193457541,1.0983551751035965,0.014144538640975979,0.014144538640975979,0.008811660032812973
2016-06-23,0.7535202359029515,0.7535202359029515,1.0903327944128738,-0.011717369556426993,-0.011717369556426993,-0.0073039949850156605
2016-06-24,0.7414904009184591,0.7414904009184591,1.0795410118599884,-0.01596484661102293,-0.01596484661102293,-0.00989769601371715
2016-06-27,0.7551943470800214,0.7551943470800214,1.0919309195917508,0.018481623153297377,0.018481623153297377,0.011477014393751706
2016-06-28,0.7603342789257541,0.7603342789257541,1.096543299469808,0.006806104767079324,0.006806104767079324,0.004224058312939594
2016-06-29,0.7616019806068222,0.7616019806068222,1.0976810615934753,0.0016672951834542094,0.0016672951834542094,0.0010375897825625202
2016-06-30,0.7617308811430183,0.7617308811430183,1.0977977555704517,0.00016924921347172273,0.00016924921347172273,0.0001063095475173359
2016-07-01,0.759070686070712,0.759070686070712,1.0953013150665243,-0.0034923030405626942,-0.0034923030405626942,-0.0022740440953353813
2016-07-04,0.7744510173279895,0.7744510173279895,1.1095256884474953,0.020262054034641874,0.020262054034641874,0.012986721722421324
2016-07-05,0.7824161512122194,0.7824161512122194,1.1168083524877273,0.010284877553278005,0.010284877553278005,0.006563763341452811
2016-07-06,0.784286838895573,0.784286838895573,1.1185431091662235,0.002390911384504646,0.002390911384504646,0.0015533163542624795
2016-07-07,0.7869709855681729,0.7869709855681729,1.1210281078276016,0.0034224043289821093,0.0034224043289821093,0.0022216387021780637
2016-07-08,0.7802580891699397,0.7802580891699397,1.1147880277663604,-0.008530043065547943,-0.008530043065547943,-0.005566390367618523
2016-07-11,0.7812849973527213,0.7812849973527213,1.1157514965259492,0.0013161134719847922,0.0013161134719847922,0.000864261846728942
2016-07-12,0.7928489132977399,0.7928489132977399,1.1267244684149191,0.014801149368286026,0.014801149368286026,0.009834601990797998
2016-07-13,0.7957598198731622,0.7957598198731622,1.1294720645129652,0.003671451807021997,0.003671451807021997,0.0024385696548432367
2016-07-14,0.7920927248514368,0.7920927248514368,1.1259614941073783,-0.0046082937717437655,-0.0046082937717437655,-0.003108151600987763
2016-07-15,0.7905953928536775,0.7905953928536775,1.1245220680985821,-0.001890349388122603,-0.001890349388122603,-0.0012783971888287171
2016-07-18,0.7866541891390919,0.7866541891390919,1.1207329069321523,-0.00498510837554933,-0.00498510837554933,-0.0033695747499529194
2016-07-19,0.7867944872035418,0.7867944872035418,1.1208700257623967,0.00017834782600401056,0.00017834782600401056,0.00012234746512418404
2016-07-20,0.7834166015894858,0.7834166015894858,1.117560739533048,-0.0042932248115539196,-0.0042932248115539196,-0.0029524263770883685
2016-07-21,0.7843419439761721,0.7843419439761721,1.1185145187928056,0.0011811625957489635,0.0011811625957489635,0.0008534473572829882
2016-07-22,0.7761169382341823,0.7761169382341823,1.11006186394195,-0.010486505031585658,-0.010486505031585658,-0.007557036327054956
2016-07-25,0.7757465182144447,0.7757465182144447,1.1096800650542942,-0.0004772734642027876,-0.0004772734642027876,-0.00034394379273594566
2016-07-26,0.7823529886538572,0.7823529886538572,1.1164859346010763,0.00851627469062799,0.00851627469062799,0.006133181771134311
2016-07-27,0.7604316496769559,0.7604316496769559,1.094516083717566,-0.028019754886627224,-0.028019754886627224,-0.019677678153070643
2016-07-28,0.7619207575564032,0.7619207575564032,1.0960229418493945,0.001958240270614642,0.001958240270614642,0.0013767345717847768
2016-07-29,0.7566318402951384,0.7566318402951384,1.0906648306704032,-0.006941558172305462,-0.006941558172305462,-0.004888685240429513
2016-08-01,0.7471155195381632,0.7471155195381632,1.0810520644013835,-0.012577214241027868,-0.012577214241027868,-0.008813675841285784
2016-08-02,0.7531089930453714,0.7531089930453714,1.0872498387805813,0.008022150993347132,0.008022150993347132,0.005733095179490499
2016-08-03,0.7584950602830844,0.7584950602830844,1.0927923793457939,0.0071517765522002286,0.0071517765522002286,0.005097761680451285
2016-08-04,0.7616303379098293,0.7616303379098293,1.0960101780682068,0.004133550488218951,0.004133550488218951,0.002944565484926942
2016-08-05,0.759777873450107,0.759777873450107,1.094004214279322,-0.002432235649653891,-0.002432235649653891,-0.00183024193481518
2016-08-08,0.7636375397360575,0.7636375397360575,1.0985415717027491,0.005079993009567296,0.005079993009567296,0.004147477097623531
2016-08-09,0.7703901524964121,0.7703901524964121,1.1064451526037102,0.008842693567276072,0.008842693567276072,0.007194612479444418
2016-08-10,0.7672249325512142,0.7672249325512142,1.1027500353497168,-0.004108593463897692,-0.004108593463897692,-0.0033396298454541062
2016-08-11,0.7609697056980235,0.7609697056980235,1.0954688863233089,-0.008153054714202912,-0.008153054714202912,-0.006602719377015398
2016-08-12,0.7745793047057631,0.7745793047057631,1.1111048652199964,0.017884547710418808,0.017884547710418808,0.014273320850915372
2016-08-15,0.7960973809289169,0.7960973809289169,1.134922434403786,0.027780339717865088,0.027780339717865088,0.0214359327632625
2016-08-16,0.7986450713816011,0.7986450713816011,1.1377306430696232,0.003200224637985194,0.003200224637985194,0.0024743617543452334
2016-08-17,0.8002305335227354,0.8002305335227354,1.1395365189081155,0.0019851899147034224,0.0019851899147034224,0.001587261316632782
2016-08-18,0.8041019596015954,0.8041019596015954,1.1439475562892858,0.0048378884792328325,0.0048378884792328325,0.003870904800310271
2016-08-19,0.8040500811467247,0.8040500811467247,1.1438884135412406,-6.451725959766286e-05,-6.451725959766286e-05,-5.170057641190606e-05
2016-08-22,0.7911355698057593,0.7911355698057593,1.1293607474344272,-0.01606182456016536,-0.01606182456016536,-0.012700247624537808
2016-08-23,0.7891496559983219,0.7891496559983219,1.1270943340177497,-0.002510206699371409,-0.002510206699371409,-0.0020068108634252457
2016-08-24,0.7851143464768227,0.7851143464768227,1.122490984236508,-0.005113490819931066,-0.005113490819931066,-0.004084263084556672
2016-08-25,0.7766313740325047,0.7766313740325047,1.112870861916929,-0.01080476045608525,-0.01080476045608525,-0.008570333708401656
2016-08-26,0.7747106996136729,0.7747106996136729,1.1106888473856276,-0.0024730837345123824,-0.0024730837345123824,-0.001960707756821778
2016-08-29,0.7750166078137335,0.7750166078137335,1.1110370299339019,0.00039486765861518336,0.00039486765861518336,0.00031348342885939573
2016-08-30,0.7732248471800707,0.7732248471800707,1.1087779990549644,-0.0023118996620178356,-0.0023118996620178356,-0.0020332633549322576
2016-08-31,0.7777589927656662,0.7777589927656662,1.114485014877126,0.005863941907882753,0.005863941907882753,0.00514712217145874
2016-09-01,0.7686501127991683,0.7686501127991683,1.1031036411837511,-0.011711699962616007,-0.011711699962616007,-0.010212226760742626
2016-09-02,0.7691468018122247,0.7691468018122247,1.1037252519818925,0.0006461834907531827,0.0006461834907531827,0.000563510784421295
2016-09-05,0.7727649855441244,0.7727649855441244,1.10824587893207,0.004704152345657242,0.004704152345657242,0.00409579009093064
2016-09-06,0.7791483760344298,0.7791483760344298,1.116179998030976,0.008260455131530842,0.008260455131530842,0.007159168601241772
2016-09-07,0.7793808134784622,0.7793808134784622,1.116469183326905,0.00029832243919369894,0.00029832243919369894,0.0002590848218380071
2016-09-08,0.7794702239422773,0.7794702239422773,1.1165957474655348,0.00011471986770628106,0.00011471986770628106,0.00011336106765869047
2016-09-09,0.7707657773246177,0.7707657773246177,1.1043802538981065,-0.011167131662368934,-0.011167131662368934,-0.010939942763668276
2016-09-12,0.7529080886799958,0.7529080886799958,1.0797304402623507,-0.02316876173019411,-0.02316876173019411,-0.022320041986217953
2016-09-13,0.7593947223440506,0.7593947223440506,1.0887479627559076,0.008615438938140763,0.008615438938140763,0.008351642370447498
2016-09-14,0.7550630235026035,0.7550630235026035,1.0827434054917815,-0.005704146623611406,-0.005704146623611406,-0.00551510309964387
2016-09-19,0.7620540141886128,0.7620540141886128,1.0923699277452261,0.009258817434310895,0.009258817434310895,0.008890862049695247
2016-09-20,0.7637279160245863,0.7637279160245863,1.0946791908954725,0.0021965658664704346,0.0021965658664704346,0.0021139937045071555
2016-09-21,0.7639171284935908,0.7639171284935908,1.0949444906191177,0.0002477485306409122,0.0002477485306409122,0.0002423538565925476
2016-09-22,0.77056869918192,0.77056869918192,1.1043278241644403,0.008707188830083812,0.008707188830083812,0.008569688806796982
2016-09-23,0.7659150225333526,0.7659150225333526,1.097631057588351,-0.006039275477329853,-0.006039275477329853,-0.006064111063357691
2016-09-26,0.748247263146047,0.748247263146047,1.0726717887274408,-0.023067519068717957,-0.023067519068717957,-0.022739215229340526
2016-09-27,0.7553400531337995,0.7553400531337995,1.0826573085995936,0.009479206055402756,0.009479206055402756,0.009309016958485516
2016-09-28,0.7549866700140103,0.7549866700140103,1.0821597623239188,-0.000467846393585325,-0.000467846393585325,-0.00045956026133375794
2016-09-29,0.7589229696182037,0.7589229696182037,1.087688816307708,0.005213733911514362,0.005213733911514362,0.005109276999835766
2016-09-30,0.7628812522377112,0.7628812522377112,1.0932415324106677,0.005215657949447561,0.005215657949447561,0.0051050594799797455
2016-10-10,0.7740564852054127,0.7740564852054127,1.1091835669699834,0.014648718833923269,0.014648718833923269,0.01458235356661075
2016-10-11,0.780618884540109,0.780618884540109,1.1185725619488136,0.008477933406829896,0.008477933406829896,0.008464780094496582
2016-10-12,0.7798828490889997,0.7798828490889997,1.117519048656213,-0.0009428870677947732,-0.0009428870677947732,-0.0009418372383148688
2016-10-13,0.7815933481127088,0.7815933481127088,1.1199688775324985,0.0021932768821715243,0.0021932768821715243,0.002192203237368906
2016-10-14,0.7823876486065127,0.7823876486065127,1.1211138369998859,0.0010162580013275413,0.0010162580013275413,0.001022313646705797
2016-10-17,0.7727261879136127,0.7727261879136127,1.1073714707974471,-0.012348687648773171,-0.012348687648773171,-0.012257779494733057
2016-10-18,0.7851816579498584,0.7851816579498584,1.1250262660442765,0.01611886620521541,0.01611886620521541,0.015942974613673
2016-10-19,0.787618580149168,0.787618580149168,1.1284810367436588,0.00310364127159124,0.00310364127159124,0.0030708355917143937
2016-10-20,0.7844188899953716,0.7844188899953716,1.123943234766914,-0.004062486886978189,-0.004062486886978189,-0.004021159265413132
2016-10-21,0.7862530497357392,0.7862530497357392,1.1265439757393754,0.0023382401466369718,0.0023382401466369718,0.002313943348749792
2016-10-24,0.7937469125789187,0.7937469125789187,1.1371110388448735,0.009531108140945488,0.009531108140945488,0.009380071557848257
2016-10-25,0.7969748770084475,0.7969748770084475,1.1416563088031781,0.0040667426586151745,0.0040667426586151745,0.003997208542555253
2016-10-26,0.7871704270503497,0.7871704270503497,1.1280100422190933,-0.012302081584930402,-0.012302081584930402,-0.011953042679184733
2016-10-27,0.7859821260816698,0.7859821260816698,1.1263557267809154,-0.0015095853805542347,-0.0015095853805542347,-0.0014665786440370976
2016-10-28,0.7800884107274914,0.7800884107274914,1.118112646289708,-0.0074985361099243475,-0.0074985361099243475,-0.007318363368885139
2016-10-31,0.7808366759209631,0.7808366759209631,1.1191593506445958,0.0009592056274414507,0.0009592056274414507,0.0009361349756316084
2016-11-01,0.7897756230357615,0.7897756230357615,1.1316027941694897,0.011447908878326363,0.011447908878326363,0.01111856280138035
2016-11-02,0.7849882651016775,0.7849882651016775,1.1244675514467444,-0.006061668395996089,-0.006061668395996089,-0.006305430456260086
2016-11-03,0.7904458410733443,0.7904458410733443,1.132569649644039,0.0069524300098420255,0.0069524300098420255,0.007205275231704444
2016-11-04,0.789042662056465,0.789042662056465,1.1304756181305373,-0.0017751741409302024,-0.0017751741409302024,-0.0018489207389229545
2016-11-07,0.7911713698824642,0.7911713698824642,1.1337075483440935,0.0026978361606597723,0.0026978361606597723,0.0028589119143505037
2016-11-08,0.7969416252475562,0.7969416252475562,1.1424782713518518,0.007293306589126525,0.007293306589126525,0.007736318789240526
2016-11-09,0.7962783106339087,0.7962783106339087,1.1414658959186754,-0.00083232522010801,-0.00083232522010801,-0.0008861222646960876
2016-11-10,0.8101672104366078,0.8101672104366078,1.162122749430745,0.017442268133163408,0.017442268133163408,0.018096776772681844
2016-11-11,0.8226553302766356,0.8226553302766356,1.1803790217288241,0.01541424989700313,0.01541424989700313,0.015709418223696092
2016-11-14,0.8255343011642795,0.8255343011642795,1.1845926735067742,0.0034996076506010887,0.0034996076506010887,0.003569744717911494
2016-11-15,0.8241537655525379,0.8241537655525379,1.1825625342605544,-0.001672293458666152,-0.001672293458666152,-0.0017137867653781447
2016-11-16,0.8238743271346655,0.8238743271346655,1.1821506472806937,-0.00033906102180480957,-0.00033906102180480957,-0.0003483003798341322
2016-11-17,0.8248317768924757,0.8248317768924757,1.183573741983356,0.001162130832672137,0.001162130832672137,0.001203818401602108
2016-11-18,0.8169630381132863,0.8169630381132863,1.171685244396136,-0.009539810419082695,-0.009539810419082695,-0.010044577000583033
2016-11-21,0.8203573572622276,0.8203573572622276,1.1772194893751737,0.004154801368713379,0.004154801368713379,0.004723320538093656
2016-11-22,0.8295486221177859,0.8295486221177859,1.1920343453351772,0.011203976869583077,0.011203976869583077,0.01258461662732624
2016-11-23,0.8238960862036147,0.8238960862036147,1.1829641565574738,-0.006813989877700766,-0.006813989877700766,-0.007608999533610716
2016-11-24,0.8233681051095445,0.8233681051095445,1.1821159294280632,-0.0006408345699310258,-0.0006408345699310258,-0.0007170353596164247
2016-11-25,0.8274381776332114,0.8274381776332114,1.1886397600569711,0.004943199157714906,0.004943199157714906,0.005518773976816549
2016-11-28,0.8323846791463333,0.8323846791463333,1.1968037869776496,0.005978091955184839,0.005978091955184839,0.006868377783599611
2016-11-29,0.8273100007520992,0.8273100007520992,1.1884566587042356,-0.0060965542991956445,-0.0060965542991956445,-0.006974516929373564
2016-11-30,0.8171608627534828,0.8171608627534828,1.1720329852313618,-0.012267636060714682,-0.012267636060714682,-0.013819328919222329
2016-12-01,0.8249180948185575,0.8249180948185575,1.184652527935635,0.00949290698888361,0.00949290698888361,0.010767224867636482
2016-12-02,0.8110727265850776,0.8110727265850776,1.1628380760410744,-0.016783930817428905,-0.016783930817428905,-0.018414219680579547
2016-12-05,0.797840089547829,0.797840089547829,1.1426351102606784,-0.016314982126156452,-0.016314982126156452,-0.017373842667052775
2016-12-06,0.7985307562105153,0.7985307562105153,1.1436892960186276,0.0008656705419223254,0.0008656705419223254,0.0009225917779724924
2016-12-07,0.8069169127695645,0.8069169127695645,1.1563999754800525,0.010501983165740914,0.010501983165740914,0.011113752227701168
2016-12-08,0.8073853090929916,0.8073853090929916,1.1571215310032477,0.0005804765224457498,0.0005804765224457498,0.0006239670862113744
2016-12-09,0.8113458292993327,0.8113458292993327,1.1632126646429044,0.00490536570549005,0.00490536570549005,0.005264039667791431
2016-12-12,0.7834488547513205,0.7834488547513205,1.124773769592354,-0.0343835803927206,-0.0343835803927206,-0.0330454578246453
2016-12-13,0.7881354677200203,0.7881354677200203,1.1312570364764045,0.005982027978313154,0.005982027978313154,0.0057640630136672755
2016-12-14,0.7818086624044788,0.7818086624044788,1.1225547424920364,-0.008027560710906934,-0.008027560710906934,-0.007692587717707089
2016-12-15,0.7806726839260507,0.7806726839260507,1.1209920191115978,-0.0014530134201050648,-0.0014530134201050648,-0.001392113294153785
2016-12-16,0.7829875308047939,0.7829875308047939,1.1242086193339724,0.0029651951789855246,0.0029651951789855246,0.00286942294640391
2016-12-19,0.7809109385181668,0.7809109385181668,1.1211818184743885,-0.0026521396636963734,-0.0026521396636963734,-0.0026923836088155184
2016-12-20,0.7758793004604878,0.7758793004604878,1.1138362876849344,-0.006443293094634983,-0.006443293094634983,-0.006551596421220274
2016-12-21,0.7852768096581753,0.7852768096581753,1.1274351739008068,0.012112076185187615,0.012112076185187615,0.012209052951701826
2016-12-22,0.7855955595076003,0.7855955595076003,1.127899629094292,0.00040590763092041016,0.00040590763092041016,0.00041195733842336324
2016-12-23,0.7772208556991924,0.7772208556991924,1.115828267103161,-0.010660324777875596,-0.010660324777875596,-0.010702514372510574
2016-12-26,0.781827235336347,0.781827235336347,1.1224493563099935,0.0059267318978601935,0.0059267318978601935,0.005933788739751034
2016-12-27,0.7801272002811888,0.7801272002811888,1.119991701976299,-0.0021744382624722114,-0.0021744382624722114,-0.0021895458533416345
2016-12-28,0.7774816801116008,0.7774816801116008,1.1161581488057584,-0.00339113950729375,-0.00339113950729375,-0.0034228406904944775
2016-12-29,0.7749585252605355,0.7749585252605355,1.1123093420109864,-0.0032452917098999556,-0.0032452917098999556,-0.0034482629534980935
2016-12-30,0.7743467792046437,0.7743467792046437,1.1113689254998036,-0.0007893919944763628,-0.0007893919944763628,-0.00084546310604805
2017-01-03,0.7855843997347679,0.7855843997347679,1.1283115533021808,0.014512387514114433,0.014512387514114433,0.015244827719794074
2017-01-04,0.7938500010026499,0.7938500010026499,1.1406904784985636,0.010521595478057755,0.010521595478057755,0.010971194223930336
2017-01-05,0.7953319087588833,0.7953319087588833,1.1429148885565272,0.0018667352199555065,0.0018667352199555065,0.0019500557775247174
2017-01-06,0.7951954018467003,0.7951954018467003,1.1427059321196467,-0.00017163515090945491,-0.00017163515090945491,-0.0001828276444491017
2017-01-09,0.8010217624567006,0.8010217624567006,1.1516399236363435,0.007326954603195102,0.007326954603195102,0.00781827700861304
2017-01-10,0.7987711843110058,0.7987711843110058,1.1481902721831123,-0.0028096342086791903,-0.0028096342086791903,-0.0029954253776985906
2017-01-11,0.7860929810620377,0.7860929810620377,1.1292467550841074,-0.01587213397026066,-0.01587213397026066,-0.016498587000729925
2017-01-12,0.7793384620096981,0.7793384620096981,1.1192315296681976,-0.008592519224906447,-0.008592519224906447,-0.00886894327640897
2017-01-13,0.7714182987773966,0.7714182987773966,1.1074361410102644,-0.010162674650853964,-0.010162674650853964,-0.010538828066637862
2017-01-16,0.7552295164407503,0.7552295164407503,1.08369556163766,-0.02098573803901671,-0.02098573803901671,-0.021437425142136868
2017-01-17,0.7610521750670094,0.7610521750670094,1.0921874292892335,0.0077097868919373536,0.0077097868919373536,0.007836026973055743
2017-01-18,0.7619195465450578,0.7619195465450578,1.0934537899879366,0.0011397004127502441,0.0011397004127502441,0.001159471959430336
2017-01-19,0.7560392546253906,0.7560392546253906,1.0849030079926278,-0.007717733383178715,-0.007717733383178715,-0.007819975634638543
2017-01-20,0.7639561188986199,0.7639561188986199,1.096393239277662,0.01047149896621713,0.01047149896621713,0.01059102168616377
2017-01-23,0.7717598431597589,0.7717598431597589,1.1076248771675792,0.010214885473251334,0.010214885473251334,0.01024416923376581
2017-01-24,0.7714633072236046,0.7714633072236046,1.1071925330764567,-0.0003842334358059585,-0.0003842334358059585,-0.00039033439933933156
2017-01-25,0.7745096778067337,0.7745096778067337,1.1116276124344942,0.003948821097004229,0.003948821097004229,0.0040056983998204565
2017-01-26,0.7754048521105362,0.7754048521105362,1.1129372718608037,0.0011557948589324685,0.0011557948589324685,0.0011781458211903573
2017-02-03,0.7739586974661226,0.7739586974661226,1.1108218862650232,-0.0018650317192075994,-0.0018650317192075994,-0.0019007231128521651
2017-02-06,0.7808853637884533,0.7808853637884533,1.12100217480015,0.008949658870696986,0.008949658870696986,0.009164645260417492
2017-02-07,0.7859917847068052,0.7859917847068052,1.1285039479849295,0.0065392708778382325,0.0065392708778382325,0.006692023756436516
2017-02-08,0.7899061973374478,0.7899061973374478,1.1342679714483093,0.004980220794677637,0.004980220794677637,0.005107667964894702
2017-02-09,0.7927734714231262,0.7927734714231262,1.138486971128854,0.0036298918724060325,0.0036298918724060325,0.00371957931171929
2017-02-10,0.7971622838946778,0.7971622838946778,1.1449318241242916,0.0055360233783721124,0.0055360233783721124,0.005660893061470107
2017-02-13,0.8022502661972772,0.8022502661972772,1.1524127846832795,0.006382617950439373,0.006382617950439373,0.006533979055660888
2017-02-14,0.8063815881298712,0.8063815881298712,1.158474814765393,0.005149667263030899,0.005149667263030899,0.005260294021971923
2017-02-15,0.802070299025524,0.802070299025524,1.1519815882983688,-0.005346462726593004,-0.005346462726593004,-0.005604978532346538
2017-02-16,0.8102616944523822,0.8102616944523822,1.1644813362850266,0.010212814807891935,0.010212814807891935,0.010850649102058574
2017-02-17,0.8016151577718823,0.8016151577718823,1.1513998999174042,-0.010671288967132542,-0.010671288967132542,-0.011233702043997762
2017-02-20,0.8180162230424688,0.8180162230424688,1.1752177723920574,0.020460023880004785,0.020460023880004785,0.0206860122850121
2017-02-21,0.8221994710906999,0.8221994710906999,1.1812795806351923,0.005113893747329623,0.005113893747329623,0.005158029758856264
2017-02-22,0.8265301164850303,0.8265301164850303,1.187540534185496,0.005267146898775721,0.005267146898775721,0.00530014541260182
2017-02-23,0.8201700991270857,0.8201700991270857,1.1783186383084703,-0.007694840431213379,-0.007694840431213379,-0.007765541984931845
2017-02-24,0.8187138131520382,0.8187138131520382,1.1762046362452363,-0.0017755901813507613,-0.0017755901813507613,-0.0017940835309783187
2017-02-27,0.8053028357507018,0.8053028357507018,1.1569651399083405,-0.016380543708801265,-0.016380543708801265,-0.01635726959750261
2017-02-28,0.8107463949139598,0.8107463949139598,1.1647692396914677,0.006759642362594631,0.006759642362594631,0.006745319728255206
2017-03-01,0.8117137033766302,0.8117137033766302,1.1661557789143842,0.0011931085586547319,0.0011931085586547319,0.0011903982142280611
2017-03-02,0.802688044120707,0.802688044120707,1.153319459705493,-0.011119264364242598,-0.011119264364242598,-0.011007379495079905
2017-03-03,0.7985760827107588,0.7985760827107588,1.147459957744558,-0.005122739076614313,-0.005122739076614313,-0.005080554144496374
2017-03-06,0.8053397270413352,0.8053397270413352,1.1570574292522184,0.00846963047981264,0.00846963047981264,0.008364101459823692
2017-03-07,0.8046423781555252,0.8046423781555252,1.1560555005361584,-0.0008659064769744873,-0.0008659064769744873,-0.000865928251035597
2017-03-08,0.8034965958168869,0.8034965958168869,1.1543952939630762,-0.0014239646950546803,-0.0014239646950546803,-0.0014360959074302126
2017-03-09,0.795278085189352,0.795278085189352,1.1422964549763652,-0.010228432416915845,-0.010228432416915845,-0.01048067247846729
2017-03-10,0.795630789347023,0.795630789347023,1.1428287018339893,0.0004434978961944669,0.0004434978961944669,0.0004659445937220674
2017-03-13,0.8005381267952397,0.8005381267952397,1.1502076130352805,0.006167857646942165,0.006167857646942165,0.0064567079820883055
2017-03-14,0.8005260403854613,0.8005260403854613,1.150189235494239,-1.5097856521650854e-05,-1.5097856521650854e-05,-1.597758598825827e-05
2017-03-15,0.8000293179152315,0.8000293179152315,1.1494339496150694,-0.0006204950809478582,-0.0006204950809478582,-0.0006566622742256722
2017-03-16,0.8078008677417503,0.8078008677417503,1.161167882442069,0.009714081287383936,0.009714081287383936,0.010208444626965463
2017-03-17,0.7980482420649354,0.7980482420649354,1.1446471323208216,-0.012073056697845419,-0.012073056697845419,-0.014227701584806463
2017-03-20,0.7970506351463199,0.7970506351463199,1.1429545392757616,-0.0012500584125518799,-0.0012500584125518799,-0.001478702909627816
2017-03-21,0.7970790543840495,0.7970790543840495,1.1430031641326828,3.565549850459426e-05,3.565549850459426e-05,4.2543124201488425e-05
2017-03-22,0.7941593871694717,0.7941593871694717,1.1380156510024355,-0.003662958145141615,-0.003662958145141615,-0.004363516468505857
2017-03-23,0.7972401543710054,0.7972401543710054,1.1432708927697066,0.003879280722871137,0.003879280722871137,0.00461789937830992
2017-03-24,0.803177134449344,0.803177134449344,1.153354615919778,0.007446915519480735,0.007446915519480735,0.008820064617968582
2017-03-27,0.8023673211122931,0.8023673211122931,1.15196930789674,-0.0010082624396499096,-0.0010082624396499096,-0.0012011119597707953
2017-03-28,0.7972603702472878,0.7972603702472878,1.1431330440775964,-0.006364854014649701,-0.006364854014649701,-0.0076705722614057725
2017-03-29,0.8003576144398197,0.8003576144398197,1.1484761304287483,0.00388485908508307,0.00388485908508307,0.004674072172818011
2017-03-30,0.7915533341516342,0.7915533341516342,1.13329065752752,-0.011000432968139795,-0.011000432968139795,-0.013222279940253823
2017-03-31,0.7873231420815214,0.7873231420815214,1.1260096268888597,-0.005344165563583414,-0.005344165563583414,-0.006424680720959142
2017-04-05,0.8033392695088144,0.8033392695088144,1.152248573340933,0.02034250814087546,0.02034250814087546,0.023302595133729787
2017-04-06,0.8110772468932609,0.8110772468932609,1.1648662008416193,0.009632265816132302,0.009632265816132302,0.010950438813824404
2017-04-07,0.8123309299475523,0.8123309299475523,1.166916740011177,0.0015457011759281158,0.0015457011759281158,0.0017603216301376179
2017-04-10,0.8136068846159586,0.8136068846159586,1.169004620423132,0.0015707325935363503,0.0015707325935363503,0.001789228263136211
2017-04-11,0.8253411377771204,0.8253411377771204,1.188215333571794,0.014422509670257488,0.014422509670257488,0.016433393686424047
2017-04-12,0.8294496130922159,0.8294496130922159,1.1950158194896716,0.004977911710739136,0.004977911710739136,0.0057232773603714815
2017-04-13,0.8336657198658866,0.8336657198658866,1.2019853280052515,0.005083017349243102,0.005083017349243102,0.005832147492872641
2017-04-14,0.8220665817898798,0.8220665817898798,1.1832559672683896,-0.01391341613263497,-0.01391341613263497,-0.015582021095002951
2017-04-17,0.8127346071963788,0.8127346071963788,1.1683627594301007,-0.011351847648620517,-0.011351847648620517,-0.01258663235197588
2017-04-18,0.8075163388193384,0.8075163388193384,1.1600768295895731,-0.006420630216598555,-0.006420630216598555,-0.007091915394983328
2017-04-19,0.8022730872675433,0.8022730872675433,1.151555717379089,-0.006493059396743828,-0.006493059396743828,-0.007345299891472701
2017-04-20,0.8045058946457151,0.8045058946457151,1.155213149790782,0.002783101432177526,0.002783101432177526,0.0031760794171709072
2017-04-21,0.8012987742012877,0.8012987742012877,1.1498991442907227,-0.003986447415453398,-0.003986447415453398,-0.00460002165056872
2017-04-24,0.7794978764556966,0.7794978764556966,1.1150434282122161,-0.027206952571868892,-0.027206952571868892,-0.030311976708188748
2017-04-25,0.7827369943412408,0.7827369943412408,1.1202277627650061,0.004155390262603698,0.004155390262603698,0.0046494463099990835
2017-04-26,0.7869491456784858,0.7869491456784858,1.1269553806775354,0.005381311178207504,0.005381311178207504,0.006005580415114675
2017-04-27,0.7893901679276077,0.7893901679276077,1.1308843831661461,0.003101880550384628,0.003101880550384628,0.003486386911120354
2017-04-28,0.7913022197305034,0.7913022197305034,1.1339958882505785,0.002422188520431412,0.002422188520431412,0.0027513909739571574
2017-05-02,0.7915344351946609,0.7915344351946609,1.1343780442157423,0.00029345989227302915,0.00029345989227302915,0.00033699942753173673
2017-05-03,0.7867039746119278,0.7867039746119278,1.1264666768856646,-0.0061026537418364946,-0.0061026537418364946,-0.006974189398691433
2017-05-04,0.7828861625531844,0.7828861625531844,1.1202285778114391,-0.004852920770645142,-0.004852920770645142,-0.005537757309849511
2017-05-05,0.7696668512172673,0.7696668512172673,1.099324735279911,-0.016885355710983152,-0.016885355710983152,-0.018660336779095066
2017-05-08,0.7531733740743816,0.7531733740743816,1.0744674733941655,-0.021429371833801114,-0.021429371833801114,-0.022611391418766003
2017-05-09,0.7603356585177717,0.7603356585177717,1.0852372187019523,0.009509476423263497,0.009509476423263497,0.010023333022605163
2017-05-10,0.7450907291947839,0.7450907291947839,1.063010100506504,-0.02005026221275341,-0.02005026221275341,-0.020481345287838626
2017-05-11,0.754085627396584,0.754085627396584,1.0759618148947843,0.012072218656539846,0.012072218656539846,0.012183999363796216
2017-05-12,0.7628159684275634,0.7628159684275634,1.088387615896773,0.01157738685607912,0.01157738685607912,0.011548552030355985
2017-05-15,0.765469728138893,0.765469728138893,1.0921715913027528,0.0034788990020750976,0.0034788990020750976,0.003476679953641426
2017-05-16,0.7781276412423945,0.7781276412423945,1.109842829480896,0.016536138057708705,0.016536138057708705,0.016179910115648344
2017-05-17,0.7772372505732374,0.7772372505732374,1.1085968957114305,-0.001144273281097452,-0.001144273281097452,-0.0011226218130797605
2017-05-18,0.7707481753564986,0.7707481753564986,1.0995456470909502,-0.008348898887634237,-0.008348898887634237,-0.008164598561925307
2017-05-19,0.7701673436651363,0.7701673436651363,1.098727040122112,-0.0007535946369171542,-0.0007535946369171542,-0.0007444956660087598
2017-05-22,0.7594608113004856,0.7594608113004856,1.083733776509441,-0.013901566267013554,-0.013901566267013554,-0.013646031330042385
2017-05-23,0.751077077567865,0.751077077567865,1.0716065689331151,-0.011039060354232633,-0.011039060354232633,-0.011190209107799554
2017-05-24,0.7562943972877532,0.7562943972877532,1.0791339144776364,0.006946450471878141,0.006946450471878141,0.007024355544978933
2017-05-25,0.7683791716171791,0.7683791716171791,1.0961827260290713,0.015978928804397663,0.015978928804397663,0.015798606014238326
2017-05-26,0.7659803215372425,0.7659803215372425,1.0927873935460977,-0.0031219613552092573,-0.0031219613552092573,-0.003097414694056777
2017-05-31,0.7649410178265785,0.7649410178265785,1.0913162696140397,-0.0013568282127381925,-0.0013568282127381925,-0.0013462123929560699
2017-06-01,0.7539606364475215,0.7539606364475215,1.0756937874831334,-0.014354546459353745,-0.014354546459353745,-0.01431526548800699
2017-06-02,0.7567451757080192,0.7567451757080192,1.0796691807576873,0.0036932157010447497,0.0036932157010447497,0.0036956551397915316
2017-06-05,0.7570968708691966,0.7570968708691966,1.0801714080232874,0.00046474714668431893,0.00046474714668431893,0.0004651677333677995
2017-06-06,0.759380546629346,0.759380546629346,1.083458321807265,0.003016358735610014,0.003016358735610014,0.003042955737916353
2017-06-07,0.7735299348419773,0.7735299348419773,1.1032056063531068,0.018632803112268448,0.018632803112268448,0.018226159833174105
2017-06-08,0.7763250842916245,0.7763250842916245,1.1071262732868266,0.00361349874613226,0.00361349874613226,0.003553885976595339
2017-06-09,0.7771544636435851,0.7771544636435851,1.1082893076030946,0.0010683402723195012,0.0010683402723195012,0.0010504983436219195
2017-06-12,0.7693420221880779,0.7693420221880779,1.0974171205014165,-0.0100526237974361,-0.0100526237974361,-0.009809881794485165
2017-06-13,0.774422040992459,0.774422040992459,1.1045148872058652,0.006603069451390553,0.006603069451390553,0.006467701817159277
2017-06-14,0.7675220649858172,0.7675220649858172,1.0949332517862291,-0.008909839391708418,-0.008909839391708418,-0.008674971727972935
2017-06-15,0.7677100265556679,0.7677100265556679,1.0951953159064156,0.00024489402770999646,0.00024489402770999646,0.00023934255331004017
2017-06-16,0.7641767791971269,0.7641767791971269,1.0902754749483576,-0.004602320194244336,-0.004602320194244336,-0.004492204163588975
2017-06-19,0.7741575528149355,0.7741575528149355,1.103960629547749,0.013060817718505868,0.013060817718505868,0.01255201544365625
2017-06-20,0.7766935065563971,0.7766935065563971,1.1074621400493714,0.003275759220123353,0.003275759220123353,0.0031717711736303222
2017-06-21,0.7786416891522878,0.7786416891522878,1.1101805175740742,0.002508302927017203,0.002508302927017203,0.00245460086299798
2017-06-22,0.7738534835910263,0.7738534835910263,1.103518106777967,-0.006149433851242225,-0.006149433851242225,-0.006001195923223124
2017-06-23,0.7799619710405499,0.7799619710405499,1.1119703688287668,0.007893596887588394,0.007893596887588394,0.00765937776542569
2017-06-26,0.7931374822959945,0.7931374822959945,1.1297879501954997,0.016892504692077592,0.016892504692077592,0.016023431798367183
2017-06-27,0.7952489424358964,0.7952489424358964,1.1326426989776908,0.002662161588668832,0.002662161588668832,0.002526800521900574
2017-06-28,0.7885013602823288,0.7885013602823288,1.1235303785153552,-0.008484867811203056,-0.008484867811203056,-0.008045185362127172
2017-06-29,0.7882965856798659,0.7882965856798659,1.1232537034205012,-0.0002597010135652056,-0.0002597010135652056,-0.0002462551081346964
2017-06-30,0.7861606090040001,0.7861606090040001,1.1203603654632839,-0.0027096104621887607,-0.0027096104621887607,-0.0025758543670113543
2017-07-03,0.7866067771695083,0.7866067771695083,1.120965597110627,0.0005675280094146196,0.0005675280094146196,0.0005402115837012111
2017-07-04,0.7813307639478584,0.7813307639478584,1.113765567966043,-0.006707307100295878,-0.006707307100295878,-0.006423059871902059
2017-07-05,0.7907864750500402,0.7907864750500402,1.1265502381501222,0.012102059125900233,0.012102059125900233,0.011478780231486851
2017-07-06,0.7911069352931478,0.7911069352931478,1.1269983877644902,0.0004052424430847079,0.0004052424430847079,0.0003978070388621635
2017-07-07,0.7945856485101868,0.7945856485101868,1.1318951374851767,0.004397273063659668,0.004397273063659668,0.004344948292605455
2017-07-10,0.797381480184015,0.797381480184015,1.135826672549288,0.00351860328596465,0.00351860328596465,0.003473409270797312
2017-07-11,0.7946395524424099,0.7946395524424099,1.1319732690823046,-0.00343866494237155,-0.00343866494237155,-0.003392598149094983
2017-07-12,0.7957688910912396,0.7957688910912396,1.1335911707130013,0.0014211961201258116,0.0014211961201258116,0.0014292754739768654
2017-07-13,0.8028496631761048,0.8028496631761048,1.1436824430179002,0.00889802575111398,0.00889802575111398,0.008902038552886626
2017-07-14,0.8047143196026156,0.8047143196026156,1.1463453933575554,0.002322547435760436,0.002322547435760436,0.0023284001218277783
2017-07-17,0.7806062915822115,0.7806062915822115,1.1138429621329826,-0.029958492639113432,-0.029958492639113432,-0.028353087483847905
2017-07-18,0.792021889069219,0.792021889069219,1.129120482062952,0.014624014192697876,0.014624014192697876,0.013716044765155422
2017-07-19,0.808707528002888,0.808707528002888,1.1507478042809252,0.021067143678665134,0.021067143678665134,0.01915413152231471
2017-07-20,0.8085077007145115,0.8085077007145115,1.1504884467292793,-0.00024709463119509945,-0.00024709463119509945,-0.00022538174800856847
2017-07-21,0.8090942079837569,0.8090942079837569,1.1512500656095115,0.0007254195213317605,0.0007254195213317605,0.0006619961133875751
2017-07-24,0.81189132306427,0.81189132306427,1.1548839502905481,0.0034570944309235685,0.0034570944309235685,0.0031564685984297736
2017-07-25,0.8015672229251066,0.8015672229251066,1.140848290022306,-0.012716110944747894,-0.012716110944747894,-0.012153307927355805
2017-07-26,0.8005933855149246,0.8005933855149246,1.1395224183927986,-0.0012149167060850896,-0.0012149167060850896,-0.0011621804942019143
2017-07-27,0.7945828967506287,0.7945828967506287,1.1313621256896462,-0.007507542371749887,-0.007507542371749887,-0.007161151524040843
2017-07-28,0.7956501749785295,0.7956501749785295,1.132812488265892,0.0013431930541991655,0.0013431930541991655,0.0012819614014936143
2017-07-31,0.8107613638839269,0.8107613638839269,1.1527961984899675,0.018992252349853578,0.018992252349853578,0.01764079265639662
2017-08-01,0.8084448382266387,0.8084448382266387,1.149739286648859,-0.0028572225570678844,-0.0028572225570678844,-0.0026517365733099707
2017-08-02,0.805556289528441,0.805556289528441,1.145918971333683,-0.0035729694366455345,-0.0035729694366455345,-0.0033227666128649025
2017-08-03,0.803432292964599,0.803432292964599,1.1431051059292894,-0.0026366829872130904,-0.0026366829872130904,-0.002455553555517742
2017-08-04,0.7991881399192327,0.7991881399192327,1.1373605525930532,-0.005282527329970366,-0.005282527329970366,-0.005025393821127322
2017-08-07,0.8048225472860866,0.8048225472860866,1.145287281965984,0.007050163891850758,0.007050163891850758,0.006969407682426487
2017-08-08,0.8015276724965748,0.8015276724965748,1.140633361227612,-0.004093914615864502,-0.004093914615864502,-0.004063540049430325
2017-08-09,0.8035736787906564,0.8035736787906564,1.143642626263248,0.002552633382836067,0.002552633382836067,0.002638240417935256
2017-08-10,0.7962794848262957,0.7962794848262957,1.1328951202747353,-0.009077193737029976,-0.009077193737029976,-0.00939760878241247
2017-08-11,0.7650707153455791,0.7650707153455791,1.0922144968317602,-0.039193235635757495,-0.039193235635757495,-0.035908552093603996
2017-08-14,0.77616270339128,0.77616270339128,1.106516830282642,0.014497990608215439,0.014497990608215439,0.013094802799605176
2017-08-15,0.7797287311678949,0.7797287311678949,1.1111934936834986,0.0045944333076477495,0.0045944333076477495,0.004226472903861689
2017-08-16,0.7723304774570788,0.7723304774570788,1.101558931749232,-0.00948824048042296,-0.00948824048042296,-0.008670462875308038
2017-08-17,0.7806524929170615,0.7806524929170615,1.1123714705717334,0.010775200128555262,0.010775200128555262,0.009815669875538502
2017-08-18,0.7819688262834452,0.7819688262834452,1.1140800015683818,0.001686196327209455,0.001686196327209455,0.0015359356490600717
2017-08-21,0.7877273454597145,0.7877273454597145,1.1216422097799406,0.0073641288280485995,0.0073641288280485995,0.006787850244966975
2017-08-22,0.7836141967634691,0.7836141967634691,1.1162015466780093,-0.005221538543701221,-0.005221538543701221,-0.004850622644629876
2017-08-23,0.7753800528485489,0.7753800528485489,1.1053742102362836,-0.010507905483245872,-0.010507905483245872,-0.009700162550347224
2017-08-24,0.7705054888093609,0.7705054888093609,1.098857922450138,-0.006286677122115947,-0.006286677122115947,-0.005895096634064401
2017-08-25,0.7818828384640116,0.7818828384640116,1.113840889761405,0.01476608514785771,0.01476608514785771,0.013635035981593768
2017-08-28,0.7933294129710289,0.7933294129710289,1.1286790744557413,0.014639756679534877,0.014639756679534877,0.013321637615148818
2017-08-29,0.7947856126132787,0.7947856126132787,1.1305966514305648,0.001835554838180542,0.001835554838180542,0.0016989567878256118
2017-08-30,0.8010779341421332,0.8010779341421332,1.1388555849089539,0.007917004823684737,0.007917004823684737,0.007304933610000397
2017-08-31,0.7957730110079363,0.7957730110079363,1.131926394542757,-0.006622231006622292,-0.006622231006622292,-0.006084345072383313
2017-09-01,0.8027174410876932,0.8027174410876932,1.1409634904984103,0.008726646900176993,0.008726646900176993,0.007983819441991225
2017-09-04,0.8053480611233637,0.8053480611233637,1.1444664510341425,0.0032771432399749667,0.0032771432399749667,0.0030701775866657233
2017-09-05,0.8025181658187904,0.8025181658187904,1.1407013590278066,-0.003513878583908059,-0.003513878583908059,-0.0032898229589287675
2017-09-06,0.8009593537853067,0.8009593537853067,1.1386279034509657,-0.0019424009323120162,-0.0019424009323120162,-0.0018177023814612836
2017-09-07,0.795373438811412,0.795373438811412,1.131164354912144,-0.006974030514152685,-0.006974030514152685,-0.00655486179128506
2017-09-08,0.7977309046475195,0.7977309046475195,1.1343232339475549,0.00296397355138045,0.00296397355138045,0.0027925906802961364
2017-09-11,0.8021532711363674,0.8021532711363674,1.140279550550124,0.005543682040000553,0.005543682040000553,0.005250987041709898
2017-09-12,0.8059181420930231,0.8059181420930231,1.1453427926755182,0.004693455842076588,0.004693455842076588,0.004440351598826275
2017-09-13,0.8076968235590306,0.8076968235590306,1.147739666108601,0.0022070249732659697,0.0022070249732659697,0.0020927127218250963
2017-09-14,0.8019138320858193,0.8019138320858193,1.139892123224847,-0.007159854173660274,-0.007159854173660274,-0.006837389275183958
2017-09-15,0.7975888825973819,0.7975888825973819,1.1340343888761397,-0.005393284559249922,-0.005393284559249922,-0.005138849746706864
2017-09-18,0.798588522713411,0.798588522713411,1.1353890426940068,0.0012533275448545211,0.0012533275448545211,0.001194543861416264
2017-09-19,0.794045192818195,0.794045192818195,1.1292296305371305,-0.005689200089902147,-0.005689200089902147,-0.005424935352785654
2017-09-20,0.7999888378075962,0.7999888378075962,1.137293448887992,0.0074852729330256995,0.0074852729330256995,0.00714099075404695
2017-09-21,0.7923974873159485,0.7923974873159485,1.1268422139183045,-0.009489320516586353,-0.009489320516586353,-0.009189567547325916
2017-09-22,0.7862757233369985,0.7862757233369985,1.1184476644344306,-0.007725622653961262,-0.007725622653961262,-0.0074496228311184964
2017-09-25,0.7682135251741091,0.7682135251741091,1.0945431450954484,-0.022971837520599503,-0.022971837520599503,-0.021372944035848218
2017-09-26,0.7732104322543709,0.7732104322543709,1.1011436243285886,0.006504580974578955,0.006504580974578955,0.0060303508936274675
2017-09-27,0.7794857673330307,0.7794857673330307,1.1093898129257815,0.008115947246551514,0.008115947246551514,0.007488749346590495
2017-09-28,0.7728946790700799,0.7728946790700799,1.1007785521709157,-0.008455687761306785,-0.008455687761306785,-0.007762159571445326
2017-09-29,0.776824591298293,0.776824591298293,1.1059227518333103,0.005084667205810467,0.005084667205810467,0.0046732375483238275
2017-10-09,0.7880833670091448,0.7880833670091448,1.1205843489968537,0.014493330717086694,0.014493330717086694,0.013257342919510862
2017-10-10,0.7891806400088278,0.7891806400088278,1.1220113311026392,0.0013923311233521307,0.0013923311233521307,0.0012734267679741507
2017-10-11,0.7841784958359083,0.7841784958359083,1.1155162429049605,-0.006338402032852186,-0.006338402032852186,-0.005788790199913296
2017-10-12,0.7834018405330727,0.7834018405330727,1.1145062454425723,-0.0009904062747954079,-0.0009904062747954079,-0.0009054081182701124
2017-10-13,0.787369546767135,0.787369546767135,1.1196601399342616,0.0050647139549255815,0.0050647139549255815,0.004624374706525547
2017-10-16,0.7785636613102416,0.7785636613102416,1.1083255197189252,-0.01118392944335933,-0.01118392944335933,-0.010123268491099346
2017-10-17,0.7763278494257678,0.7763278494257678,1.105427642336059,-0.0028717136383056285,-0.0028717136383056285,-0.00261464464302974
2017-10-18,0.7734142406458375,0.7734142406458375,1.1016509225533049,-0.0037530648708344883,-0.0037530648708344883,-0.003416523739874
2017-10-19,0.7631222271090388,0.7631222271090388,1.087552599471524,-0.013307245969772175,-0.013307245969772175,-0.012797450438388425
2017-10-20,0.7697563634495294,0.7697563634495294,1.0967533921326291,0.008693412542343237,0.008693412542343237,0.008460089806760607
2017-10-23,0.7721817361852975,0.7721817361852975,1.1002525706956172,0.0031508316799087055,0.0031508316799087055,0.003190488024098048
2017-10-24,0.7747112553118662,0.7747112553118662,1.1038970607512113,0.0032758080229466913,0.0032758080229466913,0.0033124122157606184
2017-10-25,0.7794362948564747,0.7794362948564747,1.110678603282573,0.006099097582758617,0.006099097582758617,0.0061432743799016976
2017-10-26,0.7817036201553048,0.7817036201553048,1.113934093581963,0.0029089295864104248,0.0029089295864104248,0.002931082213854186
2017-10-27,0.7789925827787924,0.7789925827787924,1.1099910224147909,-0.0034681141376495805,-0.0034681141376495805,-0.003539770611107551
2017-10-30,0.767332204337544,0.767332204337544,1.0933507156838798,-0.014968535900115931,-0.014968535900115931,-0.01499138857421567
2017-10-31,0.7714550106801583,0.7714550106801583,1.0992414835205226,0.005372909307479912,0.005372909307479912,0.005387811753485128
2017-11-01,0.7702008893789072,0.7702008893789072,1.0974492459256153,-0.001625657081604004,-0.001625657081604004,-0.0016304311853000408
2017-11-02,0.7634910757815283,0.7634910757815283,1.0875708192558196,-0.008711770772933947,-0.008711770772933947,-0.009001260610885131
2017-11-03,0.7540392271025779,0.7540392271025779,1.0738233342435142,-0.012379776239395235,-0.012379776239395235,-0.01264054236184109
2017-11-06,0.7599872044907323,0.7599872044907323,1.0824153233284408,0.00788815379142771,0.00788815379142771,0.008001305997861863
2017-11-07,0.7670859136229798,0.7670859136229798,1.0925790172585406,0.009340564012527475,0.009340564012527475,0.009389828202770012
2017-11-08,0.7686036524566715,0.7686036524566715,1.0947550671026796,0.0019785773754119607,0.0019785773754119607,0.0019916635865835364
2017-11-09,0.7740156235985668,0.7740156235985668,1.1025146471846066,0.007041302919387871,0.007041302919387871,0.007087959960270451
2017-11-10,0.776222190688972,0.776222190688972,1.1056789300171785,0.002850804328918377,0.002850804328918377,0.0028700596773496567
2017-11-13,0.7801113566310037,0.7801113566310037,1.111245806344145,0.005010377168655378,0.005010377168655378,0.005034803663012788
2017-11-14,0.7799570744733723,0.7799570744733723,1.1110234414417102,-0.00019776940345772598,-0.00019776940345772598,-0.00020010415442328622
2017-11-15,0.7736055376671993,0.7736055376671993,1.1003305049900718,-0.008143444061279315,-0.008143444061279315,-0.009624402197817572
2017-11-16,0.7745170312562663,0.7745170312562663,1.101903506597988,0.0011782407760621005,0.0011782407760621005,0.0014295719338712765
2017-11-17,0.7655326376454016,0.7655326376454016,1.0866118132869678,-0.011599994897842358,-0.011599994897842358,-0.013877524864433721
2017-11-20,0.7701974013871292,0.7701974013871292,1.0945825515813687,0.006093487739563086,0.006093487739563086,0.007335405521029292
2017-11-21,0.7809380490708787,0.7809380490708787,1.112775324964834,0.013945317998224294,0.013945317998224294,0.016620741265409134
2017-11-22,0.7860505130327902,0.7860505130327902,1.121415049753318,0.006546567897407485,0.006546567897407485,0.007764123264286882
2017-11-23,0.7651682192148914,0.7651682192148914,1.088613857246733,-0.026566096544265783,-0.026566096544265783,-0.029249823706040345
2017-11-24,0.7679869418736495,0.7679869418736495,1.093032728105216,0.0036837947368622004,0.0036837947368622004,0.004059171972749631
2017-11-27,0.7550331377749018,0.7550331377749018,1.073080106428892,-0.016867219209670936,-0.016867219209670936,-0.01825436801962188
2017-11-28,0.7602694117113876,0.7602694117113876,1.0811207718969893,0.006935157775878942,0.006935157775878942,0.007493071039081922
2017-11-29,0.7700474400973586,0.7700474400973586,1.096227794736202,0.012861267644531882,0.012861267644531882,0.013973483103747242
2017-11-30,0.7601720733356951,0.7601720733356951,1.0808352058423374,-0.012824361522992489,-0.012824361522992489,-0.014041414537905195
2017-12-01,0.7609090370114805,0.7609090370114805,1.0819829183414447,0.0009694695472717285,0.0009694695472717285,0.0010618755689151271
2017-12-04,0.7598883337511121,0.7598883337511121,1.0803804204760805,-0.0013414261241754266,-0.0013414261241754266,-0.001481075013476718
2017-12-05,0.7530332544098047,0.7530332544098047,1.0696584530247253,-0.00902116671204567,-0.00902116671204567,-0.009924251909924964
2017-12-06,0.7514303227032275,0.7514303227032275,1.0671285240361115,-0.0021286333600678553,-0.0021286333600678553,-0.002365174585831409
2017-12-07,0.7429576560495328,0.7429576560495328,1.05388016848315,-0.011275385618209843,-0.011275385618209843,-0.012414957762400758
2017-12-08,0.7465613001456497,0.7465613001456497,1.0594899246633904,0.004850403070449927,0.004850403070449927,0.0053229544952102525
2017-12-11,0.7564527313353976,0.7564527313353976,1.0745726444876442,0.013249322175979517,0.013249322175979517,0.014235831293106127
2017-12-12,0.7445560035595858,0.7445560035595858,1.056744954996845,-0.015726994276046735,-0.015726994276046735,-0.016590492585356498
2017-12-13,0.7512394714975842,0.7512394714975842,1.0666701185946599,0.008976447582244917,0.008976447582244917,0.009392203436489943
2017-12-14,0.7506054536069905,0.7506054536069905,1.0657242909766709,-0.0008439624309539706,-0.0008439624309539706,-0.0008867105223075988
2017-12-15,0.7406959060781672,0.7406959060781672,1.0511001761226364,-0.01320207238197324,-0.01320207238197324,-0.013722230953966852
2017-12-18,0.7404347740676315,0.7404347740676315,1.050714585323461,-0.0003525495529175249,-0.0003525495529175249,-0.00036684495725025634
2017-12-19,0.7479201047433206,0.7479201047433206,1.0616703537300767,0.010109372138977113,0.010109372138977113,0.01042696899771589
2017-12-20,0.7390223577627246,0.7390223577627246,1.0487622276520505,-0.011896654367446913,-0.011896654367446913,-0.012158318288416625
2017-12-21,0.7443159811571982,0.7443159811571982,1.0563952525156222,0.007163008451461783,0.007163008451461783,0.007278127169644932
2017-12-22,0.7447952120840539,0.7447952120840539,1.0570875560729782,0.000643854141235245,0.000643854141235245,0.0006553451993536186
2017-12-25,0.7367532125220527,0.7367532125220527,1.0454908493249708,-0.01079759836196903,-0.01079759836196903,-0.01097043161787703
2017-12-26,0.7458824074979176,0.7458824074979176,1.0585207882576693,0.012391116619110187,0.012391116619110187,0.01246298706594251
2017-12-27,0.738604072460134,0.738604072460134,1.0481613434791166,-0.009758019447326682,-0.009758019447326682,-0.009786718308673281
2017-12-28,0.742768287714118,0.742768287714118,1.0543449268622884,0.005637953281402597,0.005637953281402597,0.005899457580306189
2017-12-29,0.7502148341924686,0.7502148341924686,1.0653398384408437,0.0100253963470458,0.0100253963470458,0.010428192234277489
2018-01-02,0.7606836730817785,0.7606836730817785,1.0806086683969107,0.01395445466041556,0.01395445466041556,0.014332356122543466
2018-01-03,0.7678727326830933,0.7678727326830933,1.0910732526090166,0.00945078730583182,0.00945078730583182,0.009683972115113626
2018-01-04,0.7710362909961685,0.7710362909961685,1.0956831541466074,0.004119899272918781,0.004119899272918781,0.0042251072753982655
2018-01-05,0.7712184392534516,0.7712184392534516,1.0959541187832214,0.0002362382411957853,0.0002362382411957853,0.0002473020011199978
2018-01-08,0.7789136439118579,0.7789136439118579,1.1072899814085564,0.009977983236312937,0.009977983236312937,0.010343373350264473
2018-01-09,0.7790005002307671,0.7790005002307671,1.1074184519142218,0.00011150956153871405,0.00011150956153871405,0.00011602245827413427
2018-01-10,0.7766882873147277,0.7766882873147277,1.1040008776327215,-0.002968178987503012,-0.002968178987503012,-0.0030860730879036513
2018-01-11,0.7760770044205818,0.7760770044205818,1.1030951498937211,-0.0007870376110077348,-0.0007870376110077348,-0.0008204049085018816
2018-01-12,0.7757972104519402,0.7757972104519402,1.1026755940343995,-0.00036052346229553667,-0.00036052346229553667,-0.0003803442154215464
2018-01-15,0.7669307869793626,0.7669307869793626,1.089536764546913,-0.011428790092468222,-0.011428790092468222,-0.011915407902894692
2018-01-16,0.7741157850011111,0.7741157850011111,1.1001024808973827,0.00936850905418396,0.00936850905418396,0.009697439034894284
2018-01-17,0.7719601967516599,0.7719601967516599,1.0968782613949182,-0.0027845811843871804,-0.0027845811843871804,-0.0029308355889120508
2018-01-18,0.7766354904604503,0.7766354904604503,1.103896494854372,0.006056392192840487,0.006056392192840487,0.006398370454099966
2018-01-19,0.7763557395614037,0.7763557395614037,1.1034760451579328,-0.0003602087497711626,-0.0003602087497711626,-0.0003808778254110745
2018-01-22,0.7790988503781043,0.7790988503781043,1.1075980082277144,0.0035333168506621604,0.0035333168506621604,0.0037354350263141267
2018-01-23,0.7876724709142249,0.7876724709142249,1.1203798221805243,0.011004534959793144,0.011004534959793144,0.011540120023565636
2018-01-24,0.7907618190058773,0.7907618190058773,1.1249850380023145,0.003922122716903731,0.003922122716903731,0.004110405891483593
2018-01-25,0.7939394490674926,0.7939394490674926,1.1297227969533323,0.0040184414386750245,0.0040184414386750245,0.004211397299497266
2018-01-26,0.7951014245281006,0.7951014245281006,1.1314972282944438,0.001463556776241326,0.001463556776241326,0.0015706785291902392
2018-01-29,0.7849496045520764,0.7849496045520764,1.116226900547731,-0.012767955964925304,-0.012767955964925304,-0.013495682857067592
2018-01-30,0.775612536608689,0.775612536608689,1.1023885083479188,-0.011895117711047787,-0.011895117711047787,-0.012397472407287169
2018-01-31,0.7745654283972386,0.7745654283972386,1.100825697368492,-0.0013500403384771875,-0.0013500403384771875,-0.001417658990085835
2018-02-01,0.7573588934720704,0.7573588934720704,1.0759709790617507,-0.02221443701763537,-0.02221443701763537,-0.022578250458865745
2018-02-02,0.7659429334168111,0.7659429334168111,1.0882923215204674,0.011334177255630573,0.011334177255630573,0.011451370621037515
2018-02-05,0.772703175494405,0.772703175494405,1.0980050415290508,0.008826038837432826,0.008826038837432826,0.00892473448219655
2018-02-06,0.737539604832834,0.737539604832834,1.0548690053845058,-0.04550721645355227,-0.04550721645355227,-0.039285827034523435
2018-02-07,0.7250140813548132,0.7250140813548132,1.0396055149053751,-0.016982848644256587,-0.016982848644256587,-0.01446956010767142
2018-02-08,0.7214528772242338,0.7214528772242338,1.0352547401018075,-0.004911910295486432,-0.004911910295486432,-0.0041850247437015264
2018-02-09,0.6825444926279052,0.6825444926279052,0.994287277388729,-0.05393059730529781,-0.05393059730529781,-0.039572349805468865
2018-02-12,0.6923969347905005,0.6923969347905005,1.0046877509718612,0.014434871673584038,0.014434871673584038,0.010460229975431945
2018-02-13,0.6983712624173808,0.6983712624173808,1.0109509685330287,0.008628472089767358,0.008628472089767358,0.006233994149036803
2018-02-14,0.7011858376163534,0.7011858376163534,1.0138914358355,0.004030199050903294,0.004030199050903294,0.0029086151494945867
2018-02-22,0.7190624818630006,0.7190624818630006,1.03204591130338,0.025494873523712158,0.025494873523712158,0.01790573904287851
2018-02-23,0.72532078390834,0.72532078390834,1.0383425230305965,0.008703418970108068,0.008703418970108068,0.0061010965289949315
2018-02-26,0.7371081009208069,0.7371081009208069,1.050133598812151,0.016251177787780735,0.016251177787780735,0.011355670715613275
2018-02-27,0.7260397021730643,0.7260397021730643,1.0391812236844964,-0.015015977621078536,-0.015015977621078536,-0.010429506436174685
2018-02-28,0.7262972103440382,0.7262972103440382,1.0394447194562606,0.0003546750545502242,0.0003546750545502242,0.0002535609437110953
2018-03-01,0.7277729448491866,0.7277729448491866,1.0409554339182447,0.0020318603515625533,0.0020318603515625533,0.001453386056715411
2018-03-02,0.7216024501817527,0.7216024501817527,1.0345838379205898,-0.008478598594665487,-0.008478598594665487,-0.006120911414691066
2018-03-05,0.7246827389935281,0.7246827389935281,1.0377770171340495,0.0042686784267425,0.0042686784267425,0.003086438330486274
2018-03-06,0.7376028525242037,0.7376028525242037,1.0510572631841584,0.017828648090362442,0.017828648090362442,0.012796820348540683
2018-03-07,0.7310899001116143,0.7310899001116143,1.0443707103303619,-0.008829890489578274,-0.008829890489578274,-0.006361739829036206
2018-03-08,0.7370575004862118,0.7370575004862118,1.0504921830295157,0.008162608146667472,0.008162608146667472,0.005861398293348863
2018-03-09,0.7396641858576971,0.7396641858576971,1.0531582178989691,0.003536610603332546,0.003536610603332546,0.002537891202355036
2018-03-12,0.7447279771012906,0.7447279771012906,1.0583387248943494,0.006846067905426079,0.006846067905426079,0.004919020625139714
2018-03-13,0.739636152327986,0.739636152327986,1.053149270961501,-0.006837160587310764,-0.006837160587310764,-0.004903396059108167
2018-03-14,0.7345684618462291,0.7345684618462291,1.0479555513353174,-0.006851599216461168,-0.006851599216461168,-0.004931608243380126
2018-03-15,0.7317316525023564,0.7317316525023564,1.0450410373924994,-0.003861871957778984,-0.003861871957778984,-0.0027811427107802267
2018-03-16,0.7274131602172941,0.7274131602172941,1.040567279295376,-0.005901743173599261,-0.005901743173599261,-0.004280940113400744
2018-03-19,0.7237999842350714,0.7237999842350714,1.0367801785026027,-0.004967157840728764,-0.004967157840728764,-0.00363945788814124
2018-03-20,0.7242333086510921,0.7242333086510921,1.0372368771148477,0.0005986797809600652,0.0005986797809600652,0.0004404970520410778
2018-03-21,0.7195893584369824,0.7195893584369824,1.0323512737881166,-0.006412229537963832,-0.006412229537963832,-0.004710209822389566
2018-03-22,0.7150542839209121,0.7150542839209121,1.0275425996350056,-0.006302309036254949,-0.006302309036254949,-0.004657982486393486
2018-03-23,0.6824952277621247,0.6824952277621247,0.9958959894032635,-0.04553368449211137,-0.04553368449211137,-0.030798343779599335
2018-03-26,0.6811422359202214,0.6811422359202214,0.9945535260872186,-0.0019824194908141246,-0.0019824194908141246,-0.0013479955038772085
2018-03-27,0.6921624707013705,0.6921624707013705,1.0054124819718033,0.01617905071803505,0.01617905071803505,0.0109184227894763
2018-03-28,0.6850044197903167,0.6850044197903167,0.9984007760568536,-0.010341576167515298,-0.010341576167515298,-0.006973959484965264
2018-03-29,0.7002264726815063,0.7002264726815063,1.0130469107498181,0.02222183164285152,0.02222183164285152,0.014669594659981078
2018-03-30,0.7029494625706044,0.7029494625706044,1.015655535970238,0.003888727426528904,0.003888727426528904,0.002575029046274935
2018-04-02,0.7048932576835953,0.7048932576835953,1.0175269418834227,0.0027651989459991366,0.0027651989459991366,0.0018425596542406275
2018-04-03,0.6976840970374837,0.6976840970374837,1.0105950054269224,-0.010227308273315416,-0.010227308273315416,-0.006812533576427415
2018-04-04,0.6966908824693344,0.6966908824693344,1.0096351027061845,-0.0014235877990722567,-0.0014235877990722567,-0.0009498391695814679
2018-04-09,0.6949776480061713,0.6949776480061713,1.0079706368957981,-0.002459102747391695,-0.002459102747391695,-0.0016485815577578222
2018-04-10,0.7023079667622886,0.7023079667622886,1.0151242006975572,0.010547560453414873,0.010547560453414873,0.007096996221823915
2018-04-11,0.7049702996460766,0.7049702996460766,1.0177227536085662,0.00379083395004276,0.00379083395004276,0.002559837416173716
2018-04-12,0.6965089766147763,0.6965089766147763,1.0095016907645349,-0.012002382278442414,-0.012002382278442414,-0.008077900208953492
2018-04-13,0.6906960905774934,0.6906960905774934,1.0038411001887233,-0.008345744609832728,-0.008345744609832728,-0.005607311634638901
2018-04-16,0.6825134361392037,0.6825134361392037,0.9958383811499285,-0.01184696793556217,-0.01184696793556217,-0.007972097413913692
2018-04-17,0.6726748969147088,0.6726748969147088,0.9862349146615126,-0.0144151583009835,-0.0144151583009835,-0.009643599473768472
2018-04-18,0.6789926128888103,0.6789926128888103,0.992399254775069,0.00939193063852728,0.00939193063852728,0.006250377087564374
2018-04-19,0.6823106742961579,0.6823106742961579,0.9956208865543221,0.004886741540869988,0.004886741540869988,0.0032463061250316283
2018-04-20,0.6705096965603103,0.6705096965603103,0.984282873159113,-0.017295607676108715,-0.017295607676108715,-0.011387882223371282
2018-04-23,0.6691136286448333,0.6691136286448333,0.9829289958910266,-0.0020820995171865198,-0.0020820995171865198,-0.0013754961149949896
2018-04-24,0.6820261916514944,0.6820261916514944,0.9953056055136422,0.01929801225662242,0.01929801225662242,0.012591560198502716
2018-04-25,0.6815554130456647,0.6815554130456647,0.9948573466297528,-0.0006902647018433017,-0.0006902647018433017,-0.00045037311294771065
2018-04-26,0.6695025794417507,0.6695025794417507,0.9834550151889342,-0.017684304714202903,-0.017684304714202903,-0.011461272793979904
2018-04-27,0.6705892307502783,0.6705892307502783,0.9844890933417384,0.0016230726242065785,0.0016230726242065785,0.0010514747871874786
2018-05-02,0.6657145986447282,0.6657145986447282,0.9798513331084141,-0.007269177436828644,-0.007269177436828644,-0.004710829469508848
2018-05-03,0.6721345140961426,0.6721345140961426,0.9859829579264511,0.009643645286560032,0.009643645286560032,0.006257709318601812
2018-05-04,0.6698781655076558,0.6698781655076558,0.9838319367278798,-0.0033569896221160578,-0.0033569896221160578,-0.0021816007886129585
2018-05-07,0.6775313241968107,0.6775313241968107,0.9910954239597715,0.011424702405929521,0.011424702405929521,0.007382853677274648
2018-05-08,0.6845636275726925,0.6845636275726925,0.9977069655085727,0.01037930369377138,0.01037930369377138,0.006670943472209645
2018-05-09,0.6808435240532548,0.6808435240532548,0.9942092686971694,-0.005434269905090328,-0.005434269905090328,-0.003505735584015346
2018-05-10,0.6836138523323129,0.6836138523323129,0.9968248769802373,0.00406896471977225,0.00406896471977225,0.0026308427867458573
2018-05-11,0.677589538507828,0.677589538507828,0.9911549899926969,-0.008812451362609885,-0.008812451362609885,-0.005687946918737197
2018-05-14,0.6781905147667184,0.6781905147667184,0.9917311684798191,0.0008869326114655518,0.0008869326114655518,0.0005813202707343201
2018-05-15,0.6852723616438942,0.6852723616438942,0.998524533181589,0.010442267656326276,0.010442267656326276,0.006850006249357943
2018-05-16,0.6802111890306497,0.6802111890306497,0.9936716685081046,-0.007385636568069454,-0.007385636568069454,-0.004860035494592907
2018-05-17,0.6784098384915379,0.6784098384915379,0.9917951620614263,-0.002648222446441695,-0.002648222446441695,-0.0018884572300382763
2018-05-18,0.6832443567842432,0.6832443567842432,0.9968784259699992,0.007126250267028844,0.007126250267028844,0.005125316298183469
2018-05-21,0.6888420454166122,0.6888420454166122,1.0027355846131847,0.008192806243896511,0.008192806243896511,0.005875499449680799
2018-05-22,0.6869846724688659,0.6869846724688659,1.0004769198139496,-0.00269636988639832,-0.00269636988639832,-0.0022525028869962993
2018-05-23,0.6809185027014412,0.6809185027014412,0.9930360410541669,-0.008830138444900437,-0.008830138444900437,-0.007437331748908704
2018-05-24,0.6805754487119817,0.6805754487119817,0.992612532514341,-0.000503810644149616,-0.000503810644149616,-0.0004264785187215736
2018-05-25,0.6751939320355694,0.6751939320355694,0.9859834767862798,-0.007907303571700997,-0.007907303571700997,-0.006678392132798638
2018-05-28,0.6696854201620586,0.6696854201620586,0.9788970945953582,-0.00815841436386111,-0.00815841436386111,-0.00718712063412974
2018-05-29,0.6663296165176282,0.6663296165176282,0.9745508654771512,-0.005011014938354541,-0.005011014938354541,-0.004439924423315977
2018-05-30,0.6444361834320259,0.6444361834320259,0.9473861639241846,-0.03285676119278891,-0.03285676119278891,-0.027874072575643782
2018-05-31,0.6549056517560123,0.6549056517560123,0.9603179562617892,0.01624593496322624,0.01624593496322624,0.013649969600610934
2018-06-01,0.6514888620364886,0.6514888620364886,0.9561107477884981,-0.005217224359512329,-0.005217224359512329,-0.004381057800552202
2018-06-04,0.6571635097630741,0.6571635097630741,0.9630635055778782,0.008710275888442975,0.008710275888442975,0.0072719167789525585
2018-06-05,0.6610970729441196,0.6610970729441196,0.9678744971074726,0.005985668897628749,0.005985668897628749,0.004995508086154343
2018-06-06,0.6598939913668562,0.6598939913668562,0.9664016152433645,-0.001819825902277139,-0.001819825902277139,-0.001521769473738499
2018-06-07,0.6594312093461977,0.6594312093461977,0.9658211729276635,-0.0007012975215912043,-0.0007012975215912043,-0.0006006222532595196
2018-06-08,0.6489164234231902,0.6489164234231902,0.952759745133328,-0.01594523549079896,-0.01594523549079896,-0.013523650299302137
2018-06-11,0.6491361238842203,0.6491361238842203,0.9530350244027711,0.00033856511116026056,0.00033856511116026056,0.0002889283167653023
2018-06-12,0.6568738661505701,0.6568738661505701,0.9626301325376514,0.011920061111450275,0.011920061111450275,0.010067949119596298
2018-06-13,0.6485923770691289,0.6485923770691289,0.9524024139091429,-0.012607426643371666,-0.012607426643371666,-0.010624764676279708
2018-06-14,0.6441458168869879,0.6441458168869879,0.9468999032386693,-0.006855708360671953,-0.006855708360671953,-0.005777506010183786
2018-06-15,0.6384683602641126,0.6384683602641126,0.9398764527637945,-0.008813930749893228,-0.008813930749893228,-0.007417310373411867
2018-06-19,0.6011658326429751,0.6011658326429751,0.9007125977795042,-0.05842502141485406,-0.05842502141485406,-0.04166915222647116
2018-06-20,0.5976324682237676,0.5976324682237676,0.8969368855362089,-0.005877520356859511,-0.005877520356859511,-0.0041919167696815585
2018-06-21,0.5863734932380362,0.5863734932380362,0.8850156839936517,-0.0188392960295386,-0.0188392960295386,-0.013291014936274381
2018-06-22,0.5899934132745825,0.5899934132745825,0.888857729503622,0.006173403263092014,0.006173403263092014,0.004341217426377053
2018-06-25,0.5779525915237842,0.5779525915237842,0.8762576043835332,-0.020408400297164953,-0.020408400297164953,-0.014175637677275144
2018-06-26,0.5768304312824472,0.5768304312824472,0.8750755038007841,-0.0019416129589080455,-0.0019416129589080455,-0.0013490331802377131
2018-06-27,0.5708391976167069,0.5708391976167069,0.8682243392527776,-0.010386472940444924,-0.010386472940444924,-0.007829226756147611
2018-06-28,0.563678338854337,0.563678338854337,0.8600530207887551,-0.012544441223144687,-0.012544441223144687,-0.009411528903986999
2018-06-29,0.5767277480649927,0.5767277480649927,0.8747616785121392,0.02315045356750489,0.02315045356750489,0.017102035999937204
2018-07-02,0.5618012168385595,0.5618012168385595,0.8584067725858799,-0.02588141679763789,-0.02588141679763789,-0.018696413352350838
2018-07-03,0.5670472441709944,0.5670472441709944,0.8643329047481698,0.00933787107467654,0.00933787107467654,0.006903640967833802
2018-07-04,0.5618512824619936,0.5618512824619936,0.8584720819194348,-0.009163190126419085,-0.009163190126419085,-0.006780747090084027
2018-07-05,0.5474674378516879,0.5474674378516879,0.8425449368186468,-0.025600804090499918,-0.025600804090499918,-0.018552898150370645
2018-07-06,0.5472662033295962,0.5472662033295962,0.8423201974459423,-0.0003675734996795299,-0.0003675734996795299,-0.00026673873746496657
2018-07-09,0.5590732969819093,0.5590732969819093,0.8551363395283906,0.021574680805206192,0.021574680805206192,0.015215285257683453
2018-07-10,0.5623635207728169,0.5623635207728169,0.858672385773403,0.005885138511657617,0.005885138511657617,0.004135067218594024
2018-07-11,0.5460051038325511,0.5460051038325511,0.8414599098211164,-0.02908868789672847,-0.02908868789672847,-0.020045451836422257
2018-07-12,0.5602372601032983,0.5602372601032983,0.8560709917928758,0.026065976619720432,0.026065976619720432,0.01736396684051833
2018-07-13,0.5596700743476859,0.5596700743476859,0.8554921077002221,-0.0010124027729034868,-0.0010124027729034868,-0.0006762103823204635
2018-07-16,0.5588279233387987,0.5588279233387987,0.8546315435513192,-0.0015047276020050404,-0.0015047276020050404,-0.0010059287995261013
2018-07-17,0.5583584506401261,0.5583584506401261,0.8541502282923669,-0.0008401024341583296,-0.0008401024341583296,-0.0005631845238853739
2018-07-18,0.5556471944910505,0.5556471944910505,0.8513556230769143,-0.0048557627201081255,-0.0048557627201081255,-0.003271795900634089
2018-07-19,0.5519427356823946,0.5519427356823946,0.8475091068034005,-0.006666926145553642,-0.006666926145553642,-0.004518107556054973
2018-07-20,0.5622047116355481,0.5622047116355481,0.8580149027209348,0.018592464923858687,0.018592464923858687,0.012396086169692788
2018-07-23,0.570996375630665,0.570996375630665,0.866917322261547,0.015637834072113055,0.015637834072113055,0.01037560013512695
2018-07-24,0.5817599376973064,0.5817599376973064,0.8775754403787595,0.018850491046905615,0.018850491046905615,0.012294272871844703
2018-07-25,0.5843298299155265,0.5843298299155265,0.8801448417346968,0.004417444467544662,0.004417444467544662,0.0029278410011432943
2018-07-26,0.5854059874220068,0.5854059874220068,0.8812185816435424,0.001841695308685276,0.001841695308685276,0.0012199581908920454
2018-07-27,0.5823050832933859,0.5823050832933859,0.8780984555185476,-0.005297014713287251,-0.005297014713287251,-0.00354069488545683
2018-07-30,0.5783644859857129,0.5783644859857129,0.8741274730444495,-0.006767238378524776,-0.006767238378524776,-0.004522251974299563
2018-07-31,0.5790676208765241,0.5790676208765241,0.8748380379382216,0.0012157297134398615,0.0012157297134398615,0.0008128847515767035
2018-08-01,0.5676512493512397,0.5676512493512397,0.863377461028729,-0.01971509218215939,-0.01971509218215939,-0.013100227027739053
2018-08-02,0.5541169463644486,0.5541169463644486,0.8499318826291004,-0.023842637538910028,-0.023842637538910028,-0.015573233037156187
2018-08-03,0.5431202290785425,0.5431202290785425,0.8389423310160184,-0.019845480918884384,-0.019845480918884384,-0.012929920429726516
2018-08-06,0.5388467563183109,0.5388467563183109,0.834612811685948,-0.007868373394012584,-0.007868373394012584,-0.005160687653973817
2018-08-07,0.556269180416369,0.556269180416369,0.8515093148735026,0.03233279943466183,0.03233279943466183,0.020244720606939826
2018-08-08,0.5496086919077262,0.5496086919077262,0.8451307760688375,-0.01197349905967715,-0.01197349905967715,-0.0074908620413772775
2018-08-09,0.5605473096449235,0.5605473096449235,0.8554763941501863,0.019902555942535427,0.019902555942535427,0.012241440466139286
2018-08-10,0.5588214388741366,0.5588214388741366,0.8538555589912329,-0.003078902959823604,-0.003078902959823604,-0.0018946579590468637
2018-08-13,0.556603065235207,0.556603065235207,0.851756851969359,-0.003969736099243115,-0.003969736099243115,-0.0024579180866999284
2018-08-14,0.5559045723825365,0.5559045723825365,0.8510947056498601,-0.0012549209594727717,-0.0012549209594727717,-0.0007773888968054532
2018-08-15,0.5478737974064097,0.5478737974064097,0.8435109028255343,-0.01444631934165952,-0.01444631934165952,-0.008910645048056276
2018-08-16,0.5418962691657487,0.5418962691657487,0.8378238127688424,-0.01091041088104261,-0.01091041088104261,-0.00674216543928674
2018-08-17,0.5338630880837151,0.5338630880837151,0.8301436834869231,-0.014824204444885303,-0.014824204444885303,-0.009166759365000554
2018-08-20,0.5407034157344658,0.5407034157344658,0.8366603831584581,0.012812887430190933,0.012812887430190933,0.007850086438244475
2018-08-21,0.5463524345179109,0.5463524345179109,0.8419861873160048,0.010447536706924332,0.010447536706924332,0.006365550783510754
2018-08-22,0.5387188335367481,0.5387188335367481,0.8348422819332515,-0.013971935510635247,-0.013971935510635247,-0.008484587384415376
2018-08-23,0.540358818718864,0.540358818718864,0.8363844268688093,0.0030442321300505615,0.0030442321300505615,0.001847229074199097
2018-08-24,0.5405932728729371,0.5405932728729371,0.8366046953665629,0.0004338860511778897,0.0004338860511778897,0.0002633579615753945
2018-08-27,0.5530529557399473,0.5530529557399473,0.8480572860764899,0.023048164844512886,0.023048164844512886,0.013689369391967077
2018-08-28,0.55535508938084,0.55535508938084,0.8502139795424566,0.004162591695785478,0.004162591695785478,0.0025430987993093623
2018-08-29,0.5525834619169802,0.5525834619169802,0.8475917831670975,-0.004990730285644673,-0.004990730285644673,-0.0030841605036536768
2018-08-30,0.5423259737049881,0.5423259737049881,0.837948854120897,-0.01856278538703915,-0.01856278538703915,-0.01137685527125909
2018-08-31,0.5413520396530245,0.5413520396530245,0.8370224460098808,-0.0017958462238312212,-0.0017958462238312212,-0.0011055664154920875
2018-09-03,0.5381204893410841,0.5381204893410841,0.833938860997845,-0.005969406366348129,-0.005969406366348129,-0.003683993215158665
2018-09-04,0.5442021643261866,0.5442021643261866,0.839715617347491,0.01130169749259946,0.01130169749259946,0.006927074177516923
2018-09-05,0.5358175386550316,0.5358175386550316,0.8318244992651627,-0.015407189130783094,-0.015407189130783094,-0.009397369680053003
2018-09-06,0.5326324077212726,0.5326324077212726,0.828792750055171,-0.005944432020187351,-0.005944432020187351,-0.0036446981456664806
2018-09-07,0.534779945947482,0.534779945947482,0.8308389939081327,0.0040319330838261,0.0040319330838261,0.0024689451649106964
2018-09-10,0.5290422952425525,0.5290422952425525,0.825349511100717,-0.010728993763526318,-0.010728993763526318,-0.006607155956407484
2018-09-11,0.5270506200544675,0.5270506200544675,0.8234303748498862,-0.003764680453709146,-0.003764680453709146,-0.002325240670793316
2018-09-12,0.5266265772130856,0.5266265772130856,0.8230210668417289,-0.000804558092234231,-0.000804558092234231,-0.0004970766450435038
2018-09-13,0.5320588641341604,0.5320588641341604,0.8282413708965732,0.010315254026529663,0.010315254026529663,0.006342855930622449
2018-09-14,0.53060253530632,0.53060253530632,0.8266715016967526,-0.002737157344818164,-0.002737157344818164,-0.0018954247577867012
2018-09-17,0.523085760513589,0.523085760513589,0.8186077039404529,-0.01416648864746084,-0.01416648864746084,-0.009754537007443331
2018-09-18,0.5344716005022623,0.5344716005022623,0.8307462206266844,0.021766679286956858,0.021766679286956858,0.014828246335578665
2018-09-19,0.5404583412559242,0.5404583412559242,0.8370591933431415,0.011201232671737671,0.011201232671737671,0.007599159117082532
2018-09-20,0.541366077304071,0.541366077304071,0.8380275239732204,0.001679567098617607,0.001679567098617607,0.0011568245564708146
2018-09-21,0.5513793524782321,0.5513793524782321,0.8485407529726249,0.01849631071090707,0.01849631071090707,0.01254520728574593
2018-09-25,0.5445956445047492,0.5445956445047492,0.8414718150879019,-0.012303159236908057,-0.012303159236908057,-0.008330699332894653
2018-09-26,0.5483798950601771,0.5483798950601771,0.8454456071544129,0.006948734521865951,0.006948734521865951,0.00472243038359621
2018-09-27,0.5442546094821893,0.5442546094821893,0.8410288544716642,-0.007522678375244118,-0.007522678375244118,-0.005224171307264269
2018-09-28,0.5494895376223475,0.5494895376223475,0.8467810163710573,0.009618527889251771,0.009618527889251771,0.00683943466244874
2018-10-08,0.5289715283761453,0.5289715283761453,0.8254617318891168,-0.03734012722969049,-0.03734012722969049,-0.025176856908419976
2018-10-09,0.5298856627720825,0.5298856627720825,0.826425945605397,0.0017281353473663774,0.0017281353473663774,0.001168090147648071
2018-10-10,0.5305756770182908,0.5305756770182908,0.8271724060964081,0.0013021945953368697,0.0013021945953368697,0.0009032394190677806
2018-10-11,0.4970024904030567,0.4970024904030567,0.7957241272506952,-0.06327690482139592,-0.06327690482139592,-0.03801901346555259
2018-10-12,0.498906135626182,0.498906135626182,0.7975858215908205,0.003830252885818508,0.003830252885818508,0.0023396228370724526
2018-10-15,0.49002855588263233,0.49002855588263233,0.7889718201681589,-0.01779408812522887,-0.01779408812522887,-0.010800093468914196
2018-10-16,0.4854716720261468,0.4854716720261468,0.7844154737299321,-0.009299221038818306,-0.009299221038818306,-0.005775043318094197
2018-10-17,0.49040163834637396,0.49040163834637396,0.7894738964779399,0.010155003070831281,0.010155003070831281,0.006448652426442658
2018-10-18,0.4750385679914171,0.4750385679914171,0.7742232787964433,-0.03132752656936644,-0.03132752656936644,-0.019317443869308115
2018-10-19,0.48605014301548705,0.48605014301548705,0.7850551474778575,0.023180381059646704,0.023180381059646704,0.01399062644855209
2018-10-22,0.5102778949537737,0.5102778949537737,0.8068722903705287,0.04984619855880745,0.04984619855880745,0.0277905863846164
2018-10-23,0.4995512477461195,0.4995512477461195,0.7975117387605422,-0.02102118730545044,-0.02102118730545044,-0.011601032433135039
2018-10-24,0.504024880153288,0.504024880153288,0.8014446858580097,0.008955302238464302,0.008955302238464302,0.004931522517248377
2018-10-25,0.5057562006436822,0.5057562006436822,0.8029763206288418,0.003434990133557969,0.003434990133557969,0.0019110923035099425
2018-10-26,0.5056869510800552,0.5056869510800552,0.8029146453574654,-0.00013692281684107854,-0.00013692281684107854,-7.680833144385613e-05
2018-10-29,0.4975954370922217,0.4975954370922217,0.7956582514405204,-0.01600103378295903,-0.01600103378295903,-0.009037565772279987
2018-10-30,0.5061711581838906,0.5061711581838906,0.8033308034138669,0.017234324216842678,0.017234324216842678,0.00964302445108256
2018-10-31,0.5131411288677172,0.5131411288677172,0.8094801224041135,0.0137699878215789,0.0137699878215789,0.0076547780367866025
2018-11-01,0.5140447356083319,0.5140447356083319,0.8102724918049878,0.0017609322071074907,0.0017609322071074907,0.0009788620856074903
2018-11-02,0.5257288339681825,0.5257288339681825,0.8203549374908488,0.02272973060607919,0.02272973060607919,0.012443277771161831
2018-11-05,0.5261624260383634,0.5261624260383634,0.8207253481143174,0.0008247447013856046,0.0008247447013856046,0.00045152482972987684
2018-11-06,0.5255514118323104,0.5255514118323104,0.820198743442161,-0.0011612653732300249,-0.0011612653732300249,-0.0006416332496202992
2018-11-07,0.5212842474308262,0.5212842474308262,0.8164710365585304,-0.008119404315948597,-0.008119404315948597,-0.004544882461031907
2018-11-08,0.5220169565250152,0.5220169565250152,0.817120034863149,0.0014055845688800694,0.0014055845688800694,0.000794882213279946
2018-11-09,0.5171811364226497,0.5171811364226497,0.8128420480745088,-0.009263722264036711,-0.009263722264036711,-0.005235444740204764
2018-11-12,0.5302056502131299,0.5302056502131299,0.8245512067088149,0.025183659791946367,0.025183659791946367,0.014405207828560584
2018-11-13,0.5390288848754109,0.5390288848754109,0.8323645470435173,0.0166411554813386,0.0166411554813386,0.009475870353630622
2018-11-14,0.5352854675875381,0.5352854675875381,0.8290374387861905,-0.006944743394851627,-0.006944743394851627,-0.003997176800891289
2018-11-15,0.5412639131862448,0.5412639131862448,0.834346654182411,0.011168705224990916,0.011168705224990916,0.0064040719367195464
2018-11-16,0.545632557134011,0.545632557134011,0.8382016861938392,0.008071190118789762,0.008071190118789762,0.004620420052149354
2018-11-19,0.5487786260830526,0.5487786260830526,0.8409656876505375,0.005765911340713581,0.005765911340713581,0.0032975374569446103
2018-11-20,0.5338983154288315,0.5338983154288315,0.8281181939038822,-0.02711532473564149,-0.02711532473564149,-0.01527707246005272
2018-11-21,0.5378029588259239,0.5378029588259239,0.8315363332366013,0.007313458919525173,0.007313458919525173,0.004127598400664789
2018-11-22,0.5393799106640291,0.5393799106640291,0.8329209665286125,0.002932211160659781,0.002932211160659781,0.001665150681536387
2018-11-23,0.5202672525879303,0.5202672525879303,0.8166580073419286,-0.03543450117111202,-0.03543450117111202,-0.01952521288359854
2018-11-26,0.5206550177229751,0.5206550177229751,0.816994481844695,0.0007453191280364369,0.0007453191280364369,0.0004120139639132159
2018-11-27,0.5213842785240147,0.5213842785240147,0.8176301523432522,0.001400660276412946,0.001400660276412946,0.0007780597209443574
2018-11-28,0.5226027481820044,0.5226027481820044,0.8186917147501929,0.0023369896411895574,0.0023369896411895574,0.0012983405808828508
2018-11-29,0.5125420661470456,0.5125420661470456,0.8100183550325379,-0.019251108169555664,-0.019251108169555664,-0.010594170627830857
2018-11-30,0.5128642898664638,0.5128642898664638,0.8103029996106602,0.0006286776065826949,0.0006286776065826949,0.00035140509638309503
2018-12-03,0.5277519949121069,0.5277519949121069,0.8231449132405784,0.029028546810150102,0.029028546810150102,0.015848285932655415
2018-12-04,0.5342964833361427,0.5342964833361427,0.8286962136938746,0.012400689125060982,0.012400689125060982,0.006744013555816997
2018-12-05,0.5242463930114939,0.5242463930114939,0.820220967129056,-0.018809950351714955,-0.018809950351714955,-0.010227205608965617
2018-12-06,0.5136297837272038,0.5136297837272038,0.8112801809843274,-0.020251182317733818,-0.020251182317733818,-0.010900460367433973
2018-12-07,0.5150966464385609,0.5150966464385609,0.8125278282847838,0.002855875492095983,0.002855875492095983,0.0015378747437693185
2018-12-10,0.5086971529895548,0.5086971529895548,0.8070907579414759,-0.012423869371414042,-0.012423869371414042,-0.006691549697178112
2018-12-11,0.5140753670970821,0.5140753670970821,0.8116972175400735,0.010572526454925457,0.010572526454925457,0.00570748649178765
2018-12-12,0.5151479601884016,0.5151479601884016,0.8126120419589709,0.002086451053619376,0.002086451053619376,0.0011270513180638986
2018-12-13,0.5209988762520303,0.5209988762520303,0.8175824531697309,0.011357738971710107,0.011357738971710107,0.0061165857187863715
2018-12-14,0.5095792707394555,0.5095792707394555,0.8080193999948941,-0.02191867589950547,-0.02191867589950547,-0.011696744637511691
2018-12-17,0.5140344870860636,0.5140344870860636,0.811782567822651,0.008742930889129585,0.008742930889129585,0.004657274104781006
2018-12-18,0.5112210955487598,0.5112210955487598,0.8094174123201473,-0.0054731571674347945,-0.0054731571674347945,-0.002913533249238709
2018-12-19,0.5074640549419704,0.5074640549419704,0.8062453546660183,-0.007349150180816499,-0.007349150180816499,-0.003918939234376584
2018-12-20,0.5086468444465924,0.5086468444465924,0.8072473413441064,0.0023307847976683504,0.0023307847976683504,0.001242781334849452
2018-12-21,0.5005733268211731,0.5005733268211731,0.8004238991656271,-0.015872540473937824,-0.015872540473937824,-0.008452727967016793
2018-12-24,0.501109724947282,0.501109724947282,0.8008865506789244,0.0010715675354004972,0.0010715675354004972,0.0005780081201718357
2018-12-25,0.4962371605987192,0.4962371605987192,0.7966778790073399,-0.009723547770052576,-0.009723547770052576,-0.0052550160419310155
2018-12-26,0.4948523373043534,0.4948523373043534,0.7954761523888905,-0.002790648110058802,-0.002790648110058802,-0.0015084222244839962
2018-12-27,0.48408404753658724,0.48408404753658724,0.7861204102580723,-0.021760612118000844,-0.021760612118000844,-0.011761184923925083
2018-12-28,0.4858751436376466,0.4858751436376466,0.7876957641770576,0.0036999692722243793,0.0036999692722243793,0.0020039600784160783
2019-01-02,0.48342382229592074,0.48342382229592074,0.7855397058837931,-0.00504516720771786,-0.00504516720771786,-0.0027371713690971244
2019-01-03,0.480383640513581,0.480383640513581,0.7828586352501766,-0.006288853883743228,-0.006288853883743228,-0.0034130300652339685
2019-01-04,0.4934303062380153,0.4934303062380153,0.7941904513919675,0.027158846855163565,0.027158846855163565,0.01447492003223494
2019-01-07,0.5007471461380006,0.5007471461380006,0.8006414654108831,0.014828517436981103,0.014828517436981103,0.008122754444615854
2019-01-08,0.501530374791381,0.501530374791381,0.8013274632566382,0.0015641200542448885,0.0015641200542448885,0.0008568102894883634
2019-01-09,0.5042624123582945,0.5042624123582945,0.8037165066029309,0.005447402000427148,0.005447402000427148,0.0029813571303092257
2019-01-10,0.5022760029059867,0.5022760029059867,0.8017654962564111,-0.003939237594604572,-0.003939237594604572,-0.0024274857247440496
2019-01-11,0.507558621032606,0.507558621032606,0.8069458871510728,0.010517361164092964,0.010517361164092964,0.006461229522659595
2019-01-14,0.5045071314869253,0.5045071314869253,0.8039358382102305,-0.006012092828750593,-0.006012092828750593,-0.0037301744624652633
2019-01-15,0.50836842605428,0.50836842605428,0.8077602572090152,0.007653597593307415,0.007653597593307415,0.004757119681713551
2019-01-16,0.5092756361164112,0.5092756361164112,0.8086589053403358,0.0017845523357391535,0.0017845523357391535,0.0011125183781950376
2019-01-17,0.5075944956898893,0.5075944956898893,0.806932620274801,-0.0033010423183441606,-0.0033010423183441606,-0.002134750577943989
2019-01-18,0.5106615371715708,0.5106615371715708,0.8101417604508107,0.006042306423187149,0.006042306423187149,0.003976961762825804
2019-01-21,0.5110878678631336,0.5110878678631336,0.8106356415038128,0.000834859609603944,0.000834859609603944,0.000609623003173354
2019-01-22,0.504808981550059,0.504808981550059,0.8032599984804205,-0.012285336256027235,-0.012285336256027235,-0.009098592074868295
2019-01-23,0.5058697558001465,0.5058697558001465,0.8045145636331574,0.002101337909698575,0.002101337909698575,0.0015618419379905824
2019-01-24,0.506173923827057,0.506173923827057,0.8048742963229017,0.0006012773513794922,0.0006012773513794922,0.0004471425453378419
2019-01-25,0.5039268983597643,0.5039268983597643,0.8022198340864967,-0.004439235925674301,-0.004439235925674301,-0.003297983608784749
2019-01-28,0.5015822095837756,0.5015822095837756,0.7994140072640111,-0.0046528351306914795,-0.0046528351306914795,-0.003497578473213081
2019-01-29,0.49818106438185517,0.49818106438185517,0.7952870055078594,-0.006780833005905151,-0.006780833005905151,-0.005162533704252237
2019-01-30,0.4924929331251439,0.4924929331251439,0.7883456874299585,-0.011417798995971729,-0.011417798995971729,-0.008728066760588238
2019-01-31,0.48777738090059886,0.48777738090059886,0.7825974691551516,-0.0095748627185821,-0.0095748627185821,-0.007291494539085175
2019-02-01,0.49689416148728865,0.49689416148728865,0.793837446125015,0.01869045376777656,0.01869045376777656,0.014362398822982847
2019-02-11,0.5076062063381033,0.5076062063381033,0.8066616071403575,0.021558001041412256,0.021558001041412256,0.016154643596042906
2019-02-12,0.5127383164576765,0.5127383164576765,0.8127398751671026,0.010110416412353551,0.010110416412353551,0.007535090269503053
2019-02-13,0.5241157308356615,0.5241157308356615,0.8259034521287496,0.02218951463699348,0.02218951463699348,0.016196543769850802
2019-02-14,0.5267635286682946,0.5267635286682946,0.8289457901422209,0.005051933526992736,0.005051933526992736,0.0036836485010804942
2019-02-15,0.5213376107814911,0.5213376107814911,0.8227259536035075,-0.010300481319427512,-0.010300481319427512,-0.0075033091580648525
2019-02-18,0.5387278161997677,0.5387278161997677,0.8422845803414979,0.03335689783096307,0.03335689783096307,0.023772954593597406
2019-02-19,0.5396840722535986,0.5396840722535986,0.843363187928902,0.0017750263214111328,0.0017750263214111328,0.0012805738257333221
2019-02-20,0.5441062173563044,0.5441062173563044,0.8483458912302463,0.008193951480242712,0.008193951480242712,0.005908134683445976
2019-02-21,0.5448249171944607,0.5448249171944607,0.8491582907273082,0.0013208815029688292,0.0013208815029688292,0.000957627667511618
2019-02-22,0.5594689170840929,0.5594689170840929,0.8652285935561076,0.026878359317779488,0.026878359317779488,0.018924979010727316
2019-02-25,0.5959247309036951,0.5959247309036951,0.8992526250809307,0.065161464214325,0.065161464214325,0.03932374840385666
2019-02-26,0.5908837286631449,0.5908837286631449,0.8945507026989763,-0.0084591257572173,-0.0084591257572173,-0.005228700201493686
2019-02-27,0.5919192921589375,0.5919192921589375,0.8955208016604385,0.0017525672912597212,0.0017525672912597212,0.001084453858831269
2019-02-28,0.5907567362867482,0.5907567362867482,0.8944328689796284,-0.001964044570922918,-0.001964044570922918,-0.00121486031233764
2019-03-01,0.5964530473661004,0.5964530473661004,0.9000277185903207,0.009642397165298355,0.009642397165298355,0.00625519231764704
2019-03-04,0.6076681941017458,0.6076681941017458,0.9108986624792789,0.018803067207336488,0.018803067207336488,0.012078454545805473
2019-03-05,0.6206040290988389,0.6206040290988389,0.9232009133241468,0.021287661790847734,0.021287661790847734,0.013505619616767994
2019-03-06,0.6319508810122333,0.6319508810122333,0.9338216125440141,0.018283561468124487,0.018283561468124487,0.011504212210563747
2019-03-07,0.6350267610923905,0.6350267610923905,0.9367339360922551,0.004867277145385707,0.004867277145385707,0.003118715083394674
2019-03-08,0.6012883996564607,0.6012883996564607,0.9079834417394995,-0.053129038810730056,-0.053129038810730056,-0.030692273702277895
2019-03-11,0.6158429877310914,0.6158429877310914,0.9207682595722206,0.024205669164657495,0.024205669164657495,0.014080452621721973
2019-03-12,0.6245546432604756,0.6245546432604756,0.9283364906129238,0.014145903587341246,0.014145903587341246,0.008219474294454132
2019-03-13,0.6165937434935155,0.6165937434935155,0.9214142849134836,-0.012746522426605345,-0.012746522426605345,-0.007456569648436218
2019-03-14,0.6037515603513486,0.6037515603513486,0.9101969849177961,-0.020827624797821076,-0.020827624797821076,-0.01217400270361646
2019-03-15,0.6130154543968562,0.6130154543968562,0.9183215176535187,0.015343884229660043,0.015343884229660043,0.008926125740194912
2019-03-18,0.63001230926063,0.63001230926063,0.9329775283804694,0.0277266335487365,0.0277266335487365,0.015959563666110732
2019-03-19,0.6303825768885856,0.6303825768885856,0.9332935414943289,0.0005877149105071311,0.0005877149105071311,0.00033871460377832285
2019-03-20,0.6321250848989141,0.6321250848989141,0.9347804103931183,0.0027642071247100386,0.0027642071247100386,0.0015931417423169503
2019-03-21,0.639750095694742,0.639750095694742,0.9412769275557815,0.012062503099441457,0.012062503099441457,0.006949778889708602
2019-03-22,0.6388112809035387,0.6388112809035387,0.9404660291439361,-0.0014674711227417037,-0.0014674711227417037,-0.0008614876112507108
2019-03-25,0.6246255458794531,0.6246255458794531,0.9284363715974095,-0.022206456661224228,-0.022206456661224228,-0.012791166478896221
2019-03-26,0.6088326308293526,0.6088326308293526,0.9151973048059749,-0.02528381228446963,-0.02528381228446963,-0.014259530535901233
2019-03-27,0.6125587430715871,0.6125587430715871,0.9183649920383331,0.006120092868804994,0.006120092868804994,0.0034612069066677353
2019-03-28,0.6046152608209374,0.6046152608209374,0.9116780983331099,-0.012967706918716404,-0.012967706918716404,-0.007281302927697131
2019-03-29,0.6259398317505652,0.6259398317505652,0.929410128943544,0.03526965379714975,0.03526965379714975,0.019449881096030408
2019-04-01,0.6463369458635957,0.6463369458635957,0.9457569213867122,0.032586381435394385,0.032586381435394385,0.01758835193861019
2019-04-02,0.6492148661240962,0.6492148661240962,0.9480415475489241,0.004452662467956614,0.004452662467956614,0.0024156589399970674
2019-04-03,0.6592633267845661,0.6592633267845661,0.955988841577119,0.015477865934371948,0.015477865934371948,0.008382854157332975
2019-04-04,0.6670405023255431,0.6670405023255431,0.9622061714804929,0.01179676651954642,0.01179676651954642,0.0065035590720043945
2019-04-08,0.6660129646496932,0.6660129646496932,0.9613899745484773,-0.001540442705154521,-0.001540442705154521,-0.000848255764936301
2019-04-09,0.6668426146984475,0.6668426146984475,0.9620510384095297,0.0012456965446472346,0.0012456965446472346,0.0006876126010808559
2019-04-10,0.663116876207247,0.663116876207247,0.9590827656896733,-0.005587133169174141,-0.005587133169174141,-0.003085358885702716
2019-04-11,0.6524406414421573,0.6524406414421573,0.9505437098847878,-0.01610008001327512,-0.01610008001327512,-0.008903356530179263
2019-04-12,0.6477761308558073,0.6477761308558073,0.9467882356486106,-0.007149325609207224,-0.007149325609207224,-0.003950869588766559
2019-04-15,0.6399456263819482,0.6399456263819482,0.9405070412248183,-0.01208828806877138,-0.01208828806877138,-0.0066342125802706375
2019-04-16,0.6559804845147802,0.6559804845147802,0.9532925238813591,0.025056594610214145,0.025056594610214145,0.013594244483156936
2019-04-17,0.6583970187246349,0.6583970187246349,0.9552012614036496,0.003683850765228369,0.003683850765228369,0.0020022579370695404
2019-04-18,0.6534399145772167,0.6534399145772167,0.9513027739493907,-0.007529050111770519,-0.007529050111770519,-0.004081325697298799
2019-04-19,0.6601076243432263,0.6601076243432263,0.9565746167335001,0.010204013586044391,0.010204013586044391,0.005541708621560115
2019-04-22,0.6458444981553116,0.6458444981553116,0.9455370723476089,-0.02160727381706251,-0.02160727381706251,-0.011538613081310989
2019-04-23,0.6357341403902007,0.6357341403902007,0.9377067685170103,-0.01565447688102717,-0.01565447688102717,-0.008281329267352033
2019-04-24,0.638930077283301,0.638930077283301,0.9402034984173292,0.005027159452438257,0.005027159452438257,0.0026625913176114846
2019-04-25,0.6147993040705194,0.6147993040705194,0.9221437421302452,-0.037767471075057846,-0.037767471075057846,-0.019208348317661494
2019-04-26,0.6047713958121843,0.6047713958121843,0.9145578565106588,-0.016310864686965965,-0.016310864686965965,-0.00822635915964931
2019-04-29,0.589931131262542,0.589931131262542,0.9033697159021028,-0.024538635015487698,-0.024538635015487698,-0.01223338745483249
2019-04-30,0.5960090371172415,0.5960090371172415,0.9080038360519457,0.010302737951278784,0.010302737951278784,0.00512981569812232
2019-05-06,0.5527349259164684,0.5527349259164684,0.8786031837736192,-0.07260646820068362,-0.07260646820068362,-0.03237943619947936
2019-05-07,0.5617658796087506,0.5617658796087506,0.8849855228965231,0.016338670253753573,0.016338670253753573,0.007264188476408195
2019-05-08,0.5572975173273591,0.5572975173273591,0.8818588295655193,-0.007954136133193956,-0.007954136133193956,-0.003533044609329017
2019-05-09,0.5472967768768506,0.5472967768768506,0.8748684165221915,-0.017945065498352064,-0.017945065498352064,-0.007926907129536698
2019-05-10,0.5680871697106181,0.5680871697106181,0.8892757410368237,0.03798742055892945,0.03798742055892945,0.01646799020577827
2019-05-13,0.5613850328505854,0.5613850328505854,0.8847320271698254,-0.011797726154327282,-0.011797726154327282,-0.0051094544215282145
2019-05-14,0.5594736439821812,0.5594736439821812,0.8834222621995195,-0.003404773473739686,-0.003404773473739686,-0.001480408677524303
2019-05-15,0.5700308614258677,0.5700308614258677,0.890682376273438,0.01886991024017326,0.01886991024017326,0.008218169707250311
2019-05-16,0.5741078896905509,0.5741078896905509,0.8934586259527536,0.007152293920516861,0.007152293920516861,0.0031169918180387057
2019-05-17,0.5538614316316557,0.5538614316316557,0.8799382393711694,-0.03526594638824465,-0.03526594638824465,-0.015132638701838563
2019-05-20,0.551847366232909,0.551847366232909,0.8785653317585318,-0.003636406660079805,-0.003636406660079805,-0.001560231788106825
2019-05-21,0.5621455955864985,0.5621455955864985,0.8855801422263456,0.018661372661590514,0.018661372661590514,0.007984392525224093
2019-05-22,0.5592906678592773,0.5592906678592773,0.883623762775336,-0.005078626871109049,-0.005078626871109049,-0.002209150090122014
2019-05-23,0.5478670111819396,0.5478670111819396,0.8758308343526924,-0.020425258874893326,-0.020425258874893326,-0.008819283444989279
2019-05-24,0.5446514092550172,0.5446514092550172,0.8736104205033337,-0.005869311094284013,-0.005869311094284013,-0.0025352085839723815
2019-05-27,0.5572562524752267,0.5572562524752267,0.8822697549201123,0.023142955303192103,0.023142955303192103,0.009912123543340368
2019-05-28,0.560161989047204,0.560161989047204,0.8842622418675977,0.00521436333656311,0.00521436333656311,0.0022583647873839485
2019-05-29,0.561288465412524,0.561288465412524,0.8850939290510224,0.0020109832286834273,0.0020109832286834273,0.0009405435899514369
2019-05-30,0.5595799175592147,0.5595799175592147,0.8838324985724023,-0.003043974637985114,-0.003043974637985114,-0.0014251939113089085
2019-05-31,0.5569873798563703,0.5569873798563703,0.8819156546651176,-0.0046330070495606,-0.0046330070495606,-0.002168786405094769
2019-06-03,0.5544491456495649,0.5544491456495649,0.8800347863693644,-0.004557076692581208,-0.004557076692581208,-0.002132707686731572
2019-06-04,0.5469481596478661,0.5469481596478661,0.874467726223798,-0.013528717756271402,-0.013528717756271402,-0.006325954646103971
2019-06-05,0.5528533150371605,0.5528533150371605,0.8789045891847254,0.010796554088592591,0.010796554088592591,0.005073786976778516
2019-06-06,0.5417249537540864,0.5417249537540864,0.8705606449655042,-0.020128958225250293,-0.020128958225250293,-0.009493572251068838
2019-06-10,0.5500438510527431,0.5500438510527431,0.8768795420891465,0.015356311798095712,0.015356311798095712,0.007258422673003695
2019-06-11,0.5704055021312717,0.5704055021312717,0.8917965082351337,0.03701823234558099,0.03701823234558099,0.017011419961341367
2019-06-12,0.5715584747844846,0.5715584747844846,0.8926704029679193,0.002021321058273351,0.002021321058273351,0.000979926165572298
2019-06-13,0.5692982045750934,0.5692982045750934,0.8909365035362479,-0.0039545738697051025,-0.0039545738697051025,-0.0019423736083403753
2019-06-14,0.5584944149707335,0.5584944149707335,0.8826448164787934,-0.018977382183074876,-0.018977382183074876,-0.009306709316032724
2019-06-17,0.5604219818455365,0.5604219818455365,0.8841420796957172,0.003451362848281958,0.003451362848281958,0.0016963371777301006
2019-06-18,0.5585894389951298,0.5585894389951298,0.8827093369878484,-0.0032699339243830172,-0.0032699339243830172,-0.0016204892186129083
2019-06-19,0.5647119725427553,0.5647119725427553,0.8875171752498725,0.010960704088211148,0.010960704088211148,0.005446683365138538
2019-06-20,0.5754647585708879,0.5754647585708879,0.89599475842787,0.019041186571121305,0.019041186571121305,0.009552021543257183
2019-06-21,0.578813342727813,0.578813342727813,0.8986075245562651,0.005818921327590987,0.005818921327590987,0.002916050684246718
2019-06-24,0.5805435786965271,0.5805435786965271,0.899953607325504,0.002989281415939349,0.002989281415939349,0.0014979651654971615
2019-06-25,0.5733165066362579,0.5733165066362579,0.8943322610214554,-0.012448801994323744,-0.012448801994323744,-0.006246262316514595
2019-06-26,0.5687947683217973,0.5687947683217973,0.8907961960408353,-0.007886984348297155,-0.007886984348297155,-0.00395386047751578
2019-06-27,0.5722318684361033,0.5722318684361033,0.8935176324177958,0.006042777299881008,0.006042777299881008,0.0030550606177439654
2019-06-28,0.5680617273851404,0.5680617273851404,0.890183851106662,-0.007287502288818359,-0.007287502288818359,-0.0037310750120429503
2019-07-01,0.581432891966162,0.581432891966162,0.9007781346517002,0.023538224697112975,0.023538224697112975,0.011901230888279546
2019-07-02,0.580118353479014,0.580118353479014,0.8997448872634903,-0.002260860204696735,-0.002260860204696735,-0.001147060911518949
2019-07-03,0.5801599276890094,0.5801599276890094,0.8997786184303214,7.166504859923428e-05,7.166504859923428e-05,3.7489701034676415e-05
2019-07-04,0.5799586562476499,0.5799586562476499,0.8996105646253505,-0.00034692406654357466,-0.00034692406654357466,-0.00018677239215136865
2019-07-05,0.5794752638027685,0.5794752638027685,0.899206510190355,-0.0008334946632384543,-0.0008334946632384543,-0.00044914371938675757
2019-07-08,0.5646735906496247,0.5646735906496247,0.8869088847531016,-0.025543235540389952,-0.025543235540389952,-0.013676085857797116
2019-07-09,0.5664289190315444,0.5664289190315444,0.8883914788366873,0.003108571767806989,0.003108571767806989,0.0016716419342202027
2019-07-10,0.5598012167778269,0.5598012167778269,0.8828135209664228,-0.011700854301452734,-0.011700854301452734,-0.006278716087606551
2019-07-11,0.5616414719331618,0.5616414719331618,0.8843700117633313,0.0032873368263244274,0.0032873368263244274,0.0017631025804911715
2019-07-12,0.5623329345054427,0.5623329345054427,0.8849538957492431,0.001231145858764604,0.001231145858764604,0.0006602258988266385
2019-07-15,0.5706546287944814,0.5706546287944814,0.8919596372727221,0.014798518419265827,0.014798518419265827,0.007916504528800994
2019-07-16,0.5723313801007114,0.5723313801007114,0.8933618203560872,0.0029382944107054776,0.0029382944107054776,0.0015720252629956022
2019-07-17,0.5736645078581913,0.5736645078581913,0.8944777428947696,0.002329293489456097,0.002329293489456097,0.0012491271881727162
2019-07-18,0.5688752966508165,0.5688752966508165,0.8904015435498961,-0.008348453044891402,-0.008348453044891402,-0.004557071852544725
2019-07-19,0.5746433812179345,0.5746433812179345,0.8953146096841811,0.01013945341110234,0.01013945341110234,0.00551780954320602
2019-07-22,0.5604379084208755,0.5604379084208755,0.8834198178752918,-0.024720501899719083,-0.024720501899719083,-0.013285600034031786
2019-07-23,0.563176482715728,0.563176482715728,0.8857460926983743,0.004886490106582597,0.004886490106582597,0.0026332608528949475
2019-07-24,0.5671281610231714,0.5671281610231714,0.8891211458258304,0.007016767263412493,0.007016767263412493,0.003810407017629691
2019-07-25,0.569019035333846,0.569019035333846,0.8907380668268232,0.0033341217041016336,0.0033341217041016336,0.0018185609560450455
2019-07-26,0.5690624663557453,0.5690624663557453,0.8907751902063171,7.632613182062542e-05,7.632613182062542e-05,4.167710001001801e-05
2019-07-29,0.5683823048702764,0.5683823048702764,0.8901723085254202,-0.0011952316761015824,-0.0011952316761015824,-0.0006768056491979202
2019-07-30,0.569134442805112,0.569134442805112,0.8908437563652875,0.0013232958316802268,0.0013232958316802268,0.000754289740802605
2019-07-31,0.5631041425908885,0.5631041425908885,0.8853889017092815,-0.010595563650131257,-0.010595563650131257,-0.006123245088748397
2019-08-01,0.5581703511852512,0.5581703511852512,0.8808979893574161,-0.008761774301528913,-0.008761774301528913,-0.00507224830037456
2019-08-02,0.5515609800245104,0.5515609800245104,0.8736668537866833,-0.011841136217117354,-0.011841136217117354,-0.008208822880851008
2019-08-05,0.542013038289707,0.542013038289707,0.863190675477539,-0.0173107635974884,-0.0173107635974884,-0.01199104471428436
2019-08-06,0.5300205315026014,0.5300205315026014,0.8501862928788663,-0.022125864028930575,-0.022125864028930575,-0.015065480858534985
2019-08-07,0.526921734031378,0.526921734031378,0.8467630054854942,-0.00584656119346616,-0.00584656119346616,-0.0040265144498863314
2019-08-08,0.5303984914222536,0.5303984914222536,0.8508695413930527,0.006598242521286046,0.006598242521286046,0.004849687434330008
2019-08-09,0.5239351513288704,0.5239351513288704,0.8432518130480309,-0.012185819149017396,-0.012185819149017396,-0.008952874646975806
2019-08-12,0.5312727809885456,0.5312727809885456,0.8518401502568177,0.01400484323501594,0.01400484323501594,0.010184783567488864
2019-08-13,0.5301216574945314,0.5301216574945314,0.8504726266491601,-0.0021667277812957852,-0.0021667277812957852,-0.0016053758527879713
2019-08-14,0.5325084906010067,0.5325084906010067,0.8533148463771044,0.00450242519378663,0.00450242519378663,0.0033419296975407686
2019-08-15,0.5342718229321928,0.5342718229321928,0.8555438440499129,0.0033113694190978205,0.0033113694190978205,0.0026121632387765548
2019-08-16,0.5333659685507084,0.5333659685507084,0.8543990309344026,-0.001695493459701547,-0.001695493459701547,-0.001338111569000433
2019-08-19,0.5493581370247991,0.5493581370247991,0.8740186056339753,0.02998348116874694,0.02998348116874694,0.022963011414135037
2019-08-20,0.5525399789128828,0.5525399789128828,0.8778931012146935,0.005791926383972079,0.005791926383972079,0.004432966936565252
2019-08-21,0.5517584727661172,0.5517584727661172,0.8769214496063521,-0.0014143884181976318,-0.0014143884181976318,-0.0011067994576982043
2019-08-22,0.5515895494325507,0.5515895494325507,0.8767109381511788,-0.0003061544895173185,-0.0003061544895173185,-0.00024005736804333377
2019-08-23,0.551342175373335,0.551342175373335,0.8763932793365637,-0.000448474884033212,-0.000448474884033212,-0.00036233016013809127
2019-08-26,0.5460068035972031,0.5460068035972031,0.8695651123005431,-0.009677060842514185,-0.009677060842514185,-0.007791213370770711
2019-08-27,0.5536041517378698,0.5536041517378698,0.8791988197560012,0.013914383649826112,0.013914383649826112,0.011078764912693995
2019-08-28,0.5476323197780688,0.5476323197780688,0.8716913072188506,-0.010787187814712551,-0.010787187814712551,-0.008539038461441661
2019-08-29,0.5467266578455139,0.5467266578455139,0.8705490649193977,-0.0016537773609160977,-0.0016537773609160977,-0.0013103747737226445
2019-08-30,0.5417173413735387,0.5417173413735387,0.8642503519200558,-0.009162378311157293,-0.009162378311157293,-0.007235333714274872
2019-09-02,0.5529343222851848,0.5529343222851848,0.878192056139663,0.02070633530616761,0.02070633530616761,0.016131557469006186
2019-09-03,0.5573275673639736,0.5573275673639736,0.8836433561868542,0.007945328950881958,0.007945328950881958,0.006207412158968806
2019-09-04,0.5634940482588511,0.5634940482588511,0.891413885509543,0.011064374446868808,0.011064374446868808,0.008793739316075078
2019-09-05,0.5713029360391849,0.5713029360391849,0.9012550336713432,0.013857977390289378,0.013857977390289378,0.011039931418809878
2019-09-06,0.5735511634348036,0.5735511634348036,0.9043193175988723,0.003935263156890967,0.003935263156890967,0.0034000186551486067
2019-09-09,0.5808231009781895,0.5808231009781895,0.914127271566662,0.012678794860839782,0.012678794860839782,0.010845675611388605
2019-09-10,0.5796781924582344,0.5796781924582344,0.9125845706894741,-0.0019711828231812056,-0.0019711828231812056,-0.0016876215437090503
2019-09-11,0.5771448631051888,0.5771448631051888,0.9090883514012624,-0.004370234012603724,-0.004370234012603724,-0.003831118123737487
2019-09-12,0.5797678528028338,0.5797678528028338,0.9127084266025193,0.004544768333434979,0.004544768333434979,0.0039820939248389475
2019-09-16,0.5780179875631316,0.5780179875631316,0.9102944217617637,-0.0030182170867919522,-0.0030182170867919522,-0.0026448806326260232
2019-09-17,0.567497236470192,0.567497236470192,0.8960004887634924,-0.01820142507553113,-0.01820142507553113,-0.01570253827394341
2019-09-18,0.5634501223481521,0.5634501223481521,0.8903691775433972,-0.0071315133571624445,-0.0071315133571624445,-0.006284942129737625
2019-09-19,0.5638719001566125,0.5638719001566125,0.8909580424833442,0.0007485628128052202,0.0007485628128052202,0.0006613716588570462
2019-09-20,0.5665819760555685,0.5665819760555685,0.8947373450027265,0.004806190729141235,0.004806190729141235,0.004241841185751438
2019-09-23,0.5605943917217737,0.5605943917217737,0.8863676845129436,-0.010567904710769516,-0.010567904710769516,-0.00935432117205015
2019-09-24,0.5596430896216199,0.5596430896216199,0.885031044486962,-0.0016969525814056752,-0.0016969525814056752,-0.0015079972446379042
2019-09-25,0.5528181797361272,0.5528181797361272,0.8755061567222051,-0.012195111513137902,-0.012195111513137902,-0.010762207522650558
2019-09-26,0.5388464067199011,0.5388464067199011,0.8566979206371118,-0.02527372204527567,-0.02527372204527567,-0.0214826999681067
2019-09-27,0.5407153549010932,0.5407153549010932,0.859323212392777,0.003468424690012961,0.003468424690012961,0.003064431105088694
2019-09-30,0.5348738108886095,0.5348738108886095,0.8511726822004092,-0.010803362544701933,-0.010803362544701933,-0.009484824888731591
2019-10-08,0.5357966710518345,0.5357966710518345,0.8524614198474832,0.001725379228591839,0.001725379228591839,0.0015140730829641402
2019-10-09,0.5407751662604914,0.5407751662604914,0.8593614272951288,0.009291762113571078,0.009291762113571078,0.008094216684762179
2019-10-10,0.5451776492681952,0.5451776492681952,0.8654219606772462,0.008141059875488299,0.008141059875488299,0.007052368409405041
2019-10-11,0.552122484244439,0.552122484244439,0.875268005626126,0.012738664150238055,0.012738664150238055,0.011377160964548105
2019-10-14,0.5602701992991862,0.5602701992991862,0.8866335662267449,0.01475707888603206,0.01475707888603206,0.012985234839571813
2019-10-15,0.5512511220165226,0.5512511220165226,0.8741776947780459,-0.01609772801399234,-0.01609772801399234,-0.014048499767167266
2019-10-16,0.5482644965440177,0.5482644965440177,0.8700483435097597,-0.005417903661727896,-0.005417903661727896,-0.004723697816763184
2019-10-17,0.5462925795368784,0.5462925795368784,0.8673214993432878,-0.0035966527462004683,-0.0035966527462004683,-0.003134129484658077
2019-10-18,0.5357391613815855,0.5357391613815855,0.8528267146380688,-0.019318252801895253,-0.019318252801895253,-0.016712124300151787
2019-10-21,0.534675929063113,0.534675929063113,0.8513611179533542,-0.001984608173370428,-0.001984608173370428,-0.001718516387395952
2019-10-22,0.537370432230907,0.537370432230907,0.855070036196293,0.005039507150649936,0.005039507150649936,0.004356457165738181
2019-10-23,0.5328839212516276,0.5328839212516276,0.8488986631130927,-0.008349009752273595,-0.008349009752273595,-0.007217389011376252
2019-10-24,0.5329909407014927,0.5329909407014927,0.849047267278704,0.0002008306980132435,0.0002008306980132435,0.00017505524754435342
2019-10-25,0.5379717606271383,0.5379717606271383,0.8561912424090048,0.009345036745071367,0.009345036745071367,0.008414107677653826
2019-10-28,0.5455756230886794,0.5455756230886794,0.8669445608420543,0.01413431525230413,0.01413431525230413,0.012559481924614868
2019-10-29,0.5355957526644497,0.5355957526644497,0.8530963662959866,-0.018292368650436375,-0.018292368650436375,-0.01597356413726969
2019-10-30,0.5278113960532228,0.5278113960532228,0.8423880723676055,-0.014534014828350927,-0.014534014828350927,-0.01255226765866424
2019-10-31,0.521711245224471,0.521711245224471,0.8340376929882019,-0.011557444334030054,-0.011557444334030054,-0.009912746456551935
2019-11-01,0.5294709453494235,0.5294709453494235,0.8445023695387108,0.014873553514480609,0.014873553514480609,0.012547006734211275
2019-11-04,0.5310119425377923,0.5310119425377923,0.8465744662385779,0.0029104471206664595,0.0029104471206664595,0.0024536304155060584
2019-11-05,0.5338810260787444,0.5338810260787444,0.8504438235157747,0.005403048992157045,0.005403048992157045,0.004570604750682827
2019-11-06,0.5309139529340766,0.5309139529340766,0.8464351518871804,-0.00555755496025101,-0.00555755496025101,-0.004713623072741369
2019-11-07,0.5333325717152305,0.5333325717152305,0.8497266595922666,0.00455557584762567,0.00455557584762567,0.003888670854166998
2019-11-08,0.5296908793499837,0.5296908793499837,0.844693482258483,-0.006828182935714744,-0.006828182935714744,-0.005923289892068029
2019-11-11,0.5155589313666514,0.5155589313666514,0.8254243505417237,-0.026679613590240514,-0.026679613590240514,-0.022811981057600628
2019-11-12,0.517664629837542,0.517664629837542,0.8283090802019725,0.004084302186965871,0.004084302186965871,0.0034948443892592884
2019-11-13,0.5140665234496824,0.5140665234496824,0.8233813825735563,-0.006950651407241826,-0.006950651407241826,-0.005949104924957038
2019-11-14,0.5158254019204339,0.5158254019204339,0.8258128428619007,0.0034214997291563964,0.0034214997291563964,0.0029530182972374863
2019-11-15,0.5121892175503115,0.5121892175503115,0.8207339928790782,-0.007049254179000708,-0.007049254179000708,-0.006150122302798544
2019-11-18,0.5169169254064068,0.5169169254064068,0.8273033793021045,0.00923039317131047,0.00923039317131047,0.008004282118230899
2019-11-19,0.5233933973063161,0.5233933973063161,0.8362082021548157,0.012529038190841613,0.012529038190841613,0.010763672765634169
2019-11-20,0.5199275992970942,0.5199275992970942,0.8314596400657093,-0.006621783971786588,-0.006621783971786588,-0.005678683941236051
2019-11-21,0.5182173878678061,0.5182173878678061,0.8291152490466785,-0.0032893261130976237,-0.0032893261130976237,-0.0028196089215412057
2019-11-22,0.514632663334411,0.514632663334411,0.8238808723992793,-0.006917414616565365,-0.006917414616565365,-0.006313207546740585
2019-11-25,0.5207653762738308,0.5207653762738308,0.8327627453331603,0.011916680335998464,0.011916680335998464,0.010780530573571312
2019-11-26,0.5207945973630284,0.5207945973630284,0.832805016320641,5.6111812591463917e-05,5.6111812591463917e-05,5.075994059233757e-05
2019-11-27,0.5191113309313705,0.5191113309313705,0.8303709460349843,-0.00323211193084727,-0.00323211193084727,-0.0029227373009956814
2019-11-28,0.5158243183462993,0.5158243183462993,0.8256261931321772,-0.006331999301910418,-0.006331999301910418,-0.00571401603760735
2019-11-29,0.5150268550550071,0.5150268550550071,0.8244679600534708,-0.001545997858047432,-0.001545997858047432,-0.0014028540861966698
2019-12-02,0.5175853258458601,0.5175853258458601,0.8282360051616862,0.00496764540672312,0.00496764540672312,0.004570274759944537
2019-12-03,0.5196714297749406,0.5196714297749406,0.8313242817916953,0.004030454158783003,0.004030454158783003,0.003728739889068411
2019-12-04,0.5182009746336522,0.5182009746336522,0.8291486338086141,-0.002829586267471429,-0.002829586267471429,-0.0026170870149396785
2019-12-05,0.5219330534312525,0.5219330534312525,0.8346759956710037,0.0072019910812377574,0.0072019910812377574,0.006666310040215784
2019-12-06,0.5257779796125366,0.5257779796125366,0.8405452212029152,0.007366703748703074,0.007366703748703074,0.007031741133507907
2019-12-09,0.5288109120092659,0.5288109120092659,0.8451859024326067,0.005768465995788619,0.005768465995788619,0.005521036956286807
2019-12-10,0.5323078021092329,0.5323078021092329,0.8505730209279885,0.0066127419471739834,0.0066127419471739834,0.006373885886970632
2019-12-11,0.5340577152236673,0.5340577152236673,0.8533141061968929,0.0032874083518981134,0.0032874083518981134,0.003222633685128873
2019-12-12,0.5329851188211412,0.5329851188211412,0.8516306068651499,-0.0020083904266355868,-0.0020083904266355868,-0.001972895232268068
2019-12-13,0.5402618378910106,0.5402618378910106,0.8630250805358046,0.013652762174606314,0.013652762174606314,0.0133795962460741
2019-12-16,0.5490123485049079,0.5490123485049079,0.8763930826657287,0.016196795701980626,0.016196795701980626,0.015489702943076278
2019-12-17,0.5561632638478596,0.5561632638478596,0.8871585461902368,0.013025053739547765,0.013025053739547765,0.012283829867486773
2019-12-18,0.5563939912257496,0.5563939912257496,0.8875063377258847,0.00041485548019415397,0.00041485548019415397,0.0003920286144358798
2019-12-19,0.5568738064647293,0.5568738064647293,0.8882298058631372,0.0008623659610749179,0.0008623659610749179,0.0008151695447113916
2019-12-20,0.5504131902367362,0.5504131902367362,0.878338302720461,-0.011601580381393473,-0.011601580381393473,-0.011136198174597545
2019-12-23,0.5401712300436919,0.5401712300436919,0.8630017913939597,-0.018607766628265465,-0.018607766628265465,-0.01746082492246981
2019-12-24,0.5450580653679745,0.5450580653679745,0.8702766607297245,0.009046826362609783,0.009046826362609783,0.008429726807419602
2019-12-25,0.5468135709293472,0.5468135709293472,0.8728913144240475,0.003220767974853489,0.003220767974853489,0.0030043936742261135
2019-12-26,0.5523640577816072,0.5523640577816072,0.8811527597243202,0.010150601863861075,0.010150601863861075,0.009464460424518872
2019-12-27,0.5505871126122425,0.5505871126122425,0.8785111220539757,-0.003216981887817383,-0.003216981887817383,-0.002997933832915467
2019-12-30,0.556280012264329,0.556280012264329,0.8870027549938487,0.010339689254760698,0.010339689254760698,0.00966593674991767
2019-12-31,0.558484673064135,0.558484673064135,0.8904673679149528,0.003963221311569232,0.003963221311569232,0.0039059776326491047
2020-01-02,0.5718501394051043,0.5718501394051043,0.9105719124550112,0.02393166184425355,0.02393166184425355,0.02257751969859778
2020-01-03,0.5717813260328831,0.5717813260328831,0.9104673868705232,-0.0001203346252443005,-0.0001203346252443005,-0.00011479113627199666
2020-01-06,0.5704511774193554,0.5704511774193554,0.9084487385805462,-0.00232632398605348,-0.00232632398605348,-0.002217156066309567
2020-01-07,0.5752378257872393,0.5752378257872393,0.9157220652925441,0.008390986919402987,0.008390986919402987,0.008006314944487114
2020-01-08,0.5652819158353017,0.5652819158353017,0.9009259980099665,-0.017307467460632275,-0.017307467460632275,-0.016157814519682567
2020-01-09,0.5746120532233814,0.5746120532233814,0.9146965046468436,0.016505281925201398,0.016505281925201398,0.015284836565150117
2020-01-10,0.5714458339570129,0.5714458339570129,0.9099687871569756,-0.0055101859569549605,-0.0055101859569549605,-0.005168618734028407
2020-01-13,0.5762167270344575,0.5762167270344575,0.9172189667128374,0.008348810672760054,0.008348810672760054,0.007967503565164735
2020-01-14,0.5742485063534757,0.5742485063534757,0.9142240150162796,-0.0034157645702362904,-0.0034157645702362904,-0.003265252688015474
2020-01-15,0.5717060937861326,0.5717060937861326,0.9103572560310292,-0.00442737340927124,-0.00442737340927124,-0.004229553065483116
2020-01-16,0.5698158608807681,0.5698158608807681,0.9073860322788758,-0.0033063018321991544,-0.0033063018321991544,-0.0032637997143092345
2020-01-17,0.5690896890444542,0.5690896890444542,0.9062441530968209,-0.001274397373199454,-0.001274397373199454,-0.0012584271097794142
2020-01-20,0.5738133195914804,0.5738133195914804,0.913648578384321,0.00830032706260675,0.00830032706260675,0.008170453031004499
2020-01-21,0.5618849924900331,0.5618849924900331,0.8955466968339855,-0.0207878184318544,-0.0207878184318544,-0.019812739797993806
2020-01-22,0.5664335471704842,0.5664335471704842,0.9024282786012804,0.008095170259475815,0.008095170259475815,0.007684224386760974
2020-01-23,0.5491199138521891,0.5491199138521891,0.877954737362122,-0.030566045045852697,-0.030566045045852697,-0.02711965240837877
2020-02-03,0.4993815120132909,0.4993815120132909,0.8293476397969989,-0.0905783975124359,-0.0905783975124359,-0.05536401308245875
2020-02-04,0.5062148086026503,0.5062148086026503,0.8363030047713768,0.013683519363403285,0.013683519363403285,0.00838654942827155
2020-02-05,0.5155861479266419,0.5155861479266419,0.845740005347175,0.01851257443428045,0.01851257443428045,0.01128418829294775
2020-02-06,0.5277549841620509,0.5277549841620509,0.8577413158872045,0.023601945638656696,0.023601945638656696,0.01419030726245829
2020-02-07,0.5310846924105495,0.5310846924105495,0.861013682584215,0.006309193372726396,0.006309193372726396,0.0038150974383526215
2020-02-10,0.5412669550249674,0.5412669550249674,0.870884379901797,0.019172577857971218,0.019172577857971218,0.011464042345943337
2020-02-11,0.5411498800091988,0.5411498800091988,0.8707716568311669,-0.00021629810333256838,-0.00021629810333256838,-0.000129435173292336
2020-02-12,0.5495815433052238,0.5495815433052238,0.8788418740194089,0.01558101296424863,0.01558101296424863,0.00926789144425122
2020-02-13,0.5439934909518895,0.5439934909518895,0.8735431201990741,-0.01016783118247988,-0.01016783118247988,-0.006029245962189789
2020-02-14,0.5490478429734995,0.5490478429734995,0.8783526542529831,0.00929119944572454,0.00929119944572454,0.0055057774970661555
2020-02-17,0.5648938888477821,0.5648938888477821,0.893377291816816,0.02886095643043518,0.02886095643043518,0.017105472945386557
2020-02-18,0.572070132727414,0.572070132727414,0.9000795175821914,0.012703702449798682,0.012703702449798682,0.007502122369537068
2020-02-19,0.5716349776703741,0.5716349776703741,0.899674318042973,-0.000760667324066211,-0.000760667324066211,-0.00045018193537704754
2020-02-20,0.5843018449995061,0.5843018449995061,0.9113266474739284,0.022159013748168865,0.022159013748168865,0.01295171952479679
2020-02-21,0.5902548376920687,0.5902548376920687,0.9167573973810035,0.010188214778900084,0.010188214778900084,0.005959169439550882
2020-02-24,0.5935020489059465,0.5935020489059465,0.9197106917660843,0.005501371622085527,0.005501371622085527,0.0032214568363646556
2020-02-25,0.5947394293835905,0.5947394293835905,0.920837155556373,0.002084879875183132,0.002084879875183132,0.0012248023213969894
2020-02-26,0.587147266566716,0.587147266566716,0.9139620093674319,-0.012765527963638279,-0.012765527963638279,-0.007466191114744003
2020-02-27,0.5816327315871478,0.5816327315871478,0.9089569732430226,-0.009392081499099758,-0.009392081499099758,-0.0054761971210087745
2020-02-28,0.5590226394368671,0.5590226394368671,0.8892693386153959,-0.03887348651885991,-0.03887348651885991,-0.021659589185376027
2020-03-02,0.5852729037003325,0.5852729037003325,0.9113817228654201,0.04695742607116693,0.04695742607116693,0.02486578957557839
2020-03-03,0.5882366558510738,0.5882366558510738,0.9138253074194703,0.005063880681991595,0.005063880681991595,0.0026811867000882117
2020-03-04,0.5882464036873691,0.5882464036873691,0.9138333302103617,1.6571283340427456e-05,1.6571283340427456e-05,8.779348554144306e-06
2020-03-05,0.5971988804641671,0.5971988804641671,0.921184694576279,0.015218923091888437,0.015218923091888437,0.008044535171665368
2020-03-06,0.5903384575459293,0.5903384575459293,0.9156155442001226,-0.011487668752670266,-0.011487668752670266,-0.006045639282704407
2020-03-09,0.5709883388711313,0.5709883388711313,0.9002691174305174,-0.032778007984161306,-0.032778007984161306,-0.016760775706371134
2020-03-10,0.5848410598229421,0.5848410598229421,0.9113110584810981,0.02426095247268667,0.02426095247268667,0.012265155870386568
2020-03-11,0.577242289214991,0.577242289214991,0.9053521929836853,-0.012992881536483813,-0.012992881536483813,-0.0065387832639104415
2020-03-12,0.5655964588124217,0.5655964588124217,0.8962510837569393,-0.020174943208694507,-0.020174943208694507,-0.010052562193230363
2020-03-13,0.5589007095795059,0.5589007095795059,0.8909801681414129,-0.011838386058807382,-0.011838386058807382,-0.005881070283822232
2020-03-16,0.533558318969333,0.533558318969333,0.8717752596744137,-0.04534327864646914,-0.04534327864646914,-0.02155481025695627
2020-03-17,0.5333118682568297,0.5333118682568297,0.8715836892922366,-0.0004619002342224343,-0.0004619002342224343,-0.00021974744069774843
2020-03-18,0.5190745465956297,0.5190745465956297,0.8606670875841704,-0.0266960525512695,-0.0266960525512695,-0.012525018357021911
2020-03-19,0.5193993345080189,0.5193993345080189,0.8609197598599633,0.0006257057189942294,0.0006257057189942294,0.0002935772489012223
2020-03-20,0.5242295270020121,0.5242295270020121,0.8646837319421224,0.009299573898315483,0.009299573898315483,0.004372035882614034
2020-03-23,0.5045599884587209,0.5045599884587209,0.8497419091870253,-0.03752085208892808,-0.03752085208892808,-0.017280101617659804
2020-03-24,0.5146417208952718,0.5146417208952718,0.8575256870892068,0.01998123645782468,0.01998123645782468,0.009160167126073038
2020-03-25,0.5274278180228262,0.5274278180228262,0.8671749468593104,0.024844657182693464,0.024844657182693464,0.011252443997167072
2020-03-26,0.5196575629769714,0.5196575629769714,0.8614090013628305,-0.014732357263565032,-0.014732357263565032,-0.006649114480720031
2020-03-27,0.5205822578083045,0.5205822578083045,0.8621021971491037,0.0017794311046599454,0.0017794311046599454,0.00080472317467839
2020-03-30,0.5162276130330017,0.5162276130330017,0.8588251324589578,-0.008364950418472183,-0.008364950418472183,-0.0038012485074078173
2020-03-31,0.5126524592959011,0.5126524592959011,0.85611961144792,-0.0069255375862120605,-0.0069255375862120605,-0.0031502583107825277
2020-04-01,0.5140673209213472,0.5140673209213472,0.8571944559194131,0.002759884595870954,0.002759884595870954,0.0012554839967691134
2020-04-02,0.5255304842234948,0.5255304842234948,0.8658248515908796,0.022298953533172572,0.022298953533172572,0.010068188859445826
2020-04-03,0.5217336162372002,0.5217336162372002,0.8630023571020969,-0.007224829196929905,-0.007224829196929905,-0.003259890823873457
2020-04-07,0.5427381228897445,0.5427381228897445,0.8782601794324685,0.04025906324386597,0.04025906324386597,0.017679931236348256
2020-04-08,0.5415511504545528,0.5415511504545528,0.8774164747644948,-0.0021870076656340665,-0.0021870076656340665,-0.0009606545847483661
2020-04-09,0.5455936213532231,0.5455936213532231,0.8803199051772851,0.007464615106582695,0.007464615106582695,0.0033090675822671223
2020-04-10,0.538581224170564,0.538581224170564,0.875317202410469,-0.012852784395217864,-0.012852784395217864,-0.005682823638764156
2020-04-13,0.5359008512901213,0.5359008512901213,0.8733916298789213,-0.00497672915458669,-0.00497672915458669,-0.0021998568361789594
2020-04-14,0.5452077675793531,0.5452077675793531,0.8800681717022993,0.017366862297058194,0.017366862297058194,0.007644384941384974
2020-04-15,0.53832824859969,0.53832824859969,0.8751687491715606,-0.012618160247802823,-0.012618160247802823,-0.005567094332319611
2020-04-16,0.5374866987159188,0.5374866987159188,0.8745620363451267,-0.0015632653236389293,-0.0015632653236389293,-0.0006932523893342646
2020-04-17,0.5395014774036483,0.5395014774036483,0.87601590987742,0.0037485182285308394,0.0037485182285308394,0.001662401833000926
2020-04-20,0.5474640706820195,0.5474640706820195,0.8817342164869857,0.014759168624878027,0.014759168624878027,0.006527628716658684
2020-04-21,0.545133793777797,0.545133793777797,0.8800744694811833,-0.004256492853164762,-0.004256492853164762,-0.0018823665621315877
2020-04-22,0.5516013049517847,0.5516013049517847,0.8846810583260746,0.01186408042907705,0.01186408042907705,0.0052343171000142075
2020-04-23,0.5498470282538795,0.5498470282538795,0.8834397176282012,-0.0031803345680238015,-0.0031803345680238015,-0.0014031505322632531
2020-04-24,0.5427957951412304,0.5427957951412304,0.8784544940585202,-0.012823990583419764,-0.012823990583419764,-0.005642969712823187
2020-04-27,0.540046000580797,0.540046000580797,0.8764942261140117,-0.00506598353385912,-0.00506598353385912,-0.002231496290094448
2020-04-28,0.5333607922835668,0.5333607922835668,0.8716926848334795,-0.012378960847854614,-0.012378960847854614,-0.00547812083351662
2020-04-29,0.5260435134083242,0.5260435134083242,0.8664086452978592,-0.013719191551208487,-0.013719191551208487,-0.0060618147055228055
2020-04-30,0.5390668975705933,0.5390668975705933,0.875930292315956,0.02475723743438718,0.02475723743438718,0.010989787636321857
2020-05-06,0.5464077663947222,0.5464077663947222,0.8821987751128895,0.013617732524871862,0.013617732524871862,0.007156371747755852
2020-05-07,0.5464272051943091,0.5464272051943091,0.88221532813898,3.557562828060412e-05,3.557562828060412e-05,1.876337460160471e-05
2020-05-08,0.5517869477223493,0.5517869477223493,0.8868047822653813,0.009808703660964868,0.009808703660964868,0.0052021926847301
2020-05-11,0.5547256672459354,0.5547256672459354,0.8893408636244796,0.005325822830200222,0.005325822830200222,0.002859796665304115
2020-05-12,0.5561250259815252,0.5561250259815252,0.8905463510495514,0.002522614002227863,0.002522614002227863,0.001355484128052753
2020-05-13,0.5564505072465704,0.5564505072465704,0.8908288873913953,0.0005852663516998646,0.0005852663516998646,0.0003172618039599673
2020-05-14,0.5489907674904037,0.5489907674904037,0.8843874502640428,-0.013405935764312704,-0.013405935764312704,-0.007230835482013753
2020-05-15,0.5510096767237284,0.5510096767237284,0.8861518537201715,0.0036774921417235262,0.0036774921417235262,0.0019950570935871603
2020-05-18,0.5511006918275765,0.5511006918275765,0.8862314895286797,0.00016517877578725582,0.00016517877578725582,8.986699985324975e-05
2020-05-19,0.5542072646058436,0.5542072646058436,0.888953191159397,0.005637032985687185,0.005637032985687185,0.0030710956029837977
2020-05-20,0.5493116977758827,0.5493116977758827,0.8845872321215584,-0.008833458423614493,-0.008833458423614493,-0.004911348630341594
2020-05-21,0.5415014929401123,0.5415014929401123,0.8775969074797739,-0.014218165874481326,-0.014218165874481326,-0.007902357605839683
2020-05-22,0.5305988911315392,0.5305988911315392,0.8678747506194346,-0.020134019851684615,-0.020134019851684615,-0.011078157611401296
2020-05-25,0.5306381701877788,0.5306381701877788,0.8679106301512588,7.40277767181663e-05,7.40277767181663e-05,4.134183163939653e-05
2020-05-26,0.5383252126106121,0.5383252126106121,0.8749093517316008,0.014486410617828405,0.014486410617828405,0.008063873557029977
2020-05-27,0.5326236868995189,0.5326236868995189,0.8697562468366866,-0.01059122920036304,-0.01059122920036304,-0.005889872916223005
2020-05-28,0.5283848721950517,0.5283848721950517,0.8659096814981203,-0.00795836687088014,-0.00795836687088014,-0.004422578570210112
2020-05-29,0.5268367436630224,0.5268367436630224,0.8644950660604762,-0.0029299259185789905,-0.0029299259185789905,-0.0016336755066609365
2020-06-01,0.5419839701602422,0.5419839701602422,0.878044645240249,0.02875127196311955,0.02875127196311955,0.015673402558002536
2020-06-02,0.544163082067131,0.544163082067131,0.8800468584207556,0.004020620584487933,0.004020620584487933,0.0022803090837808515
2020-06-03,0.5413847178622568,0.5413847178622568,0.8773166043488098,-0.0051057565212251355,-0.0051057565212251355,-0.003102396248360284
2020-06-04,0.5398179150929784,0.5398179150929784,0.8757720047948604,-0.002894065380096511,-0.002894065380096511,-0.0017605953726316237
2020-06-05,0.5391839304900214,0.5391839304900214,0.8751462609756272,-0.0011744415760038818,-0.0011744415760038818,-0.0007145053915942334
2020-06-08,0.5398970009758495,0.5398970009758495,0.8758566777040194,0.001322499513626063,0.001322499513626063,0.0008117691408522365
2020-06-09,0.5418413807027995,0.5418413807027995,0.8777979051797443,0.003601390123367354,0.003601390123367354,0.0022163757212123603
2020-06-10,0.5402266844642017,0.5402266844642017,0.8761306155795683,-0.002980016469955493,-0.002980016469955493,-0.001899400295145015
2020-06-11,0.5339155933176379,0.5339155933176379,0.8694788686144538,-0.01168230175971996,-0.01168230175971996,-0.007592186423840852
2020-06-12,0.5324929876952104,0.5324929876952104,0.8679655372571554,-0.0026644766330718994,-0.0026644766330718994,-0.0017405038948329343
2020-06-15,0.5295469812707432,0.5295469812707432,0.8647868270433964,-0.005532479286193714,-0.005532479286193714,-0.003662253945938998
2020-06-16,0.537353598274253,0.537353598274253,0.8731880258681713,0.014742066860198966,0.014742066860198966,0.009714762716145575
2020-06-17,0.5377562883168822,0.5377562883168822,0.8736578421287247,0.0007493948936463379,0.0007493948936463379,0.0005380470719191788
2020-06-18,0.5443933245105507,0.5443933245105507,0.8813489786896166,0.012342089414596469,0.012342089414596469,0.00880337380381313
2020-06-19,0.5464644585862433,0.5464644585862433,0.8838247450921656,0.003804481029510587,0.003804481029510587,0.0028090648113416883
2020-06-22,0.5448978830317089,0.5448978830317089,0.8819552279953218,-0.0028667473793029252,-0.0028667473793029252,-0.0021152576992499172
2020-06-23,0.54116598825975,0.54116598825975,0.8774947468578449,-0.006848796606063745,-0.006848796606063745,-0.005057491577679651
2020-06-24,0.5397112952666877,0.5397112952666877,0.8756147255114624,-0.00268807172775265,-0.00268807172775265,-0.0021424872947839457
2020-06-29,0.5363021594858851,0.5363021594858851,0.8711270420603807,-0.00631659150123598,-0.00631659150123598,-0.005125180425055387
2020-06-30,0.5431606166000158,0.5431606166000158,0.8804074764428107,0.012788419723510636,0.012788419723510636,0.010653365048202357
2020-07-01,0.5544151093303479,0.5544151093303479,0.8954612455042308,0.02072037696838369,0.02072037696838369,0.017098638373952868
2020-07-02,0.5661530803729141,0.5661530803729141,0.9107433297193556,0.02117180943489072,0.02117180943489072,0.017066159246813095
2020-07-03,0.5764821962223141,0.5764821962223141,0.9240021845126815,0.018244386911392185,0.018244386911392185,0.014558278233464117
2020-07-06,0.608880354110109,0.608880354110109,0.9600837896573485,0.05619975447654735,0.05619975447654735,0.0390492638972455
2020-07-07,0.6102772695948959,0.6102772695948959,0.9616142448747294,0.002294236421584994,0.002294236421584994,0.0015940850516047433
2020-07-08,0.6243546997357234,0.6243546997357234,0.9770065054806872,0.023067269325256268,0.023067269325256268,0.016006689468252455
2020-07-09,0.6357911980822338,0.6357911980822338,0.9893571865347563,0.01831730961799627,0.01831730961799627,0.012641349862857476
2020-07-10,0.6273230268983433,0.6273230268983433,0.9797885988640703,-0.013319107294082477,-0.013319107294082477,-0.009671519852400556
2020-07-13,0.6461261637996595,0.6461261637996595,1.0004251175236498,0.029973611831665137,0.029973611831665137,0.021062215546807428
2020-07-14,0.6400779615990727,0.6400779615990727,0.9938803892135836,-0.009360713958740274,-0.009360713958740274,-0.006541947213666965
2020-07-15,0.6165457237256338,0.6165457237256338,0.9696764409793628,-0.03676464319229111,-0.03676464319229111,-0.02435297898711164
2020-07-16,0.5916134361832849,0.5916134361832849,0.9453119076203488,-0.04043866753578185,-0.04043866753578185,-0.025126456959608134
2020-07-17,0.5881335350794014,0.5881335350794014,0.941833364984338,-0.005882052183151298,-0.005882052183151298,-0.003679782945681276
2020-07-20,0.6137025365564159,0.6137025365564159,0.9661832013890085,0.043474823236465454,0.043474823236465454,0.025853656612680576
2020-07-21,0.6124641045644221,0.6131374290365151,0.9656540530830362,-0.0020179678561259573,-0.0009208166599272705,-0.0005476687083894038
2020-07-22,0.6151575959192116,0.6170421194653982,0.9693099456353788,0.004397794637622132,0.006368377208709752,0.003785923686304038
2020-07-23,0.6077995412655943,0.6108630964973094,0.9635366957003811,-0.011961251397086925,-0.010013940334319904,-0.005956041162059167
2020-07-24,0.5830685607533653,0.5837636730870446,0.9396248174530463,-0.040689370151107296,-0.04436251521110535,-0.02481678005003607
2020-07-27,0.5826796103757629,0.5833465628371649,0.9392480679252201,-0.0006670748584006736,-0.0007145190238952992,-0.0004009574043046804
2020-07-28,0.5836519937818384,0.5841387836538345,0.9399642156306784,0.0016688131672368822,0.0013580620288848877,0.0007624691813743478
2020-07-29,0.5970503050034339,0.5994595247946736,0.9536480317936262,0.02295599323627706,0.026227912902831996,0.014557805430674309
2020-07-30,0.593664003300672,0.5966264070053557,0.9511460820177553,-0.0056717192410485895,-0.004726120233535691,-0.0026235567971185647
2020-07-31,0.5981269391020583,0.6025222247601671,0.9563839013842473,0.007517612279964947,0.009881925582885698,0.00550685059373901
2020-08-03,0.6116538030421558,0.6177190172585668,0.9697300639579759,0.022615373185506105,0.02522196173667912,0.013954817259482999
2020-08-04,0.6113067597534307,0.614763511531777,0.9671313786696062,-0.0005673851564380605,-0.004784547090530444,-0.002679802746099358
2020-08-05,0.6101544991365807,0.6148503446147239,0.967208164811857,-0.0018849139134577975,0.00014124631881706762,7.939577180970936e-05
2020-08-06,0.612261664248907,0.6174834064908837,0.9695363658745823,0.0034534943449702205,0.004282443523407009,0.0024071354517340993
2020-08-07,0.6074172816224163,0.6125487731872036,0.9651857135357019,-0.007912274946094588,-0.007991523742675644,-0.004487353432024999
2020-08-10,0.6106980868686955,0.6153873351939341,0.9676975011853555,0.005401237906034195,0.004634017944336044,0.0026023879284871043
2020-08-11,0.6027018430467809,0.6048522071549955,0.9584842132888582,-0.013093612038175384,-0.017119507400356948,-0.009520834646376208
2020-08-12,0.6048867208726317,0.6061288585399509,0.9596093283676691,0.0036251387830603665,0.002110683188146556,0.0011738483150913748
2020-08-13,0.6081757714086856,0.6092599124534827,0.9623825396053276,0.005437465268387731,0.005165657218621611,0.002889937764960937
2020-08-14,0.6105702346432876,0.6116924362299351,0.9645320999007083,0.003937123685568533,0.003992587936167746,0.0022335819769363496
2020-08-17,0.624633094041535,0.6267023945072744,0.9775906574925086,0.023032336986527513,0.024538407520372063,0.013538748573681092
2020-08-18,0.6287533127407463,0.6323842233412842,0.9824760836708787,0.006596222227920112,0.009066231250763002,0.004997414961903424
2020-08-19,0.6220472138886636,0.624602568978402,0.9758280568941549,-0.010665707386654955,-0.012305263280868672,-0.006766604182245728
2020-08-20,0.6120464661328603,0.6132005301699083,0.9660713012074214,-0.016077152236217973,-0.01825487017631533,-0.00999843734539374
2020-08-21,0.6104808693992605,0.6103166168941551,0.9635521868991852,-0.002557970383346597,-0.004703050851821877,-0.0026075863190301307
2020-08-24,0.6110701665194461,0.6112819676904091,0.9643973096733022,0.0009652998967282223,0.0015817213058471058,0.0008770908162605284
2020-08-25,0.6042451997884735,0.6015255769222132,0.9559027581741274,-0.011168875695317548,-0.015960540771484233,-0.008808145163793912
2020-08-26,0.592911866260376,0.5873460178872519,0.9436292508911018,-0.018756182973509672,-0.023572661876678502,-0.012839702760633509
2020-08-27,0.5933119454133392,0.5877081645407226,0.9439469454890524,0.000674770021869664,0.0006165814399718972,0.00033667311356722074
2020-08-28,0.6026478555006304,0.5973691636852471,0.952378614116643,0.015735247131738017,0.01643842935562123,0.008932354374241003
2020-08-31,0.5993421333822015,0.5944111423292805,0.9497693846385875,-0.005485329597137101,-0.004951747655868477,-0.0027396976784024307
2020-09-01,0.6008840893193683,0.5963423991959688,0.9514768519774978,0.0025727474363685943,0.0032490253448487216,0.0017977704551510598
2020-09-02,0.5997959171446441,0.5951790371323441,0.9504488753729596,-0.0018109518858401286,-0.0019508290290832786,-0.001080401065356118
2020-09-03,0.5954708995210424,0.5893967902508751,0.9453500378908606,-0.007210815378989488,-0.009715138673782375,-0.005364662544419585
2020-09-04,0.5928117081286878,0.5865072605927911,0.9427931810081215,-0.004465694955863464,-0.004902520179748571,-0.002704666822083812
2020-09-07,0.5840600532958721,0.5754243597781653,0.9330715263661836,-0.014762958816116889,-0.018896442651748502,-0.010311545350320195
2020-09-08,0.5911293071610149,0.5816361862403235,0.9385555961924027,0.012103642125926406,0.010795209407806317,0.005877437764687299
2020-09-09,0.5861935811447833,0.5742616606144392,0.9321064113889663,-0.008349655407775547,-0.01267893195152292,-0.006871393479086274
2020-09-10,0.5774924557313069,0.5668703150648629,0.9256098926112166,-0.014843433455009603,-0.012871041297912611,-0.006969717940325082
2020-09-11,0.5782101827222118,0.568614278579929,0.92715232349455,0.0012428335362337783,0.003076477050781179,0.0016663941209422717
2020-09-14,0.5812398704146698,0.5719721444861006,0.9301199243249934,0.005239768829726099,0.005905349254608172,0.0032007694477409476
2020-09-15,0.5845597461858724,0.5753282198558699,0.9330903844818913,0.0057117137694528974,0.0058675503730774015,0.0031936313578635467
2020-09-16,0.584892375079759,0.5744637359510685,0.932327408536187,0.0005690246310270375,-0.0015025925636291682,-0.0008176870733995756
2020-09-17,0.5831647215550173,0.5726809013051263,0.9307482795770627,-0.002953797311011419,-0.0031034763978453617,-0.0016937493681576932
2020-09-18,0.5954874242856395,0.5858265638288173,0.942265924473096,0.021130741067058256,0.02295460263077098,0.012374607773937507
2020-09-21,0.5932758956858534,0.5841358197554434,0.9407998967978165,-0.0037138124326288047,-0.0028860829770565033,-0.0015558534350048614
2020-09-22,0.5828221290729496,0.5731635972344229,0.9313543669196003,-0.017620413519107703,-0.018783683776855464,-0.010039892553523666
2020-09-23,0.5831667024044459,0.5739801328623109,0.9320638090934776,0.0005912152512883573,0.0014246118068694802,0.0007617317307737625
2020-09-24,0.5714449187147965,0.5628872626868472,0.9225192360178814,-0.02010022801596778,-0.019326226711273153,-0.010240257139561337
2020-09-25,0.5676640381210454,0.5588287457887361,0.9189877047108054,-0.006616351760121542,-0.00721017718315109,-0.003828138394512126
2020-09-28,0.5661574789888288,0.5567547573945407,0.9171586637346387,-0.0026539626100029468,-0.003711313009262085,-0.0019902779621433497
2020-09-29,0.5666260712420845,0.5576721010095071,0.9179783972879747,0.0008276712233716843,0.0016476619243621649,0.0008937750748578832
2020-09-30,0.5645327836671992,0.5550150006733836,0.9155855349370186,-0.0036943015528684287,-0.004764628410339311,-0.002606665209143766
2020-10-09,0.5762875975642173,0.5682211911044489,0.9284406384461658,0.020822198882160636,0.023794294595718357,0.014040308653447076
2020-10-12,0.5915668037585573,0.5847636754610855,0.9439712411304522,0.026513161586194656,0.02911275506019595,0.01672762052970711
2020-10-13,0.5901981319057162,0.5833216292296345,0.9426109905367868,-0.0023136387034314865,-0.0024660325050355203,-0.0014409873250338379
2020-10-14,0.5851948976443835,0.5772702742484289,0.9368450955640426,-0.008477211280180752,-0.01037395954132081,-0.006116940106396074
2020-10-15,0.5815964581793258,0.5723249852498393,0.9320994506502,-0.0061491299386625675,-0.008566678762435997,-0.005065559862898694
2020-10-16,0.5821259064903409,0.5718282147865394,0.931605539539201,0.0009103362023086259,-0.0008679866790771706,-0.0005298910010669289
2020-10-19,0.5806031931257252,0.5699682131494722,0.9297522112546949,-0.0026157801046791107,-0.003252727985382009,-0.0019893916532772726
2020-10-20,0.5816547589485028,0.5716261426025104,0.9314784931501364,0.0018111609361231018,0.002908810377120874,0.0018567117932550836
2020-10-21,0.5801339124064221,0.5695459388182303,0.9291808053765649,-0.002614689416158278,-0.0036390984058379816,-0.002466710493552071
2020-10-22,0.5781221566632697,0.5670632244037228,0.926433716556491,-0.003467743740074636,-0.0043591117858885475,-0.0029564631599988678
2020-10-23,0.5735940995585813,0.5616550649974258,0.9199149415255709,-0.007832353513006374,-0.009537136554717995,-0.0070364181640000245
2020-10-26,0.570125804186948,0.5583569404979652,0.9159333572329793,-0.006046602247656296,-0.005872153043746997,-0.00432820917767518
2020-10-27,0.5668708105326286,0.5558139387662201,0.912850808553035,-0.005709255098462651,-0.0045544373989104825,-0.003365472668510061
2020-10-28,0.566143788638988,0.5548607670725151,0.9116899432705337,-0.0012825177802989751,-0.0017149114608763227,-0.0012716922323171564
2020-10-29,0.5672656540293566,0.5571333313643647,0.9147491085481725,0.001981590918917586,0.004095737934112442,0.0033554886726780975
2020-10-30,0.558409023520798,0.5484120179748115,0.9031693240405715,-0.01561284460930934,-0.015653907060623196,-0.012658973263149353
2020-11-02,0.5585740871455473,0.5497076389875977,0.904894271198924,0.00029559627046960024,0.002362495660781949,0.0019098823580891988
2020-11-03,0.5669816804895166,0.5581276695600231,0.9164217711096542,0.015051885752406013,0.015317288637161308,0.012739057233125184
2020-11-04,0.5687824419224344,0.560641190458766,0.9198507454755182,0.0031760487064822485,0.004503487348556545,0.0037416989359735364
2020-11-05,0.5806030989499272,0.5739776684873662,0.9375067786419744,0.020782387352781262,0.023787902593612742,0.019194454375670356
2020-11-06,0.5850035450976142,0.5788055170058413,0.9441001358035465,0.007579095178178674,0.00841121315956106,0.007032863454195848
2020-11-09,0.5950159366465823,0.5892468560831,0.9580499071084889,0.01711509551159618,0.018039460182190048,0.01477573275960764
2020-11-10,0.5908500111996821,0.5844895439628233,0.9517348016902702,-0.007001367846344975,-0.008073546886444238,-0.006591624686106856
2020-11-11,0.5898308037998967,0.5818506548534118,0.9482240410336386,-0.0017249849885183632,-0.004514861106872603,-0.003688801387105589
2020-11-12,0.5885137806435493,0.5820134557983384,0.9484414609312294,-0.0022328829689169938,0.000279798507690332,0.00022929169498153712
2020-11-13,0.5846226058450661,0.5786387599457088,0.9439334181764018,-0.006611866920479215,-0.005798312425613239,-0.004753105953847037
2020-11-16,0.5933075930879351,0.5867762082642758,0.9548503838664445,0.014855715731886487,0.014063088893890408,0.011565398024718121
2020-11-17,0.5959478484667585,0.5889353623224117,0.9577381116326695,0.004450061670510319,0.0036796891689301336,0.0030242725090938727
2020-11-18,0.598837507759488,0.5909421538294365,0.9604229724227049,0.0048488459185882515,0.003407490253448442,0.002803335021782205
2020-11-19,0.5972308791531673,0.5884506889680978,0.9570904553046136,-0.0026829124520468817,-0.00421608924865724,-0.003469843198028566
2020-11-20,0.6029273811061402,0.5952849003213855,0.9665174478215213,0.009538190592305096,0.011613906621932957,0.009849635909186194
2020-11-23,0.6133045003439284,0.6060404327256449,0.9810904737548294,0.01721122570142719,0.018067873716354432,0.015077871554367572
2020-11-24,0.6164335849685489,0.6105654566172938,0.9872331899602742,0.0051020082566912706,0.007466537952423025,0.006261110845297901
2020-11-25,0.6086688720524985,0.6022860037497009,0.9759027589270658,-0.01259618733532597,-0.013560303449630773,-0.011476955139306355
2020-11-26,0.6077036708164248,0.5992654216288518,0.9717611249222076,-0.001585757511828878,-0.0050151956081390114,-0.004243900293315783
2020-11-27,0.6102165768617618,0.6007945535581628,0.9738588083903786,0.004135084525589416,0.0025516772270202104,0.0021586410635010544
2020-11-30,0.6065822942922673,0.597096043009714,0.9687165777211703,-0.005955725732960215,-0.006156032085418706,-0.005280263037008015
2020-12-01,0.6158414703231286,0.6062913140145559,0.9818052546315069,0.015264500988550145,0.015399986505508334,0.013511358442039656
2020-12-02,0.618069262583317,0.6086050107030702,0.9850901347518344,0.0036174768467920337,0.0038161468505859553,0.0033457552858182638
2020-12-03,0.6126824922311213,0.6029207225188006,0.9769328541530348,-0.008715480089854122,-0.009339864253997798,-0.008280745396820555
2020-12-04,0.6087195422309953,0.5991102622990035,0.9714648686616321,-0.006468195273043653,-0.0063200020790099565,-0.0055970944862359095
2020-12-07,0.6013388222433296,0.5922317072882748,0.9616707516068188,-0.012124992670047963,-0.011481283903121975,-0.010081802616605628
2020-12-08,0.5996441084888361,0.5910310522971368,0.9599587983690409,-0.0028182343993212733,-0.0020273399353025745,-0.001780186446262988
2020-12-09,0.590745833812987,0.5825252403241926,0.9479197545813013,-0.014839259737369326,-0.014391480684280422,-0.012541208860415431
2020-12-10,0.5909543023572685,0.5837521274743876,0.9496617260139321,0.00035289041809405397,0.00210615277290338,0.0018376781623252736
2020-12-11,0.5850253355600873,0.5784757567600908,0.9420279318997204,-0.010032868486668178,-0.009038717746734704,-0.00803843506071722
2020-12-14,0.5867228263958539,0.580268650617585,0.9446440046097043,0.002901568073357952,0.0030993413925171076,0.00277706490582319
2020-12-15,0.588353683649638,0.5825020104263415,0.9479373815292316,0.0027796042363004148,0.0038488376140595193,0.003486368307485277
2020-12-16,0.5876861633125524,0.5812990719408812,0.946141822876606,-0.0011345562297577771,-0.002065123319625828,-0.0018941743279803358
2020-12-17,0.5976650649307745,0.5925297134262336,0.962491614468827,0.016979983945810462,0.019319902658462507,0.017280487128781497
2020-12-18,0.6000033521393654,0.5973017458044382,0.9694117261812837,0.003912370566383494,0.008053659200668362,0.007189789093669852
2020-12-21,0.6039390342032463,0.6046678194753222,0.9800041349640476,0.006559433459576436,0.012332248687744185,0.010926635707708687
2020-12-22,0.5904918157819955,0.592745682393991,0.9633559264091061,-0.02226585410063986,-0.019716837406158372,-0.016987896235307498
2020-12-23,0.596323557144298,0.6001340850031461,0.9736179101697727,0.009876074835312387,0.012464709281921449,0.010652328468998995
2020-12-24,0.5920419679081195,0.5951251006799404,0.9664745610321281,-0.007179976683601708,-0.008346441984176667,-0.007336912214771174
2020-12-25,0.5996588151162778,0.6032355861700416,0.9779253351469717,0.012865383910318329,0.013628202676773116,0.01184798294392242
2020-12-28,0.6005987159566085,0.6068336917978308,0.9831219045260308,0.0015673926850361397,0.005964677333831769,0.0053138713072384824
2020-12-29,0.5966997947831402,0.6003163312186329,0.9738032203306726,-0.006491724124415232,-0.010739945173263599,-0.009478666025502513
2020-12-30,0.6028302523462121,0.6100132877890405,0.9878693161901734,0.010273939452752678,0.016153078079223615,0.01444449511547563
2020-12-31,0.6101157122844403,0.6176875393805948,0.9989454319970703,0.012085425225215829,0.012580466270446733,0.011212126569142944
2021-01-04,0.6130759820027906,0.6233846805604891,1.0071418505541714,0.004851980794374544,0.00922333836555489,0.008205071362822114
2021-01-05,0.6120149995209847,0.6218620162922822,1.0049562060490858,-0.0017305888877587883,-0.0024425756931304443,-0.00217014564917839
2021-01-06,0.6134047254023183,0.620936345992645,1.003624099974679,0.00227073827017521,-0.0014885461330413907,-0.0013255364426713045
2021-01-07,0.614310280439757,0.6218913424580359,1.0050486959458158,0.001476276591845238,0.0015379941463471436,0.0014194517361356684
2021-01-08,0.6181921859228149,0.6254913519548935,1.010753560354447,0.00631912830805792,0.005788807868957413,0.005676206965536723
2021-01-11,0.6088525793129559,0.6140125221198608,0.9931033966103708,-0.015107933782626426,-0.0183517003059388,-0.01746238097631514
2021-01-12,0.6210564525114228,0.6276097215195948,1.0135266842044652,0.020044052720016525,0.022144824266433716,0.02056511705004982
2021-01-13,0.6257023223683403,0.6313831115777241,1.019221037498435,0.0074805918819949024,0.0060123193264007835,0.005618355572393652
2021-01-14,0.6213955457583409,0.6242676701950335,1.008616765402167,-0.006883107918950859,-0.011269609928131086,-0.010404290832040752
2021-01-15,0.6217119180827428,0.6241927984808818,1.0085049173153497,0.000509131947535657,-0.00011993527412412774,-0.00011089255171425894
2021-01-18,0.6299915724201364,0.6347300522142701,1.0239763124777241,0.013317509438980357,0.016881408691406197,0.015340921890157455
2021-01-19,0.6246375747846148,0.6263960332388913,1.011925570547215,-0.008498522630952077,-0.013130021095275834,-0.011768574901259043
2021-01-20,0.6267290120412072,0.6306290374575936,1.0180592516745601,0.003348241189802925,0.006757712364196866,0.006061395527368951
2021-01-21,0.6307267407329059,0.636444125369784,1.0265262674272648,0.0063787196936653245,0.00922109127044668,0.008316820203517317
2021-01-22,0.6228254275512354,0.6305708182760569,1.0180215352207596,-0.012527315985507714,-0.009228315353393635,-0.008284963060731343
2021-01-25,0.6203981848188357,0.6292580902437602,1.0161152538976237,-0.0038971477801458265,-0.0020818090438843306,-0.0018725353611723783
2021-01-26,0.612890774371593,0.6209630991275291,1.0042494007088434,-0.012100954888246362,-0.013182176351547281,-0.01167766465788711
2021-01-27,0.61464534053942,0.6220896886797915,1.0058640060852637,0.0028627713798203835,0.0018142616748810791,0.0016077733034052244
2021-01-28,0.6008077004378737,0.605436586962213,0.9828084502774109,-0.02251321077192614,-0.026769615411758374,-0.0229211460678298
2021-01-29,0.5974988559140026,0.6019299081770052,0.9779513104526595,-0.005507327088949632,-0.005791983604431006,-0.004942102220814704
2021-02-01,0.6029930241796257,0.6089858049729735,0.9877881582470902,0.009195278302614573,0.011722123622894376,0.010058627346056337
2021-02-02,0.6064149218435175,0.6145509532052725,0.9955089836186001,0.005674854478701974,0.009138387441635087,0.007816276503264774
2021-02-03,0.6038621239723921,0.612672042710654,0.992819222738379,-0.004209655434211257,-0.0030573713779448175,-0.002701895135535648
2021-02-04,0.5952125400913477,0.6031593429202302,0.9793940193724663,-0.014323772824407,-0.01552657723426809,-0.01352230401913801
2021-02-05,0.588098239453453,0.590640409739867,0.9618512651791481,-0.011952538225762033,-0.020755598545074472,-0.01791184533121659
2021-02-08,0.5939904853715056,0.5987646732904806,0.9731849682608212,0.01001915245236673,0.01375500798225393,0.011783217938131196
2021-02-09,0.6076652078337439,0.6163642857503088,0.9965093917752369,0.0230217870471201,0.029393204450607335,0.023967102118417127
2021-02-10,0.6100822707801522,0.6187182372439991,0.9996112455181777,0.0039776227357575245,0.0038190913200377707,0.003112719025572863
2021-02-18,0.6244066661924608,0.6330166614897523,1.0179816987519585,0.02347944875367558,0.023109750747680735,0.0183775976072158
2021-02-19,0.6345373170224858,0.6424864846709648,1.03007629615951,0.016224443745612493,0.014959832429885855,0.011880957606978049
2021-02-22,0.6385658755287176,0.646063906910624,1.034628436687906,0.006348812588573116,0.005568089485168404,0.004419226561535261
2021-02-23,0.6406048524654744,0.6473854285016163,1.036308410385372,0.003193056526969329,0.002045496702194116,0.001623745914856034
2021-02-24,0.6317735967106864,0.6364064725070433,1.0225905065037328,-0.013785808397796862,-0.01695891737937938,-0.013237279311993366
2021-02-25,0.6375737438098522,0.6411321733526951,1.028539761782894,0.009180736785082688,0.007425601482391464,0.00581782760677263
2021-02-26,0.6230819908082906,0.6260622118968607,1.0099034829844638,-0.022729532296868804,-0.023505233526229907,-0.01811916222482801
2021-03-01,0.6362479749908895,0.6419083078218382,1.029050685690553,0.021130420035923914,0.0253107368946075,0.018959438232162062
2021-03-02,0.6292527916271266,0.6336943418294517,1.0191764556920055,-0.010994429277143225,-0.012796167135238568,-0.009595474873933196
2021-03-03,0.6438763274375439,0.6492775043316937,1.0375058802575101,0.023239524726785366,0.024590976238250795,0.017984544740154096
2021-03-04,0.6335398912396196,0.6373441208817813,1.0238059862925424,-0.016053449641580286,-0.01837948083877572,-0.013204642234478148
2021-03-05,0.6327648069451806,0.6356065662253697,1.0217972283539314,-0.0012234182963956064,-0.0027262425422668324,-0.0019620494170826674
2021-03-08,0.6257724901333243,0.628830557828383,1.0139292655446601,-0.01105041989552702,-0.010660696029663241,-0.007700121502527635
2021-03-09,0.6190979936553614,0.6221850472087241,1.006229968767391,-0.0106660113431013,-0.010568046569824241,-0.007593524557290676
2021-03-10,0.6152393199869686,0.6182653548695123,1.00166451316254,-0.006232734894858871,-0.006299881935119767,-0.0045371890587234676
2021-03-11,0.6311437895121305,0.6350389503269489,1.0206781603614596,0.02585086649776991,0.027130091190338046,0.018982051324637927
2021-03-12,0.6381124096279065,0.6424809515617449,1.029065423283505,0.011041255941316885,0.011718968152999887,0.008217343377931341
2021-03-15,0.6387135587809566,0.641793983331045,1.0282936879144255,0.0009420740671703953,-0.001069242954254146,-0.0007499381007448624
2021-03-16,0.6428174578364024,0.6456076173813038,1.0326240494286276,0.00642525745543665,0.005942146778106672,0.004211210829257128
2021-03-17,0.6420571176872217,0.6456223295185426,1.032640724249386,-0.0011828243615844558,2.2788047790545107e-05,1.6148007367933204e-05
2021-03-18,0.6446900047487282,0.6477562960747314,1.0350718575133098,0.0041007053562314155,0.003305286169052124,0.002354287611202821
2021-03-19,0.6341926699448327,0.6368930165233719,1.022893022614265,-0.016282763384840915,-0.016770627498626678,-0.011766173344045505
2021-03-22,0.6497337899433137,0.6523645510897392,1.0399539356753562,0.024505360492155903,0.02429220318794245,0.016679078538914816
2021-03-23,0.6392355780555808,0.6400639650318484,1.0267162628304105,-0.01615771266667343,-0.01885538697242728,-0.01272909538666156
2021-03-24,0.6270514022876112,0.6257363254606724,1.011347055155323,-0.019060540724330943,-0.022384699583053558,-0.014969284340269784
2021-03-25,0.6226164947782619,0.6216913511809178,1.0069753945960482,-0.0070726378940704215,-0.006464343070983869,-0.004322611646506824
2021-03-26,0.6333017666127378,0.6339122332229299,1.0200961176697803,0.017161883637987208,0.0196574747562408,0.013029834834241916
2021-03-29,0.6362052238428104,0.6377630328869022,1.0242703598994938,0.004584634660979914,0.006074657440185538,0.0040920087405575956
2021-03-30,0.6390752296517145,0.6407188290057434,1.0274830618367723,0.00451113210226195,0.004634630680084184,0.0031365761063257835
2021-03-31,0.6374097830634134,0.6387352864792886,1.0253239544922772,-0.0026060258808789927,-0.0030958080778317187,-0.002101355657031845
2021-04-01,0.6415343225590029,0.6438450869933477,1.0309164818196608,0.006470781599502207,0.007999871969222916,0.005454400341356358
2021-04-02,0.6387172862671047,0.6398973301156388,1.0266114968908058,-0.004391092094124249,-0.006131532192230282,-0.004175881368446377
2021-04-06,0.6413151261811173,0.6429122424988486,1.0299229340795513,0.00406727666507245,0.004711556434631392,0.0032255991665537387
2021-04-07,0.6498163054051148,0.6532348938425849,1.0412454430698233,0.013255853287946096,0.016056081470178007,0.010993549726505458
2021-04-08,0.6441467537512955,0.6461707535966869,1.0335373774158565,-0.008724852864818056,-0.01081408894791891,-0.0074027365068140005
2021-04-09,0.6407327347922567,0.6429807524539745,1.030038622753191,-0.005300063904935759,-0.004936777353286792,-0.0033852231560442814
2021-04-12,0.6350583095246094,0.6370102841278406,1.0235039392958059,-0.00885615009117191,-0.009285609722137544,-0.0063441149807748065
2021-04-13,0.6267363562137087,0.6267000927437035,1.0123107856231734,-0.013104234975100715,-0.016185282468795914,-0.010936111960969663
2021-04-14,0.6325707473217127,0.633233293407314,1.019412364750978,0.00930916333504439,0.010424764156341526,0.00701521630378843
2021-04-15,0.6286638007016788,0.6292761499684552,1.0151276289558084,-0.006176299863020485,-0.006249108314514307,-0.004203142853006603
2021-04-16,0.6343889029778819,0.634649232671082,1.0210256801532303,0.009106778964866447,0.008538513183593777,0.005810157293707707
2021-04-19,0.6429546741726013,0.6431165292099583,1.030412799901748,0.013502397590044346,0.013341695070266724,0.009193813565109288
2021-04-20,0.6419350371826227,0.643118728742136,1.0304152315705808,-0.0015858613848491743,3.4201145171497416e-06,2.3598977352268236e-06
2021-04-21,0.6362986490800017,0.6375857916088965,1.0242840305778058,-0.008780309184179269,-0.008603290319442736,-0.005950223565144408
2021-04-22,0.6378249870507291,0.6392354533940857,1.0261166278015292,0.0023987760667640856,0.002587356567382848,0.0017891494634447724
2021-04-23,0.6348592853727855,0.6361996144475477,1.0227105120100066,-0.004649710717130828,-0.004749171733856361,-0.003319423639806196
2021-04-26,0.6295181073899029,0.6306866230955138,1.0164894848666257,-0.008413168249947311,-0.008665505647659222,-0.006082881783579519
2021-04-27,0.6261837408969948,0.6266995688556861,1.0119780147502357,-0.005296696717323912,-0.006321767568588266,-0.004438285081701521
2021-04-28,0.6300811637652516,0.6309687226934378,1.0168260848110324,0.006224088256705285,0.006812121868133625,0.004790687139575089
2021-04-29,0.633617068522005,0.6337547388659233,1.0199929335657762,0.00561182425391582,0.0044154584407807285,0.003114444841698205
2021-04-30,0.6286440602139705,0.6294222905587259,1.015084110307189,-0.00784860218433614,-0.006836159229278604,-0.004812605163279415
2021-05-06,0.6341202863261877,0.6362572926878698,1.0228680825160732,0.008711171326987843,0.01085916757583627,0.007668302685309936
2021-05-07,0.6370442980338554,0.6393805199512805,1.0264109305818483,0.004611130996310164,0.004908748865127599,0.0034636412322694987
2021-05-10,0.6469773682270225,0.6512508870257442,1.0401341817011682,0.015592432463211736,0.018565418720245308,0.013370133452827337
2021-05-11,0.6450630690638964,0.6491692796665677,1.0377366173903935,-0.0029588348173166246,-0.003196321725845497,-0.0023050528988994845
2021-05-12,0.6488630453417734,0.6548706127531626,1.0443253177232106,0.0058908600726303995,0.008782505989074707,0.0063491065289627
2021-05-13,0.6382668893037919,0.6431603396650859,1.031004330481712,-0.016330342919128937,-0.017881811857223484,-0.012755591591459559
2021-05-14,0.6478272637134057,0.6516247819939942,1.0406254104042978,0.014978646973277998,0.013160703182220512,0.009331755103386019
2021-05-17,0.6474975439904077,0.6506723267766673,1.0395335372581045,-0.0005089624062871723,-0.0014616620540617298,-0.0010492470540086618
2021-05-18,0.6535432688746403,0.6577631304045054,1.0478226547857286,0.009337062264319851,0.010897656679153434,0.007973881775365843
2021-05-19,0.6518592485908592,0.6570216699242485,1.0469526621200045,-0.00257675407885527,-0.0011272454261779252,-0.0008302861765304703
2021-05-20,0.6444117508062625,0.6482885831220174,1.0364015622547529,-0.011425009004161879,-0.013291931152343839,-0.010077914930639142
2021-05-21,0.6435681823146164,0.6481745550450557,1.0362632926090372,-0.0013090520006666662,-0.00017589092254655103,-0.00013341319692239395
2021-05-24,0.6471491861475935,0.6520685005755272,1.041104246191928,0.005564295954001208,0.0060075569152830965,0.004671547875349846
2021-05-25,0.656289021047096,0.6608773642611357,1.0520643272902708,0.014123227062852184,0.013509107828140188,0.010527361826091708
2021-05-26,0.6626307148159537,0.6682451487585976,1.0611618227841506,0.009662958796323728,0.011148489713668885,0.008647280644247024
2021-05-27,0.6646271815904382,0.670986669544031,1.0645367709771223,0.003012940284603305,0.004102567434310922,0.0031804274527300613
2021-05-28,0.6617382375970028,0.6692529826140144,1.0623691384241796,-0.004346713576357519,-0.00258378744125376,-0.00203622139886539
2021-05-31,0.6655606760611217,0.6754225412691637,1.0700758479108294,0.005776360268977987,0.009218574762344334,0.007254267097857703
2021-06-01,0.6653770774022054,0.674088446546613,1.068355334770648,-0.00027585562897558535,-0.001975200176238978,-0.001607842232436596
2021-06-02,0.661948360672073,0.6681868088699929,1.0605079094642742,-0.005153043058710449,-0.008754990100860671,-0.007345332635099844
2021-06-03,0.6602447161401493,0.665997302355407,1.0575612790390154,-0.00257368192617613,-0.003276787996292163,-0.0027785086739685605
2021-06-04,0.6591114244180865,0.6641414052983866,1.0549674299350835,-0.0017164722327324133,-0.0027866435050963867,-0.00245267026634044
2021-06-07,0.6608039115024563,0.667347964762623,1.0595600889611452,0.0025678315102246607,0.004828127622604317,0.0043533657018626215
2021-06-08,0.6569806312234295,0.6626107907708172,1.0528025222025053,-0.005785801525196588,-0.0070985066890716375,-0.006377709795831854
2021-06-09,0.6583402238055454,0.6654200189805368,1.056847928424197,0.002069456111033263,0.004239635467529368,0.0038425119016893827
2021-06-10,0.6592409572273442,0.6673205819477374,1.0596104830236315,0.0013681883458254163,0.0028561854362487704,0.002613956582716348
2021-06-11,0.6555789652724733,0.6626878568548092,1.0528832385891707,-0.005554861109165032,-0.006942278146743752,-0.006348789996173276
2021-06-15,0.645097055723932,0.6521879828023596,1.0371334548606077,-0.015988782593390316,-0.015844373703002845,-0.014958718261739223
2021-06-16,0.636366531125186,0.6408973761030606,1.0204144679322378,-0.013533660588403218,-0.017311890125274565,-0.01612038147069217
2021-06-17,0.6364998483254826,0.6439344800260655,1.0249100816941197,0.00020949750462340155,0.004738830327987609,0.004405674265861581
2021-06-18,0.6404321789214078,0.649611424201159,1.0332837083807414,0.006178054254483367,0.008816027641296298,0.008170108613606786
2021-06-21,0.6370905423760924,0.6470629900024583,1.0295317881726052,-0.005217783639390627,-0.003923013210296644,-0.003631064902799852
2021-06-22,0.6433598333452517,0.6533267452236283,1.03869988203556,0.009840502333902768,0.00968028664588938,0.008905110039611364
2021-06-23,0.6471680621253467,0.6578023632768702,1.0453734739469605,0.0059192827756957556,0.006850504875183017,0.006424947212203547
2021-06-24,0.6441026018505245,0.6540588961384342,1.0395432192925627,-0.004736729845343457,-0.005690869092941364,-0.005577197814657375
2021-06-25,0.6529184276797197,0.663125619295929,1.0538956468592187,0.013686989935869143,0.013862242698669425,0.013806475094343185
2021-06-28,0.6496494482802785,0.6611924114627514,1.0506841347833957,-0.005006719462733233,-0.0029152965545654608,-0.003047277105085122
2021-06-29,0.6431243251353411,0.6543745772548515,1.0394372786076753,-0.010044067861845085,-0.010311422348022514,-0.010704317123850893
2021-06-30,0.6460584319444879,0.6577209075469603,1.0451435433392273,0.004562269991154944,0.005113784074783245,0.005489763402747538
2021-07-01,0.6386887078699162,0.6472202048253389,1.0276517482235525,-0.011407209797402618,-0.01596528649330131,-0.01673626099223524
2021-07-02,0.631024592149235,0.6404894791120493,1.0165472926454837,-0.011999767063741729,-0.010399436950683572,-0.01080566018329121
2021-07-05,0.6339366268699018,0.6446835313337986,1.0234432932537258,0.004614772160857594,0.0065481984615325395,0.006783747945750651
2021-07-06,0.6392600746610358,0.6498077306997372,1.0318712890249195,0.00839744473736892,0.007948395013809284,0.008234941619871705
2021-07-07,0.6421016932312072,0.6530971586229201,1.037292498735674,0.004445168223086826,0.005062155723571715,0.005253765434134028
2021-07-08,0.6374657194168037,0.6494837782099396,1.0313443597606993,-0.007219999360341456,-0.005532684326171933,-0.005734292865536728
2021-07-09,0.6489831385840855,0.663903721203955,1.0545678510068273,0.01806751142291807,0.022202160358429035,0.022517688710215644
2021-07-12,0.6577636490046038,0.6763160742637895,1.074206541204836,0.013529643373593858,0.018696013689041058,0.018622500372317496
2021-07-13,0.6688789815301613,0.6879841883493875,1.092300909056318,0.016898672558719907,0.017252457141876176,0.016844402968527072
2021-07-14,0.6587411488710657,0.6775213166496139,1.0762946704149876,-0.015156452720197278,-0.015208011865615823,-0.014653689755837362
2021-07-15,0.66341777184272,0.683274957774989,1.0852893097994916,0.0070993332960433975,0.008492192029952994,0.008357041646444241
2021-07-16,0.6665923055121254,0.6870732350556745,1.0912595015251252,0.0047851200316624265,0.0055589294433593395,0.0055010140353604076
2021-07-19,0.6613305771685388,0.6797466100716584,1.0798295009086116,-0.007893472967024695,-0.01066352844238283,-0.010474136170671722
2021-07-20,0.6602470201049503,0.6806999479893077,1.0813239386234852,-0.0016384499688910648,0.0014024901390075062,0.0013839571095399794
2021-07-21,0.6631657358669343,0.6881189098200174,1.0930079542710969,0.004420642082595183,0.010899019241332963,0.010805287139472153
2021-07-22,0.6733822088238557,0.6998233775455515,1.1110546563808625,0.015405610399285452,0.01700936794281005,0.01651104371129719
2021-07-23,0.6685602448074977,0.6942898835644163,1.1025173245318938,-0.007160812913041159,-0.007906986474990885,-0.00768398908184964
2021-07-26,0.6508235267394228,0.6763446855861994,1.0763762866674376,-0.026529722946930345,-0.02584683775901797,-0.023710319359884102
2021-07-27,0.6329899258585172,0.6555284090371021,1.0479648623465794,-0.027401592210795744,-0.030777615308761552,-0.026395438726007803
2021-07-28,0.6230216761629779,0.6440730270207523,1.0324984238471635,-0.01574788047695941,-0.017475035190582244,-0.014758546832175035
2021-07-29,0.6329517465589775,0.6577315420471161,1.0505648350320922,0.015938563256989946,0.02120646953582761,0.017497761514842836
2021-07-30,0.6330425677516532,0.6582865502371598,1.0512979029109384,0.00014348833567412456,0.0008438217639923362,0.0006977845197186916
2021-08-02,0.6471170118536828,0.6719018996455975,1.0688772237966724,0.022233013732420925,0.020683013200759826,0.016721540903923193
2021-08-03,0.6405429887313898,0.6622844964898769,1.0566299059681081,-0.010158940349074608,-0.014313701391220235,-0.0114581146982079
2021-08-04,0.6519719348732361,0.6776397349309126,1.0758132608238908,0.01784259033805302,0.023185260295867982,0.018155226108432343
2021-08-05,0.6507570389342834,0.677803620093819,1.0760171562953926,-0.0018634175398807296,0.00024184703826901632,0.00018952682489303818
2021-08-06,0.6569550734366636,0.6863811825472584,1.0867906417950512,0.009524344926841621,0.012654937505722108,0.01001237334983629
2021-08-09,0.668660168285978,0.6961739964092319,1.0989527016868574,0.017817192259560022,0.014267311096191504,0.01119080292384389
2021-08-10,0.670225460642579,0.6973117243544255,1.1003659200878821,0.002340938537753079,0.0016342580318451372,0.0012859683577421954
2021-08-11,0.6747006226422021,0.7027522676674688,1.1072453960769444,0.006677099367923933,0.007802168130874643,0.006251989327798135
2021-08-12,0.6753587911763312,0.7039949867644585,1.1088269266005335,0.0009754971494642106,0.001768360137939462,0.0014283468950899714
2021-08-13,0.6793872859515263,0.7096019054550597,1.1159454595042253,0.00596496977284966,0.007964429855346733,0.006419877379345351
2021-08-16,0.674787233743211,0.7020530218164224,1.1064032451568906,-0.006770883564405583,-0.01063819527626042,-0.008550789168114026
2021-08-17,0.6626212530991911,0.688029921520618,1.0890663970479961,-0.018029358048954558,-0.019974417686462465,-0.015669556452210243
2021-08-18,0.6752398025679827,0.7004788820418475,1.1044537331939088,0.01904338173545228,0.018093632459640574,0.01412892380815478
2021-08-19,0.6687828600563522,0.6946728791080125,1.0973394122581672,-0.00956244357497027,-0.008288619518280083,-0.006441483895543665
2021-08-20,0.6683468379221462,0.6957485825880544,1.09866164029077,-0.0006519636794658501,0.0015485036373137362,0.0012049398917348686
2021-08-23,0.6758814145646337,0.7055781879150401,1.1107295869859,0.011273452966295228,0.014128099679946882,0.010984225035777229
2021-08-24,0.6823819062721079,0.7136127010048945,1.1205605346620486,0.009617799169195251,0.011387133598327548,0.008850892054497406
2021-08-25,0.6877535514990143,0.7208273078129247,1.1293325526114364,0.007871904541332242,0.01010997533798208,0.007828241025848115
2021-08-26,0.6845640159256271,0.7182666719102184,1.1262275566087643,-0.004637614108186527,-0.003552356958389291,-0.0027494080423806633
2021-08-27,0.6902944002592589,0.7274370737747775,1.137315579323071,0.008370852397030504,0.012767405509948704,0.009845277403524255
2021-08-30,0.6920179270160772,0.7322904123034598,1.1431613858390595,0.0024967995628690787,0.00667183279991157,0.0051400039024067645
2021-08-31,0.7082566950725012,0.7521779651422255,1.1664250997813728,0.023465819919498587,0.027158013411930693,0.02035033218449578
2021-09-01,0.7142179119745962,0.7529496057152022,1.1673229577342537,0.008416746277964515,0.0010258750039704445,0.0007697519138170072
2021-09-02,0.7338137177133325,0.7783394549166278,1.1955340036903421,0.027436732417645215,0.03372051596641534,0.0241673015759456
2021-09-03,0.7301729739056289,0.772162020701346,1.1887655636324055,-0.004961400584127418,-0.007936683893203789,-0.005661436677705578
2021-09-06,0.7323747491529302,0.7727475611538817,1.1894111875752202,0.0030154159712654227,0.000758312940597472,0.0005431045132582302
2021-09-07,0.7504591918244605,0.7948376528796359,1.213054764781022,0.02469288119565416,0.028586426973342904,0.019878388107314127
2021-09-08,0.7560248732011651,0.8000384952639931,1.2185711646054995,0.007416367788331879,0.006543276309967094,0.004547527436218779
2021-09-09,0.7654627914968058,0.8115029512773233,1.2306949485270744,0.012483608185638984,0.014329880475997925,0.009949180050965456
2021-09-10,0.7661013938350824,0.8121307669969552,1.231366589240996,0.000834269601828419,0.0007736456394196178,0.0005457410178901778
2021-09-13,0.7708968809870522,0.819963131776993,1.2399003912387234,0.0062595985212399174,0.009644216299057096,0.006930350451515466
2021-09-14,0.7542213073647344,0.8023157925295274,1.2212640873555016,-0.021631393294738177,-0.021522113084793126,-0.01503048471869839
2021-09-15,0.7566939846184996,0.8050216895295055,1.2241440495742975,0.0032784505417975396,0.003372608423233059,0.0023581813701178955
2021-09-16,0.7422949620809864,0.7893302669409696,1.207790606667449,-0.019028858204512722,-0.019491925239563,-0.013359083771665059
2021-09-17,0.7388500067333958,0.7855852283891196,1.2038663289934464,-0.0046409520791207415,-0.0047445774078369585,-0.003249137435197169
2021-09-22,0.749385285085666,0.8002655150207381,1.2191276978016143,0.01425902179909122,0.01868707060813901,0.01267696291574838
2021-09-23,0.7595426042599002,0.8088579263511368,1.2280173300930086,0.013554201525418197,0.01073695063591007,0.00729179749375275
2021-09-24,0.7364566874589309,0.7815658646441327,1.2012085173008307,-0.030394498835867423,-0.033741477727889935,-0.021830972686800343
2021-09-27,0.7057106267590997,0.7439253154470492,1.1668659310204337,-0.041748633997631845,-0.048160431385040336,-0.028590028946486545
2021-09-28,0.7173312717035555,0.7567698026191669,1.17880006263153,0.016466586308643727,0.01726582884788508,0.01022750882842205
2021-09-29,0.6966224079849385,0.7309124133496663,1.1558593444836172,-0.028869316779451926,-0.03416810393333436,-0.019461076458293092
2021-09-30,0.7102337952127403,0.7486574477943675,1.1717680051877573,0.0195391177082207,0.024277921842069006,0.013763491881659151
2021-10-08,0.7061564884310688,0.7394810054608462,1.163637524254518,-0.005740795227084594,-0.012257197681738385,-0.006938643910094133
2021-10-11,0.7019403094078023,0.7335796395454817,1.1583937731151985,-0.005970601548438648,-0.007980415821075448,-0.004506344140697061
2021-10-12,0.6852087862363357,0.7151602992858962,1.1422839102215085,-0.02383610535998737,-0.025108848810195816,-0.013907069657640436
2021-10-13,0.6821484161430683,0.7109307515644201,1.1385466603063996,-0.004466332240246396,-0.005914125442504803,-0.003271734707691154
2021-10-14,0.6801441204797152,0.7091742417174298,1.1369890405757963,-0.0029382105358912725,-0.0024707186222076016,-0.001368077203075857
2021-10-15,0.6784468505567143,0.707438701606415,1.1354303477028045,-0.0024954562891814636,-0.002447268962859961,-0.0013708952482096581
2021-10-18,0.6882481262569267,0.7204454134803366,1.1471278351609504,0.014446637481137614,0.01838563799858095,0.010302250139616387
2021-10-19,0.6907049664448836,0.7228809316460562,1.149316598289073,0.003569701237428058,0.0033805727958680087,0.0019080376755180595
2021-10-20,0.6953187388671059,0.7301095720612369,1.1558381612339979,0.006679802008620062,0.009999766349792383,0.005674296320642425
2021-10-21,0.6995082135255134,0.7352128882752573,1.1604251087908029,0.006025257805123196,0.00698979496955876,0.003968503299724757
2021-10-22,0.6895194268887209,0.7228344158839057,1.1494275665270959,-0.014279727448015422,-0.016836582422256496,-0.009477166755868183
2021-10-25,0.6984564125025031,0.7350471219334254,1.160326115182038,0.012961180302211384,0.016895579099655222,0.009481718528703276
2021-10-26,0.6950308688226884,0.7319813704197137,1.1576125087389588,-0.004904448750840951,-0.004170823097229048,-0.002338658423329143
2021-10-27,0.6932795022742205,0.7347009169217581,1.160030002656842,-0.0025198399481658473,0.0037153220176697754,0.0020883446746067236
2021-10-28,0.6754924718442571,0.713829793926977,1.1418077018481883,-0.02565636279684491,-0.028407645225524858,-0.015708473717851112
2021-10-29,0.6779484634457006,0.7164375396774854,1.1441181433278511,0.003635853401501299,0.0036531758308411266,0.0020234943904504643
2021-11-01,0.6742878254333261,0.7121355125472256,1.140241949201763,-0.005399581546020715,-0.00600474834442144,-0.003387931699792457
2021-11-02,0.6565271971037705,0.6904328983083626,1.1206254719578708,-0.02633983242711202,-0.030475399494171107,-0.01720378491391672
2021-11-03,0.6585820017839576,0.6922568358218318,1.1223131621131213,0.003129808923761024,0.0026417303085326527,0.001506025159593971
2021-11-04,0.6622277178620487,0.6963193379618748,1.1261098075027378,0.00553570560418537,0.005868489742279159,0.0033828752239419835
2021-11-05,0.6495816915850927,0.6780807965622615,1.1094621220492822,-0.01909618992962525,-0.026192783117294338,-0.014783358907399569
2021-11-08,0.6565519880572682,0.6857825005185938,1.1166332862925266,0.010730438622995608,0.011358091831207284,0.006463640444072549
2021-11-09,0.6598094414926217,0.6912288016268526,1.1217047953471107,0.004961455443905027,0.00794173240661622,0.004541785666646758
2021-11-10,0.6567071286929438,0.6876296640507015,1.1183173493039218,-0.004701831475251161,-0.005206868648529039,-0.0030199086758300187
2021-11-11,0.6649399303301499,0.694622959103758,1.124895219044529,0.012536488911871535,0.010170147418975928,0.005881934805626932
2021-11-12,0.6620601760099208,0.6921099153985211,1.1225320431304753,-0.004330848831411327,-0.0036178529262543835,-0.002100796477791822
2021-11-15,0.6577347151492896,0.6854726539744731,1.1162607717784674,-0.006533334910279298,-0.00958989500999452,-0.005586719230320392
2021-11-16,0.647715884676564,0.673386154689531,1.1048962822572357,-0.01523232732280455,-0.01763235807418828,-0.010180855413493894
2021-11-17,0.6550711770074812,0.6837250923338265,1.1146394264125712,0.011355738688715311,0.01535365343093864,0.008818152718760963
2021-11-18,0.6551931304095632,0.684205369507802,1.115089157188612,0.0001861681697539197,0.0007024419307708474,0.00040347646546834426
2021-11-19,0.6637450828129512,0.6940338806290526,1.1242505825479576,0.01305256726065207,0.0143648552894593,0.00821586803197305
2021-11-22,0.6663272720535043,0.6981586962907705,1.1280805013047965,0.003890332760899451,0.0059432482719421476,0.003406641558645118
2021-11-23,0.6696406817139446,0.7006310384497557,1.1303973525856137,0.00497264602457137,0.0035412323474883767,0.00205379959864338
2021-11-24,0.6695364314130902,0.6999525012470579,1.1297563448564518,-0.0001556809550274929,-0.0009684658050537198,-0.000567064075031376
2021-11-25,0.6679583974337208,0.6987010313250006,1.128571169302055,-0.0023569053233427617,-0.0017879354953765914,-0.0010490541255135932
2021-11-26,0.6656978345183371,0.6976068088822825,1.1275341850942322,-0.0033842869916280716,-0.0015660810470581321,-0.0009188469775142094
2021-11-29,0.6654027931513042,0.6995211483829342,1.1293602204973072,-0.0004432061390831077,0.0027441525459288574,0.0016194944926857247
2021-11-30,0.6647477834144083,0.6980452465588979,1.127948357751466,-0.0009843808045858493,-0.0021098744869231245,-0.0012501438604057835
2021-12-01,0.6762961290587685,0.7113078264798042,1.1405440478821378,0.017372522229473608,0.018999599218368468,0.011166903204488099
2021-12-02,0.6806281880942552,0.7157462589449478,1.1447235151380435,0.0064055653275967295,0.006239819526672408,0.0036644505432881225
2021-12-03,0.6863544201715794,0.7209499458363613,1.1496275827018536,0.00841315740001547,0.007270295619964617,0.004284062919087228
2021-12-06,0.6860881772060309,0.7198019970492635,1.148547494695338,-0.00038790886708650607,-0.0015922725200652188,-0.0009395112145597073
2021-12-07,0.6889193031261666,0.7214305116900213,1.1501175890699795,0.004126475304770505,0.002262448072433365,0.001367026075885569
2021-12-08,0.6926686178728162,0.7262490799959448,1.1547517635318423,0.005442313387991948,0.006679185628891027,0.004029304921429944
2021-12-09,0.6974611593975032,0.7302217407486765,1.1587118742218496,0.006918952874471085,0.005470107793807966,0.0034294043231379856
2021-12-10,0.6941884176597304,0.7268597242286973,1.1553630676811064,-0.004692364146270056,-0.004604103565216011,-0.0028901115240509423
2021-12-13,0.6998520536516996,0.7343790655680467,1.1628341171190346,0.008158643745544758,0.010344969034195017,0.006466408393097645
2021-12-14,0.689345112004707,0.7235557435391122,1.1518553438975903,-0.01501308968398285,-0.014738059043884255,-0.009441392422028905
2021-12-15,0.6932727524856442,0.7301900402325078,1.1586091911254945,0.005697640285741823,0.009169019460678163,0.005863450878346388
2021-12-16,0.6997322102336818,0.7365235914964332,1.1650700777389282,0.009317339712080042,0.008673839569091735,0.005576415812097446
2021-12-17,0.6934956640872975,0.7283333851489499,1.1567673098419615,-0.008912761275205017,-0.011120086908340432,-0.007126410724649368
2021-12-20,0.6817248365909457,0.7154859745196951,1.1437467387996745,-0.016973181096731405,-0.017639464139938332,-0.01125599844627867
2021-12-21,0.6894608054571305,0.7232613070405517,1.1517446258460156,0.011347641234357164,0.010867204666137775,0.006992708066415609
2021-12-22,0.6868360669065311,0.7212456982639106,1.1496775098347738,-0.003806943817290853,-0.002786833412793177,-0.0017947694001380077
2021-12-23,0.690447174622438,0.726730661556062,1.1553598361499888,0.005257597685822013,0.007604847148973137,0.004942539335253793
2021-12-24,0.6789531214653638,0.7139347874166156,1.1422628312480023,-0.016647259311850404,-0.01760745048522938,-0.011335866534559202
2021-12-27,0.6778420963459622,0.7111926041819864,1.1393949776994172,-0.0016363797208911457,-0.0038409435749053866,-0.002510677464180211
2021-12-28,0.68025260146677,0.7136276120353764,1.141957686395574,0.0035561455002606213,0.0034238374233246383,0.0022491837741211995
2021-12-29,0.6734427913247776,0.7053805361147242,1.132961666794175,-0.01001070797422754,-0.011556553840637251,-0.007877717106833937
2021-12-30,0.675166722259917,0.7086416755840937,1.1369050268476673,0.0025598773308541656,0.004623234272003174,0.003480576765364285
2021-12-31,0.6792954204290277,0.7134840422329264,1.1428342162743135,0.006115079480355723,0.006833307743072448,0.005215202049978052
2022-01-04,0.6818484049595652,0.7153105880471495,1.1452089857550194,0.0037582831471543177,0.0025600373744965044,0.002077964981174407
2022-01-05,0.6776419280575906,0.7097597188827318,1.1377452162250936,-0.006169225991258354,-0.00776008248329163,-0.0065173864532726
2022-01-06,0.6822168625870408,0.7163799103409999,1.1466786164989027,0.006751256585559862,0.00932736992836003,0.007851846042868038
2022-01-07,0.6820935084448946,0.7134593306288073,1.1427323770787536,-0.00018081368097311312,-0.004076858758926383,-0.003441452001780476
2022-01-10,0.6831474320095633,0.7130053599668161,1.1420929185128084,0.0015451306186324842,-0.0006362950801849232,-0.0005595873353828607
2022-01-11,0.6831659743645639,0.7125084317605308,1.1413912047259283,2.7142537806446043e-05,-0.0006969487667083385,-0.0006144104174937715
2022-01-12,0.684835649673101,0.7151704541883338,1.1451489847274616,0.0024440258607580923,0.0037361276149749933,0.003292280495919675
2022-01-13,0.6760662386355923,0.7038931665617382,1.1294991068825397,-0.012805132211932357,-0.015768671035766624,-0.013666237366176781
2022-01-14,0.6663990450293967,0.6952308063653503,1.1172859024745576,-0.014299181136016359,-0.012306356430053622,-0.010812938526079119
2022-01-17,0.6703430928077441,0.6999572624328277,1.1239425184362546,0.0059184475244458135,0.006798398494720415,0.005957844761984354
2022-01-18,0.677064697829024,0.7066245688673752,1.133330954493386,0.010027111628951646,0.009525305032730191,0.00835312829893975
2022-01-19,0.6742523451493005,0.7028809697427642,1.1280531379774268,-0.004153742897452961,-0.005297861537154835,-0.004656906700583829
2022-01-20,0.6695098811073118,0.6964314031909562,1.1188333099654997,-0.007033663399329537,-0.009175901510277473,-0.008173221368328543
2022-01-21,0.6605634028613419,0.6864492451914664,1.1044175201799127,-0.013362727718332135,-0.014333296795280726,-0.012884662672432823
2022-01-24,0.6604467098935284,0.6873227114742821,1.1056812528157414,-0.00017665672561939516,0.001272441173086447,0.0011442526152816157
2022-01-25,0.6361969004303664,0.6612395399957813,1.0710890350837512,-0.03671728407439767,-0.03794894456863407,-0.031285886094113646
2022-01-26,0.6406092973002949,0.6661317596497307,1.077898337479917,0.00693558372721359,0.007398558855056692,0.006357363555340001
2022-01-27,0.626119807518644,0.6504305354301465,1.0567160530275084,-0.02261829455600095,-0.023570748567581123,-0.019651467783067478
2022-01-28,0.6211942848942662,0.6433954759775138,1.0472259391087515,-0.007866741421099666,-0.010816004276275604,-0.008980760623033546
2022-02-07,0.6376052060320356,0.6603009639904371,1.0702348504551409,0.026418338894670823,0.02627542257308968,0.021971296247657257
2022-02-08,0.6503372093054915,0.6736976537880592,1.0879329783998295,0.01996847446194816,0.0202887630462647,0.01653667691456895
2022-02-09,0.6581211191543752,0.683017591702509,1.1000846008303655,0.01196903658210835,0.013834006786346498,0.011169458663169651
2022-02-10,0.6615748605942339,0.686887900526402,1.1053201814032403,0.005247881186819292,0.005666484832763663,0.004759252669224612
2022-02-11,0.6552472068699073,0.6799176604937274,1.095886737777509,-0.009564531697354606,-0.010147565603256359,-0.00853458010126551
2022-02-14,0.6434872189107896,0.6685208796388405,1.0806323276182213,-0.017947406468613147,-0.016762001514434743,-0.013919695926081
2022-02-15,0.6419973744621399,0.6669651367812112,1.0785415152866695,-0.002315266573859165,-0.0023271417617799495,-0.001934804538154089
2022-02-16,0.647302854633171,0.6718820881935322,1.0851732019118525,0.008264021602075955,0.007372126579284766,0.006148754156598546
2022-02-17,0.6487926348219767,0.6730289441543738,1.0867186769052288,0.0023015195717774883,0.0017069303989409867,0.0014241735703144354
2022-02-18,0.656878349010825,0.6810017300424818,1.0974216735400357,0.012462709585269849,0.011846126317977879,0.009848912015837374
2022-02-21,0.6592315652002277,0.6839317419408456,1.1014212731107251,0.0035824231274275142,0.004302502870559666,0.003644542172916543
2022-02-22,0.6535904768526196,0.6786538894386183,1.0941419520526723,-0.008557066508025568,-0.007716928720474359,-0.0066090252982802244
2022-02-23,0.6559992825897504,0.6817538209202012,1.0984164838955528,0.0036854969930566472,0.004567764997482238,0.003906743393634837
2022-02-24,0.6417149473021708,0.6656398948167283,1.0766727059632517,-0.021774925166362924,-0.023635989427566506,-0.019795567756946242
2022-02-25,0.6471385836133852,0.6720160414334347,1.085277938678466,0.00845178429147686,0.009578973054885864,0.007992431374505227
2022-02-28,0.6473462528638478,0.6734686973402978,1.0872364973394377,0.00032090383068039685,0.0021616387367249246,0.001804660899452859
2022-03-01,0.6524213619104232,0.6786104893781449,1.094138396462296,0.007839867805093714,0.007634789943695042,0.006348112061863143
2022-03-02,0.6520813858039655,0.6780254591908607,1.093354024192914,-0.0005210989803617894,-0.0008621001243590554,-0.0007168857906074688
2022-03-03,0.6569691754919411,0.6820200523239441,1.0986981966127582,0.007495674304441868,0.005891509056091371,0.004887870078302603
2022-03-04,0.6480809047853433,0.6728778337120573,1.0865962925413206,-0.01352920508019606,-0.01340461850166308,-0.01101476648341404
2022-03-07,0.6332223229649261,0.6584353140041996,1.0679070608484131,-0.022927047704543346,-0.021463806629180793,-0.017199793355816895
2022-03-08,0.6129111229077524,0.6362465203349098,1.040068149480321,-0.032075938135078474,-0.0336992764472962,-0.02606866495102589
2022-03-09,0.6041461408246865,0.6285181530357646,1.0303165031691999,-0.014300575981527897,-0.012146812677383378,-0.009375968599743767
2022-03-10,0.6112696238407189,0.6364067578755408,1.0402327225825376,0.011790993163191432,0.01255111694335942,0.00962444004617602
2022-03-11,0.6159431605267763,0.6410129694895835,1.0459814924193827,0.007645622330605395,0.007237842082977286,0.00552642664669567
2022-03-14,0.5965950059609166,0.6191709704625014,1.020085772177648,-0.03141224029391365,-0.034074192047119145,-0.024757340765023672
2022-03-15,0.5609636128638702,0.5819228418920205,0.980972333162534,-0.0597245916258653,-0.06015806674957269,-0.03834328453735392
2022-03-16,0.5830490954033668,0.6055059345415637,1.004785393531604,0.039370615193282,0.04052615046501162,0.02427495614713182
2022-03-17,0.5899536867404696,0.6123817840225351,1.0115778643130748,0.011842212588162981,0.011355544328689682,0.00676012094243994
2022-03-18,0.6008657507385299,0.6234719640457597,1.0223954694111108,0.01849647564430046,0.01810991168022147,0.010693793804376961
2022-03-21,0.6016718814693416,0.6257031131915197,1.0245639680019794,0.0013416153771801387,0.0035785877704619384,0.002120997848432893
2022-03-22,0.6066485363635419,0.6303502593218079,1.0290792166431102,0.008271376887427184,0.007427078485488847,0.004406995348407605
2022-03-23,0.6041008713621281,0.6266285723238456,1.0254617554409986,-0.004199573309259685,-0.005904157161712664,-0.0035152407546542586
2022-03-24,0.6011669558904614,0.623921678564338,1.0228182894437032,-0.0048566648564026815,-0.004319773912429659,-0.002577829922246644
2022-03-25,0.5945063324869585,0.6167230695014775,1.0157423281948357,-0.011079490211894805,-0.011537680625915647,-0.0069181019951413125
2022-03-28,0.5986179603805298,0.6205255430311641,1.0195097122646695,0.0069160371704897194,0.006165609359741309,0.0037089958400464695
2022-03-29,0.5952484798799428,0.6177203635512002,1.0167376180013605,-0.0056287661306472225,-0.004520651102066009,-0.002719046449445983
2022-03-30,0.6085414934936008,0.6318275239884409,1.0304710586762957,0.02233187326465602,0.022837454080581576,0.013507359648924577
2022-03-31,0.6015172048064367,0.6233039343305604,1.0222204112330049,-0.011542826187312283,-0.01349037408828746,-0.008006675562426069
2022-04-01,0.6084913359513973,0.6297067329235111,1.0284245749237342,0.011594233862695313,0.010272353887557983,0.0060693013195127765
2022-04-06,0.6181739084592712,0.6394916586678756,1.037788076622856,0.01591242460787856,0.015538861556928962,0.00910470434821753
2022-04-07,0.6037588503830995,0.622974241273318,1.022309352123334,-0.023318774666662323,-0.025828980207443175,-0.014915111137037251
2022-04-08,0.6091851604447744,0.6276066391817108,1.0266933487017393,0.008987545372182604,0.007435938119888297,0.004288326786114016
2022-04-11,0.5936655146689331,0.6120065096727947,1.0121643891965848,-0.025476073259089516,-0.02485653996467585,-0.014151216157703317
2022-04-12,0.6009883143044918,0.6185186456712797,1.018270904678121,0.012334891373372736,0.010640631914138776,0.006033126186531179
2022-04-13,0.5971663584376996,0.6149391694751952,1.0149279416064203,-0.006359451216976342,-0.005787175893783525,-0.0032829800560367772
2022-04-14,0.6072174551449062,0.6270167880033878,1.0261272100859646,0.016831317714383953,0.01964034676551818,0.011034545429716047
2022-04-15,0.6059152713446764,0.6257469340896983,1.0249594974580172,-0.0021445098278985997,-0.0020252311229705944,-0.0011379803756004225
2022-04-18,0.5987457629924612,0.6180501832754228,1.017896041193033,-0.011832526247942732,-0.012300101518631146,-0.006891449157261587
2022-04-19,0.6016077017438298,0.6218735869206852,1.0214175628528237,0.004779889776697521,0.0061862349510193315,0.0034596083659617083
2022-04-20,0.5920267084399118,0.6112297131076125,1.0116913944025645,-0.01592564934947882,-0.01711581587791433,-0.009522225585287591
2022-04-21,0.5707783765524586,0.5875095970809601,0.9905038880237648,-0.03589083327582654,-0.03880720376968372,-0.02094265751001234
2022-04-22,0.5695686470138205,0.5830121427763909,0.9864047451040718,-0.002119438276454888,-0.007655116319656319,-0.004138442028603695
2022-04-25,0.5372359386372646,0.5495368046708181,0.9578265238593084,-0.05676700876368879,-0.057417908906936765,-0.0289721043888006
2022-04-26,0.5251817073281182,0.5370662210787779,0.9469014772040591,-0.022437499880821,-0.022692899703979474,-0.011406080728720847
2022-04-27,0.540420809048124,0.5531164803034008,0.9607746474630643,0.029016817431694708,0.029885065555572465,0.01465112326149165
2022-04-28,0.5434554810894743,0.5576319929768211,0.9646115161013425,0.005615387103053093,0.008163764476776025,0.003993515699451056
2022-04-29,0.5578014620526218,0.5720518236596951,0.976634391707158,0.02639771142686409,0.025859044790268015,0.012463956116145258
2022-05-05,0.5631033948889929,0.5786890505574755,0.9820751097585623,0.009505053674224495,0.01160249233245847,0.00557088517218185
2022-05-06,0.5463387593736667,0.5608931788822462,0.9674360247612501,-0.029771860137037587,-0.0307520449161528,-0.014906278401568551
2022-05-09,0.5533111087380073,0.5696474435808836,0.9747205876300086,0.012761952625022888,0.015607721805572572,0.00752976184710108
2022-05-10,0.559181417771728,0.5765269013157358,0.9804311811426198,0.010609418356175349,0.012076693773269698,0.005858697954145287
2022-05-11,0.5606401907546051,0.5776408185968077,0.9813515423791296,0.002608765127943835,0.0019321167469024125,0.0009387310952688743
2022-05-12,0.5582902462414632,0.5749381492304914,0.9790833871444597,-0.004191537731140893,-0.004678806066513164,-0.0023112566055289996
2022-05-13,0.5683734164913551,0.5858542380483122,0.9882775192619228,0.018060803171422224,0.01898654460906979,0.009390550629480243
2022-05-16,0.5721704957976353,0.5900508663628095,0.9917917149429971,0.006680606791429788,0.007163263559341493,0.0035558794089527446
2022-05-17,0.5712980573743324,0.5878090374576075,0.9899187196477933,-0.0015247875060155902,-0.0037993824481964422,-0.0018884966137385772
2022-05-18,0.5686665992210064,0.5842285988066303,0.9869184726437533,-0.0046061038005627,-0.006091159582138017,-0.0030308013622648566
2022-05-19,0.5736399214799897,0.5905684460057573,0.9922535163758188,0.00874558531448133,0.010851655006408611,0.005405759320497916
2022-05-20,0.579857894354611,0.5959115710142819,0.996714287268063,0.010839505135170846,0.009047427177429235,0.00449559595267246
2022-05-23,0.5824431900242008,0.5988478758435541,0.9991566754935952,0.004458498702457403,0.004927417039871207,0.0024504396663427297
2022-05-24,0.5666482349677459,0.5816237256663147,0.9850829592903223,-0.027118447476051077,-0.028762146234512453,-0.01408559493066519
2022-05-25,0.5789358379777426,0.5954725182395549,0.996455063141078,0.02168471064009614,0.023810570240020645,0.01154431080499907
2022-05-26,0.5844858408542353,0.6005696292242598,1.000584353167287,0.009586559532882122,0.008559775352477983,0.004143980174271533
2022-05-27,0.5867640130702775,0.6038579410841821,1.0032356923146097,0.003897737219284325,0.005475321594549776,0.00264979073371463
2022-05-30,0.5864937339679209,0.60354342111344,1.0029826103638892,-0.00046062658298062775,-0.0005208509308952669,-0.0002522656965449066
2022-05-31,0.5904487239899675,0.6070095684091857,1.0057982173836344,0.006743448042128453,0.005742995738983181,0.0028072341341227602
2022-06-01,0.5908731995455679,0.6080779935244359,1.0066656031269976,0.0007189033329295658,0.0017601454257965,0.0008623854450842128
2022-06-02,0.5881653252787707,0.6038300966130716,1.003221365538353,-0.004582834809363168,-0.006985776424407897,-0.003421431682920084
2022-06-06,0.5917989354343036,0.6074209070711855,1.0061450384983803,0.00617787210392029,0.005946723222732597,0.0029142849828147632
2022-06-07,0.5943156727923476,0.6107977929189339,1.0088833419364784,0.0042526899042105715,0.00555938363075259,0.0027215792289596585
2022-06-08,0.5958821718706503,0.6116295790735763,1.0095565974359382,0.0026358030757334117,0.001361802816391089,0.0006673274019644015
2022-06-09,0.5911832574489164,0.6050759086901666,1.0042492463673904,-0.007885643577794199,-0.010715097188949585,-0.005257110975280921
2022-06-10,0.5971316137182101,0.6120047901504334,1.0099216215264248,0.010061780665038045,0.011451259851455786,0.005648373827068065
2022-06-13,0.5933288790217418,0.6084591798279758,1.0069671077536198,-0.00636833590636654,-0.005793435573577921,-0.0029254881862411652
2022-06-14,0.6001851429635541,0.6143205852749875,1.0118697859020023,0.011555587776405973,0.009633194208145124,0.004868756993780643
2022-06-15,0.6022449601535966,0.614087846562862,1.0116753047327862,0.003431969641687127,-0.0003788554668427979,-0.00019219979875439996
2022-06-16,0.5948044578166912,0.605454848906162,1.0044800079470595,-0.012354611211703226,-0.014058245420455973,-0.007112258994625975
2022-06-17,0.5971501148156073,0.6097919818865789,1.0082129038831322,0.003943576696661122,0.007163429260253817,0.0037162471194442936
2022-06-20,0.6012477033304764,0.6138825142992523,1.0120732256671863,0.006861906936305839,0.006708078384399352,0.00382887559679701
2022-06-21,0.6002149382036042,0.6117549391329586,1.0099731003990504,-0.0017177032380355506,-0.0034657692909242366,-0.0020750724501692464
2022-06-22,0.5950892461723082,0.6066165504061055,1.0048853002284093,-0.008539760850732492,-0.008399423360824443,-0.0050375600782148755
2022-06-23,0.6034919883171035,0.6155260943161152,1.0137690800689816,0.014120137775708086,0.014687274694442642,0.008840590899830136
2022-06-24,0.603286517756504,0.6153289340542881,1.0135735372888512,-0.00034046940900156475,-0.0003203117847442316,-0.0001928869048926085
2022-06-27,0.6050159399408079,0.6167841504594381,1.0150193967699723,0.0028666680481030937,0.002364940643310609,0.0014264968726280802
2022-06-28,0.6116900417371234,0.6240115434214798,1.0221692840961416,0.011031282575742374,0.011717864274978673,0.00704408935328904
2022-06-29,0.5990058989244365,0.6074606407605908,1.0062160506004425,-0.020736225779751982,-0.026523391811215102,-0.015607232328259446
2022-06-30,0.6015332838084696,0.6086053157204591,1.007336063895074,0.004219298822551343,0.0018843607026703957,0.0011130942444845804
2022-07-01,0.6027786976381658,0.6097575742692029,1.0084638688265632,0.0020703988677255314,0.0018932771682740324,0.0011195915364416997
2022-07-04,0.6059257127622341,0.6134808259470056,1.012103230119182,0.005220846616509567,0.0061061179637909024,0.003608816741102805
2022-07-05,0.6086581554005139,0.6173833226134035,1.0159669241996945,0.004509534057935083,0.006361236572265616,0.0038174901191230237
2022-07-06,0.5977001177104412,0.6058385672418596,1.0046255023156114,-0.01800359954572872,-0.018699493408203094,-0.011163180231499203
2022-07-07,0.6027432136452061,0.6117832017509669,1.0105120662308844,0.008437501993613594,0.009812241792678922,0.00585946096501111
2022-07-08,0.6001109889593178,0.6080006901251594,1.0067542544818933,-0.0043670747779464,-0.006182764768600468,-0.0037187203147484027
2022-07-11,0.5934901969887363,0.6009223246611937,0.9995848036401034,-0.011032612454011104,-0.011642035245895355,-0.00712135142203052
2022-07-12,0.5896049764096176,0.5957771390108894,0.9943494889734126,-0.006546393855924815,-0.008562147617340088,-0.005237489253163696
2022-07-13,0.5942976339262881,0.6014598046071048,1.0002494668725954,0.007958985599555657,0.00953824043273932,0.005933505235944825
2022-07-14,0.5906345530817619,0.5979769336357329,0.9966352109531206,-0.006163714333381476,-0.005790696144103991,-0.0036133545072263296
2022-07-15,0.5737569736456071,0.5797865997314837,0.9782574073535839,-0.028575333678147463,-0.030419791936874496,-0.018439849804183894
2022-07-18,0.5874311472681143,0.5934560500178069,0.9921585735597381,0.023832692674082168,0.023576692342758276,0.014210131302516915
2022-07-19,0.5874749948904059,0.5935987698148965,0.9923023879193211,7.464299858028767e-05,0.00024048924446096187,0.00014495098204614365
2022-07-20,0.5890406268625257,0.595437705008751,0.994162684423023,0.0026650189126975476,0.0030979430675506237,0.0018747274282011617
2022-07-21,0.5823397631369509,0.5883984485361522,0.987068673850567,-0.011375893987595309,-0.011821986436843734,-0.007135663693284999
2022-07-22,0.582016634803626,0.5878120062233578,0.9864695708712655,-0.0005548793913441319,-0.0009966754913330877,-0.0006069516692940313
2022-07-25,0.5756859312210839,0.5805173142527779,0.9786625302333152,-0.010877186671267691,-0.012409906387329084,-0.007914122106224775
2022-07-26,0.5815483949127049,0.5863396642859853,0.9849131921450337,0.010183440959181,0.010029588937759293,0.0063869431173873
2022-07-27,0.5792141094186218,0.5838408745680033,0.9818448048403133,-0.004013914429999432,-0.004261676073074261,-0.0031153885735226705
2022-07-28,0.5792713169380854,0.5833538558630449,0.9812292568580928,9.87674825825291e-05,-0.0008341634273528742,-0.000626930019068217
2022-07-29,0.5749544536756812,0.5786910503388869,0.9751004717634328,-0.007452230304138441,-0.007993099689483585,-0.006246027675820054
2022-08-01,0.5726019719587648,0.5769222624713715,0.9727662147615576,-0.004091596650616314,-0.0030565322661887384,-0.002393863062801982
2022-08-02,0.5515112715619208,0.5535099176175728,0.9433928090340612,-0.036833090750101105,-0.040581455036085345,-0.03019575030645605
2022-08-03,0.5464685963254452,0.5477640644262771,0.936086536156959,-0.009143376566347228,-0.010380759239196902,-0.00774467730423245
2022-08-04,0.551681753658584,0.5530304420113767,0.9430893770279561,0.009539719881788145,0.009614317417144802,0.007480975957358416
2022-08-05,0.5590475210077885,0.5607707887500968,0.9533869350060258,0.01335147900099476,0.01399623990058907,0.010918962962472634
2022-08-08,0.565247720807787,0.5686581755232666,0.963818613282113,0.011090648946660897,0.014065259695053012,0.010941704666868945
2022-08-09,0.5673575951456523,0.5713361648139347,0.9673459251034775,0.003732654303939764,0.004709312915802011,0.003659725774907807
2022-08-10,0.5653625759450572,0.570003405256346,0.9655908009121786,-0.003516334702601265,-0.0023327064514159224,-0.001814370790998221
2022-08-11,0.5749686893543772,0.5788407632993748,0.9773111985571341,0.016991067003793825,0.015504044294357255,0.012138058517006778
2022-08-12,0.5773601973591472,0.5814568952758745,0.9807752719459317,0.004159370847576893,0.004519605636596591,0.003544493702632101
2022-08-15,0.5797054741470067,0.5852855606296281,0.9858315326366228,0.004062068702669119,0.00658460736274713,0.00515537130198962
2022-08-16,0.5826992605939236,0.5892340170587154,0.9910369837377386,0.005164323230381962,0.006746205091476387,0.005280264354289521
2022-08-17,0.5851741636043933,0.5905049367112072,0.9927202373895971,0.004247307621339846,0.00215690135955815,0.0016984771299957124
2022-08-18,0.5797669057149187,0.5857305906599813,0.9863932764879013,-0.009240424861153285,-0.00808519244194017,-0.006373357430823456
2022-08-19,0.5786089599219704,0.5832717562299801,0.9831271048839324,-0.0019972609363076987,-0.004197893142700249,-0.0033112265480947922
2022-08-22,0.5807541813020287,0.5852364316263902,0.9858647134059652,0.0037075495345728626,0.0033683705329894398,0.0027845926619589623
2022-08-23,0.5793272521535678,0.5844966921148782,0.9847971138279871,-0.0024570277656232875,-0.0012640011310577348,-0.001082906775605852
2022-08-24,0.5657091181289357,0.5694557460422853,0.963830814627699,-0.0235068072044059,-0.02573315858840941,-0.021289968162873985
2022-08-25,0.5700421912638127,0.5747394629505698,0.9712019662132659,0.007659542680182652,0.009278538227081246,0.007647765016118635
2022-08-26,0.5670831110562188,0.5710641718189281,0.9660927176491753,-0.005190984549816369,-0.0063947081565856045,-0.005260747755702844
2022-08-29,0.5682558689589954,0.5721796921892358,0.9676485712582154,0.0020680529536354353,0.001953406333923269,0.0016104599285522436
2022-08-30,0.5659369866948452,0.5689789983287206,0.9631898940657059,-0.004080700949729343,-0.005593861341476436,-0.004607744304021333
2022-08-31,0.5562537393167143,0.5567047135434582,0.9464579204461826,-0.017110115800493042,-0.021572474241256745,-0.017371417331733197
2022-09-01,0.5554648621082549,0.5559480083760284,0.9454188413295956,-0.001418196683816375,-0.0013592576980591131,-0.0010978608706629922
2022-09-02,0.5575536067500215,0.5591949103826448,0.9498775107355552,0.003760354226258089,0.005840297937393268,0.0047160784311099935
2022-09-05,0.5625458030585381,0.5652307919340883,0.9580911599681244,0.008953751259212606,0.010793877840042043,0.008647061478704643
2022-09-06,0.5743813466892137,0.5785582024792275,0.9756901923729879,0.021039253277379766,0.023578705787658638,0.018368849583633606
2022-09-07,0.5752776450429501,0.5801733001712462,0.977827786269208,0.0015604586724529135,0.002791590690612855,0.00219085311395939
2022-09-08,0.5728339531129366,0.5769759816221531,0.9735980078023511,-0.004247847888876444,-0.005510971546173193,-0.004325688558099894
2022-09-09,0.5761157005872166,0.5789153346680239,0.9761796730012994,0.005728968152893366,0.003361237049102739,0.0026516746935172364
2022-09-13,0.5747116521185944,0.5766328834632835,0.9731449354017947,-0.0024370946099734336,-0.0039426338672636785,-0.003108789993725547
2022-09-14,0.5685862192479941,0.5708371373472043,0.965394075159572,-0.010658271583705914,-0.010051015615463399,-0.007964754231621796
2022-09-15,0.5595163117865694,0.5589341600379415,0.949722040701119,-0.01595168358709176,-0.020851792097091537,-0.016233820842397995
2022-09-16,0.54028524578145,0.5385973867383511,0.9243295874867657,-0.034370876415941165,-0.03638491749763495,-0.02673672098376023
2022-09-19,0.5360238792738109,0.535508885583224,0.9204368758810607,-0.007887253151759865,-0.005734341144561728,-0.004211389160752921
2022-09-20,0.5402594967964598,0.5406666944458234,0.9269197140941913,0.00790191945998231,0.009631602764129665,0.007043218696475062
2022-09-21,0.5463601655754188,0.5475481407659499,0.9355717746645291,0.011292108357435104,0.012727705240249687,0.009334207093429692
2022-09-22,0.5455744033062798,0.547055067236078,0.9349538693718985,-0.0014381763507802514,-0.0009005117416382991,-0.0006604573901902722
2022-09-23,0.5390268810283133,0.5386319741121819,0.9244771924360109,-0.012001153716683421,-0.015397157669067352,-0.011205554925320382
2022-09-26,0.5260256918214079,0.525835843928785,0.9086862066348694,-0.024119741824568663,-0.023756722211837666,-0.017080990131873364
2022-09-27,0.5318996188913755,0.5317610139364117,0.916187537434593,0.011166616310371857,0.011268098354339617,0.008255138842156784
2022-09-28,0.520138985022186,0.519470666734963,0.900975576846204,-0.022110626613536355,-0.0231125390529634,-0.016603544543930204
2022-09-29,0.5143365290927422,0.5133905936754106,0.8934223711932747,-0.011155587442068682,-0.011704362630844178,-0.00838336337525225
2022-09-30,0.5143048011639836,0.5123225872981997,0.892086427285916,-6.168709971776654e-05,-0.0020802998542786,-0.0014953105613131346
2022-10-10,0.5114446598212823,0.5089023276300259,0.8877916108187753,-0.005561179550002571,-0.006675988435745128,-0.00481435019721943
2022-10-11,0.5135640382577246,0.5111554585962337,0.8906528655295195,0.004143905690955574,0.004427433013916016,0.0032228900069299904
2022-10-12,0.5222331105916597,0.5199316255496619,0.9016626415759609,0.016880216853471852,0.017169271707534683,0.012361467045744812
2022-10-13,0.519114185628812,0.5167074370773463,0.8976370132288629,-0.005972284980770626,-0.0062011778354643665,-0.004464672441193529
2022-10-14,0.527528966390074,0.5255299589942433,0.9085291768472379,0.01620988405675927,0.017074501514434903,0.012134263023752867
2022-10-17,0.5309693068412343,0.5294855526784158,0.9133792399776531,0.006521614300543321,0.007526866197586024,0.005338368050265441
2022-10-18,0.5303892724915447,0.5294206537404265,0.9132993841792345,-0.0010924065519725135,-0.00012256979942326662,-8.742896151281432e-05
2022-10-19,0.5248349024412473,0.5240874825717732,0.9067519882178232,-0.010472251869283244,-0.010073598623275726,-0.007168948183727597
2022-10-20,0.52288635996584,0.5218928459962486,0.9039450060779393,-0.0037126770082244187,-0.004187538623809828,-0.0030956448691124017
2022-10-21,0.5205577018456383,0.5192713644182005,0.9004799329314125,-0.0044534688576572945,-0.00502302646636954,-0.0038332787096874155
2022-10-24,0.5099629032122207,0.5079507537304889,0.8857829802823963,-0.020352784323147577,-0.021800953149795577,-0.016321243940630503
2022-10-25,0.5079467526857758,0.5055635449010937,0.8826624262951792,-0.003953523900945166,-0.004699685573578027,-0.003522932881620977
2022-10-26,0.5109216355415774,0.5088577445430144,0.8869759394667831,0.0058566824968795395,0.006515896320343106,0.0048869341699624425
2022-10-27,0.50877030279302,0.5062027320814961,0.8835062676849189,-0.0042106902485681275,-0.005217592716216912,-0.003911799212896416
2022-10-28,0.4915357294009145,0.48802453476234225,0.8608451375264651,-0.033874959480716726,-0.03591090321540835,-0.025649088169836687
2022-10-31,0.4869223125421313,0.48402424534305133,0.8557739444273244,-0.009385720269828646,-0.008196902275085405,-0.005890947021797932
2022-11-01,0.5000865747510885,0.49691172565179165,0.8715401991951102,0.027035652032927127,0.026625691652298,0.018423387239648203
2022-11-02,0.5059841876105721,0.5026405556800141,0.8784369896136728,0.011793183735074209,0.011528868675231951,0.007913335982588032
2022-11-03,0.5035994328970083,0.500223951401083,0.8755348779965368,-0.0047131012627597,-0.004807817935943759,-0.003303722010172039
2022-11-04,0.5175657658526812,0.5144767371727353,0.8920469331541016,0.02773301962500274,0.02849280953407285,0.018859391638798906
2022-11-07,0.5203413743312185,0.5169676581330888,0.8950889426900045,0.0053628131179899174,0.004841659069061199,0.003410145164836731
2022-11-08,0.5220701620821226,0.5191180606020728,0.8977188977503401,0.0033224107022549187,0.004159646034240794,0.0029382052831887773
2022-11-09,0.5207635452451413,0.5179882351267678,0.8963321442121783,-0.0025027609924501704,-0.002176432609558132,-0.0015447525295912978
2022-11-10,0.5201748742231851,0.5166449582888151,0.8946654749508298,-0.0011303998279663663,-0.0025932574272155007,-0.0018594326579834952
2022-11-11,0.5305227405310701,0.5264094463049176,0.9066961635672754,0.019893052934050637,0.018899803161620987,0.013447136335630772
2022-11-14,0.5319683282992252,0.5280331059533802,0.9086874160029932,0.002724836576671663,0.003084404468536306,0.00219616285557378
2022-11-15,0.5393512773972363,0.5355831847073322,0.9178428763398162,0.013878550103942011,0.014298495054245075,0.01007547829493971
2022-11-16,0.5384932933183917,0.5356175085808639,0.9178848317609483,-0.001590770458512747,6.408691406245559e-05,4.571089694493935e-05
2022-11-17,0.5376560311962886,0.5354297636045959,0.9176550170473617,-0.0015548236765282608,-0.00035052061080931285,-0.000250374236107187
2022-11-18,0.5368496376592704,0.5343757748923535,0.9163611071959783,-0.0014998316585864702,-0.001968491077423029,-0.0014100177379803291
2022-11-21,0.5361236630192288,0.533796512257685,0.915647418880161,-0.0013522867281926532,-0.0010839986801146617,-0.0007788286846887038
2022-11-22,0.5366064774671633,0.5337844303332957,0.9156325209907831,0.0009005654501714755,-2.2633951537454067e-05,-1.627033405082745e-05
2022-11-23,0.5384970254158697,0.5349903325919904,0.9171215914849857,0.0035231552880801154,0.002259155925439238,0.0016262752360427513
2022-11-24,0.5393244898483205,0.5360020543030235,0.9183699910447135,0.0015366183904390596,0.0018911027908325995,0.0013612148828667792
2022-11-25,0.5434749630792154,0.5394376570414519,0.9225998177107612,0.0076956884195305,0.006409682035446229,0.004605797997859096
2022-11-28,0.5415965269456184,0.5382549639670912,0.9211463898066086,-0.0034563434586831754,-0.0021924555301666704,-0.001575361143858589
2022-11-29,0.5560540885657425,0.5520972532765611,0.9381036234487053,0.026694339606752493,0.025716974735259912,0.01840883689036321
2022-11-30,0.5554657485062888,0.5511191089434135,0.9369087872604376,-0.0010580626445372276,-0.001771688461303711,-0.0012736718614040354
2022-12-01,0.5583484672491562,0.5551133094395403,0.9417847904509193,0.005189732671401215,0.007247436046600386,0.00520435207437786
2022-12-02,0.5547527259340642,0.5511658915153707,0.9369842183157969,-0.0064399591402253265,-0.007111012935638428,-0.005097313296834938
2022-12-05,0.5660782056408364,0.5617447953930121,0.9496729780183888,0.020415365580588984,0.01919368386268605,0.013542127449488461
2022-12-06,0.5621764636892382,0.5566777444459579,0.9435237591535138,-0.006892584651234213,-0.00902020096778866,-0.0064750909072995855
2022-12-07,0.5577236339642887,0.5523269569234536,0.9382446283760388,-0.007920697525698905,-0.007815630435943688,-0.005595122249185569
2022-12-08,0.558229187622692,0.5536421069526886,0.9398460663037073,0.0009064590912346571,0.0023811078071593883,0.0017068447601349401
2022-12-09,0.5599429302948907,0.5550419682287183,0.9415583205585369,0.003069962499626655,0.002528458833694458,0.0018218454236487158
2022-12-12,0.5530294555677022,0.549549017163573,0.934687336858924,-0.012346748843757305,-0.0098964607715607,-0.007297459487731972
2022-12-13,0.5551278044256948,0.5516353989877063,0.9373029648381865,0.0037942804616772907,0.003796534538269114,0.0027983988614337374
2022-12-14,0.553387828607498,0.5492515440594962,0.9343159319236907,-0.0031343697871463183,-0.004321432113647328,-0.0031868382225928027
2022-12-15,0.5527038749960806,0.5492103027629596,0.9342641558363125,-0.0012359390215329613,-7.508635520947493e-05,-5.541603820402585e-05
2022-12-16,0.5557978126486056,0.5530391400218369,0.9390600926551241,0.0055978215324561376,0.006971532106399447,0.005133384159984766
2022-12-19,0.5452639450515975,0.5436782903827572,0.927454692626832,-0.01895269710906189,-0.016926197373137275,-0.012358527552245091
2022-12-20,0.5370737914842267,0.5333117749093578,0.9145004551084016,-0.015020530225220985,-0.019067370643218506,-0.013967515201998792
2022-12-21,0.5362340710720797,0.533021946456867,0.9141115506901495,-0.001563510313594807,-0.0005434503157933923,-0.00042526432445133544
2022-12-22,0.5299802634408433,0.5261443534177194,0.9049471527577205,-0.011662458557945232,-0.012903020381927477,-0.010025470004738302
2022-12-23,0.5318132395927837,0.5286464149932523,0.9083039633650606,0.003458574362826372,0.004755465984344509,0.00370939960097183
2022-12-26,0.5347105200967428,0.5326363032990846,0.9136829223119637,0.00544792849869169,0.007547366619110152,0.005921981147120947
2022-12-27,0.5377453402452289,0.5353823727134355,0.9173730814371456,0.005675632018492971,0.0051556181907654874,0.004038774322107752
2022-12-28,0.5355703068169365,0.5330694032102676,0.9142314165159018,-0.004044727616422494,-0.004320219755172716,-0.0034246316845509828
2022-12-29,0.5299852470066706,0.5268203158498371,0.9055255853502675,-0.010428247681354308,-0.011722840070724438,-0.009522568365471273
2022-12-30,0.5339388858096126,0.5310668449081138,0.911476266695297,0.007459903507261556,0.008060678243636987,0.006571522043441469
2023-01-03,0.5421054254970222,0.5400651627759977,0.9242777143616925,0.015294895922455032,0.016943851709365854,0.014044740531543587
2023-01-04,0.5474185355661622,0.5451806480889121,0.9315717043100141,0.009800879716834965,0.009471977949142563,0.007891556655521992
2023-01-05,0.5490433042810822,0.5455762868014048,0.9321352837518421,0.002968055718536533,0.0007257020473481202,0.0006049769859051146
2023-01-06,0.5463487237410148,0.5419152136473748,0.9269209596091306,-0.004907774157442146,-0.006710469722747803,-0.005593956406975464
2023-01-09,0.5463781674765089,0.5409404467990352,0.9255307542463249,5.3891835405828203e-05,-0.0017987442016601518,-0.0014998100413997628
2023-01-10,0.5421429509128808,0.5364012381583071,0.9189794998710412,-0.007751438135218391,-0.008391327857971143,-0.007078375672798121
2023-01-11,0.5408023564906067,0.5341799453660757,0.915764536850065,-0.0024727692576592686,-0.004141103029251081,-0.003498405591667031
2023-01-12,0.5401924938995553,0.5331799467648481,0.914290672141585,-0.0011276995814312185,-0.0018720257282258679,-0.0016094363225175323
2023-01-13,0.5436281966177678,0.5357622797139796,0.9181056558876954,0.006360145238988535,0.004843267202377266,0.004172615845652761
2023-01-16,0.5504553582169295,0.5426723278969573,0.9282031417887833,0.012558512677667277,0.012897601127624503,0.01099817416038551
2023-01-17,0.550180083923545,0.5418755973623939,0.9270328604546283,-0.0005000846831179073,-0.001468161344528096,-0.0012608030305732987
2023-01-18,0.549054106676135,0.5406238598541512,0.9251921110151191,-0.0020465612629601004,-0.0023100090026855202,-0.0019856355885878862
2023-01-19,0.5517652653547607,0.5429231801880456,0.9285789435960833,0.004937871597097354,0.00425308704376226,0.0036606803502119423
2023-01-20,0.5589286656895643,0.5496092773709261,0.9386876481765666,0.012982695331859917,0.012314996719360316,0.010886209137303426
2023-01-30,0.5594744214420807,0.550569952666618,0.9401417408446476,0.0009764318526104265,0.001747924089431807,0.0015490697793942854
2023-01-31,0.5624186165925318,0.5543469169595878,0.945856028133764,0.00526243030532525,0.006860098838806117,0.006078112523737689
2023-02-01,0.5669732721493759,0.5591832875271715,0.9531642294364658,0.008098337114868182,0.00872444748878487,0.007726547260180183
2023-02-02,0.5671303807096947,0.5593479766672924,0.9534420573216755,0.0002771004702271096,0.0002945172786712469,0.00029147955476038767
2023-02-03,0.5626150746778101,0.5553753822512157,0.9467277300066376,-0.007961671928479963,-0.007102187871932952,-0.007042197544651296
2023-02-06,0.5580148522692057,0.5506919752249299,0.9384404105913909,-0.00817650044524465,-0.008432867527007892,-0.008753646008856752
2023-02-07,0.5616970360892627,0.5542026959124183,0.9446960108417887,0.0065987200969350734,0.006375107765197674,0.006665953618147702
2023-02-08,0.5574327806736494,0.5490787696495164,0.9356301458023053,-0.0075917356539790815,-0.009245581626892152,-0.009596595026801324
2023-02-09,0.5617477758922,0.5536072860361148,0.9442267444802973,0.0077408350713354945,0.008247480392456152,0.009188030886521314
2023-02-10,0.5638028584693064,0.5558974952776391,0.9485805941978926,0.0036583724320802258,0.004136884212493808,0.004611021391892178
2023-02-13,0.5694308364299542,0.5612178903277131,0.9586323689799398,0.009982173513499726,0.009570820331573415,0.01059664813251504
2023-02-14,0.5701589518283696,0.5614564622290789,0.9590841151410047,0.0012786722316977528,0.00042509675025947935,0.0004712402540147931
2023-02-15,0.5681516020450605,0.5603739699013208,0.9570332068210452,-0.0035206844983700636,-0.0019280076026916282,-0.0021384029696477347
2023-02-16,0.5611849936512062,0.5528416433593532,0.9425949081456029,-0.012261882865027607,-0.013441606760025038,-0.015086517972977886
2023-02-17,0.5580185292009523,0.5491798542323726,0.9356253982012389,-0.005642461017448364,-0.006623576879501436,-0.007393960951980194
2023-02-20,0.5723860247455413,0.564210140811983,0.9626813313183264,0.02574734492268993,0.027368605136871338,0.028917484678273153
2023-02-21,0.5773769459980821,0.5691020249134845,0.9714492083576834,0.0087195022882669,0.008670322895049987,0.009107766769871795
2023-02-22,0.5760159090986683,0.5682491182765276,0.9699205146482525,-0.0023572761414314414,-0.001498688459396269,-0.0015736218592584672
2023-02-23,0.5731887005453428,0.5651887346389208,0.964452644057541,-0.004908212618206065,-0.005385637283325195,-0.0056374419430589295
2023-02-24,0.5700064816783014,0.5618447812897781,0.9585041892020478,-0.005551782273470751,-0.005916525125503558,-0.006167700293160605
2023-02-27,0.5671921661636748,0.5586213628532153,0.9527948025709594,-0.004937339495403981,-0.005737204551696795,-0.005956558871006545
2023-02-28,0.5731834234026669,0.5650011089380983,0.9639750235319818,0.01056301126215331,0.011420519351959202,0.011734133027231586
2023-03-01,0.580901472620343,0.5735542568409561,0.9786966649699526,0.013465234517527236,0.015138285160064768,0.01527180796036709
2023-03-02,0.5803176440852424,0.5731764557008793,0.9780447970131506,-0.0010050388277843547,-0.0006587016582487726,-0.0006660571964061113
2023-03-03,0.5861048760480271,0.5788802126278746,0.9878263798697565,0.009972524567828822,0.0099511361122131,0.010001160362467898
2023-03-06,0.5814978158151292,0.5739431059896021,0.9789293134968257,-0.007860470747082515,-0.008528718948364267,-0.009006710646970117
2023-03-07,0.5718675579579787,0.5638863954773127,0.9613647024972618,-0.01656112472864746,-0.017522138357162542,-0.01794267548983841
2023-03-08,0.5728996638504801,0.5655672607997249,0.9643103020978918,0.0018047988177312124,0.002980858087539673,0.0030639772741587468
2023-03-09,0.5708467635917212,0.5634372952382675,0.9605636903162288,-0.0035833504334097377,-0.003766069412231454,-0.0038852761123800983
2023-03-10,0.5614887129007893,0.554087863341202,0.9439855727012918,-0.016393279751735435,-0.016593562364578318,-0.01725873857409632
2023-03-13,0.5684313893810073,0.5624559368336669,0.9586096488319099,0.012364765881669237,0.015102430582046411,0.015491842834811642
2023-03-14,0.5637005071139143,0.5584918666851018,0.9516717458711643,-0.00832269708441813,-0.0070477879047393666,-0.007237464143199035
2023-03-15,0.5671726233516255,0.5612592662781484,0.9565063208982658,0.006159505258365172,0.004955129623413157,0.005080086750580026
2023-03-16,0.5578493978523711,0.5514652325073184,0.9398577830964638,-0.016438073904484707,-0.017450106143951483,-0.01740557008150989
2023-03-17,0.5653480566049365,0.5606948962561091,0.9553116890307057,0.01344208451498563,0.0167366194725036,0.01644281317044305
2023-03-20,0.559432367927343,0.5548248201123466,0.9455710114917631,-0.01046379943909026,-0.010469287633895763,-0.010196334506098026
2023-03-21,0.5616929360588896,0.5566038896058852,0.9485268122859578,0.004040824702227885,0.0032065427303313854,0.003125942693115613
2023-03-22,0.566507255921511,0.5604700349316936,0.954925976499335,0.008571088496146961,0.0069459545612335916,0.006746424171136578
2023-03-23,0.5697827221626939,0.5644197741305482,0.9614616575638142,0.005781861056403992,0.007047190666198633,0.006844175596142366
2023-03-24,0.5666973389345282,0.5615412737067579,0.9565872920963876,-0.005415017177871961,-0.005099928379058816,-0.005069745037755813
2023-03-27,0.5654460055673477,0.5613796495019463,0.9563037055657436,-0.002208115833988611,-0.00028782248497016827,-0.0002964565105422201
2023-03-28,0.565304558014961,0.5609594135418633,0.955566406905919,-0.00025015218251422944,-0.0007485771179198686,-0.0007709879774945305
2023-03-29,0.5617300673260278,0.5566659108131223,0.9479489563464241,-0.006323123771520445,-0.0076538562774658425,-0.00797166005883343
2023-03-30,0.5617137701578704,0.5541024822003423,0.9434088720737311,-2.9012454745402927e-05,-0.004604967832565143,-0.004789376307972604
2023-03-31,0.5651831023235585,0.5597161157402056,0.9533099006714285,0.006176334549735207,0.010131038427352967,0.01049494963507569
2023-04-03,0.5729393861060729,0.5686647052227649,0.9687926820207762,0.013723488459982391,0.015987728834152115,0.01624107893817417
2023-04-04,0.5743374931897042,0.5701680730562344,0.9714007662314984,0.002440235594786788,0.0026436805725098544,0.0026920973487145616
2023-04-06,0.5736580435708191,0.5698496054750121,0.9708397116161397,-0.0011830145636351208,-0.0005585503578187101,-0.000577572753555966
2023-04-07,0.578073051965211,0.574229090411758,0.9785586735311093,0.007696237233788317,0.007685334682464573,0.007950809822272253
2023-04-10,0.5752878142867236,0.5692958069273408,0.9697274672002546,-0.004818141356042638,-0.008591141700744709,-0.009024708042275509
2023-04-11,0.5772143854166452,0.5712865297038537,0.9733134030510681,0.0033488822152616393,0.003496816158294669,0.0036978800457891925
2023-04-12,0.5809212127059669,0.575615718498173,0.981078249019383,0.006421924648752464,0.007577964067459142,0.007977744829131383
2023-04-13,0.5764318785212582,0.5700019589242165,0.9710598871395516,-0.007727957055995716,-0.009752616882324205,-0.010211582908748684
2023-04-14,0.581455454279025,0.5749637510527836,0.9798652090877104,0.008714951315069497,0.008704868555069023,0.009067743467497724
2023-04-17,0.5869276945269197,0.5792333670375396,0.9874826035891671,0.009411280275425371,0.007425887244088214,0.007773920770744347
2023-04-18,0.5862916434805499,0.5786671429607203,0.9864696542411113,-0.0010836957470248265,-0.0009775405027427908,-0.0010257895626454294
2023-04-19,0.5838317254171179,0.5773941033634733,0.9841928425461476,-0.004195724245408816,-0.00219995141029361,-0.002308040277949841
2023-04-20,0.5861166135900171,0.5814552313328165,0.9914409977491624,0.003913607420471532,0.007033545970916766,0.007364568090399315
2023-04-21,0.572262110384006,0.5668604659455304,0.966661675581676,-0.02363779303430935,-0.02510041117668138,-0.024993239359419328
2023-04-24,0.5667867936368839,0.5622351272242809,0.9588582487821816,-0.009567847753275127,-0.008159571886062533,-0.008072552162367241
2023-04-25,0.5632847809233724,0.5580616000565269,0.9518504004203142,-0.0061787126179144725,-0.0074230992794036554,-0.0073085342601660885
2023-04-26,0.5625418976637223,0.5555277675721146,0.9475993209767248,-0.0013188413477678296,-0.004540417194366486,-0.004466121400707679
2023-04-27,0.5624084158157077,0.5544979614219274,0.9458503049104691,-0.00023728338914663638,-0.001853743791580209,-0.001845733769050173
2023-04-28,0.5712975262790145,0.5638995663285522,0.9614444816418619,0.01580543642899479,0.016955165863037136,0.016486939477033724
2023-05-04,0.5740711447032475,0.5673128891083916,0.9671080965354688,0.004854945622289275,0.006053068637847936,0.005890735244467926
2023-05-05,0.5767808115998947,0.5701949096874525,0.9719086023673154,0.004720089002292482,0.005080125331878627,0.004963773800512827
2023-05-08,0.5862672930017551,0.5801095888830458,0.9880352805247606,0.016447290220259703,0.017388228178024212,0.016592792900654407
2023-05-09,0.5815189265070715,0.5743042759557353,0.978640438442766,-0.008099320141793043,-0.010007269382476758,-0.00950860993243563
2023-05-10,0.5740561350128891,0.5668324321907302,0.9666414424972352,-0.01283327361158837,-0.013010252714157011,-0.012260883031385839
2023-05-11,0.5722717694697502,0.5640299138529228,0.9621350875931041,-0.0031083467875469006,-0.004944174289703396,-0.004661868099188116
2023-05-12,0.5653467905162716,0.5566222621558989,0.9503036825983252,-0.012100857185206149,-0.013133437633514378,-0.012297030996319402
2023-05-15,0.5679241021504994,0.5588690502540423,0.9539092722871386,0.004558815363352897,0.0040364682674407515,0.00379414470851569
2023-05-16,0.562573652119113,0.5526816024151929,0.9440652698570479,-0.009421065264049067,-0.011071373224258552,-0.010319642251184202
2023-05-17,0.5630476531625718,0.5535488068942785,0.9454557950642245,0.0008425581995765707,0.001569085121154723,0.001472912150859207
2023-05-18,0.5651826419872717,0.5561541936598822,0.9496254765382177,0.0037918439277884186,0.004706697463989329,0.004410234191551954
2023-05-19,0.5579196740166162,0.5485849247999096,0.9376790503999602,-0.01285065646233885,-0.013610018491745035,-0.012580144944938865
2023-05-22,0.5583476748692168,0.5490435041098708,0.9384134021548641,0.0007671370495312413,0.0008359313011170322,0.0007831589653097826
2023-05-23,0.5483278213396666,0.538517464751371,0.921963609775256,-0.01794554536632953,-0.019171594381332313,-0.01752936641978331
2023-05-24,0.5403792594621032,0.5312721565425148,0.9100645620331885,-0.014496003245182076,-0.013454174995422452,-0.012906201086361868
2023-05-25,0.5405595733749994,0.5313323142568024,0.9101641655146976,0.0003336802990472343,0.00011323332786550289,0.00010944661034439918
2023-05-26,0.5467222531628653,0.538074076656249,0.9211587691943449,0.011400556185489519,0.012688410282134965,0.012079802849005672
2023-05-29,0.552470230222713,0.5435480575932079,0.9300122339553906,0.01051352314012255,0.010173285007476718,0.00961122561834693
2023-05-30,0.5546655443135992,0.5464795520363607,0.934749060603799,0.003973633276133537,0.005393257141113272,0.005093294986306285
2023-05-31,0.5546886191199593,0.5470906553428726,0.9357383361964887,4.160129756880515e-05,0.0011182546615600142,0.0010583328022288896
2023-06-01,0.5546731888746598,0.5474028207234791,0.9362492984524441,-2.7817850894340523e-05,0.0005705916881562079,0.0005460524980009929
2023-06-02,0.5603249240740046,0.5521505852181462,0.9441239496027748,0.010189306627225392,0.008673255443572891,0.008410848652540492
2023-06-05,0.5625323877847815,0.5553472757742248,0.949407150082322,0.0039396136347584765,0.005789526700973546,0.005595875924734317
2023-06-06,0.5537363040467934,0.5463684894824813,0.934725738889494,-0.01563658187331496,-0.01616787672042863,-0.015463767248387605
2023-06-07,0.5574595360427361,0.5504187659182926,0.9413500186352897,0.006723835819925084,0.007413085699081501,0.007086869945044816
2023-06-08,0.5620631813318384,0.5538356075856757,0.9470526817863417,0.008258259104835464,0.006207712888717687,0.006057962541201611
2023-06-09,0.5652648783517628,0.5578066604317518,0.9536546491325826,0.005696329391898125,0.0071700930595397505,0.0069710666293538726
2023-06-12,0.5625907720609369,0.5556854078954983,0.9501287932572695,-0.004730713676432963,-0.0038028454780579812,-0.003697204096388629
2023-06-13,0.5643006718381344,0.5581055696861232,0.9542413798922555,0.003039331361468278,0.004355273246765101,0.004328451746933304
2023-06-14,0.5639765495532346,0.5586066573407911,0.9551102666912286,-0.0005743786975195286,0.0008978366851806197,0.0009105524213077754
2023-06-15,0.5669144253121543,0.5614215278478232,0.9600025199242616,0.005209216165542596,0.005039092302322468,0.005122186833967479
2023-06-16,0.5713470071906872,0.5665086187015388,0.968799304390974,0.00781878477707143,0.009061089754104579,0.009163293099903935
2023-06-19,0.5705166359675723,0.5673668616246312,0.9703280065339448,-0.0014533570888869418,0.0015149688720703658,0.0015779348065612098
2023-06-20,0.5661349461906456,0.562596521948359,0.9616663757222921,-0.0076802138635194694,-0.008407857418060383,-0.008926497795928245
2023-06-21,0.5576578830844935,0.5521827385392755,0.9431948871567518,-0.014973573285294917,-0.018510216474532992,-0.01920779288104635
2023-06-26,0.5489275592371305,0.5432893663217447,0.9277841841312138,-0.015655340150620978,-0.01610584974288931,-0.01633883223433641
2023-06-27,0.5599656372189533,0.5551883052858038,0.9476185968684564,0.020108441990347226,0.021901659965515075,0.021378261320347702
2023-06-28,0.5607973826492549,0.5556837041179451,0.9484475269892169,0.001485350841227362,0.0008923077583313788,0.0008747507947814981
2023-06-29,0.5606687897455643,0.5563148032352037,0.9495055656199524,-0.0002293036802046844,0.001135716438293466,0.001115547882858836
2023-06-30,0.5646499346345816,0.5602737924090871,0.956113729738977,0.007100707158720132,0.007116454839706465,0.006959584396653895
2023-07-03,0.5738018999617333,0.5692123308960304,0.9707250899736988,0.01620821108050685,0.015953875780105653,0.015282031603824686
2023-07-04,0.5717439353455548,0.5667362263688557,0.9666663856120294,-0.0035865420039837836,-0.004350054264068648,-0.004181105859517142
2023-07-05,0.5695865337683408,0.5639614226200714,0.9621184018023334,-0.003773370286665245,-0.004896111488342236,-0.004704812205522768
2023-07-06,0.5693198365101413,0.5652003213717033,0.9641651683653684,-0.00046822957072922833,0.002196779251098624,0.0021273541377035965
2023-07-07,0.5689019443620685,0.564331397620761,0.9626987180832669,-0.0007340200029466448,-0.0015373730659484774,-0.0015209533907842854
2023-07-10,0.5683298556792489,0.5637670566702968,0.9617457252714567,-0.001005601560144398,-0.0010000169277192272,-0.000989918023062919
2023-07-11,0.5690074999469991,0.5637726260539163,0.9617551304237524,0.0011923432509810539,9.878873824975543e-06,9.779250428110231e-06
2023-07-12,0.559457173432935,0.5529691624553108,0.9439551903912448,-0.016784183890289017,-0.019162802696227943,-0.018507767174233747
2023-07-13,0.5653453859736256,0.5582621657586287,0.9526583612183817,0.010524867354116507,0.009571968317031887,0.009219898270308446
2023-07-14,0.5692304243744895,0.5625199432367971,0.9596294431310723,0.006871973305615953,0.0076268422603607,0.00731750457086755
2023-07-17,0.5684555952718322,0.5622465996834186,0.9591797818375765,-0.001361187086070914,-0.00048592686653137207,-0.0004685780503240755
2023-07-18,0.566197828485619,0.5590239818718591,0.9538519053144089,-0.003971755762441909,-0.00573168039321903,-0.005554617209466706
2023-07-19,0.5674028714986111,0.5596817617315862,0.9549468560214591,0.002128307373087779,0.001176657676696724,0.001147925271155481
2023-07-20,0.559502044058517,0.550528274192685,0.939943591733495,-0.013924546097601964,-0.016354807615280298,-0.015711098678801272
2023-07-21,0.5581014139376455,0.5486614905497611,0.9368834929482462,-0.0025033512133604274,-0.003390895128250082,-0.00325561960543308
2023-07-24,0.5576260833943503,0.5477275968001152,0.9353522682285467,-0.00085169206066249,-0.001702131032943699,-0.001634381149016706
2023-07-25,0.569099297549585,0.5574905795399704,0.9510015223671442,0.02057510309667654,0.01782452225685116,0.016730866722796778
2023-07-26,0.5654545087100996,0.5533773542201775,0.9441068612008806,-0.006404486625056549,-0.0073781073093414085,-0.007249894983450744
2023-07-27,0.5628965282977674,0.5504064286275729,0.9391108373091102,-0.004523759865612265,-0.00536871552467344,-0.005291799156523003
2023-07-28,0.5740310303602784,0.5603325653299062,0.955421864270204,0.019780726124182024,0.018034194707870377,0.017368585595104902
2023-07-31,0.5793639232570773,0.5658415411047507,0.964417096826554,0.009290251945877959,0.0098316180706024,0.00941493270433047
2023-08-01,0.5840598417498222,0.5705784301515172,0.9721121446795531,0.008105300147695171,0.008371405601501403,0.007978962503174092
2023-08-02,0.5797799709994912,0.5666013731874215,0.9655339201466481,-0.007327794935376164,-0.006970219612121631,-0.006766939975915487
2023-08-03,0.5819876356292295,0.5689987392165626,0.9695061875380846,0.0038077628413628606,0.004231133460998571,0.004114063015862923
2023-08-04,0.5821565304408042,0.5689259916107847,0.9693854074576944,0.00029020343600949516,-0.00012785196304310187,-0.00012457896807949176
2023-08-07,0.579537844351303,0.5668305356731559,0.9658162911401383,-0.0044982508184153724,-0.0036831784248352317,-0.0036818341704940583
2023-08-08,0.5768091228740763,0.5642830880469938,0.9614473739090285,-0.004708443984846267,-0.0044941961765289085,-0.004523548910064901
2023-08-09,0.5706869162485599,0.5581048701667869,0.9508053639574947,-0.010613921283025296,-0.010948791503906263,-0.01106873890379012
2023-08-10,0.5731502902649238,0.5603934259514799,0.9547488207580602,0.0043165069081256835,0.004100583791732726,0.004147491116532898
2023-08-11,0.5615571652839033,0.5491428682750774,0.9357533458069021,-0.02022702453079428,-0.020076177120208705,-0.019895782574600007
2023-08-14,0.5603374009055303,0.5473258706468158,0.9326826273490454,-0.0021721107908156956,-0.0033087885379792237,-0.003281546864477125
2023-08-15,0.5596676647021427,0.5466539287260715,0.9315352212673931,-0.0011952373735990562,-0.0012276816368101962,-0.001230221350764893
2023-08-16,0.558407469439001,0.5464467822353309,0.9311814083514637,-0.0022516849598812616,-0.000378935337066566,-0.0003798170029986059
2023-08-17,0.5597403457159976,0.5481255818048963,0.9340522569119161,0.0023869241547498365,0.003072210550308263,0.0030830174815612565
2023-08-18,0.5510097024725019,0.5391889772659606,0.9188775228696595,-0.01559766650790162,-0.01630393624305737,-0.016246129624937655
2023-08-21,0.5444344021874603,0.5331388579724592,0.9087083660644193,-0.011933184217150394,-0.011220777034759655,-0.011066933897220466
2023-08-22,0.5498868812668474,0.5389185572682005,0.9186318192504082,0.010014942217978495,0.01084088921546944,0.010920393777122284
2023-08-23,0.5410429084305413,0.5295490868243439,0.9027170255432055,-0.016083258462051497,-0.017385689020157025,-0.017324452924120215
2023-08-24,0.5406312326205555,0.5297866520422517,0.9031205673786923,-0.0007608930892005761,0.0004486179351805841,0.0004470302698056372
2023-08-25,0.5392076126023913,0.5290337583891699,0.9018229532949414,-0.002633255225125697,-0.0014211261272429887,-0.0014368115738048193
2023-08-28,0.5483973453162648,0.5388453342629694,0.9183713476280445,0.017043032218185816,0.01854621887207042,0.018349936950086576
2023-08-29,0.5515605347346513,0.5427076451563847,0.9248715886815738,0.005768061142896741,0.007167754173278862,0.007078009424311915
2023-08-30,0.547094019618348,0.5380141523586521,0.9170211911470169,-0.008097959942786725,-0.008648289442062529,-0.008488094596729834
2023-08-31,0.539731183300327,0.5297849064585807,0.9035098372067454,-0.01345808225642342,-0.015295593738555935,-0.014733960426117743
2023-09-01,0.5421266510867964,0.5306699519538678,0.9049734624390557,0.004438260861308052,0.001670575141906827,0.0016199328131669688
2023-09-04,0.5525883967724118,0.540644410075879,0.9210279004268771,0.01929760447054729,0.018795973062515348,0.017740230685385994
2023-09-05,0.5493251237321717,0.5372451246404455,0.9154662844470492,-0.005905431708845832,-0.006287469863891615,-0.006038488060188141
2023-09-06,0.5477580232938003,0.5360364446666736,0.9134791719206609,-0.0028527740142747504,-0.0022497737407684015,-0.002170601539507988
2023-09-07,0.5414673582893105,0.5292753213120942,0.9024544467703822,-0.011484386785724388,-0.01261317849159238,-0.012068939817312163
2023-09-08,0.5434564192796972,0.5318901746270628,0.9067310709525701,0.0036734642632401115,0.00494044065475463,0.004738880945728274
2023-09-11,0.5476255258046995,0.5357211238106117,0.9129693919727111,0.007671464310842202,0.007202519178390432,0.006880012409398617
2023-09-12,0.5480735457283976,0.5356209752338827,0.9128060426755014,0.0008181136608631512,-0.0001869416236875976,-0.00017892089115578713
2023-09-13,0.5457585568055625,0.5337531905768126,0.9097609577945945,-0.004223865466373544,-0.003487138748169083,-0.003335960476314792
2023-09-14,0.5467871235675901,0.5345240014507989,0.9110207251247392,0.001884655309937644,0.0014441335201262895,0.001384723447792835
2023-09-15,0.5463594149666783,0.5346710792031112,0.9112629960223467,-0.0007822214212381828,0.00027515649795528674,0.0002659334644383726
2023-09-18,0.5447373445888593,0.5331463426083354,0.9087509969724595,-0.002968870551847136,-0.0028517282009125067,-0.0027566125924700646
2023-09-19,0.5439348461958832,0.531543782599735,0.9060990595879209,-0.0014731840967903143,-0.003005853891372645,-0.0029182222560125703
2023-09-20,0.5410682561560427,0.5278637309409202,0.8998622396496823,-0.005270098174236404,-0.006923327445983785,-0.006883154631100785
2023-09-21,0.5388044376454599,0.5261125686270287,0.8968313828704879,-0.004183979534607696,-0.003317451477050759,-0.0033681341939342246
2023-09-22,0.5451173818580121,0.5322210655131112,0.9077660969437877,0.011716577985399157,0.011610627174377441,0.012192608646567571
2023-09-25,0.5397759874371509,0.5269746312239273,0.8984428764323095,-0.009798613287023028,-0.009857622385025078,-0.010270509708246611
2023-09-26,0.5364949483005875,0.5233344364697636,0.8919969311158359,-0.006078520002606558,-0.006907722949981654,-0.007174574461617733
2023-09-27,0.5355365562080717,0.5228450463086987,0.891125052866061,-0.0017863953715717695,-0.0009351384639738614,-0.0009774453469073574
2023-09-28,0.5363315245673478,0.5242961097722872,0.8937826909054513,0.0014844334155355021,0.00277532219886778,0.0029823401674575756
2023-10-09,0.5341037799296667,0.5228785828460887,0.8911839406662048,-0.004153670883840221,-0.0027036762237550027,-0.00290758622391063
2023-10-10,0.5314775916539177,0.5208821130724745,0.8875220253172192,-0.00491699998096784,-0.0038182282447813964,-0.004109045486443641
2023-10-11,0.5304379951473829,0.5206754127469306,0.8871425728654561,-0.0019560495547887857,-0.00039682745933544705,-0.0004275414479179007
2023-10-12,0.5348634535831358,0.5240875825621607,0.8933678988272619,0.00834302684995869,0.006553353071212742,0.00701727788995421
2023-10-13,0.5320934934701986,0.5220549205017464,0.8896604906426883,-0.005178817311934036,-0.0038784778118134966,-0.004149923216896889
2023-10-16,0.5309193531626,0.5217870401047954,0.8891719834892999,-0.002206642858835095,-0.000513126850128276,-0.0005490939055138311
2023-10-17,0.5309504302750142,0.5202019338741048,0.8861812416679709,5.853452549642313e-05,-0.003037841320037704,-0.0033635133324745325
2023-10-18,0.5244614079154146,0.5149579733487049,0.876254752320976,-0.012221521990741224,-0.010080624818801787,-0.011201421199472872
2023-10-19,0.5154526222853053,0.5058823550940634,0.8594229442448824,-0.017177213602649455,-0.0176239979267121,-0.019208806607337037
2023-10-20,0.5123752132170168,0.5017550679691435,0.851812938925734,-0.005970304418366323,-0.008158590793609588,-0.00885478491132774
2023-10-23,0.5023735531219894,0.4920187745490753,0.8343987073157715,-0.019520187231991004,-0.019404474496841462,-0.020443727506563203
2023-10-24,0.5070070499252636,0.49680405053036547,0.8428442031581934,0.009223210048537434,0.009725799560546866,0.01012165499343931
2023-10-25,0.5146569932517805,0.5049909779794712,0.857150431020756,0.015088435807045553,0.016479188203811557,0.01697375126856926
2023-10-26,0.5177555447024893,0.5082708294284705,0.8628548745109452,0.006020614683832637,0.006494871377944911,0.006655125265930151
2023-10-27,0.5204859717733217,0.5101638622900062,0.8661407238731639,0.005273583448345942,0.0037244570255279275,0.0038081135765513086
2023-10-30,0.5214218321972135,0.5124431545855789,0.8702243914765498,0.0017980511956994238,0.00446776509284974,0.004714785358578721
2023-10-31,0.521460930319652,0.5132214820926526,0.871623420931083,7.498366969738157e-05,0.0015188562870025457,0.0016076651818037746
2023-11-01,0.5189582071200637,0.5102142821444782,0.8662199071771488,-0.004799445277816283,-0.005859458446502708,-0.0061993673232897395
2023-11-02,0.517660656194596,0.5086467429203477,0.8632938483734898,-0.0025002994608532836,-0.0030723154544830544,-0.003377963008486473
2023-11-03,0.5209355046845553,0.5125547464704576,0.8706213535098815,0.006326245680004394,0.0076831388473510565,0.008487845882600986
2023-11-06,0.5282760522120052,0.5200854012950556,0.8845069499188317,0.01409108701833417,0.014692391157150375,0.01594906482935543
2023-11-07,0.5285277374751723,0.5215413284148579,0.8871988557090279,0.0004764275460023004,0.0027994000911713,0.003043396991333047
2023-11-08,0.5264147139783161,0.5198377601726636,0.8840392477735435,-0.0039979424863307855,-0.0032664108276366788,-0.003561330039091759
2023-11-09,0.5258195606448488,0.5181056317451234,0.8808282912499554,-0.001130578833880791,-0.0033320558071135986,-0.0036321425000924723
2023-11-10,0.5226050773694988,0.5150831325168852,0.8752353447500322,-0.0061132820380586095,-0.005833750963211037,-0.006349644482906536
2023-11-13,0.5267713208873681,0.5201502136371814,0.8844946073285055,0.00797206858157562,0.00983740448951731,0.010579168944688577
2023-11-14,0.5306554887944134,0.5249917412400249,0.8933381936896759,0.0073735371555578855,0.00930794119834899,0.00999846272424576
2023-11-15,0.5339545466205796,0.5287433965111031,0.9001678867478955,0.006216948464363048,0.0071461224555968705,0.007645137201636398
2023-11-16,0.5299899507787379,0.5242971879115215,0.8917980932376092,-0.007424968786077013,-0.008409010171890219,-0.009298036103603469
2023-11-17,0.5297713152106083,0.5237243647482289,0.8907199556575813,-0.00041252776172151506,-0.00109255433082589,-0.001208948065939186
2023-11-20,0.5307045784852793,0.5248304762195365,0.8927999475148268,0.0017616342143780273,0.0021120107173919767,0.0023351804840949786
2023-11-21,0.5304662838450381,0.5236749981422107,0.8906272131690247,-0.0004490156103821308,-0.00220162153244019,-0.0024336183619299012
2023-11-22,0.5257518102343665,0.5183001598038299,0.8806052720218571,-0.008887414250909997,-0.010263690948486337,-0.011252677886977591
2023-11-23,0.5294646712501286,0.5215523638521656,0.8867943655285687,0.007062003294115327,0.006274750232696524,0.007028226724672626
2023-11-24,0.5232696160973377,0.5143558943815593,0.8731824515353878,-0.011700601549417211,-0.013798172473907577,-0.015349572034174641
2023-11-27,0.5205556774847578,0.5119088101945676,0.868501348353903,-0.005186501430793911,-0.004757570028304903,-0.005360968000735156
2023-11-28,0.5197560665982217,0.5116914160591385,0.8680719403107278,-0.0015360717808318158,-0.0004246735572815963,-0.0004944241525809412
2023-11-29,0.5149168890598818,0.5075840328547752,0.8600120703495611,-0.009310478221085772,-0.008027070760727062,-0.009284794942550079
2023-11-30,0.515491601338501,0.5074796232225439,0.8598074378447746,0.0011161262930579063,-0.00020569920539859066,-0.00023794143343036644
2023-12-01,0.5172696230380882,0.5096851175435494,0.8643195621065449,0.003449176853648872,0.004345976114273009,0.00524783115749794
2023-12-04,0.5192459847519456,0.5122953036436526,0.8696844190187901,0.003820757349425552,0.005121173858642525,0.006207029375998152
2023-12-05,0.5089199837570852,0.5019759800063714,0.8492586017272283,-0.019886530272917424,-0.02014331102371214,-0.023486470315987606
2023-12-06,0.5094475915649381,0.5035204100884804,0.852377886411471,0.0010367205546888414,0.003076701164245632,0.0036729503568155852
2023-12-07,0.508796295745217,0.5018217239059943,0.8489451696925517,-0.001278435369024833,-0.0033736193180083918,-0.004027224044221844
2023-12-08,0.5098024391595322,0.5021731848235592,0.8496927242530425,0.001977497522542837,0.0007003700733185791,0.0008805687188979672
2023-12-11,0.5112548547075048,0.50427663570746,0.854167419096601,0.0028489772437476635,0.004188696146011361,0.005266250629004876
2023-12-12,0.5140677190986921,0.507381105097167,0.8607344161628984,0.0055018829949236014,0.006156282424926829,0.007688184914899754
2023-12-13,0.5066416168224146,0.5000947870743672,0.8453915377912924,-0.014445766579736952,-0.014360641241073613,-0.017825333904973317
2023-12-14,0.5045373352101334,0.4977805378487655,0.8405214288081461,-0.004153392738399431,-0.00462762117385862,-0.005760773281301312
2023-12-15,0.5019678655489215,0.4950568419536253,0.8347560315678221,-0.005092724525810999,-0.005471680164337189,-0.0068593102361462766
2023-12-18,0.497173024424345,0.4900670637193267,0.8243185545639872,-0.00955208780014849,-0.010079202651977592,-0.012503625741081992
2023-12-19,0.4959161308235639,0.4879836655164635,0.8199734885489269,-0.002528080847178815,-0.004251251220703134,-0.005271100584844257
2023-12-20,0.488809323816006,0.48029492610258556,0.8043621320770803,-0.014330663121918774,-0.0157561409473419,-0.019038855145760203
2023-12-21,0.4911672799439483,0.4827121677848847,0.8092281088709422,0.0048238771501623035,0.005032827854156485,0.006049485175659175
2023-12-22,0.4862337782014954,0.4761888869584162,0.7963114616332381,-0.01004444299102325,-0.013513810634612988,-0.015961688794678408
2023-12-25,0.486145466646358,0.47589116331904885,0.7957233805456513,-0.0001816236532641291,-0.0006252217292785911,-0.0007385063708371664
2023-12-26,0.481051484727448,0.47035344995337625,0.7848811158460524,-0.010478307972406786,-0.011636512279510458,-0.013625670634641929
2023-12-27,0.4852870257801537,0.47436739579414844,0.7926283028507284,0.008804756220855303,0.008533892631530815,0.009870522870619736
2023-12-28,0.4911754717926093,0.4796858569756059,0.8029196207912781,0.01213394486075381,0.011211692094802883,0.012983788118007489
2023-12-29,0.4938332328575243,0.48326613385088973,0.8098516357624013,0.005411021554507123,0.007463794946670488,0.008633510492982666
2024-01-02,0.49361190969059116,0.48250957241239384,0.8083795975147848,-0.000448173902052873,-0.0015655171871185036,-0.0018176641036610208
2024-01-03,0.49639481474170133,0.4852353940005609,0.8136523396926006,0.0056378401664873845,0.005649259090423575,0.0065226066986672215
2024-01-04,0.49335753983883374,0.4823110949083249,0.807995534788445,-0.0061186676666799,-0.006026557683944667,-0.006952361135338037
2024-01-05,0.49007323642160094,0.4778805077484946,0.79949274612425,-0.006657045148850238,-0.009186160564422563,-0.010523311451741124
2024-01-08,0.48247448309670454,0.470423822050376,0.7855144415814034,-0.015505342385927268,-0.01560366153717041,-0.017483966690892583
2024-01-09,0.48302066859812626,0.4704944079879447,0.7856464858369809,0.0011320505447585116,0.00015004754066461068,0.00016809908079062907
2024-01-10,0.4782938305112606,0.4653290965115335,0.7760025369108587,-0.009785995494943078,-0.010978475809097277,-0.012275176049248326
2024-01-11,0.4829505245328531,0.4707583068906057,0.7859348481557132,0.009736052870710887,0.011667463779449383,0.012799328317138592
2024-01-12,0.48258397624239774,0.47021408171485957,0.7849380112171657,-0.000758976896877539,-0.00115606069564822,-0.0012683455134822053
2024-01-15,0.48417850755522224,0.4718773614054702,0.7879765039301615,0.0033041530413839837,0.0035372817516325927,0.003870997033618151
2024-01-16,0.4846867237358588,0.471838961427549,0.7879057792980336,0.0010496463033906611,-8.137702941890534e-05,-8.975474747674461e-05
2024-01-17,0.4750813206455533,0.4620760665620649,0.7701331647244816,-0.01981775571707256,-0.02069115877151484,-0.02255677650871679
2024-01-18,0.47492887354602575,0.4621060409406961,0.7701878854369044,-0.0003208863259881456,6.486892700197089e-05,7.105357219927555e-05
2024-01-19,0.47143221338666264,0.45778380342088704,0.7620641711179912,-0.007362492268064291,-0.009353345632553078,-0.010547704621846732
2024-01-22,0.4562578645356168,0.4419601507469075,0.7351648884917765,-0.032187764052093004,-0.03456577658653259,-0.03529792325330283
2024-01-23,0.4610009345541984,0.4466645382570176,0.7432927291604836,0.01039559071142615,0.010644370317459018,0.011055806385669165
2024-01-24,0.4723943030654556,0.4572058629560976,0.7605836187854565,0.024714415215394192,0.02360009312629696,0.023262557195335765
2024-01-25,0.4879172143232742,0.4730725421720968,0.7841341529754594,0.03286007294560389,0.03470357775688182,0.030963767307544243
2024-01-26,0.4912803738580289,0.47543885513266926,0.7876321676294725,0.006892889687073911,0.005002008676529002,0.0044609900496486166
2024-01-29,0.4876364312165403,0.47103112695520627,0.7811461722513564,-0.007417236338738031,-0.00927086234092711,-0.008234802544488384
2024-01-30,0.47886250690336574,0.46197340624693417,0.7680739134811407,-0.017992758029349187,-0.019229558706283623,-0.016734715261472632
2024-01-31,0.46762286544471715,0.44894637550307337,0.7500547019890844,-0.023471542032662662,-0.028198659420013428,-0.023460257113000815
2024-02-01,0.46088846981545967,0.4410319079002365,0.7391504973641545,-0.01440133947011546,-0.017628982067108168,-0.01453787916536331
2024-02-02,0.4543502996531158,0.43350157101100034,0.7286873609472406,-0.014186013733348046,-0.01707435846328731,-0.014155623860399036
2024-02-05,0.44146488486546437,0.4194824905366448,0.7100615042532481,-0.02836008867494766,-0.0323391687870026,-0.025560834031456592
2024-02-06,0.4558874051053621,0.4320319729074614,0.7259183298266921,0.03266968842673168,0.029916582107544,0.022331622653054772
2024-02-07,0.4591193938464367,0.4346468165563138,0.7291854243924881,0.007089445123687144,0.006052430868148884,0.00450063654760724
2024-02-08,0.46782246012874606,0.4435464350599729,0.7400162879266934,0.018955997936389357,0.02047551751136778,0.014853373602782716
2024-02-19,0.4756310791728417,0.4520099312753537,0.7501150752404293,0.016691415461213,0.019081420898437562,0.013646709509637533
2024-02-20,0.47786645712707276,0.4546647249029513,0.7532755719753569,0.004699814734812069,0.005873308181762793,0.004213349177010661
2024-02-21,0.48514854808048313,0.4620795186851398,0.7619876710512536,0.015238757282087123,0.01630826711654665,0.011565620073209715
2024-02-22,0.4905220248362806,0.46769197657806144,0.7685065061434795,0.011075941125780808,0.012146086692810032,0.008555040114011758
2024-02-23,0.49373315460068107,0.4717966702979703,0.773234646370505,0.006546351849281873,0.008776489496231,0.006152375014692124
2024-02-26,0.4896368564439378,0.46921634778172777,0.7702702446785761,-0.008296583121010559,-0.00546914100646978,-0.0038337672863516525
2024-02-27,0.49723407779728734,0.47736316995965394,0.779502457867824,0.015516032450100914,0.017362613677978533,0.01198568067899397
2024-02-28,0.4858229712713334,0.4640197564803514,0.7648427506473535,-0.02294916425781668,-0.027952331304550215,-0.018806492619111492
2024-02-29,0.4953824989092234,0.4742552273311025,0.7759739675483235,0.019676977424254005,0.02205826520919807,0.014553601889471635
2024-03-01,0.4944310595959684,0.4734140252310945,0.775060343146267,-0.0019206155149807946,-0.0017737329006195512,-0.0011773905314672595
2024-03-04,0.4932711953500481,0.472353465616587,0.773907263640782,-0.00234585636037532,-0.002240236997604339,-0.0014877286854908522
2024-03-05,0.4951855217603952,0.474212366125206,0.7759278543629765,0.0038808801900314105,0.0039354014396666415,0.0026108951512986422
2024-03-06,0.49613306529817514,0.4749085027250798,0.7766848101168154,0.0019135122012683414,0.0014679849147796187,0.0009755491436254093
2024-03-07,0.495299277252147,0.47358067825114863,0.7752418422774239,-0.0016805734274675244,-0.002795958518981956,-0.0018578551049228675
2024-03-08,0.4989579879051337,0.47873667048134044,0.7808257226000526,0.007386868548011405,0.010887252092361521,0.007202759214111731
2024-03-11,0.5019907832344812,0.4815789223498366,0.7838913815321062,0.006078257895180128,0.005936983823776165,0.0039261756411475
2024-03-12,0.501290472994422,0.48118847500137346,0.7834647867276212,-0.0013950659323801462,-0.0008107650279999268,-0.0005442014219512181
2024-03-13,0.498440207572272,0.47920127908906146,0.7812929093076215,-0.005685855957174191,-0.004129766225814846,-0.0027721442709265354
2024-03-14,0.4975005961809867,0.4775805964994543,0.7795191958877946,-0.001885103522971776,-0.003382049798965503,-0.0022702284875447676
2024-03-15,0.5021149486528289,0.4820514721615815,0.7843986019537407,0.009275069230597621,0.009361510276794327,0.006259507259970487
2024-03-18,0.5081167174744355,0.488846465209753,0.7917363691392998,0.011952977774729368,0.014095990657806423,0.009354640825828264
2024-03-19,0.5048708682726415,0.48576671560248,0.7884248107626421,-0.006387999233576358,-0.006300034523010201,-0.004182652844731183
2024-03-20,0.5075451353618334,0.48929072085325254,0.7922424649326986,0.005296932854021996,0.0072545218467712225,0.004842128403295121
2024-03-21,0.5082436206450388,0.4901624386343461,0.7931851472479773,0.0013762032862503215,0.0017815947532653365,0.0011898911722167949
2024-03-22,0.5030371296099055,0.4848030475154143,0.7874128886491244,-0.010244085363089073,-0.010933908224105782,-0.007277315540867413
2024-03-25,0.5000727465450716,0.47990994541446763,0.7821234132945764,-0.005892970698073041,-0.010092968940734859,-0.006717537178776212
2024-03-26,0.5012301011354675,0.48036912381464847,0.782621778636485,0.002314372455591407,0.0009568011760712203,0.0006371952730699348
2024-03-27,0.49109978486020395,0.46894351621842917,0.770375746419682,-0.020210909624770568,-0.02378505825996402,-0.015647446251928376
2024-03-28,0.4984551594990482,0.47815962440094884,0.780198768222121,0.014977352598388949,0.01965291738510122,0.012750948933804684
2024-03-29,0.5030933142406034,0.4829093695875573,0.7852441677831313,0.009305059147580508,0.009933388233184903,0.006466813030873597
2024-04-01,0.5114083440164988,0.4916830955480473,0.7944248328146243,0.016527808143200096,0.01816847324371329,0.011691478151835799
2024-04-02,0.5098848007549988,0.489628872542894,0.7922788566659887,-0.0029791130303711277,-0.004177941083908121,-0.00270129540265307
2024-04-03,0.5077153511764612,0.4867652759740305,0.7892806369003581,-0.004254783777287052,-0.005848504304885815,-0.003784298596894997
2024-04-08,0.5054078884726259,0.48455452779251,0.7869531037176195,-0.004544796013137176,-0.0045417129993439165,-0.0029489297898896982
2024-04-09,0.5032791540894016,0.4822646167522031,0.7845357180587205,-0.0042119136479199515,-0.004725806713104297,-0.003071829372651491
2024-04-10,0.5000176245071126,0.47993168358401334,0.7820707896676594,-0.006480557670206277,-0.004837454557418797,-0.0031418944151584416
2024-04-11,0.5029663749718769,0.48296557140872387,0.7852808294803323,0.005897293055761699,0.0063214993476867765,0.00410453868765126
2024-04-12,0.49809077034327864,0.4790005738565374,0.7810997371738135,-0.009693698965205888,-0.008209689855575686,-0.005324327488403946
2024-04-15,0.4980336666161753,0.4769801327934887,0.778957613466903,-0.00011464522232351726,-0.004218034744262744,-0.0027424458170491883
2024-04-16,0.48094711456077827,0.45809471646790517,0.7598305075855577,-0.03430802614507855,-0.039593716859817496,-0.024554745406770384
2024-04-17,0.4972837586637557,0.47468598301551546,0.7761791083207749,0.03396765176124772,0.03621798276901256,0.021516115202016017
2024-04-18,0.497077079007741,0.47511578432012475,0.776598305203335,-0.00041561714496773927,0.0009054434299469172,0.0005400775131232383
2024-04-19,0.4951168816406964,0.47413336899196357,0.7756367518006553,-0.003943447505078135,-0.002067738771438621,-0.0012381605731522916
2024-04-22,0.48801565854539475,0.46570177480874747,0.7674599167765728,-0.01434251862261271,-0.01778316974639893,-0.010542093325386914
2024-04-23,0.4808496177966009,0.4583504717297084,0.7603291680552688,-0.014684038561699642,-0.01578543066978455,-0.009291363060697666
2024-04-24,0.4878589110916543,0.4660887246713149,0.7678178039273588,0.01457689272411633,0.016882829666137633,0.009849202406957414
2024-04-25,0.4876806843047014,0.4655163371929311,0.7672604101321815,-0.000365324447090809,-0.0012280654907226296,-0.0007259453900733126
2024-04-26,0.49695261349865516,0.4748465052157242,0.7762437989236952,0.01901229532429194,0.020042622089385898,0.011708396097181772
2024-04-29,0.503131122936567,0.482140651959717,0.7831861307862571,0.012432793932632302,0.015361062288284266,0.008943494134430185
2024-04-30,0.4969535401790712,0.4749811724867609,0.7761972443217003,-0.012278275932206095,-0.014849358675431246,-0.008923659638278458
2024-05-06,0.5051368617024532,0.483886075578504,0.7848820780039812,0.01646697500219685,0.018747907512042028,0.01118895196525771
2024-05-07,0.5027138117641774,0.4812642480414135,0.7823062329921409,-0.004796818688126314,-0.005418274402618439,-0.003281824217965301
2024-05-08,0.4967688851097116,0.4749733369897154,0.775904352631082,-0.011825668034866954,-0.013071635961532602,-0.008183343160354406
2024-05-09,0.5021080669121915,0.4795393486104025,0.7805633160675307,0.010747818477601756,0.009613195657730111,0.006004558964839202
2024-05-10,0.504698315053807,0.4818363488174877,0.7829046510642903,0.005158746318386864,0.004790014028549283,0.002999545262458936
2024-05-13,0.5033260936431175,0.47956639493388226,0.7805650750623608,-0.0027188943766202067,-0.0047110474109649525,-0.0029883281428320085
2024-05-14,0.5030084223940274,0.47947385241699947,0.7804664959209048,-0.0006311440100209564,-0.000192971229553196,-0.0001262920217742769
2024-05-15,0.49970490635011233,0.47685024825804306,0.7776378581617062,-0.006567516361241643,-0.00547183990478517,-0.0036242910797356087
2024-05-16,0.5012278516398437,0.4785892936359414,0.7795417559054523,0.0030476892869737426,0.003646942377090401,0.00244830897025361
2024-05-17,0.5087259012704543,0.4868770789338335,0.7889706977485829,0.014959363503204148,0.017317113876342827,0.012095492988927425
2024-05-20,0.5121103218413096,0.49026928956624377,0.792940012655965,0.006652738856825158,0.0069672834873200085,0.005031004216898172
2024-05-21,0.5094253643141538,0.4871314352671291,0.7892845322413333,-0.005242927964236199,-0.006400266885757455,-0.00461003399536819
2024-05-22,0.5097376360346304,0.48638532164952153,0.7883997437722341,0.0006129881673579973,-0.0015316474437713223,-0.0011210006441995102
2024-05-23,0.5004515348461829,0.4773383603587395,0.7777055039342238,-0.01821741329654669,-0.018600399494171138,-0.013564489235932342
2024-05-24,0.4992372408957455,0.4757929255441512,0.7758686040847712,-0.0024263966955573313,-0.0032376086711883856,-0.0023619478583604137
2024-05-27,0.5042607100779931,0.4799890049540128,0.7809027697113737,0.010062288568926325,0.008819129467010578,0.006488425488670124
2024-05-28,0.49915287279234527,0.4751073149822934,0.7750535723146926,-0.010129358055395277,-0.010170420408248892,-0.007490301768097174
2024-05-29,0.49853828550243307,0.4744701045091179,0.7742854032918352,-0.0012312606486146738,-0.0013411927223204723,-0.0009911173243978277
2024-05-30,0.4927378858692152,0.4677456914824148,0.7662433071068387,-0.01163481281557377,-0.014172469377517705,-0.010386475259388628
2024-05-31,0.4914420159787429,0.46610354579837976,0.7642434997393405,-0.002629937594886389,-0.003510766029357959,-0.002609885592409378
2024-06-03,0.4855779232954598,0.45964913856885864,0.7561401701546815,-0.011932420290935664,-0.013847582340240527,-0.010603072957012794
2024-06-04,0.48992450990118425,0.4646636441899054,0.7625823006873799,0.008951367838606838,0.010909420251846269,0.008519757033117914
2024-06-05,0.48282124917033964,0.45744308403219475,0.7534404875239407,-0.014498684159070407,-0.01553932666778568,-0.01198796923977763
2024-06-06,0.4792283662357492,0.45363809107320335,0.7486204157318326,-0.00744143498399108,-0.008317959308624334,-0.006397415418898489
2024-06-07,0.4847009755832624,0.45976296628654223,0.7563232535194955,0.011419627328197457,0.013501677513122479,0.010289377133981592
2024-06-11,0.4790543358947765,0.454292987568297,0.7495098342380954,-0.011649738649052832,-0.011897388696670563,-0.00900860743034726
2024-06-12,0.4801961747943902,0.45566235636274255,0.7512198122083441,0.0023835269071952325,0.003014285564422625,0.00228146168620591
2024-06-13,0.47482736933405667,0.45011251735101915,0.7442934467084451,-0.011180441957148735,-0.012179718017578112,-0.009220158184510274
2024-06-14,0.4765628002753277,0.4511591924163529,0.7456060884356118,0.0036548671229819085,0.0023253631591797497,0.0017636077987408516
2024-06-17,0.4724926656719701,0.44681685037357405,0.7401838226103991,-0.008540604933927165,-0.009624855518341024,-0.007272292849149653
2024-06-18,0.47657641677043355,0.45076026285254944,0.7450980927587675,0.008642993627542506,0.008825567960739189,0.00663925635531637
2024-06-19,0.4745945810811325,0.44826732013678133,0.7420005012583851,-0.004158484598820844,-0.005530529022216846,-0.004157293557031316
2024-06-20,0.46775449500442406,0.4407878075361588,0.73275502797486,-0.014412482462666687,-0.016685384511947676,-0.012460198164078506
2024-06-21,0.4677256725088777,0.44096556698060396,0.7329783543211545,-6.161885316802174e-05,0.0004032766818999889,0.00030477627279035246
2024-06-24,0.46233045670854644,0.4352747473881469,0.7258674743586362,-0.011535000359059522,-0.012905360460281345,-0.009701350552301147
2024-06-25,0.4621513994633593,0.43461245802809984,0.7250338482110368,-0.00038729277422444586,-0.0015215432643890248,-0.0011484550238816116
2024-06-26,0.4669202918884245,0.43949692002871155,0.7311362846262662,0.010318896427886415,0.01123866081237801,0.008416760721291494
2024-06-27,0.46101689013778646,0.4328195333696876,0.722857039872926,-0.01264327520819919,-0.01519325017929074,-0.011323805051711044
2024-06-28,0.4660139074103443,0.43735473900049443,0.7284823659800692,0.010839119736078207,0.010478283166885483,0.007782072798422357
2024-07-01,0.47386538620619,0.44559856609666293,0.738486582449423,0.01684816412341994,0.018849291801452672,0.013732956261603535
2024-07-02,0.4730278036492638,0.44435570445832084,0.7369477811842166,-0.001767553784909226,-0.0027891957759856867,-0.002083722713150049
2024-07-03,0.47124306885146616,0.44226248311098176,0.7342997231409815,-0.003773001891281935,-0.004710688591003431,-0.003593277720410404
2024-07-04,0.46498433776083725,0.43601803551632246,0.7264057676460708,-0.013281322324555256,-0.01411932468414312,-0.010750317950746546
2024-07-05,0.46347257569394545,0.43464765655659704,0.7246311469258552,-0.0032512107271650548,-0.003142940998077437,-0.0024430157348093173
2024-07-08,0.4574225010548881,0.42834723788970996,0.7165323797338681,-0.013053792082517002,-0.01449546217918396,-0.01117639950524485
2024-07-09,0.4628343729900704,0.43314560117254475,0.7226706038844043,0.011831232444188267,0.011202040910720745,0.00856656910999054
2024-07-10,0.45874196318228877,0.4287379303821935,0.717065022512314,-0.008842061105667764,-0.01017595648765568,-0.007756758531424879
2024-07-11,0.4644890643735664,0.4340704421087552,0.7237970555399447,0.012527960493106116,0.012437695264816195,0.009388316005212838
2024-07-12,0.46312726156775624,0.43254513816137513,0.7218765661922975,-0.0029318296387597087,-0.0035139548778534424,-0.002653353357751076
2024-07-15,0.46091735891412045,0.4296920605488655,0.7182739414558236,-0.004771696328466968,-0.006596022844314597,-0.004990638157817973
2024-07-16,0.46150082067384063,0.43030879402576827,0.7190552546051463,0.0012658706564985245,0.001435291767120317,0.0010877648543661245
2024-07-17,0.4595750312108296,0.4280232191970667,0.7161617750490397,-0.004172884156953716,-0.005311475992202719,-0.004024001684954648
2024-07-18,0.46166870154304107,0.42993230726886966,0.7187809740986701,0.00455566597405288,0.004460244178771999,0.0036572728968271573
2024-07-19,0.4606996961317616,0.4284695511831554,0.7165835121822229,-0.00209891943733842,-0.0034022939448453693,-0.0030572065700580353
2024-07-22,0.45919073158749607,0.4272127025692329,0.7146941160517097,-0.003275375601363484,-0.0029333440624937923,-0.0026366726255805384
2024-07-23,0.45331514140905255,0.4220006414567036,0.706917732115879,-0.012795533041641938,-0.012200154820266929,-0.010880716324895623
2024-07-24,0.4499086046672628,0.41821381153502263,0.7011762538628852,-0.007514720843431633,-0.008973516979996043,-0.008121847836252472
2024-07-25,0.4486251937844918,0.41740735802713397,0.6999340053543971,-0.0028526035498257496,-0.0019283282513521405,-0.00177166368890036
2024-07-26,0.4521165739875303,0.4208562184869438,0.70534686001729,0.007782398874182972,0.008262577056884712,0.007733378606390451
2024-07-29,0.45467538863168255,0.4234275880280055,0.7093623195099881,0.005659634685772019,0.006109852790832537,0.005692886323474422
2024-07-30,0.45480836108906575,0.42428566180852484,0.71075140384026,0.0002924558062915583,0.0020264947414398993,0.001958215557927412
2024-07-31,0.464254998022509,0.43322067960727795,0.7249499691888633,0.02077058766207096,0.021058967113494864,0.019976837572021733
2024-08-01,0.46457438533699547,0.4339217242589035,0.7260780700180611,0.0006879566528026348,0.001618216037750253,0.0015561085276822872
2024-08-02,0.45982977880096676,0.42947098511167714,0.7187075540449814,-0.010212802698080337,-0.010257009267807038,-0.010151134261493833
2024-08-05,0.4513774452493273,0.42098853013348053,0.7050172517196389,-0.018381440135694094,-0.01975093841552733,-0.019048502062197215
2024-08-06,0.4509029063313036,0.4197629430856461,0.7030175363512171,-0.0010513128713411923,-0.0029112124443053666,-0.002836406291540028
2024-08-07,0.4512562491574742,0.41993481174281416,0.7033010833503129,0.0007836339513656032,0.00040944218635563523,0.00040332848675084243
2024-08-08,0.4502831013329848,0.41843341932012235,0.7008142933129796,-0.0021565304110608974,-0.003575298786163361,-0.0035358825632502144
2024-08-09,0.44916296971635394,0.41716682367512387,0.6987152798240751,-0.0024876163758198455,-0.003026994466781563,-0.00299510656237012
2024-08-12,0.4464445005564269,0.414334386178828,0.6940280426833049,-0.006052300263407084,-0.006789699792861925,-0.0067083650180805865
2024-08-13,0.4480525892594336,0.4160365063298169,0.6968379618451784,0.0036019901712360802,0.004108083248138383,0.00404871127542572
2024-08-14,0.44521260322627415,0.4132421641854451,0.6922197409329106,-0.006338510481221693,-0.00671657919883728,-0.006627395700485539
2024-08-15,0.45041410020761424,0.41799534850473885,0.7002118444780153,0.011683175506818522,0.011502176523208618,0.011545616330348674
2024-08-16,0.4482332107230596,0.41527452606636195,0.6956065738649766,-0.004841965390402714,-0.006509217023849434,-0.006576967598244221
2024-08-19,0.45135849536152356,0.41828838576301497,0.7006711127180547,0.006972452205008306,0.007257511615753165,0.007280751855087031
2024-08-20,0.44569739519630003,0.41257986371475863,0.6911829703787267,-0.012542358731254533,-0.013647335767746016,-0.013541506374540657
2024-08-21,0.44359942768934757,0.4108042114049197,0.6881625154981823,-0.004707156760538012,-0.004303778409957881,-0.004369978732099433
2024-08-22,0.44114694338263405,0.40806997961449226,0.6835192963083712,-0.0055286011514672495,-0.006655802726745597,-0.006747271298916613
2024-08-23,0.44234930347500606,0.4097265200352998,0.6863540869380004,0.0027255319580195003,0.004059451818466231,0.004147345429660332
2024-08-26,0.4446588070393731,0.41238812365395083,0.6909022285962867,0.005220995141676621,0.00649604916572577,0.006626523750411062
2024-08-27,0.43919584880364093,0.4067130818027096,0.6813184103189696,-0.012285730428023278,-0.01376140952110294,-0.013871453703063974
2024-08-28,0.4379035912677093,0.4053025810799303,0.6789061298195732,-0.0029423263891308338,-0.003468048572540239,-0.0035406066574174
2024-08-29,0.4376765968684437,0.4056778303433587,0.6795473706152109,-0.0005183661513450399,0.0009258496761321844,0.0009445205566314119
2024-08-30,0.4440316809983902,0.4128763716738178,0.6915805040519485,0.014520045566559503,0.01774447798728951,0.017707571182040915
2024-09-02,0.4387924769512578,0.40824082713126164,0.6837806400238458,-0.011799167202106497,-0.011227439641952608,-0.011278316815473532
2024-09-03,0.4403313795328821,0.41100025188207967,0.6884717250964977,0.003507130733682251,0.006759306192398062,0.006860511687620141
2024-09-04,0.4376065360672101,0.40888091473514787,0.6848577378080309,-0.006188165532428291,-0.005156534910202071,-0.005249289341490715
2024-09-05,0.4389368381890929,0.4101687821298157,0.687096832864184,0.0030399503029325814,0.0031497371196747004,0.0032694309088476814
2024-09-06,0.43682703006870205,0.40864765960160826,0.6844262103146389,-0.004806632610503181,-0.0037085282802581387,-0.0038868212190885654
2024-09-09,0.43103097303017973,0.4035668255194607,0.6755857040440464,-0.013268540267782236,-0.012433288097381645,-0.012916668206684245
2024-09-10,0.4313374888506857,0.4036710183633396,0.6757687409760048,0.0007111224939384542,0.0002581799030303422,0.00027093073589745664
2024-09-11,0.42496132756265953,0.3972984119452905,0.6647633514082256,-0.014782302611849651,-0.0157866334915161,-0.016285733418039183
2024-09-12,0.42580335971026434,0.39810078763790063,0.6661542377874494,0.001981432410413042,0.002019579410553085,0.002092303037279919
2024-09-13,0.42277464531619574,0.39392453658310567,0.6588845434476848,-0.007112941513964244,-0.010490436553955096,-0.01091292966011903
2024-09-18,0.4246402244943782,0.39614839545691655,0.662736949229893,0.004412703549871555,0.005645393133163479,0.005846860152539213
2024-09-19,0.43176917750061355,0.4034616743487978,0.6751990065595721,0.01678821881446546,0.01846095800399783,0.018803927175269353
2024-09-20,0.43287115436712525,0.40473677670586716,0.6773691118389491,0.0025522360648593256,0.0031604051589966264,0.0032140232113708755
2024-09-23,0.4378600555666844,0.4099006366762485,0.6861151882678347,0.011525141255607885,0.012758563756942731,0.012911832376208299
2024-09-24,0.4533882506976261,0.42309467159211905,0.7065512778266665,0.03546383127103225,0.03218837380409245,0.02978521669287737
2024-09-25,0.46090326771260004,0.4297881514264282,0.7167959867269537,0.01657523547072648,0.015820288658142,0.014499597158467603
2024-09-26,0.47812250948062396,0.4458146768560477,0.7394306438031183,0.037359773675462726,0.037289360761642465,0.03157754437147364
2024-09-27,0.4960839575658557,0.46296600346225136,0.761708252839028,0.037566623049692716,0.03847187519073492,0.030128057611095382
2024-09-30,0.5339714907488528,0.4990470942290833,0.7984051067806296,0.07637322796911339,0.07793464422225949,0.04817704653300736
2024-10-08,0.5583685947625876,0.5239021220691059,0.8213140878773333,0.04568989999731987,0.04980497457543187,0.028693430067197934
2024-10-09,0.5168362506417294,0.4848211601779584,0.7908805450975377,-0.07438159042328885,-0.07459592211003208,-0.03705469470084255
2024-10-10,0.5219211387937421,0.4876550781262314,0.7931889596404903,0.009838489745444656,0.005845285191827809,0.0029187904004743803
2024-10-11,0.5087724219101862,0.4759176106384419,0.7837891283908305,-0.02519291882667385,-0.024069199756700188,-0.01185068341586637
2024-10-14,0.521487049393814,0.48846827235000057,0.7938952701931117,0.024990795365618768,0.02637150093000762,0.012893955065477636
2024-10-15,0.5111190646473968,0.47955443014685784,0.7868606523872401,-0.019881576653665967,-0.018248559236526463,-0.00886088892324599
2024-10-16,0.5167981765230885,0.4862356215326246,0.7921843641094473,0.011111132940442303,0.013932081460952705,0.006765761772501433
2024-10-17,0.5083980404753243,0.4781845681221115,0.7858453464067096,-0.01625419057063726,-0.01655792593955996,-0.008001947513649577
2024-10-18,0.5201109560267145,0.4897075066713837,0.7949105798864348,0.023038868404054558,0.02409726142883306,0.011535645685472495
2024-10-21,0.5236954138085124,0.49387651803107036,0.7981528104701698,0.0068917175080882576,0.008513268232345661,0.0040787362324430365
2024-10-22,0.5273102876433584,0.49710793194493297,0.8006540192626983,0.006902626487708341,0.0065429592132568715,0.003133746770941137
2024-10-23,0.5298234397894588,0.4988940467566818,0.8020335543641578,0.004765983529985807,0.003593012094497583,0.001723010274437664
2024-10-24,0.5272850246138857,0.4973200169031948,0.8008208146803538,-0.004791058652636737,-0.0031550383567809925,-0.0015120809811571823
2024-10-25,0.5347701861404983,0.5060909595857404,0.8075639949918362,0.014195664919734341,0.017636415958404594,0.008420335970130699
2024-10-28,0.5485128318539951,0.5205645433154735,0.8184558991570376,0.025698227144409724,0.02859877943992606,0.013487357327404803
2024-10-29,0.5430419667137975,0.5165983288197113,0.8155079222409545,-0.0099739966368807,-0.0076190638542175115,-0.0036018763126021147
2024-10-30,0.5517429816691292,0.5272550618070342,0.823440542840224,0.016022730265186746,0.020628663301467842,0.009727214638787673
2024-10-31,0.5675491606628701,0.5442134090315379,0.8357485964975104,0.028647720984006364,0.03216346025466921,0.014947106702851043
2024-11-01,0.5643960212246247,0.5384213739363352,0.8316312651860976,-0.005555711569659727,-0.010642948150634601,-0.004926518965952087
2024-11-04,0.5693496614538626,0.5428135771183433,0.8347708181605784,0.008776887226259023,0.008157557249069303,0.0037751742940763666
2024-11-05,0.5851267002469508,0.5589873569742929,0.8461437565493989,0.02771063172813837,0.029796196222305227,0.013624024871737639
2024-11-06,0.5876519594807669,0.5620112587230993,0.8482474313895499,0.004315747739336295,0.005409606695175206,0.0024861908202571392
2024-11-07,0.6037369144206645,0.5770047287942447,0.8585551020582358,0.027371566929019986,0.026678237915038983,0.01215172635630668
2024-11-08,0.5987779668277542,0.5737747558935411,0.8563611892300458,-0.008213755817248258,-0.005597827434539737,-0.002555354715067848
2024-11-11,0.600222535506533,0.575320453105748,0.8574263441682152,0.002412528113604484,0.0026939094066620317,0.0012438150532336767
2024-11-12,0.5906224415165287,0.5655360794066446,0.8507469875260887,-0.015994224511918342,-0.017006824016571054,-0.0077900063224743965
2024-11-13,0.5884008771977591,0.5618164424179645,0.8481892637240726,-0.0037613950344745906,-0.006577187776565463,-0.0030064447356479285
2024-11-14,0.5757891721665773,0.5478287680783968,0.8386777914718028,-0.021433865107823524,-0.024897232055664076,-0.011213855985996113
2024-11-15,0.5632883295248114,0.5322653082576477,0.8281377356211438,-0.02171079840686785,-0.028409351110458392,-0.012567467456318537
2024-11-18,0.5619193957241242,0.5282775036716472,0.8253937899754221,-0.0024302541503781194,-0.007492136955261075,-0.003313392842391849
2024-11-19,0.5653729139354835,0.5321035110817105,0.8280370404573234,0.006145931672119742,0.0072424197196960804,0.0032024113992668024
2024-11-20,0.5720542568824024,0.5397784692525595,0.8333198912673664,0.011817585848623358,0.014423806667327899,0.0063799691945245485
2024-11-21,0.5723737396809054,0.5405654301967724,0.8338576709459828,0.0005584833862510852,0.0014579331874846613,0.0006453460240802844
2024-11-22,0.5563816305641004,0.5246436624149218,0.8231733745083157,-0.027939976990769222,-0.02945391416549681,-0.012813093660871577
2024-11-25,0.5553299361432741,0.5236460911490467,0.8224927289765824,-0.0018902392944929458,-0.0019014263153075417,-0.0008268556209557465
2024-11-26,0.5511098157541866,0.5176392408653814,0.8183848998397921,-0.0075993028908110105,-0.011471202373504519,-0.004994365289893388
2024-11-27,0.5595382256626885,0.5249777552657674,0.8234332990208417,0.015293521667669285,0.014176889657974145,0.0061687345184862075
2024-11-28,0.5629625418403421,0.5291467590665698,0.8262837020469052,0.006119896765941268,0.007941296100616446,0.0034616076729625522
2024-11-29,0.5660476924276974,0.532027765065646,0.8282446951354561,0.005480205800673321,0.005444625616073617,0.0023732685077693105
2024-12-02,0.5765882680387838,0.5441450533936766,0.8364219162029888,0.018621356030760206,0.02277566909790041,0.009872953144837604
2024-12-03,0.5779584128484927,0.5453809067852536,0.8372500765415885,0.0023762967192677564,0.0022711837291717885,0.0009901227150517222
2024-12-04,0.5730414570953316,0.5403884020410521,0.8339159605250673,-0.008507455975816036,-0.009154161214828482,-0.003982222408737468
2024-12-05,0.5774829397734391,0.5459216303880825,0.8376296618996587,0.007750717898528325,0.0102393543720245,0.00445332809346044
2024-12-06,0.5867561074436958,0.5546648739603018,0.8434682520559841,0.01605790757021275,0.016015565395355313,0.006970371778721507
2024-12-09,0.5817803509755775,0.5479669432869995,0.8390374039711835,-0.008480110228074267,-0.0120756351947785,-0.005253129651294208
2024-12-10,0.5855387612892029,0.550815932971923,0.8409352039448165,0.006460187779327775,0.00519919991493234,0.0022618776763116966
2024-12-11,0.5908285574093273,0.5560895922580804,0.844442760229768,0.009034066521023565,0.009574267864227215,0.004171018490482625
2024-12-12,0.5940799375605842,0.5594739496525907,0.846681796585763,0.005503085642159178,0.006085993051528904,0.0026514957098877634
2024-12-13,0.5799001916413954,0.5462618994958238,0.8380780347148088,-0.023868414034336483,-0.023615130186080968,-0.010161741879474495
2024-12-16,0.5748937985887285,0.5410356727257993,0.834622611129742,-0.0086331977895997,-0.009567254781722934,-0.00412303322833496
2024-12-17,0.5645912726382908,0.5286808376570544,0.8265075259914648,-0.0179207463634653,-0.02283552765846264,-0.009723059296575576
2024-12-18,0.5692754368836793,0.5331561438430591,0.8295062391553106,0.00829655801000917,0.008465043306350672,0.00362817405715532
2024-12-19,0.5691803546624528,0.5330224310079212,0.8294171001335119,-0.00016702322824091453,-0.00025079488754276014,-0.00010746033916453346
2024-12-20,0.5668119513049683,0.531462770330766,0.8283742056052995,-0.004161077131499047,-0.002926069498062067,-0.0012573824774585463
2024-12-23,0.5570853954094965,0.5197177362387548,0.820599150827348,-0.017160110814668617,-0.022099448442459035,-0.009385920910309098
2024-12-24,0.5623255937212873,0.5240452406557753,0.823509583061422,0.009406454297619549,0.008326643705367953,0.003546716117290183
2024-12-25,0.5571619819402887,0.5177727169721507,0.8193287309671718,-0.009182601394376433,-0.011969431638717665,-0.005076871211027845
2024-12-26,0.560122935943161,0.521988992983348,0.8221612732406788,0.005314350402302992,0.00814310193061818,0.00345714994049251
2024-12-27,0.5637630001740901,0.5258281574131561,0.8247615418038381,0.0064986880510433664,0.007354876216576933,0.003162723236658893
2024-12-30,0.564091537509193,0.5256369345585472,0.8246322790537103,0.000582757887625629,-0.0003636603554090234,-0.00015672742189831723
2024-12-31,0.5503741075444051,0.5119863488804652,0.8153499323656557,-0.024317737552594365,-0.025969609022140627,-0.01125634652418217
2025-01-02,0.5350748482548499,0.49804678708007094,0.8056486447886458,-0.027797927046051774,-0.027226432561874403,-0.01189831162291577
2025-01-03,0.5222133055729872,0.48395216253659656,0.7946785155438695,-0.02403690385337809,-0.02829980015754696,-0.013616517964421426
2025-01-06,0.5201021782532873,0.4813277171425164,0.7924877048059559,-0.004042653255231565,-0.0054229438304901345,-0.0027568516010707533
2025-01-07,0.5264548887686831,0.4886333217290169,0.7995079622044521,0.012214350912220118,0.015178025960922215,0.008858506391862697
2025-01-08,0.5238595173802362,0.48587767497415263,0.7968765438563491,-0.004929902720662627,-0.0056394982337951705,-0.0032912972384258055
2025-01-09,0.5228031686795956,0.48602904200719793,0.7970240982899286,-0.002016473244436212,0.00031153321266175205,0.00018516598928286498
2025-01-10,0.5117461541783187,0.474852297274067,0.7860751374381639,-0.021149478740159156,-0.022996042966842656,-0.013737302140871765
2025-01-13,0.511150641203182,0.4742255665414932,0.7854488740184683,-0.001163688227599713,-0.0013198435306549516,-0.0007966966386148133
2025-01-14,0.5297217140394438,0.4927807878510159,0.8032492926551942,0.03633189776021384,0.039127416610717836,0.022662733661653167
2025-01-15,0.5278052671475023,0.4905522366516021,0.801128487555454,-0.0036178371419351985,-0.004522398710250841,-0.002640282561257812
2025-01-16,0.5316301168776054,0.4947006674550299,0.8051446615573927,0.007246706253566382,0.008456654548645082,0.005013145911455075
2025-01-17,0.5286841633255641,0.4916865145855478,0.8022338088336116,-0.005541359412336577,-0.006092882156372048,-0.0036153164304046914
2025-01-20,0.529146477107351,0.4918300768762371,0.8023729824621725,0.0008744611884698994,0.00029197931289681733,0.00017348262692040706
2025-01-21,0.5300128496619413,0.4927514157470192,0.8032663194664075,0.0016373019420377055,0.001873286962509102,0.0011133687496476252
2025-01-22,0.5233297410333465,0.486331187417013,0.7970763551345557,-0.012609333213067342,-0.013029345273971593,-0.007705992622675462
2025-01-23,0.5245276204460758,0.48629450419191456,0.7970404330167801,0.0022889572650008905,-7.542848587038797e-05,-4.5067348371619076e-05
2025-01-24,0.5282174580789604,0.4900032629142835,0.8007667261640554,0.007034591676500446,0.007626569271087735,0.004675162002975686
2025-01-27,0.5267608886555868,0.4869043752082257,0.7976606567995708,-0.002757518520252744,-0.00632421851158127,-0.0038788691675086806
2025-02-05,0.5275719728508421,0.4890336258729107,0.7998320806682934,0.0015397578155913472,0.0043730366230010365,0.002722240153394173
2025-02-06,0.5347773610030487,0.49726631541804056,0.8084512106352455,0.013657640138218241,0.016834608316421473,0.010776174368688052
2025-02-07,0.5444445217486709,0.5076895631284749,0.8191463881385628,0.01807698203134489,0.02096109747886654,0.01322921824177059
2025-02-10,0.5531132857101217,0.5179720953262135,0.8294858860890838,0.015922217260278648,0.02025358200073235,0.012622283513959776
2025-02-11,0.5511255519580393,0.5171738253001611,0.8286620001682895,-0.0035937190507555616,-0.0015411448478699352,-0.0009932488721161592
2025-02-12,0.5566181002995015,0.5238985212722914,0.8355666433540445,0.009966056413004853,0.013002777099609286,0.008332279245763408
2025-02-13,0.5553566855862113,0.5227947999302126,0.8344051325613746,-0.0022662121706273908,-0.0021067464351653964,-0.0013900875554432313
2025-02-14,0.5549311885556032,0.5221163676601082,0.8336901849012276,-0.0007661689174750519,-0.0012977027893066317,-0.0008568351658532203
2025-02-17,0.5602735412057991,0.5280606181852608,0.8399221268250461,0.009627054237303145,0.011384915113449079,0.007475129294651328
2025-02-18,0.5501793583727149,0.5160723712981035,0.8275024371216197,-0.01801652601934378,-0.022702406644821038,-0.014786715704673048
2025-02-19,0.55538086208976,0.5223621848091302,0.8340344942373902,0.009454196414110827,0.012187851667404104,0.00789370136297296
2025-02-20,0.5547683482925405,0.5216846595457335,0.8333182664685688,-0.0011028716310367281,-0.0012970411777496471,-0.0008587507756214752
2025-02-21,0.5616998475098864,0.5307785729568933,0.8431189020950851,0.012494402823592266,0.017431820631027328,0.011760975393050543
2025-02-24,0.5656476669839162,0.5351664882675896,0.8478202116416523,0.007028343503262757,0.008266941308975317,0.0055760931641846145
2025-02-25,0.5628212064929675,0.5331196455172594,0.8456301035232822,-0.004996856976392516,-0.003824684084678176,-0.002583222348673919
2025-02-26,0.5693004164051774,0.5393644987333912,0.8523395227974844,0.011512021646417514,0.011713793083113044,0.00793422472337224
2025-02-27,0.5683088286832803,0.5372352255704046,0.8500616879187191,-0.0017417653198963379,-0.003947744369506845,-0.0026724501420386515
2025-02-28,0.5559116317655656,0.5227942801392031,0.8345011591482817,-0.021814190264187627,-0.026880116462707604,-0.01830517595556569
2025-03-03,0.5585740098276951,0.5253531589496097,0.8372805373123563,0.004789210928495713,0.004894618988037003,0.0033305863432369076
2025-03-04,0.5613289068766788,0.5288263903370796,0.8410625393732786,0.004932017960938673,0.006611231565475384,0.004517007015429231
2025-03-05,0.5626694582086407,0.5295259470608664,0.8418287883375386,0.002388174411720456,0.0013228476047515425,0.0009110487370309617
2025-03-06,0.5690575355920341,0.5366696111434226,0.8496123410263062,0.011353161772332587,0.013490678071975681,0.009246004409208641
2025-03-07,0.5631353217693919,0.5295193446762191,0.8419037159645059,-0.010407056320730246,-0.013323404788971094,-0.009073108627975612
2025-03-10,0.5596509584862337,0.526495161244098,0.8385600027206251,-0.006187435148287568,-0.005711185932159357,-0.003971610031498818
2025-03-11,0.5612941041619709,0.5284361933956883,0.8407089870498511,0.0029360186931184362,0.0036867046356201527,0.002562707882863169
2025-03-12,0.5645037477946933,0.5326877522605986,0.8454127286418709,0.00571829208417296,0.008045548200607211,0.005594970036570945
2025-03-13,0.5587835047961119,0.5261916527169179,0.8382523665562263,-0.01013322412991624,-0.012194948196411093,-0.00846966439356489
2025-03-14,0.5655903015216303,0.5318231757791905,0.8445229715679088,0.012181456086471254,0.010702418088913035,0.0074805694106703235
2025-03-17,0.5660742220625212,0.531658001748793,0.844338560104882,0.0008556026148063278,-0.0003105807304383257,-0.00021836168965827518
2025-03-18,0.5674475712990114,0.5341090685425413,0.8470761001650842,0.0024260939342657384,0.004610232114791835,0.0032422302966503835
2025-03-19,0.5643664053614171,0.5300947581221561,0.842588160542341,-0.005429868931398851,-0.007515900135040332,-0.005298153993329002
2025-03-20,0.5614884621567134,0.5265569164359821,0.8386219351989417,-0.005099423313229767,-0.006673979759216464,-0.0047071932993295595
2025-03-21,0.5535883161596885,0.518087604951326,0.8289853419550121,-0.014070005938643826,-0.016084322929382333,-0.011490986390242264
2025-03-24,0.5503481591086102,0.5140233435495419,0.8243335393305974,-0.005853008375530155,-0.007844737768173182,-0.00561144134761693
2025-03-25,0.5491002027231582,0.5116045849499311,0.8214964909283979,-0.002267576196626764,-0.004705542325973533,-0.0034416268013348628
2025-03-26,0.5493009461004961,0.5122547147940463,0.8222628366577001,0.00036558605577341474,0.0012707662582398527,0.0009328654933584701
2025-03-27,0.5455721690871826,0.5075893902358485,0.8167842318645081,-0.006788222448521397,-0.009107431173324576,-0.006662838874563759
2025-03-28,0.5415854896203239,0.5035222087195638,0.8120071970845476,-0.0073073365775402355,-0.008012739419937298,-0.005848588395316767
2025-03-31,0.5386977578439699,0.5019879422501412,0.8101609641400368,-0.005331996206874856,-0.00304706811904909,-0.002273665739835229
2025-04-01,0.5404018357786926,0.5033343866136233,0.8117879227263797,0.0031633284340053525,0.0026822245121003174,0.0020081917771364033
2025-04-02,0.540728663776571,0.5032705791436101,0.8117103609818624,0.0006047869867198408,-0.00012676954269408292,-9.554434396696898e-05
2025-04-03,0.5390372392612104,0.5010802023172036,0.8090397578978504,-0.003128046705620058,-0.004352284669876139,-0.003290093624998991
2025-04-07,0.4956418678800694,0.46020828814154296,0.7701725228678221,-0.08050533102428592,-0.08156760931015017,-0.048041192846959846
2025-04-08,0.5016641594165621,0.46368601465988296,0.7735912003994038,0.012150489954068755,0.007556853294372612,0.004438846401390473
2025-04-09,0.5119882007077451,0.47336427720579644,0.7831048229810805,0.020579587154860635,0.020872448682784928,0.012297997413575734
2025-04-10,0.5188157934071086,0.4802061371859392,0.7898720794643836,0.013335449312943837,0.014453688859939584,0.008641571708806417
2025-04-11,0.5188424132951138,0.4796974881674392,0.7893588615975856,5.130893921023727e-05,-0.0010592305660247492,-0.0006497480796460176
2025-04-14,0.5233558797964302,0.48457296979189857,0.7942685696416059,0.008699108603423156,0.010163658857345492,0.006219868152342656
2025-04-15,0.5218205603794008,0.4824536776095244,0.7921278304640609,-0.002933604983336613,-0.004373525381088261,-0.002695233400096586
2025-04-16,0.520875842094579,0.4807734859399173,0.7904266602531108,-0.0018104274851395985,-0.0034825968742370206,-0.0021475955591074847
2025-04-17,0.5208954269517008,0.48059899867546596,0.7902497574830303,3.759985689288925e-05,-0.0003629302978516158,-0.00022380668438470863
2025-04-18,0.5216785864482268,0.4809480000931376,0.7906102114492515,0.0015034869879912982,0.0007261800765991921,0.0004561266394680352
2025-04-21,0.52505663464008,0.48445980696098806,0.7942305832711745,0.006475343783711951,0.007301843166351407,0.004579212068721583
2025-04-22,0.5225805284490228,0.4822215633213317,0.7917982892325417,-0.00471588401650147,-0.0046200811862945335,-0.003062453259625064
2025-04-23,0.5241278088900426,0.4834127964941978,0.79309542218007,0.002960845949641522,0.002470302581787154,0.001638211354037633
2025-04-24,0.5205351075142448,0.4795969295958249,0.7889409103390367,-0.006854628422418907,-0.007893599271774243,-0.005238350550067938
2025-04-25,0.5222578273746987,0.48106132596285256,0.7905409146717761,0.0033095171403145773,0.003053389787673888,0.002028040771839157
2025-04-28,0.5182444836302483,0.47627357866412023,0.7853339719413693,-0.007684602382361239,-0.009952467679977373,-0.0065865569178903405
2025-04-29,0.5161067909338198,0.47386431206447266,0.7827064574023921,-0.004124873035703525,-0.005058577060699454,-0.003345728865493891
2025-04-30,0.5157840304767161,0.47385117158678286,0.7826920122842725,-0.0006253753346663338,-2.7730464935316057e-05,-1.8455345529466705e-05
2025-05-06,0.529323437336086,0.4873183354248426,0.7970444207635276,0.026250147463573237,0.028420661687850846,0.01833723642760554
2025-05-07,0.5330682529673577,0.49073790497982883,0.8006542085254263,0.007074720987451766,0.007017116546630842,0.004528966852864746
2025-05-08,0.5330238669940696,0.4903471876317977,0.800242145043614,-8.326508480116512e-05,-0.0007961833477020397,-0.0005146584848048086
2025-05-09,0.5302885770091911,0.4876168076076685,0.7973633577447646,-0.00513164635629515,-0.005568258762359668,-0.0035973952592718295
2025-05-12,0.5349346323520928,0.49210969584568165,0.8021451799072747,0.008761371721611066,0.009213973283767718,0.005997042773616901
2025-05-13,0.5358685646398533,0.49257712041442453,0.8026496443468094,0.0017458811437465194,0.0009498381614685414,0.0006288941854553087
2025-05-14,0.5427308365998655,0.49945272733547375,0.8101323485589964,0.012805886392354804,0.01395843744277947,0.009322503616476796
2025-05-15,0.5385036588687634,0.4956638688413553,0.8060357244444267,-0.007788718543403239,-0.007586020231246993,-0.005056734398838025
2025-05-16,0.5361531076059031,0.4939607120734795,0.804176237858081,-0.004364968044596296,-0.003436112403869651,-0.002306953066661399
2025-05-19,0.5411815270665604,0.49966295327008065,0.8103721579949182,0.009378700578853039,0.011543916463852,0.007704679453523822
2025-05-20,0.541295853050695,0.4995419176801861,0.8102411409547919,0.00021125256206411258,-0.00024223446846005636,-0.0001616751499095015
2025-05-21,0.5414880186523332,0.49917611609424367,0.8098428329747869,0.00035501029715101495,-0.0007322740554809304,-0.0004915918976117206
2025-05-22,0.5356139551061087,0.4920483329435172,0.8019849894728776,-0.010848002806865487,-0.014279094934463554,-0.009702924051380624
2025-05-23,0.5289201990679175,0.48609081970530077,0.7953750500357769,-0.012497351822853497,-0.012107577323913543,-0.008241974006826691
2025-05-26,0.5328995537168668,0.4908846820157033,0.8006891960396744,0.007523544489247858,0.009862071275711148,0.006681308401185637
2025-05-27,0.5340015098486911,0.4924888234648527,0.8024855081924296,0.002067849605311922,0.0032678580284117853,0.002243457463445342
2025-05-28,0.5323118459344791,0.4903750388629512,0.8001129704541853,-0.0031641556869207443,-0.004292045831680302,-0.002956486707888839
2025-05-29,0.5357050459569564,0.49342048732155047,0.8035288635410835,0.006374458972485453,0.00621044754981992,0.004269263482829411
2025-05-30,0.5316186910228659,0.4885108775709785,0.798010700976661,-0.0076279941078227775,-0.009950153827667285,-0.0068674105123049944
2025-06-03,0.5325855584626875,0.48958710002884037,0.7992237397893628,0.001818723562863056,0.0022030675411224276,0.0015200783789204309
2025-06-04,0.5353669726715327,0.4920629232791341,0.8020892523331126,0.005222473956811191,0.005056961774825952,0.0035853696544412283
2025-06-05,0.5352814211678594,0.49162954627951805,0.8015876400218449,-0.0001597997411876273,-0.000880734920501669,-0.000625382162656507
2025-06-06,0.5363404144157162,0.4926885701448221,0.8028163641952942,0.0019783859591957498,0.0021541094779968795,0.0015328631731594822
2025-06-09,0.539948343099512,0.4962476434731886,0.8069317118350081,0.006726937942437505,0.0072237789630889004,0.005126138209500697
2025-06-10,0.5386757911703592,0.4948819089799221,0.8053408457594062,-0.0023568031005481993,-0.0027521228790283736,-0.001971500254939973
2025-06-11,0.5406665924559231,0.49642854886304655,0.8071548616056766,0.003695731863573304,0.0031252706050872714,0.0022524821084417557
2025-06-12,0.5400330835618511,0.4959361573800169,0.806577232134816,-0.001171718213981654,-0.0009918677806853848,-0.000715636488531457
2025-06-13,0.5333651330448481,0.48902654525133626,0.7985232189672052,-0.012347300045070786,-0.01393246293067929,-0.009985420920317511
2025-06-16,0.5364177779857232,0.4922543966122082,0.8023049731474392,0.005723368011419039,0.006600564718246549,0.004735935149293713
2025-06-17,0.537363747708908,0.49274708478096707,0.8028843225562884,0.0017634943545998816,0.0010008811950683594,0.000722106216762386
2025-06-18,0.5334918145489824,0.4889604927513867,0.7984130433692193,-0.007205423098290309,-0.007684656381607091,-0.00556902041981977
2025-06-19,0.5243299878751436,0.48038598944793,0.7883873937261561,-0.01717332192169485,-0.017536188364028926,-0.012556971264843009
2025-06-20,0.5236433604478242,0.47986986849243674,0.7877798163900618,-0.0013095330101220437,-0.0010743880271911754,-0.0007706583602544725
2025-06-23,0.5276460695466414,0.4846934301630845,0.7934350169263611,0.007643960376761072,0.010051811933517563,0.007178656292837982
2025-06-24,0.5355060166389297,0.49232777371297703,0.8022586425472704,0.014896248727943151,0.015750870704650977,0.011120791788457485
2025-06-25,0.5429456568872851,0.49959600453363284,0.8106192658700269,0.013892729525337266,0.014762991666793734,0.01042135650444398
2025-06-26,0.5410461893487406,0.498297377765638,0.8091285363277406,-0.0034984487203272296,-0.0025993537902831987,-0.0018390008787741996
2025-06-27,0.5404698892670156,0.4979488366473784,0.808727797887549,-0.0010651587481259606,-0.0006994640827179266,-0.0004952716684674119
2025-06-30,0.5418047085280582,0.49964286307632855,0.8106749362474127,0.00246973843973608,0.0034020090103148437,0.002407656030805061
2025-07-01,0.5431117868032469,0.5001296275475944,0.8112358141647817,0.002412452779784191,0.0009742248058319802,0.0006918653732719271
2025-07-02,0.5465830097050293,0.5019733432932977,0.8133643715296959,0.00639135991176687,0.003686475753784224,0.0026238454069063
2025-07-03,0.547443411930827,0.5029353101458808,0.8144741008679329,0.0015741474040000814,0.0019163703918456676,0.0013643692508316096
2025-07-04,0.5478248764807001,0.5033832054902895,0.8149906504083976,0.0006968109243066234,0.0008905625343322843,0.0006342123585196813
2025-07-07,0.5504448052294332,0.5061357937570543,0.8181602984170233,0.004782420187932734,0.005468176603317332,0.0038891832771792423
2025-07-08,0.5563374133431949,0.5119951012904697,0.8248651227403456,0.010705175265130373,0.011576552391052264,0.008195000828437715
2025-07-09,0.5533894716801463,0.5096101491338284,0.8205367455754681,-0.005298837705940973,-0.004658154249191138,-0.005247375656395659
2025-07-10,0.5594889707254463,0.5147682335118458,0.8298539131790529,0.01102207280305012,0.010121628046035669,0.01135496692113458
2025-07-11,0.5625059141668997,0.5171053279098707,0.8342639566594202,0.0053923197762799635,0.004540090560912979,0.00531424074807707
2025-07-14,0.5623071376899159,0.5167593782041917,0.8335968080156626,-0.0003533766880978728,-0.0006690120697022683,-0.0007996853255282099
2025-07-15,0.5556705108737623,0.5103910176621521,0.8215824640779384,-0.011802494351073611,-0.012323647737503052,-0.014412655881353209
2025-07-16,0.5552450989314971,0.5102868051712297,0.8213842444637376,-0.0007655830819530696,-0.00020418167114255592,-0.00024126563414827995
2025-07-17,0.5581562963279313,0.5126861673530904,0.8259556745405439,0.005243085264573066,0.004701987504959204,0.005565519557525489
2025-07-18,0.5608290628581988,0.5151469479878079,0.8306520699085485,0.004788562895109205,0.004799779653549274,0.005686013805301426
2025-07-21,0.5677727544444188,0.5215189472136531,0.8426432710371581,0.012381119392836482,0.012369284629821786,0.01443588905994031
2025-07-22,0.5719703941974965,0.5250407168043033,0.8492615066605198,0.00739316869331863,0.006752908229827881,0.007854136917530674
2025-07-23,0.5695108979204705,0.522580944137853,0.8446342591489833,-0.004300041229366114,-0.004684917926788268,-0.00544855439136982
2025-07-24,0.574985389181143,0.528475012528563,0.8556310954455301,0.009612618969473852,0.011278766393661543,0.013019642735811798
2025-07-25,0.5710931142991148,0.5244731848925489,0.8482213232265523,-0.006769345717760333,-0.007572406530380271,-0.008660008102112537
2025-07-28,0.5706102383989026,0.524521617618536,0.8483117964283969,-0.000845529193264527,9.23454761505571e-05,0.00010666225826594378
2025-07-29,0.5697319159520576,0.5238522901305727,0.8470621460602398,-0.0015392686421286106,-0.0012760722637176203,-0.0014731026651032542
2025-07-30,0.5696112033632315,0.52364811245369,0.8466751560115315,-0.00021187612181505777,-0.0003897619247436035,-0.0004568614599390619
2025-07-31,0.5596569119653184,0.5147903882908998,0.830461321464573,-0.01747558920740777,-0.016915413141250557,-0.01915000627080843
2025-08-01,0.5579645792483152,0.5131472741322892,0.8274668101145221,-0.0030238753079280256,-0.00319181203842156,-0.0036058408412927845
2025-08-04,0.5600721832181956,0.5156974018753372,0.8325531621722813,0.0037773078225140644,0.00496958255767832,0.006146895555913856
2025-08-05,0.5660087703811959,0.5210899467049085,0.8432439033544621,0.010599682221117401,0.01045680046081543,0.012840911148888967
2025-08-06,0.5666598769433924,0.5210740151059315,0.8432122352608729,0.0011503471258191844,-3.057360649094676e-05,-3.755508158820309e-05
2025-08-07,0.5664344567171513,0.5207039271834991,0.8424725639198054,-0.0003978051656965409,-0.0007102406024932506,-0.0008772066036715209
2025-08-08,0.568657210462695,0.5237885081120072,0.848672682078545,0.003924114642364751,0.005923867225646973,0.007359430353306662
2025-08-11,0.5699756006640483,0.5252832302245493,0.8516800530922163,0.0023184269487772635,0.002853674888610769,0.003543617082507833
2025-08-12,0.570932290006361,0.5251684965939623,0.8514435333745116,0.0016784742034539057,-0.0002184224128722878,-0.00027770958923589717
2025-08-13,0.5753708850155429,0.5287302269348977,0.8588264832715968,0.007774293181302516,0.006782071590423655,0.008671097504052261
2025-08-14,0.5710127923267262,0.5248422854093254,0.8508105630591373,-0.0075744060089154575,-0.007353355884551993,-0.009333573624702218
2025-08-15,0.5784108199756078,0.5320624562494821,0.8655585471619596,0.012955975327166636,0.013756839036941582,0.017334039730060535
2025-08-18,0.5858475641545199,0.540428875736364,0.8822205725738466,0.012857201010219033,0.015724506378173908,0.019250027010326853
2025-08-19,0.5849489162135555,0.5396353912776757,0.8806355723525575,-0.0015339279292921892,-0.0014682495594025013,-0.0017966031064826637
2025-08-20,0.5909416729866555,0.544637801309117,0.8908822256467954,0.010244923286450103,0.00926998138427737,0.011635520544400313
2025-08-21,0.5928157479011343,0.5449183519030724,0.8914742292188941,0.0031713365297241225,0.0005151140689849676,0.0006645138437562093
2025-08-22,0.5989599299106358,0.5514052918928383,0.9050906291915367,0.010364404169853847,0.011904425621032777,0.015274025346277531
2025-08-25,0.6108891583795224,0.5631569247111546,0.9285976306162324,0.019916571832553798,0.021312150955200115,0.025971986303397143
2025-08-26,0.6096577142452791,0.5623634183890283,0.9269969785415149,-0.0020158225389198536,-0.0014090323448182618,-0.001723730517872668
2025-08-27,0.5965300601032855,0.5507977586145774,0.9050633740113657,-0.021532827085186557,-0.020566166639327976,-0.023660923431118697
2025-08-28,0.6025036984462218,0.5574344194434163,0.9176689391413135,0.010013977069155633,0.01204917907714842,0.013927825931214333
2025-08-29,0.5977542882928294,0.5532303288956767,0.909754981734731,-0.007882790040360743,-0.007541856765747035,-0.008623978723729997
2025-09-01,0.5998877348880551,0.5568342109068485,0.9165229819592399,0.0035691029525171114,0.006514252424240086,0.007439365939611031
2025-09-02,0.5943948104068605,0.5495811638062856,0.903217184916532,-0.009156587410842243,-0.013025505542755167,-0.014517690559449181
2025-09-03,0.5861148348525365,0.541538739119404,0.8888996147618359,-0.013930093953304246,-0.014633734226226935,-0.015851746837632685
2025-09-04,0.5794139685202935,0.5336562418398252,0.8751939911940405,-0.011432685087946814,-0.014555740356445246,-0.015418640463093825
2025-09-05,0.5878330281228189,0.5435205988999823,0.8918770660392177,0.014530301407862156,0.018484477996826065,0.019062145093587946
2025-09-08,0.5906892491276462,0.54610257456589,0.8962430939982076,0.004858898476576501,0.004750465154647721,0.004895324843791737
2025-09-09,0.5915916851597404,0.5470135766398823,0.8977847480564919,0.0015277678295768649,0.0016681885719298517,0.0017201293584387933
2025-09-10,0.5916643841066952,0.5470616266171946,0.8978679921700778,0.00012288703303053872,8.784055709831762e-05,9.2721683862651e-05
2025-09-11,0.5997279650141457,0.5557323827449157,0.9126393321254346,0.013628640026431604,0.01584968805313114,0.016451572039733353
2025-09-12,0.6010328160710847,0.5589697370884565,0.9181505396112312,0.0021757382230929156,0.005825383663177419,0.006038757362080371
2025-09-15,0.6003265252070454,0.5584595729072236,0.9172745818364115,-0.0011751286205240463,-0.000912686586379885,-0.0009540459184291805
2025-09-16,0.5995952400848198,0.5575187479080249,0.915596646929248,-0.001218145611629362,-0.0016846787929535312,-0.0018292613143211511
2025-09-17,0.6032345612777701,0.560420899857389,0.9207744522713323,0.006069629893051598,0.0052054786682129706,0.005655116103198576
2025-09-18,0.5925677399446453,0.5506735237943504,0.903943849335962,-0.017682709211041203,-0.017392956018447925,-0.018278746650553956
2025-09-19,0.5925050179742509,0.5499955328562078,0.9027528883342902,-0.00010584776417332797,-0.0012312030792237527,-0.0013175165720156201
2025-09-22,0.5933740827943024,0.5506357316092096,0.9038974174375048,0.001466763645348923,0.0011640071868896928,0.0012678210371903642
2025-09-23,0.587328126293994,0.5434250708297435,0.8912638072004385,-0.010189114549521427,-0.013095155954360838,-0.013976818600590635
2025-09-24,0.5938673101152212,0.5507140067459265,0.9038506343261226,0.011133782852336793,0.01341295480728144,0.01412244839742871
2025-09-25,0.5916432783390968,0.5496715015167176,0.9020507182198897,-0.003744997810525841,-0.0018930065631866944,-0.001991386671509998
2025-09-26,0.5879819700017298,0.5446764007477294,0.8935203021487044,-0.006188371391026792,-0.009087429046630846,-0.00945669228889845
2025-09-29,0.5945940476819404,0.5518754665272908,0.9056555448387832,0.011245374888265935,0.01321714282035824,0.013581384397082452
2025-09-30,0.5983524386634262,0.5567352501722274,0.9138109301103682,0.006320936101089858,0.008805942535400346,0.009004952620299767
2025-10-09,0.6096344441182188,0.5679218231056925,0.932031010322999,0.018855117361924245,0.02009316444396969,0.019938566734401197
2025-10-10,0.6115834566836649,0.5713573501276022,0.9376236044350592,0.0031970184497451815,0.006049295663833609,0.006000437807452519
2025-10-13,0.6129020439427268,0.574476519240031,0.9427371774658161,0.0021560217900793432,0.00545922636985785,0.0054537588501069045
2025-10-14,0.6111648329804342,0.5703679744192061,0.9360246603729026,-0.0028344022988034956,-0.007151806354522616,-0.007120242261960619
2025-10-15,0.6141581267176425,0.5727430816027225,0.9399272235806941,0.004897686476185159,0.0041641664505005505,0.004169295289973229
2025-10-16,0.6116327625075888,0.5693864065593096,0.9344353507809369,-0.004111912063348266,-0.005860699415206838,-0.005842870237161235
2025-10-17,0.6000136505435293,0.5568030692501301,0.9147773521582265,-0.018996876355058534,-0.02209982037544267,-0.021037301945267317
2025-10-20,0.6032899352172044,0.5595656736583505,0.9191599533224801,0.005460350228211119,0.004961546659469684,0.004790893821227327
2025-10-21,0.6098953941514494,0.5674552959895377,0.9315188735711374,0.010949062049024239,0.014099546670913732,0.01344588632694843
2025-10-22,0.6090952036460817,0.5655738850910496,0.92857731573159,-0.0013120127042129948,-0.003315522670745863,-0.003157808094934711
2025-10-23,0.6125576407036768,0.5683534927431062,0.9329236169666685,0.0056845580737932,0.00491466760635384,0.004680602424208757
2025-10-24,0.6118801982259899,0.5685344407231606,0.9332091804821703,-0.001105924459465779,0.00031837224960318267,0.00030609527972957906
2025-10-27,0.6154459047520856,0.5728001874467349,0.9399363694609318,0.005827458604533486,0.007503057718277084,0.00720866137995535
2025-10-28,0.6090701490739705,0.5670335421155603,0.9309144600260042,-0.010359571213140795,-0.010067464113235447,-0.009598425731841664
2025-10-29,0.6143884510996908,0.5728423553693966,0.9400210057350604,0.008731838251810897,0.010244214534759433,0.00978236572756841
2025-10-30,0.611979035154762,0.5690588754160579,0.9340844592481806,-0.003921649146588102,-0.006604748964309626,-0.006315333860265837
2025-10-31,0.6084823887006423,0.5654668112009944,0.9284722856957708,-0.0057136703273429346,-0.006312289237975999,-0.006008207819801381
2025-11-03,0.6135440922556329,0.5696821085985524,0.93504380369385,0.00831857034646366,0.007454544305801392,0.007077775071287817
2025-11-04,0.6135765324920297,0.5692405452838507,0.9343557609357536,5.287352091931652e-05,-0.000775104761123635,-0.0007358401343106058
2025-11-05,0.6160677586431486,0.5722978321865458,0.9392495190883858,0.004060171827303671,0.005370817184448207,0.005237574762455788
2025-11-06,0.6204003148875654,0.5768665159584764,0.9465536143460594,0.007032596956476178,0.007983052730560214,0.0077765227548509674
2025-11-07,0.6188481970881151,0.5757617391698253,0.9447884014608052,-0.002501800470123272,-0.0019151341915130127,-0.0018648842057127357
2025-11-10,0.6269560494284432,0.5843330034713012,0.9583747288346017,0.013101520499660735,0.014886825084686306,0.014380285948461857
2025-11-11,0.627455349793955,0.5845556496948863,0.9587275104930003,0.0007963881454959854,0.00038102626800529116,0.0003681040910037403
2025-11-12,0.6234563772550804,0.5793737415501488,0.9505892330466179,-0.00637331810173869,-0.008864696025848495,-0.008488624095283837
2025-11-13,0.6288498056551677,0.5863804972911112,0.9615186170681551,0.008650851281421179,0.012093671560287511,0.011497483499270045
2025-11-14,0.6236806006339487,0.5802165953322966,0.9520224462235909,-0.008220094805998168,-0.010511778593063403,-0.009876221506266547
2025-11-17,0.6238087290395741,0.5813368046097507,0.953749821871184,0.00020543913903225963,0.0019306743144988925,0.0018144274375515579
2025-11-18,0.6148487173973197,0.5707923486858638,0.9379283488037686,-0.014363395741591067,-0.01813829064369199,-0.01658870356208797
2025-11-19,0.611081466856731,0.5657380242062262,0.9303484249711201,-0.0061271178323923925,-0.008854926824569676,-0.008081559580021103
2025-11-20,0.6117716124847746,0.5648922235342938,0.9290643936073941,0.0011293839945654138,-0.0014950394630431907,-0.0013801618074066324
2025-11-21,0.5919243145434414,0.5442465826284915,0.9001370381840077,-0.03244233229574245,-0.03654792904853821,-0.0311360069575658
2025-11-24,0.5914015223135467,0.5434354233367508,0.8989941146971608,-0.0008832078984589709,-0.0014904260635374422,-0.0012697216516639465
2025-11-25,0.5986235530486548,0.5518609388807904,0.9107537838118106,0.012211721584441726,0.015504170656204241,0.013080918909698536
2025-11-26,0.5987322158745685,0.552125020857306,0.9111214894221831,0.00018152113354097388,0.0004785299301146573,0.00040373766972834346
2025-11-27,0.5958537957650178,0.5495576926389574,0.9075206276822381,-0.004807525022427761,-0.0046499037742615545,-0.003952120306402351
2025-11-28,0.5989742881270362,0.5534029576296793,0.9130649688965259,0.005237010125968888,0.006997017860412624,0.006109328036375095
2025-12-01,0.603886459549045,0.5575292658992278,0.9189867667884916,0.00820097209409254,0.007456245422363228,0.006485625989049115
2025-12-02,0.6033825210042955,0.5570585626648489,0.9182917203158096,-0.0008344922075680383,-0.0008442664146423029,-0.0007563182602844387
2025-12-03,0.6002900432279497,0.554072003535004,0.9138453353720596,-0.005125235930266148,-0.005361301898956339,-0.004842017896252937
2025-12-04,0.5973315284929798,0.5502924673785452,0.9082112216018334,-0.0049284754400739095,-0.006821380853652914,-0.006165281533042299
2025-12-05,0.6052897430912815,0.5596987217101187,0.9219956727293832,0.013322944158631111,0.017093191146850595,0.015177582923097788
2025-12-08,0.6084352067961528,0.5631739292997103,0.9271303101445896,0.005196624824348017,0.006209068298339782,0.005569047195206789
2025-12-09,0.6001379900685334,0.5540902135766866,0.9137627529175827,-0.013636976682053326,-0.01612950325012208,-0.01441820753861689
2025-12-10,0.602744950770851,0.5577095389461317,0.9191732633639721,0.004343935470607185,0.006532014608383152,0.00592113262344518
2025-12-11,0.5924966622241395,0.5457279421845108,0.9014719731558472,-0.01700269497671425,-0.021483578681945725,-0.019257838444236453
2025-12-12,0.5952436419883455,0.5476096361748424,0.9042603311617512,0.004636278884498912,0.00344804406166066,0.003093116690186859
2025-12-15,0.5946346227212157,0.54635526558023,0.9024026187676676,-0.0010231428345801596,-0.0022906291484833252,-0.0020543999665416646
2025-12-16,0.584960487173395,0.5355923969042449,0.8868788900152065,-0.016269041825296204,-0.019699395895004135,-0.017202663677617136
2025-12-17,0.5908515020121315,0.541508949314534,0.8955120320931522,0.01007079104984121,0.011046744585037294,0.009734296503322692
2025-12-18,0.5908882674910156,0.5411061069599744,0.8949234124677087,6.222456701698853e-05,-0.0007439255714416504,-0.0006572995161970852
2025-12-19,0.6001351957221969,0.5516186773015896,0.9098870704912775,0.01564919924784558,0.019427927732467598,0.01672060180245727
2025-12-22,0.6037442102967999,0.5576247511794635,0.9183487363868106,0.006013669253742027,0.010888090133666983,0.009299688027179398
2025-12-23,0.5998405079997695,0.552944599127524,0.9117833846924717,-0.006465821502638303,-0.008393013477325462,-0.007149083386524757
2025-12-24,0.6067062767869598,0.5618044280674183,0.9242706801990205,0.01144599055186335,0.016022995710373023,0.013695462887559184
2025-12-25,0.6077013995812972,0.5630539042749996,0.9260276224471969,0.0016402052070525475,0.00222404122352593,0.0019008957936414994
2025-12-26,0.6132745392806759,0.5709351519284119,0.9369783792089488,0.009170852170520716,0.013997323513031068,0.011825518479473107
2025-12-29,0.6118016201862001,0.5692379734985437,0.934598344755836,-0.002401728753004151,-0.0029726290702820624,-0.002540116726196029
2025-12-30,0.6103528166021787,0.5671993854187205,0.9317110820066762,-0.002368093735319765,-0.0035812580585479203,-0.0030893086483201326
2025-12-31,0.6103928986104075,0.5668160234779213,0.9311676969637878,6.567022734804695e-05,-0.0006758856773376731,-0.0005832119563482507
2026-01-05,0.6154530822336335,0.5726881091743332,0.9394930987099978,0.008290043404413527,0.010359773635864267,0.008940818902283931
2026-01-06,0.6268707529278044,0.5836048936490804,0.9547699909720839,0.01855165084677668,0.01906235575675974,0.01626078178015633
2026-01-07,0.6247428153883261,0.5821034242446563,0.9526676208500935,-0.0033945395115974053,-0.0025727498531342707,-0.0022019650197111496
2026-01-08,0.6234582169670972,0.5815557572228648,0.9518809044821724,-0.002056203592242012,-0.000940841436385953,-0.0008258036178652173
2026-01-09,0.6316988706161198,0.5906575634066411,0.9647827941740608,0.013217651840584432,0.01565078854560853,0.013554100761068444
2026-01-12,0.6398953925464423,0.5997857531103449,0.9775301236043785,0.012975362647598354,0.015454283952712977,0.013212641754489995
2026-01-13,0.6341271257698217,0.5932206107383637,0.9684259988088197,-0.009014390232856773,-0.010945812463760363,-0.0093133956445145
2026-01-14,0.6316881744355801,0.5926489488950571,0.9676314447747655,-0.003846155187385625,-0.0009636580944061279,-0.0008204592142626588
2026-01-15,0.6312461573464901,0.5912705316685404,0.9657111669060494,-0.0006997393761327686,-0.002325857877731319,-0.001984513710344582
2026-01-16,0.625785011534291,0.5870799277983795,0.9596885603423568,-0.008651372762656706,-0.007087455987930258,-0.006236447055891325
2026-01-19,0.6328181106378239,0.5943455252239263,0.9700581155700215,0.011238842372221836,0.012375823259353602,0.010805125387725267
2026-01-20,0.6357174065624326,0.595779177852366,0.9721252148169026,0.00458156281539801,0.0024121534824370627,0.0021309024827511625
2026-01-21,0.6371865972540567,0.5986519619959768,0.9762668161062831,0.0023110751356778536,0.004821894168853813,0.004260357849230845
2026-01-22,0.6424571667924628,0.6040828875085891,0.9840650826731836,0.008271626492332818,0.00907192468643192,0.007987843526222616
2026-01-23,0.6479178689422699,0.6116563842362743,0.9948324176141756,0.008499713960808064,0.012537181377410889,0.010941689864396809
2026-01-26,0.6478135701330586,0.6114018630621255,0.994470203799126,-0.0001609753553818427,-0.00041611790657036796,-0.00036409530754766273
2026-01-27,0.6418964849211746,0.6056858303244216,0.9863265771257346,-0.009133932175376835,-0.009349060058593817,-0.008188909675001521
2026-01-28,0.6425579372678666,0.606166216723899,0.9870157835918915,0.0010304657561308606,0.0007931280136108665,0.0006987609197000033
2026-01-29,0.6460448285838393,0.6071182218049388,0.9883869719424444,0.005426578855750819,0.0015705347061156782,0.0013892263663333182
2026-01-30,0.6341421974842841,0.5942064443539609,0.9703390662268855,-0.01842384703495925,-0.02126731991767883,-0.018259959133303805
2026-02-02,0.6171758757708122,0.5763697646205893,0.946668230228703,-0.02675475907577085,-0.03001764774322524,-0.024394396579564104
2026-02-03,0.6289000788836709,0.588812608279046,0.9628580481969394,0.018996534979945467,0.02158830046653737,0.01710189214264135
2026-02-04,0.6369161349957959,0.5955810134957292,0.9715797653545853,0.01274615218104902,0.011495007276534963,0.009058154703051269
2026-02-05,0.6307259035784053,0.5873276967326736,0.9610578720142907,-0.009719068299991251,-0.013857588768005247,-0.010829675252092774
2026-02-06,0.6310808490466603,0.5880528251293862,0.9619853834979368,0.0005627570807560378,0.0012346231937407914,0.0009650943097756493
2026-02-09,0.6420714076029244,0.6002285339774825,0.9773872432065723,0.01741545250955867,0.020705127716064364,0.016010492438701895
2026-02-10,0.6405968044219127,0.598762075448093,0.9755415911212543,-0.002296634242781259,-0.0024431669712066117,-0.0018883529513470387
2026-02-11,0.642258355555292,0.6008932091563643,0.9782367112200656,0.0025937549514920555,0.0035592329502105446,0.0027626911280262956
2026-02-12,0.6421975115977112,0.6027948145108514,0.9806560109728288,-9.47343962978131e-05,0.003164631128311113,0.0024731230437526897
2026-02-13,0.6337788123047401,0.5937961296979989,0.9692871256609769,-0.013109205720879258,-0.014928271770477397,-0.011593142941706769
2026-02-24,0.6433602104094353,0.6041278157398164,0.9821909955422256,0.015117889583358579,0.017399382591247514,0.013312742467769034
2026-02-25,0.652797705814273,0.615038066624624,0.9958148720776681,0.014669069134430446,0.018059507608413794,0.013870903518028443
2026-02-26,0.6522223493959151,0.6146407095653074,0.99531811892299,-0.0008813701599031942,-0.0006460690498352184,-0.0004988408675214995
2026-02-27,0.6592870694231158,0.6220086133419286,1.0044814765077428,0.010831766243128538,0.011987334489822477,0.009206461140954803
2026-03-02,0.6613223175576801,0.6256196803616103,1.0093501569881413,0.0030870439129728755,0.005805493593215916,0.004846958947740232
2026-03-03,0.646762186803136,0.6073421859409703,0.9860831717847282,-0.022016693476058502,-0.029215024709701498,-0.023051450522226014
2026-03-04,0.6402870335975885,0.6023635109752558,0.979671369609385,-0.010011644678167286,-0.008197479248046924,-0.006502293476663201
2026-03-05,0.6458607026312124,0.6062727549507152,0.9847078248637976,0.00870495378034919,0.0064898419380188255,0.00514096401165709
2026-03-06,0.6489766213702172,0.6091970009562789,0.9884763757376305,0.004824443918496124,0.004823317527770987,0.00382707517770986
2026-03-09,0.6401775418040914,0.5993467154714764,0.9759909054414116,-0.013558392207638992,-0.01616929411888135,-0.012631025487990888
2026-03-10,0.6468329473086447,0.606920413470637,0.9855786949355733,0.01039618710427992,0.01263658881187446,0.00982364634824684
2026-03-11,0.6502490010350077,0.6094383262463713,0.988757023521437,0.005281199327549002,0.004148670434951818,0.0032248349139401
2026-03-12,0.6513923244365627,0.6091780550781658,0.988428014581757,0.0017582855179094636,-0.00042706727981567383,-0.0003327500405592154
2026-03-13,0.6447101672519104,0.6010059718690743,0.9781812723767231,-0.010258268226344458,-0.01341493368148805,-0.010366705570733603
2026-03-16,0.640322807545411,0.5964414624634985,0.9723873458447987,-0.006805165994512863,-0.007594782114028975,-0.005923162398976167
2026-03-17,0.6354210327610603,0.5892385929219305,0.9632983545124685,-0.007655161937993427,-0.012076406478881974,-0.009347089275862364
2026-03-18,0.6340473362489636,0.5879883744639872,0.9616921833658223,-0.0021618681807362705,-0.0021217525005340354,-0.0016673662309525383
2026-03-19,0.6182869288152518,0.5706037808006303,0.9403591823974242,-0.024856830922042272,-0.029566220045089797,-0.022182774631415603
2026-03-20,0.6092638107888433,0.5615303173055077,0.9290180653754502,-0.014593738935575473,-0.01590151309967025,-0.012060409718188891
2026-03-23,0.5860244173495827,0.540409416746637,0.9042524566314547,-0.03814340032632413,-0.037613108158111475,-0.026657833326402258
2026-03-24,0.6020165069393613,0.5564108318065263,0.9225372082346556,0.02728911819426605,0.02960980057716367,0.020220848137162628
2026-03-25,0.613207997030971,0.5672984254960912,0.9348957139520228,0.018590005361326378,0.019567544460296737,0.013396213840541016
2026-03-26,0.6034726464686578,0.5572056898736892,0.9236207307985692,-0.015876098500753,-0.017790875434875564,-0.012060150651233115
2026-03-27,0.6064999446587536,0.5606682264690508,0.9275067332108352,0.005016462979408498,0.006214108467102131,0.004207357287125957
2026-03-30,0.6055117233668631,0.5605600530147073,0.927383767530704,-0.0016293839770199492,-0.00019293665885922184,-0.00013257659025889268
2026-03-31,0.5981484553888395,0.5528941059042249,0.9186967127577215,-0.012160405313180633,-0.013675514459610016,-0.009367270678149797
2026-04-01,0.6068055843814038,0.5609377095940749,0.9278005533989907,0.014473211314967704,0.014548181295394924,0.009909516943781727
2026-04-02,0.5993523318412987,0.5540717030998892,0.9200325555962932,-0.012282768537311917,-0.012240229845046913,-0.008372486709820937
2026-04-03,0.588785471942955,0.5432600476574541,0.9079339213797991,-0.017630464314505434,-0.019513098001480045,-0.013150224025119006
2026-04-07,0.5932348305990346,0.5487639558853593,0.9141574192686406,0.007556841783811219,0.010131258964538592,0.0068545713980854295
2026-04-08,0.612876639474286,0.5673317636458541,0.9341665805101613,0.0331096689913124,0.033835691213607744,0.021888091503462048
2026-04-09,0.610805346211337,0.5654143949876123,0.9321241432290065,-0.003379625082015947,-0.003379625082015947,-0.002186373740794112
2026-04-10,0.6115228455758425,0.5660785746180006,0.9328324765878356,0.0011746776103973566,0.0011746776103973566,0.0007599131124051972
2026-04-13,0.6147761686516467,0.5690901325717986,0.936052331063836,0.005320035219192443,0.005320035219192443,0.003451696372941626
2026-04-14,0.6158785726817534,0.5701106133380213,0.9371565380615144,0.0017931795120238458,0.0017931795120238458,0.0011796423779251164
2026-04-15,0.6115486757130251,0.5661024852328603,0.9328288871283331,-0.007030439376831121,-0.007030439376831121,-0.0046178527891753696
2026-04-16,0.6154942697533431,0.569754869222311,0.9367752297795099,0.006451807022094691,0.006451807022094691,0.004230510767441409
2026-04-17,0.613842342849258,0.5682257024315641,0.9351105777447319,-0.0026839029788970903,-0.0026839029788970903,-0.0017770026169134923
2026-04-20,0.6193400331787908,0.5733148413377362,0.9406918641630877,0.008956192731857326,0.008956192731857326,0.0059685844125692
2026-04-21,0.6190150634417095,0.5730140211690511,0.9403615127952526,-0.0005247032642365923,-0.0005247032642364813,-0.00035117914847604403
2026-04-22,0.621715630119085,0.5755138998676957,0.9431048276597533,0.0043626832962035955,0.0043626832962035955,0.0029172981105385354
2026-04-23,0.6137939113725125,0.5681808700569095,0.9351160267176793,-0.012741707563400317,-0.012741707563400317,-0.008470745465164908
2026-04-24,0.6117792488585249,0.5663159237306925,0.9330726506107316,-0.003282311011333805,-0.003282311011333805,-0.0021851578291520735
2026-04-27,0.6121009978859105,0.5666137625311967,0.9334015056375345,0.0005259234078076602,0.0005259234078076602,0.0003524431099632963
2026-04-28,0.6119706746254537,0.5664931240202192,0.9332682775336235,-0.00021291136741641292,-0.0002129113674163019,-0.00014273397150788014
2026-04-29,0.6194816157020848,0.5734459023987529,0.9409055070596593,0.012273367643356403,0.012273367643356403,0.008183316319524847
2026-04-30,0.6161334666000717,0.5703465652521719,0.9375049589080348,-0.005404759426506089,-0.0054047594265063115,-0.0036141229125666863
