date,open,high,low,close,volume
2020-03-19,11.057832,11.057832,11.057832,11.057832,100.000000
2020-03-20,11.979317,11.979317,11.057831,11.748945,2300.000000
2020-03-23,11.748942,11.748942,10.597085,10.633945,18700.000000
2020-03-24,11.887169,11.887169,10.597089,10.781386,96100.000000
2020-03-25,10.873532,12.393983,10.873532,12.393983,19200.000000
2020-03-26,12.900801,14.236956,12.900801,14.236956,76400.000000
2020-03-27,13.822289,14.743775,13.407620,13.407620,486500.000000
2020-03-30,14.052661,15.204519,14.052661,14.651627,210000.000000
2020-03-31,15.103154,15.895633,13.416836,15.895633,461500.000000
2020-04-01,14.743775,14.743775,13.416835,13.868363,2998900.000000
2020-04-02,14.430470,14.651626,11.168410,12.237333,15966300.000000
2020-04-03,12.670432,15.665261,12.329482,15.591542,66934300.000000
2020-04-06,15.720548,15.803482,13.684065,14.227741,37138000.000000
2020-04-07,14.006586,14.559478,13.407621,14.052661,23486000.000000
2020-04-08,13.361546,14.052660,12.652001,13.140389,49372700.000000
2020-04-09,12.900802,14.283031,12.808654,13.619561,34992600.000000
2020-04-13,13.361545,13.361545,12.882372,12.891587,21497400.000000
2020-04-14,12.900802,13.085099,12.698075,12.781009,22350000.000000
2020-04-15,12.467701,12.582887,11.924024,12.311049,14990700.000000
2020-04-16,12.117540,12.209689,11.297418,11.877954,21745200.000000
2020-04-17,12.255762,12.744150,11.914813,12.661216,21336500.000000
2020-04-20,12.440059,13.582702,12.417022,13.315471,20032200.000000
2020-04-21,13.103528,14.052658,13.066669,13.536626,16235900.000000
2020-04-22,13.776216,13.969728,13.103532,13.628778,12539500.000000
2020-04-23,13.545844,14.670057,13.462910,14.485760,12226000.000000
2020-04-24,14.375180,15.361170,14.089519,14.974146,17390000.000000
2020-04-27,14.900428,15.490179,14.720739,15.480964,12186100.000000
2020-04-28,15.554684,16.356378,15.305884,15.665263,12983800.000000
2020-04-29,16.089143,16.660465,15.821913,16.255011,12523200.000000
2020-04-30,15.867987,16.439309,15.651439,16.319515,19094100.000000
2020-05-01,15.969349,15.987779,15.315095,15.453318,10727200.000000
2020-05-04,14.881998,15.222949,14.458114,15.112370,9700300.000000
2020-05-05,15.370385,15.444104,14.596337,14.716130,16298000.000000
2020-05-06,14.743776,15.084726,14.218529,15.011007,10647200.000000
2020-05-07,14.937289,15.702124,14.633199,15.121587,12454100.000000
2020-05-08,15.702121,16.955340,15.605363,16.918482,17693300.000000
2020-05-11,16.982982,17.277858,16.605173,16.909264,9574600.000000
2020-05-12,16.946124,16.955339,16.301085,16.402447,7743200.000000
2020-05-13,15.858774,16.067952,14.835926,15.149231,10676300.000000
2020-05-14,14.762203,15.402635,14.485757,15.250589,7797200.000000
2020-05-15,15.020220,15.633009,14.743775,15.398029,7353800.000000
2020-05-18,15.941704,16.328728,15.932491,16.172075,6135000.000000
2020-05-19,16.070715,16.513028,15.803483,16.374805,8338100.000000
2020-05-20,16.734187,17.554309,16.623610,17.259434,11910000.000000
2020-05-21,17.084349,17.987405,17.047489,17.922901,9711500.000000
2020-05-22,17.941324,18.300705,17.462153,17.554300,5937100.000000
2020-05-26,18.070344,18.982615,17.821542,17.978195,7305400.000000
2020-05-27,18.033481,18.549513,17.904474,18.420506,8969700.000000
2020-05-28,18.503436,18.853600,17.973581,18.061123,8509200.000000
2020-05-29,17.471370,19.332772,17.397651,18.862814,32990600.000000
2020-06-01,18.936539,20.226621,18.936539,20.106827,7695700.000000
2020-06-02,19.987028,20.115114,19.263662,19.682938,8295600.000000
2020-06-03,19.784302,20.807152,19.701368,20.475416,9636300.000000
2020-06-04,20.300336,21.304756,20.300336,20.899302,6651900.000000
2020-06-05,21.691779,22.484255,21.544339,21.710207,7843600.000000
2020-06-08,21.774712,22.465827,21.479837,22.456614,8570400.000000
2020-06-09,21.876078,22.078804,21.387690,21.387690,6850000.000000
2020-06-10,20.558352,21.332400,20.309552,20.456989,10262100.000000
2020-06-11,18.577153,20.088390,18.429716,19.406490,6834800.000000
2020-06-12,20.272691,20.558351,19.369635,19.848808,5212800.000000
2020-06-15,19.093191,20.770297,19.010257,20.245049,7735600.000000
2020-06-16,21.157316,21.175747,20.203579,20.337194,7287800.000000
2020-06-17,20.429334,20.585986,19.424914,19.590782,5737700.000000
2020-06-18,19.351202,20.171324,19.351202,19.581573,3618900.000000
2020-06-19,20.051535,20.134469,19.351205,19.765875,14451100.000000
2020-06-22,19.830378,21.032917,19.636865,20.954590,5995500.000000
2020-06-23,21.304751,21.415328,20.567561,20.632065,5961200.000000
2020-06-24,20.364844,20.880875,19.765878,20.106827,6825600.000000
2020-06-25,19.995841,20.227060,19.454787,19.903353,6141000.000000
2020-06-26,19.903352,20.106824,19.044140,19.394669,21346900.000000
2020-06-29,19.496404,20.781982,19.422414,20.458277,8086000.000000
2020-06-30,20.171561,20.726487,19.801611,20.550760,7082500.000000
2020-07-01,20.643248,21.281413,20.227054,20.911463,9181500.000000
2020-07-02,21.262915,21.475636,20.874467,21.188925,5667400.000000
2020-07-06,21.392397,22.465256,21.392397,22.391264,7145200.000000
2020-07-07,21.975074,22.363522,21.941779,22.206293,4671900.000000
2020-07-08,22.086057,22.280282,21.697608,22.187794,4692100.000000
2020-07-09,22.197045,22.400517,21.975075,22.113806,5470300.000000
2020-07-10,22.049064,24.102290,21.938078,23.020184,12262400.000000
2020-07-13,23.251400,23.316141,21.512632,22.456007,8562400.000000
2020-07-14,22.474509,23.269903,22.409768,23.260654,7218300.000000
2020-07-15,23.658354,24.573982,23.621360,24.462997,5798700.000000
2020-07-16,24.157784,24.962426,23.972808,24.610973,4863400.000000
2020-07-17,24.869939,24.879188,24.352009,24.490740,3187100.000000
2020-07-20,24.250270,24.546232,24.106915,24.425997,2442800.000000
2020-07-21,24.315012,24.786698,24.194777,24.573977,4952700.000000
2020-07-22,24.361251,25.027161,24.342753,24.601719,3503900.000000
2020-07-23,24.657218,25.554348,24.527736,25.295383,6245400.000000
2020-07-24,25.202889,25.212138,24.546227,24.583221,8293000.000000
2020-07-27,24.509232,24.768199,24.120784,24.278013,5734900.000000
2020-07-28,24.111540,24.416749,23.908068,24.111540,9895100.000000
2020-07-29,24.148531,25.637582,24.148531,25.138149,12657500.000000
2020-07-30,23.908063,25.434109,23.676844,24.879183,6742900.000000
2020-07-31,24.832944,25.300006,24.629470,25.193645,9261300.000000
2020-08-03,25.193641,25.794811,24.980920,25.545095,4115900.000000
2020-08-04,25.341625,25.776318,25.119655,25.683830,4382200.000000
2020-08-05,25.582090,26.058401,25.582090,25.998285,4177300.000000
2020-08-06,25.915050,26.395986,25.841060,26.146269,3648700.000000
2020-08-07,26.562465,26.849178,26.303500,26.793684,3477900.000000
2020-08-10,26.839926,27.348607,26.738188,27.246870,3516900.000000
2020-08-11,27.894284,28.042264,27.228373,27.274616,5113800.000000
2020-08-12,27.626070,27.922031,27.394851,27.552080,3523800.000000
2020-08-13,27.653816,28.005270,27.163633,27.320862,3643800.000000
2020-08-14,27.478086,27.790695,27.080390,27.302361,5008300.000000
2020-08-17,27.283866,27.917406,26.953684,27.598324,4588200.000000
2020-08-18,27.487338,27.792548,27.163633,27.246870,3412900.000000
2020-08-19,27.320860,27.459591,26.932412,27.052645,3864000.000000
2020-08-20,26.839924,27.200625,26.590207,26.830675,3166800.000000
2020-08-21,26.969404,27.579823,26.900038,27.302361,3112600.000000
2020-08-24,27.524333,28.153249,27.505835,28.097755,3117300.000000
2020-08-25,28.208745,28.490833,28.125506,28.180998,3233600.000000
2020-08-26,28.217991,28.893150,28.125503,28.698927,3316600.000000
2020-08-27,28.735924,28.893153,27.894286,28.005272,4144700.000000
2020-08-28,28.097761,28.185626,27.704689,28.023771,3689900.000000
2020-08-31,27.922035,28.171750,27.589078,27.607576,3572700.000000
2020-09-01,27.431851,28.079265,26.978661,28.023771,2778500.000000
2020-09-02,27.949771,28.624932,27.598318,28.467703,3445400.000000
2020-09-03,28.208740,28.384468,26.784429,27.126635,5049400.000000
2020-09-04,27.219122,27.834164,26.664196,27.746302,4277400.000000
2020-09-08,27.145138,27.977527,27.006406,27.348610,4733300.000000
2020-09-09,27.681557,28.065380,27.330103,27.866531,4782000.000000
2020-09-10,27.653819,27.755556,26.432982,26.950912,9090300.000000
2020-09-11,26.978661,27.417978,26.830680,27.043402,4547300.000000
2020-09-14,27.191379,27.228374,26.664199,26.960159,4299400.000000
2020-09-15,27.265368,27.783300,27.099816,27.459593,4052100.000000
2020-09-16,27.894283,28.241112,27.306986,27.977522,4884300.000000
2020-09-17,27.533584,28.389094,27.163634,28.356724,4735100.000000
2020-09-18,28.208742,28.856157,28.208742,28.476957,8061000.000000
2020-09-21,28.014516,28.458457,27.024897,27.293112,4516900.000000
2020-09-22,27.293115,28.051514,27.274617,27.986773,4719700.000000
2020-09-23,28.116253,28.134750,26.913913,26.923162,3348800.000000
2020-09-24,26.932408,27.718552,26.627199,27.635313,4269300.000000
2020-09-25,27.191378,28.208742,27.145134,28.199493,2845700.000000
2020-09-28,28.439966,29.189116,28.144006,28.430717,7027600.000000
2020-09-29,28.217995,28.384473,27.820298,28.208746,6851300.000000
2020-09-30,28.310484,28.893156,28.070016,28.245743,5066600.000000
2020-10-01,28.412213,28.726671,28.254984,28.458458,3730300.000000
2020-10-02,28.060760,29.152115,27.986770,28.883900,2483100.000000
2020-10-05,29.263103,30.030753,29.263103,29.670052,5088600.000000
2020-10-06,29.910516,29.956759,29.087376,29.142868,2439400.000000
2020-10-07,29.531315,29.864272,29.494320,29.707041,2209700.000000
2020-10-08,29.882772,30.027976,29.253854,29.549816,2276400.000000
2020-10-09,29.512822,30.104743,29.327846,29.808783,2700800.000000
2020-10-12,30.141738,30.668917,29.781036,30.520937,3302600.000000
2020-10-13,30.798396,30.955627,29.633052,30.049248,3534500.000000
2020-10-14,30.224976,30.567180,29.993757,30.067745,3443600.000000
2020-10-15,29.679291,30.206470,29.605299,30.150976,2691600.000000
2020-10-16,30.446942,30.770651,29.984503,30.298962,3723000.000000
2020-10-19,30.335954,30.520930,29.660794,29.892014,5529300.000000
2020-10-20,30.012253,31.260835,29.919763,30.733656,3944800.000000
2020-10-21,30.576431,30.927882,30.428451,30.844643,2909800.000000
2020-10-22,30.659673,31.566052,30.659673,31.344080,3987700.000000
2020-10-23,31.353324,32.333692,31.316328,32.305946,5072400.000000
2020-10-26,31.862009,31.862009,30.770654,31.177599,5196800.000000
2020-10-27,31.288586,31.390319,30.622673,31.075861,4032300.000000
2020-10-28,30.456192,31.223838,30.298961,30.798395,6485900.000000
2020-10-29,31.326847,32.244678,30.529537,31.586435,11949600.000000
2020-10-30,31.493719,32.337384,30.594428,30.955997,6741100.000000
2020-11-02,31.521535,32.569163,31.401010,32.541348,6313000.000000
2020-11-03,32.865848,34.312128,32.847305,34.256504,6733100.000000
2020-11-04,33.032713,34.673688,32.912189,34.098881,9039400.000000
2020-11-05,34.775674,35.508088,34.655153,35.415379,5778100.000000
2020-11-06,35.721321,36.184873,35.364387,36.110706,3443000.000000
2020-11-09,37.770226,38.289402,35.860390,35.971642,7186400.000000
2020-11-10,36.184867,36.481540,34.840569,35.053802,5588400.000000
2020-11-11,35.684235,35.906738,35.127970,35.285580,4633000.000000
2020-11-12,35.229952,36.096796,35.030625,35.192867,8192500.000000
2020-11-13,35.443186,35.795487,35.359747,35.498814,5498900.000000
2020-11-16,36.379565,37.556984,35.674964,37.547714,6135600.000000
2020-11-17,38.428467,38.456279,36.954371,37.417923,6882700.000000
2020-11-18,37.343753,37.631157,36.500088,36.518631,5997200.000000
2020-11-19,36.157056,36.416644,35.702773,36.277580,8524800.000000
2020-11-20,36.092161,36.249767,35.424645,35.730591,4338700.000000
2020-11-23,36.157058,36.286852,35.600797,35.943825,6231700.000000
2020-11-24,36.101433,36.680873,35.628611,36.500088,7022300.000000
2020-11-25,36.212688,36.379567,35.712051,35.795490,4280300.000000
2020-11-27,35.869651,36.008718,34.729314,35.053802,5923500.000000
2020-11-30,34.998180,35.674966,34.682965,35.294853,21169200.000000
2020-12-01,35.823309,36.101439,34.812765,34.859119,6595200.000000
2020-12-02,34.478999,34.562439,33.894926,34.145245,5578000.000000
2020-12-03,34.479002,35.016724,33.932010,34.015450,5411900.000000
2020-12-04,34.553173,35.202147,34.353845,34.951828,5534700.000000
2020-12-07,34.812765,34.951832,34.033997,34.154522,3825100.000000
2020-12-08,33.969086,34.831293,33.941274,34.580975,4022800.000000
2020-12-09,34.682972,35.220694,34.664429,35.081627,4134800.000000
2020-12-10,34.924007,35.665693,34.550384,34.803486,4095700.000000
2020-12-11,34.451199,34.664432,34.080355,34.451199,3102600.000000
2020-12-14,34.766399,34.812753,33.857837,33.950546,6301200.000000
2020-12-15,34.395562,35.146518,33.857844,34.924011,4832100.000000
2020-12-16,34.979639,35.248500,34.618069,35.229958,3990600.000000
2020-12-17,35.610068,36.031902,35.461732,35.878929,4095200.000000
2020-12-18,35.925287,36.027269,34.868389,35.962372,9683100.000000
2020-12-21,35.229961,35.897477,35.165990,35.712055,2835900.000000
2020-12-22,35.609749,35.823649,35.209848,35.367947,3303800.000000
2020-12-23,35.451656,35.712059,35.154056,35.488857,2367600.000000
2020-12-24,35.256348,35.563250,35.200546,35.237747,1395100.000000
2020-12-28,35.442347,36.669948,35.107546,35.116844,3209700.000000
2020-12-29,35.340052,35.507453,34.112451,34.568150,3748700.000000
2020-12-30,34.698348,35.154047,34.642547,35.088947,3051000.000000
2020-12-31,34.986656,35.163359,34.335654,35.079659,2096800.000000
2021-01-04,35.665556,35.693458,34.391455,34.437954,4584200.000000
2021-01-05,34.410045,35.507446,34.224044,35.284245,3701500.000000
2021-01-06,35.637646,37.441847,35.637646,37.246548,6211500.000000
2021-01-07,37.581348,38.306748,37.200047,38.213749,7771900.000000
2021-01-08,38.316054,38.455552,37.200051,37.841751,6964100.000000
2021-01-11,37.088448,38.914038,37.060545,38.660149,3761400.000000
2021-01-12,38.650848,39.004246,38.176546,38.818249,4436100.000000
2021-01-13,38.520653,38.957755,37.971956,38.483456,3948600.000000
2021-01-14,38.502060,38.678759,37.878958,37.944057,3748900.000000
2021-01-15,37.758057,37.758057,36.801086,37.553459,4501100.000000
2021-01-19,37.851050,38.111449,37.386049,37.544147,3383000.000000
2021-01-20,37.581351,37.581351,36.911749,37.237251,4654700.000000
2021-01-21,37.572057,37.572057,36.465353,36.958256,4647200.000000
2021-01-22,36.456052,37.302353,36.363050,36.744350,2585000.000000
2021-01-25,36.242153,36.323061,34.596050,36.167751,9176800.000000
2021-01-26,36.167743,36.316543,34.689041,34.707642,4945100.000000
2021-01-27,34.038046,34.205447,31.815344,33.693947,8138300.000000
2021-01-28,34.233346,35.758547,33.871575,35.526047,8108500.000000
2021-01-29,35.237749,36.084050,35.126149,35.805050,16346400.000000
2021-02-01,36.456047,36.688548,35.851545,35.953846,4731700.000000
2021-02-02,36.381654,36.642056,35.739954,35.786453,2902000.000000
2021-02-03,35.619044,35.953845,35.299125,35.479546,2987900.000000
2021-02-04,35.684143,35.832943,35.209844,35.646946,3439000.000000
2021-02-05,35.340051,37.190755,35.340051,36.409554,4409600.000000
2021-02-08,36.762953,37.311654,36.586254,36.921055,4544800.000000
2021-02-09,34.503046,35.600448,34.363548,34.642548,12941200.000000
2021-02-10,35.023852,35.293553,34.224050,34.586750,7926400.000000
2021-02-11,34.689041,34.851791,34.065942,34.596043,11064800.000000
2021-02-12,34.410045,34.782047,34.186843,34.670444,5472800.000000
2021-02-16,34.837854,34.898307,34.200806,34.791355,4174600.000000
2021-02-17,34.623949,34.753219,34.131050,34.633251,3844400.000000
2021-02-18,34.493748,34.623948,33.816707,34.084549,3961800.000000
2021-02-19,34.410049,35.116848,34.372848,35.005249,3225600.000000
2021-02-22,34.791346,35.219145,34.661146,34.689045,3017600.000000
2021-02-23,34.251954,34.586752,33.312651,34.503052,4340100.000000
2021-02-24,34.279855,34.884354,34.126404,34.828556,5952400.000000
2021-02-25,34.475150,34.661151,33.424248,33.610249,4449900.000000
2021-02-26,33.842739,34.410040,33.498640,33.972939,5375200.000000
2021-03-01,34.186840,34.935491,34.149643,34.596043,4156800.000000
2021-03-02,34.782047,34.800644,34.112445,34.540245,4431900.000000
2021-03-03,34.270548,34.947589,34.065950,34.521648,7100100.000000
2021-03-04,34.363548,34.605347,32.605846,33.033646,6859200.000000
2021-03-05,33.591644,34.447246,32.317543,34.354244,7047300.000000
2021-03-08,34.214750,35.144751,33.759048,34.465851,4659800.000000
2021-03-09,34.735548,35.070349,34.503048,34.521648,3643400.000000
2021-03-10,34.977345,36.363045,34.856444,36.065445,6976500.000000
2021-03-11,36.521145,36.800144,35.907344,36.483944,5156100.000000
2021-03-12,36.270055,36.846655,36.195653,36.818756,2546200.000000
2021-03-15,36.474647,36.958248,36.363044,36.828045,3634300.000000
2021-03-16,36.846637,36.874539,35.628338,35.870136,5740800.000000
2021-03-17,36.093349,36.604849,35.739947,36.595547,4066000.000000
2021-03-18,36.642054,38.688054,36.642054,38.130054,10045200.000000
2021-03-19,38.343960,38.418362,37.740391,38.046360,11066100.000000
2021-03-22,37.776647,38.771748,37.060546,38.511349,10396900.000000
2021-03-23,38.055644,38.585748,37.251195,37.469746,11248200.000000
2021-03-24,37.665047,38.343947,37.320948,37.330246,8587400.000000
2021-03-25,37.376751,37.641801,36.809453,37.525551,8091900.000000
2021-03-26,37.962648,38.260248,37.041949,38.213749,5120300.000000
2021-03-29,39.255354,39.971455,39.015414,39.376255,7698800.000000
2021-03-30,39.125154,39.915654,38.864755,39.394855,3982200.000000
2021-03-31,39.990052,40.436452,39.087950,39.264652,7297800.000000
2021-04-01,39.273958,39.432061,38.929859,39.078659,4759900.000000
2021-04-05,39.422762,39.915662,39.366964,39.599464,5731800.000000
2021-04-06,39.655252,40.269053,39.339052,39.813354,6692600.000000
2021-04-07,39.580850,39.841249,39.190248,39.701748,6117300.000000
2021-04-08,39.599455,39.990054,39.106552,39.552952,5212400.000000
2021-04-09,39.850552,40.045855,39.301851,39.757553,5578100.000000
2021-04-12,39.804054,39.994706,39.506454,39.618053,5868600.000000
2021-04-13,39.515752,40.334151,39.283252,40.138851,7778500.000000
2021-04-14,40.110954,40.715453,40.045854,40.110954,4651100.000000
2021-04-15,40.176050,40.706150,39.711049,40.538750,7090900.000000
2021-04-16,40.808456,41.180455,40.399254,40.808456,5575700.000000
2021-04-19,40.920057,41.519909,40.613155,40.799156,10654900.000000
2021-04-20,40.529450,40.613147,39.069345,39.543648,6545400.000000
2021-04-21,39.525054,40.106305,39.246055,40.045856,4288100.000000
2021-04-22,40.213263,40.650361,39.850559,40.073761,6473400.000000
2021-04-23,40.324857,41.440859,40.055155,41.357159,6615300.000000
2021-04-26,41.682664,41.998864,40.938663,41.013062,4019400.000000
2021-04-27,41.059556,41.887257,40.920054,41.812855,6740600.000000
2021-04-28,41.794265,42.147666,41.357166,41.375767,6560200.000000
2021-04-29,40.892155,41.738456,40.352752,41.059555,9151900.000000
2021-04-30,40.733164,40.891693,40.089715,40.639912,7279100.000000
2021-05-03,41.143481,41.208758,40.266899,40.528008,3928800.000000
2021-05-04,40.248247,40.434755,39.893882,40.220272,9900900.000000
2021-05-05,40.537338,40.826422,40.238927,40.350830,6946100.000000
2021-05-06,40.416111,41.208765,40.248254,41.180790,6237900.000000
2021-05-07,41.143480,42.211234,40.910346,41.814907,5266100.000000
2021-05-10,41.861532,42.570261,41.861532,42.346451,5929800.000000
2021-05-11,42.076024,42.076024,41.040908,41.497852,8457300.000000
2021-05-12,41.255392,41.441897,39.530199,39.567501,7542300.000000
2021-05-13,39.800639,40.695872,39.642106,40.332184,5084200.000000
2021-05-14,40.667902,41.106195,40.518696,40.695877,4398200.000000
2021-05-17,40.583967,41.339322,40.528013,41.190113,6998700.000000
2021-05-18,41.288035,41.479203,40.602620,40.714523,6355800.000000
2021-05-19,40.322857,40.686545,39.819287,40.509361,5250300.000000
2021-05-20,40.621273,41.096865,40.294884,40.929008,4046000.000000
2021-05-21,41.190110,41.703008,40.910350,40.919678,5536500.000000
2021-05-24,41.106188,41.665708,40.966306,41.385948,5125600.000000
2021-05-25,41.637730,42.131972,41.507172,41.703007,7026800.000000
2021-05-26,41.758957,41.992091,41.521163,41.703007,6345000.000000
2021-05-27,42.029398,42.411738,41.814915,42.253208,12343700.000000
2021-05-28,42.612225,43.017879,42.346452,42.831371,4197100.000000
2021-06-01,43.465498,43.913115,43.437523,43.689304,6199300.000000
2021-06-02,43.605375,43.768572,42.812721,42.943275,5729600.000000
2021-06-03,42.644875,43.064517,42.094678,42.644875,4230800.000000
2021-06-04,42.850032,42.943284,42.672848,42.794079,4016900.000000
2021-06-07,43.064506,43.241686,42.775418,42.952602,2982400.000000
2021-06-08,43.083163,43.325621,42.700823,43.232368,3174000.000000
2021-06-09,43.176421,43.390904,42.887337,43.073841,4567000.000000
2021-06-10,43.278988,43.484147,42.691490,42.766094,5163900.000000
2021-06-11,43.055180,43.157759,42.579588,42.989902,4065700.000000
2021-06-14,42.989904,43.167088,42.673777,43.092484,3427700.000000
2021-06-15,43.167085,43.456169,42.728792,43.390892,3962900.000000
2021-06-16,43.577405,43.953217,43.339608,43.745262,6778600.000000
2021-06-17,43.735933,43.745256,42.066692,43.017879,6200000.000000
2021-06-18,42.365111,42.766101,41.982771,42.010746,7343600.000000
2021-06-21,42.337135,43.465502,42.243879,43.362923,4158800.000000
2021-06-22,43.456166,43.549422,42.905970,42.999226,4046100.000000
2021-06-23,43.476055,43.606950,42.718729,43.102066,3100600.000000
2021-06-24,43.242323,43.373218,42.961833,43.214275,3007300.000000
2021-06-25,43.317122,44.102493,43.232975,43.999649,8003600.000000
2021-06-28,43.999652,44.822423,43.639687,44.766327,6283700.000000
2021-06-29,44.906568,45.906984,44.906568,45.542347,9447900.000000
2021-06-30,45.308604,45.804140,45.112261,45.439499,4915700.000000
2021-07-01,45.458207,45.710649,45.168369,45.579754,3466300.000000
2021-07-02,45.626494,45.719993,45.289905,45.364704,2702900.000000
2021-07-06,45.448845,45.462869,44.523224,45.037457,4026400.000000
2021-07-07,45.065525,45.864923,44.897230,45.654556,4355900.000000
2021-07-08,44.700879,45.271208,44.439086,44.925270,3482300.000000
2021-07-09,45.392749,45.687266,45.074859,45.130959,3932600.000000
2021-07-12,45.346003,46.065930,44.859819,46.009830,7450400.000000
2021-07-13,45.897635,46.388495,45.832187,46.028530,5600100.000000
2021-07-14,46.187489,46.486679,45.720004,45.813499,3919800.000000
2021-07-15,45.561041,46.444586,45.355346,46.337067,3872700.000000
2021-07-16,46.337075,46.570817,45.813491,45.888290,3331200.000000
2021-07-19,45.168358,45.346001,44.551279,45.112259,3722800.000000
2021-07-20,45.327299,46.809224,45.174901,46.654957,5358600.000000
2021-07-21,46.767164,47.300096,46.692365,47.169201,3963100.000000
2021-07-22,47.215938,47.697446,46.963495,47.505779,6025400.000000
2021-07-23,47.646029,48.580998,47.627329,48.524902,4494200.000000
2021-07-26,48.431405,48.700678,47.926521,48.160263,2856100.000000
2021-07-27,48.150916,49.001738,47.907826,48.581001,4072200.000000
2021-07-28,48.496852,48.898889,48.178962,48.216362,5156200.000000
2021-07-29,49.623482,50.563127,48.786684,50.432228,6166600.000000
2021-07-30,50.694026,51.900134,50.450932,51.657043,6506800.000000
2021-08-02,51.703794,52.386321,50.938988,51.058666,4010800.000000
2021-08-03,51.413959,53.526988,51.404607,53.461540,4994000.000000
2021-08-04,52.919258,54.134721,52.863162,53.330647,4619100.000000
2021-08-05,53.629828,53.793447,52.274122,52.657459,4508600.000000
2021-08-06,52.844457,53.124947,52.222702,52.713562,4686200.000000
2021-08-09,52.451773,52.852876,52.316206,52.582672,2423800.000000
2021-08-10,52.732269,53.760734,52.601370,52.928612,3763200.000000
2021-08-11,53.087563,53.318502,52.433088,53.190411,3039200.000000
2021-08-12,52.676162,52.891205,52.049731,52.339573,3510400.000000
2021-08-13,52.302170,52.592012,52.115179,52.498516,2316300.000000
2021-08-16,52.348922,53.134297,52.002981,52.919250,2081400.000000
2021-08-17,52.311524,52.489166,50.834271,51.563549,3597000.000000
2021-08-18,51.563545,52.348919,51.460698,51.582241,2632300.000000
2021-08-19,50.768822,52.339570,50.703375,51.657043,4225200.000000
2021-08-20,51.862733,51.984276,51.152154,51.769234,2621200.000000
2021-08-23,52.227379,52.512545,51.750542,52.246078,3493300.000000
2021-08-24,52.152586,52.998735,52.115189,52.928612,2546500.000000
2021-08-25,52.788360,54.265613,52.760312,53.985123,3900200.000000
2021-08-26,53.900971,54.204833,53.438159,53.648529,3601000.000000
2021-08-27,53.863574,54.620896,53.863574,54.527401,3722600.000000
2021-08-30,54.714400,55.060338,54.246916,54.256264,3709300.000000
2021-08-31,54.228207,54.237555,53.237138,53.854218,4837900.000000
2021-09-01,54.134722,54.200169,53.050158,54.125370,3007500.000000
2021-09-02,54.368454,54.499349,53.732675,54.153408,3333300.000000
2021-09-03,53.929024,54.097319,53.526987,53.676582,3048700.000000
2021-09-07,52.657464,53.283895,52.443356,52.563969,4744800.000000
2021-09-08,52.433081,53.246503,52.161939,52.975361,2650800.000000
2021-09-09,53.115597,53.662554,52.741608,53.040798,2202000.000000
2021-09-10,53.442830,53.508278,52.732256,52.760303,2345300.000000
2021-09-13,53.237141,53.368040,51.591597,52.115181,4235500.000000
2021-09-14,52.358279,52.391003,51.039972,51.404610,6193900.000000
2021-09-15,51.479409,52.264783,51.264366,52.133884,3148900.000000
2021-09-16,52.049731,52.227377,51.133461,51.488750,6828000.000000
2021-09-17,51.208263,51.498105,51.021268,51.423306,15945100.000000
2021-09-20,50.441589,51.049316,49.609467,50.320042,6439800.000000
2021-09-21,50.591179,50.637927,48.309852,48.328552,8805600.000000
2021-09-22,48.777340,49.665561,48.702544,49.170029,7154300.000000
2021-09-23,49.534661,50.651949,49.534661,50.011497,4273700.000000
2021-09-24,49.450519,49.983451,49.375724,49.665562,2135700.000000
2021-09-27,49.637519,49.684267,48.875521,48.964340,2297800.000000
2021-09-28,48.403358,48.786696,47.973273,48.581001,5489800.000000
2021-09-29,48.870836,49.618811,48.805389,49.413116,4735200.000000
2021-09-30,49.684255,50.189140,48.365949,48.393997,7036700.000000
2021-10-01,48.487501,49.319623,47.800298,49.048481,3618500.000000
2021-10-04,48.674495,49.104580,48.207010,48.926937,3638300.000000
2021-10-05,49.198072,49.950723,48.889535,49.385067,3524600.000000
2021-10-06,48.739936,49.282216,48.253752,49.188721,2767500.000000
2021-10-07,49.777760,50.469635,49.777760,49.880604,2225300.000000
2021-10-08,49.497272,49.749714,48.113517,48.150917,3108600.000000
2021-10-11,48.020022,48.571654,47.777866,47.917175,2566700.000000
2021-10-12,47.949895,48.094814,46.823259,47.028950,6017700.000000
2021-10-13,47.374885,47.655379,46.683010,47.430984,4474800.000000
2021-10-14,48.029365,49.600113,47.954569,49.562714,5567200.000000
2021-10-15,50.086297,50.413535,49.609465,49.955402,3602200.000000
2021-10-18,49.534658,50.507027,49.469211,50.469627,2449600.000000
2021-10-19,50.862326,50.946473,49.918005,50.460289,3360600.000000
2021-10-20,50.694033,51.030622,50.226548,50.507038,3884100.000000
2021-10-21,50.292000,50.806233,50.048906,50.787533,2397900.000000
2021-10-22,51.208263,51.516801,50.852973,51.105415,3510600.000000
2021-10-25,50.600535,51.741199,49.880609,51.049320,3312900.000000
2021-10-26,51.142811,51.311105,50.189142,50.235889,2314700.000000
2021-10-27,50.170442,50.768821,49.637510,49.702957,2673400.000000
2021-10-28,49.862264,51.075791,49.318757,50.996136,3441300.000000
2021-10-29,50.190236,50.677521,48.765868,48.943913,3955800.000000
2021-11-01,49.056371,49.356238,48.597201,48.887695,2945900.000000
2021-11-02,49.187571,49.693594,48.606576,49.103233,4231000.000000
2021-11-03,48.681529,49.196925,47.959974,48.700272,3105700.000000
2021-11-04,48.653433,49.684228,48.653433,49.637375,2486300.000000
2021-11-05,49.862259,50.082474,49.121961,49.468685,2466600.000000
2021-11-08,49.646734,50.059050,49.075112,49.984085,2144800.000000
2021-11-09,50.199620,51.408460,50.134025,51.361607,3504300.000000
2021-11-10,51.483426,51.595879,50.986772,51.192932,2901800.000000
2021-11-11,51.342861,51.427199,50.518226,51.071106,2315300.000000
2021-11-12,51.445939,52.626664,51.239780,52.589180,2842500.000000
2021-11-15,52.532957,52.785970,52.008189,52.195606,2956800.000000
2021-11-16,52.026923,53.067087,52.008181,52.720364,3179900.000000
2021-11-17,52.945273,52.982757,52.401762,52.589180,2507500.000000
2021-11-18,52.992133,53.470048,52.664155,53.432564,3626600.000000
2021-11-19,53.381024,54.322795,53.348226,53.554386,5009400.000000
2021-11-22,53.760532,53.976061,52.851562,52.860931,4717900.000000
2021-11-23,52.757855,53.048352,51.089846,51.417824,5108900.000000
2021-11-24,51.146065,52.317421,50.930533,52.186226,3618700.000000
2021-11-26,51.370964,52.158115,51.183547,51.895733,2927600.000000
2021-11-29,52.626668,52.664152,51.558392,52.457993,3250400.000000
2021-11-30,52.354906,52.514212,50.283950,50.715008,10100100.000000
2021-12-01,51.342859,52.383023,50.180872,50.227726,4355300.000000
2021-12-02,50.555709,52.195607,50.555709,52.026932,2869100.000000
2021-12-03,52.345540,52.640720,51.511535,52.589180,3031200.000000
2021-12-06,52.823451,52.949959,52.148752,52.336166,3194500.000000
2021-12-07,52.607923,54.060404,52.261203,53.076466,3700200.000000
2021-12-08,53.038979,53.109261,52.448618,52.889046,2563200.000000
2021-12-09,53.151429,53.437240,52.401758,52.467358,2174700.000000
2021-12-10,51.595870,52.326795,51.117955,52.017555,2536000.000000
2021-12-13,52.308053,52.514213,51.436564,51.474049,4287700.000000
2021-12-14,50.752496,51.333487,49.573644,50.180874,3663500.000000
2021-12-15,50.265212,50.293323,48.808045,50.180874,5989600.000000
2021-12-16,50.621304,51.230406,49.984086,50.480740,3802500.000000
2021-12-17,50.180870,50.312062,48.709648,48.972031,7534500.000000
2021-12-20,48.634689,48.765881,47.191578,47.706974,3492000.000000
2021-12-21,48.264538,48.878327,47.941243,48.850216,2162000.000000
2021-12-22,48.746836,49.479874,48.540085,49.357700,2282800.000000
2021-12-23,49.376490,49.982654,49.348294,49.639629,1938300.000000
2021-12-27,50.071941,50.363277,49.743017,50.306889,1698700.000000
2021-12-28,50.231703,50.532435,50.034348,50.259895,2485500.000000
2021-12-29,50.222302,50.621716,49.940367,50.504242,3183200.000000
2021-12-30,50.584127,50.983536,50.278695,50.325684,1426200.000000
2021-12-31,50.316284,51.274868,50.147121,50.974136,2228900.000000
2022-01-03,49.949768,50.372670,49.075764,49.357700,4505100.000000
2022-01-04,50.974139,51.350052,50.006154,50.579426,5460300.000000
2022-01-05,50.372676,51.143302,49.160351,49.216736,3484300.000000
2022-01-06,49.291917,50.288090,49.291917,50.278694,3089800.000000
2022-01-07,50.118926,50.588820,48.709243,48.718639,4117000.000000
2022-01-10,48.145369,49.338901,47.308958,49.169739,3902300.000000
2022-01-11,49.357695,49.531558,48.765628,49.376492,2715200.000000
2022-01-12,49.987358,50.194113,49.301313,49.808800,2308300.000000
2022-01-13,49.808795,50.109527,48.934791,49.056965,2669100.000000
2022-01-14,48.380329,48.380329,47.139808,48.023209,3246700.000000
2022-01-18,47.177398,47.337160,46.247005,46.660515,4107400.000000
2022-01-19,46.857869,47.261978,45.795906,45.852295,3717300.000000
2022-01-20,46.228201,47.167990,45.105154,45.138046,3871600.000000
2022-01-21,45.354204,45.918079,44.621170,44.921902,3876000.000000
2022-01-24,42.863756,44.931291,42.581820,44.790321,8927300.000000
2022-01-25,44.226462,44.696356,43.333662,44.367428,4603400.000000
2022-01-26,44.940694,45.401192,43.305464,43.859936,4684400.000000
2022-01-27,44.151277,44.649363,43.173895,43.314865,4483600.000000
2022-01-28,43.418236,43.897526,42.732191,43.653183,10734800.000000
2022-01-31,43.643781,44.865509,43.493415,44.809120,8647500.000000
2022-02-01,45.109852,45.175637,43.587396,44.217052,4645400.000000
2022-02-02,44.405013,45.250825,44.348625,44.649357,5972800.000000
2022-02-03,43.991501,44.489588,43.390033,43.455822,6651800.000000
2022-02-04,43.202076,43.681367,42.140114,43.079903,6896800.000000
2022-02-07,42.901355,43.343054,42.619416,42.967140,7355300.000000
2022-02-08,42.797976,44.123078,42.525437,43.286667,7924900.000000
2022-02-09,44.151268,45.185038,44.019698,45.091057,6087400.000000
2022-02-10,44.376820,45.288413,43.939818,44.311035,5086100.000000
2022-02-11,44.207655,44.376817,42.281089,42.760380,5862900.000000
2022-02-14,42.779181,43.023525,41.623241,42.093136,6410400.000000
2022-02-15,42.816772,43.098708,42.610018,42.995331,4648300.000000
2022-02-16,42.722794,43.145699,42.290492,42.901356,4210100.000000
2022-02-17,42.440862,42.760390,41.783009,41.895786,4202400.000000
2022-02-18,42.046148,42.177718,41.313111,41.425888,4938700.000000
2022-02-22,41.341306,42.901355,41.078162,42.563030,7327500.000000
2022-02-23,43.004729,43.032925,41.115755,41.200336,4994500.000000
2022-02-24,40.175967,42.121329,39.894031,42.017952,5037300.000000
2022-02-25,41.994455,42.722789,41.472872,42.506638,4237800.000000
2022-02-28,41.783006,42.384470,41.566855,42.177719,4992600.000000
2022-03-01,42.440853,42.440853,40.862008,41.087559,6459900.000000
2022-03-02,41.482265,42.459645,41.383587,42.205902,7515000.000000
2022-03-03,42.647602,43.145689,42.271685,43.117496,6534900.000000
2022-03-04,42.469044,42.891949,41.656129,42.290485,9055000.000000
2022-03-07,42.290488,42.332776,40.852612,40.899601,7210800.000000
2022-03-08,40.786831,41.745413,40.269945,40.955994,6755900.000000
2022-03-09,41.764216,42.422069,41.477580,41.905186,4529000.000000
2022-03-10,41.284916,41.519863,40.937195,41.172142,3615800.000000
2022-03-11,41.613842,41.651434,40.589472,40.617668,3770900.000000
2022-03-14,40.927796,41.444679,40.255847,40.326332,6058800.000000
2022-03-15,40.880802,42.600617,40.800921,42.478443,5998100.000000
2022-03-16,42.816776,44.264048,42.779184,44.057297,5944300.000000
2022-03-17,43.427637,44.282845,43.371252,44.282845,3766500.000000
2022-03-18,44.320427,44.950088,43.831737,44.903095,6620000.000000
2022-03-21,44.433196,45.044060,44.151261,44.621155,3467800.000000
2022-03-22,44.724543,45.048771,44.185103,44.630566,3376000.000000
2022-03-23,44.038492,44.442601,43.653179,43.718964,2633700.000000
2022-03-24,43.878732,43.916324,43.258472,43.390041,2676500.000000
2022-03-25,43.408836,43.643783,42.797975,43.596794,3624000.000000
2022-03-28,43.643790,44.085492,43.230285,44.066696,2417200.000000
2022-03-29,44.856108,45.560949,44.339225,45.185036,3024300.000000
2022-03-30,44.997081,45.316610,44.508391,44.705746,2737400.000000
2022-03-31,44.442610,44.668158,43.070520,43.108109,4390200.000000
2022-04-01,43.512212,43.615589,42.901351,43.267868,2540800.000000
2022-04-04,42.769780,42.967138,41.989757,42.525436,4753300.000000
2022-04-05,42.328083,42.454953,41.670230,41.858189,3144300.000000
2022-04-06,41.322511,41.388296,40.702251,41.237930,4214100.000000
2022-04-07,40.721051,41.360104,40.486104,41.059372,4199500.000000
2022-04-08,41.200342,41.736021,40.561285,40.768040,3311700.000000
2022-04-11,40.232349,40.655251,39.757755,39.884624,4399000.000000
2022-04-12,40.091389,40.598876,39.020970,39.264374,4808300.000000
2022-04-13,39.283165,40.034995,39.142199,39.574501,3202400.000000
2022-04-14,39.583890,39.781249,38.785072,38.794468,2618300.000000
2022-04-18,38.841467,39.264369,38.493743,38.803875,3323000.000000
2022-04-19,38.954244,39.988010,38.860262,39.941021,4335700.000000
2022-04-20,40.279337,41.106352,40.279337,40.833813,3667400.000000
2022-04-21,41.228526,41.989756,40.006802,40.241749,3841000.000000
2022-04-22,39.903426,39.988007,39.104607,39.160992,4065400.000000
2022-04-25,38.907253,39.489921,38.324582,39.433533,3254000.000000
2022-04-26,39.095202,39.264364,37.525757,37.638531,5155000.000000
2022-04-27,37.676126,38.465548,37.591544,37.835888,4349400.000000
2022-04-28,34.223025,37.406672,34.175861,37.175564,15034800.000000
2022-04-29,37.317078,37.345376,35.939852,36.100216,8408100.000000
2022-05-02,36.354907,36.826559,35.492726,36.411503,7172200.000000
2022-05-03,36.420927,36.581287,35.883245,36.203968,9902700.000000
2022-05-04,36.307727,37.331210,35.194629,37.175564,7947300.000000
2022-05-05,36.751092,37.194446,35.439901,35.807789,5054100.000000
2022-05-06,35.637997,35.845525,34.968252,35.637997,4821000.000000
2022-05-09,35.109742,36.590727,34.921080,35.968147,6091700.000000
2022-05-10,36.420938,36.694497,35.105030,35.930420,5792700.000000
2022-05-11,35.911556,36.562434,35.402171,35.458771,4809700.000000
2022-05-12,35.383300,36.920885,35.166341,36.883152,7032900.000000
2022-05-13,37.345374,38.137748,37.345374,37.911354,5070700.000000
2022-05-16,37.666094,37.991535,37.034079,37.600063,5684800.000000
2022-05-17,38.316972,38.420736,37.090679,37.901920,6868800.000000
2022-05-18,36.553005,37.241616,35.090885,35.241814,7059600.000000
2022-05-19,34.996549,35.854955,34.817323,35.288975,4142300.000000
2022-05-20,35.807789,36.062481,34.883352,35.807789,5539600.000000
2022-05-23,36.336042,36.392641,35.524800,36.100216,3170200.000000
2022-05-24,35.892681,36.081343,34.902214,35.788918,3252900.000000
2022-05-25,35.543668,36.284161,35.439904,36.119083,3608400.000000
2022-05-26,36.505827,37.227453,36.505827,37.100109,3907900.000000
2022-05-27,37.505735,38.076437,37.496304,37.949089,3359700.000000
2022-05-31,37.524595,37.722692,36.600159,37.081245,14520500.000000
2022-06-01,37.043519,37.175581,36.326607,36.732227,2855700.000000
2022-06-02,37.034079,37.826453,36.798253,37.807590,3231700.000000
2022-06-03,37.401967,37.633075,37.213306,37.345367,3212600.000000
2022-06-06,37.515161,37.868900,37.298202,37.326500,2514800.000000
2022-06-07,37.015221,37.741561,36.920888,37.722698,2806200.000000
2022-06-08,37.496301,37.562332,36.939752,37.156712,2830000.000000
2022-06-09,36.968054,37.354809,36.637900,36.647331,2070500.000000
2022-06-10,36.100215,36.100215,34.921086,35.222942,3462600.000000
2022-06-13,34.355104,34.958821,34.006083,34.421139,4587300.000000
2022-06-14,34.345667,34.741856,33.741953,33.902313,3892400.000000
2022-06-15,34.270216,35.067305,33.864595,34.685268,4040300.000000
2022-06-16,33.836285,33.949484,32.411899,32.619427,4515200.000000
2022-06-17,32.685451,33.185401,32.298697,32.459057,10802500.000000
2022-06-21,32.760927,33.166548,32.393040,33.025051,4685400.000000
2022-06-22,32.560835,33.233465,32.323994,32.949253,6304800.000000
2022-06-23,32.845043,33.138726,32.655573,32.987148,6798300.000000
2022-06-24,33.309256,34.483986,33.124520,34.389248,15472900.000000
2022-06-27,34.436616,34.607142,33.707151,34.209251,3897700.000000
2022-06-28,34.322938,35.033460,34.019783,34.095573,5341300.000000
2022-06-29,34.029248,34.076619,33.441885,33.906094,5743200.000000
2022-06-30,33.650298,34.436607,33.460825,33.782928,6442300.000000
2022-07-01,33.887141,34.351346,33.517670,34.105034,4214200.000000
2022-07-05,33.546097,34.190304,33.167151,34.171356,4414400.000000
2022-07-06,34.389249,34.493459,33.887148,34.275566,3850700.000000
2022-07-07,34.351348,34.521874,33.915563,34.483982,3673600.000000
2022-07-08,34.493460,34.583460,34.048198,34.171356,3346800.000000
2022-07-11,34.019772,34.891347,33.830299,34.607136,4201200.000000
2022-07-12,34.616617,35.232401,34.039673,34.228199,3343000.000000
2022-07-13,33.650309,34.081357,33.347154,33.849255,2347700.000000
2022-07-14,33.157681,33.811360,32.863998,33.735573,3508500.000000
2022-07-15,34.218716,34.341874,33.692930,34.105034,3424000.000000
2022-07-18,34.199775,34.417671,33.527148,33.678726,2593600.000000
2022-07-19,34.105036,35.336606,34.038721,35.213448,2676000.000000
2022-07-20,35.194502,35.554497,35.019239,35.421867,2579600.000000
2022-07-21,35.431343,36.298176,35.260817,36.255547,2799800.000000
2022-07-22,36.378711,36.606076,36.061342,36.473446,4294200.000000
2022-07-25,36.350281,36.577650,35.955232,36.217651,4092700.000000
2022-07-26,35.905024,36.241338,35.213447,36.085022,5430700.000000
2022-07-27,36.302912,37.572377,36.028176,37.458694,5451500.000000
2022-07-28,37.799749,37.951327,36.146600,37.401855,6629800.000000
2022-07-29,37.638695,38.486584,37.202909,38.396584,4777300.000000
2022-08-01,38.036596,38.875010,38.036596,38.434486,3997200.000000
2022-08-02,38.282909,38.974483,38.088702,38.282909,6508800.000000
2022-08-03,38.377639,38.718689,37.799751,38.614479,4707600.000000
2022-08-04,38.652373,39.693523,38.642901,39.609211,5381700.000000
2022-08-05,39.362891,39.722889,39.107102,39.675522,5573900.000000
2022-08-08,40.007104,40.423942,39.703949,39.732368,4136400.000000
2022-08-09,39.467113,39.694481,39.296587,39.561848,4719000.000000
2022-08-10,40.395530,40.911844,40.291319,40.603951,3437600.000000
2022-08-11,40.793419,41.598675,40.755523,40.783943,4107100.000000
2022-08-12,40.982888,41.683937,40.783942,41.655518,3566700.000000
2022-08-15,41.456567,42.162354,41.229202,42.072353,3302900.000000
2022-08-16,41.740778,42.252351,41.646040,42.053406,2430500.000000
2022-08-17,41.551299,42.119715,41.475508,41.807087,2406100.000000
2022-08-18,41.901828,42.067616,41.674464,41.968143,2071500.000000
2022-08-19,41.683937,41.759728,40.097106,40.243946,6053700.000000
2022-08-22,39.684999,39.722894,39.220793,39.429211,5642700.000000
2022-08-23,39.429208,39.656576,39.021842,39.277630,4899500.000000
2022-08-24,39.268164,39.571320,39.149744,39.467110,3066400.000000
2022-08-25,39.789211,40.030790,39.410265,39.779739,3447200.000000
2022-08-26,39.950258,40.016577,38.079220,38.121853,2669400.000000
2022-08-29,37.742913,38.155017,37.638702,37.648178,3837700.000000
2022-08-30,37.714488,37.979748,37.155544,37.240807,6094000.000000
2022-08-31,37.487124,37.520281,36.909232,37.060810,7306700.000000
2022-09-01,36.975552,37.723969,36.915868,37.695549,7003700.000000
2022-09-02,38.557634,38.642897,37.283431,37.496590,3601700.000000
2022-09-06,37.648171,38.188168,37.108172,38.178692,4183600.000000
2022-09-07,38.301852,39.339214,38.226061,39.315529,3202500.000000
2022-09-08,38.974475,39.940785,38.889212,39.902889,3962300.000000
2022-09-09,40.044999,40.414469,39.722895,39.950260,3459300.000000
2022-09-12,40.243951,40.509211,39.751322,40.063953,3346000.000000
2022-09-13,39.050272,39.590268,38.661853,38.728168,3458100.000000
2022-09-14,38.671317,38.766052,37.667112,38.065006,4451900.000000
2022-09-15,37.894491,38.519750,37.776071,38.273438,3857700.000000
2022-09-16,37.960805,37.960805,36.103975,36.416603,7570600.000000
2022-09-19,36.132393,36.842915,36.028183,36.776600,3622500.000000
2022-09-20,36.463966,36.558701,35.289235,35.819759,4278000.000000
2022-09-21,36.056601,36.672384,35.483448,35.535549,3828500.000000
2022-09-22,35.289239,35.412397,34.285034,34.294510,3430600.000000
2022-09-23,34.057674,34.474512,33.752621,34.209251,3597200.000000
2022-09-26,33.981879,34.275563,33.110308,33.422935,3284500.000000
2022-09-27,33.839780,33.896619,33.167150,33.678726,4334600.000000
2022-09-28,33.716622,35.227666,33.612412,34.957668,4526300.000000
2022-09-29,34.559773,34.673455,33.489253,33.745041,4350000.000000
2022-09-30,33.858724,34.441349,33.593460,33.688198,4559200.000000
2022-10-03,34.038726,35.260824,33.816095,34.872406,3184500.000000
2022-10-04,35.478709,36.596596,35.421866,36.549229,3973700.000000
2022-10-05,35.923972,36.501863,35.706079,36.189236,2823600.000000
2022-10-06,35.990292,36.198709,35.033454,35.251347,5592100.000000
2022-10-07,34.768192,35.014504,33.176623,33.470306,9001800.000000
2022-10-10,33.773457,34.147661,33.517668,33.726086,4794900.000000
2022-10-11,33.583986,34.057667,33.124515,33.299778,5111800.000000
2022-10-12,33.337675,33.527148,32.939784,33.043995,4065400.000000
2022-10-13,32.106105,33.290308,31.357688,33.015572,7759200.000000
2022-10-14,33.252402,33.925032,32.532409,32.750301,8519800.000000
2022-10-17,33.650306,34.095568,33.081887,33.678726,8497400.000000
2022-10-18,34.569245,34.872401,33.962930,34.408192,4229500.000000
2022-10-19,33.934514,34.000829,32.750311,33.053467,4584800.000000
2022-10-20,33.053471,33.403994,32.144004,32.267162,4300200.000000
2022-10-21,32.399779,33.489243,32.167677,33.337666,4411100.000000
2022-10-24,33.612417,34.166623,33.356629,33.962940,3761500.000000
2022-10-25,33.896618,35.360295,33.896618,35.327137,5141700.000000
2022-10-26,35.402932,35.933457,35.128200,35.185040,4953000.000000
2022-10-27,36.193304,36.706955,35.698677,36.031601,7529900.000000
2022-10-28,35.784292,38.029134,35.613075,38.000599,5534100.000000
2022-10-31,37.582061,38.038642,37.501210,37.819862,5508200.000000
2022-11-01,38.352539,38.476197,37.486944,37.772305,5129100.000000
2022-11-02,37.791325,38.961305,37.192066,37.211090,5876900.000000
2022-11-03,36.231351,37.819860,36.088669,37.448891,4270600.000000
2022-11-04,38.257421,38.400100,37.515480,38.314491,3400600.000000
2022-11-07,38.438144,39.113498,38.162294,39.037403,3730200.000000
2022-11-08,39.180081,39.841167,38.908988,39.389347,3359800.000000
2022-11-09,39.056439,39.341799,38.309744,38.371571,2803200.000000
2022-11-10,40.264463,41.596146,40.140805,41.358345,5863500.000000
2022-11-11,41.282250,42.568276,41.091058,42.271500,4760300.000000
2022-11-14,41.862482,42.261989,41.462978,41.482002,3731600.000000
2022-11-15,42.347597,42.699541,41.710288,42.185890,3127800.000000
2022-11-16,42.185887,42.328569,41.415414,41.719799,2936200.000000
2022-11-17,41.130057,41.206151,40.074220,40.939816,3077800.000000
2022-11-18,41.786392,42.064144,41.244206,41.776878,4272700.000000
2022-11-21,41.738826,41.900529,41.472487,41.748337,2477100.000000
2022-11-22,42.090770,42.138329,41.610411,41.891018,3125500.000000
2022-11-23,41.957606,42.452232,41.672245,42.005165,2606700.000000
2022-11-25,42.043216,42.242968,41.948094,42.052727,986300.000000
2022-11-28,41.710287,42.043211,41.034933,41.196640,2370700.000000
2022-11-29,41.063469,41.596145,40.977864,41.396393,3259800.000000
2022-11-30,41.253712,42.223940,40.088489,42.157356,8731200.000000
2022-12-01,42.632950,43.013433,42.228689,42.737583,4361500.000000
2022-12-02,41.986135,42.804171,41.776869,42.499786,3857000.000000
2022-12-05,41.824435,41.895773,41.092008,41.624680,3726200.000000
2022-12-06,41.710285,41.805408,40.416651,40.920788,2505200.000000
2022-12-07,40.949321,41.481996,40.663961,40.977859,3973900.000000
2022-12-08,41.130059,41.619928,41.015911,41.348835,2524200.000000
2022-12-09,41.244197,41.472484,40.854204,40.920788,3065200.000000
2022-12-12,40.530791,41.191877,40.316767,41.149071,3593600.000000
2022-12-13,42.537839,42.804175,41.662730,42.157356,6015600.000000
2022-12-14,42.414183,42.442718,41.234689,41.662731,4045000.000000
2022-12-15,41.034930,41.177612,40.017142,40.388111,4416800.000000
2022-12-16,39.912513,40.140803,39.493984,39.712761,5812700.000000
2022-12-19,39.798366,40.074216,39.165815,39.474957,3217400.000000
2022-12-20,39.341789,39.608125,39.227645,39.351299,2909300.000000
2022-12-21,39.872043,40.340228,39.709613,40.216015,2578800.000000
2022-12-22,39.690495,40.149123,39.203200,39.824261,2885200.000000
2022-12-23,39.680949,39.953259,39.442080,39.929375,1875100.000000
2022-12-27,39.824267,40.521764,39.757384,40.005806,2228900.000000
2022-12-28,39.977131,40.158670,39.117201,39.136311,2107100.000000
2022-12-29,39.556729,40.120460,39.260530,39.986691,1966300.000000
2022-12-30,39.575832,39.833811,39.012104,39.413403,2248700.000000
2023-01-03,40.072691,40.216014,39.313088,39.757385,2866100.000000
2023-01-04,40.483546,40.684199,39.876820,40.158684,3491900.000000
2023-01-05,39.661829,40.206454,39.289193,39.680939,3891000.000000
2023-01-06,40.005792,41.419896,39.872026,41.209694,2726800.000000
2023-01-09,41.381689,42.236841,41.066380,41.563229,3384900.000000
2023-01-10,41.802112,42.126974,41.257491,42.040981,3421000.000000
2023-01-11,42.423159,43.235312,42.298946,43.177982,5300500.000000
2023-01-12,43.474186,43.636616,42.920008,43.235317,3275800.000000
2023-01-13,43.034669,44.009256,43.006003,43.827713,2826900.000000
2023-01-17,43.865923,44.080904,43.287861,43.407295,3619800.000000
2023-01-18,43.617506,43.622281,41.458127,41.582340,5291500.000000
2023-01-19,41.219257,41.219257,40.024912,40.044022,4846600.000000
2023-01-20,40.130015,40.746298,39.910256,40.674637,5217500.000000
2023-01-23,40.693746,41.357802,40.540870,41.353024,3633100.000000
2023-01-24,41.400808,42.069639,40.951733,41.754333,4191600.000000
2023-01-25,41.267036,41.663560,40.894401,41.572788,2911700.000000
2023-01-26,41.840317,42.040966,41.247919,41.706551,2460100.000000
2023-01-27,41.553674,42.031412,41.448571,41.677883,1868900.000000
2023-01-30,41.448571,42.031413,41.448571,41.639668,2620900.000000
2023-01-31,42.232064,43.579286,42.074409,43.502846,4687500.000000
2023-02-01,43.149319,44.491763,42.642918,44.085686,5878800.000000
2023-02-02,44.658977,45.370806,44.472656,45.031612,3979100.000000
2023-02-03,44.467877,45.297230,44.295890,44.802292,3448400.000000
2023-02-06,44.229008,44.658973,43.875479,44.095242,4829500.000000
2023-02-07,41.792551,42.671588,41.611008,42.413609,8139800.000000
2023-02-08,42.748020,43.330857,42.346718,43.053772,5003700.000000
2023-02-09,43.426407,43.971028,42.872229,42.920002,3884000.000000
2023-02-10,42.681135,43.010776,42.442266,42.834015,3360500.000000
2023-02-13,42.929567,43.607955,42.805354,43.416859,3193000.000000
2023-02-14,43.197091,43.568772,42.786236,43.120655,3001000.000000
2023-02-15,42.662031,43.474184,42.619032,43.455074,2492200.000000
2023-02-16,42.604705,43.598402,42.485270,43.216209,3865900.000000
2023-02-17,43.053777,43.263980,42.585592,43.206654,2520900.000000
2023-02-21,42.748024,42.881790,41.711329,41.878540,4145900.000000
2023-02-22,42.098305,42.279844,41.462912,41.658783,4776700.000000
2023-02-23,41.964531,42.595149,41.792548,42.470936,5376600.000000
2023-02-24,41.868983,42.475713,41.658777,42.279839,3080500.000000
2023-02-27,42.757572,43.101544,42.566476,42.958221,3543300.000000
2023-02-28,42.853130,43.627067,42.810135,43.025116,8580600.000000
2023-03-01,42.891339,43.636609,42.853119,43.560173,5315600.000000
2023-03-02,43.225761,44.143017,43.158874,44.037914,4663000.000000
2023-03-03,44.381885,45.786433,44.257672,45.662224,5822700.000000
2023-03-06,45.662225,46.507820,45.423356,46.225956,8572500.000000
2023-03-07,46.245064,46.980778,45.375581,45.432907,7577900.000000
2023-03-08,45.614452,45.795991,44.826183,45.280033,4278500.000000
2023-03-09,45.346913,45.399465,44.009249,44.095242,4393800.000000
2023-03-10,44.143016,44.668528,43.125432,43.607948,6072800.000000
2023-03-13,43.111101,43.397744,42.547370,42.757576,5558700.000000
2023-03-14,43.646168,44.415327,43.187539,43.713051,5854300.000000
2023-03-15,42.738474,42.986900,40.454885,41.381699,8194600.000000
2023-03-16,41.152378,42.748025,40.827515,42.499599,5224300.000000
2023-03-17,42.246394,42.394492,41.085490,41.802097,8427500.000000
2023-03-20,42.155622,43.139765,42.021856,42.986889,3888700.000000
2023-03-21,43.579287,43.910838,42.967783,43.187542,4283200.000000
2023-03-22,43.158875,43.607950,42.146072,42.212955,4161600.000000
2023-03-23,42.260731,43.187544,41.916759,42.327614,4330600.000000
2023-03-24,41.744768,41.974084,41.095044,41.964527,5157600.000000
2023-03-27,42.700249,42.862682,42.099256,42.327614,3387200.000000
2023-03-28,43.397744,43.493293,42.537817,42.757576,2276400.000000
2023-03-29,43.244864,43.569726,42.996442,43.359524,3278300.000000
2023-03-30,43.627057,43.808596,42.977333,43.082436,4046900.000000
2023-03-31,43.722604,44.028360,43.306974,43.713051,4795800.000000
2023-04-03,43.483741,43.913707,43.216209,43.655727,4055300.000000
2023-04-04,43.569725,43.703495,40.746294,40.980385,7067600.000000
2023-04-05,41.257480,41.257480,39.848153,40.225563,6323100.000000
2023-04-06,40.235114,40.426210,39.451624,39.938915,4861900.000000
2023-04-10,39.938926,40.435774,39.633174,40.416664,2859500.000000
2023-04-11,40.550424,42.948672,40.454878,41.582340,10205900.000000
2023-04-12,42.040970,42.370610,41.639671,41.907204,4310400.000000
2023-04-13,41.811651,42.341940,41.181036,42.136513,4686900.000000
2023-04-14,42.346724,42.872235,41.911984,42.327614,4449500.000000
2023-04-17,42.518701,42.919999,42.375378,42.776680,3442700.000000
2023-04-18,43.235312,43.416851,42.561699,42.814903,3688700.000000
2023-04-19,42.547368,43.101546,42.529217,42.977333,4034700.000000
2023-04-20,42.786236,43.459848,42.566477,43.359524,4965900.000000
2023-04-21,43.359530,43.502849,43.015558,43.206654,4338800.000000
2023-04-24,43.349971,45.108048,39.690498,40.063133,20848600.000000
2023-04-25,40.875290,41.372139,40.235123,40.435772,10038400.000000
2023-04-26,39.356081,39.614060,38.601257,38.840126,13613200.000000
2023-04-27,39.308307,39.685721,38.672914,39.614059,9896000.000000
2023-04-28,39.709608,40.407106,39.614059,39.958031,6033900.000000
2023-05-01,39.766929,40.091791,39.207976,39.336964,5322500.000000
2023-05-02,39.633169,39.986694,38.553479,39.958031,7361700.000000
2023-05-03,40.034470,40.660306,39.002553,39.260532,6212600.000000
2023-05-04,39.015787,39.457293,38.660659,39.447693,7327700.000000
2023-05-05,40.244325,40.772214,40.023572,40.676235,6582200.000000
2023-05-08,41.165729,41.309700,40.513066,40.887386,6666800.000000
2023-05-09,40.801004,41.348092,40.666633,41.060150,5662700.000000
2023-05-10,41.636030,41.789597,40.772210,41.348091,6609000.000000
2023-05-11,41.357689,41.396081,40.848997,41.108143,4128800.000000
2023-05-12,41.165730,41.357690,40.120509,40.695431,4160600.000000
2023-05-15,40.426684,41.165729,40.268321,41.088947,4415400.000000
2023-05-16,40.733821,41.136938,40.330708,40.455482,7685500.000000
2023-05-17,40.666636,41.496863,40.647439,41.175331,4742900.000000
2023-05-18,40.992972,41.645635,40.882597,41.530460,2763700.000000
2023-05-19,41.885575,41.923967,40.753013,41.069748,4903400.000000
2023-05-22,40.992962,41.367283,40.580249,40.724220,3979100.000000
2023-05-23,40.301919,40.609055,39.601264,39.841213,4141400.000000
2023-05-24,39.802824,39.917998,39.318125,39.639656,6428300.000000
2023-05-25,39.937191,40.013973,39.342118,39.543674,5394400.000000
2023-05-26,39.850809,39.927591,39.092568,39.246136,4815800.000000
2023-05-30,39.332508,40.138738,38.910198,40.071552,7229600.000000
2023-05-31,39.514883,39.831618,38.862224,39.255741,10124000.000000
2023-06-01,39.390105,39.860404,39.073370,39.831612,3883800.000000
2023-06-02,40.388293,41.880775,40.292311,41.693615,6509700.000000
2023-06-05,41.818400,41.818400,41.165737,41.463276,3802200.000000
2023-06-06,41.415280,42.413467,41.280905,42.087135,3256800.000000
2023-06-07,42.221506,43.785973,42.096731,43.766777,7062900.000000
2023-06-08,42.327080,43.785973,42.327080,43.766777,6124100.000000
2023-06-09,43.987539,44.045125,42.922163,43.478844,5920200.000000
2023-06-12,43.459646,44.208290,43.094925,43.987537,5371500.000000
2023-06-13,44.630606,44.985730,44.486634,44.889751,4301500.000000
2023-06-14,45.235269,45.321651,43.949140,44.304264,7078900.000000
2023-06-15,43.968343,44.841759,43.574826,44.668995,5493500.000000
2023-06-16,45.398437,45.504015,44.659392,44.995323,9587800.000000
2023-06-20,44.659397,45.715176,44.582615,45.695980,6529700.000000
2023-06-21,45.475226,46.473413,45.379244,46.281456,7084200.000000
2023-06-22,46.238098,46.305542,45.833428,46.112843,5804200.000000
2023-06-23,45.785255,46.662035,45.534745,46.295906,5924100.000000
2023-06-26,46.305545,47.211228,46.305545,46.854736,5073200.000000
2023-06-27,47.201595,47.784508,46.941451,47.683342,4387300.000000
2023-06-28,47.452098,47.818227,47.317210,47.519543,3325600.000000
2023-06-29,47.509913,47.876038,47.403928,47.683342,5287600.000000
2023-06-30,47.827865,48.256620,47.615895,47.895309,4307500.000000
2023-07-03,47.914576,48.333697,47.731513,48.213261,2039300.000000
2023-07-05,48.107273,48.328876,47.428007,47.442463,2612200.000000
2023-07-06,47.249764,47.355749,46.584950,47.278667,4292000.000000
2023-07-07,47.037794,48.097637,47.037794,47.529179,2885800.000000
2023-07-10,47.726695,49.407992,47.702606,49.388721,5221400.000000
2023-07-11,49.639233,51.094108,49.629596,51.065205,8662600.000000
2023-07-12,51.556579,51.932345,50.718340,51.180817,7832600.000000
2023-07-13,51.325342,51.585486,50.805054,51.180817,4948300.000000
2023-07-14,51.065195,52.081682,50.872496,51.874531,6196400.000000
2023-07-17,51.884165,52.712771,51.551762,52.568249,5999900.000000
2023-07-18,52.664598,53.242693,52.654965,53.223427,4199400.000000
2023-07-19,53.030732,53.551020,52.794673,53.213795,6122600.000000
2023-07-20,53.473942,53.473942,52.279208,52.674240,5500700.000000
2023-07-21,52.597158,52.619317,51.489138,51.787823,6365400.000000
2023-07-24,51.595124,52.510444,51.546950,51.845634,3560100.000000
2023-07-25,51.546950,52.231030,51.421694,51.941982,3914600.000000
2023-07-26,51.730013,52.452634,51.677021,52.443001,6769100.000000
2023-07-27,51.681842,55.044439,51.681842,54.678310,9557000.000000
2023-07-28,55.285310,57.009962,55.150421,56.836536,8727200.000000
2023-07-31,56.826903,57.616968,56.643841,57.376095,6154100.000000
2023-08-01,57.183389,57.848203,56.903979,57.616962,4086200.000000
2023-08-02,57.376080,57.433891,56.335509,56.826889,4812000.000000
2023-08-03,56.846169,56.846169,55.926030,55.979023,5041500.000000
2023-08-04,56.306607,56.306607,54.389255,54.996258,7313900.000000
2023-08-07,55.227499,56.181360,55.001077,55.979023,3583400.000000
2023-08-08,55.314211,55.444281,54.186925,55.294941,3318600.000000
2023-08-09,55.208223,55.208223,53.570282,54.109840,5306700.000000
2023-08-10,54.196559,54.495244,53.266787,53.377590,3643400.000000
2023-08-11,53.261967,53.994225,53.021094,53.512478,3291800.000000
2023-08-14,53.078903,54.254367,53.021092,53.974953,4056800.000000
2023-08-15,53.608822,53.849695,53.281234,53.387218,3548500.000000
2023-08-16,53.242691,54.042393,52.308104,52.481533,4872100.000000
2023-08-17,52.365926,52.394834,50.699081,51.113384,7003300.000000
2023-08-18,50.824324,51.633660,50.694254,51.440960,4763800.000000
2023-08-21,51.228992,51.763732,50.920674,51.614391,3843700.000000
2023-08-22,51.941980,52.129861,51.595121,51.835995,3296900.000000
2023-08-23,51.990156,53.724446,51.975705,53.213795,5731300.000000
2023-08-24,53.030730,53.777436,51.913076,51.961250,4317900.000000
2023-08-25,52.491172,53.435396,51.874536,53.011459,3650500.000000
2023-08-28,53.445034,54.061670,53.300508,53.541382,2735300.000000
2023-08-29,53.387219,54.803557,53.271601,54.687935,2976600.000000
2023-08-30,54.678303,55.304576,54.659032,55.092606,3026800.000000
2023-08-31,55.208227,55.959755,55.208227,55.352753,5110500.000000
2023-09-01,55.622530,56.133181,55.487642,55.824863,2428000.000000
2023-09-05,55.767056,56.133181,53.984589,54.360352,3240800.000000
2023-09-06,54.341084,55.169686,54.003858,54.341084,4024500.000000
2023-09-07,54.071300,55.391290,53.801523,55.160049,3564500.000000
2023-09-08,55.111873,57.087036,55.025158,56.518574,7177000.000000
2023-09-11,56.894338,57.318278,56.104273,56.788353,4608600.000000
2023-09-12,56.595659,57.038865,54.215827,54.514511,6302400.000000
2023-09-13,54.389254,54.466332,52.616424,53.223427,6016900.000000
2023-09-14,53.493210,53.758169,51.672206,52.760952,5495600.000000
2023-09-15,52.346646,52.760945,51.913072,52.471897,6098900.000000
2023-09-18,52.308109,53.030730,52.139498,52.404457,2859200.000000
2023-09-19,52.173218,52.587521,50.255863,51.884167,5644100.000000
2023-09-20,52.317746,52.722416,51.797458,51.864906,2856600.000000
2023-09-21,51.334975,51.546945,50.371481,50.641262,4185400.000000
2023-09-22,50.882142,51.440967,50.487109,50.939949,3466100.000000
2023-09-25,50.891781,51.768561,50.660544,51.624039,3203000.000000
2023-09-26,51.161551,52.698325,50.294408,50.795425,7229200.000000
2023-09-27,51.469874,53.358326,51.460241,53.069279,7201400.000000
2023-09-28,52.992190,55.034797,52.963286,53.897873,5618900.000000
2023-09-29,54.321818,54.437437,52.924751,53.184895,3883800.000000
2023-10-02,53.001818,53.618458,52.163579,52.568249,3948000.000000
2023-10-03,52.259933,52.462266,50.968850,51.566216,4471900.000000
2023-10-04,51.739652,52.842854,51.228998,52.616432,4563300.000000
2023-10-05,51.200088,52.288837,51.084469,51.556580,5156500.000000
2023-10-06,49.947552,52.645336,49.629597,52.298477,5394300.000000
2023-10-09,51.970884,53.059633,51.421692,53.011459,2259500.000000
2023-10-10,53.445032,54.052031,52.886204,53.396854,2667000.000000
2023-10-11,53.435396,54.143565,53.290874,53.994225,2078700.000000
2023-10-12,53.107812,53.488393,52.192492,52.491177,4401800.000000
2023-10-13,52.433358,52.664599,50.357029,50.641262,5447300.000000
2023-10-16,51.440965,52.096141,51.084473,51.209728,5269100.000000
2023-10-17,50.737613,51.421693,50.429295,50.968853,7323200.000000
2023-10-18,50.130607,50.178785,48.193985,48.319241,5847200.000000
2023-10-19,48.088007,48.743184,47.008894,47.211227,6619900.000000
2023-10-20,47.182323,47.191956,46.035762,46.517509,6322100.000000
2023-10-23,46.633129,47.442464,46.315174,46.729477,4821800.000000
2023-10-24,47.057068,47.326845,46.199558,46.392258,5126600.000000
2023-10-25,46.122471,46.546411,45.101170,45.322773,10203100.000000
2023-10-26,47.310578,48.364934,44.679524,44.882660,9527500.000000
2023-10-27,44.602143,45.192196,44.186205,44.979389,6082500.000000
2023-10-30,45.424342,46.149816,45.240557,45.820934,5355800.000000
2023-10-31,45.791917,46.517391,45.579110,46.101452,5035100.000000
2023-11-01,46.459358,48.384285,46.077275,48.036057,5725500.000000
2023-11-02,49.080727,49.322552,48.181139,48.335907,5897400.000000
2023-11-03,49.254840,50.705788,48.819558,48.877594,4212000.000000
2023-11-06,48.771191,48.974327,48.287542,48.626099,3496700.000000
2023-11-07,48.481003,48.838906,47.998320,48.800213,3605500.000000
2023-11-08,48.906617,49.332227,48.711223,49.283863,3607800.000000
2023-11-09,49.612746,49.632092,48.664794,48.780869,3935500.000000
2023-11-10,49.312888,49.951305,48.987877,49.815884,2578000.000000
2023-11-13,49.467646,49.815874,49.013014,49.274185,3827200.000000
2023-11-14,50.522003,51.953605,50.338218,51.083038,4749800.000000
2023-11-15,50.995984,51.557015,50.609063,50.638081,5927600.000000
2023-11-16,50.415602,51.005655,50.231817,50.957291,4172900.000000
2023-11-17,51.247476,51.600542,50.836375,51.479630,2855400.000000
2023-11-20,51.508654,52.417914,51.276501,51.837536,4876500.000000
2023-11-21,51.411921,51.557013,50.802522,51.005653,3030100.000000
2023-11-22,51.063694,51.266826,50.725138,51.025002,2217200.000000
2023-11-24,50.879904,51.286171,50.879904,51.247478,710800.000000
2023-11-27,50.928272,51.112058,50.241488,50.434948,2709300.000000
2023-11-28,50.434948,50.560698,49.632092,49.941628,3067700.000000
2023-11-29,50.541352,51.237808,50.019010,50.502659,4059200.000000
2023-11-30,50.299523,50.357562,49.525685,50.260830,9300800.000000
2023-12-01,50.425274,51.595704,50.376910,51.479630,3099800.000000
2023-12-04,50.966960,51.740802,50.570368,51.711781,3591000.000000
2023-12-05,51.489304,51.586036,50.720304,50.850887,2474700.000000
2023-12-06,51.489308,52.118053,51.199119,51.276501,2571000.000000
2023-12-07,51.411927,51.411927,50.821874,51.160427,2465000.000000
2023-12-08,54.217085,55.010269,52.882212,53.462593,10424400.000000
2023-12-11,53.501283,54.429889,53.501283,54.120354,6106200.000000
2023-12-12,53.791470,54.604001,53.124032,54.487926,3817200.000000
2023-12-13,54.652371,55.082819,52.601699,53.975262,5095800.000000
2023-12-14,54.487937,57.244736,54.178398,56.886837,6488700.000000
2023-12-15,56.335468,56.664350,55.368170,55.455227,9179500.000000
2023-12-18,55.561621,55.600314,54.555634,54.903858,3538000.000000
2023-12-19,55.039301,55.532622,54.749108,55.126358,3905100.000000
2023-12-20,54.912834,55.834839,54.330511,54.349922,2351800.000000
2023-12-21,54.854594,55.271924,54.611960,55.242805,2481700.000000
2023-12-22,55.427211,55.834833,55.043849,55.417503,1661400.000000
2023-12-26,55.592205,56.062914,55.398101,55.747490,2377200.000000
2023-12-27,55.689257,56.271576,55.650435,56.077469,1741800.000000
2023-12-28,55.961008,56.310401,55.854249,55.941597,1846900.000000
2023-12-29,55.728076,56.144436,55.563087,55.757195,1501800.000000
2024-01-02,55.213697,55.650438,54.422713,54.786663,2912600.000000
2024-01-03,54.311097,54.311097,53.175574,53.282333,3247500.000000
2024-01-04,53.408500,54.451825,53.282334,53.845242,3597800.000000
2024-01-05,54.049056,54.563442,53.796719,54.078175,3123600.000000
2024-01-08,54.349911,54.796356,54.053898,54.757534,2561100.000000
2024-01-09,54.340220,55.242813,54.068468,55.126350,2591500.000000
2024-01-10,55.077824,55.407806,54.650790,55.359280,2710500.000000
2024-01-11,55.233104,55.427212,54.514907,55.184578,3146000.000000
2024-01-12,55.456328,55.669847,54.301394,54.485794,2890700.000000
2024-01-16,53.913179,54.393592,53.534671,54.204338,2844200.000000
2024-01-17,53.787007,54.146108,53.350270,53.437618,4077400.000000
2024-01-18,53.738486,54.223753,53.292041,53.767605,2422800.000000
2024-01-19,53.709366,54.408152,53.097929,54.233456,4860800.000000
2024-01-22,54.505203,55.077818,54.286834,54.660488,3123900.000000
2024-01-23,54.825481,54.966205,53.932588,54.262569,2873600.000000
2024-01-24,54.621671,54.660493,53.311451,53.350273,2718100.000000
2024-01-25,53.990824,54.699313,53.922887,54.650787,3053000.000000
2024-01-26,54.728434,54.806079,53.660848,53.874363,4136800.000000
2024-01-29,53.952001,54.660491,53.573494,54.650787,3455300.000000
2024-01-30,54.252863,54.854593,53.777299,54.670193,4502200.000000
2024-01-31,54.388743,54.679903,53.039701,53.097931,4194200.000000
2024-02-01,53.689955,54.165518,52.947497,53.952000,5211600.000000
2024-02-02,53.505558,55.301045,53.146458,55.106937,4190800.000000
2024-02-05,54.485794,55.805721,54.330508,54.602257,7718400.000000
2024-02-06,53.243510,54.379033,52.651483,52.709717,8843000.000000
2024-02-07,53.282330,53.689952,51.661536,52.243858,8359000.000000
2024-02-08,52.467084,53.476437,51.913880,53.437618,5429500.000000
2024-02-09,53.000877,54.369330,53.000877,54.359623,5578600.000000
2024-02-12,54.078174,54.757545,53.622021,54.388744,4302300.000000
2024-02-13,52.806772,53.117342,51.719774,52.379738,5188700.000000
2024-02-14,52.903820,53.486142,52.505901,53.379383,2718300.000000
2024-02-15,53.699663,54.432414,53.427911,54.398445,2461500.000000
2024-02-16,53.942298,54.146109,52.302092,52.408852,4416100.000000
2024-02-20,51.816826,52.138074,51.564488,51.855648,5462700.000000
2024-02-21,52.059460,52.496201,51.894471,52.185631,4205900.000000
2024-02-22,52.622368,52.622368,51.845937,52.263268,4948500.000000
2024-02-23,52.224458,52.962063,51.816832,52.602966,4767700.000000
2024-02-26,52.535022,52.749511,52.059459,52.408852,7976100.000000
2024-02-27,52.874709,53.505557,52.340915,53.418209,5249800.000000
2024-02-28,53.311447,53.990821,52.981465,53.146454,3522100.000000
2024-02-29,53.476439,54.126699,53.156165,53.942299,10538900.000000
2024-03-01,53.592903,54.864301,53.508465,54.796364,5588800.000000
2024-03-04,54.961359,55.854249,53.719073,55.466038,19223200.000000
2024-03-05,55.136057,55.543680,54.446975,54.922539,7284100.000000
2024-03-06,55.543678,57.048005,55.543678,56.019241,6712500.000000
2024-03-07,55.902776,57.921489,55.902776,57.795319,5869100.000000
2024-03-08,57.970018,59.076426,56.300697,56.339520,7192300.000000
2024-03-11,55.718370,56.193934,54.786658,55.456326,3816900.000000
2024-03-12,55.679553,56.465688,55.184583,56.193939,3577400.000000
2024-03-13,56.155117,57.280937,55.951306,56.155117,9012000.000000
2024-03-14,56.135708,56.718028,55.058415,55.621326,8735800.000000
2024-03-15,55.038999,56.058059,54.941947,55.368980,5401700.000000
2024-03-18,55.776604,56.087174,55.199135,55.417503,3141500.000000
2024-03-19,55.446624,56.776255,55.349568,56.756844,4656900.000000
2024-03-20,56.824780,57.125646,56.300690,56.824780,3838300.000000
2024-03-21,57.368283,58.756147,57.096535,58.057362,5456200.000000
2024-03-22,57.872963,58.144712,56.106591,56.155117,4895700.000000
2024-03-25,56.038654,56.242466,55.446628,55.679554,3462600.000000
2024-03-26,55.572788,56.048351,55.495147,55.844540,3645000.000000
2024-03-27,56.223053,56.281286,55.339867,55.980419,2738200.000000
2024-03-28,55.999830,56.514212,55.805722,56.417160,2819600.000000
2024-04-01,56.407446,56.853895,55.631019,55.708664,4747700.000000
2024-04-02,55.883370,55.922188,55.106939,55.126350,4133700.000000
2024-04-03,55.039004,55.854253,54.874015,55.262226,3397100.000000
2024-04-04,55.805721,56.125999,54.039349,54.204338,5987000.000000
2024-04-05,54.592551,55.343742,54.175221,54.776951,4731000.000000
2024-04-08,55.136055,56.252167,55.126347,56.135704,4186400.000000
2024-04-09,56.426866,56.572447,55.436920,56.397751,2954400.000000
2024-04-10,55.320459,55.762054,54.738140,55.213699,3117200.000000
2024-04-11,55.388390,55.388390,54.476089,54.951649,2949900.000000
2024-04-12,54.340220,55.247667,54.311101,55.165173,5654100.000000
2024-04-15,55.611608,55.994969,53.709362,53.825825,3424900.000000
2024-04-16,53.592902,53.660840,52.559281,53.146454,3170100.000000
2024-04-17,53.427912,53.757894,52.166218,52.651485,2661800.000000
2024-04-18,52.981475,53.204697,51.778010,51.807129,3076800.000000
2024-04-19,52.001227,52.573839,51.758594,51.952698,3576700.000000
2024-04-22,52.234154,52.898972,51.923584,52.040047,6856000.000000
2024-04-23,52.088576,53.641433,52.078872,53.515263,6389200.000000
2024-04-24,53.622026,54.291693,52.670903,53.156170,5190300.000000
2024-04-25,55.077821,58.202942,54.966208,58.047657,10169100.000000
2024-04-26,57.843845,58.867759,57.714764,58.717327,6684200.000000
2024-04-29,58.717322,61.032044,58.717322,60.862202,9085500.000000
2024-04-30,60.862207,61.910386,59.639336,59.678158,8036000.000000
2024-05-01,59.445224,60.681683,58.892020,59.319054,4239400.000000
2024-05-02,59.864242,60.039480,58.627820,59.328781,3608300.000000
2024-05-03,60.448383,61.227231,59.679269,60.448383,3622800.000000
2024-05-06,61.120138,62.570742,61.120138,62.366295,4583900.000000
2024-05-07,62.356573,62.979651,62.006087,62.561020,4667500.000000
2024-05-08,62.561014,62.804404,62.259209,62.609688,2296700.000000
2024-05-09,62.599957,63.612453,62.599957,63.515099,2662800.000000
2024-05-10,63.826634,64.566542,63.519968,63.768223,2762700.000000
2024-05-13,63.943471,64.167393,62.561017,62.629166,3664100.000000
2024-05-14,63.145138,63.573507,62.794656,63.242493,4128300.000000
2024-05-15,63.816897,64.401032,63.602713,64.060287,4180000.000000
2024-05-16,63.914268,64.274481,63.232771,63.281452,4142400.000000
2024-05-17,63.515098,64.001878,63.115942,63.505367,2405800.000000
2024-05-20,63.534570,64.605485,63.281442,64.235535,3154100.000000
2024-05-21,64.089512,64.740823,64.021363,64.469200,4427800.000000
2024-05-22,63.885062,64.118714,63.145153,63.622196,3669900.000000
2024-05-23,64.420516,64.613279,62.512338,62.648636,2769700.000000
2024-05-24,62.872547,63.933725,62.629157,63.914257,2161600.000000
2024-05-28,64.089513,64.255016,62.599966,62.960178,3267700.000000
2024-05-29,62.307889,62.395506,61.373272,61.402477,3559000.000000
2024-05-30,61.499829,61.884386,61.154216,61.665337,2601000.000000
2024-05-31,61.752951,61.976869,59.995674,61.519295,6950500.000000
2024-06-03,62.230005,62.307892,59.611128,60.351036,4750300.000000
2024-06-04,60.146577,60.458116,59.357995,59.650063,2784800.000000
2024-06-05,60.136849,61.597190,60.044360,61.499832,3198200.000000
2024-06-06,61.207764,61.392742,60.175791,60.828075,2174200.000000
2024-06-07,60.526267,61.188288,59.796096,61.051991,2323400.000000
2024-06-10,60.828071,61.421944,60.497060,60.886486,2486400.000000
2024-06-11,60.604154,60.604154,59.625724,60.360764,3712700.000000
2024-06-12,61.246706,63.111072,61.246706,62.677837,3851600.000000
2024-06-13,62.541539,62.736256,61.441418,62.298153,2374000.000000
2024-06-14,61.655607,62.653508,60.974114,62.648636,4396200.000000
2024-06-17,62.337085,63.865575,62.015812,63.398270,5551900.000000
2024-06-18,62.921233,64.113851,62.745992,63.982418,3335900.000000
2024-06-20,63.923998,64.157650,62.259206,62.522068,4508600.000000
2024-06-21,62.356075,62.429309,60.188355,61.399155,6381300.000000
2024-06-24,62.346304,63.791452,61.496793,63.107933,3802600.000000
2024-06-25,63.361822,63.459465,61.496803,62.424431,3073600.000000
2024-06-26,61.770205,61.965496,60.891402,61.379627,3312100.000000
2024-06-27,61.789731,62.356074,61.418683,61.740910,3027400.000000
2024-06-28,61.711617,62.844299,60.940221,61.594444,17783800.000000
2024-07-01,62.512303,62.512303,60.403175,60.442234,2847400.000000
2024-07-02,60.422702,61.594443,60.305526,61.350330,3241800.000000
2024-07-03,61.350332,62.063139,60.979280,61.965492,1564600.000000
2024-07-05,62.082664,62.190071,60.998805,61.750671,1994900.000000
2024-07-08,61.975254,62.707591,61.369853,61.643261,2123800.000000
2024-07-09,61.604203,61.936196,60.559402,60.823044,2658500.000000
2024-07-10,61.047628,62.219369,60.823045,62.102192,2560900.000000
2024-07-11,63.059112,65.344000,62.561120,64.846016,4800300.000000
2024-07-12,65.197542,65.412362,64.416386,64.445679,3043700.000000
2024-07-15,65.666241,66.105640,64.680025,65.773651,3941700.000000
2024-07-16,66.173989,68.439352,66.105638,68.234299,4893700.000000
2024-07-17,67.453147,67.785136,65.968939,65.988472,5157600.000000
2024-07-18,65.968939,67.218793,64.191801,65.470955,3961100.000000
2024-07-19,65.724816,66.047046,64.465195,64.680016,2822400.000000
2024-07-22,65.470951,66.427867,65.002252,66.398575,2999700.000000
2024-07-23,66.222824,67.716791,65.973832,66.662224,4602700.000000
2024-07-24,65.881062,66.222818,64.269918,64.435913,4618200.000000
2024-07-25,63.020055,64.875311,61.032981,63.303226,7590000.000000
2024-07-26,64.250375,66.183741,64.035555,65.197525,4351500.000000
2024-07-29,65.695538,66.198409,64.777673,66.027534,3624600.000000
2024-07-30,66.300935,66.769627,65.441655,65.842003,2606900.000000
2024-07-31,67.306678,67.853487,66.066590,66.505989,3509500.000000
2024-08-01,66.310695,66.828212,63.903743,64.504257,3211800.000000
2024-08-02,63.020060,63.537577,61.125745,62.483013,3556900.000000
2024-08-05,60.051647,62.126602,59.768476,62.053368,5120900.000000
2024-08-06,61.750672,63.615691,61.555382,62.629475,3673100.000000
2024-08-07,63.469230,64.006281,61.413804,61.623741,3040900.000000
2024-08-08,62.375607,63.283702,61.926437,62.961479,2820300.000000
2024-08-09,62.854068,63.469228,62.404898,62.863827,2339900.000000
2024-08-12,62.912650,63.273939,62.014314,62.775948,1997000.000000
2024-08-13,63.391108,63.986742,63.010293,63.928158,2180800.000000
2024-08-14,64.103932,64.523806,63.615707,64.133224,3502500.000000
2024-08-15,65.451423,67.101625,65.451423,66.789162,5329300.000000
2024-08-16,66.701273,67.238324,65.744357,65.793175,3675700.000000
2024-08-19,65.851762,67.179734,65.851762,67.023499,2627000.000000
2024-08-20,67.052806,67.443388,66.545056,66.945396,2136500.000000
2024-08-21,67.238315,68.287996,67.238315,68.019478,2671300.000000
2024-08-22,67.941360,68.317288,67.433603,67.941360,1970700.000000
2024-08-23,68.663946,69.835683,68.351482,69.572044,2509500.000000
2024-08-26,69.904034,70.568020,69.825924,70.011444,3804300.000000
2024-08-27,69.611098,70.138381,69.230283,70.070030,1997100.000000
2024-08-28,70.011443,70.524080,69.142403,69.435341,2228200.000000
2024-08-29,69.913793,70.445957,68.976403,69.415802,2672000.000000
2024-08-30,69.982142,71.319881,69.747796,71.066002,3251000.000000
2024-09-03,71.124586,71.339406,68.165945,68.410057,2988800.000000
2024-09-04,68.214782,68.351484,66.984453,67.482445,3004400.000000
2024-09-05,67.492196,68.087830,66.701266,67.414078,2535800.000000
2024-09-06,67.970655,69.562265,67.345728,67.843719,4182600.000000
2024-09-09,68.556512,69.738015,68.146405,69.064270,2910300.000000
2024-09-10,69.708742,70.392254,69.327927,70.138382,3076600.000000
2024-09-11,70.070028,72.325625,68.712764,71.935043,5269100.000000
2024-09-12,71.710461,73.731711,71.466348,73.595009,4624100.000000
2024-09-13,74.102759,75.655318,73.858647,74.708160,5091700.000000
2024-09-16,75.264752,75.635800,74.337120,75.294044,3970500.000000
2024-09-17,75.674850,76.163075,74.874161,76.124016,3517100.000000
2024-09-18,76.485312,77.871869,75.440511,76.348610,4182300.000000
2024-09-19,78.779964,79.326774,77.383641,78.672554,4061700.000000
2024-09-20,77.989039,78.779961,77.617983,78.037857,5257800.000000
2024-09-23,78.379600,79.229114,78.086670,78.975235,3580100.000000
2024-09-24,79.092429,79.722235,78.272214,78.516327,3520400.000000
2024-09-25,78.574902,78.931304,77.344573,77.793739,3589200.000000
2024-09-26,78.526081,78.624708,77.539872,77.901154,3123700.000000
2024-09-27,78.057383,79.561116,77.993912,78.623718,2822900.000000
2024-09-30,78.418668,78.882487,77.764448,78.594429,4659500.000000
2024-10-01,78.604204,78.604204,77.237173,77.481285,3991400.000000
2024-10-02,76.944237,78.906895,76.651299,78.643257,3877600.000000
2024-10-03,78.496784,79.063127,77.920683,78.164795,3427800.000000
2024-10-04,79.043602,79.153947,78.057393,78.897141,2538600.000000
2024-10-07,78.379608,78.667667,77.813273,78.526077,2856600.000000
2024-10-08,79.356061,79.356061,78.623724,78.936188,2145500.000000
2024-10-09,79.092421,80.225106,78.677426,80.146988,3955000.000000
2024-10-10,79.160778,79.404890,78.418674,78.535851,2958000.000000
2024-10-11,78.330793,80.049346,78.330793,79.688057,3324400.000000
2024-10-14,79.717357,80.996503,79.619713,80.723099,2670100.000000
2024-10-15,81.045321,81.357785,79.590413,79.688057,2922700.000000
2024-10-16,79.229128,79.761291,78.975249,79.141251,3326300.000000
2024-10-17,79.795477,80.478988,79.356070,79.522072,2538600.000000
2024-10-18,79.883335,80.059096,79.297466,79.629463,2307000.000000
2024-10-21,79.609932,80.244625,79.102181,79.463463,2364500.000000
2024-10-22,79.111950,79.385362,78.028098,78.262444,3426100.000000
2024-10-23,78.174556,79.160773,77.852334,78.067146,4213200.000000
2024-10-24,73.917228,74.131073,71.036705,71.183174,10410100.000000
2024-10-25,71.065698,72.279665,71.016752,72.171974,5301600.000000
2024-10-28,72.808316,74.301286,71.956582,74.071228,4732000.000000
2024-10-29,73.013909,73.405511,72.426509,73.033485,3798200.000000
2024-10-30,72.778948,73.180342,71.880226,72.054489,4332100.000000
2024-10-31,71.956590,72.240501,71.173386,71.192970,3815700.000000
2024-11-01,71.300670,72.299248,70.967806,71.065704,3524900.000000
2024-11-04,70.820947,72.054491,70.791578,70.879692,3104600.000000
2024-11-05,71.075486,72.551823,70.909057,72.348190,3475000.000000
2024-11-06,72.681058,73.895025,70.899276,73.797119,7187900.000000
2024-11-07,73.914601,75.285205,73.336994,73.552368,4133000.000000
2024-11-08,73.767751,75.520164,73.709013,75.069824,3403900.000000
2024-11-11,75.079606,75.471200,74.433461,74.688004,3256600.000000
2024-11-12,74.599893,74.942550,73.493625,73.855858,4501000.000000
2024-11-13,74.991497,75.745333,74.648848,74.795700,7806400.000000
2024-11-14,74.648842,75.167711,73.336984,73.395721,4786000.000000
2024-11-15,72.661470,73.777531,72.446089,72.964958,4600500.000000
2024-11-18,73.121601,73.336983,72.353082,72.495041,4798500.000000
2024-11-19,71.897847,73.116699,71.790156,72.769157,6252900.000000
2024-11-20,72.984538,73.425086,72.556711,72.935585,4662000.000000
2024-11-21,73.229296,74.913172,72.901324,74.413887,9423300.000000
2024-11-22,74.893602,75.461424,74.345363,75.383102,4481300.000000
2024-11-25,75.872595,77.297043,75.804065,77.213829,7261200.000000
2024-11-26,76.577476,76.861388,74.560736,75.324356,5718600.000000
2024-11-27,75.618059,75.872601,74.893600,75.285202,4565600.000000
2024-11-29,75.745323,76.411044,75.657209,75.745323,2001700.000000
2024-12-02,76.215243,76.352303,74.619474,74.688004,3486700.000000
2024-12-03,74.805485,75.177503,73.875429,73.992912,2789300.000000
2024-12-04,73.855864,74.570531,73.376148,73.797119,2771600.000000
2024-12-05,73.425088,73.994867,72.338396,72.436295,3246400.000000
2024-12-06,72.827906,73.150978,71.584578,72.123024,3926800.000000
2024-12-09,72.269871,72.416723,70.977590,71.662888,3768900.000000
2024-12-10,71.310443,71.888058,70.811158,71.281075,4644300.000000
2024-12-11,72.005545,72.381477,71.743168,72.152390,3394800.000000
2024-12-12,72.406937,72.925806,71.976174,71.995758,3637300.000000
2024-12-13,71.839101,72.744680,71.339816,71.476875,2927700.000000
2024-12-16,71.662885,71.946797,69.900688,70.086693,6439000.000000
2024-12-17,69.538458,70.609487,68.716100,68.804207,10450600.000000
2024-12-18,69.068540,69.186016,65.563714,65.622452,6924000.000000
2024-12-19,66.082585,66.953896,65.230851,65.289597,6533400.000000
2024-12-20,65.510615,67.902550,65.510615,67.278778,11226900.000000
2024-12-23,67.239488,67.720828,66.797449,67.573479,4040800.000000
2024-12-24,67.367192,68.329857,67.249312,68.221802,1543400.000000
2024-12-26,67.936932,68.791542,67.842630,68.408440,3398200.000000
2024-12-27,67.858351,68.683492,67.327900,67.681534,2812200.000000
2024-12-30,66.984091,67.465423,66.257172,67.023384,2634400.000000
2024-12-31,67.210015,67.583300,66.728683,67.052849,2905400.000000
2025-01-02,67.652056,67.932012,66.689384,67.121605,3680600.000000
2025-01-03,67.504713,68.280743,67.445776,68.035164,3197700.000000
2025-01-06,68.320037,68.947737,67.367190,67.494888,3532900.000000
2025-01-07,67.710999,68.162863,66.817088,67.003731,4743200.000000
2025-01-08,66.551861,67.475240,66.404513,67.239479,3798900.000000
2025-01-10,66.453640,66.679569,65.068572,65.333801,6006500.000000
2025-01-13,64.430064,66.149116,64.115723,65.923187,5862000.000000
2025-01-14,66.689393,67.607856,66.433989,67.190376,3409700.000000
2025-01-15,68.654018,68.978184,67.563647,67.583298,4877600.000000
2025-01-16,67.986050,69.125539,67.735562,68.506676,4205400.000000
2025-01-17,69.321996,69.643217,68.408442,68.428093,4601400.000000
2025-01-21,69.125543,69.646169,68.958544,69.302361,7455700.000000
2025-01-22,69.390763,69.675635,68.727697,68.791550,5531200.000000
2025-01-23,68.958536,69.056774,68.487029,68.644196,7828100.000000
2025-01-24,68.732610,69.272879,68.585261,68.879959,5117800.000000
2025-01-27,66.974262,67.715908,66.041066,66.237526,7166400.000000
2025-01-28,66.738506,66.826911,65.952651,66.109825,7965300.000000
2025-01-29,64.626528,64.931043,63.437927,63.654037,10172900.000000
2025-01-30,64.459543,65.215923,64.110818,64.803352,5868900.000000
2025-01-31,64.832816,65.323974,64.096079,64.223778,4966600.000000
2025-02-03,62.455614,63.211994,61.858365,62.033218,9035700.000000
2025-02-04,63.418276,63.418276,61.846573,62.750305,4740400.000000
2025-02-05,63.487040,64.061693,62.907477,63.418278,4799500.000000
2025-02-06,63.791564,64.076436,63.418279,64.056786,4182400.000000
2025-02-07,64.086252,64.489005,62.416319,63.035175,7046600.000000
2025-02-10,63.644210,65.206088,63.369163,65.058746,8101000.000000
2025-02-11,63.359343,64.621622,62.180564,64.007675,9231900.000000
2025-02-12,62.858364,63.054828,61.650113,62.475258,6518900.000000
2025-02-13,62.907473,62.907473,62.101975,62.544014,6718300.000000
2025-02-14,62.868193,64.194317,62.730669,63.978207,6754500.000000
2025-02-18,63.978197,65.589193,63.742443,65.412376,7756200.000000
2025-02-19,65.206084,65.412369,64.710017,64.813164,5168300.000000
2025-02-20,64.646174,66.020436,64.272897,65.923187,5989100.000000
2025-02-21,66.699205,66.758141,64.469345,64.960503,8044600.000000
2025-02-24,66.060710,66.787622,64.921221,65.373093,9057200.000000
2025-02-25,65.726717,66.375041,65.215908,66.011581,6459800.000000
2025-02-26,66.610796,67.131422,64.921213,64.931038,4150500.000000
2025-02-27,64.538116,64.911400,62.809242,62.946770,4530300.000000
2025-02-28,62.897650,63.712974,62.553842,63.654037,6831900.000000
2025-03-03,64.341662,64.341662,61.753262,62.141273,4146200.000000
2025-03-04,61.050904,62.042059,59.105916,60.972317,5616900.000000
2025-03-05,64.056781,65.274850,62.445784,63.722797,6529000.000000
2025-03-06,63.290580,64.400594,62.927121,64.213959,4707600.000000
2025-03-07,64.164842,66.394695,63.624565,66.198235,7017300.000000
2025-03-10,64.931046,67.406485,64.921221,65.864250,6694400.000000
2025-03-11,65.805305,66.129471,63.988023,64.489006,6152700.000000
2025-03-12,65.048926,65.360321,64.135372,64.272896,3897900.000000
2025-03-13,63.909435,65.137329,62.995881,63.113762,6151100.000000
2025-03-14,64.312180,65.599011,63.997839,65.353432,4181800.000000
2025-03-17,65.314144,66.605891,65.304326,66.433983,3886300.000000
2025-03-18,66.178587,66.227698,65.500787,66.109825,3097100.000000
2025-03-19,66.080348,67.052846,65.795483,66.483101,4408200.000000
2025-03-20,65.746369,66.335756,64.587236,65.255211,4354600.000000
2025-03-21,64.597064,65.048928,63.938907,64.999809,11049700.000000
2025-03-24,65.982118,66.846560,65.667778,66.758148,4104200.000000
2025-03-25,66.807272,67.381926,66.375051,66.905502,4016000.000000
2025-03-26,66.993911,67.269948,65.481152,65.785667,3790500.000000
2025-03-27,65.677609,65.677609,64.390779,64.508652,3837900.000000
2025-03-28,64.469354,64.695290,62.141268,62.210033,4139200.000000
2025-03-31,61.610822,62.726730,60.677622,62.278797,4839600.000000
2025-04-01,62.121627,62.946772,61.178601,62.416321,4176400.000000
2025-04-02,61.640290,64.066610,61.404533,63.889793,3159800.000000
2025-04-03,61.885868,62.681545,59.518489,59.646191,5760500.000000
2025-04-04,57.858372,58.054832,54.881955,56.168789,6934400.000000
2025-04-07,55.363296,58.428119,53.261142,55.824986,6336500.000000
2025-04-08,57.180574,57.917311,53.575479,54.567616,6109600.000000
2025-04-09,54.312217,60.225756,53.825968,59.695305,8776000.000000
2025-04-10,58.084309,58.604935,56.070563,58.005722,7081300.000000
2025-04-11,57.583324,58.742457,56.768005,58.212006,7161200.000000
2025-04-14,59.194324,60.245405,58.261127,59.518490,5391500.000000
2025-04-15,59.518485,60.186460,59.007680,59.400608,4390700.000000
2025-04-16,58.428118,59.508667,57.563679,58.143246,3909500.000000
2025-04-17,58.683528,59.331856,58.192370,58.840698,3714300.000000
2025-04-21,58.231649,58.428113,56.404542,57.151104,4607600.000000
2025-04-22,57.141280,58.703162,57.141280,58.418293,3411500.000000
2025-04-23,59.213969,59.803360,57.534210,57.563679,7743400.000000
2025-04-24,58.153068,59.498839,57.956604,59.243439,4665900.000000
2025-04-25,59.086272,59.528311,58.624583,58.997864,3869000.000000
2025-04-28,59.145211,60.124581,58.712993,59.420261,4197200.000000
2025-04-29,59.194329,60.382933,59.174686,59.744427,4881700.000000
2025-04-30,59.528308,61.561700,59.017507,61.434002,8626200.000000
2025-05-01,66.522395,69.061679,64.901573,68.565613,10603900.000000
2025-05-02,68.984447,70.709058,68.334018,70.492249,6134500.000000
2025-05-05,70.216311,70.858852,69.625017,69.782692,5563200.000000
2025-05-06,68.836621,69.713708,68.600105,69.171692,5031400.000000
2025-05-07,69.398348,69.924605,68.255182,68.974586,5762100.000000
2025-05-08,69.684148,70.733700,69.319513,69.477196,5140000.000000
2025-05-09,69.999501,70.502105,69.664438,70.403557,5539900.000000
2025-05-12,72.975693,73.320614,71.783241,72.374542,5802000.000000
2025-05-13,73.034827,73.990756,72.586426,73.566994,10638400.000000
2025-05-14,73.162930,73.764081,72.177438,72.295700,5086800.000000
2025-05-15,72.069035,72.532218,72.029614,72.413963,3782500.000000
2025-05-16,73.034816,74.552475,72.689895,74.522911,7296500.000000
2025-05-19,73.261485,75.193056,72.689905,74.729874,6554500.000000
2025-05-20,74.749569,75.515297,73.369879,73.862625,5093200.000000
2025-05-21,72.739168,73.024962,70.876589,71.044121,5182000.000000
2025-05-22,70.935727,71.260934,70.285299,70.728767,4882900.000000
2025-05-23,69.615162,70.344424,69.233776,69.950233,4450700.000000
2025-05-27,71.122965,71.300354,69.861536,71.280647,3453400.000000
2025-05-28,71.379187,71.467878,69.940369,70.009354,3829800.000000
2025-05-29,70.590795,70.610509,69.733422,70.373993,2998100.000000
2025-05-30,70.265593,70.492252,69.551105,70.167038,6337900.000000
2025-06-02,69.684139,69.822107,68.304448,69.319504,3564600.000000
2025-06-03,69.427922,69.861541,68.925326,69.772850,3328900.000000
2025-06-04,70.236017,70.866739,69.960080,70.354279,3280700.000000
2025-06-05,70.640080,70.876596,69.659513,70.364143,3995900.000000
2025-06-06,70.896298,70.896298,69.654576,70.009354,4754900.000000
2025-06-09,70.255734,70.861810,70.019218,70.610512,3608500.000000
2025-06-10,70.955434,71.216589,70.413410,70.709061,4815500.000000
2025-06-11,71.093396,71.625562,70.531665,71.428467,6236200.000000
2025-06-12,71.241221,71.753673,70.906150,71.428467,4131200.000000
2025-06-13,70.373983,70.925856,69.979785,70.206444,3559100.000000
2025-06-16,70.511957,70.720879,69.467330,70.009354,4711500.000000
2025-06-17,69.349083,69.792552,68.481846,68.767639,5685100.000000
2025-06-18,68.816910,69.575736,68.531117,68.846474,4073100.000000
2025-06-20,69.457481,69.830981,68.866180,69.447624,10629700.000000
2025-06-23,69.378641,70.802676,69.033720,70.738617,3283000.000000
2025-06-24,71.191943,71.487594,70.748475,71.408752,3664500.000000
2025-06-25,71.398895,71.635419,70.955427,71.379189,3344200.000000
2025-06-26,71.458032,72.246421,71.142674,71.536865,3939900.000000
2025-06-27,72.275982,73.192490,71.960625,72.601196,6162900.000000
2025-06-30,72.551928,72.660333,71.931063,72.128166,4623500.000000
2025-07-01,71.546728,73.788724,71.260934,73.222069,5148100.000000
2025-07-02,73.231922,74.227271,72.969782,74.168144,3606600.000000
2025-07-03,74.414499,74.729856,74.158269,74.552467,1423400.000000
2025-07-07,74.453930,74.621462,73.202351,73.557129,2857500.000000
2025-07-08,73.626109,74.311025,73.281188,73.813354,4506600.000000
2025-07-09,74.315962,74.912180,73.665533,74.788994,4119300.000000
2025-07-10,74.897394,76.158823,74.404648,75.656219,3461600.000000
2025-07-11,74.749574,75.789269,74.660884,75.508408,3805100.000000
2025-07-14,75.183193,75.661158,74.887543,75.498550,2566400.000000
2025-07-15,74.848130,75.547836,74.266693,74.286400,3194900.000000
2025-07-16,74.315972,74.542631,73.005265,74.335678,4424900.000000
2025-07-17,74.306110,75.882896,74.054804,75.813911,2778000.000000
2025-07-18,76.070146,76.139130,75.301463,75.518265,5031700.000000
2025-07-21,75.908672,76.066811,75.078417,75.088303,4393400.000000
2025-07-22,74.940046,75.631919,74.564459,75.533081,3395300.000000
2025-07-23,76.995912,79.802948,76.906953,78.686066,6914600.000000
2025-07-24,78.883745,79.714000,78.518044,78.518044,3574500.000000
2025-07-25,78.863975,79.872134,78.587226,79.793068,3401200.000000
2025-07-28,79.980860,80.148886,79.091304,79.249451,7126100.000000
2025-07-29,73.022561,73.872581,70.166103,70.838211,13098800.000000
2025-07-30,70.620767,70.630653,66.953825,67.408485,10081700.000000
2025-07-31,67.210809,68.802124,67.210809,67.823616,7641100.000000
2025-08-01,67.210801,67.210801,65.668908,66.143333,5451600.000000
2025-08-04,65.935779,66.568351,65.392167,65.767754,4833800.000000
2025-08-05,66.084029,66.113679,64.986911,65.609596,3658900.000000
2025-08-06,65.787510,65.787510,64.878189,65.342735,3578900.000000
2025-08-07,66.133456,66.222408,65.331864,65.589836,4024700.000000
2025-08-08,65.738097,66.113684,65.197441,65.263664,3321200.000000
2025-08-11,65.105530,65.174717,63.790964,64.127014,5173000.000000
2025-08-12,64.591553,65.362499,64.255503,64.967148,2989300.000000
2025-08-13,65.253775,66.444792,64.744753,66.271828,3761200.000000
2025-08-14,65.619489,65.856701,64.729933,64.996803,3743200.000000
2025-08-15,65.263669,65.441580,64.571796,64.640984,2968200.000000
2025-08-18,64.581676,65.797404,64.542146,65.718330,3660500.000000
2025-08-19,65.718326,67.023006,65.303202,66.202644,6606600.000000
2025-08-20,66.044498,66.410206,65.634313,66.064262,5520200.000000
2025-08-21,65.827052,65.925889,64.151724,64.255508,10279800.000000
2025-08-22,64.581673,67.191041,64.295046,66.963707,5535000.000000
2025-08-25,66.637534,66.963706,65.194480,65.234016,4921300.000000
2025-08-26,65.352620,65.787508,64.492715,65.708443,5909300.000000
2025-08-27,65.688682,67.270111,65.579958,66.805565,7197500.000000
2025-08-28,67.013126,67.141614,65.174712,65.402039,3615200.000000
2025-08-29,65.599725,65.728214,64.136899,64.443298,6863600.000000
2025-09-02,63.415375,63.751425,62.001967,62.763031,6414700.000000
2025-09-03,62.723492,62.970590,61.048164,61.744984,6925600.000000
2025-09-04,62.150227,62.940941,61.725217,62.802567,4471300.000000
2025-09-05,63.603162,64.871276,63.440076,64.749702,5021900.000000
2025-09-08,64.858427,65.367450,64.304921,64.848541,5761700.000000
2025-09-09,63.652586,64.107247,61.725217,62.733379,5695200.000000
2025-09-10,63.099088,64.047949,59.402491,61.774639,13960300.000000
2025-09-11,61.280436,62.525811,60.934500,61.576954,7588500.000000
2025-09-12,61.053111,61.804289,60.667638,60.954269,5224900.000000
2025-09-15,61.181603,61.280440,59.975760,60.529263,6925600.000000
2025-09-16,60.964154,61.181602,60.163553,60.222858,5181000.000000
2025-09-17,60.499612,61.656035,59.530986,60.015301,7077800.000000
2025-09-18,60.430421,60.974037,60.005411,60.390884,4700800.000000
2025-09-19,60.489726,60.568795,59.659474,59.689125,5733500.000000
2025-09-22,59.303654,59.768201,58.967600,59.610058,4220000.000000
2025-09-23,59.817619,60.104254,58.745212,59.046673,5200200.000000
2025-09-24,58.809457,59.353073,58.275724,58.305378,4148000.000000
2025-09-25,57.880367,58.587069,57.643151,58.068161,4821200.000000
2025-09-26,58.216425,58.592012,57.910021,58.157120,6079400.000000
2025-09-29,58.947832,58.947832,58.068161,58.443752,4745100.000000
2025-09-30,58.315261,59.115861,58.255956,59.007137,6126800.000000
2025-10-01,58.710615,59.115857,58.512936,58.769917,3592600.000000
2025-10-02,58.641429,59.362956,58.048390,58.216419,3830100.000000
2025-10-03,58.246073,59.254235,58.018743,58.957718,5611200.000000
2025-10-06,59.649586,60.064714,58.861839,59.115856,5103500.000000
2025-10-07,59.135629,59.397553,58.344911,58.493172,5700500.000000
2025-10-08,58.364680,59.817621,57.929788,59.105976,8457300.000000
2025-10-09,59.372839,59.787966,56.995752,57.425701,6201100.000000
2025-10-10,57.870475,58.567295,55.913455,56.002411,5625800.000000
2025-10-13,56.763478,57.040227,56.046894,56.209976,3240900.000000
2025-10-14,54.885527,57.203312,54.687851,56.832664,6553500.000000
2025-10-15,56.773362,57.623382,56.111140,56.546032,7907900.000000
2025-10-16,56.654754,56.709116,55.646591,56.091370,7265600.000000
2025-10-17,56.160556,56.338467,55.488447,55.547752,6011900.000000
2025-10-20,56.130906,57.020459,56.130906,57.000690,7440800.000000
2025-10-21,56.674523,59.269058,56.486729,59.125740,5984500.000000
2025-10-22,59.471678,59.871980,55.952997,56.081490,10575300.000000
2025-10-23,56.328585,56.842546,55.943108,56.457073,3932400.000000
2025-10-24,57.237904,57.712332,56.980923,57.168716,4292700.000000
2025-10-27,57.761756,58.246070,57.178603,57.613499,6363700.000000
2025-10-28,59.303652,59.857154,57.766699,58.058277,9614600.000000
2025-10-29,57.348854,61.838537,57.051196,60.275829,13232900.000000
2025-10-30,59.601134,60.523876,57.894558,58.390656,10231800.000000
2025-10-31,58.192225,59.353091,57.477844,59.025669,5294800.000000
2025-11-03,58.479958,58.961173,57.110732,57.408390,4744500.000000
2025-11-04,56.912292,57.453036,56.396350,57.100807,5135400.000000
2025-11-05,56.713851,57.289326,56.178065,56.406269,6333200.000000
2025-11-06,56.267363,57.269482,55.989549,56.128456,5344400.000000
2025-11-07,55.533142,57.071043,55.156107,57.061119,5669400.000000
2025-11-10,57.259558,57.348855,55.701812,56.882526,4054700.000000
2025-11-11,57.120649,57.150413,56.192945,56.525333,3955100.000000
2025-11-12,56.713852,57.299247,54.560791,55.552986,7253700.000000
2025-11-13,55.513296,56.664242,54.605437,54.729462,5356900.000000
2025-11-14,54.144067,54.459586,53.538828,53.677734,6034900.000000
2025-11-17,53.717424,53.776957,52.536714,52.715309,5766600.000000
2025-11-18,52.298583,52.834369,51.548483,51.604046,6507000.000000
2025-11-19,52.010845,52.010845,50.631695,50.849979,6655600.000000
2025-11-20,51.098028,51.584205,49.907394,49.966927,6400900.000000
2025-11-21,50.482870,52.308509,50.175288,52.000927,12733000.000000
2025-11-24,51.991005,52.665698,51.236935,51.346077,9383900.000000
2025-11-25,51.852096,53.767032,51.728072,53.528908,11511500.000000
2025-11-26,53.608281,54.433788,53.285821,53.935707,6536600.000000
2025-11-28,54.173828,54.476447,53.682693,54.451645,2897200.000000
2025-12-01,53.638049,54.431804,53.489218,53.826565,6689200.000000
2025-12-02,54.233361,54.302815,53.022883,53.399918,3768800.000000
2025-12-03,53.171717,54.223444,52.784761,54.193676,9752500.000000
2025-12-04,53.558670,54.704654,53.201479,54.074612,12206300.000000
2025-12-05,54.094457,54.372271,53.578516,53.866253,9063800.000000
2025-12-08,53.816644,53.935706,52.576400,52.616085,13159200.000000
2025-12-09,52.397806,53.012965,51.613971,52.427570,12466900.000000
2025-12-10,52.536715,53.647973,51.931476,52.983204,16529100.000000
2025-12-11,53.320549,54.163913,52.754994,53.727348,6583800.000000
2025-12-12,54.431807,54.441727,52.377964,52.526791,6481000.000000
2025-12-15,52.923668,52.923668,51.812411,52.169601,7322300.000000
2025-12-16,52.348192,53.241168,51.961236,53.022884,8125700.000000
2025-12-17,53.042729,53.320546,51.524672,51.991005,9700300.000000
2025-12-18,53.012964,53.638048,52.695462,52.784760,8212600.000000
2025-12-19,52.635930,53.390000,52.318428,53.350311,12875300.000000
2025-12-22,53.558670,53.702539,52.556555,52.784760,5929900.000000
2025-12-23,52.814526,53.221326,52.467259,52.923668,4527900.000000
2025-12-24,53.151874,53.241171,52.745074,53.082420,1663200.000000
2025-12-26,52.983199,53.231248,52.804604,53.171715,2101500.000000
2025-12-29,53.141950,53.399919,52.983199,53.191559,3640300.000000
2025-12-30,53.042731,53.464413,52.764917,53.012966,3498000.000000
2025-12-31,52.903823,53.122107,52.368037,52.427570,3218700.000000
2026-01-02,52.695461,53.533867,52.119986,53.102261,3555000.000000
2026-01-05,52.635930,54.044848,52.635930,53.370155,4295800.000000
2026-01-06,51.683426,53.256054,49.847867,53.082420,8715500.000000
2026-01-07,53.280857,53.955549,52.030689,52.159676,8282200.000000
2026-01-08,51.752874,53.489215,51.355995,53.439606,5410700.000000
2026-01-09,54.124220,55.939938,53.752146,55.810951,8947300.000000
2026-01-12,55.731577,55.840719,54.898137,54.947746,10882700.000000
2026-01-13,55.096574,55.488491,54.590556,54.779072,5450900.000000
2026-01-14,55.096570,55.369425,54.268088,55.166023,4810700.000000
2026-01-15,55.701812,55.716694,54.759226,55.116417,4935200.000000
2026-01-16,54.838606,55.910174,54.198639,55.751423,8978700.000000
2026-01-20,54.675252,55.233266,54.426140,55.014046,7741700.000000
2026-01-21,55.392698,57.654642,55.133622,57.535069,11325000.000000
2026-01-22,58.122974,58.222618,56.862461,57.236130,9094200.000000
2026-01-23,57.345743,57.505175,56.508724,57.096630,8858900.000000
2026-01-26,57.066738,57.420478,56.618335,57.166382,6775200.000000
2026-01-27,57.146452,57.375639,56.648227,56.867447,6098900.000000
2026-01-28,55.681670,58.411943,55.391703,57.704464,16514300.000000
2026-01-29,58.720845,59.577793,58.171802,59.577793,9329200.000000
2026-01-30,59.209102,59.821921,59.039707,59.368538,10553200.000000
2026-02-02,59.219071,60.569262,59.119428,60.145771,6550100.000000
2026-02-03,59.916586,61.152183,59.797009,60.982788,9264200.000000
2026-02-04,62.019100,63.912354,61.854684,63.324448,14052200.000000
2026-02-05,64.380684,64.659689,60.474595,62.876041,21704800.000000
2026-02-06,62.746505,65.008445,62.547214,63.693130,11800700.000000
2026-02-09,63.483879,65.152937,63.065371,65.088165,8375700.000000
2026-02-10,65.516636,66.263974,65.257557,65.586388,6264100.000000
2026-02-11,65.925186,67.046193,65.925186,66.841919,6080500.000000
2026-02-12,67.409897,68.087484,64.639765,64.659691,8020900.000000
2026-02-13,64.739411,65.696003,64.291003,65.167885,6101100.000000
2026-02-17,65.098135,66.562919,65.048309,66.194229,5073000.000000
2026-02-18,66.184255,66.313799,64.031926,64.101677,5748300.000000
2026-02-19,63.025513,63.135123,60.783498,62.696682,8515200.000000
2026-02-20,62.756471,64.789227,62.591060,63.912354,4356300.000000
2026-02-23,63.713060,65.013432,62.930846,63.234764,3807300.000000
2026-02-24,63.463948,64.340826,63.294553,63.304516,3630400.000000
2026-02-25,61.675322,61.809841,60.061072,61.281723,6746500.000000
2026-02-26,61.550766,63.000600,61.271761,62.537251,4943900.000000
2026-02-27,61.919452,64.405599,61.760020,64.171432,7534300.000000
2026-03-02,63.204874,63.872494,62.527287,63.613419,3643400.000000
2026-03-03,61.172113,61.969273,60.056089,60.952892,5126600.000000
2026-03-04,61.281724,61.655393,60.280290,60.863216,4254700.000000
2026-03-05,60.414810,61.241862,59.368538,60.185627,5437300.000000
2026-03-06,58.870315,58.940066,57.440407,58.142902,8869200.000000
2026-03-09,56.996987,58.880279,56.229720,58.511593,7501400.000000
2026-03-10,57.824036,59.159280,57.664604,58.222618,6877700.000000
2026-03-11,58.103045,58.710876,57.669587,58.481693,6476500.000000
2026-03-12,57.824036,58.222618,56.149999,56.289505,9301500.000000
2026-03-13,56.967090,57.495211,55.033977,55.452488,5905300.000000
2026-03-16,55.821174,56.409080,55.502310,55.651775,5718800.000000
2026-03-17,56.140035,57.016913,55.641810,56.777763,5225600.000000
2026-03-18,56.588440,57.943613,56.339327,57.405529,6799700.000000
2026-03-19,56.708014,59.039709,56.369221,58.760704,8325500.000000
2026-03-20,58.790595,59.358572,57.495210,57.863895,13673700.000000
2026-03-23,59.478145,59.986337,58.063186,58.093079,7394400.000000
2026-03-24,57.266028,59.039710,56.732927,58.372089,6335500.000000
2026-03-25,59.238998,59.687402,58.222618,59.039707,4271100.000000
2026-03-26,58.501626,59.039710,54.391266,54.475964,11988700.000000
2026-03-27,54.685218,55.293054,53.838233,54.057453,6960800.000000
2026-03-30,54.844651,55.043942,53.579159,54.167065,5721500.000000
2026-03-31,55.492343,56.528653,55.033977,56.110146,6677500.000000
2026-04-01,56.438972,57.584892,56.015481,56.698051,5783900.000000
2026-04-02,55.731492,56.832570,55.093764,55.512272,5650300.000000
2026-04-06,55.143587,55.716547,54.869562,55.392700,4117500.000000
2026-04-07,54.954261,55.352839,54.456036,55.243229,5266700.000000
2026-04-08,57.794147,58.671025,57.714429,58.083118,5957100.000000
2026-04-09,57.883825,61.540798,57.883825,61.241863,6070400.000000
2026-04-10,61.869629,63.762887,61.530836,63.115192,7428600.000000
2026-04-13,63.065370,64.201323,62.656825,64.091713,6643900.000000
2026-04-14,64.061822,64.759334,63.135122,64.430511,4610400.000000
2026-04-15,63.782818,63.782818,57.495212,58.342194,16954400.000000
2026-04-16,58.541482,60.504491,57.644675,59.498074,8885400.000000
2026-04-17,60.095946,62.741522,59.976369,61.102360,6461100.000000
2026-04-20,60.962857,61.989200,60.673886,61.431190,5076000.000000
2026-04-21,61.560729,62.846152,61.182081,61.490978,5105400.000000
2026-04-22,62.118742,62.318033,60.165700,60.434742,4346400.000000
2026-04-23,61.062503,62.308067,60.514456,61.321583,5574100.000000
2026-04-24,61.510906,61.989202,60.285272,60.753605,5582400.000000
2026-04-27,61.311617,62.676757,61.221936,61.690269,6271300.000000
2026-04-28,61.431193,62.073900,60.813391,61.779949,6536900.000000
2026-04-29,62.806293,63.533701,60.783499,61.520874,8941500.000000
2026-04-30,63.982102,68.794960,63.444017,66.931595,15777700.000000
2026-05-01,66.961490,68.251899,66.273944,67.380005,7348600.000000
2026-05-04,67.169998,67.620003,65.125000,65.889999,4928900.000000
2026-05-05,66.220001,66.620003,64.080002,64.180000,6926200.000000
2026-05-06,66.110001,68.480003,65.849998,67.900002,7663800.000000
2026-05-07,68.580002,68.650002,66.449997,67.220001,7627100.000000
2026-05-08,67.599998,68.389999,66.500000,66.830002,5032000.000000
2026-05-11,66.870003,67.000000,65.639999,65.879997,5310500.000000
2026-05-12,65.489998,65.989998,64.739998,65.559998,3907800.000000
2026-05-13,65.849998,66.199997,65.000000,65.570000,3660800.000000
2026-05-14,66.029999,67.065002,65.349998,66.730003,3823500.000000
2026-05-15,65.779999,66.099998,64.400002,64.669998,4099300.000000
2026-05-18,64.559998,64.849998,63.459999,64.510002,5492300.000000
2026-05-19,63.730000,63.980000,61.380001,61.439999,7210000.000000
2026-05-20,61.840000,63.889999,61.235001,63.590000,5360100.000000
2026-05-21,61.650002,63.355000,61.119999,62.180000,11118000.000000
2026-05-22,62.599998,63.950001,61.915001,63.139999,4926800.000000
2026-05-26,64.040001,65.150002,63.709999,64.889999,5746300.000000
2026-05-27,65.480003,66.150002,64.370003,64.510002,6325800.000000
2026-05-28,63.509998,64.430000,62.320000,63.810001,11959700.000000
2026-05-29,63.509998,65.290001,63.055000,63.869999,10392700.000000
2026-06-01,63.049999,65.320000,62.669998,65.110001,8101400.000000
2026-06-02,66.870003,69.830002,66.309998,66.419998,8157300.000000
2026-06-03,66.099998,68.839996,65.620003,67.580002,6225800.000000
2026-06-04,67.860001,68.779999,67.620003,68.540001,5505700.000000
