date,open,high,low,close,volume
2019-06-12,63.500000,67.000000,56.000000,58.000000,19449200.000000
2019-06-13,63.860001,69.669998,61.599998,67.559998,10923900.000000
2019-06-14,69.779999,70.790001,63.020000,64.160004,6264200.000000
2019-06-17,64.750000,70.010002,62.000000,70.010002,3247500.000000
2019-06-18,73.000000,78.699997,71.500000,76.500000,6612600.000000
2019-06-19,78.750000,79.790001,73.555000,77.220001,3319100.000000
2019-06-20,78.000000,78.220001,70.690002,74.849998,3429600.000000
2019-06-21,72.459999,73.928001,68.300003,72.230003,2657500.000000
2019-06-24,71.050003,72.389999,65.080002,67.970001,2448000.000000
2019-06-25,67.099998,68.989998,61.169998,61.520000,2480200.000000
2019-06-26,63.299999,64.919998,62.005001,62.650002,1625500.000000
2019-06-27,63.389999,64.995003,62.570999,63.279999,914500.000000
2019-06-28,64.360001,68.379997,63.299999,68.290001,1474300.000000
2019-07-01,69.099998,69.728996,61.810001,63.200001,2670900.000000
2019-07-02,63.299999,65.029999,61.721001,64.519997,1735600.000000
2019-07-03,64.680000,67.480003,64.519997,67.239998,1564100.000000
2019-07-05,67.150002,67.250000,64.839996,67.209999,804900.000000
2019-07-08,68.260002,71.714996,66.900002,66.910004,4567200.000000
2019-07-09,67.419998,69.199997,66.879997,68.449997,1782700.000000
2019-07-10,70.000000,74.500000,69.500000,74.339996,2719300.000000
2019-07-11,74.500000,74.980003,70.500000,70.879997,2351800.000000
2019-07-12,71.599998,75.199997,70.500000,73.500000,1838300.000000
2019-07-15,74.000000,74.294998,71.400002,71.599998,1325100.000000
2019-07-16,71.930000,73.086998,69.000000,69.540001,1582300.000000
2019-07-17,70.000000,71.559998,69.589996,71.000000,1037000.000000
2019-07-18,71.000000,74.190002,70.150002,72.750000,2779900.000000
2019-07-19,85.160004,85.849998,80.750000,83.519997,13669000.000000
2019-07-22,82.269997,88.500000,82.080002,87.680000,5357700.000000
2019-07-23,88.320000,89.440002,84.489998,86.739998,2529800.000000
2019-07-24,86.790001,87.849998,85.500000,87.459999,1250700.000000
2019-07-25,87.500000,93.338997,87.000000,92.279999,3270400.000000
2019-07-26,93.040001,95.500000,91.910004,92.879997,2053000.000000
2019-07-29,93.690002,93.900002,82.650002,87.230003,3317800.000000
2019-07-30,86.000000,96.190002,84.000000,94.000000,3127200.000000
2019-07-31,93.949997,94.801003,86.817001,89.070000,2476000.000000
2019-08-01,90.070000,94.320000,89.439003,91.529999,2238200.000000
2019-08-02,91.540001,92.779999,86.910004,88.010002,1801000.000000
2019-08-05,83.339996,86.919998,82.250000,85.480003,2196400.000000
2019-08-06,87.199997,89.760002,82.709999,85.239998,1357400.000000
2019-08-07,83.690002,86.449997,82.800003,84.220001,990400.000000
2019-08-08,85.489998,91.860001,85.489998,91.650002,1692300.000000
2019-08-09,90.250000,98.000000,90.000000,94.900002,3062200.000000
2019-08-12,94.250000,98.199997,91.529999,93.010002,1895600.000000
2019-08-13,92.839996,100.500000,92.839996,99.650002,3024600.000000
2019-08-14,96.519997,97.730003,91.599998,94.019997,2822900.000000
2019-08-15,95.989998,97.139999,91.370003,93.660004,1513100.000000
2019-08-16,95.000000,98.099998,93.400002,96.050003,1517800.000000
2019-08-19,98.800003,101.480003,95.599998,99.389999,2782700.000000
2019-08-20,99.230003,101.879997,97.260002,99.160004,1438800.000000
2019-08-21,100.589996,100.959999,96.269997,96.580002,1783900.000000
2019-08-22,96.290001,96.580002,92.800003,92.970001,1764000.000000
2019-08-23,91.370003,91.559998,86.000000,88.430000,3041000.000000
2019-08-26,90.239998,90.839996,86.129997,88.879997,1462400.000000
2019-08-27,89.279999,89.949997,83.234001,84.080002,1821600.000000
2019-08-28,84.000000,87.524002,82.613998,86.989998,1919300.000000
2019-08-29,88.300003,89.346001,83.290001,83.820000,1787000.000000
2019-08-30,84.019997,84.940002,78.889999,81.279999,1907300.000000
2019-09-03,80.849998,83.800003,80.251999,83.760002,1827700.000000
2019-09-04,85.000000,87.769997,82.889999,85.309998,2393100.000000
2019-09-05,86.250000,87.190002,82.500000,86.849998,3918600.000000
2019-09-06,79.699997,81.500000,75.305000,75.980003,8672300.000000
2019-09-09,76.105003,76.117996,64.339996,67.099998,8598200.000000
2019-09-10,65.699997,71.800003,65.699997,71.650002,4672500.000000
2019-09-11,69.209999,70.930000,67.199997,69.110001,3114000.000000
2019-09-12,69.680000,72.400002,69.059998,69.660004,2923500.000000
2019-09-13,69.860001,70.309998,64.709999,64.860001,4166300.000000
2019-09-16,63.709999,68.860001,63.500000,67.860001,2804500.000000
2019-09-17,68.639999,71.334000,68.129997,71.040001,2810500.000000
2019-09-18,70.120003,71.878998,68.800003,70.849998,1999200.000000
2019-09-19,71.500000,71.870003,67.639999,68.930000,1684000.000000
2019-09-20,68.949997,69.458000,66.190002,66.970001,3357500.000000
2019-09-23,67.120003,68.570000,66.540001,66.910004,825900.000000
2019-09-24,67.019997,67.370003,62.000000,62.520000,2605700.000000
2019-09-25,62.000000,63.389999,60.110001,62.020000,2463400.000000
2019-09-26,62.049999,62.360001,57.660000,58.299999,2885100.000000
2019-09-27,58.270000,58.330002,52.840000,53.459999,4449400.000000
2019-09-30,53.500000,58.650002,51.610001,58.310001,4020800.000000
2019-10-01,58.299999,59.509998,55.650002,57.889999,2835200.000000
2019-10-02,56.805000,57.660000,54.070000,56.630001,1561000.000000
2019-10-03,59.480000,62.400002,56.754002,62.139999,5072300.000000
2019-10-04,62.000000,64.459999,61.549999,63.840000,2153900.000000
2019-10-07,63.360001,69.699997,62.720001,68.779999,3614300.000000
2019-10-08,67.400002,68.430000,64.480003,65.300003,2760000.000000
2019-10-09,66.349998,66.430000,62.500000,63.080002,2196600.000000
2019-10-10,62.599998,63.610001,60.400002,61.410000,2288300.000000
2019-10-11,58.770000,61.480000,57.270000,60.270000,3331600.000000
2019-10-14,55.799999,57.849998,53.200001,54.520000,4445400.000000
2019-10-15,55.009998,56.410000,54.029999,55.209999,1980300.000000
2019-10-16,53.570000,55.770000,51.799999,52.029999,2589100.000000
2019-10-17,51.759998,53.150002,50.330002,50.439999,2781000.000000
2019-10-18,50.000000,50.320000,46.459999,47.040001,3669100.000000
2019-10-21,46.930000,48.970001,46.220001,47.400002,2404200.000000
2019-10-22,47.250000,48.480000,44.581001,46.200001,2695600.000000
2019-10-23,47.000000,50.430000,46.029999,47.869999,3686100.000000
2019-10-24,48.599998,52.180000,48.110001,51.840000,2046800.000000
2019-10-25,50.880001,52.070000,49.410000,50.110001,1528300.000000
2019-10-28,50.259998,51.312000,47.709999,47.950001,2758200.000000
2019-10-29,47.430000,48.369999,46.209999,47.799999,1739200.000000
2019-10-30,47.720001,52.480000,46.779999,51.445000,2217600.000000
2019-10-31,51.200001,51.639999,48.099998,49.910000,1046000.000000
2019-11-01,49.939999,50.847000,47.750000,48.500000,1438700.000000
2019-11-04,49.150002,50.483002,48.009998,49.650002,1301300.000000
2019-11-05,50.180000,50.599998,47.770000,48.700001,1457200.000000
2019-11-06,48.560001,48.709999,46.900002,47.830002,1028600.000000
2019-11-07,48.259998,48.500000,45.380001,45.500000,1665000.000000
2019-11-08,45.020000,47.209999,44.799999,47.209999,1977300.000000
2019-11-11,46.500000,47.000000,45.459999,46.200001,1286900.000000
2019-11-12,47.500000,47.849998,46.110001,47.049999,1740800.000000
2019-11-13,46.830002,52.439999,46.650002,52.000000,2860000.000000
2019-11-14,51.310001,54.919998,50.643002,52.730000,2820900.000000
2019-11-15,53.000000,59.990002,53.000000,59.750000,4004300.000000
2019-11-18,60.000000,60.000000,55.520000,57.070000,2239400.000000
2019-11-19,57.450001,57.556000,53.759998,56.000000,1591200.000000
2019-11-20,55.240002,58.310001,53.389999,54.880001,2256900.000000
2019-11-21,55.459999,55.459999,52.852001,53.770000,959400.000000
2019-11-22,54.189999,55.299999,53.750000,54.200001,1028400.000000
2019-11-25,55.320000,56.169998,54.855000,55.840000,1843100.000000
2019-11-26,56.500000,58.020000,54.259998,55.580002,1996800.000000
2019-11-27,56.369999,56.669998,55.230000,56.290001,986500.000000
2019-11-29,56.959999,59.500000,56.320000,58.000000,1244400.000000
2019-12-02,58.500000,58.599998,52.541000,55.009998,2925100.000000
2019-12-03,53.290001,57.590000,53.009998,57.369999,1395900.000000
2019-12-04,56.610001,57.000000,54.299999,54.980000,1607000.000000
2019-12-05,55.000000,55.209999,51.610001,52.950001,3362400.000000
2019-12-06,54.000000,55.099998,50.500000,50.889999,8029000.000000
2019-12-09,49.139999,50.959999,48.410000,49.000000,13793500.000000
2019-12-10,49.919998,50.020000,47.220001,47.549999,5751100.000000
2019-12-11,47.009998,48.799999,46.330002,47.730000,9363500.000000
2019-12-12,47.950001,48.500000,46.320000,47.299999,5709800.000000
2019-12-13,47.500000,49.860001,46.700001,49.410000,6364200.000000
2019-12-16,50.000000,50.110001,48.150002,49.450001,5034600.000000
2019-12-17,49.340000,49.439999,47.520000,48.389999,4742300.000000
2019-12-18,48.959999,50.299999,48.599998,50.139999,5653300.000000
2019-12-19,50.450001,50.450001,49.200001,49.470001,3044800.000000
2019-12-20,49.910000,50.000000,48.580002,49.490002,3119600.000000
2019-12-23,49.250000,49.299999,47.610001,47.849998,4588000.000000
2019-12-24,48.000000,48.720001,47.150002,47.750000,1508400.000000
2019-12-26,48.410000,50.060001,48.090000,50.029999,4779200.000000
2019-12-27,50.299999,50.380001,48.200001,48.919998,3510000.000000
2019-12-30,50.000000,50.560001,48.390999,50.029999,5706100.000000
2019-12-31,49.340000,50.340000,48.900002,49.869999,3288500.000000
2020-01-02,50.029999,50.750000,49.250000,49.439999,4428300.000000
2020-01-03,48.919998,51.990002,48.790001,50.750000,11165600.000000
2020-01-06,51.849998,56.169998,51.029999,55.110001,21725400.000000
2020-01-07,54.549999,56.500000,54.500000,54.750000,12503500.000000
2020-01-08,54.200001,55.860001,53.299999,55.660000,7511600.000000
2020-01-09,56.950001,57.250000,55.099998,55.939999,6517200.000000
2020-01-10,56.490002,58.299999,56.000000,57.200001,8150700.000000
2020-01-13,57.360001,59.740002,57.000000,58.970001,7038700.000000
2020-01-14,59.230000,60.660000,57.500000,59.240002,7786500.000000
2020-01-15,59.230000,61.970001,59.230000,60.250000,7973300.000000
2020-01-16,61.500000,62.750000,61.000000,62.240002,6159500.000000
2020-01-17,63.049999,63.700001,62.060001,63.450001,6255900.000000
2020-01-21,63.020000,63.389999,61.259998,62.240002,6086700.000000
2020-01-22,63.000000,64.040001,62.299999,62.570000,4257800.000000
2020-01-23,62.570000,62.660000,60.709999,61.549999,4071700.000000
2020-01-24,62.000000,63.049999,57.840000,59.250000,6580200.000000
2020-01-27,56.580002,58.160000,55.310001,58.060001,4425900.000000
2020-01-28,58.660000,59.639999,58.130001,59.070000,3074000.000000
2020-01-29,60.000000,61.779999,59.740002,60.259998,3480400.000000
2020-01-30,60.000000,62.560001,58.939999,62.450001,4162800.000000
2020-01-31,62.500000,63.000000,60.250000,61.090000,4062200.000000
2020-02-03,61.130001,61.459999,59.650002,61.080002,3705500.000000
2020-02-04,61.919998,64.330002,61.150002,63.555000,4619000.000000
2020-02-05,64.209999,64.800003,60.060001,61.814999,3998600.000000
2020-02-06,61.599998,62.980000,60.180000,62.189999,2259400.000000
2020-02-07,62.000000,63.720001,61.820000,62.090000,3055700.000000
2020-02-10,62.330002,63.860001,61.450001,63.299999,3877500.000000
2020-02-11,66.000000,66.839996,63.654999,65.190002,7978200.000000
2020-02-12,65.190002,65.500000,62.720001,65.080002,5448300.000000
2020-02-13,64.250000,66.199997,64.129997,65.309998,4124500.000000
2020-02-14,65.809998,65.830002,63.869999,64.849998,4202500.000000
2020-02-18,65.000000,66.279999,64.550003,66.040001,4324200.000000
2020-02-19,66.629997,67.559998,65.610001,66.029999,5306900.000000
2020-02-20,65.699997,65.980003,60.029999,63.380001,6179100.000000
2020-02-21,62.580002,62.639999,59.259998,60.930000,4625000.000000
2020-02-24,56.400002,59.250000,56.020000,58.080002,4638800.000000
2020-02-25,59.500000,59.790001,56.060001,57.740002,5337900.000000
2020-02-26,58.389999,60.259998,57.509998,58.459999,4425600.000000
2020-02-27,56.150002,59.450001,54.345001,57.500000,4874100.000000
2020-02-28,55.599998,60.020000,55.500000,59.639999,4448000.000000
2020-03-02,60.200001,60.970001,58.000000,59.130001,4013700.000000
2020-03-03,59.610001,60.733002,55.009998,56.480000,4071500.000000
2020-03-04,57.180000,58.080002,56.060001,57.200001,2321000.000000
2020-03-05,56.080002,57.439999,54.549999,55.919998,3212500.000000
2020-03-06,54.240002,54.869999,50.360001,51.959999,5119900.000000
2020-03-09,46.810001,48.889999,45.650002,45.740002,5816700.000000
2020-03-10,48.470001,48.470001,45.000000,46.910000,4569900.000000
2020-03-11,45.959999,46.299999,42.230000,42.849998,5386200.000000
2020-03-12,38.599998,40.200001,35.980000,37.820000,6636500.000000
2020-03-13,39.900002,40.080002,36.590000,39.549999,5015200.000000
2020-03-16,36.000000,36.000000,32.119999,33.009998,6816300.000000
2020-03-17,33.930000,38.299999,31.950001,38.009998,5664700.000000
2020-03-18,35.759998,41.470001,35.500000,38.630001,6358500.000000
2020-03-19,40.430000,44.490002,38.200001,41.740002,7442700.000000
2020-03-20,49.955002,51.970001,46.810001,49.009998,14253600.000000
2020-03-23,46.240002,53.000000,46.009998,51.450001,11127200.000000
2020-03-24,54.919998,58.650002,54.279999,57.330002,8088000.000000
2020-03-25,56.000000,59.500000,55.599998,55.779999,5517200.000000
2020-03-26,55.840000,59.099998,55.040001,58.639999,5838700.000000
2020-03-27,57.020000,59.869999,56.020000,58.790001,3826100.000000
2020-03-30,58.810001,59.830002,56.270000,57.720001,4449500.000000
2020-03-31,57.029999,60.029999,55.259998,55.680000,4921400.000000
2020-04-01,54.000000,56.549999,53.529999,54.580002,3113900.000000
2020-04-02,54.509998,56.919998,54.110001,56.689999,3058700.000000
2020-04-03,55.849998,59.250000,55.849998,57.820000,4555800.000000
2020-04-06,59.080002,60.529999,58.660000,59.070000,5008100.000000
2020-04-07,59.450001,61.299999,57.750000,59.599998,7472800.000000
2020-04-08,59.650002,60.880001,59.049999,60.320000,4337500.000000
2020-04-09,60.480000,60.790001,57.500000,58.150002,3752900.000000
2020-04-13,58.000000,59.369999,57.360001,58.770000,2867000.000000
2020-04-14,59.990002,62.000000,58.500000,60.889999,6485700.000000
2020-04-15,59.340000,62.639999,58.730000,61.820000,4196900.000000
2020-04-16,62.000000,64.449997,61.540001,63.450001,5002100.000000
2020-04-17,64.459999,65.620003,63.250000,64.739998,4139700.000000
2020-04-20,64.870003,70.199997,64.389999,68.430000,6529900.000000
2020-04-21,68.660004,70.500000,62.770000,66.070000,6950300.000000
2020-04-22,67.669998,69.309998,67.230003,68.070000,3730900.000000
2020-04-23,68.059998,69.959999,68.000000,68.910004,3065000.000000
2020-04-24,69.000000,74.650002,68.894997,72.000000,9720800.000000
2020-04-27,73.000000,75.000000,72.019997,73.599998,4360200.000000
2020-04-28,74.000000,74.709999,68.389999,70.129997,4634100.000000
2020-04-29,71.000000,71.599998,68.190002,69.279999,6111400.000000
2020-04-30,69.279999,69.279999,67.120003,67.660004,2216800.000000
2020-05-01,66.279999,70.190002,65.800003,69.209999,2997800.000000
2020-05-04,68.349998,73.669998,67.809998,73.430000,3899600.000000
2020-05-05,74.269997,75.000000,70.879997,71.589996,3743200.000000
2020-05-06,71.940002,73.620003,69.320000,72.440002,4492900.000000
2020-05-07,74.000000,76.750000,73.660004,75.489998,5656900.000000
2020-05-08,76.550003,77.959999,75.000000,76.699997,3462900.000000
2020-05-11,77.050003,78.349998,76.150002,76.230003,2418200.000000
2020-05-12,77.000000,80.629997,75.309998,76.150002,4514400.000000
2020-05-13,77.860001,79.300003,73.120003,76.570000,4333100.000000
2020-05-14,76.000000,77.400002,74.529999,77.139999,3322200.000000
2020-05-15,77.500000,80.290001,76.330002,77.139999,3292900.000000
2020-05-18,78.110001,78.989998,75.779999,76.099998,2868200.000000
2020-05-19,76.529999,79.580002,76.500000,78.550003,2675400.000000
2020-05-20,80.720001,81.739998,79.150002,80.970001,3564100.000000
2020-05-21,81.620003,81.870003,78.815002,80.599998,2072300.000000
2020-05-22,81.000000,82.699997,80.000000,82.220001,2823000.000000
2020-05-26,83.389999,83.400002,77.949997,79.349998,4122400.000000
2020-05-27,79.000000,79.000000,71.510002,77.989998,7021300.000000
2020-05-28,78.199997,82.279999,78.000000,79.500000,3805900.000000
2020-05-29,83.190002,88.000000,81.199997,87.809998,13425700.000000
2020-06-01,90.559998,95.800003,90.209999,94.839996,12028800.000000
2020-06-02,96.589996,96.800003,90.029999,92.250000,12883300.000000
2020-06-03,99.980003,103.800003,95.599998,98.099998,21051500.000000
2020-06-04,94.230003,98.489998,91.830002,95.980003,16371200.000000
2020-06-05,92.730003,95.980003,88.870003,93.930000,9600600.000000
2020-06-08,93.870003,97.500000,93.620003,95.430000,7482400.000000
2020-06-09,96.000000,96.879997,93.620003,93.900002,4351100.000000
2020-06-10,95.000000,97.739998,94.330002,97.220001,5816800.000000
2020-06-11,94.849998,100.120003,94.220001,95.040001,8323200.000000
2020-06-12,97.987000,97.987000,91.050003,93.120003,6452400.000000
2020-06-15,92.650002,100.000000,91.500000,99.019997,9018900.000000
2020-06-16,100.000000,101.680000,94.690002,101.040001,9808100.000000
2020-06-17,101.639999,101.742996,97.769997,98.690002,7637700.000000
2020-06-18,98.180000,101.870003,97.860001,101.610001,9565100.000000
2020-06-19,103.000000,104.889999,100.639999,101.080002,10744100.000000
2020-06-22,101.339996,105.559998,100.260002,105.019997,8418200.000000
2020-06-23,105.800003,107.300003,103.150002,104.269997,8600900.000000
2020-06-24,103.830002,106.095001,100.500000,103.699997,4958100.000000
2020-06-25,103.800003,108.335999,103.639999,105.709999,6112400.000000
2020-06-26,104.000000,104.000000,97.519997,98.790001,17438500.000000
2020-06-29,99.769997,99.769997,94.180000,98.099998,6304600.000000
2020-06-30,98.440002,101.379997,97.330002,100.290001,5056200.000000
2020-07-01,100.000000,103.644997,99.250000,102.949997,5355600.000000
2020-07-02,103.650002,107.699997,102.300003,107.269997,9061000.000000
2020-07-06,109.338997,109.680000,104.714996,106.389999,7913100.000000
2020-07-07,107.000000,108.669998,105.209999,106.419998,4591500.000000
2020-07-08,107.370003,114.690002,107.099998,114.550003,6953500.000000
2020-07-09,115.510002,118.379997,113.110001,117.459999,7064500.000000
2020-07-10,117.570000,118.250000,115.410004,116.650002,3437200.000000
2020-07-13,118.019997,118.580002,105.720001,106.209999,7229000.000000
2020-07-14,107.139999,109.349998,99.120003,105.610001,9077300.000000
2020-07-15,105.580002,106.023003,100.589996,103.150002,4948500.000000
2020-07-16,102.099998,102.815002,98.610001,101.059998,5095900.000000
2020-07-17,101.404999,102.870003,99.000000,101.430000,5725500.000000
2020-07-20,101.889999,106.946999,101.660004,106.720001,5959200.000000
2020-07-21,108.440002,108.470001,104.440002,106.599998,3626300.000000
2020-07-22,106.599998,107.176003,102.599998,103.709999,3863700.000000
2020-07-23,104.559998,105.660004,99.599998,101.459999,3726700.000000
2020-07-24,99.099998,101.669998,97.059998,100.029999,4076700.000000
2020-07-27,101.320000,104.349998,100.169998,103.599998,4537500.000000
2020-07-28,104.400002,109.279999,103.820999,105.730003,4704500.000000
2020-07-29,107.610001,113.830002,107.401001,112.919998,5178800.000000
2020-07-30,111.000000,112.800003,108.910004,111.910004,2895900.000000
2020-07-31,112.910004,113.839996,109.410004,113.199997,2810900.000000
2020-08-03,114.480003,116.180000,112.250000,115.480003,4289900.000000
2020-08-04,115.559998,116.000000,112.779999,114.959999,2667500.000000
2020-08-05,114.970001,116.180000,113.980003,114.750000,4429100.000000
2020-08-06,114.559998,115.410004,109.029999,110.300003,3871800.000000
2020-08-07,107.199997,107.389999,100.279999,101.750000,6637400.000000
2020-08-10,102.809998,102.809998,96.699997,97.000000,7267500.000000
2020-08-11,97.099998,100.500000,93.370003,98.160004,8324200.000000
2020-08-12,98.610001,100.410004,97.230003,98.449997,3187500.000000
2020-08-13,99.440002,102.120003,98.309998,100.889999,3254900.000000
2020-08-14,103.209999,104.360001,100.911003,101.250000,3416000.000000
2020-08-17,102.010002,105.500000,101.750000,105.339996,2817400.000000
2020-08-18,106.519997,107.650002,105.623001,107.099998,2551600.000000
2020-08-19,107.650002,109.690002,105.699997,108.150002,2234700.000000
2020-08-20,107.550003,112.650002,106.820000,112.489998,2803500.000000
2020-08-21,112.000000,113.529999,110.870003,112.019997,2348600.000000
2020-08-24,113.400002,113.655998,108.260002,111.245003,2811000.000000
2020-08-25,110.300003,114.449997,109.349998,113.570000,2817400.000000
2020-08-26,115.010002,119.943001,114.260002,117.110001,4861900.000000
2020-08-27,117.400002,118.269997,113.779999,117.129997,3181400.000000
2020-08-28,118.260002,121.000000,117.419998,118.639999,3601300.000000
2020-08-31,120.000000,126.550003,120.000000,125.730003,8674400.000000
2020-09-01,134.440002,144.679993,130.000000,143.690002,15730600.000000
2020-09-02,152.039993,153.100006,130.979996,142.070007,32009800.000000
2020-09-03,131.000000,138.789993,127.000000,129.250000,21225900.000000
2020-09-04,125.279999,129.949997,115.250000,125.190002,10846600.000000
2020-09-08,118.860001,128.929993,118.000000,125.629997,6962900.000000
2020-09-09,129.610992,129.695999,124.000000,128.179993,5758300.000000
2020-09-10,130.279999,134.050003,128.399994,129.350006,6511700.000000
2020-09-11,131.119995,131.664001,122.849998,126.279999,4284100.000000
2020-09-14,127.779999,129.899994,127.150002,128.500000,4223100.000000
2020-09-15,130.651001,132.190002,127.349998,131.449997,5177500.000000
2020-09-16,132.000000,133.839996,129.520004,131.149994,3647200.000000
2020-09-17,127.480003,129.229996,124.800003,128.580002,4945100.000000
2020-09-18,130.220001,132.100006,126.720001,131.429993,11713100.000000
2020-09-21,127.250000,138.550003,125.449997,138.130005,7614100.000000
2020-09-22,138.520004,142.679993,134.199997,142.679993,5846800.000000
2020-09-23,141.000000,143.699997,136.910004,138.600006,3947500.000000
2020-09-24,137.119995,137.899994,132.399994,133.899994,4402900.000000
2020-09-25,135.800003,138.600006,134.649994,136.389999,3437400.000000
2020-09-28,137.820007,141.669998,136.300003,137.429993,4233600.000000
2020-09-29,137.699997,138.354996,135.365005,136.350006,2122200.000000
2020-09-30,135.309998,139.020004,133.654999,137.320007,3669600.000000
2020-10-01,139.500000,145.759995,138.000000,142.869995,7842300.000000
2020-10-02,139.729996,145.500000,138.600006,139.869995,3449500.000000
2020-10-05,143.809998,148.279999,142.809998,144.880005,5863200.000000
2020-10-06,146.000000,148.669998,143.500000,145.130005,5596400.000000
2020-10-07,146.000000,148.839996,144.279999,144.570007,4620700.000000
2020-10-08,146.449997,146.460007,141.529999,142.970001,3440700.000000
2020-10-09,144.100006,145.630005,142.610001,143.570007,2364100.000000
2020-10-12,146.500000,149.750000,144.820007,145.960007,4188100.000000
2020-10-13,147.080002,153.630005,147.007996,152.800003,6103300.000000
2020-10-14,153.600006,153.899994,145.324997,147.789993,4932100.000000
2020-10-15,143.389999,145.750000,141.130005,145.360001,4379800.000000
2020-10-16,148.000000,148.880005,144.910004,145.339996,2958400.000000
2020-10-19,146.720001,149.589996,143.669998,144.660004,3149200.000000
2020-10-20,145.285004,146.490005,142.149994,142.639999,2572500.000000
2020-10-21,143.070007,143.669998,132.550003,135.139999,6095200.000000
2020-10-22,136.830002,138.679993,131.639999,134.539993,5158900.000000
2020-10-23,134.910004,135.539993,132.800003,135.419998,1955000.000000
2020-10-26,134.009995,138.449997,129.520004,133.080002,3623800.000000
2020-10-27,134.078003,136.128998,131.630005,133.479996,2263100.000000
2020-10-28,132.050003,132.820007,129.110001,131.570007,2599200.000000
2020-10-29,132.360001,132.699997,126.339996,127.360001,3186800.000000
2020-10-30,125.400002,126.320000,120.449997,123.839996,4173300.000000
2020-11-02,124.550003,126.760002,121.769997,124.470001,2503000.000000
2020-11-03,125.709999,127.470001,123.830002,126.860001,2021400.000000
2020-11-04,133.979996,137.130005,132.000000,136.320007,3461900.000000
2020-11-05,140.485001,141.600006,137.710007,138.919998,2949900.000000
2020-11-06,138.580002,144.289993,138.110001,141.789993,2614800.000000
2020-11-09,136.250000,137.360001,126.019997,126.550003,6457900.000000
2020-11-10,127.080002,128.000000,118.099998,123.500000,4935800.000000
2020-11-11,128.132996,132.175995,127.500000,130.960007,3677300.000000
2020-11-12,132.919998,137.500000,132.100006,137.300003,3831800.000000
2020-11-13,137.750000,138.000000,131.190002,132.179993,3025400.000000
2020-11-16,129.389999,132.889999,128.214996,131.580002,3050200.000000
2020-11-17,132.740005,139.800003,130.500000,137.779999,4891500.000000
2020-11-18,137.729996,139.470001,135.000000,137.679993,2221100.000000
2020-11-19,138.389999,147.089996,138.014999,143.759995,4802500.000000
2020-11-20,145.190002,146.949997,143.259995,145.720001,2980400.000000
2020-11-23,146.500000,149.130005,142.449997,147.539993,3263800.000000
2020-11-24,145.699997,149.500000,143.774002,149.449997,3597100.000000
2020-11-25,150.000000,151.699997,147.192993,149.960007,3144400.000000
2020-11-27,150.380005,152.190002,148.529999,150.830002,1773500.000000
2020-11-30,154.550003,155.000000,146.307999,153.279999,4840300.000000
2020-12-01,153.500000,154.000000,145.669998,147.500000,4185300.000000
2020-12-02,144.360001,144.690002,138.240005,141.839996,6531300.000000
2020-12-03,159.520004,165.750000,155.539993,161.190002,14267500.000000
2020-12-04,160.360001,168.970001,157.589996,167.259995,7645900.000000
2020-12-07,168.000000,172.690002,166.100006,170.720001,5153400.000000
2020-12-08,171.289993,178.880005,170.800003,177.479996,4596100.000000
2020-12-09,175.440002,177.699997,162.889999,166.169998,6358400.000000
2020-12-10,165.350006,181.800003,164.149994,179.990005,9464400.000000
2020-12-11,177.169998,178.880005,171.380005,175.919998,5328700.000000
2020-12-14,176.811996,179.513000,172.880005,173.800003,3276800.000000
2020-12-15,175.403000,176.500000,172.399994,174.929993,2753700.000000
2020-12-16,177.050003,182.210007,176.550003,179.789993,4415600.000000
2020-12-17,182.139999,186.899994,180.789993,185.250000,3899600.000000
2020-12-18,193.699997,205.910004,193.699997,203.750000,15264200.000000
2020-12-21,202.240005,211.608994,201.800003,210.649994,8917200.000000
2020-12-22,213.014999,225.750000,211.550003,224.899994,8294700.000000
2020-12-23,225.630005,227.261993,216.210007,223.500000,5039800.000000
2020-12-24,223.500000,227.360001,219.281998,221.119995,2407200.000000
2020-12-28,225.089005,227.093002,212.016006,212.550003,4614600.000000
2020-12-29,210.600006,213.500000,202.779999,205.929993,8153400.000000
2020-12-30,207.770004,210.988998,205.240005,210.289993,2550800.000000
2020-12-31,211.470001,214.250000,208.100006,211.820007,2597800.000000
2021-01-04,209.960007,211.440002,195.985001,200.490005,6281300.000000
2021-01-05,200.244995,211.970001,197.750000,211.240005,5072200.000000
2021-01-06,204.000000,214.695007,203.000000,208.850006,4703900.000000
2021-01-07,213.024994,222.100006,213.024994,221.470001,4194600.000000
2021-01-08,225.830002,228.820007,220.110001,223.729996,3537400.000000
2021-01-11,223.649994,234.630005,218.000000,232.240005,5128700.000000
2021-01-12,233.404999,238.539993,233.000000,233.589996,3381800.000000
2021-01-13,236.500000,236.550003,225.600006,226.419998,3554000.000000
2021-01-14,228.649994,231.899994,222.759995,225.619995,3101800.000000
2021-01-15,228.080002,230.050003,218.750000,219.509995,3654900.000000
2021-01-19,224.000000,224.660004,217.509995,221.919998,3662900.000000
2021-01-20,227.000000,228.570007,222.199997,226.330002,2128800.000000
2021-01-21,228.000000,228.500000,219.809998,221.000000,3175700.000000
2021-01-22,220.970001,226.149994,220.309998,223.520004,2042200.000000
2021-01-25,227.720001,230.630005,208.690002,217.490005,5213200.000000
2021-01-26,217.130005,217.630997,206.009995,206.800003,5463900.000000
2021-01-27,200.000000,207.759995,193.860001,200.929993,6109100.000000
2021-01-28,202.000000,216.800003,201.720001,212.490005,3416300.000000
2021-01-29,211.330002,217.550003,205.360001,215.800003,4000500.000000
2021-02-01,216.559998,218.490005,210.449997,215.009995,2932100.000000
2021-02-02,218.529999,221.470001,212.529999,219.639999,3584300.000000
2021-02-03,223.000000,223.490005,216.270004,218.119995,2903800.000000
2021-02-04,219.740005,224.289993,216.809998,224.009995,3210700.000000
2021-02-05,226.000000,227.949997,222.399994,223.529999,2134200.000000
2021-02-08,225.505005,228.649994,219.149994,222.360001,2207200.000000
2021-02-09,221.199997,225.389999,220.399994,223.720001,1869500.000000
2021-02-10,225.000000,233.550003,220.399994,231.350006,3381500.000000
2021-02-11,233.490005,239.889999,229.130005,234.800003,3980900.000000
2021-02-12,236.550003,245.419998,233.500000,242.100006,3891200.000000
2021-02-16,248.539993,251.279999,237.610001,242.419998,3296600.000000
2021-02-17,238.899994,242.600006,229.149994,238.559998,2983500.000000
2021-02-18,236.783005,241.320007,231.600006,239.250000,2640400.000000
2021-02-19,241.830002,246.210007,236.610001,239.199997,2333400.000000
2021-02-22,235.651993,237.800003,222.419998,225.830002,3268500.000000
2021-02-23,211.199997,219.210007,198.162003,218.389999,5899500.000000
2021-02-24,219.779999,219.880005,207.500000,216.600006,3944300.000000
2021-02-25,216.429993,221.806000,204.899994,208.660004,3604400.000000
2021-02-26,209.300003,217.190002,204.520004,216.000000,4903500.000000
2021-03-01,220.819000,223.839996,215.860001,223.399994,2352900.000000
2021-03-02,226.500000,231.160004,221.520004,222.100006,2538500.000000
2021-03-03,220.856995,223.470001,206.610001,210.619995,4155200.000000
2021-03-04,204.789993,208.376999,187.190002,192.990005,6635100.000000
2021-03-05,194.639999,195.410004,168.669998,183.119995,9438000.000000
2021-03-08,184.289993,192.440002,178.899994,179.750000,5302600.000000
2021-03-09,192.649994,201.139999,189.500000,199.100006,3865500.000000
2021-03-10,204.000000,208.220001,192.500000,194.860001,3506900.000000
2021-03-11,203.990005,206.669998,198.419998,205.800003,3597800.000000
2021-03-12,200.899994,200.979996,195.309998,199.000000,3033900.000000
2021-03-15,199.500000,201.470001,195.020996,200.550003,2524900.000000
2021-03-16,203.809998,209.100006,193.500000,196.309998,6766400.000000
2021-03-17,199.000000,210.880005,191.279999,208.029999,11955100.000000
2021-03-18,203.589996,203.750000,189.610001,190.210007,8799800.000000
2021-03-19,192.880005,197.789993,190.020004,194.630005,7375800.000000
2021-03-22,191.910004,198.000000,190.229996,195.729996,5561000.000000
2021-03-23,195.740005,197.850006,189.690002,190.600006,4210500.000000
2021-03-24,191.000000,193.500000,180.110001,181.600006,3994300.000000
2021-03-25,175.669998,181.880005,174.580002,179.160004,3755700.000000
2021-03-26,179.029999,181.500000,170.100006,177.684998,3732800.000000
2021-03-29,177.690002,182.729996,171.199997,173.850006,3050500.000000
2021-03-30,171.080002,176.240005,168.759995,175.279999,4278000.000000
2021-03-31,179.240005,184.990005,178.710007,182.509995,4268100.000000
2021-04-01,188.766998,194.500000,185.429993,187.029999,3344400.000000
2021-04-05,191.429993,191.669998,184.720001,186.619995,3767700.000000
2021-04-06,186.619995,198.270996,185.860001,194.380005,3672300.000000
2021-04-07,195.070007,196.889999,190.639999,193.929993,2332500.000000
2021-04-08,197.544998,204.309998,195.673996,203.449997,4613300.000000
2021-04-09,201.440002,204.240005,194.309998,202.679993,4504000.000000
2021-04-12,201.529999,206.149994,197.509995,203.990005,3306800.000000
2021-04-13,206.520004,219.000000,206.139999,216.350006,5361800.000000
2021-04-14,216.389999,217.399994,207.500000,208.199997,3263800.000000
2021-04-15,215.500000,215.500000,207.809998,213.100006,4337500.000000
2021-04-16,213.507004,216.539993,208.490005,215.199997,3579700.000000
2021-04-19,211.050003,223.229996,210.289993,213.369995,3872900.000000
2021-04-20,216.089996,217.740005,205.580002,206.600006,2743300.000000
2021-04-21,205.479996,212.218994,201.531006,210.369995,1975400.000000
2021-04-22,212.000000,223.929993,212.000000,216.729996,5216900.000000
2021-04-23,219.509995,224.990005,217.729996,219.300003,2491500.000000
2021-04-26,220.050003,225.100006,215.929993,224.470001,3614600.000000
2021-04-27,225.479996,227.199997,219.891006,221.250000,2326700.000000
2021-04-28,217.869995,223.259995,215.022995,220.240005,2486600.000000
2021-04-29,221.000000,221.000000,208.419998,211.529999,3322300.000000
2021-04-30,207.334000,214.350006,207.000000,208.509995,2028900.000000
2021-05-03,209.000000,209.589996,204.020004,205.119995,2304100.000000
2021-05-04,201.949997,202.990005,191.360001,197.789993,4274700.000000
2021-05-05,202.259995,202.740005,192.000000,193.240005,2307500.000000
2021-05-06,191.520004,191.520004,180.669998,187.070007,4903500.000000
2021-05-07,194.279999,197.789993,187.910004,189.179993,3182300.000000
2021-05-10,189.179993,190.699997,183.800003,187.580002,4166100.000000
2021-05-11,178.919998,195.350006,177.287003,195.100006,4910500.000000
2021-05-12,192.000000,195.500000,185.660004,189.270004,3769400.000000
2021-05-13,190.964996,192.850006,179.410004,183.759995,3301500.000000
2021-05-14,187.511993,191.350006,183.759995,190.639999,2377400.000000
2021-05-17,189.759995,192.514008,185.000000,188.529999,2023600.000000
2021-05-18,191.330002,199.309998,187.509995,196.779999,4125300.000000
2021-05-19,189.630005,199.750000,189.270004,198.710007,4273500.000000
2021-05-20,201.550003,205.380005,199.009995,204.029999,2564300.000000
2021-05-21,207.839996,210.990005,205.619995,210.600006,3554400.000000
2021-05-24,212.440002,215.320007,209.360001,214.350006,2877900.000000
2021-05-25,214.580002,216.589996,211.839996,212.860001,1827900.000000
2021-05-26,217.960007,225.380005,216.380005,219.960007,3702200.000000
2021-05-27,218.000000,222.979996,211.345001,222.809998,4073500.000000
2021-05-28,222.850006,225.925003,221.000000,222.149994,2580300.000000
2021-06-01,223.229996,226.949997,218.850006,222.070007,2883000.000000
2021-06-02,221.350006,223.250000,218.572006,220.580002,2193300.000000
2021-06-03,220.050003,220.539993,213.929993,216.000000,4565800.000000
2021-06-04,216.990005,217.410004,205.330002,206.940002,7318300.000000
2021-06-07,206.440002,217.809998,204.529999,215.410004,5854900.000000
2021-06-08,217.735001,221.600006,212.630005,215.139999,2891900.000000
2021-06-09,215.690002,216.690002,211.225006,213.949997,3353000.000000
2021-06-10,214.889999,229.410004,214.759995,228.600006,7787200.000000
2021-06-11,226.610001,232.000000,224.610001,231.270004,4010200.000000
2021-06-14,231.500000,234.738007,228.600006,233.529999,2725500.000000
2021-06-15,233.750000,234.000000,227.289993,228.339996,2319300.000000
2021-06-16,229.000000,235.800003,227.649994,234.169998,5452600.000000
2021-06-17,233.000000,241.449005,232.000000,241.309998,4985700.000000
2021-06-18,241.199997,247.940002,239.660004,244.910004,5987300.000000
2021-06-21,238.039993,238.839996,231.000000,237.679993,5998200.000000
2021-06-22,243.830002,257.545013,242.800003,256.609985,9390400.000000
2021-06-23,255.309998,257.164001,249.350006,252.899994,3504900.000000
2021-06-24,255.772003,258.390015,251.080002,253.699997,3231100.000000
2021-06-25,255.000000,256.790009,249.550003,253.240005,3799200.000000
2021-06-28,255.000000,260.820007,253.800003,255.089996,3167900.000000
2021-06-29,255.089996,259.750000,251.309998,257.119995,2298600.000000
2021-06-30,257.138000,260.019989,251.300003,251.309998,2820600.000000
2021-07-01,251.000000,254.000000,245.539993,251.160004,2510300.000000
2021-07-02,254.268997,256.350006,250.720001,252.589996,1914800.000000
2021-07-06,257.839996,267.170013,257.700012,264.980011,5669500.000000
2021-07-07,268.730011,269.679993,260.630005,267.519989,3485400.000000
2021-07-08,259.649994,265.165009,254.279999,263.390015,3414200.000000
2021-07-09,262.954987,265.000000,259.600006,264.440002,2587000.000000
2021-07-12,267.696991,269.890015,260.299988,261.790009,2146200.000000
2021-07-13,261.140015,267.489990,259.109985,261.160004,2246300.000000
2021-07-14,263.160004,264.059998,252.649994,254.229996,2705200.000000
2021-07-15,255.740005,255.850006,247.050003,249.300003,2532900.000000
2021-07-16,252.009995,253.630005,248.419006,249.960007,2113800.000000
2021-07-19,245.050003,252.149994,239.710007,250.399994,3196100.000000
2021-07-20,254.895004,255.000000,245.869995,252.240005,2417500.000000
2021-07-21,252.449997,254.839996,249.509995,253.550003,1841500.000000
2021-07-22,254.720001,265.000000,254.641998,263.040009,3284300.000000
2021-07-23,261.320007,272.630005,260.518005,268.959991,3749100.000000
2021-07-26,267.559998,268.309998,261.429993,264.829987,1718200.000000
2021-07-27,266.000000,266.960999,254.029999,257.839996,2357700.000000
2021-07-28,260.179993,264.880005,258.000000,263.579987,1863100.000000
2021-07-29,263.510010,266.760010,259.559998,260.029999,2142700.000000
2021-07-30,256.070007,259.570007,252.570999,253.610001,2265900.000000
2021-08-02,254.259995,257.170013,246.199997,253.910004,2286500.000000
2021-08-03,255.309998,262.582001,250.580002,254.339996,2570700.000000
2021-08-04,255.380005,265.190002,254.130005,264.209991,2079800.000000
2021-08-05,265.309998,268.329987,261.434998,265.619995,1872000.000000
2021-08-06,264.299988,267.739990,256.130005,260.739990,1840000.000000
2021-08-09,258.950012,265.500000,258.196014,263.559998,1614200.000000
2021-08-10,266.250000,266.684998,252.100006,252.669998,3214400.000000
2021-08-11,254.205002,254.979996,233.860001,239.880005,5487800.000000
2021-08-12,240.000000,247.460007,239.880005,245.820007,2479500.000000
2021-08-13,245.820007,248.964005,242.279999,243.820007,1767400.000000
2021-08-16,243.330002,243.459000,229.070007,234.710007,3755700.000000
2021-08-17,234.000000,234.270004,227.250000,232.800003,3091400.000000
2021-08-18,233.475006,237.500000,230.229996,233.779999,2028000.000000
2021-08-19,231.975006,237.199997,231.020004,234.960007,2077100.000000
2021-08-20,236.539993,238.639999,233.322006,237.880005,1740900.000000
2021-08-23,242.100006,246.809998,239.311005,245.800003,2670900.000000
2021-08-24,260.570007,269.679993,258.420013,265.630005,11061200.000000
2021-08-25,267.029999,275.750000,265.190002,270.000000,14749100.000000
2021-08-26,269.579987,281.809998,268.390015,278.769989,6780100.000000
2021-08-27,279.545013,285.760010,277.750000,282.309998,4041400.000000
2021-08-30,285.309998,289.239990,280.500000,286.369995,4772900.000000
2021-08-31,281.989990,286.399994,278.375000,281.000000,8621700.000000
2021-09-01,273.220001,285.450012,269.283997,269.970001,11742300.000000
2021-09-02,272.250000,275.179993,269.380005,272.670013,4182400.000000
2021-09-03,272.589996,278.839996,271.200012,278.230011,3469300.000000
2021-09-07,279.369995,279.799988,268.308990,269.679993,4467400.000000
2021-09-08,270.230011,270.579987,263.660004,265.230011,3044700.000000
2021-09-09,265.010010,269.850006,264.529999,265.160004,2972200.000000
2021-09-10,268.070007,269.700012,260.570007,262.000000,3040700.000000
2021-09-13,258.720001,259.690002,248.380005,254.029999,4953400.000000
2021-09-14,256.040009,259.053009,253.830002,257.299988,2462300.000000
2021-09-15,257.890015,259.980011,254.360001,259.570007,2339500.000000
2021-09-16,260.230011,265.059998,257.049988,264.739990,2282800.000000
2021-09-17,266.329987,266.720001,259.570007,263.089996,4606600.000000
2021-09-20,254.350006,261.619995,253.130005,257.559998,2867000.000000
2021-09-21,254.649994,259.589996,252.509995,254.110001,4293100.000000
2021-09-22,252.889999,261.070007,250.550003,259.859985,2386300.000000
2021-09-23,262.489990,264.290009,259.929993,262.290009,1910600.000000
2021-09-24,262.049988,262.049988,254.169998,261.750000,2039400.000000
2021-09-27,259.299988,260.890015,250.300003,253.339996,3583400.000000
2021-09-28,249.050003,249.830002,240.309998,241.860001,3817700.000000
2021-09-29,243.699997,248.320007,238.570007,239.570007,2836500.000000
2021-09-30,240.880005,247.710007,240.270004,245.779999,2511700.000000
2021-10-01,246.649994,252.619995,243.229996,249.270004,2576100.000000
2021-10-04,245.570007,247.259995,235.630005,238.880005,3179800.000000
2021-10-05,240.089996,246.100006,239.276993,244.919998,2174900.000000
2021-10-06,243.339996,251.610001,242.770004,248.199997,2139200.000000
2021-10-07,251.328003,253.779999,249.669998,249.880005,1782000.000000
2021-10-08,250.151993,250.970001,243.500000,245.000000,1760700.000000
2021-10-11,243.210007,248.710007,241.649994,244.360001,1113200.000000
2021-10-12,246.190002,254.300003,243.270004,252.740005,2315000.000000
2021-10-13,253.809998,271.799988,253.809998,270.440002,5487000.000000
2021-10-14,270.059998,276.890015,268.279999,276.010010,4921000.000000
2021-10-15,276.000000,276.000000,270.290009,273.109985,2552700.000000
2021-10-18,273.000000,285.709991,270.100006,285.350006,3290000.000000
2021-10-19,283.230011,285.299988,278.890015,282.350006,2298500.000000
2021-10-20,282.709015,288.404999,279.570007,283.329987,1775400.000000
2021-10-21,283.000000,287.500000,282.010010,284.100006,1951100.000000
2021-10-22,284.230011,290.730011,280.320007,283.390015,2546000.000000
2021-10-25,284.000000,285.324005,278.059998,280.100006,2084500.000000
2021-10-26,284.000000,297.399994,283.019989,287.079987,4393300.000000
2021-10-27,287.859009,291.500000,278.220001,279.000000,2319200.000000
2021-10-28,278.000000,283.730011,273.040009,281.170013,1538300.000000
2021-10-29,281.000000,284.500000,279.540009,281.799988,1239000.000000
2021-11-01,275.540985,275.540985,263.230011,269.170013,4902000.000000
2021-11-02,266.579987,270.869995,264.309998,268.119995,2488600.000000
2021-11-03,269.899994,271.500000,265.809998,270.649994,2022100.000000
2021-11-04,272.709991,280.179993,270.920013,279.619995,2197400.000000
2021-11-05,281.000000,283.690002,270.239990,273.429993,2282500.000000
2021-11-08,274.290009,284.415009,272.170013,282.929993,2254900.000000
2021-11-09,285.675995,295.769989,281.630005,293.179993,3175500.000000
2021-11-10,290.989990,298.480011,278.785004,281.559998,4039000.000000
2021-11-11,285.440002,288.600006,280.720001,280.920013,1254800.000000
2021-11-12,283.959991,289.529999,281.510010,284.299988,1733300.000000
2021-11-15,270.859985,272.369995,247.750000,254.149994,12636900.000000
2021-11-16,255.309998,262.880005,253.990005,262.510010,4216700.000000
2021-11-17,265.390015,270.579987,262.390991,269.779999,3368800.000000
2021-11-18,270.420013,274.980011,264.559998,264.720001,2548700.000000
2021-11-19,269.399994,269.660004,256.910004,257.630005,2584700.000000
2021-11-22,252.755005,253.330002,235.100006,239.639999,6074300.000000
2021-11-23,231.000000,236.770004,224.050003,230.580002,7275000.000000
2021-11-24,229.639999,232.059998,222.619995,230.770004,3130300.000000
2021-11-26,235.720001,236.300003,227.860001,232.639999,2154800.000000
2021-11-29,235.000000,235.684998,221.029999,224.570007,6396500.000000
2021-11-30,226.824997,229.039993,216.490005,217.139999,5052900.000000
2021-12-01,220.688004,225.600006,199.182999,201.500000,8072100.000000
2021-12-02,207.975006,212.600006,201.190002,209.350006,9341200.000000
2021-12-03,212.839996,213.259995,188.429993,197.050003,7840100.000000
2021-12-06,190.050003,196.000000,185.710007,194.710007,5275400.000000
2021-12-07,200.619995,208.110001,200.619995,204.320007,4432400.000000
2021-12-08,205.604996,211.000000,200.050003,209.179993,3981100.000000
2021-12-09,209.960007,213.399994,199.399994,201.270004,3387800.000000
2021-12-10,201.748001,205.500000,196.500000,198.600006,3326700.000000
2021-12-13,198.589996,204.169998,194.320007,198.679993,4050600.000000
2021-12-14,197.007996,200.619995,192.000000,198.710007,3841700.000000
2021-12-15,198.550003,212.199997,194.750000,210.710007,4494200.000000
2021-12-16,211.695007,212.289993,196.919998,200.279999,4081700.000000
2021-12-17,196.212006,206.850006,193.199997,205.100006,5463100.000000
2021-12-20,200.237000,209.789993,200.000000,206.289993,3489000.000000
2021-12-21,207.330002,210.809998,200.029999,210.309998,2874400.000000
2021-12-22,205.479996,210.500000,204.309998,207.600006,2864400.000000
2021-12-23,207.600006,213.000000,204.649994,211.520004,2668200.000000
2021-12-27,211.479996,217.110001,209.149994,209.639999,2737300.000000
2021-12-28,210.000000,210.869995,206.279999,207.229996,1518700.000000
2021-12-29,206.690002,207.429993,201.350006,206.869995,1925700.000000
2021-12-30,207.000000,213.589996,206.000000,208.949997,1975300.000000
2021-12-31,208.949997,208.979996,204.570007,204.750000,1718100.000000
2022-01-03,205.000000,205.574997,193.509995,198.330002,5311600.000000
2022-01-04,195.889999,197.445007,183.320007,189.190002,6503400.000000
2022-01-05,185.000000,191.360001,178.990005,179.289993,5003400.000000
2022-01-06,180.250000,192.169998,176.250000,187.490005,6368600.000000
2022-01-07,185.000000,193.270004,184.809998,188.990005,3531900.000000
2022-01-10,182.610001,193.179993,174.869995,192.500000,7052000.000000
2022-01-11,189.610001,198.500000,188.740005,196.110001,3663100.000000
2022-01-12,196.610001,200.679993,185.699997,187.970001,6002800.000000
2022-01-13,188.149994,188.490005,173.529999,174.899994,7565400.000000
2022-01-14,173.869995,181.500000,172.169998,176.699997,4674700.000000
2022-01-18,172.729996,183.880005,170.050003,172.850006,4732600.000000
2022-01-19,171.710007,181.886993,171.520004,175.710007,4438500.000000
2022-01-20,177.330002,182.500000,173.335007,173.889999,3172300.000000
2022-01-21,171.880005,173.250000,163.110001,164.729996,6318100.000000
2022-01-24,157.175003,168.220001,150.020004,167.270004,8756300.000000
2022-01-25,167.000000,168.949997,157.500000,158.589996,5278000.000000
2022-01-26,162.259995,171.240005,159.270004,160.940002,5049000.000000
2022-01-27,164.160004,167.770004,158.360001,159.809998,3890900.000000
2022-01-28,160.600006,169.169998,156.119995,168.899994,4517600.000000
2022-01-31,170.699997,180.880005,170.240005,180.639999,4939800.000000
2022-02-01,182.009995,182.914001,176.240005,182.149994,3007000.000000
2022-02-02,183.000000,185.000000,174.080002,177.039993,3525400.000000
2022-02-03,171.973007,175.800003,169.520004,170.630005,3217900.000000
2022-02-04,170.889999,178.639999,169.000000,177.210007,2080600.000000
2022-02-07,176.800003,183.190002,176.360001,178.839996,1988600.000000
2022-02-08,175.979996,184.119995,175.830002,178.899994,3821600.000000
2022-02-09,182.100006,187.000000,181.009995,186.899994,2571500.000000
2022-02-10,182.229996,193.479996,182.220001,187.880005,3465300.000000
2022-02-11,188.490005,191.250000,178.610001,181.860001,3268700.000000
2022-02-14,180.063004,186.619995,179.910004,180.600006,2648900.000000
2022-02-15,185.102997,189.500000,182.410004,189.300003,2471000.000000
2022-02-16,186.235992,186.612000,180.339996,183.279999,2754900.000000
2022-02-17,181.860001,181.880005,168.960007,169.850006,3644400.000000
2022-02-18,169.059998,170.979996,164.119995,164.929993,3345100.000000
2022-02-22,161.500000,170.880005,161.477005,166.710007,3281200.000000
2022-02-23,170.615005,171.600006,161.636002,161.830002,3659400.000000
2022-02-24,153.500000,184.330002,153.500000,182.880005,9574700.000000
2022-02-25,182.509995,183.699997,174.259995,181.750000,5477700.000000
2022-02-28,187.350006,197.250000,186.729996,195.210007,8335700.000000
2022-03-01,201.330002,205.679993,195.854004,197.639999,6864800.000000
2022-03-02,198.600006,203.369995,190.270004,201.750000,4295700.000000
2022-03-03,200.000000,204.800003,189.080002,191.020004,5157800.000000
2022-03-04,193.759995,193.860001,177.279999,179.029999,4721700.000000
2022-03-07,180.990005,182.460007,165.589996,167.399994,5122400.000000
2022-03-08,165.000000,165.009995,155.360001,156.770004,6671800.000000
2022-03-09,161.309998,171.080002,157.669998,169.789993,9287200.000000
2022-03-10,187.899994,198.669998,182.550003,191.020004,24135400.000000
2022-03-11,191.119995,197.000000,189.500000,190.539993,7983100.000000
2022-03-14,188.009995,191.919998,178.000000,183.119995,5855500.000000
2022-03-15,183.500000,189.039993,178.160004,188.639999,5086000.000000
2022-03-16,191.589996,197.820007,181.279999,189.660004,7738900.000000
2022-03-17,189.279999,205.110001,186.520004,204.130005,6523500.000000
2022-03-18,201.600006,209.675003,200.750000,208.059998,6604100.000000
2022-03-21,203.000000,205.490005,195.500000,204.130005,6307100.000000
2022-03-22,204.199997,219.750000,204.009995,217.059998,6391900.000000
2022-03-23,213.244995,223.979996,210.565002,219.479996,4624900.000000
2022-03-24,220.000000,223.490005,215.199997,223.399994,3055300.000000
2022-03-25,225.000000,225.750000,216.699997,221.949997,2806700.000000
2022-03-28,220.149994,225.750000,216.910004,222.119995,2691200.000000
2022-03-29,224.449997,225.440002,213.550003,223.009995,4299900.000000
2022-03-30,220.740005,231.500000,218.380005,224.960007,4551600.000000
2022-03-31,225.050003,232.350006,223.029999,227.080002,4145200.000000
2022-04-01,225.300003,232.860001,224.529999,227.850006,3909200.000000
2022-04-04,228.000000,230.070007,225.600006,229.029999,3005500.000000
2022-04-05,229.990005,230.369995,217.884995,219.960007,3565300.000000
2022-04-06,212.535004,215.589996,207.199997,211.220001,4390500.000000
2022-04-07,210.779999,221.500000,210.279999,217.029999,3544100.000000
2022-04-08,221.500000,227.699997,215.199997,218.210007,6730400.000000
2022-04-11,213.770004,219.990005,208.440002,216.600006,3158900.000000
2022-04-12,227.350006,236.179001,222.330002,223.509995,8701400.000000
2022-04-13,224.110001,242.000000,223.750000,239.860001,8119700.000000
2022-04-14,238.020004,239.550003,235.059998,235.220001,4356400.000000
2022-04-18,234.000000,234.500000,222.160004,224.990005,3601300.000000
2022-04-19,224.990005,230.759995,222.300003,228.660004,2710400.000000
2022-04-20,229.320007,232.000000,217.500000,222.490005,3422400.000000
2022-04-21,223.809998,227.199997,207.820007,209.850006,3180700.000000
2022-04-22,209.000000,214.164993,203.679993,205.619995,2816800.000000
2022-04-25,202.839996,216.500000,202.020004,214.580002,3017800.000000
2022-04-26,211.740005,212.850006,201.070007,201.399994,3337000.000000
2022-04-27,200.089996,206.960007,198.139999,201.059998,2605900.000000
2022-04-28,202.809998,209.970001,198.570007,207.059998,2601200.000000
2022-04-29,206.610001,212.190002,197.800003,198.759995,2938700.000000
2022-05-02,198.500000,204.500000,196.570007,203.649994,2278600.000000
2022-05-03,203.649994,207.830002,195.110001,199.399994,3338600.000000
2022-05-04,200.360001,200.699997,181.389999,200.389999,6187300.000000
2022-05-05,199.020004,199.039993,177.173004,180.979996,4986900.000000
2022-05-06,178.664993,178.889999,160.740005,164.809998,8285600.000000
2022-05-09,159.009995,160.600006,142.059998,143.690002,9275400.000000
2022-05-10,150.669998,154.270004,139.710007,151.880005,7393100.000000
2022-05-11,148.324005,152.744995,136.820007,137.399994,6478300.000000
2022-05-12,134.199997,145.000000,130.000000,139.809998,5989000.000000
2022-05-13,143.059998,157.757996,143.059998,156.289993,6244100.000000
2022-05-16,154.000000,157.679993,144.820007,146.389999,4115800.000000
2022-05-17,151.330002,154.869995,140.800003,147.270004,5316000.000000
2022-05-18,144.179993,148.419998,136.360001,138.500000,5895100.000000
2022-05-19,138.600006,148.789993,136.679993,142.639999,4582200.000000
2022-05-20,151.779999,156.705002,142.050003,148.740005,8197500.000000
2022-05-23,147.759995,153.970001,144.869995,149.270004,4388800.000000
2022-05-24,146.690002,148.380005,137.050003,139.869995,4244400.000000
2022-05-25,138.824997,148.820007,137.699997,146.639999,4515800.000000
2022-05-26,145.699997,160.250000,145.259995,155.839996,5502200.000000
2022-05-27,158.889999,167.360001,158.669998,166.820007,4522100.000000
2022-05-31,167.570007,170.559998,158.050003,159.990005,5849600.000000
2022-06-01,163.009995,168.000000,158.350006,161.449997,4977100.000000
2022-06-02,161.000000,176.559998,160.990005,174.020004,8498700.000000
2022-06-03,165.863998,170.820007,160.690002,162.100006,9303200.000000
2022-06-06,167.479996,171.350006,162.710007,168.970001,6826000.000000
2022-06-07,166.100006,181.889999,165.841995,176.679993,5790900.000000
2022-06-08,176.000000,180.470001,175.050003,178.839996,2893000.000000
2022-06-09,176.500000,179.580002,173.410004,173.550003,2914500.000000
2022-06-10,168.125000,170.500000,165.080002,169.320007,4201700.000000
2022-06-13,158.710007,160.880005,150.630005,154.520004,5620300.000000
2022-06-14,156.000000,162.250000,153.539993,159.259995,3283000.000000
2022-06-15,161.330002,167.500000,159.270004,164.350006,3635000.000000
2022-06-16,157.039993,161.449997,153.759995,157.210007,3776800.000000
2022-06-17,158.500000,165.509995,157.929993,163.899994,4364800.000000
2022-06-21,165.000000,170.850006,163.080002,164.639999,4520300.000000
2022-06-22,162.610001,171.669998,161.897003,165.710007,2986500.000000
2022-06-23,168.589996,176.600006,166.649994,174.899994,4344300.000000
2022-06-24,177.990005,188.679993,177.289993,184.990005,6131900.000000
2022-06-27,185.020004,185.639999,177.330002,181.929993,2863000.000000
2022-06-28,181.440002,183.929993,171.710007,174.190002,3111300.000000
2022-06-29,174.375000,177.860001,171.720001,175.940002,2238100.000000
2022-06-30,173.619995,174.800003,163.550003,168.559998,4214600.000000
2022-07-01,168.240005,179.630005,167.470001,179.250000,3710400.000000
2022-07-05,179.199997,188.970001,175.720001,187.020004,6384100.000000
2022-07-06,188.289993,190.699997,183.070007,185.919998,3207200.000000
2022-07-07,185.320007,192.820007,185.320007,190.199997,3485300.000000
2022-07-08,185.000000,194.850006,184.100006,190.380005,3143200.000000
2022-07-11,188.000000,188.376007,181.050003,185.369995,2420300.000000
2022-07-12,186.899994,190.210007,172.899994,174.389999,4124500.000000
2022-07-13,169.979996,178.740005,168.337997,174.970001,2949200.000000
2022-07-14,172.339996,174.669998,167.649994,172.750000,2970500.000000
2022-07-15,174.070007,179.220001,171.130005,177.899994,2928300.000000
2022-07-18,183.520004,183.520004,176.710007,177.250000,2690500.000000
2022-07-19,180.350006,180.710007,174.500000,180.550003,2560000.000000
2022-07-20,182.979996,187.539993,181.029999,184.300003,3081700.000000
2022-07-21,183.550003,189.240005,181.610001,189.000000,2506900.000000
2022-07-22,190.000000,193.919998,181.000000,183.529999,2801600.000000
2022-07-25,182.800003,184.074997,178.429993,182.619995,1698800.000000
2022-07-26,182.169998,182.610001,168.100006,169.169998,3533700.000000
2022-07-27,175.300003,178.705002,171.500000,176.960007,2824900.000000
2022-07-28,176.779999,182.550003,174.750000,182.089996,2748100.000000
2022-07-29,182.910004,184.000000,178.059998,183.600006,2635100.000000
2022-08-01,180.779999,187.649994,178.990005,183.300003,2422400.000000
2022-08-02,180.520004,189.639999,179.520004,188.139999,2771300.000000
2022-08-03,191.070007,197.139999,190.800003,195.320007,3135100.000000
2022-08-04,191.309998,192.000000,182.449997,189.240005,5036300.000000
2022-08-05,186.000000,192.610001,184.820007,191.169998,2751000.000000
2022-08-08,193.690002,197.479996,188.910004,189.520004,3188800.000000
2022-08-09,188.160004,190.000000,184.820007,186.779999,1821500.000000
2022-08-10,193.339996,201.740005,193.330002,200.800003,3901300.000000
2022-08-11,204.000000,205.729996,196.072998,198.059998,2913300.000000
2022-08-12,203.000000,203.000000,199.029999,200.869995,1767200.000000
2022-08-15,199.259995,202.899994,196.210007,201.820007,2438000.000000
2022-08-16,200.000000,201.070007,195.779999,200.410004,2926200.000000
2022-08-17,196.399994,198.509995,194.270004,196.889999,2237600.000000
2022-08-18,195.330002,197.250000,193.809998,195.759995,1642600.000000
2022-08-19,192.740005,193.500000,188.550003,190.520004,2235600.000000
2022-08-22,186.360001,188.649994,184.000000,185.880005,2470500.000000
2022-08-23,191.460007,193.889008,190.089996,192.360001,3410200.000000
2022-08-24,196.199997,199.410004,194.589996,194.619995,3223100.000000
2022-08-25,199.294998,203.669998,197.539993,202.940002,3042300.000000
2022-08-26,202.639999,202.699997,194.520004,194.559998,3583600.000000
2022-08-29,191.005005,197.190002,190.690002,192.050003,2707000.000000
2022-08-30,196.320007,198.139999,189.119995,193.294998,7286700.000000
2022-08-31,197.210007,197.940002,178.384995,182.610001,15736300.000000
2022-09-01,178.449997,180.000000,169.080002,172.970001,6886300.000000
2022-09-02,174.279999,177.130005,170.910004,172.449997,4350000.000000
2022-09-06,172.449997,172.690002,168.619995,171.149994,2964800.000000
2022-09-07,170.690002,173.089996,166.800003,171.960007,3204700.000000
2022-09-08,170.169998,179.880005,169.160004,179.875000,3184300.000000
2022-09-09,183.740005,191.520004,183.710007,190.860001,4174700.000000
2022-09-12,191.279999,195.289993,191.250000,195.100006,3042900.000000
2022-09-13,186.630005,189.800003,183.000000,184.699997,3903500.000000
2022-09-14,184.699997,185.490005,181.500000,184.110001,2701700.000000
2022-09-15,181.820007,185.139999,177.880005,178.860001,2760100.000000
2022-09-16,174.149994,175.199997,169.384995,171.009995,4952100.000000
2022-09-19,170.220001,175.850006,170.000000,175.389999,2240500.000000
2022-09-20,173.800003,175.951004,172.619995,173.869995,2156600.000000
2022-09-21,173.669998,176.850006,169.240005,169.250000,3380100.000000
2022-09-22,167.039993,169.125000,159.669998,161.279999,3575800.000000
2022-09-23,159.080002,161.649994,157.059998,160.389999,2980500.000000
2022-09-26,159.990005,165.800003,159.134995,159.350006,2749900.000000
2022-09-27,163.949997,165.119995,160.160004,162.580002,2162900.000000
2022-09-28,164.110001,167.899994,162.570007,167.250000,2458500.000000
2022-09-29,163.479996,166.240005,160.889999,165.699997,2096200.000000
2022-09-30,166.149994,171.604996,164.600006,164.809998,2598000.000000
2022-10-03,166.630005,170.690002,163.889999,169.309998,2562200.000000
2022-10-04,174.580002,178.690002,173.000000,175.070007,2806300.000000
2022-10-05,171.009995,178.339996,170.350006,176.699997,2126100.000000
2022-10-06,178.419998,181.839996,176.630005,178.389999,2656900.000000
2022-10-07,174.440002,175.220001,170.330002,171.880005,2591800.000000
2022-10-10,171.740005,172.460007,160.289993,161.080002,3502700.000000
2022-10-11,158.720001,160.500000,151.750000,155.789993,3426200.000000
2022-10-12,154.320007,155.779999,149.500000,152.990005,3070500.000000
2022-10-13,145.451996,155.425995,142.360001,152.600006,3578300.000000
2022-10-14,155.750000,156.539993,145.824997,145.979996,3998300.000000
2022-10-17,149.350006,154.039993,148.000000,151.610001,3247800.000000
2022-10-18,157.259995,161.500000,154.796997,156.880005,3710800.000000
2022-10-19,155.410004,157.009995,151.410004,152.539993,2032800.000000
2022-10-20,152.100006,158.449005,152.100006,153.880005,2092800.000000
2022-10-21,152.490005,157.050003,148.589005,156.320007,2693600.000000
2022-10-24,158.110001,158.699997,154.220001,157.970001,2054900.000000
2022-10-25,159.220001,164.669998,159.210007,162.110001,2125100.000000
2022-10-26,158.050003,167.358994,156.789993,161.770004,2358900.000000
2022-10-27,164.750000,168.130005,162.050003,164.729996,2285800.000000
2022-10-28,162.550003,164.979996,158.860001,163.649994,1872700.000000
2022-10-31,161.619995,164.809998,159.600006,161.199997,2190200.000000
2022-11-01,165.000000,168.479996,159.539993,160.529999,2581000.000000
2022-11-02,161.000000,161.169998,147.940002,147.990005,4432800.000000
2022-11-03,146.139999,146.139999,139.669998,141.529999,4000300.000000
2022-11-04,140.960007,141.169998,126.419998,127.559998,8248500.000000
2022-11-07,129.830002,129.899994,122.900002,124.680000,5413900.000000
2022-11-08,126.000000,129.830002,120.500000,127.000000,4574800.000000
2022-11-09,124.550003,124.620003,120.500000,122.360001,3718400.000000
2022-11-10,132.490005,136.095001,130.679993,135.759995,5229500.000000
2022-11-11,136.750000,144.826996,135.339996,143.119995,4620200.000000
2022-11-14,141.550003,144.130005,138.289993,142.009995,3043700.000000
2022-11-15,148.990005,151.425003,146.029999,148.300003,3967100.000000
2022-11-16,146.705002,147.630005,142.093002,143.649994,2539500.000000
2022-11-17,139.619995,141.369995,137.869995,139.229996,3927400.000000
2022-11-18,146.505005,146.720001,137.199997,138.990005,5404900.000000
2022-11-21,137.110001,137.509995,134.380005,135.559998,2887200.000000
2022-11-22,135.820007,136.309998,132.479996,135.800003,3851200.000000
2022-11-23,135.580002,141.619995,133.839996,140.889999,2578100.000000
2022-11-25,139.850006,141.369995,138.520004,140.050003,1022500.000000
2022-11-28,139.679993,141.000000,136.660995,139.449997,3382200.000000
2022-11-29,140.000000,140.320007,136.250000,138.000000,10554600.000000
2022-11-30,112.290001,117.809998,108.889999,117.650002,38648000.000000
2022-12-01,118.639999,124.918999,118.570000,124.070000,14442800.000000
2022-12-02,121.750000,125.550003,120.730003,124.000000,8851000.000000
2022-12-05,122.459999,124.410004,116.692001,118.330002,5780700.000000
2022-12-06,118.339996,118.800003,112.989998,113.830002,4740900.000000
2022-12-07,114.330002,114.989998,110.332001,113.199997,4655200.000000
2022-12-08,113.529999,116.370003,111.750000,114.239998,4292600.000000
2022-12-09,113.760002,117.000000,112.949997,115.080002,3014600.000000
2022-12-12,114.760002,118.580002,114.400002,118.540001,3034600.000000
2022-12-13,124.230003,125.519997,118.430000,120.989998,4455100.000000
2022-12-14,121.000000,123.800003,118.800003,120.570000,3936000.000000
2022-12-15,118.900002,121.089996,114.669998,114.989998,3237200.000000
2022-12-16,114.001999,114.915001,110.760002,111.500000,5041900.000000
2022-12-19,110.820000,111.285004,107.580002,108.089996,4214000.000000
2022-12-20,107.051003,110.482002,106.027000,109.830002,3453800.000000
2022-12-21,108.839996,109.120003,104.349998,107.349998,6792700.000000
2022-12-22,104.750000,105.669998,101.871002,103.970001,4377800.000000
2022-12-23,103.000000,103.279999,100.949997,101.989998,3325200.000000
2022-12-27,101.070000,102.320000,99.309998,100.660004,3101900.000000
2022-12-28,99.599998,101.680000,98.699997,99.959999,3532000.000000
2022-12-29,101.430000,105.510002,100.470001,104.570000,3142800.000000
2022-12-30,103.500000,106.186996,102.989998,105.290001,3148900.000000
2023-01-03,107.500000,108.459999,101.717003,103.279999,3447500.000000
2023-01-04,104.769997,106.889999,102.540001,104.364998,3038200.000000
2023-01-05,98.000000,98.010002,94.514999,94.889999,10001700.000000
2023-01-06,94.385002,95.959999,92.260002,94.720001,6772300.000000
2023-01-09,97.040001,99.800003,95.800003,96.570000,6431700.000000
2023-01-10,94.720001,96.029999,92.250000,95.669998,7705000.000000
2023-01-11,96.919998,98.500000,94.879997,97.000000,5250100.000000
2023-01-12,97.059998,98.050003,92.709999,97.980003,4804800.000000
2023-01-13,96.430000,99.930000,96.129997,99.529999,4210300.000000
2023-01-17,100.400002,105.759003,98.129997,104.430000,6653500.000000
2023-01-18,106.665001,107.400002,100.900002,101.000000,5224100.000000
2023-01-19,99.309998,101.790001,98.199997,99.849998,4737500.000000
2023-01-20,100.320000,103.760002,99.570000,103.410004,4134700.000000
2023-01-23,102.070000,106.349998,102.000000,106.300003,3653800.000000
2023-01-24,107.154999,109.010002,104.135002,104.599998,5082200.000000
2023-01-25,101.720001,101.940002,97.260002,100.820000,7646200.000000
2023-01-26,102.629997,104.550003,100.879997,104.470001,6069500.000000
2023-01-27,103.610001,105.841003,102.519997,104.349998,6095700.000000
2023-01-30,102.980003,103.580002,100.875000,101.370003,5268100.000000
2023-01-31,101.000000,105.919998,100.739998,105.900002,4648300.000000
2023-02-01,105.900002,111.639999,105.099998,110.500000,5393700.000000
2023-02-02,117.589996,117.589996,113.910004,115.930000,7125800.000000
2023-02-03,112.461998,117.412003,112.220001,113.559998,4019100.000000
2023-02-06,111.389999,115.120003,108.824997,109.419998,3864700.000000
2023-02-07,109.735001,115.080002,107.760002,114.589996,4115300.000000
2023-02-08,118.330002,119.190002,114.389999,114.480003,5212100.000000
2023-02-09,117.040001,117.790001,113.120003,113.419998,3640900.000000
2023-02-10,111.900002,112.620003,107.599998,108.959999,3461500.000000
2023-02-13,110.230003,113.290001,108.644997,112.169998,2670700.000000
2023-02-14,111.940002,116.660004,110.410004,116.309998,3931000.000000
2023-02-15,116.709999,120.559998,115.250000,120.519997,4198500.000000
2023-02-16,117.860001,118.730003,115.059998,115.120003,4219100.000000
2023-02-17,113.930000,114.290001,110.459999,114.250000,3713300.000000
2023-02-21,112.019997,114.749001,111.510002,112.430000,3620800.000000
2023-02-22,114.419998,118.309998,113.120003,117.629997,5260100.000000
2023-02-23,119.690002,120.550003,114.838997,117.440002,5061100.000000
2023-02-24,115.779999,118.800003,115.300003,117.279999,4800600.000000
2023-02-27,118.635002,123.239998,118.300003,120.650002,5501900.000000
2023-02-28,120.199997,122.680000,120.089996,120.690002,3503800.000000
2023-03-01,120.230003,121.050003,118.610001,120.209999,2768300.000000
2023-03-02,119.000000,123.930000,118.709999,123.639999,3849000.000000
2023-03-03,123.300003,127.120003,121.699997,126.040001,4878300.000000
2023-03-06,130.000000,130.190002,127.315002,127.589996,7582900.000000
2023-03-07,127.000000,128.600006,124.510002,124.930000,9777400.000000
2023-03-08,132.880005,134.960007,125.000000,128.919998,24696900.000000
2023-03-09,128.110001,130.089996,121.519997,121.680000,8030600.000000
2023-03-10,119.879997,124.510002,118.150002,119.720001,8049500.000000
2023-03-13,119.110001,123.599998,118.230003,121.410004,6261700.000000
2023-03-14,124.879997,128.160004,122.870003,128.009995,6557300.000000
2023-03-15,126.559998,130.190002,126.529999,129.320007,6123700.000000
2023-03-16,130.300003,134.089005,129.550003,133.520004,6939900.000000
2023-03-17,133.750000,136.470001,131.860001,133.119995,5728900.000000
2023-03-20,132.309998,133.285004,130.220001,132.740005,4245700.000000
2023-03-21,131.750000,136.899994,131.270004,136.020004,4738000.000000
2023-03-22,135.699997,137.880005,133.250000,133.259995,3739100.000000
2023-03-23,135.960007,138.330002,133.130005,134.539993,3210800.000000
2023-03-24,134.399994,135.000000,130.789993,131.539993,2701400.000000
2023-03-27,131.919998,133.244003,130.289993,131.389999,2562900.000000
2023-03-28,131.000000,131.639999,127.559998,128.639999,2694500.000000
2023-03-29,131.080002,131.399994,128.681000,129.600006,2695800.000000
2023-03-30,131.130005,133.500000,129.949997,131.720001,3425800.000000
2023-03-31,132.520004,138.240005,132.110001,137.259995,4528400.000000
2023-04-03,135.500000,137.589996,134.169998,136.550003,2788000.000000
2023-04-04,137.500000,138.669998,135.729996,136.860001,3045800.000000
2023-04-05,135.369995,135.610001,125.699997,127.800003,7795800.000000
2023-04-06,126.000000,128.139999,123.700996,127.820000,3989200.000000
2023-04-10,126.720001,128.179993,124.550003,128.100006,2673600.000000
2023-04-11,127.540001,131.720001,127.269997,129.860001,4014700.000000
2023-04-12,132.500000,137.160004,131.156998,135.000000,5517800.000000
2023-04-13,136.604996,140.210007,135.720001,136.100006,4748400.000000
2023-04-14,134.449997,136.699997,133.860001,135.770004,2912500.000000
2023-04-17,136.660004,137.947006,134.643997,137.369995,2346500.000000
2023-04-18,139.050003,139.889999,136.125000,136.380005,1926900.000000
2023-04-19,135.000000,135.686005,132.009995,132.830002,2859200.000000
2023-04-20,131.029999,131.919998,129.070007,129.889999,2445800.000000
2023-04-21,130.580002,132.740005,130.149994,132.250000,1937600.000000
2023-04-24,132.494995,133.729996,129.020004,130.399994,2054400.000000
2023-04-25,128.190002,128.470001,121.809998,122.150002,6106600.000000
2023-04-26,123.820000,125.917999,122.872002,124.120003,2706700.000000
2023-04-27,125.190002,127.500000,123.559998,126.050003,3097300.000000
2023-04-28,123.199997,123.970001,119.419998,120.050003,5191100.000000
2023-05-01,118.559998,119.938004,116.889999,118.790001,3724400.000000
2023-05-02,118.900002,119.150002,116.040001,116.739998,3077400.000000
2023-05-03,116.459999,119.028000,115.669998,117.669998,1908600.000000
2023-05-04,118.389999,120.160004,117.449997,117.879997,2130200.000000
2023-05-05,119.230003,123.230003,119.019997,122.449997,2997700.000000
2023-05-08,126.000000,132.880005,125.400002,132.410004,6057700.000000
2023-05-09,132.410004,134.169998,129.160004,129.940002,3388900.000000
2023-05-10,132.350006,135.955002,131.029999,133.800003,3995600.000000
2023-05-11,134.395004,134.809998,131.270004,132.149994,2557800.000000
2023-05-12,132.759995,132.940002,129.250000,130.229996,2026400.000000
2023-05-15,130.889999,135.919998,130.410004,135.550003,3140600.000000
2023-05-16,134.000000,135.610001,133.300003,134.009995,1963500.000000
2023-05-17,134.839996,139.089996,133.610001,137.229996,3147600.000000
2023-05-18,137.440002,141.960007,137.229996,141.850006,3952100.000000
2023-05-19,142.740005,148.339996,142.389999,144.720001,6041000.000000
2023-05-22,144.259995,148.559998,143.820007,147.410004,3433400.000000
2023-05-23,146.110001,148.630005,143.789993,143.899994,3223100.000000
2023-05-24,144.050003,149.479996,143.149994,149.199997,4865800.000000
2023-05-25,150.649994,151.130005,147.190002,149.610001,3556400.000000
2023-05-26,150.289993,158.179993,150.000000,154.119995,5650100.000000
2023-05-30,159.539993,160.779999,154.910004,158.589996,6715700.000000
2023-05-31,158.830002,161.794998,157.009995,160.130005,10277600.000000
2023-06-01,146.720001,159.789993,142.494995,157.550003,15842100.000000
2023-06-02,158.660004,159.399994,150.529999,151.320007,7988800.000000
2023-06-05,151.050003,154.759995,148.240005,154.080002,4680700.000000
2023-06-06,153.779999,155.770004,152.399994,153.039993,2894400.000000
2023-06-07,154.750000,155.899994,148.399994,149.229996,3492100.000000
2023-06-08,149.119995,151.690002,148.509995,151.300003,2276600.000000
2023-06-09,153.529999,153.830002,146.839996,149.529999,3548600.000000
2023-06-12,150.235001,151.860001,148.910004,151.110001,2446200.000000
2023-06-13,153.059998,154.270004,150.570007,153.110001,3145800.000000
2023-06-14,153.149994,154.000000,150.679993,153.960007,2673700.000000
2023-06-15,153.229996,161.190002,152.220993,159.809998,7568000.000000
2023-06-16,162.100006,162.250000,154.809998,155.139999,6351900.000000
2023-06-20,152.600006,155.720001,150.259995,152.080002,3595400.000000
2023-06-21,150.580002,151.380005,143.270004,143.850006,6245200.000000
2023-06-22,142.559998,146.940002,141.500000,145.800003,3306400.000000
2023-06-23,143.429993,144.949997,142.210007,143.649994,2920400.000000
2023-06-26,143.039993,145.179993,141.350006,141.809998,2186100.000000
2023-06-27,142.490005,145.070007,142.070007,144.279999,2563100.000000
2023-06-28,143.889999,146.020004,142.438004,145.089996,2374800.000000
2023-06-29,145.770004,146.490005,143.169998,143.990005,2450100.000000
2023-06-30,145.089996,149.320007,144.869995,146.869995,3092700.000000
2023-07-03,147.179993,147.550003,145.009995,145.960007,1386400.000000
2023-07-05,145.559998,147.270004,144.880005,145.080002,3179100.000000
2023-07-06,142.750000,143.714996,139.369995,143.610001,3788800.000000
2023-07-07,143.509995,146.800003,143.479996,144.050003,2285000.000000
2023-07-10,143.800003,149.979996,143.500000,149.949997,3451900.000000
2023-07-11,150.750000,152.740005,149.270004,150.789993,3520700.000000
2023-07-12,153.190002,153.929993,144.339996,146.130005,4597300.000000
2023-07-13,147.979996,153.539993,147.529999,150.750000,4044700.000000
2023-07-14,150.449997,152.240005,148.929993,149.399994,2659900.000000
2023-07-17,149.070007,155.559998,148.429993,152.729996,3687600.000000
2023-07-18,153.000000,154.225006,150.740005,152.949997,2410700.000000
2023-07-19,155.000000,161.500000,154.895004,157.610001,4787500.000000
2023-07-20,154.929993,156.139999,147.500000,148.070007,4791900.000000
2023-07-21,149.929993,152.375000,148.880005,150.899994,5951300.000000
2023-07-24,150.970001,151.785004,147.149994,149.740005,2745100.000000
2023-07-25,150.619995,153.410004,150.539993,150.940002,2246200.000000
2023-07-26,150.279999,154.949997,148.449997,154.630005,2798600.000000
2023-07-27,156.949997,158.080002,152.195007,152.850006,2671000.000000
2023-07-28,155.500000,157.039993,153.500000,155.600006,2003100.000000
2023-07-31,157.889999,163.410004,157.660004,161.660004,3914800.000000
2023-08-01,161.000000,166.990005,159.020004,165.960007,4018400.000000
2023-08-02,161.513000,161.600006,152.559998,154.729996,4608600.000000
2023-08-03,154.000000,158.500000,153.229996,157.550003,2457200.000000
2023-08-04,155.229996,155.990005,148.625000,150.490005,4469100.000000
2023-08-07,151.259995,152.050003,147.800003,150.970001,2329800.000000
2023-08-08,147.169998,147.710007,142.889999,145.880005,4283600.000000
2023-08-09,145.110001,147.110001,144.246002,145.460007,2495200.000000
2023-08-10,147.350006,150.990005,146.630005,147.860001,2349800.000000
2023-08-11,147.220001,150.078003,146.860001,148.220001,2046100.000000
2023-08-14,147.350006,152.550003,146.580002,152.369995,2230200.000000
2023-08-15,150.520004,151.679993,149.059998,149.630005,1964800.000000
2023-08-16,149.000000,151.339996,147.759995,149.000000,1876200.000000
2023-08-17,149.000000,149.000000,143.910004,144.380005,3359000.000000
2023-08-18,141.660004,147.304001,140.520004,146.800003,3196700.000000
2023-08-21,150.759995,155.119995,150.509995,153.899994,4245800.000000
2023-08-22,154.339996,155.000000,151.610001,152.330002,1707600.000000
2023-08-23,153.479996,155.440002,151.570007,153.809998,1918500.000000
2023-08-24,155.550003,155.550003,145.289993,145.449997,3354300.000000
2023-08-25,146.000000,150.440002,144.699997,149.580002,2839100.000000
2023-08-28,146.020004,147.990005,142.360001,144.029999,5794000.000000
2023-08-29,142.929993,148.410004,141.970993,146.699997,3620200.000000
2023-08-30,147.000000,150.169998,145.380005,149.179993,6193900.000000
2023-08-31,154.110001,164.410004,153.580002,163.029999,13727100.000000
2023-09-01,163.119995,166.250000,160.309998,161.229996,4232500.000000
2023-09-05,161.029999,165.589996,160.100006,165.429993,3288200.000000
2023-09-06,164.990005,168.229996,164.048004,166.229996,4268600.000000
2023-09-07,164.399994,167.949997,163.199997,166.639999,3000900.000000
2023-09-08,166.475006,169.229996,166.000000,168.089996,2691500.000000
2023-09-11,169.500000,172.639999,168.669998,172.289993,2967700.000000
2023-09-12,170.440002,172.350006,168.274994,169.679993,2110000.000000
2023-09-13,169.520004,170.779999,168.330002,168.470001,1705500.000000
2023-09-14,169.350006,171.800003,168.570007,170.729996,2083400.000000
2023-09-15,166.119995,168.210999,163.440002,165.449997,4727600.000000
2023-09-18,164.979996,168.600006,164.000000,166.970001,2445300.000000
2023-09-19,166.949997,167.619995,162.889999,165.500000,2347700.000000
2023-09-20,165.500000,168.565002,163.880005,163.889999,2780100.000000
2023-09-21,168.190002,171.000000,159.360001,162.529999,6792100.000000
2023-09-22,162.639999,166.589996,162.009995,162.570007,3134400.000000
2023-09-25,161.899994,162.000000,159.250000,159.919998,2176700.000000
2023-09-26,158.110001,161.000000,157.589996,160.479996,2414100.000000
2023-09-27,161.029999,164.690002,160.669998,163.039993,2631100.000000
2023-09-28,162.289993,166.139999,161.429993,165.250000,1815900.000000
2023-09-29,167.529999,169.514999,166.970001,167.380005,2599700.000000
2023-10-02,168.000000,172.009995,167.070007,169.539993,2763000.000000
2023-10-03,167.309998,169.000000,160.860001,162.029999,3254100.000000
2023-10-04,163.619995,165.044998,162.190002,164.050003,1985700.000000
2023-10-05,164.070007,166.110001,160.919998,165.289993,2409800.000000
2023-10-06,163.509995,176.945007,163.000000,176.690002,6897000.000000
2023-10-09,176.500000,185.250000,176.100006,181.820007,6683500.000000
2023-10-10,181.520004,185.199997,180.759995,183.850006,3556200.000000
2023-10-11,183.850006,188.660004,183.300003,188.220001,3552600.000000
2023-10-12,188.220001,190.360001,184.880005,187.559998,3084500.000000
2023-10-13,187.559998,189.324997,185.389999,185.720001,2690100.000000
2023-10-16,185.529999,189.580002,183.350006,187.669998,2540400.000000
2023-10-17,185.990005,190.279999,185.199997,187.139999,3176200.000000
2023-10-18,186.220001,189.380005,185.970001,187.789993,2173400.000000
2023-10-19,191.750000,191.990005,183.960007,184.520004,3518100.000000
2023-10-20,183.000000,183.600006,176.300003,178.759995,3839800.000000
2023-10-23,176.000000,181.169998,173.289993,179.080002,2534200.000000
2023-10-24,181.000000,184.160004,179.052994,182.820007,1825900.000000
2023-10-25,181.190002,181.979996,175.119995,175.380005,2050200.000000
2023-10-26,176.119995,178.449997,170.169998,171.639999,2515000.000000
2023-10-27,174.220001,175.699997,171.222000,172.820007,1795100.000000
2023-10-30,174.600006,175.729996,171.682999,174.610001,1669400.000000
2023-10-31,175.164993,177.589996,172.580002,176.770004,1651000.000000
2023-11-01,178.119995,179.630005,174.809998,178.350006,2074700.000000
2023-11-02,180.889999,184.669998,179.714005,182.800003,3352200.000000
2023-11-03,182.669998,188.740005,178.350006,188.240005,3263000.000000
2023-11-06,188.979996,189.500000,183.600006,186.779999,1936600.000000
2023-11-07,191.149994,194.830002,189.449997,192.360001,3065800.000000
2023-11-08,192.520004,194.779999,191.210007,193.830002,1717600.000000
2023-11-09,193.440002,194.179993,189.119995,190.759995,2459100.000000
2023-11-10,192.369995,196.949997,190.199997,196.309998,2041500.000000
2023-11-13,198.000000,201.550003,197.169998,200.960007,3085900.000000
2023-11-14,205.000000,209.067001,203.500000,207.970001,3736500.000000
2023-11-15,208.710007,210.089996,202.669998,204.289993,3693500.000000
2023-11-16,200.330002,207.110001,198.860001,204.270004,3013500.000000
2023-11-17,204.270004,207.910004,203.039993,207.089996,1857500.000000
2023-11-20,208.000000,209.026993,206.065002,207.729996,2229600.000000
2023-11-21,207.740005,209.320007,205.850006,208.979996,2277100.000000
2023-11-22,209.899994,210.649994,206.550003,209.610001,2199900.000000
2023-11-24,208.860001,212.860001,207.675003,210.660004,1658000.000000
2023-11-27,209.619995,213.139999,207.570007,210.070007,4012500.000000
2023-11-28,208.929993,214.705002,207.220001,212.350006,7147600.000000
2023-11-29,220.000000,235.630005,218.830002,234.440002,12996500.000000
2023-11-30,231.190002,238.479996,229.190002,236.990005,7425800.000000
2023-12-01,235.720001,236.649994,229.800003,235.029999,3868900.000000
2023-12-04,234.080002,237.850006,230.910004,237.389999,3448500.000000
2023-12-05,233.960007,239.070007,233.328003,238.970001,2576400.000000
2023-12-06,240.000000,244.639999,237.789001,239.419998,3759700.000000
2023-12-07,239.630005,240.710007,234.240005,240.169998,2477500.000000
2023-12-08,238.339996,243.490005,237.630005,242.550003,1886700.000000
2023-12-11,242.630005,249.279999,241.389999,246.970001,2774100.000000
2023-12-12,244.639999,250.289993,243.270004,248.550003,2977200.000000
2023-12-13,249.750000,253.300003,247.179993,252.039993,2648300.000000
2023-12-14,253.824997,257.369995,247.869995,252.679993,3820100.000000
2023-12-15,256.600006,260.769012,254.020004,260.079987,6019700.000000
2023-12-18,260.170013,261.809998,257.339996,259.799988,2846800.000000
2023-12-19,260.119995,260.769989,256.239990,258.329987,2783000.000000
2023-12-20,255.899994,259.570007,253.630005,253.949997,2247800.000000
2023-12-21,254.250000,257.709991,250.610001,257.320007,3178000.000000
2023-12-22,256.970001,256.970001,253.759995,255.630005,1801700.000000
2023-12-26,254.830002,258.239990,253.582993,257.869995,1814400.000000
2023-12-27,258.265015,259.540009,255.729996,257.320007,1553000.000000
2023-12-28,257.410004,257.420013,255.110001,256.130005,1025600.000000
2023-12-29,255.830002,257.179993,251.880005,255.320007,1858900.000000
2024-01-02,251.470001,252.289993,243.029999,246.889999,3756800.000000
2024-01-03,240.320007,248.830994,238.610001,244.360001,3157600.000000
2024-01-04,246.000000,247.610001,243.639999,245.649994,2103000.000000
2024-01-05,245.000000,249.479996,244.649994,247.460007,2407500.000000
2024-01-08,251.899994,261.639008,251.559998,261.279999,4009200.000000
2024-01-09,265.695007,276.559998,264.989990,273.769989,6066900.000000
2024-01-10,274.869995,282.315002,274.869995,282.040009,4674000.000000
2024-01-11,284.000000,287.760010,280.350006,284.519989,3460700.000000
2024-01-12,287.000000,290.329987,282.510010,283.350006,2534400.000000
2024-01-16,279.390015,287.200012,279.059998,286.290009,2690800.000000
2024-01-17,279.540009,283.230011,272.799011,276.269989,4419700.000000
2024-01-18,281.670013,284.459991,279.170013,283.109985,2705900.000000
2024-01-19,285.000000,290.850006,283.799988,290.540009,3011200.000000
2024-01-22,300.480011,302.000000,295.369995,298.660004,4229400.000000
2024-01-23,298.170013,299.700012,291.704987,297.269989,2989300.000000
2024-01-24,300.579987,307.549988,298.540009,300.279999,4454200.000000
2024-01-25,305.609985,306.299988,290.790009,293.459991,4332900.000000
2024-01-26,290.489990,293.750000,286.750000,290.309998,2811500.000000
2024-01-29,294.000000,300.700012,293.750000,300.670013,3131500.000000
2024-01-30,301.000000,302.614990,298.399994,301.350006,2147400.000000
2024-01-31,298.000000,300.114990,290.890015,292.500000,2494100.000000
2024-02-01,296.140015,299.899994,294.170013,299.369995,1853600.000000
2024-02-02,299.750000,305.209991,296.709991,303.570007,2374500.000000
2024-02-05,305.000000,307.765991,295.570007,302.489990,2481300.000000
2024-02-06,305.369995,307.769989,295.309998,302.109985,2087600.000000
2024-02-07,307.730011,321.070007,306.709991,317.779999,4017400.000000
2024-02-08,316.709991,323.928986,314.029999,323.040009,2531100.000000
2024-02-09,330.000000,336.989990,326.429993,329.339996,3870000.000000
2024-02-12,329.700012,330.667999,320.630005,321.290009,3414100.000000
2024-02-13,307.540009,326.339996,302.000000,322.440002,4531400.000000
2024-02-14,327.760010,334.899994,326.559998,334.549988,2394900.000000
2024-02-15,337.500000,338.453003,327.113007,331.380005,2919900.000000
2024-02-16,331.790009,332.369995,325.130005,329.239990,2123900.000000
2024-02-20,327.000000,327.000000,315.070007,323.709991,4136700.000000
2024-02-21,283.029999,294.598999,273.160004,292.359985,9015100.000000
2024-02-22,304.929993,313.660004,297.000000,310.910004,4797900.000000
2024-02-23,313.779999,317.000000,308.579987,311.489990,2965200.000000
2024-02-26,313.160004,323.313995,309.489990,321.029999,3884900.000000
2024-02-27,323.399994,329.089996,320.709991,321.209991,2790400.000000
2024-02-28,318.859985,321.690002,314.549988,320.940002,2072600.000000
2024-02-29,324.910004,328.980011,321.070007,324.149994,3812100.000000
2024-03-01,319.250000,319.720001,309.119995,314.600006,5837400.000000
2024-03-04,317.329987,317.989990,311.290009,313.809998,4796600.000000
2024-03-05,307.529999,308.500000,289.799988,297.559998,13249300.000000
2024-03-06,360.049988,365.000000,324.010010,329.570007,23050900.000000
2024-03-07,329.750000,331.850006,315.209991,329.679993,9729500.000000
2024-03-08,331.000000,341.739990,322.410004,322.850006,6021300.000000
2024-03-11,319.149994,323.500000,316.000000,317.369995,3292000.000000
2024-03-12,318.609985,333.809998,317.369995,329.269989,4156500.000000
2024-03-13,329.730011,334.825012,325.500000,332.170013,2730900.000000
2024-03-14,333.000000,337.779999,325.475006,328.589996,2776800.000000
2024-03-15,325.579987,327.390015,315.600006,315.649994,4483100.000000
2024-03-18,319.029999,322.369995,315.899994,321.059998,2736600.000000
2024-03-19,318.149994,321.480011,310.220001,320.859985,2933600.000000
2024-03-20,321.000000,328.470001,318.062988,326.869995,2528800.000000
2024-03-21,325.890015,333.230011,322.049988,329.459991,3253400.000000
2024-03-22,327.730011,328.390015,319.549988,327.579987,2601700.000000
2024-03-25,326.000000,329.250000,321.000000,324.760010,1695200.000000
2024-03-26,326.000000,332.500000,323.859985,330.010010,2417700.000000
2024-03-27,333.339996,333.839996,317.559998,322.250000,3175600.000000
2024-03-28,322.420013,327.649994,319.940002,320.589996,2253100.000000
2024-04-01,321.000000,321.989990,313.720001,319.589996,1830900.000000
2024-04-02,312.920013,319.709991,310.959991,319.549988,2125300.000000
2024-04-03,316.570007,323.549988,314.480011,320.040009,2013400.000000
2024-04-04,324.299988,325.989990,308.880005,309.190002,2667000.000000
2024-04-05,309.720001,317.500000,309.329987,315.500000,1769300.000000
2024-04-08,316.179993,316.640015,309.500000,313.730011,1457300.000000
2024-04-09,314.989990,316.000000,308.630005,310.769989,1860800.000000
2024-04-10,305.989990,315.080994,305.339996,312.529999,1939000.000000
2024-04-11,313.540009,317.904999,310.135010,317.799988,1869000.000000
2024-04-12,313.890015,314.869995,307.000000,309.049988,2176300.000000
2024-04-15,310.029999,312.000000,298.390015,299.500000,2571600.000000
2024-04-16,297.549988,301.649994,296.799988,299.149994,1828300.000000
2024-04-17,304.000000,304.799988,291.709991,293.690002,2290300.000000
2024-04-18,293.000000,297.500000,290.179993,294.100006,2100000.000000
2024-04-19,291.950012,292.730011,280.880005,282.640015,3116600.000000
2024-04-22,285.739990,291.290009,281.399994,289.149994,2483400.000000
2024-04-23,292.209991,302.809998,292.170013,299.649994,2593000.000000
2024-04-24,303.600006,304.820007,294.739990,297.619995,1656200.000000
2024-04-25,289.559998,299.850006,287.910004,298.019989,2022100.000000
2024-04-26,300.339996,305.779999,298.269989,304.070007,2007800.000000
2024-04-29,312.570007,313.863007,302.049988,304.040009,1899600.000000
2024-04-30,302.000000,303.065002,292.329987,292.540009,1930200.000000
2024-05-01,290.440002,302.500000,288.549988,295.440002,2090800.000000
2024-05-02,303.755005,307.940002,298.042999,303.540009,3920500.000000
2024-05-03,304.760010,311.549988,300.000000,310.209991,4080800.000000
2024-05-06,307.380005,317.899994,304.299988,317.809998,2903500.000000
2024-05-07,315.709991,321.515015,311.649994,312.549988,3199000.000000
2024-05-08,311.880005,319.230011,308.570007,313.760010,2073100.000000
2024-05-09,313.029999,318.250000,309.380005,317.940002,2158400.000000
2024-05-10,320.000000,327.500000,318.390015,320.760010,2657400.000000
2024-05-13,325.000000,325.000000,316.630005,319.179993,1894400.000000
2024-05-14,319.190002,330.790009,319.179993,329.549988,2948700.000000
2024-05-15,333.209991,344.369995,330.929993,343.119995,3143200.000000
2024-05-16,343.000000,344.079987,338.829987,339.059998,2074700.000000
2024-05-17,340.000000,346.279999,338.709991,345.929993,2044900.000000
2024-05-20,346.000000,349.589996,344.649994,348.750000,2175000.000000
2024-05-21,343.054993,351.649994,340.519989,349.320007,2099300.000000
2024-05-22,350.000000,352.940002,342.859985,345.420013,1907500.000000
2024-05-23,350.000000,350.410004,341.274994,342.350006,1836000.000000
2024-05-24,342.670013,355.750000,340.809998,351.470001,2670000.000000
2024-05-28,358.640015,358.839996,343.109985,346.820007,3235300.000000
2024-05-29,342.010010,353.540009,341.959991,349.519989,2638900.000000
2024-05-30,346.149994,346.630005,314.130005,315.920013,6143300.000000
2024-05-31,329.760010,329.769989,306.500000,313.670013,5401800.000000
2024-06-03,319.369995,319.480011,305.109985,308.690002,4364700.000000
2024-06-04,310.000000,312.380005,303.505005,305.579987,8475400.000000
2024-06-05,334.609985,342.589996,316.390015,342.179993,16035600.000000
2024-06-06,342.929993,349.339996,336.190002,340.489990,4683500.000000
2024-06-07,343.000000,349.920013,337.130005,349.119995,5096800.000000
2024-06-10,367.100006,384.980011,367.100006,374.570007,15590700.000000
2024-06-11,372.859985,385.000000,370.140015,384.630005,7011700.000000
2024-06-12,390.250000,390.704987,378.869995,387.369995,5827800.000000
2024-06-13,387.850006,389.890015,380.940002,382.809998,3969500.000000
2024-06-14,382.000000,388.345001,381.149994,385.434998,3415000.000000
2024-06-17,382.750000,394.640015,376.549988,390.429993,4853100.000000
2024-06-18,390.000000,393.290009,386.660004,389.510010,4092800.000000
2024-06-20,390.260010,393.250000,379.200012,382.140015,5848000.000000
2024-06-21,380.630005,381.000000,370.700012,380.630005,52256000.000000
2024-06-24,375.100006,381.760010,374.000000,377.929993,5400900.000000
2024-06-25,379.750000,387.809998,379.545013,386.760010,3146300.000000
2024-06-26,385.589996,387.510010,379.750000,380.369995,2952100.000000
2024-06-27,381.000000,391.540009,379.940002,387.290009,3666300.000000
2024-06-28,389.329987,393.290009,381.782013,383.190002,8480500.000000
2024-07-01,385.279999,392.739990,377.920013,392.149994,2880200.000000
2024-07-02,382.269989,387.165009,381.470001,385.049988,3242700.000000
2024-07-03,384.250000,390.079987,382.382996,387.179993,1456800.000000
2024-07-05,387.869995,391.464996,385.309998,389.679993,1909000.000000
2024-07-08,390.368011,397.119995,379.790009,390.709991,2976500.000000
2024-07-09,392.510010,398.326996,383.200012,385.880005,2967600.000000
2024-07-10,385.000000,385.019989,365.589996,374.450012,5826700.000000
2024-07-11,375.690002,379.779999,367.500000,370.429993,3125500.000000
2024-07-12,368.200012,374.489990,367.755005,371.320007,2609700.000000
2024-07-15,371.670013,383.570007,364.209991,377.369995,3522400.000000
2024-07-16,378.239990,379.334991,368.500000,369.049988,2606300.000000
2024-07-17,360.000000,363.596985,350.720001,354.940002,3498700.000000
2024-07-18,351.739990,352.200012,336.339996,343.049988,4552800.000000
2024-07-19,294.510010,316.750000,290.100006,304.959991,42145700.000000
2024-07-22,285.010010,285.010010,261.589996,263.910004,49567500.000000
2024-07-23,269.019989,277.000000,258.769989,268.880005,33583100.000000
2024-07-24,270.000000,275.440002,257.359985,258.140015,14736300.000000
2024-07-25,258.390015,262.790009,250.220001,254.149994,10511400.000000
2024-07-26,259.950012,260.540009,251.259995,256.160004,9584400.000000
2024-07-29,259.510010,265.500000,257.450012,258.809998,11792200.000000
2024-07-30,247.550003,248.330002,226.220001,233.649994,25824900.000000
2024-07-31,234.669998,236.910004,228.210007,231.960007,11980400.000000
2024-08-01,232.000000,232.199997,221.660004,224.220001,9914200.000000
2024-08-02,217.149994,221.475006,211.139999,217.889999,8978100.000000
2024-08-05,201.535004,224.119995,200.809998,222.050003,10942200.000000
2024-08-06,230.190002,235.240005,221.559998,231.690002,10613400.000000
2024-08-07,238.369995,243.500000,230.100006,230.669998,9349000.000000
2024-08-08,233.880005,242.039993,229.720001,240.520004,6675000.000000
2024-08-09,242.179993,246.009995,238.800003,240.899994,5938900.000000
2024-08-12,242.000000,242.869995,235.600006,239.339996,3729400.000000
2024-08-13,242.000000,248.970001,240.005005,248.110001,5126800.000000
2024-08-14,250.000000,258.959991,249.255997,256.220001,5713900.000000
2024-08-15,260.250000,263.649994,257.519989,260.489990,5898100.000000
2024-08-16,260.440002,262.640015,257.850006,262.540009,3495600.000000
2024-08-19,264.000000,270.980011,262.600006,266.779999,5466600.000000
2024-08-20,269.359985,270.119995,264.394989,266.529999,3876500.000000
2024-08-21,267.010010,274.420013,265.643005,273.209991,5258400.000000
2024-08-22,275.239990,278.500000,267.230011,267.640015,4420700.000000
2024-08-23,270.100006,273.600006,266.809998,271.540009,3248600.000000
2024-08-26,271.059998,271.739990,265.269989,265.869995,3558400.000000
2024-08-27,261.809998,270.429993,260.750000,269.829987,3686900.000000
2024-08-28,269.799988,270.720001,261.480011,264.200012,7072600.000000
2024-08-29,262.010010,285.730011,261.329987,271.670013,13100200.000000
2024-08-30,277.779999,284.109985,273.350006,277.279999,6617000.000000
2024-09-03,275.779999,277.510010,265.290009,266.600006,5503200.000000
2024-09-04,260.440002,267.197998,258.410004,259.320007,4372200.000000
2024-09-05,255.399994,259.000000,252.669998,256.429993,3928000.000000
2024-09-06,255.800003,257.399994,244.490005,246.389999,4320100.000000
2024-09-09,249.115005,249.500000,244.169998,246.580002,3198200.000000
2024-09-10,248.750000,250.330002,243.550003,247.740005,2199200.000000
2024-09-11,247.729996,254.580002,242.250000,253.529999,2666100.000000
2024-09-12,255.679993,258.380005,252.479996,257.100006,2645700.000000
2024-09-13,257.000000,261.579987,256.000000,259.130005,2133900.000000
2024-09-16,260.769989,270.049988,259.350006,267.809998,3698600.000000
2024-09-17,270.200012,272.399994,267.320007,268.720001,2775400.000000
2024-09-18,269.489990,272.019989,263.450012,267.119995,3178600.000000
2024-09-19,276.000000,283.989990,273.750000,277.380005,6219000.000000
2024-09-20,284.130005,300.450012,283.880005,299.850006,17875100.000000
2024-09-23,297.779999,302.157990,292.570007,293.140015,5519300.000000
2024-09-24,294.890015,295.399994,285.279999,288.540009,4110700.000000
2024-09-25,290.000000,291.730011,285.540009,286.470001,2953500.000000
2024-09-26,291.250000,292.375000,277.880005,281.480011,4532100.000000
2024-09-27,283.799988,286.450012,281.149994,285.859985,2896400.000000
2024-09-30,284.000000,285.410004,278.200012,280.470001,2853700.000000
2024-10-01,282.260010,282.973999,272.670013,275.149994,3122600.000000
2024-10-02,274.885010,282.149994,274.862000,280.239990,2592600.000000
2024-10-03,279.000000,286.899994,278.559998,283.750000,3336400.000000
2024-10-04,288.160004,292.559998,283.799988,292.239990,3118400.000000
2024-10-07,291.000000,293.000000,285.790009,286.970001,2314300.000000
2024-10-08,287.880005,295.250000,286.779999,293.010010,2886300.000000
2024-10-09,293.739990,298.769989,292.500000,298.339996,2534400.000000
2024-10-10,297.720001,315.529999,297.000000,314.920013,7859900.000000
2024-10-11,314.920013,322.589996,313.000000,320.209991,4606800.000000
2024-10-14,321.570007,323.940002,309.600006,310.519989,4474200.000000
2024-10-15,309.549988,310.519989,300.690002,302.309998,3765400.000000
2024-10-16,303.850006,307.204987,299.269989,306.239990,2889200.000000
2024-10-17,310.000000,313.739990,306.239990,310.339996,3078400.000000
2024-10-18,310.339996,313.880005,306.809998,310.149994,2897100.000000
2024-10-21,309.660004,316.997986,308.109985,309.549988,3293500.000000
2024-10-22,309.000000,311.559998,304.260010,308.510010,2259200.000000
2024-10-23,307.140015,308.066010,298.320007,299.299988,3102900.000000
2024-10-24,302.109985,305.907013,301.000000,304.470001,1980900.000000
2024-10-25,305.220001,311.350006,295.130005,300.619995,6045800.000000
2024-10-28,301.144989,305.000000,295.309998,301.320007,3464800.000000
2024-10-29,303.239990,313.149994,300.399994,310.940002,3454800.000000
2024-10-30,311.500000,315.476013,307.135010,307.450012,2083800.000000
2024-10-31,306.119995,307.404999,294.679993,296.869995,3475700.000000
2024-11-01,296.790009,304.380005,295.709991,303.130005,2975900.000000
2024-11-04,300.519989,302.929993,295.079987,298.880005,2321900.000000
2024-11-05,300.000000,308.890015,298.617004,307.579987,2260000.000000
2024-11-06,317.170013,324.664001,316.750000,320.000000,4227700.000000
2024-11-07,322.500000,333.220001,320.450989,330.779999,3575200.000000
2024-11-08,330.549988,333.149994,323.239990,330.029999,2845700.000000
2024-11-11,334.000000,342.790009,331.880005,342.420013,3345400.000000
2024-11-12,339.809998,343.890015,336.524994,343.500000,3183700.000000
2024-11-13,345.600006,359.450012,344.089996,347.880005,4745700.000000
2024-11-14,347.890015,351.089996,343.529999,344.359985,2582100.000000
2024-11-15,340.399994,343.010010,332.750000,336.750000,3460500.000000
2024-11-18,339.970001,347.299988,336.750000,342.970001,2384400.000000
2024-11-19,341.540009,354.339996,338.528992,353.290009,3169500.000000
2024-11-20,357.309998,357.309998,344.466003,350.149994,2499900.000000
2024-11-21,354.500000,362.399994,351.500000,357.549988,4553900.000000
2024-11-22,359.679993,372.559998,357.950012,372.260010,3442500.000000
2024-11-25,375.000000,377.420013,360.779999,363.679993,5022800.000000
2024-11-26,363.000000,367.350006,359.250000,364.299988,6951300.000000
2024-11-27,359.220001,359.220001,340.519989,347.589996,10807700.000000
2024-11-29,349.500000,350.160004,344.720001,345.970001,2425500.000000
2024-12-02,344.899994,354.339996,336.559998,346.799988,5465300.000000
2024-12-03,345.000000,351.950012,343.399994,349.950012,3581900.000000
2024-12-04,353.100006,366.440002,348.500000,364.160004,5063900.000000
2024-12-05,361.200012,366.250000,358.600006,364.839996,3191200.000000
2024-12-06,364.000000,371.269989,360.989990,365.649994,3238100.000000
2024-12-09,365.649994,366.589996,351.769989,353.600006,2852600.000000
2024-12-10,353.600006,357.260010,344.600006,346.774994,2419300.000000
2024-12-11,348.190002,364.899994,348.190002,362.970001,3528900.000000
2024-12-12,360.470001,365.839996,357.549988,365.500000,2189800.000000
2024-12-13,366.000000,370.290009,361.519989,368.019989,3119000.000000
2024-12-16,368.760010,389.000000,364.890015,388.200012,5181800.000000
2024-12-17,386.750000,388.000000,373.239990,376.420013,3890000.000000
2024-12-18,376.420013,379.182007,345.466003,349.179993,4824400.000000
2024-12-19,364.929993,365.000000,349.750000,351.029999,4375900.000000
2024-12-20,347.000000,365.440002,345.049988,362.290009,5221100.000000
2024-12-23,358.489990,365.730011,354.230011,361.500000,2752300.000000
2024-12-24,361.070007,366.000000,359.260010,365.790009,1289700.000000
2024-12-26,365.750000,366.640015,361.940002,365.079987,1231500.000000
2024-12-27,361.149994,361.920013,349.850006,354.989990,3345400.000000
2024-12-30,347.609985,352.875000,344.339996,349.309998,2465400.000000
2024-12-31,351.859985,351.859985,339.720001,342.160004,2237200.000000
2025-01-02,346.519989,350.500000,341.036987,347.339996,2713000.000000
2025-01-03,349.230011,359.690002,348.000000,359.019989,2661400.000000
2025-01-06,362.500000,368.390015,356.029999,366.359985,2899200.000000
2025-01-07,366.059998,370.369995,354.125000,359.929993,2646800.000000
2025-01-08,356.194000,365.065002,351.309998,358.720001,2549800.000000
2025-01-10,354.910004,354.910004,343.989990,348.839996,2831700.000000
2025-01-13,342.864990,345.170013,335.549988,341.459991,3337900.000000
2025-01-14,344.994995,351.971985,343.250000,348.040009,2535300.000000
2025-01-15,355.000000,365.270996,352.959991,362.019989,2882100.000000
2025-01-16,366.260010,369.018005,360.660004,363.380005,2444900.000000
2025-01-17,370.140015,370.950012,349.549988,357.000000,4915500.000000
2025-01-21,360.869995,370.000000,358.299988,366.410004,2686000.000000
2025-01-22,368.760010,381.489990,363.000000,377.980011,3608900.000000
2025-01-23,376.809998,377.950012,371.839996,377.700012,2379000.000000
2025-01-24,378.299988,384.299988,373.670013,374.920013,2281700.000000
2025-01-27,366.500000,382.450012,359.660004,373.750000,3783500.000000
2025-01-28,372.670013,411.299988,372.570007,408.679993,8247200.000000
2025-01-29,404.350006,404.350006,390.220001,397.070007,4279500.000000
2025-01-30,399.730011,403.079987,390.850006,396.869995,2785200.000000
2025-01-31,398.399994,408.100006,397.350006,398.070007,3120800.000000
2025-02-03,386.945007,399.940002,384.239990,397.570007,3555200.000000
2025-02-04,396.519989,408.440002,396.000000,407.519989,2865700.000000
2025-02-05,408.000000,419.390015,405.019989,417.220001,3108600.000000
2025-02-06,415.500000,421.625000,413.723999,420.510010,2413300.000000
2025-02-07,424.000000,431.325012,419.320007,421.589996,3501500.000000
2025-02-10,424.774994,431.903992,424.484985,428.920013,2258800.000000
2025-02-11,426.649994,434.783997,424.079987,431.640015,2323800.000000
2025-02-12,425.200012,437.596008,424.209991,434.630005,2011000.000000
2025-02-13,435.000000,454.130005,432.196991,453.769989,3681300.000000
2025-02-14,449.470001,453.459991,442.869995,451.739990,2845500.000000
2025-02-18,451.670013,455.440002,445.269989,455.359985,2753400.000000
2025-02-19,455.359985,455.589996,444.579987,450.140015,2415200.000000
2025-02-20,441.920013,442.730011,418.309998,436.140015,4768900.000000
2025-02-21,428.859985,433.230011,404.540009,406.679993,5598200.000000
2025-02-24,405.489990,405.899994,382.339996,391.720001,5384400.000000
2025-02-25,387.269989,389.000000,369.309998,379.750000,4503800.000000
2025-02-26,384.690002,401.700012,381.747009,394.559998,3421000.000000
2025-02-27,401.640015,406.529999,380.000000,380.239990,3223100.000000
2025-02-28,379.000000,390.519989,377.380005,389.660004,3773100.000000
2025-03-03,399.000000,404.600006,378.339996,382.730011,5065000.000000
2025-03-04,376.975006,396.160004,370.579987,390.160004,8045100.000000
2025-03-05,361.679993,367.320007,343.000000,365.440002,15958100.000000
2025-03-06,356.579987,371.720001,345.820007,347.730011,5613700.000000
2025-03-07,344.559998,347.730011,318.040009,333.500000,6869400.000000
2025-03-10,322.649994,323.945007,303.790009,308.859985,6997000.000000
2025-03-11,310.410004,339.000000,308.000000,329.750000,8352500.000000
2025-03-12,343.589996,347.730011,336.760010,346.760010,5123900.000000
2025-03-13,346.570007,347.834991,330.625000,332.529999,4349600.000000
2025-03-14,338.510010,354.500000,337.140015,353.734985,4365500.000000
2025-03-17,353.000000,370.859985,352.566010,364.829987,4255100.000000
2025-03-18,362.100006,368.467010,356.709991,363.149994,3185600.000000
2025-03-19,366.220001,381.260010,362.256012,375.049988,4056600.000000
2025-03-20,371.279999,377.489990,364.459991,369.029999,2883000.000000
2025-03-21,358.910004,372.190002,353.029999,362.239990,8119500.000000
2025-03-24,370.000000,373.630005,361.660004,372.640015,4146900.000000
2025-03-25,378.079987,392.694000,377.000000,384.950012,4258400.000000
2025-03-26,383.894989,384.773010,370.359985,371.410004,3275300.000000
2025-03-27,368.720001,371.459991,360.279999,366.559998,2666100.000000
2025-03-28,365.820007,367.640015,353.480011,357.109985,3457500.000000
2025-03-31,345.785004,353.640015,337.890015,352.579987,3297000.000000
2025-04-01,358.940002,363.170013,351.250000,362.380005,2682100.000000
2025-04-02,353.160004,376.269989,353.028992,371.489990,2472000.000000
2025-04-03,350.941986,360.910004,341.809998,347.390015,4304400.000000
2025-04-04,328.019989,334.045013,310.309998,321.630005,7032800.000000
2025-04-07,300.059998,341.769989,298.000000,324.359985,6299600.000000
2025-04-08,342.709991,351.059998,318.380005,325.040009,5300600.000000
2025-04-09,324.600006,382.649994,324.489990,378.010010,7657000.000000
2025-04-10,369.000000,375.987000,354.204010,368.609985,4552600.000000
2025-04-11,366.980011,378.790009,360.653992,377.899994,3383300.000000
2025-04-14,386.954987,389.252991,372.820007,378.660004,3048000.000000
2025-04-15,383.399994,400.019989,379.670013,392.799988,5204800.000000
2025-04-16,386.109985,395.350006,373.480011,379.839996,4186700.000000
2025-04-17,383.799988,384.940002,373.101013,375.619995,2098300.000000
2025-04-21,363.799988,372.089996,355.660004,362.690002,2904900.000000
2025-04-22,368.839996,374.709991,362.899994,368.450012,2577100.000000
2025-04-23,382.500000,396.304993,382.500000,385.750000,3580600.000000
2025-04-24,386.000000,414.848999,386.000000,414.049988,4624900.000000
2025-04-25,414.690002,425.734985,412.600006,424.880005,3335500.000000
2025-04-28,424.839996,428.000000,415.329987,423.079987,2798700.000000
2025-04-29,424.489990,432.369995,423.079987,430.989990,2407100.000000
2025-04-30,419.010010,429.549988,414.410004,428.869995,3187200.000000
2025-05-01,431.510010,439.630005,427.750000,431.880005,3080100.000000
2025-05-02,438.179993,443.700012,434.399994,440.579987,2708700.000000
2025-05-05,436.000000,451.149994,435.403992,443.470001,3281000.000000
2025-05-06,432.201996,447.500000,430.570007,443.209991,3431200.000000
2025-05-07,425.420013,429.839996,417.062012,422.519989,6673400.000000
2025-05-08,427.484985,432.906006,424.720001,428.630005,3619000.000000
2025-05-09,418.945007,420.000000,404.630005,410.570007,4693300.000000
2025-05-12,419.690002,429.470001,415.100006,429.440002,3278500.000000
2025-05-13,428.209991,448.000000,427.000000,440.200012,3734600.000000
2025-05-14,442.500000,445.470001,431.260010,435.940002,2847300.000000
2025-05-15,423.589996,433.859985,422.089996,431.839996,2531900.000000
2025-05-16,435.869995,440.890015,431.820007,439.260010,2133400.000000
2025-05-19,432.429993,445.500000,431.690002,444.350006,2015600.000000
2025-05-20,441.890015,443.010010,436.695007,442.250000,2132600.000000
2025-05-21,436.799988,450.670013,432.059998,434.739990,4321100.000000
2025-05-22,430.714996,448.880005,430.000000,444.070007,2590900.000000
2025-05-23,438.500000,459.929993,437.399994,455.589996,4487800.000000
2025-05-27,464.000000,474.230011,459.600006,472.220001,3997200.000000
2025-05-28,472.984985,473.410004,465.980011,468.829987,2893400.000000
2025-05-29,472.000000,472.489990,453.424988,458.809998,3324000.000000
2025-05-30,462.029999,473.119995,456.765015,471.369995,4488700.000000
2025-06-02,471.000000,479.970001,465.524994,479.170013,3483400.000000
2025-06-03,480.765015,491.200012,477.450012,488.760010,7632200.000000
2025-06-04,454.750000,470.950012,445.260010,460.559998,15453600.000000
2025-06-05,462.325012,468.600006,452.709991,462.940002,6178300.000000
2025-06-06,463.119995,478.466003,463.119995,468.410004,4343000.000000
2025-06-09,470.309998,471.769989,458.127991,464.390015,2724600.000000
2025-06-10,465.489990,470.010010,457.230011,467.649994,2472500.000000
2025-06-11,466.019989,479.940002,465.552002,476.980011,2756500.000000
2025-06-12,474.019989,488.735992,473.000000,481.730011,3520200.000000
2025-06-13,475.000000,485.494995,473.059998,480.619995,2610700.000000
2025-06-16,481.839996,487.459991,477.279999,479.390015,2710300.000000
2025-06-17,479.450012,493.200012,474.000000,492.029999,3398700.000000
2025-06-18,490.709991,490.709991,478.820007,485.160004,2830300.000000
2025-06-20,484.540009,490.000000,474.290009,476.299988,5183100.000000
2025-06-23,470.755005,494.299988,461.510010,491.809998,4431700.000000
2025-06-24,490.899994,493.500000,481.119995,485.380005,3633500.000000
2025-06-25,488.079987,500.410004,487.545013,494.089996,2957600.000000
2025-06-26,497.079987,506.350006,494.089996,505.220001,3017000.000000
2025-06-27,504.589996,505.369995,495.570007,499.329987,3466300.000000
2025-06-30,502.625000,510.019989,499.720001,509.309998,2702800.000000
2025-07-01,509.369995,516.619995,481.500000,492.070007,4089100.000000
2025-07-02,491.000000,496.500000,489.144012,496.100006,2113200.000000
2025-07-03,499.989990,517.979980,499.989990,514.099976,2654000.000000
2025-07-07,507.700012,508.154999,498.910004,505.459991,3269400.000000
2025-07-08,507.640015,509.385010,497.739990,507.709991,2143300.000000
2025-07-09,512.000000,513.919983,507.040009,513.510010,1869300.000000
2025-07-10,512.989990,514.500000,486.570007,487.109985,4178700.000000
2025-07-11,488.000000,489.325989,477.470001,478.450012,3384400.000000
2025-07-14,466.820007,480.717010,463.500000,476.179993,3340500.000000
2025-07-15,479.089996,480.720001,470.519989,473.279999,2529100.000000
2025-07-16,475.820007,476.649994,464.834991,470.450012,1980400.000000
2025-07-17,470.350006,474.309998,466.940002,469.829987,2256600.000000
2025-07-18,472.309998,477.260010,465.760010,475.959991,2903400.000000
2025-07-21,478.714996,490.040009,474.109985,481.579987,3416200.000000
2025-07-22,481.500000,485.455994,470.000000,471.230011,1975600.000000
2025-07-23,471.230011,472.000000,454.040009,461.519989,3024000.000000
2025-07-24,463.980011,468.500000,460.119995,462.029999,2486100.000000
2025-07-25,462.000000,470.809998,460.299988,467.920013,1794700.000000
2025-07-28,471.000000,476.570007,468.000000,472.179993,1825800.000000
2025-07-29,473.869995,480.720001,458.000000,465.510010,2749900.000000
2025-07-30,463.519989,466.679993,453.420013,463.149994,2117500.000000
2025-07-31,465.760010,467.899994,453.760010,454.570007,2832800.000000
2025-08-01,448.950012,454.000000,438.089996,446.660004,3014400.000000
2025-08-04,452.899994,457.489990,448.000000,454.859985,1882800.000000
2025-08-05,454.630005,457.799988,438.500000,441.750000,3104600.000000
2025-08-06,445.000000,451.899994,442.010010,451.690002,2035700.000000
2025-08-07,451.690002,451.984985,422.000000,425.000000,5710100.000000
2025-08-08,431.000000,434.500000,420.420013,424.489990,3632100.000000
2025-08-11,423.820007,434.000000,419.739990,426.429993,2525400.000000
2025-08-12,428.010010,438.299988,427.489990,435.799988,2311000.000000
2025-08-13,440.000000,442.424988,427.859985,432.119995,2461100.000000
2025-08-14,432.339996,435.000000,419.809998,424.859985,2911600.000000
2025-08-15,425.279999,428.932007,423.000000,427.899994,2264400.000000
2025-08-18,426.000000,428.970001,421.699005,426.339996,2252700.000000
2025-08-19,431.000000,436.000000,415.899994,418.600006,2786800.000000
2025-08-20,417.424988,420.940002,409.309998,419.170013,2212600.000000
2025-08-21,417.790009,417.929993,413.660004,414.059998,1800400.000000
2025-08-22,415.000000,423.993011,412.550995,420.549988,2202300.000000
2025-08-25,422.609985,426.000000,418.524994,418.829987,2413300.000000
2025-08-26,419.320007,425.000000,416.700012,417.600006,3146700.000000
2025-08-27,421.600006,427.415009,419.980011,422.609985,8119600.000000
2025-08-28,410.000000,442.170013,409.250000,442.000000,9981800.000000
2025-08-29,444.864990,448.000000,420.390015,423.700012,5485100.000000
2025-09-02,417.109009,418.019989,407.695007,413.500000,3762800.000000
2025-09-03,412.984985,414.480011,404.279999,413.200012,3036500.000000
2025-09-04,413.200012,415.489990,402.660004,412.459991,2763400.000000
2025-09-05,414.070007,418.112000,407.059998,417.630005,2169300.000000
2025-09-08,419.000000,428.845001,416.420013,428.059998,2545800.000000
2025-09-09,428.170013,431.006989,420.630005,423.510010,2126800.000000
2025-09-10,427.565002,433.807007,422.170013,424.869995,2278800.000000
2025-09-11,428.250000,438.260010,427.100006,433.380005,2411900.000000
2025-09-12,435.390015,443.000000,435.000000,436.100006,2764700.000000
2025-09-15,441.575012,448.869995,436.750000,444.769989,2879400.000000
2025-09-16,444.799988,448.320007,434.799988,444.980011,2908000.000000
2025-09-17,445.000000,454.000000,434.339996,445.500000,3872800.000000
2025-09-18,468.924988,504.220001,462.119995,502.630005,10120500.000000
2025-09-19,499.000000,507.196014,495.809998,502.549988,7092800.000000
2025-09-22,496.000000,500.299988,486.329987,493.140015,3875400.000000
2025-09-23,493.140015,495.059998,481.100006,484.100006,2734500.000000
2025-09-24,482.390015,486.959991,474.480011,476.329987,2218200.000000
2025-09-25,476.899994,481.549988,469.000000,473.089996,2714800.000000
2025-09-26,472.100006,483.700012,470.290009,481.420013,2359700.000000
2025-09-29,486.420013,490.500000,482.649994,488.450012,2197900.000000
2025-09-30,486.420013,490.881012,479.253998,490.380005,2288200.000000
2025-10-01,487.750000,500.837006,485.359985,499.959991,2512400.000000
2025-10-02,501.225006,502.269989,492.345001,496.799988,2588800.000000
2025-10-03,499.839996,501.869995,486.299988,489.880005,1983500.000000
2025-10-06,495.510010,503.500000,494.380005,495.950012,1949400.000000
2025-10-07,497.000000,497.855988,476.519989,484.619995,2857500.000000
2025-10-08,491.769989,510.000000,490.329987,509.950012,3617500.000000
2025-10-09,509.950012,511.459991,501.899994,509.130005,2203800.000000
2025-10-10,509.000000,517.409973,493.286987,493.660004,3142600.000000
2025-10-13,501.149994,511.179993,497.500000,508.609985,2340600.000000
2025-10-14,500.095001,500.540009,487.589996,488.940002,2768500.000000
2025-10-15,494.000000,495.500000,484.779999,489.019989,1730800.000000
2025-10-16,489.730011,498.309998,475.388000,482.230011,2174000.000000
2025-10-17,478.015015,486.000000,475.420013,484.649994,1926800.000000
2025-10-20,486.529999,504.445007,486.450012,503.609985,2820100.000000
2025-10-21,501.239990,507.600006,498.350006,503.950012,1440900.000000
2025-10-22,502.679993,505.359985,491.670013,500.109985,1682000.000000
2025-10-23,499.980011,522.429993,499.980011,521.979980,3147300.000000
2025-10-24,528.799988,535.520020,521.869995,527.320007,2550500.000000
2025-10-27,532.539978,534.340027,525.239990,529.700012,1932200.000000
2025-10-28,536.809998,553.640015,535.979980,546.940002,3367400.000000
2025-10-29,541.000000,549.000000,533.299988,545.500000,1780600.000000
2025-10-30,543.109985,549.979980,534.104980,538.679993,1954900.000000
2025-10-31,542.409973,549.500000,537.299988,543.010010,1873100.000000
2025-11-03,549.320007,555.809998,545.099976,551.919983,1910500.000000
2025-11-04,539.789978,549.479980,531.099976,533.919983,2505100.000000
2025-11-05,531.880005,535.190002,526.000000,534.140015,1646200.000000
2025-11-06,526.679993,540.000000,517.099976,532.520020,3099900.000000
2025-11-07,526.659973,542.260010,519.099976,539.809998,2427100.000000
2025-11-10,547.820007,558.979980,544.250000,557.530029,2164500.000000
2025-11-11,555.219971,558.500000,551.210022,556.729980,1355800.000000
2025-11-12,561.099976,566.900024,545.000000,545.859985,1991500.000000
2025-11-13,540.989990,543.849976,526.140015,529.780029,2406000.000000
2025-11-14,522.469971,544.039978,509.049988,537.549988,1942300.000000
2025-11-17,537.000000,540.669983,526.580017,529.780029,1395300.000000
2025-11-18,524.820007,531.330017,513.000000,513.669983,2573000.000000
2025-11-19,513.369995,525.979980,509.290985,520.590027,1521900.000000
2025-11-20,532.559998,539.320007,500.130005,501.309998,2483100.000000
2025-11-21,497.910004,501.000000,477.549988,490.670013,3063700.000000
2025-11-24,498.160004,509.190002,494.029999,506.820007,2649200.000000
2025-11-25,503.700012,513.710022,493.010010,512.340027,1652200.000000
2025-11-26,513.000000,515.000000,497.000000,501.540009,2213800.000000
2025-11-28,505.369995,510.690002,501.940002,509.160004,1018900.000000
2025-12-01,503.214996,506.739990,495.010010,504.130005,2058600.000000
2025-12-02,513.469971,521.000000,507.000000,516.549988,5055300.000000
2025-12-03,497.989990,525.000000,486.299988,524.169983,5578800.000000
2025-12-04,523.909973,525.270020,510.260010,513.119995,2477300.000000
2025-12-05,516.140015,526.890015,508.320007,512.030029,2629400.000000
2025-12-08,513.000000,520.299988,508.899994,515.190002,1660500.000000
2025-12-09,512.229980,529.895996,511.730011,517.979980,2035800.000000
2025-12-10,516.000000,521.609985,504.540009,519.539978,2359300.000000
2025-12-11,516.669983,528.190002,512.510010,517.650024,2001500.000000
2025-12-12,516.409973,517.435974,498.760010,504.779999,2677700.000000
2025-12-15,509.010010,509.010010,487.429993,487.470001,2184900.000000
2025-12-16,486.484009,491.440002,482.000000,488.529999,1758700.000000
2025-12-17,489.410004,490.440002,469.834991,470.019989,2317300.000000
2025-12-18,479.700012,482.040009,473.910004,477.260010,1835100.000000
2025-12-19,480.000000,489.204987,478.630005,481.279999,4662700.000000
2025-12-22,479.779999,485.869995,474.850006,483.140015,2303300.000000
2025-12-23,482.489990,483.589996,473.500000,478.839996,2053000.000000
2025-12-24,476.829987,478.000000,470.674011,477.109985,745100.000000
2025-12-26,477.000000,482.154999,475.149994,481.190002,1150700.000000
2025-12-29,478.295013,483.290009,474.634003,475.910004,1314600.000000
2025-12-30,476.000000,478.119995,472.237000,475.630005,1168100.000000
2025-12-31,475.980011,476.059998,468.399994,468.760010,1661000.000000
2026-01-02,474.000000,474.000000,449.454987,453.579987,3325000.000000
2026-01-05,458.630005,466.489990,455.005005,456.549988,2615700.000000
2026-01-06,457.774994,460.459991,451.290009,458.320007,2340100.000000
2026-01-07,462.970001,486.549988,462.283997,478.910004,3967100.000000
2026-01-08,478.200012,479.989990,460.630005,463.869995,2455500.000000
2026-01-09,472.190002,475.980011,466.250000,470.609985,2397500.000000
2026-01-12,460.250000,468.609985,459.649994,466.989990,1938900.000000
2026-01-13,467.000000,476.549988,460.940002,468.019989,2693300.000000
2026-01-14,465.799988,477.000000,451.760010,460.700012,3754900.000000
2026-01-15,463.959991,472.309998,450.000000,455.000000,2835000.000000
2026-01-16,456.750000,459.700012,443.614990,453.880005,3437900.000000
2026-01-20,443.026001,450.265015,440.230988,442.730011,3231500.000000
2026-01-21,445.000000,456.119995,439.170013,445.880005,2686800.000000
2026-01-22,454.450012,454.470001,446.279999,453.769989,1514700.000000
2026-01-23,454.690002,458.859985,449.421997,452.489990,1770800.000000
2026-01-26,453.989990,469.959991,452.489990,468.329987,1957100.000000
2026-01-27,478.475006,487.200012,473.399994,476.660004,2834500.000000
2026-01-28,479.459991,487.000000,468.910004,469.190002,2382500.000000
2026-01-29,460.739990,461.549988,431.390015,444.619995,5230300.000000
2026-01-30,440.500000,448.739990,438.250000,441.404999,2595400.000000
2026-02-02,440.000000,447.239990,434.743988,438.850006,2073700.000000
2026-02-03,435.920013,436.709015,415.049988,421.730011,3834900.000000
2026-02-04,411.940002,421.980011,401.549988,415.359985,4733000.000000
2026-02-05,414.790009,416.290009,374.519989,377.160004,6053200.000000
2026-02-06,384.940002,396.989990,378.369995,395.500000,4943000.000000
2026-02-09,396.184998,410.750000,386.253998,408.040009,2825900.000000
2026-02-10,401.209991,418.880005,400.779999,413.390015,3121400.000000
2026-02-11,413.700012,416.589996,404.399994,415.809998,2470900.000000
2026-02-12,418.899994,420.670013,402.287994,411.540009,3502500.000000
2026-02-13,416.910004,432.850006,412.579987,429.640015,3536700.000000
2026-02-17,423.592010,425.881989,400.019989,414.285004,4428100.000000
2026-02-18,409.750000,421.760010,402.000000,415.760010,2752700.000000
2026-02-19,417.619995,424.000000,409.970001,422.140015,2000400.000000
2026-02-20,419.279999,431.880005,387.109985,388.600006,8360800.000000
2026-02-23,384.959991,385.109985,342.720001,350.329987,15076300.000000
2026-02-24,349.100006,360.899994,345.049988,350.250000,7138700.000000
2026-02-25,349.570007,365.980011,346.500000,363.309998,5697900.000000
2026-02-26,367.247986,385.089996,364.660004,381.100006,6199800.000000
2026-02-27,369.059998,373.500000,359.290009,371.980011,5125800.000000
2026-03-02,375.899994,387.149994,373.085999,384.859985,3771500.000000
2026-03-03,369.500000,394.920013,367.989990,391.420013,7713200.000000
2026-03-04,386.184998,408.410004,380.109985,407.679993,8352500.000000
2026-03-05,407.299988,429.690002,407.000000,426.160004,5946200.000000
2026-03-06,425.959991,433.709991,420.230011,428.989990,4604200.000000
2026-03-09,425.575012,438.279999,425.519989,434.130005,3850400.000000
2026-03-10,445.000000,447.950012,428.549988,436.329987,3316800.000000
2026-03-11,442.510010,452.000000,436.214996,442.029999,2905500.000000
2026-03-12,441.000000,450.029999,438.329987,441.540009,2360000.000000
2026-03-13,443.989990,450.640015,434.579987,441.779999,2227100.000000
2026-03-16,442.989990,443.519989,423.769989,423.839996,3666400.000000
2026-03-17,424.089996,439.010010,419.600006,433.200012,2931500.000000
2026-03-18,428.769989,442.429993,427.989990,435.809998,2799100.000000
2026-03-19,439.000000,440.709991,423.380005,428.179993,2359800.000000
2026-03-20,423.674988,424.309998,403.609985,409.000000,9111500.000000
2026-03-23,411.059998,417.429993,407.000000,413.309998,3603300.000000
2026-03-24,410.404999,410.859985,390.600006,392.989990,3636300.000000
2026-03-25,398.980011,400.320007,383.500000,385.859985,3128700.000000
2026-03-26,383.170013,395.500000,381.190002,392.619995,2458700.000000
2026-03-27,370.850006,374.459991,361.807007,369.579987,6032000.000000
2026-03-30,379.570007,390.487000,376.390015,380.059998,4381700.000000
2026-03-31,381.899994,392.880005,379.000000,390.410004,2976600.000000
2026-04-01,396.750000,396.940002,386.369995,393.309998,2118900.000000
2026-04-02,391.179993,400.799988,386.750000,399.119995,1990100.000000
2026-04-06,405.000000,405.000000,392.730011,398.609985,1595700.000000
2026-04-07,397.864990,423.730011,395.579010,423.230011,4626800.000000
2026-04-08,439.989990,449.899994,423.350006,426.510010,4727200.000000
2026-04-09,425.980011,427.019989,390.809998,394.679993,5420500.000000
2026-04-10,396.101990,398.049988,364.470001,379.019989,8939000.000000
2026-04-13,380.100006,403.059998,378.250000,402.239990,4166500.000000
2026-04-14,404.649994,411.440002,393.399994,398.489990,3187000.000000
2026-04-15,407.000000,411.980011,402.049988,411.160004,3108100.000000
2026-04-16,421.850006,425.769989,411.089996,418.200012,2991100.000000
2026-04-17,428.959991,431.839996,420.359985,423.950012,2906300.000000
2026-04-20,422.540009,433.809998,417.019989,433.149994,2885100.000000
2026-04-21,439.750000,459.149994,436.500000,449.609985,3671100.000000
2026-04-22,455.329987,467.950012,452.630005,466.679993,2892400.000000
2026-04-23,453.609985,454.000000,436.510010,445.390015,3225500.000000
2026-04-24,447.934998,451.045013,435.559998,448.130005,2271700.000000
2026-04-27,453.549988,457.980011,442.619995,454.609985,2297100.000000
2026-04-28,457.625000,463.690002,450.320007,454.989990,1872900.000000
2026-04-29,450.320007,453.160004,443.239990,452.380005,1914800.000000
2026-04-30,447.010010,450.010986,432.549988,445.750000,2442700.000000
2026-05-01,454.690002,457.970001,445.565002,455.640015,1522000.000000
2026-05-04,456.899994,471.809998,455.399994,469.239990,2183600.000000
2026-05-05,474.390015,480.660004,466.000000,476.529999,2225000.000000
2026-05-06,468.399994,475.295990,457.459991,468.070007,2198900.000000
2026-05-07,486.089996,506.790009,486.089996,505.720001,5114500.000000
2026-05-08,499.174988,528.914978,492.329987,527.770020,4041200.000000
2026-05-11,523.780029,542.669983,522.000000,542.260010,2793300.000000
2026-05-12,542.000000,552.429993,533.000000,546.179993,3545400.000000
2026-05-13,540.840027,568.369995,538.367981,562.570007,2800900.000000
2026-05-14,559.705017,583.780029,555.000000,579.950012,2815900.000000
2026-05-15,573.169983,598.250000,560.690002,594.080017,3859400.000000
2026-05-18,589.494995,621.049988,587.369995,618.830017,4699800.000000
2026-05-19,619.979980,634.239990,613.289978,616.880005,4465000.000000
2026-05-20,614.299988,651.000000,614.064026,650.109985,4383300.000000
2026-05-21,650.520020,659.549988,642.049988,648.229980,2646100.000000
2026-05-22,650.500000,674.840027,649.599976,663.460022,2778400.000000
2026-05-26,665.000000,677.500000,648.000000,671.549988,2079900.000000
2026-05-27,641.010010,660.659973,633.090027,645.359985,3272900.000000
2026-05-28,649.330017,677.500000,641.520020,671.000000,2372100.000000
2026-05-29,677.434998,731.489990,674.940002,731.000000,4814200.000000
2026-06-01,735.809998,785.659973,734.000000,782.169983,4590300.000000
2026-06-02,764.849976,778.820007,745.380005,768.950012,4185300.000000
2026-06-03,765.674988,767.000000,742.119995,747.609985,5246600.000000
2026-06-04,674.070007,720.960022,671.109985,719.090027,7449800.000000
