date,open,high,low,close,volume
2019-05-24,27.234436,29.294183,26.090132,26.547853,44000.000000
2019-05-28,26.776714,27.921018,26.099286,26.332724,61500.000000
2019-05-29,27.371756,27.371756,25.321163,26.090136,207800.000000
2019-05-30,26.538700,26.694325,25.833808,26.364765,666000.000000
2019-05-31,26.090135,26.172526,24.689507,24.689507,853800.000000
2019-06-03,24.295861,24.716964,22.309349,22.712143,19259600.000000
2019-06-04,22.291039,25.577480,22.291039,25.403545,20135100.000000
2019-06-05,25.211306,25.833806,24.222625,25.641563,10740200.000000
2019-06-06,25.348624,25.348624,24.012076,24.625423,13986100.000000
2019-06-07,23.957152,24.652889,23.540626,24.085314,10049100.000000
2019-06-10,23.865606,24.478953,22.995936,23.169868,10247200.000000
2019-06-11,22.895233,23.215639,22.455821,22.840307,11641200.000000
2019-06-12,22.986781,23.298032,22.410051,22.950163,13392000.000000
2019-06-13,22.941004,23.060013,22.611446,22.858614,9710800.000000
2019-06-14,22.666376,23.105788,22.474132,23.060017,7036800.000000
2019-06-17,23.371270,24.625427,23.298035,23.755756,13710100.000000
2019-06-18,23.828992,25.238774,23.572667,24.991604,14485400.000000
2019-06-19,25.156380,25.156380,24.597961,24.854284,10228800.000000
2019-06-20,25.055685,25.266237,24.186014,24.863441,7728000.000000
2019-06-21,24.597961,25.366932,24.597961,24.909210,12548900.000000
2019-06-24,24.845127,26.044359,24.765484,25.641563,6494900.000000
2019-06-25,25.650720,25.714801,25.156380,25.330315,6698600.000000
2019-06-26,25.568334,26.891149,25.495098,26.785873,6735100.000000
2019-06-27,26.895722,27.765393,26.785869,27.069656,5879600.000000
2019-06-28,27.097120,27.234436,26.785869,27.069656,15517800.000000
2019-07-01,27.078810,28.149879,26.502082,27.170355,5272900.000000
2019-07-02,27.005578,27.097123,25.760575,26.538702,5438300.000000
2019-07-03,26.346458,26.456310,25.815501,26.364765,2234900.000000
2019-07-05,26.044361,26.840796,25.870426,26.218294,2888200.000000
2019-07-08,25.989430,25.989430,25.302847,25.421856,3478600.000000
2019-07-09,25.147224,25.421858,24.561341,24.707811,5285700.000000
2019-07-10,24.543032,24.716967,24.204319,24.259245,5133700.000000
2019-07-11,24.305020,24.533881,23.764908,24.195168,6066200.000000
2019-07-12,24.186008,25.385238,24.039538,25.266232,5154500.000000
2019-07-15,25.092301,25.879583,25.083147,25.705648,3443100.000000
2019-07-16,25.568336,26.090139,25.371516,25.504255,3735900.000000
2019-07-17,25.266233,25.366931,24.579651,24.607113,3999300.000000
2019-07-18,24.332476,24.698653,24.179597,24.396557,3009800.000000
2019-07-19,24.524725,25.156380,24.387407,25.073990,4694800.000000
2019-07-22,25.028214,25.495091,24.909206,25.412701,2546100.000000
2019-07-23,25.312006,26.071824,25.128919,25.742266,2921400.000000
2019-07-24,25.421861,26.108443,25.293698,25.925354,2311800.000000
2019-07-25,25.723950,25.998582,25.403545,25.650715,3532200.000000
2019-07-26,25.376084,26.113016,25.312003,26.071821,3052700.000000
2019-07-29,25.961972,26.502084,25.925354,26.346458,6245200.000000
2019-07-30,25.748717,26.934998,25.564797,26.787861,7142300.000000
2019-07-31,26.760282,27.725858,26.401638,27.128120,7662000.000000
2019-08-01,27.128118,30.144396,26.953394,28.737413,11564200.000000
2019-08-02,28.452338,29.004096,28.369574,28.930527,7305800.000000
2019-08-05,28.167258,28.479921,27.256857,27.495953,5552500.000000
2019-08-06,27.643090,27.790226,27.100528,27.633894,5355900.000000
2019-08-07,27.201682,28.351178,27.063743,28.176455,4925200.000000
2019-08-08,28.240826,29.233992,28.204043,29.068464,3962600.000000
2019-08-09,29.371929,29.427105,28.709818,29.086853,4753200.000000
2019-08-12,28.958111,29.270774,27.137309,27.247660,7112500.000000
2019-08-13,26.971784,27.725853,26.843041,27.220076,6855400.000000
2019-08-14,26.778667,26.999370,26.006205,26.061380,4580100.000000
2019-08-15,26.603943,26.879822,25.684346,26.134949,3561600.000000
2019-08-16,26.383240,27.872986,26.263691,27.808615,4285100.000000
2019-08-19,28.277613,28.360377,27.817815,28.112085,4207300.000000
2019-08-20,28.158067,28.213242,27.670680,27.827011,3073700.000000
2019-08-21,27.863791,28.489117,27.845400,28.121279,2815400.000000
2019-08-22,28.305199,28.461531,27.781028,27.854597,3351400.000000
2019-08-23,27.403990,27.735046,26.493589,26.714293,3911600.000000
2019-08-26,26.990170,27.105119,26.364843,26.686703,3479800.000000
2019-08-27,26.806252,27.063740,26.240700,26.420021,3528400.000000
2019-08-28,26.190122,27.155700,26.033790,26.824644,5091800.000000
2019-08-29,27.174091,27.797579,27.146504,27.321226,3135600.000000
2019-08-30,27.587912,27.615500,26.907410,26.962585,5220200.000000
2019-09-03,26.659112,26.760268,25.748712,25.960218,3279100.000000
2019-09-04,26.318864,26.521175,25.905045,26.144140,2962100.000000
2019-09-05,26.429214,26.659113,25.702733,26.171726,4972700.000000
2019-09-06,26.162540,26.493594,25.647564,26.107363,5140000.000000
2019-09-09,26.070579,26.502789,25.767112,26.438417,4661000.000000
2019-09-10,26.392438,26.787863,25.877462,26.263693,3682900.000000
2019-09-11,26.208519,26.944196,25.849876,26.916609,3033600.000000
2019-09-12,27.128114,27.670677,26.576356,27.495953,7967600.000000
2019-09-13,27.624697,27.909772,27.495953,27.698265,4919600.000000
2019-09-16,27.633890,27.643086,26.521178,27.036152,3300700.000000
2019-09-17,26.962586,27.100526,26.631531,26.649923,4118200.000000
2019-09-18,26.438417,27.091330,26.438417,26.806255,3606000.000000
2019-09-19,26.907409,27.321226,26.723489,26.797056,3222400.000000
2019-09-20,26.990177,27.192487,26.530378,26.594749,6865000.000000
2019-09-23,26.337265,26.668321,26.157944,26.557968,3314300.000000
2019-09-24,26.401633,26.659121,25.712856,25.969423,2840500.000000
2019-09-25,25.951029,26.208517,25.537211,25.932638,3154200.000000
2019-09-26,25.849879,25.932643,25.279728,25.417667,3532100.000000
2019-09-27,25.334895,25.960222,25.114192,25.564795,4534900.000000
2019-09-30,25.656760,26.070580,25.528017,25.748720,6245000.000000
2019-10-01,25.776304,26.098162,25.040625,25.334896,5843200.000000
2019-10-02,24.967059,25.445250,24.479674,24.773945,5181600.000000
2019-10-03,24.746356,24.976255,24.378517,24.718767,3622400.000000
2019-10-04,24.829128,24.864073,23.726531,23.808374,4851400.000000
2019-10-07,23.909523,24.341733,23.661231,23.909523,5474100.000000
2019-10-08,23.578469,24.304952,23.532490,24.111835,6214200.000000
2019-10-09,24.636010,24.672793,23.670432,24.065859,3916700.000000
2019-10-10,24.065855,24.571633,23.642840,23.661232,3003300.000000
2019-10-11,24.001490,24.939480,23.900334,24.516464,4555600.000000
2019-10-14,24.277361,24.617613,24.093443,24.212990,3064900.000000
2019-10-15,24.111836,24.911886,23.969299,24.553244,3826500.000000
2019-10-16,24.231387,25.040631,24.176211,24.709578,3023500.000000
2019-10-17,24.875103,25.022238,24.516460,24.617617,2196500.000000
2019-10-18,24.461280,24.498063,23.578466,23.946306,4332300.000000
2019-10-21,24.176211,24.442893,23.385356,23.449728,3318300.000000
2019-10-22,23.458920,23.955502,23.201433,23.891130,4166600.000000
2019-10-23,23.808372,23.927921,23.187645,23.550886,4140000.000000
2019-10-24,23.569272,24.415301,23.449725,24.249775,5359700.000000
2019-10-25,24.249778,24.792338,24.130229,24.580832,2676900.000000
2019-10-28,24.636009,24.957867,24.461285,24.617617,2943500.000000
2019-10-29,24.378517,25.049822,24.295753,24.626808,2837000.000000
2019-10-30,24.875102,25.371685,24.746359,25.270529,5993500.000000
2019-10-31,24.369321,25.270525,23.219825,24.258968,7084400.000000
2019-11-01,24.075052,24.461283,23.458922,24.075052,10081500.000000
2019-11-04,24.065858,24.295757,23.587667,23.670431,8316200.000000
2019-11-05,23.431329,23.937109,22.769220,23.596857,8240500.000000
2019-11-06,23.743995,24.203794,23.652035,24.029070,6560000.000000
2019-11-07,24.341735,24.350931,24.019878,24.047464,4554200.000000
2019-11-08,24.001485,24.243339,23.826761,24.093445,2998800.000000
2019-11-11,23.946304,24.590021,23.624445,24.590021,3258300.000000
2019-11-12,24.764751,25.049825,24.396912,24.571634,4665500.000000
2019-11-13,24.369327,24.406112,23.412945,23.652040,3759900.000000
2019-11-14,23.642838,24.700376,23.642838,24.258968,7274500.000000
2019-11-15,24.433698,24.479679,23.389955,23.431337,4788600.000000
2019-11-18,23.449730,23.693422,23.320987,23.431337,4656400.000000
2019-11-19,23.495703,23.840552,23.275000,23.633644,4135100.000000
2019-11-20,23.560078,23.633646,22.911762,22.971535,4531200.000000
2019-11-21,22.962337,23.366960,22.925554,23.091082,4165700.000000
2019-11-22,23.017516,23.518697,23.017516,23.486511,11212400.000000
2019-11-25,23.670428,24.010680,23.587664,23.845152,6107900.000000
2019-11-26,23.707213,24.098041,23.633645,23.799171,7580900.000000
2019-11-27,23.817661,24.233567,23.734479,24.076447,6745600.000000
2019-11-29,24.002508,24.104175,23.614327,24.048721,8233100.000000
2019-12-02,24.057956,24.159621,23.142959,23.272352,7232800.000000
2019-12-03,22.939628,22.985841,22.459023,22.782507,8645000.000000
2019-12-04,23.013570,23.301933,22.754784,22.958117,13263000.000000
2019-12-05,23.078270,23.189180,22.274182,22.939634,7510700.000000
2019-12-06,23.105994,23.623568,23.050540,23.346296,5835800.000000
2019-12-09,23.540383,24.150381,23.471066,23.817656,6603500.000000
2019-12-10,23.743718,23.919323,23.494173,23.910082,5134600.000000
2019-12-11,23.928567,24.279779,23.873113,24.215082,5215000.000000
2019-12-12,24.141139,25.023788,24.030229,24.935984,4930200.000000
2019-12-13,24.935992,25.093112,24.455386,24.483114,6268800.000000
2019-12-16,24.899012,25.472040,24.815831,25.462797,9527400.000000
2019-12-17,25.194777,25.462805,24.566293,24.741899,9227900.000000
2019-12-18,24.686444,25.823260,24.483112,25.712351,13869000.000000
2019-12-19,25.638406,26.128253,25.379618,25.610678,11975100.000000
2019-12-20,25.582962,26.109779,25.361145,26.045082,30573900.000000
2019-12-23,26.054316,26.567270,25.971135,26.488708,5970800.000000
2019-12-24,26.433258,26.839924,26.229925,26.627348,1698400.000000
2019-12-26,26.507197,26.987802,26.460984,26.978559,2599300.000000
2019-12-27,26.987796,27.061735,26.784462,26.932341,2738200.000000
2019-12-30,26.923105,27.015529,26.608865,26.673561,2795600.000000
2019-12-31,26.664313,27.348250,26.627343,27.320522,3414500.000000
2020-01-02,27.551583,27.551583,26.544162,26.562647,6896100.000000
2020-01-03,26.266896,26.710531,26.211443,26.248411,5611400.000000
2020-01-06,25.952653,26.341758,25.855609,26.211441,6972800.000000
2020-01-07,26.165226,26.544165,26.035833,26.313105,6014800.000000
2020-01-08,26.340836,26.599623,25.971140,26.525684,3684500.000000
2020-01-09,26.618100,26.664313,26.229920,26.553404,3703200.000000
2020-01-10,26.627349,26.738259,26.174472,26.202200,4498700.000000
2020-01-13,26.192957,26.433259,26.021973,26.414774,4735100.000000
2020-01-14,26.396289,26.608866,26.155987,26.470228,5370600.000000
2020-01-15,26.479469,26.701286,26.317727,26.507196,6336800.000000
2020-01-16,26.590376,27.043253,26.363937,27.006283,5847900.000000
2020-01-17,26.303859,26.460980,25.536740,26.155981,8668600.000000
2020-01-21,25.934168,26.202199,25.610684,25.712351,5514000.000000
2020-01-22,25.712345,26.109768,25.416589,26.026587,8672900.000000
2020-01-23,25.887956,26.350076,25.425837,26.294622,4139400.000000
2020-01-24,26.165224,26.206814,25.610679,25.832499,4996200.000000
2020-01-27,25.167047,25.444320,24.926744,25.102350,4195000.000000
2020-01-28,25.231745,25.490533,24.954474,25.472048,5618800.000000
2020-01-29,25.462801,25.869467,25.425832,25.693861,3499600.000000
2020-01-30,25.823260,27.216089,25.509018,27.024771,9762200.000000
2020-01-31,26.599620,26.941588,26.303862,26.729013,6788300.000000
2020-02-03,26.858405,27.967493,26.636588,27.838100,9430800.000000
2020-02-04,28.290977,28.753097,27.768781,28.605219,5853400.000000
2020-02-05,28.022947,29.307640,27.440677,29.307640,5745300.000000
2020-02-06,29.575668,29.640364,28.928699,29.196730,6383600.000000
2020-02-07,29.030370,29.048855,28.461963,28.688402,3716100.000000
2020-02-10,28.411126,28.665291,28.156960,28.281733,3416600.000000
2020-02-11,28.337191,28.974917,28.106131,28.198555,3705400.000000
2020-02-12,28.411127,28.734611,28.327946,28.595976,3023400.000000
2020-02-13,28.355672,28.688398,28.147717,28.281733,4543000.000000
2020-02-14,28.337192,28.586738,28.263253,28.383404,3895500.000000
2020-02-18,28.355678,29.095069,28.290981,29.021130,3524700.000000
2020-02-19,29.021130,29.390826,28.854767,29.132040,3042600.000000
2020-02-20,28.993397,29.649608,28.947184,29.178244,2460300.000000
2020-02-21,28.974915,29.270672,28.817794,28.854763,3955200.000000
2020-02-24,28.161579,28.549760,27.976732,28.337185,3441300.000000
2020-02-25,28.300224,28.485071,26.091290,26.229925,5045600.000000
2020-02-26,26.257650,27.110724,26.174468,26.340832,4157900.000000
2020-02-27,25.989623,26.497954,25.176291,25.222504,4702500.000000
2020-02-28,24.520082,25.139322,23.900841,25.139322,9732700.000000
2020-03-02,25.325057,26.244448,24.946155,26.225874,7440100.000000
2020-03-03,26.448757,27.173127,25.529366,25.928698,8503900.000000
2020-03-04,26.179442,26.857376,25.826543,26.838802,6341400.000000
2020-03-05,26.002992,26.397680,25.222902,25.362204,3974300.000000
2020-03-06,24.628544,24.684265,23.142659,23.495556,5843700.000000
2020-03-09,21.619632,22.585456,21.238874,21.424608,7758500.000000
2020-03-10,22.659751,24.136350,22.176838,24.062056,6696200.000000
2020-03-11,23.226244,23.829885,22.706185,23.216957,6382300.000000
2020-03-12,21.238876,23.170527,20.672381,20.746675,6448100.000000
2020-03-13,22.130406,23.216959,20.013018,23.049797,7214500.000000
2020-03-16,19.975871,21.675352,19.098270,19.260788,6308300.000000
2020-03-17,19.715838,22.418291,19.242212,21.053135,7555300.000000
2020-03-18,19.576539,21.731073,18.926464,20.031591,7526200.000000
2020-03-19,19.669406,23.031221,19.075053,21.601057,5291400.000000
2020-03-20,21.545337,21.582483,19.604399,20.923122,10607100.000000
2020-03-23,20.635225,21.850865,19.892284,20.356623,8693500.000000
2020-03-24,21.368886,22.260417,19.966582,20.737385,8305600.000000
2020-03-25,21.127431,23.346971,20.560937,21.731071,5823500.000000
2020-03-26,21.461756,23.077655,21.252803,22.418293,7085600.000000
2020-03-27,21.461756,23.040508,21.048495,21.554623,4538800.000000
2020-03-30,21.619632,22.585456,21.276020,22.371861,4469500.000000
2020-03-31,22.501873,22.817624,21.684637,21.823938,4090400.000000
2020-04-01,21.591770,21.916808,20.755960,20.904549,6706600.000000
2020-04-02,21.220297,21.758930,20.260972,20.653803,6302000.000000
2020-04-03,20.625941,21.406031,20.542361,21.006701,5961100.000000
2020-04-06,21.823938,22.819482,21.563907,22.529734,6132500.000000
2020-04-07,23.216958,24.080629,22.613317,22.780479,5777100.000000
2020-04-08,22.799054,24.303514,22.669040,24.192072,4231800.000000
2020-04-09,24.331375,26.068003,24.331375,25.937988,6076900.000000
2020-04-13,25.371489,25.529364,24.052766,24.665693,3453900.000000
2020-04-14,25.622232,25.859044,24.182782,24.554253,2853300.000000
2020-04-15,24.210644,24.284938,22.859417,23.690584,2927100.000000
2020-04-16,23.569854,23.907893,22.826912,23.365545,2663500.000000
2020-04-17,24.089916,24.438171,23.142664,23.690584,5696900.000000
2020-04-20,24.015620,24.015620,22.817624,22.873344,4242500.000000
2020-04-21,22.297566,23.170524,22.158264,22.539022,5773900.000000
2020-04-22,22.984785,23.416620,22.557593,23.161234,3936700.000000
2020-04-23,23.476988,23.997047,23.226245,23.588428,2754500.000000
2020-04-24,23.755587,24.777134,23.569851,24.396376,3851300.000000
2020-04-27,24.452099,24.665695,23.690583,23.737017,4908800.000000
2020-04-28,24.284935,24.623902,23.969184,24.322083,3812800.000000
2020-04-29,24.907153,25.315772,24.572828,25.120749,2008800.000000
2020-04-30,24.795709,24.795709,24.015619,24.322083,2678300.000000
2020-05-01,23.987761,23.987761,23.300539,23.672010,2457600.000000
2020-05-04,23.356255,23.644145,23.047935,23.606998,4121600.000000
2020-05-05,23.588424,24.619257,23.411975,24.312794,2412300.000000
2020-05-06,24.322085,24.823570,23.226244,23.226244,3304300.000000
2020-05-07,24.117774,25.306483,24.117774,24.563541,4475300.000000
2020-05-08,24.814278,25.046447,23.644143,24.127056,4765100.000000
2020-05-11,23.309824,23.356257,22.557595,22.641174,6871900.000000
2020-05-12,22.557594,22.706183,21.563907,21.591768,4881100.000000
2020-05-13,21.498902,21.731071,20.783819,21.610344,4581500.000000
2020-05-14,21.264799,21.815797,20.900578,21.778440,3357400.000000
2020-05-15,21.666376,21.731749,21.124717,21.264801,3601200.000000
2020-05-18,22.123984,22.674983,21.516953,22.422831,5834600.000000
2020-05-19,22.516216,22.768367,22.030590,22.404148,6195900.000000
2020-05-20,23.048545,23.912398,23.020528,23.431442,4719600.000000
2020-05-21,23.291358,23.795661,22.889782,22.927137,4021000.000000
2020-05-22,22.880444,23.039207,22.646970,22.917801,3830600.000000
2020-05-26,23.748966,24.337320,23.534171,23.945084,3797800.000000
2020-05-27,24.178550,24.444710,23.776975,24.094500,5831000.000000
2020-05-28,24.524100,25.654112,24.206575,25.205843,4069200.000000
2020-05-29,24.963027,25.616755,24.944349,25.504686,6293700.000000
2020-06-01,25.308567,25.448651,24.748229,25.047075,3167100.000000
2020-06-02,25.149806,26.177091,24.981704,26.158413,4302500.000000
2020-06-03,26.307835,27.036274,26.289156,26.616020,3287700.000000
2020-06-04,26.896189,28.184966,26.737427,28.175627,6759100.000000
2020-06-05,28.950761,29.595150,28.474474,28.623898,4189400.000000
2020-06-08,27.727355,28.782656,27.372474,28.026201,4850400.000000
2020-06-09,27.680662,27.984179,27.157681,27.633968,5365200.000000
2020-06-10,27.531235,28.138267,27.213711,27.213711,4184300.000000
2020-06-11,26.550650,26.559989,25.233857,25.308569,5928500.000000
2020-06-12,26.559984,26.606678,25.401954,25.719479,3843900.000000
2020-06-15,24.972364,25.317906,24.766908,25.000381,5109000.000000
2020-06-16,26.503951,26.821476,25.635430,25.980970,8797100.000000
2020-06-17,25.934280,26.046346,25.280552,25.542044,5295300.000000
2020-06-18,25.542043,25.747499,25.411296,25.663448,4402000.000000
2020-06-19,26.139735,26.139735,24.963026,25.336584,6693100.000000
2020-06-22,25.187157,25.822206,24.757566,25.756834,3936700.000000
2020-06-23,25.999650,26.065023,25.560720,25.607414,3022700.000000
2020-06-24,25.093774,25.140468,24.309302,24.346657,3985000.000000
2020-06-25,24.262601,24.626822,24.019788,24.468060,5600200.000000
2020-06-26,24.384010,24.430704,23.847020,24.206570,4319200.000000
2020-06-29,24.608144,24.869634,24.318637,24.412025,3931000.000000
2020-06-30,24.393356,25.289895,24.094508,25.019066,4590500.000000
2020-07-01,25.168484,25.588736,24.710874,25.252535,4838000.000000
2020-07-02,25.570057,26.251802,25.570057,25.747498,3766400.000000
2020-07-06,26.354535,26.354535,25.289894,25.710148,3668300.000000
2020-07-07,25.467328,25.467328,25.121786,25.345921,5931800.000000
2020-07-08,25.289897,25.336591,23.758309,24.150545,5560400.000000
2020-07-09,24.309301,24.332648,23.758302,24.047810,4392200.000000
2020-07-10,24.122524,24.860302,24.001118,24.860302,2464100.000000
2020-07-13,25.317910,25.383282,24.841623,25.065758,2782600.000000
2020-07-14,24.906988,25.439308,24.757565,25.289885,8445800.000000
2020-07-15,26.018329,26.195768,25.607414,26.093040,2994200.000000
2020-07-16,25.915603,26.387220,25.882917,26.074366,1977300.000000
2020-07-17,26.205108,26.550650,25.915601,26.475939,2704500.000000
2020-07-20,26.270482,26.391889,25.887585,25.887585,1677300.000000
2020-07-21,26.018330,26.569329,26.018330,26.475939,3064200.000000
2020-07-22,26.186433,26.784126,26.186433,26.765448,1954200.000000
2020-07-23,26.588006,27.008260,26.452593,26.774786,2428200.000000
2020-07-24,26.840153,26.905526,26.438578,26.634697,1877400.000000
2020-07-27,26.672053,27.082968,26.597342,26.905527,2683100.000000
2020-07-28,26.765447,26.858837,26.270482,26.326517,3500600.000000
2020-07-29,26.270478,26.924205,26.270478,26.905527,2840200.000000
2020-07-30,26.354532,26.644041,25.952959,26.597345,3311900.000000
2020-07-31,26.522631,26.802801,26.167752,26.672054,7305100.000000
2020-08-03,26.877510,26.989576,26.588001,26.634697,3600600.000000
2020-08-04,26.616022,27.081102,26.550650,26.812140,4663400.000000
2020-08-05,27.082970,27.213714,26.662716,26.662716,5502300.000000
2020-08-06,25.103109,25.448651,23.552842,23.739622,11668200.000000
2020-08-07,23.664911,23.814334,23.188624,23.646233,7460000.000000
2020-08-10,23.384743,23.935739,23.328708,23.739622,8355800.000000
2020-08-11,24.178555,25.243198,24.043142,25.009724,8120000.000000
2020-08-12,25.401961,25.495349,24.402692,24.617489,5139300.000000
2020-08-13,24.711339,25.340150,24.476708,25.265068,9040600.000000
2020-08-14,25.105516,26.381909,24.927196,26.156664,5367300.000000
2020-08-17,26.175431,26.410062,25.652674,26.062809,9275000.000000
2020-08-18,26.137898,26.672856,26.100356,26.654085,3124700.000000
2020-08-19,26.419450,26.851172,26.278672,26.804245,5122000.000000
2020-08-20,26.513306,27.029493,26.438224,27.029493,4583500.000000
2020-08-21,26.879329,26.935642,26.292752,26.691626,6864100.000000
2020-08-24,27.095190,27.198426,26.466378,26.785477,4409500.000000
2020-08-25,26.935637,27.376743,26.851170,26.888710,2344000.000000
2020-08-26,26.888712,27.479983,26.682237,27.433056,2458300.000000
2020-08-27,27.442445,27.639536,27.268819,27.489372,1791300.000000
2020-08-28,27.592609,27.986789,27.339207,27.705233,3202600.000000
2020-08-31,27.620761,27.620761,26.776090,26.794859,3974800.000000
2020-09-01,26.823013,27.639530,26.672849,27.630144,3797800.000000
2020-09-02,27.526909,28.334040,27.329819,28.277727,3610200.000000
2020-09-03,28.080635,28.352806,27.320431,27.601988,3800800.000000
2020-09-04,27.968016,28.268345,27.268816,27.517525,5136800.000000
2020-09-08,27.282892,27.282892,26.494532,26.560228,4213500.000000
2020-09-09,26.785475,27.601990,26.757319,26.973179,2818000.000000
2020-09-10,26.954407,27.461211,26.926252,27.348587,4138000.000000
2020-09-11,27.536293,27.639531,27.151498,27.235966,3131400.000000
2020-09-14,27.320432,27.620759,27.071722,27.189037,3917900.000000
2020-09-15,27.273510,27.864781,27.245356,27.639536,3127900.000000
2020-09-16,27.770925,28.118178,27.343897,27.433056,5769100.000000
2020-09-17,27.123343,27.930474,26.973179,27.761539,5728400.000000
2020-09-18,27.808464,27.892932,27.081108,27.207809,7175600.000000
2020-09-21,26.456991,26.766704,26.198897,26.485146,6130200.000000
2020-09-22,26.363142,26.503920,26.100355,26.363142,5703500.000000
2020-09-23,26.194204,26.569613,25.706171,25.771868,4874200.000000
2020-09-24,25.771870,26.236440,25.509085,25.931419,3031700.000000
2020-09-25,25.687405,26.780785,25.631093,26.635313,2556300.000000
2020-09-28,27.048259,27.517521,26.982563,27.189037,2714400.000000
2020-09-29,27.001342,27.235973,26.733862,26.832407,1972000.000000
2020-09-30,27.001339,27.724003,26.771400,27.038879,8009400.000000
2020-10-01,27.104570,27.508136,26.851170,26.916866,4918400.000000
2020-10-02,26.654080,27.949244,26.550844,27.564449,4851300.000000
2020-10-05,27.939862,28.418510,27.939862,28.258961,5166300.000000
2020-10-06,28.474820,28.864306,28.183878,28.240189,4972400.000000
2020-10-07,28.540517,29.169329,28.502977,28.653141,5575400.000000
2020-10-08,29.830988,30.633426,29.372049,30.342485,7033600.000000
2020-10-09,30.455100,31.618868,30.304936,31.374853,5323300.000000
2020-10-12,31.543795,31.778426,31.262239,31.525024,3968100.000000
2020-10-13,31.262230,31.693950,30.982550,31.628254,5405200.000000
2020-10-14,31.712728,32.247687,31.412401,31.740883,3363700.000000
2020-10-15,31.140227,31.998977,31.140227,31.900433,3035100.000000
2020-10-16,32.219527,32.294607,31.975508,31.984896,2802000.000000
2020-10-19,32.153832,32.416621,31.149611,31.459326,5716500.000000
2020-10-20,31.665806,31.675190,30.896213,31.036993,3697400.000000
2020-10-21,31.065138,31.243459,30.718823,30.877436,3451400.000000
2020-10-22,30.914984,31.318549,30.736665,31.093306,2646200.000000
2020-10-23,31.112065,31.435854,31.008827,31.130833,3552400.000000
2020-10-26,30.811745,30.971292,30.225168,30.699120,2679000.000000
2020-10-27,30.764815,30.821128,30.342482,30.351866,2268400.000000
2020-10-28,29.525964,30.145389,29.244407,29.901375,3974000.000000
2020-10-29,29.657360,30.675660,29.601049,30.502031,3936000.000000
2020-10-30,30.398797,30.952526,30.136011,30.952526,4327700.000000
2020-11-02,31.234080,31.759655,31.065145,31.421785,3722000.000000
2020-11-03,31.346699,31.487476,30.530181,30.905592,3620600.000000
2020-11-04,30.933743,31.332615,30.135999,30.764809,3832400.000000
2020-11-05,31.112080,32.332161,31.055768,31.853512,3876100.000000
2020-11-06,32.088129,32.274896,31.548480,31.628254,2576800.000000
2020-11-09,32.838953,34.049646,32.472926,32.510468,4633900.000000
2020-11-10,32.613705,34.152884,32.613705,34.002720,6713100.000000
2020-11-11,34.134117,34.631538,33.927645,34.378136,4494500.000000
2020-11-12,34.227431,34.227431,32.838179,33.021843,3750300.000000
2020-11-13,33.087775,34.114409,33.087775,33.916615,3361500.000000
2020-11-16,34.754878,35.385927,34.227432,35.254066,3498000.000000
2020-11-17,34.858480,35.126912,34.434643,34.867901,3706200.000000
2020-11-18,35.075113,35.357672,34.557083,34.557083,2329400.000000
2020-11-19,34.509997,35.141049,34.274530,34.811394,3274100.000000
2020-11-20,34.787853,35.103377,34.707791,34.999771,2536500.000000
2020-11-23,35.348252,36.073490,35.338835,35.593140,2712000.000000
2020-11-24,35.941639,36.742225,35.706173,36.638622,4449400.000000
2020-11-25,36.525582,36.629188,36.097035,36.337212,2738900.000000
2020-11-27,36.299537,36.704540,36.092325,36.177094,1368500.000000
2020-11-30,36.177099,36.346635,35.546050,36.092331,4864600.000000
2020-12-01,36.450251,37.147231,36.016993,36.082924,3367500.000000
2020-12-02,35.913382,36.426697,35.706170,36.045242,3503800.000000
2020-12-03,35.941631,36.374889,35.659072,35.988724,2874200.000000
2020-12-04,36.158265,36.563268,36.026404,36.403152,3633500.000000
2020-12-07,36.252443,36.520874,35.635518,35.734413,3012900.000000
2020-12-08,35.564884,36.219485,35.423606,36.186516,4178100.000000
2020-12-09,36.233616,37.081294,36.224196,36.742222,3293800.000000
2020-12-10,36.421981,36.949428,36.252448,36.487915,3124000.000000
2020-12-11,36.082917,36.450244,35.847450,36.158264,3131000.000000
2020-12-14,37.674668,37.891297,36.464370,36.506752,3594000.000000
2020-12-15,36.958855,37.032320,36.016989,36.940018,3789100.000000
2020-12-16,37.015352,37.015352,36.374882,36.808144,3164700.000000
2020-12-17,37.043624,37.392114,36.932483,37.373276,4322000.000000
2020-12-18,37.128378,37.373266,36.567970,37.118961,9395000.000000
2020-12-21,36.412571,37.316762,36.093277,37.250832,2894300.000000
2020-12-22,37.307332,37.406227,36.685700,36.713955,2713800.000000
2020-12-23,36.836402,37.241405,36.836402,36.902332,2330800.000000
2020-12-24,36.761053,37.250824,36.761053,37.203732,847600.000000
2020-12-28,37.081287,37.269661,36.092328,36.120583,2545800.000000
2020-12-29,36.421975,36.657442,35.484819,35.734413,3183900.000000
2020-12-30,35.969886,36.440819,35.800350,36.205353,3396800.000000
2020-12-31,36.412572,36.704552,36.064083,36.469086,2316800.000000
2021-01-04,36.610354,36.921171,35.875699,36.120583,3693700.000000
2021-01-05,36.054658,36.779896,35.998148,36.563267,2647700.000000
2021-01-06,37.034191,39.096877,36.723377,38.682457,4991400.000000
2021-01-07,39.228752,40.019920,38.974447,39.370029,3986200.000000
2021-01-08,40.048167,40.811080,39.718512,40.735729,4667300.000000
2021-01-11,40.161196,41.216085,39.986953,41.084225,3624100.000000
2021-01-12,40.971197,42.242716,40.575615,41.988415,4517800.000000
2021-01-13,41.894223,42.346319,40.933519,41.564571,2634700.000000
2021-01-14,41.734116,42.139119,41.498649,41.639927,2113100.000000
2021-01-15,41.329113,41.432718,40.547361,41.206669,3792200.000000
2021-01-19,41.159574,41.263180,40.406081,40.999454,2507900.000000
2021-01-20,41.329107,41.347944,40.773405,41.121895,2660900.000000
2021-01-21,41.244346,41.781210,38.927355,39.228752,6190400.000000
2021-01-22,38.880259,39.822126,38.663630,39.614918,5239000.000000
2021-01-25,39.238159,39.417112,37.759428,38.899086,4729600.000000
2021-01-26,39.172234,39.398283,37.175477,37.184895,3252100.000000
2021-01-27,36.572687,36.610359,34.415811,36.440823,5413500.000000
2021-01-28,36.968265,38.268042,36.864659,37.947807,4019100.000000
2021-01-29,37.608743,38.042001,37.090717,37.542812,3686800.000000
2021-02-01,37.806524,38.701298,37.542802,38.343388,2761800.000000
2021-02-02,38.880258,39.426542,38.691887,39.078053,2451400.000000
2021-02-03,39.115723,39.690262,38.826570,39.426540,2668700.000000
2021-02-04,39.417133,40.811099,38.804921,40.180046,3403300.000000
2021-02-05,42.082601,42.318068,41.206665,41.347946,3533300.000000
2021-02-08,41.385624,41.573998,40.782830,41.074810,2719500.000000
2021-02-09,41.131316,41.423296,40.698058,40.905270,4515600.000000
2021-02-10,40.933516,41.018284,39.784441,40.537933,3234700.000000
2021-02-11,40.462600,41.253768,40.387252,41.008884,3030100.000000
2021-02-12,41.018300,41.870692,40.994755,41.790630,1973600.000000
2021-02-16,41.743533,42.718365,41.734116,42.647724,2532300.000000
2021-02-17,42.384000,42.548826,41.649345,42.365162,1877600.000000
2021-02-18,42.299233,42.459352,40.914688,41.630508,3106400.000000
2021-02-19,41.781207,43.194007,41.724693,42.826679,3558400.000000
2021-02-22,42.930287,44.041687,42.487609,43.966339,4308400.000000
2021-02-23,43.806217,44.168837,43.212843,43.730869,6306000.000000
2021-02-24,43.787387,44.409019,43.627268,43.712036,3217000.000000
2021-02-25,43.947498,43.947498,42.412254,42.723072,2920500.000000
2021-02-26,42.713627,43.242586,41.910737,42.647507,4889100.000000
2021-03-01,43.280370,44.149380,43.223694,43.705429,2553400.000000
2021-03-02,43.762103,44.215498,43.185912,43.242584,2935800.000000
2021-03-03,43.034784,43.412612,42.600277,42.826977,2842400.000000
2021-03-04,42.590836,42.826980,40.682797,41.419563,3530300.000000
2021-03-05,41.891836,42.519979,40.522208,42.354679,2853600.000000
2021-03-08,42.826973,43.743211,42.373578,42.411362,3485300.000000
2021-03-09,42.534155,42.940322,42.090208,42.231892,3973900.000000
2021-03-10,42.524703,44.527198,42.411355,44.394958,3388500.000000
2021-03-11,44.631109,45.027828,44.158822,44.262726,2487700.000000
2021-03-12,44.394970,44.479982,43.667648,44.300514,2176700.000000
2021-03-15,44.262730,44.300514,43.025337,44.234394,2993300.000000
2021-03-16,44.234392,44.281620,43.320042,43.610970,2300400.000000
2021-03-17,43.639314,44.678344,43.625146,44.640560,2711100.000000
2021-03-18,44.631120,45.320659,44.031317,44.357193,3180700.000000
2021-03-19,44.139931,45.027829,43.516513,44.461086,9286600.000000
2021-03-22,44.961712,45.301759,44.253282,44.678341,3358900.000000
2021-03-23,44.102154,44.394973,43.044232,43.308712,4287200.000000
2021-03-24,43.610972,44.215502,43.440952,43.629864,3425200.000000
2021-03-25,43.384270,44.498868,43.072559,44.187157,3739800.000000
2021-03-26,44.725565,45.386768,44.309954,45.254528,3358500.000000
2021-03-29,45.131736,45.792938,44.886148,45.122292,4063200.000000
2021-03-30,44.942833,45.235649,44.149391,44.338303,2573000.000000
2021-03-31,44.262721,44.668888,43.691255,44.036022,3814100.000000
2021-04-01,44.338292,44.376075,43.488177,44.149380,2976900.000000
2021-04-05,44.281619,44.621666,44.054920,44.432751,3039100.000000
2021-04-06,44.489429,45.311211,44.300518,45.093960,2541300.000000
2021-04-07,45.150638,45.150638,43.960477,44.158836,2208900.000000
2021-04-08,43.932127,44.508318,43.620419,44.328850,2181800.000000
2021-04-09,44.650001,45.004216,44.224942,44.517761,2552900.000000
2021-04-12,44.735017,45.008944,44.234394,44.489426,2449800.000000
2021-04-13,44.498870,44.583882,43.932124,44.272171,2542700.000000
2021-04-14,44.234400,44.999503,44.177724,44.602783,2958000.000000
2021-04-15,44.952266,45.070338,44.275008,44.886147,2190300.000000
2021-04-16,45.311195,45.471771,44.668885,44.867245,2834900.000000
2021-04-19,45.065614,45.226194,44.300512,44.886147,3157200.000000
2021-04-20,44.735024,45.174251,44.073822,44.357193,2421900.000000
2021-04-21,44.281622,45.622915,44.139934,45.604023,2732600.000000
2021-04-22,45.660699,46.161322,45.046725,45.415112,3445600.000000
2021-04-23,45.424553,46.203827,45.292313,45.934624,2501300.000000
2021-04-26,46.019632,46.605267,45.948788,46.161316,1890000.000000
2021-04-27,46.085766,46.539161,45.906294,46.435257,2083400.000000
2021-04-28,46.680836,47.049223,46.340793,46.463585,2641600.000000
2021-04-29,46.813084,46.973659,46.303013,46.813084,1809000.000000
2021-04-30,46.661953,46.997276,46.000751,46.057423,2426100.000000
2021-05-03,46.501373,47.209803,46.350241,46.973660,2480700.000000
2021-05-04,46.284116,47.077559,46.057417,47.030331,3447100.000000
2021-05-05,44.914489,45.330104,44.215507,45.037285,4184300.000000
2021-05-06,45.160071,45.764598,43.988798,45.726814,3228800.000000
2021-05-07,45.604020,46.560874,45.509564,46.151875,3362700.000000
2021-05-10,46.463580,47.209794,44.243833,44.385521,5547300.000000
2021-05-11,43.724318,44.631108,43.167020,44.479977,4086200.000000
2021-05-12,44.895597,44.961717,42.543610,42.675850,4909600.000000
2021-05-13,42.817947,43.793664,42.514811,43.500000,6047400.000000
2021-05-14,43.888381,44.324138,43.670499,43.878906,2211900.000000
2021-05-17,44.087319,44.210465,43.471573,43.784184,4149000.000000
2021-05-18,43.537881,43.850492,43.291585,43.367367,3353400.000000
2021-05-19,42.941095,43.035823,42.097995,42.457970,3138400.000000
2021-05-20,42.429543,42.562164,41.766432,41.804325,4225900.000000
2021-05-21,42.306387,42.903187,42.249548,42.344280,4346100.000000
2021-05-24,42.666377,43.054769,42.546067,42.770580,4032000.000000
2021-05-25,42.723203,43.305794,42.230611,42.249554,3549500.000000
2021-05-26,42.420067,42.647420,42.022203,42.420067,4609100.000000
2021-05-27,42.912675,43.386325,42.675850,42.799000,3708600.000000
2021-05-28,43.026341,43.272641,42.770574,43.102127,3028100.000000
2021-06-01,43.575777,43.738714,43.296326,43.547359,2543100.000000
2021-06-02,43.679978,43.684716,43.016868,43.253693,2729400.000000
2021-06-03,42.931606,43.736809,42.761092,43.556824,3318100.000000
2021-06-04,43.765233,43.919641,43.395787,43.537880,1437600.000000
2021-06-07,43.575779,43.841021,42.827411,43.509468,1989000.000000
2021-06-08,43.357895,43.907327,43.073706,43.481045,2464800.000000
2021-06-09,43.433676,43.537880,43.016866,43.092651,3077400.000000
2021-06-10,43.518941,43.585251,42.202195,42.211670,2921800.000000
2021-06-11,42.524268,42.912661,41.965361,42.192715,2942800.000000
2021-06-14,42.126409,42.211666,41.406459,41.643284,2263800.000000
2021-06-15,41.766435,42.315867,41.406460,41.974842,2747700.000000
2021-06-16,41.918002,41.955895,41.231211,41.396988,3422100.000000
2021-06-17,41.359092,41.472767,40.269696,41.216995,5380700.000000
2021-06-18,40.487581,40.913863,40.345485,40.459160,7900400.000000
2021-06-21,40.875980,41.491723,40.875980,41.122276,3819300.000000
2021-06-22,41.179109,41.396987,40.828605,41.198055,2226100.000000
2021-06-23,41.188577,41.704857,41.188577,41.273834,2627100.000000
2021-06-24,41.529605,42.510059,41.169630,42.012726,3528900.000000
2021-06-25,42.296915,42.372697,41.681169,41.832737,3675800.000000
2021-06-28,41.823272,42.121670,41.269099,42.003258,3515000.000000
2021-06-29,42.382187,42.685323,41.861169,41.946426,2121800.000000
2021-06-30,42.088512,42.121667,41.714328,42.012726,3230200.000000
2021-07-01,42.192715,42.533744,41.752221,42.268497,2103800.000000
2021-07-02,42.377443,42.457963,41.870638,42.154827,1833900.000000
2021-07-06,42.107454,42.154819,41.510655,41.766426,2183600.000000
2021-07-07,41.453820,42.012727,40.620199,41.093849,3348100.000000
2021-07-08,40.677038,41.008595,40.318014,40.639149,2307700.000000
2021-07-09,41.254900,41.321211,40.691259,41.160172,3265600.000000
2021-07-12,40.629680,41.690654,40.440219,41.491722,2485500.000000
2021-07-13,41.605396,41.775910,40.686518,40.781246,2388200.000000
2021-07-14,40.828615,41.378051,40.336023,40.421276,3114200.000000
2021-07-15,40.165505,40.771777,39.900259,40.184448,2904400.000000
2021-07-16,40.250766,40.402334,39.402932,39.606602,3419700.000000
2021-07-19,38.971896,39.142411,38.460354,38.772964,4629200.000000
2021-07-20,38.754026,39.805529,38.592987,39.530811,2978300.000000
2021-07-21,40.023401,40.430740,39.848149,39.985508,3482700.000000
2021-07-22,40.108665,40.151292,39.526074,40.042355,1458500.000000
2021-07-23,40.222336,40.222336,39.691851,39.909729,1590300.000000
2021-07-26,40.032884,40.212873,39.644491,40.118141,2840200.000000
2021-07-27,39.786579,40.336015,39.227672,40.288647,2860100.000000
2021-07-28,40.421273,40.875980,40.212870,40.563370,2819800.000000
2021-07-29,40.989656,41.472777,40.838088,40.942291,2394500.000000
2021-07-30,40.553900,41.202798,40.468643,40.525478,2116200.000000
2021-08-02,40.733883,41.160169,40.212869,40.241287,1803300.000000
2021-08-03,40.354966,40.833353,40.042359,40.800198,3147200.000000
2021-08-04,40.534951,40.629679,40.013937,40.042355,2159000.000000
2021-08-05,40.099196,40.421274,39.227678,39.256096,5051800.000000
2021-08-06,41.681185,43.301066,41.444360,42.401131,6031100.000000
2021-08-09,42.495864,43.158975,42.211675,42.799000,4724200.000000
2021-08-10,42.780045,43.414738,42.656895,43.225277,3043700.000000
2021-08-11,43.244226,43.462104,42.950562,43.329483,2455500.000000
2021-08-12,43.338984,43.880603,42.863880,43.766579,2987400.000000
2021-08-13,43.842591,44.023133,43.614543,43.700062,2872700.000000
2021-08-16,43.234461,43.386494,42.863881,42.920891,4732800.000000
2021-08-17,42.759356,42.996908,42.132219,42.825871,6382800.000000
2021-08-18,42.588316,43.068172,41.714127,41.752132,3524700.000000
2021-08-19,41.105998,41.509839,40.355336,40.431351,2458000.000000
2021-08-20,40.374328,40.678395,39.751940,39.851711,3006200.000000
2021-08-23,40.070261,40.260303,39.770947,39.861217,3609800.000000
2021-08-24,39.918238,40.687907,39.918238,40.431351,3524600.000000
2021-08-25,40.355328,41.775887,40.165285,41.600098,3784400.000000
2021-08-26,41.666616,42.317510,41.486078,41.799648,3495500.000000
2021-08-27,42.027704,42.602579,41.904176,41.980194,2580300.000000
2021-08-30,42.065709,42.065709,41.533591,41.581100,1854900.000000
2021-08-31,41.704629,41.837657,41.315044,41.780647,4187000.000000
2021-09-01,42.151222,42.279499,41.467072,42.170227,2518000.000000
2021-09-02,42.227243,43.167950,42.198737,42.683342,2817600.000000
2021-09-03,42.578822,43.210708,42.578822,42.683342,3472000.000000
2021-09-07,42.398276,42.531305,42.084710,42.122719,2455100.000000
2021-09-08,42.132215,42.379268,41.429060,41.942173,3013300.000000
2021-09-09,41.733124,41.942171,41.353043,41.410057,2703300.000000
2021-09-10,41.923169,41.923169,41.201012,41.258022,2061200.000000
2021-09-13,41.429057,41.666609,40.497854,40.991962,1907400.000000
2021-09-14,41.201012,41.296031,40.060761,40.155781,1787500.000000
2021-09-15,40.193788,40.944453,40.132026,40.830429,2177900.000000
2021-09-16,40.763917,40.839931,40.193790,40.459850,2711200.000000
2021-09-17,40.336317,40.792416,39.253080,39.785194,7032100.000000
2021-09-20,38.958518,39.500137,38.692461,39.424122,2506600.000000
2021-09-21,39.595168,39.718696,39.086807,39.338615,3350900.000000
2021-09-22,39.794701,40.284058,39.699678,39.851711,2126700.000000
2021-09-23,40.098782,40.659405,40.022763,40.298325,2644000.000000
2021-09-24,40.146283,40.431345,39.937236,40.203297,2311800.000000
2021-09-27,40.260302,41.400552,40.260302,41.296028,2967200.000000
2021-09-28,41.410071,41.818657,40.559634,40.896957,2988400.000000
2021-09-29,41.029980,41.077490,40.488362,40.725914,2024700.000000
2021-09-30,40.763911,40.934949,39.965737,39.984741,2433200.000000
2021-10-01,40.241301,41.680869,40.089268,41.334042,3540600.000000
2021-10-04,41.429068,41.685625,40.298322,40.431351,2853900.000000
2021-10-05,40.564368,41.699866,40.364825,41.296028,3173800.000000
2021-10-06,40.716405,40.892195,39.498241,39.908730,3050200.000000
2021-10-07,40.355332,40.906450,40.184294,40.374336,2005400.000000
2021-10-08,40.630890,41.048984,40.383838,40.649895,1402700.000000
2021-10-11,40.792420,41.229515,40.307812,40.345821,1257900.000000
2021-10-12,40.108270,40.440845,39.699680,39.861217,1609000.000000
2021-10-13,40.212791,40.241296,39.310093,40.136776,2374000.000000
2021-10-14,40.469357,41.438569,40.412343,41.210518,1530600.000000
2021-10-15,41.505074,41.737873,41.172502,41.343536,2226100.000000
2021-10-18,40.312565,41.353044,40.013251,41.124992,2104600.000000
2021-10-19,41.343542,41.500327,40.792423,41.457569,1418600.000000
2021-10-20,41.381552,42.312755,41.381552,41.932674,2084900.000000
2021-10-21,41.647617,41.809151,40.469358,40.583382,2653300.000000
2021-10-22,40.621391,41.096495,40.459858,40.621391,1875700.000000
2021-10-25,40.849446,40.953966,40.374342,40.402847,3361100.000000
2021-10-26,40.526371,40.721162,40.202347,40.583382,1656700.000000
2021-10-27,40.345831,40.431350,39.975251,40.013260,2147300.000000
2021-10-28,40.089278,40.991977,40.089278,40.896957,2593400.000000
2021-10-29,40.773417,41.324539,40.564370,41.001469,3683900.000000
2021-11-01,41.020472,41.267528,40.716406,40.868439,2651700.000000
2021-11-02,40.906452,41.182013,40.041763,40.706909,4306700.000000
2021-11-03,40.497858,42.892382,40.497858,42.578815,4392900.000000
2021-11-04,43.234470,45.277419,42.930404,45.039867,4465900.000000
2021-11-05,45.305915,46.151599,44.944835,45.229897,2727300.000000
2021-11-08,45.524467,45.781024,44.099155,44.222683,4538200.000000
2021-11-09,44.298690,45.724002,44.289190,45.467445,2541700.000000
2021-11-10,45.219669,45.915356,45.076718,45.438858,2025300.000000
2021-11-11,45.372138,46.029704,45.324489,45.448376,1397400.000000
2021-11-12,45.648519,46.477625,45.586572,46.410915,3811500.000000
2021-11-15,46.758760,47.078017,45.829590,46.096428,1790700.000000
2021-11-16,46.572920,46.792108,46.125014,46.153603,1645700.000000
2021-11-17,45.963000,46.439498,45.791460,46.077358,1533100.000000
2021-11-18,46.296554,46.696811,46.010652,46.382320,2404900.000000
2021-11-19,46.058310,46.210790,45.405507,45.562752,3253700.000000
2021-11-22,45.696160,46.472851,45.305432,45.314960,2710700.000000
2021-11-23,45.457914,45.734284,44.809876,45.648514,2005200.000000
2021-11-24,45.305449,45.600876,45.048140,45.334038,1291900.000000
2021-11-26,44.028426,44.800351,43.952185,44.628815,1306500.000000
2021-11-29,45.071950,45.172017,44.247610,44.400089,2080700.000000
2021-11-30,44.123721,44.238079,42.665638,42.884827,4761900.000000
2021-12-01,43.628161,44.762229,42.541746,42.560806,2598900.000000
2021-12-02,42.865770,44.314324,42.775234,44.018894,2705200.000000
2021-12-03,44.076074,45.267320,43.432803,43.875946,3760300.000000
2021-12-06,44.447739,45.314965,44.161841,44.886116,3202300.000000
2021-12-07,45.438864,46.144079,45.257796,45.505573,2661700.000000
2021-12-08,45.829584,46.077361,45.264459,45.848644,2712200.000000
2021-12-09,45.553215,46.144072,45.486506,45.772404,1983900.000000
2021-12-10,46.125021,46.372798,45.448390,45.705700,2242500.000000
2021-12-13,45.362621,45.410274,44.361976,44.438217,2268800.000000
2021-12-14,44.352444,44.819410,43.956949,44.133255,2425100.000000
2021-12-15,44.085603,44.085603,42.999188,43.923595,2913100.000000
2021-12-16,44.257136,45.224431,44.123718,44.771755,3363800.000000
2021-12-17,44.924232,44.924232,43.780636,43.914059,6903500.000000
2021-12-20,43.532859,43.532859,41.826996,42.656101,3372700.000000
2021-12-21,43.142147,43.952192,42.951547,43.666294,2223400.000000
2021-12-22,43.694873,44.047484,43.504277,43.771114,2940500.000000
2021-12-23,43.856892,44.590700,43.780651,44.257149,1923800.000000
2021-12-27,44.209494,44.819411,44.076075,44.800350,1310500.000000
2021-12-28,44.733637,45.305437,44.609750,45.152958,1616700.000000
2021-12-29,44.990948,45.295906,44.819408,45.124367,1160900.000000
2021-12-30,45.267318,45.515095,44.848001,44.905178,1192200.000000
2021-12-31,44.733644,45.191082,44.676467,45.057663,1457000.000000
2022-01-03,45.172020,45.534156,44.590692,44.695522,2071200.000000
2022-01-04,44.895647,46.058303,44.895647,45.524624,2529200.000000
2022-01-05,45.762879,45.991596,44.990950,45.019543,2498600.000000
2022-01-06,45.305435,45.982061,44.857525,45.648514,2685800.000000
2022-01-07,45.648519,46.506213,45.553217,46.144073,2463600.000000
2022-01-10,46.029717,46.029717,44.619283,45.162491,2145200.000000
2022-01-11,45.276843,46.210782,45.029065,46.134541,1867000.000000
2022-01-12,46.668219,47.030355,46.210781,46.563389,1988000.000000
2022-01-13,46.525271,47.087539,46.258434,46.601513,2107800.000000
2022-01-14,46.048775,46.487152,45.567511,46.315613,2039600.000000
2022-01-18,45.877228,46.086888,45.505560,45.877228,1877800.000000
2022-01-19,46.153597,46.220307,44.952820,45.000473,2530800.000000
2022-01-20,45.267323,45.724761,44.219029,44.352448,2191200.000000
2022-01-21,43.999836,44.552576,43.189791,43.304150,2360700.000000
2022-01-24,42.598933,44.114198,41.684058,43.904537,3365500.000000
2022-01-25,42.922958,44.247622,42.141501,43.885483,4314600.000000
2022-01-26,44.257147,44.895657,43.251736,43.847359,2986200.000000
2022-01-27,44.295261,45.314966,44.123721,44.638340,2506200.000000
2022-01-28,44.562100,45.248259,43.933123,45.229198,2271500.000000
2022-01-31,45.210140,45.934419,45.038600,45.820061,2573500.000000
2022-02-01,45.696173,46.067841,45.133905,45.677113,4429000.000000
2022-02-02,45.619929,46.086899,45.419801,45.867710,3597400.000000
2022-02-03,45.781943,47.030366,45.143433,46.248909,4054900.000000
2022-02-04,45.982065,48.369322,45.982065,47.888058,4931500.000000
2022-02-07,47.983359,48.126310,47.030363,47.220963,4646600.000000
2022-02-08,47.316264,48.050068,47.020834,48.002419,4336000.000000
2022-02-09,48.459851,49.198424,48.412201,49.117420,2901500.000000
2022-02-10,48.888715,49.917953,48.316919,48.555168,4628200.000000
2022-02-11,48.536089,49.308017,48.097712,48.650448,3194800.000000
2022-02-14,48.793402,49.126949,48.002413,48.507504,5552300.000000
2022-02-15,48.069122,48.726691,47.840405,48.497971,4652900.000000
2022-02-16,48.869644,49.460504,48.507508,49.041183,3283700.000000
2022-02-17,48.464621,49.155545,48.088187,48.860115,2920200.000000
2022-02-18,49.069762,49.374721,48.107234,48.316895,2670100.000000
2022-02-22,48.335971,48.831530,47.888062,48.288319,2923700.000000
2022-02-23,48.593271,49.088826,47.945234,48.050060,3330800.000000
2022-02-24,47.268611,47.797524,46.706343,47.697460,3156900.000000
2022-02-25,47.926177,49.422381,47.821347,49.403320,3414300.000000
2022-02-28,48.743973,49.747332,48.399969,49.718662,4551900.000000
2022-03-01,49.804656,50.033996,47.797946,48.132397,3091100.000000
2022-03-02,48.571969,49.508434,48.485967,49.021088,4594300.000000
2022-03-03,49.355545,49.470214,48.662750,49.231319,3877000.000000
2022-03-04,48.772636,49.240867,47.893504,49.193089,5847100.000000
2022-03-07,49.584883,51.620263,48.829977,48.944649,8059100.000000
2022-03-08,48.791750,49.441543,47.358385,47.855286,5231200.000000
2022-03-09,48.170623,49.623100,47.989064,49.240868,4827300.000000
2022-03-10,48.782192,51.304914,48.782192,51.209358,4712500.000000
2022-03-11,51.448255,52.594948,50.988624,51.266697,4039100.000000
2022-03-14,51.543809,52.365605,50.846238,51.801815,4971100.000000
2022-03-15,51.715803,52.977164,51.476909,52.547157,5530400.000000
2022-03-16,53.024959,53.607858,51.543812,52.327385,5367600.000000
2022-03-17,51.992926,53.478848,51.983372,53.311623,4400000.000000
2022-03-18,53.321183,53.493187,52.594946,53.368961,11274700.000000
2022-03-21,53.693861,54.448767,53.115737,54.420101,5814000.000000
2022-03-22,54.706776,54.792778,53.789423,53.970982,5106500.000000
2022-03-23,54.630321,55.165445,53.942308,54.859661,3902500.000000
2022-03-24,55.088993,56.130572,55.060324,55.891678,4758800.000000
2022-03-25,55.920351,57.153046,55.920351,57.133934,4670200.000000
2022-03-28,56.703930,56.933270,55.996801,56.407700,3276600.000000
2022-03-29,55.280121,55.538128,53.751200,55.452126,4215100.000000
2022-03-30,55.929912,56.465036,55.413903,55.777020,3440100.000000
2022-03-31,55.461684,56.321701,54.811891,54.926559,4327800.000000
2022-04-01,55.337457,55.853469,55.079450,55.700577,2430900.000000
2022-04-04,55.738801,56.264368,54.797558,56.063694,2356800.000000
2022-04-05,56.187921,56.512818,55.461685,55.691021,3220000.000000
2022-04-06,55.614571,56.130584,55.299229,55.471233,2868800.000000
2022-04-07,55.633672,56.140126,55.342221,55.891678,2321800.000000
2022-04-08,56.570148,57.630839,56.245252,56.990601,2478900.000000
2022-04-11,57.095715,57.401499,56.713482,57.095715,2487700.000000
2022-04-12,57.181716,58.032179,56.961934,57.936623,2813000.000000
2022-04-13,58.137295,58.490857,57.439724,58.242409,2193500.000000
2022-04-14,58.605532,58.997318,58.175521,58.299744,3714400.000000
2022-04-18,58.318853,58.767975,58.022627,58.242409,3289700.000000
2022-04-19,58.624632,59.083312,57.946173,58.423962,3865400.000000
2022-04-20,58.825310,59.135870,57.726395,58.595970,4258500.000000
2022-04-21,59.131093,59.283986,57.430164,57.535278,3942200.000000
2022-04-22,57.181714,57.497052,54.649434,55.117668,4987500.000000
2022-04-25,54.362761,54.974329,53.302070,54.754547,4215500.000000
2022-04-26,54.697217,55.203672,53.990089,54.114315,4118800.000000
2022-04-27,54.400994,55.337459,53.980541,54.678112,4522700.000000
2022-04-28,55.146332,55.476007,54.338872,55.251446,4599700.000000
2022-04-29,55.490348,56.273921,55.012560,55.127228,6933100.000000
2022-05-02,55.203676,55.423459,53.655643,54.792778,5231600.000000
2022-05-03,54.859666,55.022116,53.990091,54.716328,5304900.000000
2022-05-04,54.964780,56.584483,54.515658,56.512814,5025300.000000
2022-05-05,53.846747,56.952371,53.827638,55.461674,6842900.000000
2022-05-06,54.601660,54.725886,52.394280,53.263855,5236400.000000
2022-05-09,52.590166,52.590166,50.597789,50.722015,5314400.000000
2022-05-10,51.840039,51.964265,49.942264,50.473564,4323300.000000
2022-05-11,50.454453,52.059823,50.206005,51.218914,3899600.000000
2022-05-12,50.806953,51.793778,50.471627,51.784195,3748600.000000
2022-05-13,52.196157,53.590164,52.119513,53.144657,3881300.000000
2022-05-16,53.087177,54.782978,52.962625,54.169807,3620700.000000
2022-05-17,54.878778,55.491949,54.294349,55.194946,4238000.000000
2022-05-18,54.645010,55.856022,54.476389,54.696747,4319300.000000
2022-05-19,54.112316,56.599490,54.064413,56.526676,6912300.000000
2022-05-20,56.976973,57.273975,55.606919,56.747032,9441900.000000
2022-05-23,57.341040,58.610496,56.710627,58.356606,4956300.000000
2022-05-24,58.117091,59.587742,57.724278,59.487144,5808300.000000
2022-05-25,59.084749,59.841632,58.821279,59.410496,5374200.000000
2022-05-26,59.899117,61.345815,59.832051,60.521866,5745200.000000
2022-05-27,60.301507,60.469174,58.653613,60.272766,6501900.000000
2022-05-31,60.339832,61.288332,59.745824,59.994923,12551200.000000
2022-06-01,60.368577,60.617680,59.210260,59.717087,4259100.000000
2022-06-02,60.090725,60.378148,59.458393,59.918270,4820200.000000
2022-06-03,59.879949,60.071566,59.151810,59.400909,3425000.000000
2022-06-06,59.592530,59.798517,58.806905,59.132652,2699300.000000
2022-06-07,58.778160,59.908694,58.739840,59.764984,3560000.000000
2022-06-08,59.266779,59.784143,58.749415,59.400909,3734400.000000
2022-06-09,58.893128,59.065583,58.308699,58.519478,4500600.000000
2022-06-10,57.638044,57.786545,55.539852,55.549431,3551200.000000
2022-06-13,54.246453,54.792558,53.441666,53.882385,3721400.000000
2022-06-14,53.882379,54.361419,53.527887,54.026089,4443200.000000
2022-06-15,54.485971,54.811718,52.598557,53.202145,4482700.000000
2022-06-16,52.311127,52.435678,51.429696,51.774605,4880000.000000
2022-06-17,51.851252,52.244065,50.452457,50.988983,12994200.000000
2022-06-21,52.176995,53.288367,51.669214,53.048847,3590200.000000
2022-06-22,51.458439,52.368615,51.180595,51.190178,4488400.000000
2022-06-23,51.017723,51.295567,48.627316,48.794979,5882000.000000
2022-06-24,49.274018,51.353048,49.068031,51.314728,8329500.000000
2022-06-27,51.458436,52.042865,50.854849,51.966221,4769100.000000
2022-06-28,52.588973,53.384180,51.640476,51.994965,4755300.000000
2022-06-29,52.205740,52.646456,51.715203,52.244061,3208200.000000
2022-06-30,51.640474,52.445261,51.324306,51.870411,3588100.000000
2022-07-01,51.372206,52.157831,50.452451,51.851246,2130500.000000
2022-07-05,50.577005,50.816525,49.111141,49.915928,4655000.000000
2022-07-06,49.944679,50.165037,48.383009,49.858452,3851300.000000
2022-07-07,51.247653,51.353039,50.548252,50.634480,3879700.000000
2022-07-08,50.854846,50.988976,49.906346,50.519516,2554800.000000
2022-07-11,49.973419,50.759044,49.834497,50.691978,2249700.000000
2022-07-12,50.423709,51.257237,49.982990,50.356644,2713300.000000
2022-07-13,49.695576,50.212939,49.461805,49.791386,1675200.000000
2022-07-14,49.168626,49.695568,47.932703,49.331501,3560400.000000
2022-07-15,50.117135,50.289590,49.457016,49.820129,2589600.000000
2022-07-18,50.356645,50.816523,49.829699,50.050060,1867500.000000
2022-07-19,50.471610,51.947053,50.404545,51.487175,2273100.000000
2022-07-20,51.171015,51.994963,51.137482,51.755444,1679300.000000
2022-07-21,51.372205,51.650049,50.615325,51.621307,1482300.000000
2022-07-22,51.784181,52.234480,51.333887,51.745857,1971600.000000
2022-07-25,52.330288,53.273996,51.908734,53.144657,2643000.000000
2022-07-26,53.317116,53.671604,52.742266,53.135078,1692200.000000
2022-07-27,53.566210,54.509918,52.665617,54.236866,2248500.000000
2022-07-28,54.423688,54.847161,53.911116,54.572189,2293400.000000
2022-07-29,55.022487,55.606915,54.830870,55.137455,2338900.000000
2022-08-01,54.610516,55.118297,53.978184,54.514709,2621600.000000
2022-08-02,54.457225,54.553032,53.355432,53.403339,3025200.000000
2022-08-03,53.748250,53.748250,53.230890,53.365021,3164600.000000
2022-08-04,53.259628,53.412921,52.387776,52.905140,3218800.000000
2022-08-05,54.581780,55.961412,54.361422,55.472794,5728000.000000
2022-08-08,56.823678,58.145825,56.545835,56.612900,4055600.000000
2022-08-09,56.651221,57.618879,56.651221,57.216488,3022100.000000
2022-08-10,58.164988,58.390137,57.264395,57.570980,2604500.000000
2022-08-11,58.099257,58.637122,57.758284,57.887951,1985300.000000
2022-08-12,58.080037,59.328657,57.763078,59.319050,2744000.000000
2022-08-15,58.454619,59.386282,58.080033,59.174976,3836200.000000
2022-08-16,59.203789,59.856913,59.203789,59.645607,2523100.000000
2022-08-17,59.069330,59.453522,58.790791,59.424706,1747600.000000
2022-08-18,59.828102,60.327550,59.664819,59.904938,1980500.000000
2022-08-19,59.597589,59.727255,58.713952,58.906048,2232200.000000
2022-08-22,58.329761,58.915652,58.204898,58.627510,1912800.000000
2022-08-23,58.810001,59.520755,58.810001,59.328659,1952700.000000
2022-08-24,59.453526,60.000997,58.810004,59.453526,2307200.000000
2022-08-25,59.943365,60.841412,59.722456,60.740562,2522400.000000
2022-08-26,60.971067,61.245763,59.818495,59.856915,1889200.000000
2022-08-29,59.165367,60.000984,58.925247,59.463116,1803200.000000
2022-08-30,59.146170,59.424705,58.310552,59.328659,2539200.000000
2022-08-31,59.299832,59.751253,58.761964,59.002083,3710500.000000
2022-09-01,58.377784,58.521857,57.580590,58.406601,2468400.000000
2022-09-02,59.126955,59.751263,58.589087,58.819603,2644100.000000
2022-09-06,59.174979,59.309445,57.657424,57.935963,2303200.000000
2022-09-07,57.518162,59.539969,57.417312,59.376686,2058800.000000
2022-09-08,58.944461,59.674425,58.685132,59.587982,2873500.000000
2022-09-09,60.116252,60.490837,59.352671,60.049019,2021200.000000
2022-09-12,60.385177,60.385177,58.867626,59.655216,4922200.000000
2022-09-13,58.646723,61.307245,58.598696,60.173882,4939200.000000
2022-09-14,60.538854,61.758664,60.279525,61.288029,5006500.000000
2022-09-15,61.288022,61.451301,59.515941,59.664814,5786400.000000
2022-09-16,58.809995,59.165370,57.993591,58.925251,7511800.000000
2022-09-19,58.108848,59.223001,58.108848,58.992485,2386800.000000
2022-09-20,58.435417,59.136565,57.849526,58.973286,2707100.000000
2022-09-21,59.760869,59.760869,56.860229,56.889042,3101500.000000
2022-09-22,57.196391,58.195288,57.196391,57.398090,3170800.000000
2022-09-23,56.456820,56.485637,54.834576,55.630810,2686800.000000
2022-09-26,55.592394,56.637390,55.241819,55.333065,3941600.000000
2022-09-27,55.947772,56.264731,54.651130,54.996899,2357400.000000
2022-09-28,55.217812,56.375185,54.910456,56.072636,3517500.000000
2022-09-29,55.563588,55.784501,54.353388,54.948883,2431000.000000
2022-09-30,54.689559,55.707666,54.161297,54.891262,3688200.000000
2022-10-03,56.168688,57.124361,55.606810,56.841022,3680100.000000
2022-10-04,57.609402,59.376680,57.551772,59.319050,3986600.000000
2022-10-05,58.934859,59.511144,58.598690,59.088535,2978100.000000
2022-10-06,58.790785,59.511143,58.348967,58.483433,3219100.000000
2022-10-07,58.300953,58.829214,57.724664,58.425816,2420500.000000
2022-10-10,58.906048,59.319049,58.358572,58.637112,2133300.000000
2022-10-11,58.195291,59.290234,57.878332,58.358570,2198800.000000
2022-10-12,58.416199,58.651515,57.782285,58.387386,2395700.000000
2022-10-13,57.734263,60.735753,57.157974,60.462017,3067800.000000
2022-10-14,60.750149,60.750149,56.283931,56.408794,4043200.000000
2022-10-17,57.484535,58.574678,57.484535,57.974380,2693300.000000
2022-10-18,59.328647,59.933748,58.435403,59.184574,2934600.000000
2022-10-19,58.805197,59.780084,58.685137,59.357471,2174000.000000
2022-10-20,59.914546,60.260318,58.944462,59.482330,2886400.000000
2022-10-21,59.511150,60.543663,58.954075,60.394791,2566200.000000
2022-10-24,60.558055,61.249600,60.212283,60.855804,3123400.000000
2022-10-25,60.519640,62.440597,60.500434,62.392570,4597400.000000
2022-10-26,62.906430,63.650794,62.142846,63.266609,5580600.000000
2022-10-27,63.727634,64.054200,63.208976,63.362656,3822600.000000
2022-10-28,63.477900,63.871699,62.673983,63.410667,2951200.000000
2022-10-31,63.372257,63.871702,62.325334,62.757545,3672900.000000
2022-11-01,63.420294,64.544050,63.199389,64.457611,3694100.000000
2022-11-02,64.409576,65.725432,64.198270,64.265511,4385400.000000
2022-11-03,63.160965,64.966659,63.132152,64.332748,5408700.000000
2022-11-04,64.332741,64.611273,61.422494,62.786373,5722400.000000
2022-11-07,62.747952,64.371153,62.680719,63.429890,3421800.000000
2022-11-08,63.477916,64.851399,63.276217,64.534447,2901300.000000
2022-11-09,64.419193,65.187577,64.097434,64.399986,3595000.000000
2022-11-10,65.487751,65.487751,64.043806,64.698395,4523900.000000
2022-11-11,65.324099,65.555128,61.892319,62.349567,5139300.000000
2022-11-14,62.503591,65.141196,62.407329,64.236328,3240400.000000
2022-11-15,64.226715,64.544385,62.397715,64.226715,3422100.000000
2022-11-16,63.822394,64.101550,62.628727,62.907890,3064300.000000
2022-11-17,62.137793,63.187057,61.377311,62.984905,3637400.000000
2022-11-18,63.187068,63.475860,62.359205,62.763508,2999700.000000
2022-11-21,62.570978,63.264073,61.656482,62.715374,3290300.000000
2022-11-22,63.461404,63.851268,62.936765,63.620232,1896700.000000
2022-11-23,63.523971,63.832012,62.879010,63.341076,1653700.000000
2022-11-25,63.533610,63.851280,63.158185,63.851280,704300.000000
2022-11-28,63.254448,63.283326,62.234062,62.503597,2570200.000000
2022-11-29,62.580600,63.418084,62.542094,63.119671,1736500.000000
2022-11-30,63.283320,64.679139,62.382301,64.650261,5060000.000000
2022-12-01,64.833153,64.900537,63.379580,63.774261,1705900.000000
2022-12-02,63.504711,65.025668,63.369943,64.794632,1865100.000000
2022-12-05,64.457725,64.602121,61.637218,61.954887,2573200.000000
2022-12-06,62.089661,62.956030,60.809361,61.281052,2674200.000000
2022-12-07,61.290679,61.926018,60.838245,61.377316,2747600.000000
2022-12-08,61.897137,62.205179,61.117405,61.358063,1892300.000000
2022-12-09,61.155907,61.608344,60.289542,60.636089,2078700.000000
2022-12-12,60.645709,60.915244,59.317278,59.962242,3637200.000000
2022-12-13,60.857495,61.247359,60.039257,60.299168,2384600.000000
2022-12-14,60.385807,60.669785,59.105510,59.394299,2956500.000000
2022-12-15,58.710830,59.067002,57.680812,57.979229,3922600.000000
2022-12-16,57.512355,57.834839,56.795197,57.546047,9735200.000000
2022-12-19,57.786699,58.036985,55.847000,56.121349,3379000.000000
2022-12-20,56.362010,57.189873,56.130981,56.689304,2645200.000000
2022-12-21,56.881839,57.661571,56.236875,57.170628,2429000.000000
2022-12-22,57.016603,57.026231,55.794061,56.698936,2305700.000000
2022-12-23,56.708554,57.406460,56.621917,57.160992,1136400.000000
2022-12-27,57.401648,57.786697,57.045472,57.526787,1683900.000000
2022-12-28,57.526792,57.690441,56.294626,56.439022,1656800.000000
2022-12-29,56.544907,57.396833,56.544907,56.775936,1548200.000000
2022-12-30,56.564155,56.958834,56.150228,56.583408,1858200.000000
2023-01-03,56.535287,56.910712,56.121355,56.727814,2351100.000000
2023-01-04,57.035852,57.565298,56.525659,57.459408,3428600.000000
2023-01-05,57.016593,57.459402,56.698927,56.833694,3314700.000000
2023-01-06,57.536420,58.855223,57.363146,58.730080,2867000.000000
2023-01-09,58.912980,59.639767,58.479796,58.826344,2243100.000000
2023-01-10,59.124755,59.480931,58.229512,59.442425,1736300.000000
2023-01-11,60.472442,60.597585,59.341352,59.760098,2807600.000000
2023-01-12,59.779347,60.502286,59.403922,60.241413,2888500.000000
2023-01-13,60.231775,60.655331,59.562747,60.376171,2066300.000000
2023-01-17,60.429124,61.170346,60.308795,60.356926,3163500.000000
2023-01-18,60.587957,60.703475,59.115134,59.211395,2621500.000000
2023-01-19,59.317279,60.029627,58.864845,59.894859,3085700.000000
2023-01-20,60.068142,60.636095,59.346170,60.029636,2570800.000000
2023-01-23,59.991133,60.135529,59.264346,59.586830,2754300.000000
2023-01-24,59.760095,60.212529,58.912979,60.174023,2169400.000000
2023-01-25,59.577195,60.790112,59.124758,60.770859,2149800.000000
2023-01-26,61.127031,61.266613,60.231784,60.770859,3726500.000000
2023-01-27,60.453183,61.690163,60.337668,61.444695,3738500.000000
2023-01-30,60.920062,61.569837,59.865981,60.193275,2869300.000000
2023-01-31,60.270287,62.060780,60.145144,62.041523,3797200.000000
2023-02-01,61.617978,62.773132,61.512088,62.070415,4132900.000000
2023-02-02,60.010373,60.626456,58.778208,59.683079,9167000.000000
2023-02-03,58.816713,59.577192,58.816713,59.201767,4689600.000000
2023-02-06,58.956295,59.105505,57.988854,58.431664,4277400.000000
2023-02-07,58.306528,58.662700,57.603808,58.441296,4114400.000000
2023-02-08,58.224696,59.711958,58.181376,59.567566,4131400.000000
2023-02-09,61.112592,61.406195,59.933368,60.260662,4260000.000000
2023-02-10,60.510944,62.551723,60.510944,62.060780,4935500.000000
2023-02-13,61.675736,61.830722,59.981508,60.135529,3864300.000000
2023-02-14,59.721598,60.443570,59.317291,59.856365,2741500.000000
2023-02-15,59.317284,59.942995,59.240276,59.788975,2574700.000000
2023-02-16,59.423176,60.741979,59.365417,60.405060,2277100.000000
2023-02-17,60.077760,60.607206,59.211391,59.500183,4037100.000000
2023-02-21,59.567565,59.856354,57.772258,57.815578,3398200.000000
2023-02-22,57.998477,59.683080,57.353516,59.625320,5076300.000000
2023-02-23,59.817846,60.234668,58.768579,59.683079,4058500.000000
2023-02-24,58.884098,59.519438,58.200632,59.375042,2909800.000000
2023-02-27,59.259529,60.106641,58.970737,59.788975,3516400.000000
2023-02-28,59.567027,60.281100,59.258240,60.107407,6824500.000000
2023-03-01,59.962669,60.802184,59.914422,59.972321,2758600.000000
2023-03-02,60.213555,61.371505,59.866168,61.323257,2537100.000000
2023-03-03,60.966230,61.516257,60.705690,61.468010,2412700.000000
2023-03-06,61.139918,61.796091,60.599538,61.033772,3932600.000000
2023-03-07,60.599535,60.802176,59.663526,60.763580,4239300.000000
2023-03-08,60.773233,60.773233,59.383691,60.020565,4877400.000000
2023-03-09,60.155661,60.223208,57.810806,57.820454,2485400.000000
2023-03-10,57.521311,57.695004,56.358532,56.826538,2632500.000000
2023-03-13,56.006330,57.251131,55.557623,56.566006,2897900.000000
2023-03-14,57.550261,57.929492,56.146245,56.855488,3774800.000000
2023-03-15,55.687888,55.774734,54.172899,54.858021,4254000.000000
2023-03-16,54.283881,55.176469,53.854473,54.964176,4861400.000000
2023-03-17,54.433441,55.128214,54.143954,54.626434,12011000.000000
2023-03-20,54.964166,55.861580,54.964166,55.601040,4243200.000000
2023-03-21,56.334416,56.884443,56.073876,56.459858,2758500.000000
2023-03-22,56.344063,56.604602,55.417701,55.427349,2320900.000000
2023-03-23,55.485245,55.996673,54.539584,54.819424,2454200.000000
2023-03-24,54.153600,55.128213,53.941312,54.848373,2559300.000000
2023-03-27,55.379103,56.319942,55.128214,55.678242,3560800.000000
2023-03-28,55.914649,56.544768,55.774729,56.064217,2224400.000000
2023-03-29,56.691450,57.897651,56.546705,57.839752,4911900.000000
2023-03-30,58.582772,58.602072,57.473069,57.849403,3152500.000000
2023-03-31,58.003800,58.315480,57.743260,58.196793,2700100.000000
2023-04-03,58.447676,58.930157,58.249861,58.862610,3420300.000000
2023-04-04,58.447676,58.524874,57.815628,58.283634,3465200.000000
2023-04-05,57.936256,58.722698,57.912131,58.592430,2956100.000000
2023-04-06,58.351184,58.360832,57.019537,57.704659,3045900.000000
2023-04-10,57.781856,58.573124,57.637111,58.177490,2040900.000000
2023-04-11,58.225732,58.978400,57.974844,58.795059,2119900.000000
2023-04-12,59.181050,60.039865,58.949458,59.624931,2904500.000000
2023-04-13,59.846869,60.666120,59.528431,60.522343,2642600.000000
2023-04-14,60.696038,61.144745,59.663531,59.953018,1697400.000000
2023-04-17,60.261800,60.638134,59.909588,60.570587,1641800.000000
2023-04-18,60.705681,60.850427,60.348647,60.763580,1624400.000000
2023-04-19,60.599537,60.763582,59.914416,60.068810,1482500.000000
2023-04-20,59.586330,59.842044,59.277543,59.721424,1691100.000000
2023-04-21,59.924057,59.924057,58.997696,59.325783,1626400.000000
2023-04-24,59.595973,59.663523,59.185865,59.354733,1393700.000000
2023-04-25,58.944626,59.065246,58.264331,58.409073,1718400.000000
2023-04-26,58.013443,58.216088,57.135329,57.550262,1762700.000000
2023-04-27,57.550262,58.606895,57.550262,58.544170,1791000.000000
2023-04-28,58.486277,59.190698,58.413904,58.978405,2980000.000000
2023-05-01,59.045952,59.702126,58.852963,59.306492,1846400.000000
2023-05-02,58.751639,58.862611,56.604602,58.515224,2617800.000000
2023-05-03,58.746818,58.930159,57.844579,57.897652,2372200.000000
2023-05-04,58.235390,58.447683,54.848379,54.886978,4165200.000000
2023-05-05,55.610694,56.821718,55.533496,56.208969,3142900.000000
2023-05-08,56.865142,56.971288,55.514195,55.572094,2399400.000000
2023-05-09,55.118558,55.330851,54.660203,55.099258,2771700.000000
2023-05-10,55.658942,55.832635,54.423793,55.552795,2707400.000000
2023-05-11,54.819423,55.147509,54.457562,54.838722,2211100.000000
2023-05-12,55.079967,55.369455,54.418967,55.022068,1937800.000000
2023-05-15,55.219880,55.943600,54.954518,55.871231,2049300.000000
2023-05-16,55.533499,55.707192,54.886977,54.973824,2066900.000000
2023-05-17,55.089613,55.108913,53.893060,53.999207,2952100.000000
2023-05-18,53.690418,54.298344,52.947398,54.221146,2714300.000000
2023-05-19,54.549238,55.318313,54.385197,54.973824,2284100.000000
2023-05-22,55.350152,55.359800,54.568533,54.867672,2179400.000000
2023-05-23,54.597492,54.858029,53.873772,54.066761,2627400.000000
2023-05-24,54.134298,54.201845,53.125916,53.314083,1870900.000000
2023-05-25,53.014943,53.400929,52.706156,52.928097,2255200.000000
2023-05-26,53.246541,53.825516,53.043900,53.236889,2953600.000000
2023-05-30,53.188641,53.188641,52.283508,53.043900,3789800.000000
2023-05-31,52.763287,52.976160,51.253832,51.756985,6882800.000000
2023-06-01,51.713443,52.114998,51.050634,52.114998,3872400.000000
2023-06-02,53.479319,54.301778,53.072924,54.108257,3365800.000000
2023-06-05,54.098580,55.085533,54.050200,54.379185,3424200.000000
2023-06-06,54.040523,55.966051,53.953439,55.753178,3438000.000000
2023-06-07,55.937027,56.662728,55.791886,56.207954,5948900.000000
2023-06-08,56.295042,56.295042,55.453230,55.956383,2850300.000000
2023-06-09,55.433871,55.549983,54.079228,54.611408,4734000.000000
2023-06-12,54.621083,55.433868,54.263072,55.153263,3261100.000000
2023-06-13,55.308084,56.140221,55.308084,55.830589,2184300.000000
2023-06-14,56.077335,56.185706,55.012971,55.182301,2447100.000000
2023-06-15,55.288724,56.111187,55.288724,55.811230,3801400.000000
2023-06-16,55.801560,55.995081,54.935560,55.375816,10092000.000000
2023-06-20,54.969421,55.124237,54.408210,54.708168,3439500.000000
2023-06-21,54.417896,56.904631,54.278561,56.672405,4451100.000000
2023-06-22,56.488557,56.561128,55.840262,56.014431,2015100.000000
2023-06-23,55.627395,56.004759,55.114564,55.375816,4214000.000000
2023-06-26,55.588688,56.362769,55.530631,56.130543,1862400.000000
2023-06-27,55.966055,56.120871,54.582385,55.472580,3870100.000000
2023-06-28,55.762854,55.772529,54.509809,55.095207,2973800.000000
2023-06-29,54.930720,55.859616,54.814609,55.830589,1927400.000000
2023-06-30,55.975730,55.975730,54.775907,55.443550,5280200.000000
2023-07-03,55.820911,56.420826,55.699961,56.120869,2013500.000000
2023-07-05,55.220999,55.489025,54.475946,54.717846,4413100.000000
2023-07-06,54.330810,54.930721,54.137289,54.785580,3614600.000000
2023-07-07,54.592060,55.684483,54.592060,55.443550,3735800.000000
2023-07-10,54.156639,54.330807,51.398973,52.337547,8954000.000000
2023-07-11,52.182735,52.772973,51.766666,52.753620,4271700.000000
2023-07-12,53.121319,53.175504,52.134365,52.279503,5022200.000000
2023-07-13,52.192411,52.898760,52.017276,52.840706,3528300.000000
2023-07-14,53.072918,53.072918,52.066616,52.492359,3180000.000000
2023-07-17,52.492362,53.130978,52.405277,52.821346,2633200.000000
2023-07-18,53.382555,53.808302,53.140655,53.314823,5000600.000000
2023-07-19,53.701863,54.640438,53.701863,54.369507,4543600.000000
2023-07-20,54.872664,55.119403,54.359836,54.785580,2328400.000000
2023-07-21,54.921035,55.008119,54.393694,54.524319,1891900.000000
2023-07-24,54.727524,55.075857,54.253398,54.862988,2508900.000000
2023-07-25,54.804927,54.804927,54.011494,54.408211,3082200.000000
2023-07-26,54.098583,54.446920,53.663161,53.982471,3173200.000000
2023-07-27,54.108255,54.485622,53.653484,53.788948,2904400.000000
2023-07-28,54.287263,54.427566,54.001822,54.321129,2697200.000000
2023-07-31,54.543673,54.650110,54.205014,54.601730,2184800.000000
2023-08-01,54.330804,54.553352,53.914736,54.127605,3106000.000000
2023-08-02,53.605109,54.592059,53.421262,54.088909,3378600.000000
2023-08-03,53.769593,54.422723,53.324497,53.885704,4796700.000000
2023-08-04,53.295470,55.627388,52.976159,54.205013,7329700.000000
2023-08-07,54.156637,54.205017,52.627826,52.801994,3939500.000000
2023-08-08,52.337549,53.068089,52.153706,52.424633,2916100.000000
2023-08-09,52.279490,52.531068,51.524762,51.640873,3674600.000000
2023-08-10,51.882773,51.974696,50.402344,50.518456,5140500.000000
2023-08-11,50.528136,50.963554,50.286236,50.711979,2990400.000000
2023-08-14,50.315254,50.373312,49.841128,50.315254,2305400.000000
2023-08-15,49.715343,49.734696,48.515516,49.008995,5545700.000000
2023-08-16,48.960621,49.270253,48.384901,48.389736,4172100.000000
2023-08-17,48.380059,49.347660,48.331679,48.796127,3909300.000000
2023-08-18,48.418766,49.347662,48.418766,49.115437,4778200.000000
2023-08-21,49.125118,49.224781,48.530041,48.583260,2486300.000000
2023-08-22,48.418768,48.573584,47.586630,47.780151,3498300.000000
2023-08-23,47.702738,47.731768,47.102826,47.489868,5037600.000000
2023-08-24,47.257639,48.113964,47.151202,48.041397,3935200.000000
2023-08-25,48.312328,48.805803,48.022048,48.322002,5374200.000000
2023-08-28,48.505850,49.463773,48.505850,49.279930,3791900.000000
2023-08-29,49.492801,49.715349,49.144464,49.647617,3143500.000000
2023-08-30,49.608910,49.899189,49.391197,49.599232,3462800.000000
2023-08-31,49.754535,49.773948,48.968326,49.026562,3958200.000000
2023-09-01,49.502174,49.890428,49.356578,49.608944,3573200.000000
2023-09-05,50.016608,50.375744,49.453644,49.463348,6091000.000000
2023-09-06,49.356576,49.511877,48.686843,49.016857,4988300.000000
2023-09-07,48.667429,49.152745,47.405610,48.104465,9868200.000000
2023-09-08,48.220940,48.453889,47.813273,48.123878,2997600.000000
2023-09-11,48.259765,48.774198,48.114169,48.347122,3350800.000000
2023-09-12,48.570367,50.191319,48.046226,50.113670,6620700.000000
2023-09-13,50.336910,51.831682,50.336910,50.463093,6209400.000000
2023-09-14,51.045467,51.370628,50.637801,51.064880,4979700.000000
2023-09-15,50.967831,51.686099,50.880474,51.006657,11700500.000000
2023-09-18,50.899874,51.161945,50.162196,50.346615,4218300.000000
2023-09-19,50.793113,51.084301,50.521334,50.996944,5439500.000000
2023-09-20,51.433728,51.433728,50.171905,50.249557,4121300.000000
2023-09-21,49.744830,50.259263,49.502172,50.016605,3519100.000000
2023-09-22,50.074841,50.268968,49.730268,49.909832,3208600.000000
2023-09-25,49.531291,49.861306,49.201276,49.764244,4334400.000000
2023-09-26,49.531297,49.909842,49.055690,49.298347,3817800.000000
2023-09-27,49.531293,49.822485,48.919798,49.259518,2591000.000000
2023-09-28,49.317756,49.725419,48.968328,49.414818,3086000.000000
2023-09-29,49.793366,50.036024,49.424525,49.657478,3507600.000000
2023-10-02,49.443931,49.443931,48.269469,48.580070,3666300.000000
2023-10-03,48.094754,49.143037,47.958866,48.861553,3856900.000000
2023-10-04,49.026562,49.521586,48.672284,48.968327,2759500.000000
2023-10-05,48.657724,49.045974,47.978281,48.366535,2497300.000000
2023-10-06,48.211230,49.007150,47.987985,48.580070,2920400.000000
2023-10-09,48.424775,49.118776,47.987991,49.104218,3119800.000000
2023-10-10,49.240102,49.686591,48.973180,49.036270,2248400.000000
2023-10-11,48.987738,49.045974,47.162951,48.415066,4008900.000000
2023-10-12,48.715953,48.715953,47.687087,47.987980,1897000.000000
2023-10-13,48.007400,48.376241,47.609442,48.094757,2248000.000000
2023-10-16,48.405358,48.565513,47.920042,48.347122,2174900.000000
2023-10-17,48.220936,50.065136,48.191818,50.045723,3335200.000000
2023-10-18,49.909840,50.404864,49.608947,49.725422,3455700.000000
2023-10-19,49.827335,50.395153,49.356578,49.463348,2617000.000000
2023-10-20,49.968076,50.113672,48.774200,48.783905,2363800.000000
2023-10-23,45.988486,47.842390,45.988486,47.337662,5078100.000000
2023-10-24,47.027069,47.352230,46.677642,46.988243,3765900.000000
2023-10-25,47.104721,47.716219,46.988246,47.201786,2394400.000000
2023-10-26,47.580323,47.871512,47.182365,47.279427,2856600.000000
2023-10-27,46.104968,46.784410,45.823484,46.415569,5864100.000000
2023-10-30,46.755283,46.929997,46.129230,46.803818,3637600.000000
2023-10-31,46.619396,46.920293,45.939957,46.726166,3755200.000000
2023-11-01,46.726160,46.881461,46.037013,46.337910,4446800.000000
2023-11-02,46.512628,48.133583,46.512628,48.104465,2771400.000000
2023-11-03,48.337416,49.162454,48.230646,48.754787,2843100.000000
2023-11-06,48.696549,48.774202,48.269473,48.502426,2640900.000000
2023-11-07,48.075345,48.385947,47.687095,47.832687,3070700.000000
2023-11-08,47.871505,48.125811,47.153240,47.192062,2811700.000000
2023-11-09,48.211233,48.211233,42.994092,43.202778,7045300.000000
2023-11-10,43.066894,43.348378,42.076850,42.270977,5287900.000000
2023-11-13,42.154503,44.018113,41.950671,43.959877,7620400.000000
2023-11-14,44.154004,45.609950,44.154004,44.920799,4344200.000000
2023-11-15,45.017859,45.862307,45.017859,45.357578,2854000.000000
2023-11-16,45.910837,46.541748,44.974178,45.590530,3101000.000000
2023-11-17,45.813777,46.192323,45.430378,45.930252,3495300.000000
2023-11-20,45.920549,45.920549,45.260520,45.483765,3238800.000000
2023-11-21,45.464346,45.668178,44.881969,44.911087,2709300.000000
2023-11-22,44.930504,45.095509,44.154000,44.998447,1984300.000000
2023-11-24,44.843142,45.910834,44.736372,45.299335,1411400.000000
2023-11-27,44.571370,44.906239,44.251064,44.386951,3223100.000000
2023-11-28,44.309304,44.920799,43.969581,44.163708,4426900.000000
2023-11-29,44.406365,44.687849,43.950168,44.163708,3426500.000000
2023-11-30,44.280585,44.368250,43.852002,44.027332,7518600.000000
2023-12-01,44.183181,45.220550,43.910447,45.001389,5788300.000000
2023-12-04,44.709172,45.015999,43.998108,44.046814,5222800.000000
2023-12-05,43.774074,44.005902,42.751316,42.751316,4894000.000000
2023-12-06,42.946133,43.442900,42.838986,43.004578,3746300.000000
2023-12-07,43.101983,43.540309,42.955873,43.345497,4821500.000000
2023-12-08,43.462382,44.144222,43.345496,43.978634,5691400.000000
2023-12-11,44.387727,44.709167,44.085768,44.611759,5526700.000000
2023-12-12,44.475396,44.475396,43.559784,43.647449,4052500.000000
2023-12-13,43.968897,44.543590,43.550052,44.358521,8684900.000000
2023-12-14,44.723792,46.287151,44.723792,45.332577,7659600.000000
2023-12-15,45.176720,45.498157,44.865023,45.342308,14029300.000000
2023-12-18,45.663747,46.170257,45.196201,45.955963,7038500.000000
2023-12-19,46.296880,46.925147,46.209215,46.618320,6079700.000000
2023-12-20,46.540401,46.632937,45.254647,45.381275,4518500.000000
2023-12-21,45.692968,46.131294,45.576082,46.063110,3070000.000000
2023-12-22,46.223831,46.462474,45.965703,46.228699,2657600.000000
2023-12-26,46.267660,46.871574,46.072848,46.754688,2636000.000000
2023-12-27,46.637806,47.076132,46.371886,46.735210,1856500.000000
2023-12-28,46.754692,46.968986,46.540399,46.842358,1984000.000000
2023-12-29,46.715732,46.978728,46.287149,46.676769,2120300.000000
2024-01-02,46.589103,47.572898,46.513124,47.300163,3123400.000000
2024-01-03,47.027423,47.210545,46.608579,46.832615,3469300.000000
2024-01-04,46.852095,46.978723,46.179997,46.365067,3079900.000000
2024-01-05,46.365073,46.520922,45.702715,46.102081,2773800.000000
2024-01-08,45.800121,46.014415,45.079318,45.790379,2414600.000000
2024-01-09,45.478671,45.537116,44.806574,45.303341,3042800.000000
2024-01-10,44.777359,45.118277,44.670213,44.855282,2595400.000000
2024-01-11,45.059836,45.361795,44.640996,44.835804,4007900.000000
2024-01-12,45.215686,45.342314,44.650735,44.913731,3299000.000000
2024-01-16,44.830934,44.858208,44.085778,44.309814,5702900.000000
2024-01-17,43.832523,44.446179,43.515954,43.676674,3644900.000000
2024-01-18,43.530562,43.579268,42.926649,43.257828,4040000.000000
2024-01-19,43.024054,44.455917,42.868205,44.416954,5115300.000000
2024-01-22,43.993247,44.378000,43.637715,43.803307,4708200.000000
2024-01-23,44.300072,44.689695,43.886098,44.251369,2634600.000000
2024-01-24,44.426700,44.480273,43.744860,44.231888,2454400.000000
2024-01-25,44.563059,44.640985,43.842256,44.066292,3958100.000000
2024-01-26,44.475404,44.748138,44.076041,44.670216,3226200.000000
2024-01-29,44.553326,44.748135,44.124739,44.738396,2123200.000000
2024-01-30,44.436440,44.948795,44.397481,44.640995,2948200.000000
2024-01-31,44.816320,45.147499,44.280590,44.300072,5825300.000000
2024-02-01,55.024431,56.261479,51.001578,52.657475,12192900.000000
2024-02-02,52.891250,53.086062,51.517831,51.663940,5601500.000000
2024-02-05,51.137940,51.137940,50.314862,50.456100,5824300.000000
2024-02-06,50.407400,51.055148,49.978816,50.738579,4725400.000000
2024-02-07,50.982097,52.784099,50.982097,52.667213,7010000.000000
2024-02-08,52.589291,52.920471,51.284056,51.858749,6199800.000000
2024-02-09,51.663943,52.512344,51.508094,52.209412,2929800.000000
2024-02-12,53.212682,53.875041,53.047091,53.612045,3274500.000000
2024-02-13,53.163986,53.563349,51.965894,52.238632,3525700.000000
2024-02-14,52.706177,52.896117,52.165575,52.676956,3260500.000000
2024-02-15,52.881509,53.972451,52.881509,53.261391,3048100.000000
2024-02-16,53.349049,53.845816,53.105535,53.378269,3892700.000000
2024-02-20,52.969170,53.280867,52.550325,52.949688,3113400.000000
2024-02-21,52.813320,53.125018,52.560064,52.813320,2325500.000000
2024-02-22,52.667212,53.446456,52.511363,53.290607,4256400.000000
2024-02-23,53.202939,53.680228,53.071443,53.475677,2400300.000000
2024-02-26,53.193204,53.763026,53.066575,53.397755,2593700.000000
2024-02-27,53.646141,53.904266,53.431848,53.699715,2186100.000000
2024-02-28,53.456202,53.649063,52.754881,53.125023,3568600.000000
2024-02-29,53.222711,53.242249,52.021097,52.284866,6804300.000000
2024-03-01,52.255564,53.085946,52.255564,52.421638,4274200.000000
2024-03-04,52.128553,52.744015,52.118782,52.372784,2490200.000000
2024-03-05,52.206710,52.861250,52.128559,52.695171,2904900.000000
2024-03-06,52.851488,53.281336,52.529106,52.783104,4142500.000000
2024-03-07,53.173866,53.867480,53.022445,53.232483,3330900.000000
2024-03-08,53.222713,53.574406,53.144561,53.418098,4260600.000000
2024-03-11,53.320405,54.404786,53.320405,53.818634,4053600.000000
2024-03-12,53.926096,54.092171,52.924749,53.838173,4423800.000000
2024-03-13,54.062862,54.502478,53.926094,54.023785,3165200.000000
2024-03-14,53.818636,53.945637,53.235413,53.926098,3514800.000000
2024-03-15,53.574404,54.395018,53.574404,53.818634,6496000.000000
2024-03-18,54.170327,54.170327,53.261789,53.447403,3169500.000000
2024-03-19,53.437635,53.745364,53.085943,53.408325,3134600.000000
2024-03-20,53.584174,54.576730,53.379022,54.443867,5427100.000000
2024-03-21,54.531784,54.600168,53.974939,54.492706,2467400.000000
2024-03-22,54.649016,54.785788,53.701404,53.799095,1993500.000000
2024-03-25,54.004247,54.375479,53.670141,54.346172,2132600.000000
2024-03-26,54.365709,55.049551,54.346170,55.000706,3283700.000000
2024-03-27,55.284010,55.723625,55.225393,55.684547,2629300.000000
2024-03-28,55.831096,56.837325,55.762712,56.339092,4563900.000000
2024-04-01,56.241392,56.417238,55.699200,56.348854,3847100.000000
2024-04-02,56.466082,56.729851,55.792007,55.850620,3092900.000000
2024-04-03,55.889709,56.309786,55.752941,56.085094,3025200.000000
2024-04-04,56.778709,56.817786,55.606401,55.635712,2627400.000000
2024-04-05,55.557560,55.733406,54.964570,55.538021,2267400.000000
2024-04-08,55.782249,56.192558,55.538019,56.192558,3770300.000000
2024-04-09,56.397711,56.514941,55.528251,56.192558,1902000.000000
2024-04-10,55.313320,56.114395,54.942092,55.840858,2133300.000000
2024-04-11,55.596632,55.831095,54.736940,55.157017,1870600.000000
2024-04-12,53.408320,54.399899,52.406978,52.519321,3906700.000000
2024-04-15,53.252019,53.330174,51.962482,52.431404,2709500.000000
2024-04-16,52.294634,52.519326,51.977137,52.089481,2742800.000000
2024-04-17,52.353252,53.085944,52.255562,52.294636,2656500.000000
2024-04-18,52.617016,52.914977,52.372785,52.714706,1614900.000000
2024-04-19,52.656097,53.574402,52.636558,53.535324,2052600.000000
2024-04-22,53.535328,54.180096,53.154329,53.926098,2315600.000000
2024-04-23,53.408323,54.287554,53.408323,53.906555,2576200.000000
2024-04-24,53.388794,53.794214,53.046869,53.506023,1811700.000000
2024-04-25,53.535324,53.681864,52.812404,53.437634,1593400.000000
2024-04-26,53.115243,53.921205,53.105476,53.652550,2350200.000000
2024-04-29,53.926094,54.219170,53.720941,54.219170,2348000.000000
2024-04-30,53.828395,53.877244,52.861244,52.880783,3520000.000000
2024-05-01,53.134785,53.466939,52.411865,52.665863,3590000.000000
2024-05-02,55.684551,56.368397,55.010476,55.665012,6605000.000000
2024-05-03,55.713858,56.075321,55.264474,55.840858,2977600.000000
2024-05-06,56.387937,56.458274,54.961628,55.059322,3205100.000000
2024-05-07,55.352405,56.554018,55.352405,56.192558,5527600.000000
2024-05-08,55.997166,56.310757,55.498938,55.508705,4291900.000000
2024-05-09,55.743173,56.602862,55.743173,56.495403,4051600.000000
2024-05-10,56.661480,57.403940,56.124174,56.153481,3754500.000000
2024-05-13,56.329319,57.101089,55.967859,55.977627,3034100.000000
2024-05-14,56.329321,56.602858,55.889705,56.221859,3898000.000000
2024-05-15,56.544242,56.856856,55.586859,55.811550,4157400.000000
2024-05-16,55.694324,55.821324,54.600172,54.707634,5081800.000000
2024-05-17,54.903017,55.254709,54.580631,55.147247,5282000.000000
2024-05-20,55.235164,55.684548,55.059318,55.430550,2869800.000000
2024-05-21,55.489168,55.655247,55.127708,55.342632,3032200.000000
2024-05-22,54.932321,55.792013,54.932321,55.665012,2955100.000000
2024-05-23,55.625938,55.674787,53.916324,54.287556,3121400.000000
2024-05-24,54.287556,54.761363,54.004247,54.228939,2282200.000000
2024-05-28,54.184981,54.502482,53.769790,54.375481,2418800.000000
2024-05-29,53.828402,54.228940,52.978481,53.017559,4255800.000000
2024-05-30,53.115243,53.984703,53.115243,53.965168,2171600.000000
2024-05-31,53.906558,54.727173,53.716059,54.649017,3593400.000000
2024-06-03,54.473170,54.717400,53.672094,54.287556,2310900.000000
2024-06-04,53.817281,54.042622,52.543616,52.612198,2995900.000000
2024-06-05,52.543619,52.989400,52.386860,52.964909,2033700.000000
2024-06-06,52.935502,53.890753,52.783643,53.807472,2624000.000000
2024-06-07,52.866925,53.562541,51.652046,51.828400,3750700.000000
2024-06-10,51.593270,51.603066,50.608628,50.662514,5329900.000000
2024-06-11,50.064860,51.377715,48.996940,50.593922,6635800.000000
2024-06-12,51.005416,51.652046,50.476354,50.887844,3326000.000000
2024-06-13,50.593923,50.907441,49.927698,50.535141,3512600.000000
2024-06-14,50.525341,50.750681,49.457421,50.143242,1619300.000000
2024-06-17,50.221623,51.142583,50.113854,50.985825,2622900.000000
2024-06-18,51.220963,51.730429,50.329397,50.838863,2577800.000000
2024-06-20,50.731087,51.837218,50.554733,51.309135,3617600.000000
2024-06-21,51.377720,51.965568,50.917243,51.847996,8369800.000000
2024-06-24,52.014554,52.279085,51.681441,51.838200,2909400.000000
2024-06-25,51.544283,52.004763,51.142588,51.965572,3330800.000000
2024-06-26,51.838201,52.651390,51.710834,52.553413,3410400.000000
2024-06-27,52.533819,52.739567,52.171315,52.563213,2958100.000000
2024-06-28,53.013894,53.484170,52.440745,52.847336,6301400.000000
2024-07-01,52.817945,53.146158,51.799011,51.994961,2549800.000000
2024-07-02,51.916579,52.112525,51.554072,51.701035,2186800.000000
2024-07-03,51.789212,52.073338,51.201364,51.416908,1238100.000000
2024-07-05,51.034811,51.407115,50.691903,51.377720,1493500.000000
2024-07-08,51.397318,51.500190,50.456765,50.672310,2996900.000000
2024-07-09,50.584128,50.642910,49.663167,49.692562,2577500.000000
2024-07-10,49.770940,50.025675,49.339854,49.986485,3435900.000000
2024-07-11,50.407777,51.416912,50.339196,51.211166,2243900.000000
2024-07-12,51.583472,52.225202,50.985828,52.024353,2496000.000000
2024-07-15,51.945968,52.195803,51.387515,51.828400,2646100.000000
2024-07-16,51.896986,53.126561,51.843100,53.102070,2818000.000000
2024-07-17,53.121664,54.552088,53.121664,54.414925,3089900.000000
2024-07-18,53.699711,54.992971,53.582139,54.081810,2592000.000000
2024-07-19,54.160186,54.160186,53.249025,53.670315,2088300.000000
2024-07-22,53.787894,53.856476,52.847338,53.660526,1494700.000000
2024-07-23,53.444974,53.680114,53.160848,53.288216,1625500.000000
2024-07-24,53.582142,53.787891,52.651389,52.729767,1999600.000000
2024-07-25,52.533814,54.777426,52.455436,54.160187,2798200.000000
2024-07-26,54.326749,54.924393,54.081814,54.267963,2272000.000000
2024-07-29,54.199381,54.914593,53.925054,54.336544,1906900.000000
2024-07-30,54.483506,54.914591,54.072012,54.405125,2002900.000000
2024-07-31,54.659863,55.414266,54.307155,54.963581,3682600.000000
2024-08-01,52.866929,54.542288,51.818604,51.926376,6146400.000000
2024-08-02,51.220958,51.877388,49.986484,50.535141,3784000.000000
2024-08-05,49.555399,51.142581,49.281068,50.270611,3627700.000000
2024-08-06,50.133442,50.897644,49.917901,50.143242,3654300.000000
2024-08-07,50.417576,51.328737,49.721959,49.751350,2520500.000000
2024-08-08,50.035465,50.593918,49.927693,50.505741,2645700.000000
2024-08-09,50.446967,50.721294,49.751347,50.515549,1841200.000000
2024-08-12,50.486156,50.691905,50.094261,50.182438,1724700.000000
2024-08-13,50.300007,50.976028,49.966894,50.682106,2181500.000000
2024-08-14,50.819261,51.015210,50.211821,50.936832,2011900.000000
2024-08-15,51.603065,51.877396,51.328738,51.691242,2270800.000000
2024-08-16,51.710829,52.827735,51.524679,52.710167,2926100.000000
2024-08-19,52.906117,53.523356,52.724863,53.209839,2517400.000000
2024-08-20,53.111869,53.111869,52.435848,52.514225,2760700.000000
2024-08-21,52.778756,53.317614,52.661188,53.180450,1584600.000000
2024-08-22,53.131459,53.454776,52.876728,53.444977,1922200.000000
2024-08-23,53.729105,54.507999,53.631133,54.454117,4475900.000000
2024-08-26,54.669657,55.135037,54.258166,54.522697,2602500.000000
2024-08-27,54.218972,54.522694,53.836873,54.434517,3809600.000000
2024-08-28,54.395332,54.904799,53.974042,54.865608,2308000.000000
2024-08-29,55.355477,56.251943,54.738238,55.845348,2807100.000000
2024-08-30,55.620008,56.403802,55.556326,56.139271,4229100.000000
2024-09-03,55.471060,55.598806,54.390133,54.606319,3146400.000000
2024-09-04,54.832333,55.107480,54.228001,54.537537,2449300.000000
2024-09-05,54.891298,55.333495,53.997079,54.154305,3896700.000000
2024-09-06,53.967594,54.694763,53.928290,54.370487,5004100.000000
2024-09-09,54.675104,55.284351,54.282043,54.832329,4233700.000000
2024-09-10,54.940428,54.940428,54.075688,54.419621,2525100.000000
2024-09-11,54.301700,54.331183,52.994767,54.193611,2764000.000000
2024-09-12,54.223083,54.758630,54.056029,54.734066,2491800.000000
2024-09-13,54.960076,55.721638,54.960076,55.647938,1703300.000000
2024-09-16,55.913261,56.198230,54.832335,55.294186,2208800.000000
2024-09-17,55.677416,56.149091,55.549669,56.050827,1922500.000000
2024-09-18,55.746203,56.895915,55.746203,56.443890,2484100.000000
2024-09-19,57.269320,57.898221,56.797645,57.583771,3626800.000000
2024-09-20,57.043317,57.043317,56.021352,56.581470,8144000.000000
2024-09-23,56.610946,57.131754,56.581468,56.994183,3200000.000000
2024-09-24,57.220190,57.524815,54.704584,56.846779,4220400.000000
2024-09-25,57.043310,57.067878,55.834641,56.158920,2350200.000000
2024-09-26,56.561818,57.180890,56.355457,57.013840,2107100.000000
2024-09-27,57.367596,58.050544,57.338114,57.564129,2434500.000000
2024-09-30,57.652559,57.780306,57.092444,57.770481,3266000.000000
2024-10-01,57.082616,57.798974,56.895913,56.984352,3513600.000000
2024-10-02,57.249670,57.888399,56.845798,57.623081,3010000.000000
2024-10-03,57.347941,57.505166,56.954876,57.082623,1666900.000000
2024-10-04,57.593606,57.780309,57.102276,57.318462,1327000.000000
2024-10-07,57.023662,57.171062,56.217882,56.463547,2224100.000000
2024-10-08,56.109788,56.286667,55.530020,55.903431,1741200.000000
2024-10-09,55.814984,56.247356,55.495619,55.520187,1660500.000000
2024-10-10,55.048517,55.638110,54.684934,55.569324,2156400.000000
2024-10-11,55.667598,56.502856,55.657769,55.854301,2883600.000000
2024-10-14,55.736385,56.827136,55.471066,56.758347,1925800.000000
2024-10-15,56.591292,56.768171,56.139270,56.306320,3149700.000000
2024-10-16,57.465857,58.016147,56.925396,57.927708,2482500.000000
2024-10-17,57.741000,58.100654,57.357764,57.927708,2659900.000000
2024-10-18,58.340427,58.645052,57.908058,58.379734,2604300.000000
2024-10-21,58.438690,58.448515,57.534642,58.222504,3047100.000000
2024-10-22,57.947357,58.173368,57.313542,58.094753,2349400.000000
2024-10-23,58.458343,59.824237,58.291289,59.735798,2783100.000000
2024-10-24,59.843893,60.138690,59.382042,59.725971,3673400.000000
2024-10-25,59.893022,60.143601,59.283775,59.303425,2632300.000000
2024-10-28,59.460657,60.187826,59.323086,60.069908,3028600.000000
2024-10-29,59.853716,60.315566,59.647358,59.735798,2511000.000000
2024-10-30,59.883194,61.298224,59.883194,60.502270,3067100.000000
2024-10-31,60.620192,60.875685,59.863544,59.863544,3605900.000000
2024-11-01,59.755456,60.286089,59.480309,59.804588,2458800.000000
2024-11-04,60.001125,60.571065,59.691585,60.148521,2578400.000000
2024-11-05,59.873370,60.865853,59.608052,60.679150,2166000.000000
2024-11-06,62.644472,62.644472,59.725976,60.669331,4744500.000000
2024-11-07,56.994181,58.173371,56.306319,57.623081,7352900.000000
2024-11-08,57.947363,58.507478,57.141584,57.318462,4673800.000000
2024-11-11,57.809791,58.232330,57.298808,57.505165,2735500.000000
2024-11-12,57.534644,57.534644,56.011524,56.139271,2695900.000000
2024-11-13,56.301416,57.013845,56.262112,56.660088,2396000.000000
2024-11-14,56.679735,56.846786,56.119621,56.414417,2628300.000000
2024-11-15,56.257191,56.463549,54.223089,54.252567,5636700.000000
2024-11-18,54.458917,56.060651,54.350828,56.001694,4190700.000000
2024-11-19,55.353141,57.397069,55.195913,57.230019,4217600.000000
2024-11-20,57.446204,58.001409,56.994182,57.741001,3507200.000000
2024-11-21,58.301120,60.010943,57.868748,59.706318,4520600.000000
2024-11-22,59.431173,60.207474,59.018459,60.168167,3745800.000000
2024-11-25,60.561237,63.086665,60.561237,63.017879,9733800.000000
2024-11-26,62.241577,62.767299,61.671633,62.153137,3959100.000000
2024-11-27,62.261232,62.988397,61.278574,61.416145,2517700.000000
2024-11-29,60.708627,61.475103,60.246780,61.160652,2467400.000000
2024-12-02,61.338017,61.549868,60.667979,61.318310,3224600.000000
2024-12-03,61.485820,61.574502,60.707393,61.091679,2631000.000000
2024-12-04,60.628565,60.878845,60.067900,60.273838,2407700.000000
2024-12-05,60.303398,60.589150,59.850138,59.889549,2475300.000000
2024-12-06,59.485563,60.086627,58.549480,58.618458,2953700.000000
2024-12-09,58.933762,59.928964,58.785958,58.864788,3394400.000000
2024-12-10,58.914059,59.012592,57.298086,58.549477,3749200.000000
2024-12-11,58.657868,59.613658,58.450945,58.904205,5431300.000000
2024-12-12,58.933767,59.258930,58.396749,58.431236,2009500.000000
2024-12-13,58.381972,58.874647,57.849882,58.618458,1990100.000000
2024-12-16,58.475578,59.214591,58.056802,58.086365,3978300.000000
2024-12-17,57.783869,58.234171,56.918730,57.711937,4885300.000000
2024-12-18,57.613398,58.125780,55.544161,55.583576,4224100.000000
2024-12-19,55.958006,56.095954,55.337234,55.337234,4026800.000000
2024-12-20,55.593429,57.041895,55.475188,56.637901,11010700.000000
2024-12-23,56.726580,56.815262,55.327386,56.086102,2456500.000000
2024-12-24,56.302882,56.672388,55.573726,56.637901,986400.000000
2024-12-26,56.056541,56.972916,55.790496,56.588631,1401600.000000
2024-12-27,56.135372,57.071451,56.115664,56.401417,1502100.000000
2024-12-30,55.849618,56.125514,55.396358,55.731377,1802000.000000
2024-12-31,55.800355,56.263467,55.632844,56.125519,1750200.000000
2025-01-02,56.026985,56.509804,55.475188,55.514603,2487200.000000
2025-01-03,55.760932,56.125510,54.883971,55.120453,2380800.000000
2025-01-06,55.460409,57.051751,55.460409,56.105812,2980800.000000
2025-01-07,55.879181,56.815264,55.829914,56.194492,2777700.000000
2025-01-08,56.164936,56.361022,55.639744,56.312740,2833700.000000
2025-01-10,54.864273,56.588635,54.864273,56.253616,3886500.000000
2025-01-13,56.362005,59.150543,56.362005,59.052010,3845400.000000
2025-01-14,59.180102,60.076770,59.130831,59.997940,3181600.000000
2025-01-15,60.736957,60.993150,59.446151,60.027504,3521100.000000
2025-01-16,60.027503,60.776371,59.731899,60.727104,2187700.000000
2025-01-17,60.766519,61.515387,60.697545,61.406998,2621600.000000
2025-01-21,61.939081,62.234685,61.308458,62.195271,2146500.000000
2025-01-22,62.027768,62.244542,61.535093,61.594212,2045000.000000
2025-01-23,61.584352,63.289011,61.387282,63.249596,3415700.000000
2025-01-24,63.269302,63.377691,62.404167,63.022964,2386000.000000
2025-01-27,63.584612,63.771831,62.860380,63.525494,3426900.000000
2025-01-28,63.505784,63.909781,63.170768,63.338276,3155500.000000
2025-01-29,63.495929,64.481278,63.298854,64.047722,4177400.000000
2025-01-30,64.338408,65.269563,63.939343,65.180885,3913700.000000
2025-01-31,64.836016,65.190742,63.978759,64.313774,3750100.000000
2025-02-03,63.377696,64.165979,62.224839,63.663448,4693900.000000
2025-02-04,64.254653,64.934547,63.929486,64.737473,3479700.000000
2025-02-05,62.431754,64.057582,62.077027,62.885014,8909400.000000
2025-02-06,62.638680,63.446666,60.027501,61.446407,11376800.000000
2025-02-07,61.584356,63.668369,61.081830,61.426701,5558700.000000
2025-02-10,61.899667,62.214979,61.150803,61.298603,3221900.000000
2025-02-11,61.170509,62.530289,60.924172,62.047470,4129000.000000
2025-02-12,61.338014,61.830689,61.081825,61.150799,2566100.000000
2025-02-13,61.367578,61.988350,61.081830,61.939083,2153900.000000
2025-02-14,62.569705,63.495936,62.185419,63.022964,3906200.000000
2025-02-18,63.160910,63.880219,62.835747,63.515636,3446200.000000
2025-02-19,62.678094,63.357987,62.402197,62.707653,2384000.000000
2025-02-20,62.806189,63.013112,62.274099,62.894871,2241900.000000
2025-02-21,62.707654,62.796336,61.618843,61.840546,2476700.000000
2025-02-24,62.412046,62.461313,61.604060,61.692741,3005100.000000
2025-02-25,61.909527,62.313520,61.377437,62.057327,2082000.000000
2025-02-26,62.205126,62.205126,61.270028,61.879959,3276200.000000
2025-02-27,61.998199,62.830821,61.584354,61.899666,4088000.000000
2025-02-28,62.067183,62.136157,60.843378,62.057327,3509600.000000
2025-03-03,62.299384,62.739051,59.310632,59.676201,4531700.000000
2025-03-04,59.626798,59.794762,58.322616,59.083389,3838900.000000
2025-03-05,59.211830,60.466611,58.994465,60.427090,3807500.000000
2025-03-06,60.269013,60.792661,59.577401,60.130692,3258600.000000
2025-03-07,59.873804,60.466616,59.251356,59.834286,3614200.000000
2025-03-10,59.360041,60.031889,58.722770,59.518124,4015800.000000
2025-03-11,59.518123,59.784884,58.945072,59.251358,4442400.000000
2025-03-12,59.241471,59.745362,57.853309,58.292976,3371700.000000
2025-03-13,58.065737,58.530106,57.393885,57.887894,3304000.000000
2025-03-14,58.381905,59.201957,58.065740,59.103157,2987600.000000
2025-03-17,59.172313,61.168107,59.157494,60.842064,2802800.000000
2025-03-18,60.738319,61.010025,60.336198,60.842064,3443700.000000
2025-03-19,60.832183,62.027682,60.683979,61.711517,3743200.000000
2025-03-20,61.345948,61.612713,60.812418,61.089066,2684800.000000
2025-03-21,60.802538,61.197742,60.422149,60.980381,6880500.000000
2025-03-24,61.849835,61.849835,60.911222,61.326187,2117800.000000
2025-03-25,61.336069,61.602830,60.822300,61.108822,2565200.000000
2025-03-26,61.326191,62.235168,61.306430,61.948643,2634300.000000
2025-03-27,61.948640,62.368546,61.444749,61.691753,2833100.000000
2025-03-28,61.602831,61.780675,59.992367,60.328293,2534300.000000
2025-03-31,60.565416,62.462410,60.130690,62.175884,4566000.000000
2025-04-01,62.324087,62.990997,61.632475,62.788452,5043400.000000
2025-04-02,62.432768,63.262702,62.235168,63.233063,2098100.000000
2025-04-03,61.701635,61.751035,60.358919,60.565414,3125800.000000
2025-04-04,59.093272,59.261233,54.805280,55.121445,6393000.000000
2025-04-07,54.558279,58.036098,52.760089,54.904083,6454100.000000
2025-04-08,55.976080,56.504669,53.599901,54.854683,7888600.000000
2025-04-09,54.340913,58.470823,53.846905,57.858253,6272900.000000
2025-04-10,57.038199,57.660651,55.467253,57.245682,4042100.000000
2025-04-11,56.909754,59.083391,56.316945,58.569622,3068200.000000
2025-04-14,59.162430,60.091164,58.668421,59.567516,2240600.000000
2025-04-15,59.261236,59.903448,58.935192,58.984592,2328200.000000
2025-04-16,58.915429,59.537877,58.204056,58.490582,4063800.000000
2025-04-17,58.875905,59.399552,58.520218,59.024109,3661100.000000
2025-04-21,58.668427,59.043871,57.878015,58.411541,1860300.000000
2025-04-22,58.895672,60.022010,58.678307,59.923210,2263600.000000
2025-04-23,60.654342,61.504037,59.863929,60.338177,2339800.000000
2025-04-24,60.446853,61.158227,60.064490,60.970501,3774700.000000
2025-04-25,60.525893,61.345949,60.269010,60.733379,1805400.000000
2025-04-28,60.970508,61.602838,60.367817,60.822308,2319500.000000
2025-04-29,60.436974,61.770799,60.259134,61.059425,3340100.000000
2025-04-30,60.387570,61.395347,59.952844,61.247147,6048800.000000
2025-05-01,60.733382,61.755979,60.476496,61.276791,2851800.000000
2025-05-02,61.938757,62.245044,61.059423,61.879478,3181600.000000
2025-05-05,61.592952,62.225282,61.168105,61.662113,2275900.000000
2025-05-06,61.592959,62.086967,61.257033,61.701641,2680800.000000
2025-05-07,61.918999,62.067203,61.276791,61.731277,3290700.000000
2025-05-08,63.855512,66.444118,63.055221,66.058792,6172800.000000
2025-05-09,65.910586,67.115968,65.770289,66.977646,4289100.000000
2025-05-12,68.301585,68.449789,66.641716,67.145607,3809800.000000
2025-05-13,67.274045,67.827339,66.977644,67.086327,3550700.000000
2025-05-14,66.621958,66.997402,65.910585,66.780037,4005500.000000
2025-05-15,66.681233,67.649492,66.473750,67.471649,2931700.000000
2025-05-16,67.442015,67.953805,67.115967,67.787819,3064600.000000
2025-05-19,67.432133,68.262064,67.308631,67.985420,4995300.000000
2025-05-20,67.955775,68.390504,67.570449,68.350983,3265700.000000
2025-05-21,67.975550,68.588116,67.793749,68.133629,2415000.000000
2025-05-22,67.955777,68.153385,67.353086,67.768051,2085000.000000
2025-05-23,67.590210,68.410258,67.115958,68.232414,2541500.000000
2025-05-27,68.597994,69.590948,68.578237,69.566254,4534200.000000
2025-05-28,69.645286,69.862651,69.106819,69.477325,2441000.000000
2025-05-29,69.437811,69.437811,68.568359,68.874641,3173100.000000
2025-05-30,68.785716,70.159059,68.375689,69.951576,5450700.000000
2025-06-02,70.010996,70.426960,69.476183,70.268494,3578400.000000
2025-06-03,70.119942,70.625038,69.515800,70.506195,3467800.000000
2025-06-04,70.842935,71.189571,70.555719,70.694374,2776800.000000
2025-06-05,71.110333,71.110333,70.446763,70.516090,3278600.000000
2025-06-06,70.733986,71.546109,70.733986,70.951874,2855000.000000
2025-06-09,71.100433,71.605537,70.476487,71.318321,2888400.000000
2025-06-10,71.338132,71.699624,70.724093,70.862747,3491500.000000
2025-06-11,71.239084,71.447066,70.813214,71.377739,8169300.000000
2025-06-12,71.308416,71.833324,70.615143,71.823418,5547200.000000
2025-06-13,71.526301,72.209676,71.239086,71.734283,3344800.000000
2025-06-16,72.130442,73.477379,71.922460,73.477379,3168500.000000
2025-06-17,73.442720,73.913156,72.907906,73.497192,5042500.000000
2025-06-18,73.328817,74.121128,73.328817,73.408051,3721900.000000
2025-06-20,73.368429,73.923048,72.170053,73.011887,14522900.000000
2025-06-23,73.081218,74.239977,72.794002,73.724976,4926900.000000
2025-06-24,73.566518,73.838878,72.586029,72.586029,4629400.000000
2025-06-25,72.516694,72.947514,72.239385,72.536499,4961700.000000
2025-06-26,73.249581,74.329115,72.917800,73.586319,5650000.000000
2025-06-27,73.616032,74.076562,73.170350,73.675453,5390700.000000
2025-06-30,73.378334,73.903249,72.992080,73.814110,3201600.000000
2025-07-01,73.794307,74.497486,73.392201,74.388542,3614200.000000
2025-07-02,74.675754,76.300000,74.546998,76.260384,3292000.000000
2025-07-03,76.181151,76.666450,75.968220,76.379234,1419300.000000
2025-07-07,76.339626,76.587225,75.388848,75.844429,2461500.000000
2025-07-08,76.161350,76.498080,75.255138,75.715668,3032800.000000
2025-07-09,75.834520,75.933558,74.140946,75.468071,6570500.000000
2025-07-10,75.339316,75.339316,73.913145,74.111229,4418100.000000
2025-07-11,73.625928,73.734872,72.655345,72.863327,4389800.000000
2025-07-14,73.071316,73.487280,72.338426,72.407753,2876300.000000
2025-07-15,72.665256,72.710812,71.239086,71.397545,5725000.000000
2025-07-16,71.526305,72.333479,71.090529,72.279007,4036200.000000
2025-07-17,72.318618,72.833627,71.963072,72.467178,2688200.000000
2025-07-18,72.437467,72.883142,71.793709,72.348335,3693200.000000
2025-07-21,72.397843,73.091124,72.130440,72.298805,2655300.000000
2025-07-22,72.457274,73.581366,72.308713,73.041603,3733900.000000
2025-07-23,73.190163,73.596221,72.922752,73.190163,3827600.000000
2025-07-24,72.764293,73.091125,71.971974,72.417656,3399100.000000
2025-07-25,72.140349,72.794013,71.853141,72.724686,2668500.000000
2025-07-28,72.526604,72.526604,71.575818,71.704575,2317900.000000
2025-07-29,72.130447,72.378046,71.783810,72.179962,2631400.000000
2025-07-30,72.150251,72.150251,71.021202,71.288612,4975900.000000
2025-07-31,71.130144,71.605537,70.976634,71.437164,4852700.000000
2025-08-01,70.961774,71.140046,69.902052,70.486382,4770900.000000
2025-08-04,70.862746,71.318326,70.639901,71.229187,3943500.000000
2025-08-05,71.843227,72.011592,71.110337,71.615433,3744000.000000
2025-08-06,71.407449,71.615431,70.377438,70.486382,4566100.000000
2025-08-07,69.832732,70.783510,68.040113,70.367546,7323300.000000
2025-08-08,70.615135,70.615135,69.595022,70.228882,5568000.000000
2025-08-11,70.318017,71.867987,70.273451,71.763992,5965500.000000
2025-08-12,72.041299,72.298803,70.139743,70.347725,5485900.000000
2025-08-13,71.348023,71.699609,70.154596,71.635239,4693600.000000
2025-08-14,71.308421,71.476786,70.664663,71.179672,3242800.000000
2025-08-15,71.248996,71.546110,70.912258,71.070724,2649600.000000
2025-08-18,71.031102,71.952169,70.966724,71.595627,2818500.000000
2025-08-19,71.595631,71.783808,71.179667,71.704575,2723500.000000
2025-08-20,71.714481,72.467175,71.635248,72.259193,3086800.000000
2025-08-21,72.011596,72.561266,71.863035,72.279007,2815400.000000
2025-08-22,72.625644,72.873242,71.996741,72.665260,2664000.000000
2025-08-25,72.595930,73.115881,72.199770,72.893044,3261600.000000
2025-08-26,72.724686,73.249594,71.437170,73.229790,6802600.000000
2025-08-27,73.091130,74.398450,72.902952,74.309311,6016400.000000
2025-08-28,74.309304,74.438060,72.680108,73.606125,3928400.000000
2025-08-29,73.516996,73.913147,73.343673,73.477379,4035000.000000
2025-09-02,73.189466,73.502201,72.772490,73.388023,3261700.000000
2025-09-03,72.931333,73.166627,71.829321,71.869034,3244900.000000
2025-09-04,71.918679,72.286011,71.491773,72.127167,3147800.000000
2025-09-05,72.008027,72.206592,70.876231,71.779686,3173200.000000
2025-09-08,71.680408,72.504437,71.184006,72.425011,4724500.000000
2025-09-09,72.613642,73.129904,71.481847,71.978249,3336700.000000
2025-09-10,71.660551,72.286014,71.045010,71.263428,2939500.000000
2025-09-11,71.124431,72.583853,71.069827,72.464714,2750400.000000
2025-09-12,72.375367,75.363708,71.809470,73.755363,6599900.000000
2025-09-15,73.358244,73.963854,68.781419,69.565735,8800600.000000
2025-09-16,69.506175,69.893368,68.950200,69.377106,5056600.000000
2025-09-17,69.575662,70.588319,69.267888,70.131630,3470100.000000
2025-09-18,70.330187,70.510884,69.625297,70.151489,5365900.000000
2025-09-19,70.062130,70.508889,69.883425,70.350044,12447700.000000
2025-09-22,69.893363,69.972789,69.238109,69.248039,2831500.000000
2025-09-23,69.436669,70.052202,68.935299,68.979980,3360900.000000
2025-09-24,69.138830,69.833789,68.945233,69.109047,3474700.000000
2025-09-25,69.426740,69.481344,65.435674,66.597252,7240300.000000
2025-09-26,67.053938,67.629766,66.708443,67.599976,4817100.000000
2025-09-29,67.907759,68.175812,67.063877,67.282288,5341400.000000
2025-09-30,67.411356,67.460992,66.706467,67.143295,4701400.000000
2025-10-01,66.418549,66.418549,60.268132,61.027626,12189800.000000
2025-10-02,60.883668,63.221720,60.883668,63.033089,11310300.000000
2025-10-03,62.050214,63.201866,62.040288,62.913952,4328900.000000
2025-10-06,63.062876,64.596759,62.943740,63.837265,5261000.000000
2025-10-07,63.728054,65.137833,63.321001,65.137833,4409800.000000
2025-10-08,64.710925,64.974018,62.348052,62.655823,6075900.000000
2025-10-09,63.132367,63.355747,62.099851,62.298412,3033100.000000
2025-10-10,62.248774,62.670715,61.385036,61.385036,2925600.000000
2025-10-13,61.821867,62.587319,61.732515,62.218987,2157600.000000
2025-10-14,62.010499,62.318269,61.593523,62.218987,4189300.000000
2025-10-15,62.199135,62.387766,61.429710,61.464458,3550800.000000
2025-10-16,61.553808,61.819881,60.551078,60.561005,4379700.000000
2025-10-17,60.640433,61.598485,60.511368,60.958130,7513400.000000
2025-10-20,61.514098,61.980717,61.097122,61.533955,4634300.000000
2025-10-21,61.484316,61.881439,61.206332,61.524029,4074700.000000
2025-10-22,61.454531,62.770989,61.454531,62.665749,5414300.000000
2025-10-23,63.489778,63.489778,62.576397,63.023159,3227700.000000
2025-10-24,63.340854,63.440137,62.983444,63.201862,2627800.000000
2025-10-27,63.559270,64.095385,63.211790,63.469921,3973500.000000
2025-10-28,63.301144,63.430209,62.735246,63.003304,2821400.000000
2025-10-29,62.586326,62.938771,62.288486,62.745174,5030400.000000
2025-10-30,60.838991,61.509136,60.501437,61.255970,5796300.000000
2025-10-31,60.888632,61.494239,60.610644,60.997837,4608800.000000
2025-11-03,60.511368,61.613380,60.099354,61.613380,6059600.000000
2025-11-04,61.365180,62.473146,60.838991,62.050213,5189600.000000
2025-11-05,64.234374,64.363444,62.556538,63.211788,6989100.000000
2025-11-06,62.635964,63.271358,62.070067,62.695534,5146100.000000
2025-11-07,62.854384,63.713161,62.204095,63.688339,3686800.000000
2025-11-10,63.847184,65.504172,63.598983,65.088188,3695500.000000
2025-11-11,65.068342,65.673953,64.710933,65.247047,2912500.000000
2025-11-12,65.108055,66.398695,64.790358,66.001579,3131400.000000
2025-11-13,66.205090,66.537678,65.659052,65.723579,3408700.000000
2025-11-14,65.594513,66.388758,65.286746,65.525017,2862500.000000
2025-11-17,65.862572,65.961858,63.385532,63.420280,3998600.000000
2025-11-18,63.291217,64.611648,63.102586,64.035820,3148300.000000
2025-11-19,64.293949,64.552073,63.589060,64.214523,2505800.000000
2025-11-20,64.552065,65.485303,63.733006,63.916672,5939400.000000
2025-11-21,64.313804,66.110776,64.204595,65.068336,5184100.000000
2025-11-24,65.068338,65.376105,64.611649,65.187477,3825600.000000
2025-11-25,65.544878,66.097877,65.008771,65.574669,3722700.000000
2025-11-26,65.435669,66.483069,65.237104,66.170341,2062300.000000
2025-11-28,66.210058,67.232645,66.200128,66.984444,1976700.000000
2025-12-01,66.845077,67.531939,66.217933,66.237846,3498200.000000
2025-12-02,66.566354,66.710692,64.973613,65.302116,2603900.000000
2025-12-03,65.501209,65.939205,64.973609,65.003479,3885900.000000
2025-12-04,65.511167,66.148260,65.331984,65.988991,3644800.000000
2025-12-05,65.869528,66.725624,65.630620,65.700302,5353300.000000
2025-12-08,65.570890,65.769979,64.764563,64.794426,5423200.000000
2025-12-09,64.764566,65.690344,64.734704,65.541023,5325800.000000
2025-12-10,65.391707,65.491251,63.808923,64.804382,6388200.000000
2025-12-11,65.043294,66.516577,64.794429,65.740120,2662900.000000
2025-12-12,66.297572,66.536480,65.491252,65.819756,2666800.000000
2025-12-15,65.988983,66.117395,64.804384,65.580841,4106100.000000
2025-12-16,65.670443,65.690349,65.023393,65.182671,2700100.000000
2025-12-17,65.192615,66.188074,64.854163,66.128349,3973300.000000
2025-12-18,66.526538,67.153674,66.138309,66.655945,3839700.000000
2025-12-19,66.939655,66.939655,65.849626,66.008896,8981900.000000
2025-12-22,66.018854,66.845087,66.018854,66.785355,2410500.000000
2025-12-23,66.775403,66.924724,66.198035,66.845085,2635300.000000
2025-12-24,66.894847,67.263170,66.720646,67.024261,770500.000000
2025-12-26,67.014308,67.322898,66.835125,67.133766,1199300.000000
2025-12-29,66.944626,67.352768,66.944626,67.342812,1994200.000000
2025-12-30,67.362712,67.671310,66.974484,67.064079,1721200.000000
2025-12-31,67.004351,67.188517,66.705718,66.725624,2075700.000000
2026-01-02,66.695765,67.646431,66.028809,67.452316,2977300.000000
2026-01-05,67.223354,68.069493,66.407078,67.541901,2816600.000000
2026-01-06,67.392585,69.423323,66.954588,69.055008,4440400.000000
2026-01-07,68.736461,69.433280,67.825615,68.228775,3276100.000000
2026-01-08,67.989854,70.070360,67.576738,69.821495,2908600.000000
2026-01-09,69.702046,70.249552,68.318359,68.338272,3341200.000000
2026-01-12,68.268588,69.194366,67.621539,68.178993,3647000.000000
2026-01-13,68.397990,68.945495,68.268583,68.537354,2267900.000000
2026-01-14,69.194366,70.408827,68.990295,69.622414,5006500.000000
2026-01-15,69.931006,70.548193,69.015185,70.179871,7045100.000000
2026-01-16,69.174448,69.751816,68.602062,69.323769,3401500.000000
2026-01-20,69.045046,69.383498,68.109312,68.587135,2658500.000000
2026-01-21,70.020596,71.563560,69.219258,71.155426,6140200.000000
2026-01-22,71.543644,71.971692,70.966276,71.235046,2756100.000000
2026-01-23,71.304731,71.827348,71.016047,71.374413,3467200.000000
2026-01-26,72.051329,72.320107,71.464012,72.300194,5351200.000000
2026-01-27,72.280282,72.987057,72.170781,72.668510,4475300.000000
2026-01-28,72.668516,73.026882,72.086174,72.718292,2742900.000000
2026-01-29,73.166240,73.663969,72.713304,73.504692,3613900.000000
2026-01-30,73.216023,73.365336,71.931880,72.469429,3703500.000000
2026-02-02,72.469422,73.375286,72.190687,72.867599,3496600.000000
2026-02-03,73.056748,74.843595,73.056748,74.699257,5662000.000000
2026-02-04,72.758104,76.291987,72.668516,74.778893,7132800.000000
2026-02-05,74.072116,74.659433,71.981645,72.140923,5733500.000000
2026-02-06,72.827795,73.529588,71.832335,72.270332,4199200.000000
2026-02-09,71.593420,73.524614,71.513782,73.285706,4262400.000000
2026-02-10,73.634116,74.291115,73.474838,73.882980,3294500.000000
2026-02-11,74.350845,75.565306,73.992479,74.977982,5684400.000000
2026-02-12,75.356252,75.754437,73.629130,73.773476,4671000.000000
2026-02-13,73.534572,75.077529,73.534572,74.689301,3500300.000000
2026-02-17,74.848574,75.520504,74.520070,75.206940,3373500.000000
2026-02-18,75.605117,76.272081,75.321415,76.242210,3040400.000000
2026-02-19,76.102846,76.757863,75.824119,76.670258,3716500.000000
2026-02-20,76.451266,76.690174,75.022777,75.963486,5560900.000000
2026-02-23,75.744486,76.889265,75.555354,76.112808,4076400.000000
2026-02-24,75.923666,77.625908,75.893804,77.615952,3064200.000000
2026-02-25,77.655767,78.233127,76.819577,77.317307,5502500.000000
2026-02-26,77.426804,78.472039,77.108257,78.462082,3239200.000000
2026-02-27,78.282905,79.860706,78.063902,79.756187,5332100.000000
2026-03-02,79.726256,80.718963,79.103690,80.334846,4008800.000000
2026-03-03,78.558939,79.950736,77.541288,78.748505,4984400.000000
2026-03-04,79.526715,79.746211,77.735845,77.820648,4584600.000000
2026-03-05,77.411580,77.750802,75.895078,76.413879,3863600.000000
2026-03-06,76.224325,76.872832,74.687866,76.783035,3506800.000000
2026-03-09,76.728160,78.189796,75.944969,78.119957,3896300.000000
2026-03-10,77.790716,78.174833,76.094620,76.134529,3719800.000000
2026-03-11,76.164461,78.509063,75.785337,78.449196,3136000.000000
2026-03-12,78.738527,80.005611,78.494095,79.566620,3550300.000000
2026-03-13,80.045521,80.326871,78.020183,79.027863,5153000.000000
2026-03-16,79.007910,79.382048,78.424256,78.858253,3816200.000000
2026-03-17,79.656412,80.509450,79.087723,79.865936,3165200.000000
2026-03-18,80.215130,80.314899,79.147591,79.157562,3404300.000000
2026-03-19,79.117655,79.357101,76.892780,77.890480,4854400.000000
2026-03-20,78.399309,78.399309,76.573515,77.152184,9435800.000000
2026-03-23,78.628781,79.097701,77.002531,77.581200,5145300.000000
2026-03-24,77.700918,80.933474,77.700918,80.394714,4811500.000000
2026-03-25,80.474532,82.070852,80.309911,81.841377,3357600.000000
2026-03-26,81.552043,82.699400,81.532092,82.539772,3105500.000000
2026-03-27,82.410066,82.624575,81.397400,81.801468,4535600.000000
2026-03-30,82.789199,83.407769,82.375153,82.759262,5083200.000000
2026-03-31,82.809151,83.806851,82.110763,83.517517,5423200.000000
2026-04-01,83.327945,83.946522,82.529789,83.617279,5582100.000000
2026-04-02,83.457653,85.358272,83.397786,85.263489,3669600.000000
2026-04-06,84.844459,85.293421,83.437697,84.056274,3799600.000000
2026-04-07,84.026341,85.433095,83.896635,85.133789,2927300.000000
2026-04-08,84.006383,84.066250,81.821424,83.766937,5932500.000000
2026-04-09,83.846759,84.874389,82.589654,83.367859,3485800.000000
2026-04-10,83.457651,83.926572,82.938843,83.637238,1980800.000000
2026-04-13,83.986435,84.430412,82.704387,83.317978,2943000.000000
2026-04-14,83.118435,84.096185,82.320279,82.759262,3372600.000000
2026-04-15,82.719359,82.719359,80.953424,81.133011,3258800.000000
2026-04-16,81.023262,81.751586,80.047514,80.973381,3692800.000000
2026-04-17,79.935770,80.574298,78.728554,80.155258,4368400.000000
2026-04-20,80.284964,81.262706,79.716275,80.105377,3287200.000000
2026-04-21,80.384733,80.818730,79.287264,80.165237,2353900.000000
2026-04-22,80.474534,80.833700,78.519035,79.167542,2616700.000000
2026-04-23,79.347123,80.474530,78.668687,79.446892,2274300.000000
2026-04-24,79.217427,79.676368,78.179817,79.616508,2514200.000000
2026-04-27,79.796099,80.529401,78.948047,79.237381,2805000.000000
2026-04-28,79.875904,80.085420,78.354416,78.758484,2569000.000000
2026-04-29,78.848278,80.075453,78.608832,79.187500,2578100.000000
2026-04-30,79.117656,81.207832,78.598847,80.823723,3562400.000000
2026-05-01,81.292649,81.601934,80.664093,80.664093,3543100.000000
2026-05-04,80.544368,81.631857,80.239071,81.502159,3334600.000000
2026-05-05,81.811444,84.126109,81.721655,83.707077,5015500.000000
2026-05-06,82.050891,83.357884,80.988345,81.581970,5345100.000000
2026-05-07,80.763858,81.172919,78.578899,78.888184,6275000.000000
2026-05-08,79.127629,81.262707,78.608828,80.943443,4624200.000000
2026-05-11,81.372458,83.138392,80.943446,82.639542,4570700.000000
2026-05-12,82.759258,83.352891,81.177904,82.400085,3373600.000000
2026-05-13,82.559722,83.228179,81.911215,83.158340,3076300.000000
2026-05-14,83.238158,83.996412,82.080822,83.108459,3830800.000000
2026-05-15,82.569704,83.357888,81.961106,82.020966,2956100.000000
2026-05-18,81.891263,82.390113,80.873604,80.893562,2747600.000000
2026-05-19,80.294944,80.294944,78.653722,78.808365,3106600.000000
2026-05-20,78.399310,79.816043,78.169835,78.618805,3891600.000000
2026-05-21,78.568919,79.082735,77.953341,78.858253,3626400.000000
2026-05-22,79.167536,80.020573,78.967999,79.377052,2135400.000000
2026-05-26,79.277286,80.080436,78.908134,78.908134,2164300.000000
2026-05-27,78.399314,80.160254,77.950344,79.706299,3085600.000000
2026-05-28,80.205149,81.053193,79.486803,80.414665,2808300.000000
2026-05-29,80.195168,80.599243,78.080048,78.099998,6431300.000000
2026-06-01,78.150002,78.580002,77.029999,77.680000,2658100.000000
2026-06-02,77.730003,78.514999,77.120003,77.570000,2729100.000000
2026-06-03,77.279999,79.410004,77.139999,77.800003,3324200.000000
2026-06-04,77.919998,78.660004,76.879997,77.459999,3398500.000000
