date,open,high,low,close,volume
2019-09-19,40.349998,41.439999,36.029999,37.549999,22025800.000000
2019-09-20,38.590000,39.200001,36.150002,36.150002,3322600.000000
2019-09-23,36.580002,38.150002,35.750000,36.110001,2237300.000000
2019-09-24,36.009998,37.119999,34.060001,34.500000,3175000.000000
2019-09-25,34.599998,35.599998,34.200001,35.250000,3026600.000000
2019-09-26,36.000000,36.290001,32.299999,32.439999,2658200.000000
2019-09-27,33.000000,33.509998,30.469999,32.270000,2475900.000000
2019-09-30,32.639999,34.200001,32.000000,33.910000,1385000.000000
2019-10-01,34.250000,34.480000,31.250000,32.389999,1291300.000000
2019-10-02,31.650000,31.900000,30.010000,31.100000,1877200.000000
2019-10-03,31.180000,34.799999,30.500000,32.889999,2437800.000000
2019-10-04,33.049999,35.080002,32.799000,34.720001,918700.000000
2019-10-07,34.900002,37.970001,34.400002,36.810001,1983800.000000
2019-10-08,36.500000,36.700001,34.919998,35.450001,1217000.000000
2019-10-09,35.849998,37.490002,35.610001,36.750000,1166800.000000
2019-10-10,36.750000,37.349998,35.150002,35.599998,1348600.000000
2019-10-11,35.930000,36.480000,35.369999,35.669998,2168600.000000
2019-10-14,35.650002,36.250000,32.950001,33.090000,2194800.000000
2019-10-15,33.169998,34.849998,32.509998,34.799999,1473000.000000
2019-10-16,33.560001,33.770000,31.900000,32.200001,1987700.000000
2019-10-17,32.299999,34.160000,32.299999,33.959999,1488800.000000
2019-10-18,33.840000,33.875000,31.459999,31.570000,1305000.000000
2019-10-21,31.900000,32.099998,29.700001,30.010000,1981500.000000
2019-10-22,30.049999,30.309999,28.010000,28.040001,1964400.000000
2019-10-23,27.900000,29.250000,27.549999,28.760000,2779600.000000
2019-10-24,29.160000,33.459999,29.150000,32.500000,3813400.000000
2019-10-25,32.860001,34.500000,32.400002,34.299999,2117700.000000
2019-10-28,35.000000,35.437000,33.110001,33.279999,1906100.000000
2019-10-29,33.189999,34.080002,32.599998,33.650002,716700.000000
2019-10-30,33.790001,34.869999,33.380001,34.810001,919700.000000
2019-10-31,34.820000,34.990002,33.119999,33.590000,965200.000000
2019-11-01,33.700001,34.480000,33.630001,34.020000,803900.000000
2019-11-04,34.529999,34.869999,33.360001,34.439999,865500.000000
2019-11-05,34.500000,35.250000,33.209999,34.910000,1021100.000000
2019-11-06,34.560001,34.759998,32.889999,33.060001,1257800.000000
2019-11-07,33.299999,33.740002,31.000000,31.290001,1016600.000000
2019-11-08,31.110001,32.830002,30.260000,32.810001,931700.000000
2019-11-11,32.759998,34.000000,32.360001,33.549999,1665000.000000
2019-11-12,33.810001,35.200001,33.799999,34.400002,3258700.000000
2019-11-13,38.820000,41.919998,38.250000,40.189999,10597600.000000
2019-11-14,40.180000,41.720001,39.380001,41.369999,2564300.000000
2019-11-15,41.750000,42.959999,40.430000,40.630001,2117200.000000
2019-11-18,40.720001,41.480000,39.750000,40.320000,1151500.000000
2019-11-19,40.450001,40.880001,37.529999,39.150002,1890800.000000
2019-11-20,38.830002,39.938000,37.599998,38.400002,1158000.000000
2019-11-21,38.240002,40.169998,38.180000,40.029999,1410300.000000
2019-11-22,41.349998,42.700001,39.709999,41.040001,2671100.000000
2019-11-25,41.500000,44.090000,41.466999,42.810001,2295000.000000
2019-11-26,43.099998,43.700001,39.810001,40.549999,1779400.000000
2019-11-27,40.799999,42.200001,39.720001,41.860001,1278500.000000
2019-11-29,41.820000,42.200001,40.560001,40.770000,574800.000000
2019-12-02,41.110001,41.320000,37.840000,39.599998,2047900.000000
2019-12-03,37.580002,38.722000,37.500000,37.770000,2118900.000000
2019-12-04,38.000000,38.250000,36.090000,36.919998,1662400.000000
2019-12-05,36.830002,36.830002,35.810001,35.860001,2028400.000000
2019-12-06,35.930000,36.330002,35.599998,35.910000,2864400.000000
2019-12-09,34.630001,36.040001,34.099998,35.160000,3169400.000000
2019-12-10,34.330002,36.250000,34.259998,34.810001,5370700.000000
2019-12-11,34.810001,35.680000,33.060001,35.549999,3372400.000000
2019-12-12,35.450001,36.610001,35.139999,35.730000,2062800.000000
2019-12-13,36.200001,39.130001,36.009998,38.790001,4404000.000000
2019-12-16,38.910000,39.020000,37.130001,38.790001,2943600.000000
2019-12-17,37.860001,38.240002,36.020000,37.180000,5174100.000000
2019-12-18,37.660000,38.750000,36.810001,38.209999,3146200.000000
2019-12-19,37.509998,38.439999,37.500000,38.099998,1524500.000000
2019-12-20,37.709999,38.869999,37.599998,38.509998,3420600.000000
2019-12-23,38.849998,39.639999,37.410000,37.799999,2284100.000000
2019-12-24,37.720001,37.797001,36.619999,37.090000,783600.000000
2019-12-26,37.299999,38.200001,37.000000,37.959999,1378000.000000
2019-12-27,37.900002,37.952000,35.611000,36.110001,3473000.000000
2019-12-30,36.720001,37.200001,35.400002,37.130001,1611100.000000
2019-12-31,36.900002,37.950001,36.770000,37.779999,1460200.000000
2020-01-02,38.220001,38.250000,36.599998,36.700001,1784200.000000
2020-01-03,36.110001,37.699001,35.958000,37.419998,1573200.000000
2020-01-06,37.509998,40.070000,37.380001,39.900002,5563200.000000
2020-01-07,39.950001,41.540001,39.200001,40.060001,4065600.000000
2020-01-08,40.299999,41.080002,39.150002,39.950001,1957200.000000
2020-01-09,40.450001,40.965000,39.880001,40.209999,1629700.000000
2020-01-10,40.549999,40.880001,39.841999,40.160000,1675800.000000
2020-01-13,40.720001,43.520000,40.599998,40.939999,5296900.000000
2020-01-14,41.160000,41.398998,38.820000,39.270000,2403100.000000
2020-01-15,39.570000,41.490002,39.400002,40.230000,2098300.000000
2020-01-16,40.740002,41.777000,39.959999,40.610001,2020100.000000
2020-01-17,41.200001,41.720001,40.610001,41.189999,1377500.000000
2020-01-21,41.180000,42.275002,40.470001,41.130001,2192100.000000
2020-01-22,41.480000,42.669998,41.255001,42.220001,1167500.000000
2020-01-23,42.330002,43.250000,40.930000,42.810001,1799700.000000
2020-01-24,43.490002,44.029999,40.810001,42.049999,2572000.000000
2020-01-27,40.000000,41.330002,39.250000,41.255001,2053800.000000
2020-01-28,41.580002,42.209999,40.580002,42.160000,1229600.000000
2020-01-29,42.900002,44.990002,42.160000,43.919998,2817800.000000
2020-01-30,43.490002,47.200001,43.081001,47.040001,2830800.000000
2020-01-31,47.130001,47.259998,45.738998,46.209999,1708800.000000
2020-02-03,46.619999,47.480000,43.509998,45.259998,2275200.000000
2020-02-04,46.209999,48.490002,45.730000,47.599998,1780200.000000
2020-02-05,48.880001,49.076000,43.770000,45.730000,2455200.000000
2020-02-06,45.750000,46.299999,44.101002,46.049999,1081100.000000
2020-02-07,46.500000,47.980000,46.150002,47.180000,1765800.000000
2020-02-10,47.520000,49.000000,47.500000,47.950001,1537100.000000
2020-02-11,48.619999,49.419998,47.340000,47.810001,1884400.000000
2020-02-12,48.250000,50.119999,48.049999,50.009998,2199400.000000
2020-02-13,49.349998,49.470001,47.709999,48.500000,3361800.000000
2020-02-14,45.910000,48.689999,44.250000,47.029999,8374800.000000
2020-02-18,47.290001,48.580002,46.605000,47.080002,3049600.000000
2020-02-19,47.200001,47.860001,46.410000,47.299999,2877400.000000
2020-02-20,45.680000,47.029999,44.080002,45.990002,5201800.000000
2020-02-21,45.639999,45.790001,43.723999,45.680000,2695900.000000
2020-02-24,43.000000,45.349998,42.330002,44.959999,3187400.000000
2020-02-25,45.400002,45.602001,43.000000,44.310001,4406100.000000
2020-02-26,44.060001,45.389999,43.500000,43.910000,2817400.000000
2020-02-27,42.119999,46.580002,41.720001,45.889999,7190100.000000
2020-02-28,43.799999,45.840000,43.500000,45.150002,4457400.000000
2020-03-02,45.000000,45.779999,43.610001,44.790001,5880800.000000
2020-03-03,44.799999,44.860001,42.360001,43.400002,4483700.000000
2020-03-04,44.330002,44.900002,43.130001,44.525002,2239900.000000
2020-03-05,43.310001,48.119999,43.310001,47.299999,5074300.000000
2020-03-06,46.009998,46.439999,43.080002,43.619999,3987400.000000
2020-03-09,38.779999,40.000000,37.369999,38.820000,9150100.000000
2020-03-10,39.750000,39.849998,36.450001,38.000000,13106300.000000
2020-03-11,37.310001,37.709999,34.790001,35.560001,6011700.000000
2020-03-12,32.459999,34.930000,31.000000,33.099998,6687300.000000
2020-03-13,36.000000,36.599998,32.000000,35.259998,5704700.000000
2020-03-16,32.000000,33.180000,28.879999,28.959999,4915500.000000
2020-03-17,29.530001,34.439999,29.309999,34.119999,4476800.000000
2020-03-18,30.850000,33.880001,30.459999,32.080002,3133800.000000
2020-03-19,32.000000,33.770000,31.299999,33.099998,4076200.000000
2020-03-20,33.540001,35.119999,33.009998,33.380001,5349700.000000
2020-03-23,34.099998,34.099998,30.629999,32.900002,4407900.000000
2020-03-24,34.049999,35.389999,33.750000,34.490002,3495400.000000
2020-03-25,34.110001,36.889999,33.599998,33.689999,3049100.000000
2020-03-26,34.070000,35.930000,33.410000,34.299999,4155000.000000
2020-03-27,34.290001,35.240002,33.141998,34.549999,2892500.000000
2020-03-30,35.450001,35.654999,33.750000,34.750000,2321400.000000
2020-03-31,34.500000,36.540001,34.360001,35.980000,3221700.000000
2020-04-01,34.830002,37.000000,34.310001,34.880001,2855200.000000
2020-04-02,34.900002,35.869999,33.619999,34.599998,1866000.000000
2020-04-03,34.500000,35.344002,33.040001,34.689999,2626900.000000
2020-04-06,35.439999,36.450001,35.099998,36.279999,2187300.000000
2020-04-07,37.000000,37.240002,35.009998,35.900002,2920700.000000
2020-04-08,36.099998,37.889999,35.400002,37.150002,4113200.000000
2020-04-09,37.000000,37.490002,36.349998,36.950001,2737200.000000
2020-04-13,37.689999,38.349998,37.419998,37.869999,3050700.000000
2020-04-14,38.570000,39.116001,38.250000,38.910000,2725600.000000
2020-04-15,38.580002,39.360001,38.020000,38.740002,2956200.000000
2020-04-16,39.099998,39.919998,38.720001,39.639999,2895800.000000
2020-04-17,40.000000,40.668999,38.549999,40.400002,3180000.000000
2020-04-20,39.970001,42.584999,39.970001,40.990002,2934300.000000
2020-04-21,41.029999,41.683998,38.139999,40.000000,3063300.000000
2020-04-22,40.560001,41.430000,40.259998,40.290001,1885700.000000
2020-04-23,40.009998,41.000000,38.680000,40.150002,1540500.000000
2020-04-24,40.889999,42.099998,40.230000,41.810001,2781300.000000
2020-04-27,42.250000,43.430000,42.000000,43.230000,1619500.000000
2020-04-28,43.560001,44.230000,41.799999,43.599998,2260300.000000
2020-04-29,43.849998,45.139999,43.740002,44.650002,1961200.000000
2020-04-30,44.930000,45.279999,44.439999,45.119999,1734700.000000
2020-05-01,44.000000,45.470001,43.132999,44.980000,2092000.000000
2020-05-04,44.900002,46.130001,43.810001,45.830002,2499300.000000
2020-05-05,46.330002,47.340000,46.009998,46.599998,3277100.000000
2020-05-06,47.000000,47.279999,46.009998,46.560001,2195600.000000
2020-05-07,47.500000,50.090000,47.259998,49.610001,4849400.000000
2020-05-08,51.325001,52.236000,49.580002,51.730000,5216300.000000
2020-05-11,52.990002,57.180000,52.599998,55.689999,10262800.000000
2020-05-12,61.869999,70.120003,61.049999,68.860001,24947300.000000
2020-05-13,66.639999,72.150002,64.612999,69.989998,13535300.000000
2020-05-14,66.379997,67.250000,62.119999,65.190002,13375000.000000
2020-05-15,65.000000,69.220001,64.940002,67.160004,6688500.000000
2020-05-18,69.000000,69.769997,66.860001,67.410004,4061800.000000
2020-05-19,67.750000,71.419998,67.459999,70.059998,4009400.000000
2020-05-20,71.010002,71.790001,69.260002,70.699997,3189700.000000
2020-05-21,70.000000,70.980003,68.449997,69.889999,2329400.000000
2020-05-22,70.050003,74.000000,70.000000,73.040001,4724400.000000
2020-05-26,74.589996,75.000000,67.510002,71.000000,5207800.000000
2020-05-27,69.849998,70.132004,62.500000,66.820000,6837200.000000
2020-05-28,64.900002,70.199997,64.599998,67.129997,4243400.000000
2020-05-29,68.760002,71.470001,67.500000,71.269997,12944000.000000
2020-06-01,70.610001,72.160004,69.250000,69.489998,5487700.000000
2020-06-02,69.489998,72.089996,67.180000,70.809998,4859500.000000
2020-06-03,70.779999,73.480003,69.309998,72.889999,3133200.000000
2020-06-04,73.129997,73.699997,69.440002,71.760002,5502500.000000
2020-06-05,69.949997,72.080002,68.209999,70.660004,3433700.000000
2020-06-08,71.379997,77.690002,70.080002,76.540001,5918700.000000
2020-06-09,76.389999,78.489998,73.580002,73.739998,4048400.000000
2020-06-10,75.720001,79.180000,75.320000,78.260002,3476800.000000
2020-06-11,76.120003,79.400002,75.180000,76.050003,3803600.000000
2020-06-12,77.900002,80.620003,76.269997,78.050003,3672900.000000
2020-06-15,78.150002,83.199997,77.629997,81.519997,4509000.000000
2020-06-16,82.040001,84.449997,80.550003,81.989998,4655000.000000
2020-06-17,83.370003,84.989998,82.250000,83.040001,4969500.000000
2020-06-18,83.879997,87.114998,82.120003,86.650002,6667700.000000
2020-06-19,88.250000,89.570000,85.199997,86.790001,8109100.000000
2020-06-22,87.669998,89.599998,87.080002,89.010002,4979800.000000
2020-06-23,90.000000,93.000000,87.889999,89.690002,6748400.000000
2020-06-24,90.059998,92.889999,86.450996,88.500000,4140700.000000
2020-06-25,88.139999,91.552002,86.690002,89.599998,3215100.000000
2020-06-26,90.559998,91.080002,83.800003,84.500000,14063100.000000
2020-06-29,85.019997,85.239998,80.089996,83.720001,4920900.000000
2020-06-30,84.290001,87.169998,83.769997,86.949997,2752200.000000
2020-07-01,87.190002,89.750000,86.010002,89.379997,2447300.000000
2020-07-02,90.500000,91.070000,88.339996,89.589996,4516700.000000
2020-07-06,91.349998,92.599998,88.019997,88.959999,5769400.000000
2020-07-07,90.010002,92.169998,88.550003,90.089996,2898100.000000
2020-07-08,91.849998,96.839996,91.000000,96.129997,3914900.000000
2020-07-09,97.989998,98.989998,93.169998,96.099998,4841200.000000
2020-07-10,96.820000,98.139999,95.125000,96.410004,4141000.000000
2020-07-13,97.769997,98.639999,85.665001,86.660004,5577900.000000
2020-07-14,87.599998,90.830002,83.000000,88.889999,3781100.000000
2020-07-15,88.970001,90.930000,85.489998,88.480003,3155600.000000
2020-07-16,87.650002,87.900002,83.379997,85.315002,3390400.000000
2020-07-17,85.599998,87.860001,85.309998,87.300003,3225000.000000
2020-07-20,88.309998,93.139999,88.099998,92.139999,3425600.000000
2020-07-21,92.769997,93.000000,89.339996,90.720001,4404500.000000
2020-07-22,90.879997,92.360001,88.529999,89.500000,1578500.000000
2020-07-23,88.849998,91.300003,83.570999,85.220001,3378900.000000
2020-07-24,83.400002,86.750000,81.541000,84.839996,2244200.000000
2020-07-27,86.199997,88.580002,85.675003,87.830002,1782500.000000
2020-07-28,87.720001,89.720001,87.059998,88.279999,1311200.000000
2020-07-29,89.220001,90.870003,87.279999,90.129997,1968200.000000
2020-07-30,89.790001,94.070000,89.790001,92.760002,2349400.000000
2020-07-31,94.788002,95.000000,91.199997,93.860001,2429600.000000
2020-08-03,95.820000,96.669998,93.669998,95.669998,4630000.000000
2020-08-04,95.760002,96.150002,92.129997,94.220001,2848100.000000
2020-08-05,94.309998,95.360001,91.699997,94.320000,2899900.000000
2020-08-06,92.720001,93.370003,87.315002,90.010002,8160600.000000
2020-08-07,82.599998,83.750000,74.110001,75.279999,18906500.000000
2020-08-10,77.610001,78.959999,72.599998,76.364998,7820100.000000
2020-08-11,75.309998,78.760002,75.000000,75.680000,6876400.000000
2020-08-12,76.000000,78.650002,75.910004,76.610001,3849200.000000
2020-08-13,77.839996,84.570000,76.919998,82.419998,10101700.000000
2020-08-14,83.000000,84.269997,79.820000,81.239998,2984700.000000
2020-08-17,81.610001,83.750000,81.160004,83.449997,3218800.000000
2020-08-18,83.089996,83.889999,81.603996,83.459999,3403900.000000
2020-08-19,83.050003,83.559998,81.430000,82.470001,2405900.000000
2020-08-20,82.260002,86.599998,82.000000,85.779999,3341500.000000
2020-08-21,85.519997,86.699997,84.660004,86.120003,2487200.000000
2020-08-24,87.010002,87.260002,82.059998,84.339996,2702000.000000
2020-08-25,83.669998,84.750000,82.169998,83.769997,2164300.000000
2020-08-26,85.769997,89.470001,85.100998,86.279999,4652800.000000
2020-08-27,86.279999,86.468002,82.029999,83.540001,3295800.000000
2020-08-28,82.740997,86.250000,81.529999,82.980003,4283600.000000
2020-08-31,83.489998,83.720001,81.559998,83.550003,4829100.000000
2020-09-01,83.989998,87.489998,82.500000,85.769997,4390400.000000
2020-09-02,87.910004,88.000000,81.779999,84.190002,3767500.000000
2020-09-03,81.500000,81.779999,76.279999,80.099998,7202800.000000
2020-09-04,78.500000,80.459999,75.550003,79.570000,4660000.000000
2020-09-08,77.000000,81.459999,75.750999,79.980003,3848700.000000
2020-09-09,81.529999,83.370003,79.510002,81.980003,3190800.000000
2020-09-10,82.199997,84.550003,80.290001,80.669998,2952100.000000
2020-09-11,81.500000,83.299004,78.610001,80.360001,4335400.000000
2020-09-14,81.440002,84.849998,80.335999,84.389999,4202100.000000
2020-09-15,85.059998,89.430000,85.029999,88.540001,5935500.000000
2020-09-16,88.199997,92.750000,88.177002,89.379997,5166100.000000
2020-09-17,85.559998,88.290001,85.489998,87.250000,3831700.000000
2020-09-18,88.440002,88.739998,84.510002,85.690002,14273100.000000
2020-09-21,84.389999,88.699997,80.269997,88.139999,5630500.000000
2020-09-22,88.330002,93.500000,85.809998,93.410004,6512600.000000
2020-09-23,91.980003,94.900002,90.660004,91.099998,4138200.000000
2020-09-24,88.790001,90.730003,87.279999,88.370003,1999300.000000
2020-09-25,89.000000,90.889999,87.620003,90.650002,1624400.000000
2020-09-28,91.860001,95.320000,91.199997,92.250000,3286200.000000
2020-09-29,92.059998,93.540001,90.389999,90.919998,2264400.000000
2020-09-30,90.919998,107.989998,89.430000,102.160004,28819000.000000
2020-10-01,101.430000,105.500000,98.629997,103.510002,11446200.000000
2020-10-02,101.309998,108.203003,100.919998,103.489998,8513800.000000
2020-10-05,104.750000,108.099998,103.709999,106.889999,4459200.000000
2020-10-06,106.889999,109.599998,102.139999,103.919998,4510000.000000
2020-10-07,105.430000,109.220001,104.400002,104.430000,4579800.000000
2020-10-08,105.260002,105.949997,101.809998,102.660004,2882600.000000
2020-10-09,104.650002,114.550003,103.519997,111.790001,10875200.000000
2020-10-12,112.250000,113.638000,108.830002,112.199997,4617500.000000
2020-10-13,112.650002,118.129997,112.050003,116.870003,4756600.000000
2020-10-14,117.550003,117.800003,112.300003,113.550003,2894700.000000
2020-10-15,107.199997,114.089996,104.550003,113.290001,3781500.000000
2020-10-16,114.839996,116.370003,111.739998,112.360001,2164400.000000
2020-10-19,112.250000,113.750000,110.400002,111.660004,2858500.000000
2020-10-20,112.309998,112.470001,107.739998,108.589996,2585800.000000
2020-10-21,110.000000,110.199997,100.040001,102.169998,6148600.000000
2020-10-22,102.870003,103.790001,98.570000,98.940002,2970300.000000
2020-10-23,99.610001,102.889999,97.349998,102.080002,2949500.000000
2020-10-26,100.650002,104.529999,96.110001,99.760002,3296100.000000
2020-10-27,101.250000,103.924004,100.530998,101.330002,1588900.000000
2020-10-28,99.250000,99.699997,96.599998,97.029999,2230900.000000
2020-10-29,97.989998,98.190002,95.129997,96.410004,2424700.000000
2020-10-30,94.860001,95.449997,90.540001,90.750000,3733800.000000
2020-11-02,91.779999,91.790001,86.660004,88.330002,4567200.000000
2020-11-03,88.529999,90.769997,86.500000,90.139999,2521600.000000
2020-11-04,95.760002,99.989998,95.255997,97.620003,3660500.000000
2020-11-05,102.257004,103.949997,99.650002,101.949997,2745800.000000
2020-11-06,102.000000,102.580002,98.879997,100.349998,2529600.000000
2020-11-09,98.760002,101.000000,93.050003,94.889999,3434000.000000
2020-11-10,94.709999,96.250000,88.589996,92.599998,6383800.000000
2020-11-11,85.150002,87.129997,79.760002,86.830002,25348600.000000
2020-11-12,88.080002,90.300003,87.080002,90.010002,6622600.000000
2020-11-13,87.889999,89.160004,83.889999,85.820000,5762300.000000
2020-11-16,83.410004,87.419998,82.379997,86.360001,3006100.000000
2020-11-17,87.349998,88.910004,85.529999,88.089996,3885800.000000
2020-11-18,88.000000,89.949997,85.739998,87.300003,2574600.000000
2020-11-19,87.150002,91.949997,87.129997,88.889999,3996400.000000
2020-11-20,89.680000,91.239998,89.029999,89.089996,2337800.000000
2020-11-23,89.779999,91.639999,88.300003,91.040001,2162800.000000
2020-11-24,90.315002,90.839996,87.300003,89.180000,3067400.000000
2020-11-25,89.389999,93.919998,88.949997,93.510002,3036900.000000
2020-11-27,95.000000,96.800003,94.180000,96.419998,1907700.000000
2020-11-30,97.010002,99.565002,94.099998,98.919998,4749900.000000
2020-12-01,98.599998,98.800003,94.019997,95.669998,3321300.000000
2020-12-02,93.769997,93.900002,90.129997,93.500000,3099700.000000
2020-12-03,95.089996,98.839996,94.190002,97.360001,2732300.000000
2020-12-04,97.750000,102.400002,97.667999,101.570000,3780500.000000
2020-12-07,101.900002,102.639999,98.230003,99.160004,2605900.000000
2020-12-08,99.389999,100.180000,96.230003,99.849998,2346200.000000
2020-12-09,100.000000,100.750000,94.750000,95.650002,2126200.000000
2020-12-10,94.510002,103.769997,93.917000,101.529999,4715800.000000
2020-12-11,99.570000,100.959999,96.360001,98.980003,3823600.000000
2020-12-14,100.000000,103.430000,99.620003,102.269997,4326500.000000
2020-12-15,103.080002,105.629997,99.900002,101.230003,4433800.000000
2020-12-16,101.532997,105.000000,101.300003,104.550003,3897500.000000
2020-12-17,105.529999,109.849998,105.129997,108.699997,4687700.000000
2020-12-18,109.239998,109.610001,107.029999,107.720001,7520000.000000
2020-12-21,105.970001,107.170998,103.339996,106.459999,2702100.000000
2020-12-22,107.959999,111.080002,106.849998,111.070000,2940300.000000
2020-12-23,110.709999,111.489998,107.400002,107.440002,1587200.000000
2020-12-24,107.040001,109.849998,106.111000,106.279999,785400.000000
2020-12-28,107.269997,107.980003,99.699997,100.220001,2673200.000000
2020-12-29,100.779999,100.949997,97.449997,98.919998,2267700.000000
2020-12-30,99.971001,101.430000,98.500000,99.309998,1732700.000000
2020-12-31,98.599998,99.330002,96.599998,98.440002,1743500.000000
2021-01-04,98.690002,98.830002,90.800003,91.230003,6408000.000000
2021-01-05,92.000000,93.360001,89.832001,93.029999,3072500.000000
2021-01-06,91.250000,93.970001,90.250000,91.330002,3538700.000000
2021-01-07,92.099998,96.650002,92.099998,96.639999,3316400.000000
2021-01-08,97.550003,100.250000,97.500000,99.940002,2565000.000000
2021-01-11,101.750000,107.739998,99.775002,104.250000,4316000.000000
2021-01-12,104.279999,107.489998,104.000000,105.580002,2466000.000000
2021-01-13,105.000000,105.820000,102.059998,104.849998,1746500.000000
2021-01-14,105.410004,106.207001,101.160004,101.839996,2129100.000000
2021-01-15,102.300003,104.800003,99.470001,99.839996,1459700.000000
2021-01-19,100.980003,101.089996,97.220001,99.089996,2070500.000000
2021-01-20,101.349998,105.550003,100.599998,104.279999,3553300.000000
2021-01-21,105.095001,105.370003,101.760002,103.339996,1896700.000000
2021-01-22,102.800003,109.620003,102.300003,105.000000,3371400.000000
2021-01-25,106.367996,112.290001,104.050003,108.970001,7332500.000000
2021-01-26,109.370003,109.680000,102.426003,103.519997,2567200.000000
2021-01-27,102.184998,104.099998,98.000000,98.000000,4430500.000000
2021-01-28,98.040001,101.910004,96.500000,100.000000,3307800.000000
2021-01-29,99.510002,103.089996,97.000000,102.750000,3813200.000000
2021-02-01,103.470001,105.040001,100.650002,101.790001,3691900.000000
2021-02-02,103.809998,107.379997,102.695000,106.010002,3375100.000000
2021-02-03,107.500000,111.652000,106.527000,110.519997,3462200.000000
2021-02-04,111.989998,113.570999,107.529999,111.919998,2543700.000000
2021-02-05,111.379997,115.639999,110.943001,114.900002,3164700.000000
2021-02-08,115.891998,116.940002,113.699997,116.419998,2818400.000000
2021-02-09,116.480003,119.432999,116.264999,117.849998,2916600.000000
2021-02-10,118.510002,119.029999,111.760002,115.550003,2103700.000000
2021-02-11,116.589996,117.919998,114.730003,117.599998,3777500.000000
2021-02-12,111.750000,113.589996,108.010002,112.860001,5238800.000000
2021-02-16,111.430000,114.000000,105.620003,107.559998,4087900.000000
2021-02-17,103.500000,105.339996,100.500000,103.080002,5525700.000000
2021-02-18,103.050003,106.860001,101.629997,106.400002,3528900.000000
2021-02-19,107.089996,107.559998,104.050003,105.050003,2987500.000000
2021-02-22,102.010002,103.510002,98.669998,99.699997,3550100.000000
2021-02-23,95.959999,99.209999,92.809998,98.669998,4829900.000000
2021-02-24,98.839996,101.839996,96.589996,99.360001,3060700.000000
2021-02-25,99.750000,100.370003,93.279999,95.000000,2889000.000000
2021-02-26,95.849998,97.809998,93.160004,95.410004,3964400.000000
2021-03-01,96.779999,97.900002,94.470001,97.610001,2737200.000000
2021-03-02,98.605003,98.650002,93.190002,93.510002,3531700.000000
2021-03-03,93.510002,94.000000,87.370003,90.000000,5042700.000000
2021-03-04,88.676003,90.760002,81.129997,85.000000,6348200.000000
2021-03-05,85.278000,85.650002,78.089996,82.199997,8264700.000000
2021-03-08,82.190002,83.430000,77.029999,77.519997,5958600.000000
2021-03-09,81.540001,82.980003,79.282997,82.000000,5666600.000000
2021-03-10,84.375000,84.449997,80.010002,80.699997,3745900.000000
2021-03-11,83.440002,86.980003,82.910004,86.239998,3715300.000000
2021-03-12,83.639000,84.010002,81.760002,83.000000,3006700.000000
2021-03-15,82.550003,88.599998,82.370003,87.610001,3754300.000000
2021-03-16,89.260002,90.230003,85.709999,86.370003,2759700.000000
2021-03-17,85.550003,87.930000,82.510002,86.540001,3117300.000000
2021-03-18,85.000000,85.680000,81.690002,81.889999,4341800.000000
2021-03-19,82.320000,84.470001,80.529999,84.029999,4544200.000000
2021-03-22,84.809998,87.029999,84.050003,85.180000,3071400.000000
2021-03-23,85.480003,86.629997,84.320000,85.169998,2718900.000000
2021-03-24,85.080002,85.370003,81.035004,81.260002,2974800.000000
2021-03-25,78.800003,81.290001,77.190002,78.260002,5460400.000000
2021-03-26,78.870003,83.440002,78.070000,80.290001,5772300.000000
2021-03-29,79.730003,80.680000,75.629997,77.040001,4367400.000000
2021-03-30,76.320000,77.580002,74.529999,77.370003,2731700.000000
2021-03-31,79.379997,85.139999,77.709999,83.339996,5213900.000000
2021-04-01,86.949997,88.150002,85.599998,87.199997,4982000.000000
2021-04-05,87.839996,88.000000,81.699997,83.239998,4233600.000000
2021-04-06,83.300003,89.989998,82.919998,88.889999,4486200.000000
2021-04-07,88.870003,88.879997,85.269997,86.599998,1975400.000000
2021-04-08,87.550003,90.089996,87.290001,88.320000,2101300.000000
2021-04-09,87.400002,89.500000,85.730003,88.800003,1781500.000000
2021-04-12,87.730003,90.900002,87.000000,90.459999,2822500.000000
2021-04-13,91.099998,95.519997,90.540001,94.209999,6156400.000000
2021-04-14,94.889999,96.139999,93.000000,93.250000,2143200.000000
2021-04-15,94.040001,96.349998,93.930000,95.269997,2060500.000000
2021-04-16,94.549004,94.629997,89.279999,90.339996,3276700.000000
2021-04-19,90.010002,91.769997,86.900002,87.889999,2441800.000000
2021-04-20,88.400002,88.400002,83.570000,83.959999,3078000.000000
2021-04-21,83.959999,85.989998,82.680000,84.779999,2508200.000000
2021-04-22,85.650002,87.940002,84.620003,84.809998,2345300.000000
2021-04-23,86.330002,89.760002,85.180000,89.570000,2641800.000000
2021-04-26,89.400002,93.160004,89.110001,93.139999,2193900.000000
2021-04-27,92.730003,93.989998,91.959999,93.800003,2281000.000000
2021-04-28,93.139999,93.739998,91.440002,91.559998,1277400.000000
2021-04-29,91.940002,92.199997,87.370003,88.839996,2451000.000000
2021-04-30,86.379997,88.595001,85.720001,85.769997,2587800.000000
2021-05-03,86.330002,86.330002,79.919998,80.169998,4616100.000000
2021-05-04,79.035004,79.910004,76.120003,77.860001,3246000.000000
2021-05-05,78.910004,79.389999,76.112999,76.739998,1848100.000000
2021-05-06,75.680000,75.680000,69.730003,71.360001,6749300.000000
2021-05-07,79.339996,79.779999,75.849998,77.290001,6992000.000000
2021-05-10,76.500000,77.455002,74.374001,76.860001,3524100.000000
2021-05-11,73.139999,79.099998,73.040001,78.620003,4305600.000000
2021-05-12,77.669998,77.940002,75.290001,76.839996,2863700.000000
2021-05-13,77.970001,80.430000,76.150002,77.389999,4129600.000000
2021-05-14,78.139999,82.820000,76.800003,82.510002,4467100.000000
2021-05-17,80.080002,82.660004,78.508003,81.029999,5421900.000000
2021-05-18,81.706001,84.080002,80.889999,83.110001,4149300.000000
2021-05-19,81.300003,85.459999,80.019997,83.669998,4236000.000000
2021-05-20,84.750000,88.720001,84.285004,88.120003,4048000.000000
2021-05-21,90.209999,90.889999,87.550003,88.949997,3787500.000000
2021-05-24,89.500000,90.730003,88.709999,89.760002,2728900.000000
2021-05-25,89.900002,90.636002,88.410004,89.580002,2072600.000000
2021-05-26,90.650002,93.940002,90.290001,91.430000,2308600.000000
2021-05-27,90.139999,92.349998,88.209999,92.309998,3994100.000000
2021-05-28,93.269997,94.389999,91.040001,91.050003,1654500.000000
2021-06-01,91.349998,92.449997,89.900002,91.879997,2017800.000000
2021-06-02,91.500000,92.290001,90.660004,91.599998,1448100.000000
2021-06-03,91.190002,91.449997,88.019997,88.690002,2284400.000000
2021-06-04,88.980003,90.989998,87.750000,88.449997,1684200.000000
2021-06-07,87.820000,91.459999,87.099998,90.620003,1735300.000000
2021-06-08,91.489998,93.154999,91.239998,92.480003,1692300.000000
2021-06-09,92.440002,93.475998,91.169998,91.720001,1606200.000000
2021-06-10,91.559998,95.500000,91.279999,94.500000,4218100.000000
2021-06-11,94.910004,95.800003,93.540001,95.480003,2650000.000000
2021-06-14,96.000000,97.889999,95.599998,97.250000,2577900.000000
2021-06-15,96.919998,97.440002,95.699997,96.589996,1887800.000000
2021-06-16,96.599998,99.879997,96.059998,98.379997,3614100.000000
2021-06-17,97.260002,102.559998,97.099998,101.750000,4231200.000000
2021-06-18,102.519997,104.209999,101.500000,103.260002,4717200.000000
2021-06-21,101.750000,103.339996,99.550003,102.349998,2691900.000000
2021-06-22,102.629997,105.250000,102.269997,104.540001,2355300.000000
2021-06-23,104.739998,106.540001,104.440002,106.529999,2399200.000000
2021-06-24,106.910004,107.250000,105.279999,106.440002,2861900.000000
2021-06-25,106.699997,107.139999,104.400002,106.059998,5560700.000000
2021-06-28,106.000000,107.190002,105.459999,106.440002,1452700.000000
2021-06-29,106.500000,107.400002,105.300003,107.199997,1487400.000000
2021-06-30,106.580002,106.739998,103.739998,104.080002,1769800.000000
2021-07-01,103.510002,105.519997,102.510002,104.570000,1797000.000000
2021-07-02,105.320000,107.199997,104.980003,106.470001,1423700.000000
2021-07-06,106.660004,109.800003,106.580002,108.680000,2186000.000000
2021-07-07,109.519997,110.239998,106.089996,107.309998,1422900.000000
2021-07-08,105.870003,107.720001,103.959999,107.099998,1718400.000000
2021-07-09,107.000000,108.290001,105.900002,108.120003,1329900.000000
2021-07-12,109.230003,109.900002,106.540001,107.760002,1533100.000000
2021-07-13,107.639999,108.779999,105.690002,106.589996,1084500.000000
2021-07-14,107.160004,107.669998,104.360001,104.669998,1262100.000000
2021-07-15,104.550003,105.919998,102.349998,103.480003,1553000.000000
2021-07-16,104.620003,105.558998,103.360001,104.639999,890700.000000
2021-07-19,102.510002,105.279999,101.379997,104.830002,1687500.000000
2021-07-20,105.669998,108.889999,103.430000,107.519997,1392100.000000
2021-07-21,107.580002,108.769997,106.000000,108.389999,1088500.000000
2021-07-22,109.239998,112.379997,109.019997,110.199997,1951400.000000
2021-07-23,110.349998,112.529999,109.910004,111.230003,2525300.000000
2021-07-26,110.650002,110.782997,108.300003,109.790001,1343200.000000
2021-07-27,109.989998,110.910004,106.570000,109.620003,1356900.000000
2021-07-28,110.089996,112.690002,109.500000,111.449997,1716800.000000
2021-07-29,111.059998,112.919998,111.000000,111.230003,789800.000000
2021-07-30,110.519997,114.199997,110.367996,110.699997,1808100.000000
2021-08-02,110.849998,113.199997,109.110001,111.629997,1819800.000000
2021-08-03,111.629997,114.919998,111.180000,114.680000,2383600.000000
2021-08-04,114.860001,116.389999,113.099998,114.930000,2689700.000000
2021-08-05,131.639999,135.380005,126.330002,132.470001,11690300.000000
2021-08-06,129.820007,133.000000,128.119995,131.919998,4016800.000000
2021-08-09,128.679993,130.559998,124.494003,130.000000,4707300.000000
2021-08-10,130.210007,130.210007,124.900002,125.300003,4207700.000000
2021-08-11,125.105003,128.740005,122.230003,128.210007,3538700.000000
2021-08-12,127.400002,131.130005,126.910004,130.279999,4324000.000000
2021-08-13,131.050003,137.500000,130.610001,135.490005,5583600.000000
2021-08-16,135.509995,136.220001,129.289993,133.520004,2893900.000000
2021-08-17,132.625000,134.190002,131.035004,133.000000,1622800.000000
2021-08-18,133.000000,134.520004,131.130005,132.679993,1844900.000000
2021-08-19,131.300003,137.110001,129.684006,132.419998,3016400.000000
2021-08-20,131.710007,132.869995,129.039993,131.149994,2779400.000000
2021-08-23,131.070007,132.800003,129.839996,132.500000,2664000.000000
2021-08-24,133.699997,137.660004,133.229996,135.479996,2445500.000000
2021-08-25,135.449997,136.779999,134.294998,135.630005,2118300.000000
2021-08-26,135.089996,139.173004,131.229996,131.300003,4116600.000000
2021-08-27,131.865005,136.649994,131.600006,134.839996,2071500.000000
2021-08-30,135.610001,138.470001,134.210007,136.630005,2020100.000000
2021-08-31,136.990005,138.119995,134.729996,137.800003,2120000.000000
2021-09-01,138.080002,139.679993,135.710007,135.770004,2945000.000000
2021-09-02,136.630005,137.354996,135.181000,137.089996,2009300.000000
2021-09-03,137.220001,139.529999,136.419998,138.059998,1936400.000000
2021-09-07,138.179993,138.834000,135.759995,137.360001,2532000.000000
2021-09-08,136.029999,141.139999,133.029999,139.570007,4792400.000000
2021-09-09,140.000000,143.119995,139.149994,140.899994,3502500.000000
2021-09-10,141.740005,142.789993,136.869995,137.149994,2653100.000000
2021-09-13,137.279999,138.220001,131.389999,135.229996,3218300.000000
2021-09-14,135.720001,138.570999,134.500000,138.119995,2423700.000000
2021-09-15,137.490005,139.210007,136.871002,139.110001,1775800.000000
2021-09-16,139.190002,144.630005,138.869995,144.139999,2799100.000000
2021-09-17,144.929993,145.860001,141.910004,143.130005,3391100.000000
2021-09-20,138.600006,143.339996,137.589996,142.250000,2447000.000000
2021-09-21,143.320007,146.251999,142.110001,145.380005,3325300.000000
2021-09-22,145.830002,149.570007,145.460007,148.690002,2894700.000000
2021-09-23,150.669998,150.669998,146.360001,147.500000,2253400.000000
2021-09-24,146.300003,147.940002,143.589996,147.320007,1792900.000000
2021-09-27,145.570007,145.979996,139.929993,142.000000,2687100.000000
2021-09-28,138.860001,139.886993,135.389999,137.399994,3040700.000000
2021-09-29,138.820007,140.470001,136.550003,138.139999,1812500.000000
2021-09-30,138.979996,142.729996,138.820007,141.350006,2229700.000000
2021-10-01,142.020004,145.300003,140.884995,144.690002,2802700.000000
2021-10-04,143.589996,143.589996,134.630005,137.100006,2695800.000000
2021-10-05,137.229996,142.565002,137.199997,141.889999,1643600.000000
2021-10-06,140.869995,146.145996,140.212997,143.309998,2147400.000000
2021-10-07,143.559998,146.050003,142.070007,142.100006,1911800.000000
2021-10-08,143.179993,143.910004,140.100006,140.320007,1360800.000000
2021-10-11,139.005005,144.179993,138.389999,141.960007,1282400.000000
2021-10-12,143.990005,147.250000,141.550003,145.589996,2046800.000000
2021-10-13,146.860001,156.800003,146.360001,155.889999,5675100.000000
2021-10-14,157.500000,159.923996,152.649994,153.360001,3926500.000000
2021-10-15,153.720001,156.160004,151.240005,154.479996,2062200.000000
2021-10-18,154.949997,159.125000,154.500000,157.419998,1727700.000000
2021-10-19,158.000000,160.440002,156.009995,157.940002,3479800.000000
2021-10-20,159.429993,159.860001,154.750000,158.850006,2322400.000000
2021-10-21,159.449997,162.360001,158.735001,160.919998,1328000.000000
2021-10-22,160.940002,162.929993,158.610001,162.389999,1602000.000000
2021-10-25,161.979996,164.154999,160.580002,161.580002,2206400.000000
2021-10-26,164.580002,165.339996,159.419998,163.869995,1937000.000000
2021-10-27,163.000000,164.169998,155.500000,157.089996,3922800.000000
2021-10-28,156.175003,161.190002,154.360001,161.000000,1836400.000000
2021-10-29,161.919998,168.729996,161.380005,167.050003,2731500.000000
2021-11-01,167.460007,169.190002,162.220001,165.199997,2903900.000000
2021-11-02,166.029999,166.440002,160.649994,164.880005,1869600.000000
2021-11-03,164.500000,164.979996,161.500000,162.789993,2002900.000000
2021-11-04,163.000000,168.190002,161.550003,166.949997,3007800.000000
2021-11-05,193.889999,194.000000,177.479996,185.509995,8999900.000000
2021-11-08,186.285995,194.350006,184.880005,191.350006,4420700.000000
2021-11-09,195.602997,197.690002,190.720001,196.559998,3764100.000000
2021-11-10,194.000000,196.509995,184.820007,188.800003,3662200.000000
2021-11-11,191.050003,196.490005,189.660004,190.339996,2425200.000000
2021-11-12,190.789993,194.210007,189.600006,193.029999,1829900.000000
2021-11-15,194.585007,194.669006,186.320007,191.000000,2476100.000000
2021-11-16,188.147995,193.600006,186.330002,193.259995,3230800.000000
2021-11-17,193.750000,199.675003,189.529999,190.259995,2943200.000000
2021-11-18,191.389999,195.050003,188.009995,190.600006,2212900.000000
2021-11-19,197.695999,197.869995,192.000000,192.600006,2445100.000000
2021-11-22,193.000000,193.000000,178.199997,180.750000,4303000.000000
2021-11-23,170.610001,181.250000,168.080002,179.419998,6193600.000000
2021-11-24,174.570007,182.899994,171.240005,180.339996,2900600.000000
2021-11-26,180.000000,184.910004,178.220001,181.250000,1647700.000000
2021-11-29,183.800003,187.699997,180.750000,182.990005,4163000.000000
2021-11-30,183.279999,186.289993,174.000000,178.289993,4149800.000000
2021-12-01,182.850006,185.000000,161.309998,164.529999,6257100.000000
2021-12-02,159.600006,169.820007,158.160004,169.440002,4291000.000000
2021-12-03,168.880005,168.880005,152.820007,164.220001,5138500.000000
2021-12-06,160.429993,163.550003,153.279999,161.410004,4257200.000000
2021-12-07,165.369995,177.550003,165.029999,177.009995,4073900.000000
2021-12-08,177.589996,184.369995,173.410004,183.160004,2793800.000000
2021-12-09,183.500000,185.949997,173.169998,175.410004,2811200.000000
2021-12-10,177.710007,183.160004,173.229996,174.559998,2625300.000000
2021-12-13,174.940002,182.250000,169.059998,172.029999,3405700.000000
2021-12-14,157.320007,163.619995,153.750000,160.779999,6585600.000000
2021-12-15,161.220001,171.820007,160.029999,171.020004,3741800.000000
2021-12-16,172.399994,173.000000,161.320007,164.050003,3377500.000000
2021-12-17,160.000000,171.380005,158.750000,170.160004,17400800.000000
2021-12-20,163.800003,168.850006,158.580002,164.380005,3837100.000000
2021-12-21,166.990005,177.639999,163.929993,177.490005,3523300.000000
2021-12-22,176.979996,183.309998,174.274994,179.679993,2765400.000000
2021-12-23,179.410004,182.000000,175.729996,180.360001,1965900.000000
2021-12-27,182.000000,184.860001,179.770004,183.470001,3091600.000000
2021-12-28,185.699997,186.279999,176.289993,177.419998,1691500.000000
2021-12-29,176.809998,180.770004,172.710007,179.710007,1118500.000000
2021-12-30,179.990005,181.699997,177.514999,178.929993,1397800.000000
2021-12-31,179.190002,181.300003,178.009995,178.110001,1286900.000000
2022-01-03,178.750000,180.279999,162.000000,163.830002,4503400.000000
2022-01-04,163.440002,163.440002,148.860001,157.759995,6373000.000000
2022-01-05,152.449997,154.500000,144.729996,145.520004,7248100.000000
2022-01-06,145.688995,151.339996,142.580002,143.889999,5939600.000000
2022-01-07,144.000000,148.589996,140.589996,143.789993,2553200.000000
2022-01-10,139.779999,146.520004,134.169998,146.330002,4963700.000000
2022-01-11,144.800003,150.119995,143.500000,148.600006,2866800.000000
2022-01-12,150.380005,153.600006,144.360001,146.330002,2303600.000000
2022-01-13,145.750000,147.809998,134.940002,135.130005,4061900.000000
2022-01-14,135.339996,139.725006,132.649994,138.279999,4274500.000000
2022-01-18,132.960007,139.850006,131.210007,131.869995,4618100.000000
2022-01-19,133.205002,137.369995,130.630005,130.910004,3824800.000000
2022-01-20,132.880005,139.690002,129.350006,130.009995,3174900.000000
2022-01-21,128.259995,134.479996,125.360001,125.550003,4075300.000000
2022-01-24,121.745003,137.500000,119.190002,136.070007,7406800.000000
2022-01-25,134.190002,134.190002,124.900002,125.139999,4930400.000000
2022-01-26,132.539993,139.490005,126.070000,128.039993,6942900.000000
2022-01-27,131.279999,135.130005,127.385002,128.149994,3204500.000000
2022-01-28,130.309998,137.529999,122.690002,136.960007,4943100.000000
2022-01-31,136.960007,147.738998,136.960007,146.110001,4826800.000000
2022-02-01,147.889999,149.949997,141.919998,147.779999,4089600.000000
2022-02-02,146.270004,147.000000,139.360001,142.199997,4029100.000000
2022-02-03,138.110001,141.880005,135.110001,138.020004,3362800.000000
2022-02-04,141.860001,153.940002,139.179993,150.259995,5644600.000000
2022-02-07,150.750000,161.850006,150.550003,152.619995,5269600.000000
2022-02-08,149.250000,154.639999,148.190002,151.729996,3809300.000000
2022-02-09,152.921005,156.199997,148.490005,155.500000,5473900.000000
2022-02-10,170.365005,184.699997,167.100006,174.600006,15866100.000000
2022-02-11,176.419998,181.470001,164.919006,167.399994,6462600.000000
2022-02-14,164.389999,170.000000,160.399994,164.350006,6198100.000000
2022-02-15,169.199997,169.820007,162.539993,168.990005,5164000.000000
2022-02-16,165.809998,175.889999,164.432999,173.919998,4046400.000000
2022-02-17,170.339996,172.619995,162.639999,165.809998,5091300.000000
2022-02-18,167.470001,167.889999,156.970001,159.020004,4435900.000000
2022-02-22,160.899994,165.160004,157.100006,158.940002,3643300.000000
2022-02-23,156.445007,158.940002,148.500000,149.440002,4749900.000000
2022-02-24,143.750000,160.539993,142.630005,159.860001,6006400.000000
2022-02-25,159.440002,161.649994,154.869995,161.410004,3120000.000000
2022-02-28,162.100006,166.000000,159.229996,161.110001,4705800.000000
2022-03-01,160.240005,166.990005,158.190002,159.970001,3669000.000000
2022-03-02,159.000000,165.020004,153.619995,164.479996,3383700.000000
2022-03-03,159.580002,160.690002,145.940002,148.460007,5403500.000000
2022-03-04,149.000000,151.190002,140.600006,142.190002,3763700.000000
2022-03-07,144.440002,144.889999,128.960007,130.110001,6761500.000000
2022-03-08,129.990005,132.160004,121.150002,127.129997,6633900.000000
2022-03-09,133.149994,143.615005,131.720001,142.830002,6419700.000000
2022-03-10,139.630005,142.529999,135.949997,140.160004,3091700.000000
2022-03-11,142.429993,142.460007,126.279999,127.019997,4354600.000000
2022-03-14,127.000000,127.000000,113.889999,118.760002,6698200.000000
2022-03-15,120.355003,121.860001,115.540001,120.940002,3475800.000000
2022-03-16,123.959999,135.500000,122.730003,132.240005,5705000.000000
2022-03-17,131.289993,139.000000,130.250000,137.740005,3042600.000000
2022-03-18,136.440002,147.945007,135.759995,145.759995,4945900.000000
2022-03-21,142.889999,145.470001,134.632004,140.139999,3767400.000000
2022-03-22,142.190002,151.921997,140.490005,148.649994,4634200.000000
2022-03-23,145.500000,152.623993,142.020004,146.440002,2971900.000000
2022-03-24,147.940002,152.470001,143.750000,152.210007,2787000.000000
2022-03-25,152.000000,153.195999,142.029999,146.839996,2755700.000000
2022-03-28,146.360001,151.324005,143.509995,149.350006,2365900.000000
2022-03-29,153.960007,157.354996,148.830002,155.410004,6686200.000000
2022-03-30,153.000000,158.240005,148.539993,149.660004,3240400.000000
2022-03-31,150.729996,156.160004,148.009995,151.470001,3879700.000000
2022-04-01,150.979996,156.419998,149.889999,153.500000,3290100.000000
2022-04-04,154.029999,159.000000,153.270004,156.559998,2674900.000000
2022-04-05,156.850006,157.369995,143.910004,146.899994,4437100.000000
2022-04-06,142.429993,143.380005,134.050003,137.270004,4017400.000000
2022-04-07,136.110001,140.750000,132.860001,137.240005,2340600.000000
2022-04-08,134.789993,137.279999,132.132996,134.289993,2377200.000000
2022-04-11,131.630005,137.869995,130.684998,135.089996,2726900.000000
2022-04-12,140.000000,145.190002,134.800003,135.500000,2991300.000000
2022-04-13,134.949997,144.419998,134.750000,142.869995,2855000.000000
2022-04-14,142.669998,142.854996,135.350006,136.039993,2311100.000000
2022-04-18,135.000000,135.585007,127.059998,131.110001,2213800.000000
2022-04-19,131.429993,138.800003,129.919998,137.279999,3000200.000000
2022-04-20,138.580002,138.580002,130.199997,131.619995,2124200.000000
2022-04-21,133.649994,137.440002,121.209999,121.820000,3134900.000000
2022-04-22,123.410004,125.389999,117.945000,118.400002,4421700.000000
2022-04-25,118.489998,124.599998,117.860001,121.680000,9132000.000000
2022-04-26,121.610001,124.790001,118.199997,119.349998,5972800.000000
2022-04-27,122.610001,127.430000,119.610001,120.440002,4202200.000000
2022-04-28,124.089996,130.699997,121.000000,128.470001,3880200.000000
2022-04-29,126.510002,130.660004,120.360001,120.779999,3902300.000000
2022-05-02,119.940002,123.339996,116.180000,120.199997,4289300.000000
2022-05-03,119.070000,121.169998,112.800003,114.889999,5419500.000000
2022-05-04,116.070000,119.330002,104.769997,119.000000,6707800.000000
2022-05-05,118.000000,124.430000,106.860001,111.870003,11142000.000000
2022-05-06,109.750000,118.599998,101.370003,110.000000,8274800.000000
2022-05-09,105.099998,108.059998,96.080002,97.529999,8865800.000000
2022-05-10,101.349998,104.510002,92.389999,98.309998,7323500.000000
2022-05-11,96.129997,104.739998,94.180000,97.870003,7493100.000000
2022-05-12,95.500000,105.620003,92.610001,98.830002,7124100.000000
2022-05-13,103.150002,109.730003,101.610001,108.860001,6217000.000000
2022-05-16,106.830002,108.930000,96.095001,97.190002,6186200.000000
2022-05-17,100.379997,102.000000,87.559998,95.050003,9610400.000000
2022-05-18,94.129997,95.050003,84.690002,88.070000,9012000.000000
2022-05-19,89.830002,100.610001,88.900002,96.525002,8149000.000000
2022-05-20,98.519997,100.930000,90.180000,94.790001,6090900.000000
2022-05-23,94.529999,95.958000,90.160004,93.930000,4170900.000000
2022-05-24,91.930000,92.660004,84.139999,85.809998,4988000.000000
2022-05-25,84.690002,90.379997,83.849998,88.730003,5822900.000000
2022-05-26,83.209999,91.605003,82.150002,89.629997,6696100.000000
2022-05-27,91.019997,98.184998,90.629997,98.070000,6535300.000000
2022-05-31,98.160004,99.389999,93.639999,95.389999,5545000.000000
2022-06-01,96.839996,103.879997,95.529999,97.500000,6668900.000000
2022-06-02,97.389999,116.620003,96.199997,110.080002,15399700.000000
2022-06-03,106.820000,110.949997,103.779999,105.440002,5765000.000000
2022-06-06,108.379997,109.410004,102.379997,103.160004,3962100.000000
2022-06-07,101.580002,110.400002,101.169998,108.059998,4300800.000000
2022-06-08,106.559998,111.820000,106.559998,107.349998,3668800.000000
2022-06-09,107.330002,110.919998,103.000000,103.639999,5852300.000000
2022-06-10,100.894997,100.980003,93.809998,96.199997,5025900.000000
2022-06-13,90.629997,94.110001,85.739998,86.139999,6710100.000000
2022-06-14,87.449997,89.860001,84.699997,87.110001,4384000.000000
2022-06-15,86.129997,91.300003,84.000000,89.349998,8527500.000000
2022-06-16,85.480003,87.790001,81.120003,81.989998,6016300.000000
2022-06-17,82.309998,87.220001,81.919998,85.629997,5898600.000000
2022-06-21,88.000000,93.139999,87.150002,90.309998,4348000.000000
2022-06-22,88.500000,95.150002,87.930000,91.089996,3656100.000000
2022-06-23,92.540001,102.209999,91.300003,100.599998,7341000.000000
2022-06-24,102.540001,107.809998,102.250000,107.480003,6597000.000000
2022-06-27,106.160004,107.910004,102.040001,105.199997,4215400.000000
2022-06-28,104.800003,106.970001,96.129997,97.320000,4468900.000000
2022-06-29,97.099998,100.949997,95.125000,98.370003,3126200.000000
2022-06-30,97.080002,97.589996,90.459999,95.239998,4417300.000000
2022-07-01,95.250000,101.199997,95.089996,101.050003,3821800.000000
2022-07-05,100.919998,110.080002,98.059998,108.379997,6543700.000000
2022-07-06,108.849998,112.580002,105.900002,108.029999,4086400.000000
2022-07-07,107.529999,110.820000,106.889999,107.699997,4422700.000000
2022-07-08,105.300003,111.410004,103.220001,108.290001,3961700.000000
2022-07-11,106.410004,107.089996,101.070000,104.010002,3211400.000000
2022-07-12,104.690002,107.254997,95.570000,97.320000,6087300.000000
2022-07-13,95.260002,101.139999,92.129997,97.339996,4852500.000000
2022-07-14,96.300003,96.489998,91.559998,93.779999,3206700.000000
2022-07-15,94.650002,96.779999,92.216003,93.599998,4460700.000000
2022-07-18,95.370003,96.769997,90.800003,91.040001,4985200.000000
2022-07-19,92.849998,93.400002,87.800003,92.959999,4748900.000000
2022-07-20,96.230003,102.467003,95.230003,100.879997,5223300.000000
2022-07-21,100.370003,102.099998,98.549004,101.230003,3835900.000000
2022-07-22,100.900002,106.209999,93.570000,93.790001,4743200.000000
2022-07-25,94.000000,94.010002,89.464996,90.489998,3534300.000000
2022-07-26,89.349998,89.349998,84.459999,85.720001,5900300.000000
2022-07-27,90.190002,95.019997,87.779999,94.059998,6819900.000000
2022-07-28,93.320000,96.300003,91.410004,95.720001,4152500.000000
2022-07-29,98.500000,102.300003,96.870003,102.010002,6692000.000000
2022-08-01,99.800003,105.529999,97.625000,103.449997,4757600.000000
2022-08-02,101.099998,108.790001,100.889999,106.370003,3649900.000000
2022-08-03,107.180000,113.080002,106.550003,112.419998,5515600.000000
2022-08-04,103.260002,111.540001,102.099998,110.489998,13692900.000000
2022-08-05,106.199997,115.529999,105.690002,113.290001,6396000.000000
2022-08-08,113.290001,119.230003,112.309998,112.980003,5438000.000000
2022-08-09,110.949997,112.010002,107.489998,109.760002,4858800.000000
2022-08-10,116.459999,118.769997,116.050003,117.760002,5254000.000000
2022-08-11,119.510002,120.750000,113.839996,114.779999,4500000.000000
2022-08-12,116.000000,116.150002,113.379997,115.720001,3434600.000000
2022-08-15,115.250000,117.900002,113.669998,116.199997,2191000.000000
2022-08-16,114.510002,114.879997,109.570000,113.540001,4006900.000000
2022-08-17,111.089996,112.209999,108.290001,110.019997,2909600.000000
2022-08-18,109.290001,110.820000,108.599998,109.449997,2150500.000000
2022-08-19,107.360001,107.360001,102.980003,105.730003,4244500.000000
2022-08-22,102.349998,103.889999,100.279999,101.849998,3979600.000000
2022-08-23,102.550003,104.800003,101.120003,102.989998,2748800.000000
2022-08-24,102.620003,106.339996,102.209999,105.300003,2678900.000000
2022-08-25,109.750000,111.779999,107.370003,110.379997,3789400.000000
2022-08-26,109.830002,113.050003,106.419998,106.730003,3712400.000000
2022-08-29,104.389999,108.000000,104.260002,105.290001,2415700.000000
2022-08-30,106.220001,108.209999,102.449997,104.610001,2425800.000000
2022-08-31,106.584999,109.779999,103.070000,104.949997,3851500.000000
2022-09-01,101.879997,101.879997,93.199997,97.139999,7602200.000000
2022-09-02,99.190002,100.599998,95.500000,96.940002,3771300.000000
2022-09-06,96.629997,96.629997,92.150002,92.330002,3674400.000000
2022-09-07,92.089996,96.059998,91.154999,95.620003,2760700.000000
2022-09-08,94.349998,99.419998,93.599998,97.889999,3681800.000000
2022-09-09,100.000000,101.290001,99.279999,100.540001,4772200.000000
2022-09-12,102.070000,104.949997,101.620003,104.389999,4014300.000000
2022-09-13,97.000000,99.137001,95.839996,96.629997,5023800.000000
2022-09-14,98.339996,100.129997,96.040001,97.029999,3540600.000000
2022-09-15,95.260002,100.809998,94.589996,95.360001,5118400.000000
2022-09-16,91.760002,92.110001,89.519997,91.250000,6118100.000000
2022-09-19,90.349998,93.940002,90.150002,93.800003,3480400.000000
2022-09-20,92.970001,95.000000,91.870003,93.570000,2996900.000000
2022-09-21,95.500000,99.419998,93.589996,94.510002,4185200.000000
2022-09-22,93.919998,95.360001,89.360001,89.440002,5836500.000000
2022-09-23,88.150002,89.949997,86.089996,87.279999,5433100.000000
2022-09-26,87.150002,90.070000,86.260002,86.410004,2728500.000000
2022-09-27,88.139999,89.584999,86.690002,87.739998,2875900.000000
2022-09-28,88.110001,90.379997,86.940002,89.760002,3099200.000000
2022-09-29,87.500000,89.120003,85.839996,87.449997,3242200.000000
2022-09-30,87.860001,91.459999,86.800003,88.779999,4006100.000000
2022-10-03,89.610001,91.720001,86.550003,90.940002,3244400.000000
2022-10-04,94.989998,96.870003,94.559998,95.349998,4950400.000000
2022-10-05,92.870003,96.150002,90.669998,95.110001,3490600.000000
2022-10-06,94.750000,97.314003,93.099998,93.660004,2376400.000000
2022-10-07,90.820000,90.900002,87.324997,88.059998,3011000.000000
2022-10-10,87.610001,88.389999,81.866997,84.019997,4515700.000000
2022-10-11,84.830002,85.370003,80.430000,82.720001,3822000.000000
2022-10-12,82.629997,83.599998,80.260002,82.349998,3262800.000000
2022-10-13,77.339996,82.269997,75.589996,80.900002,5417900.000000
2022-10-14,82.620003,83.330002,75.535004,75.690002,4197100.000000
2022-10-17,79.360001,81.989998,78.529999,80.790001,4401000.000000
2022-10-18,84.824997,85.148003,81.129997,81.779999,3665800.000000
2022-10-19,80.242996,80.849998,78.059998,79.000000,2828300.000000
2022-10-20,81.724998,86.220001,80.620003,82.339996,5595400.000000
2022-10-21,80.900002,82.300003,77.650002,82.150002,4779900.000000
2022-10-24,82.980003,82.980003,79.370003,82.430000,2961400.000000
2022-10-25,82.980003,89.040001,82.980003,88.750000,5505900.000000
2022-10-26,81.584999,86.690002,80.489998,81.500000,5823100.000000
2022-10-27,83.000000,84.639999,81.379997,82.160004,4096100.000000
2022-10-28,78.449997,81.400002,75.949997,81.129997,7762200.000000
2022-10-31,80.879997,82.500000,79.750000,80.510002,4077500.000000
2022-11-01,83.239998,84.050003,79.504997,80.800003,3507800.000000
2022-11-02,79.120003,79.239998,74.379997,74.480003,8664700.000000
2022-11-03,78.800003,79.029999,74.800003,75.010002,10609700.000000
2022-11-04,75.300003,75.589996,68.699997,70.379997,8624200.000000
2022-11-07,71.099998,71.389999,68.680000,69.480003,4581800.000000
2022-11-08,70.199997,72.720001,67.849998,70.489998,3790000.000000
2022-11-09,69.599998,69.625999,66.446999,67.220001,3879700.000000
2022-11-10,76.089996,78.690002,74.540001,76.519997,10430700.000000
2022-11-11,77.010002,83.690002,76.059998,82.349998,5972900.000000
2022-11-14,81.300003,81.760002,77.529999,78.120003,4776000.000000
2022-11-15,82.434998,86.879997,82.279999,86.099998,7190600.000000
2022-11-16,84.500000,84.665001,81.400002,82.440002,4891000.000000
2022-11-17,78.891998,81.199997,77.500000,79.000000,3313900.000000
2022-11-18,80.220001,80.818001,74.550003,76.519997,4517400.000000
2022-11-21,75.120003,75.864998,73.320000,73.349998,2739600.000000
2022-11-22,73.349998,73.360001,70.470001,72.330002,5026100.000000
2022-11-23,72.589996,75.980003,71.400002,75.309998,3471300.000000
2022-11-25,74.669998,75.050003,72.660004,74.839996,3334600.000000
2022-11-28,74.360001,75.250000,73.184998,73.470001,2362400.000000
2022-11-29,73.980003,74.139999,71.820000,72.059998,2599900.000000
2022-11-30,71.260002,75.900002,70.070000,75.779999,6055300.000000
2022-12-01,75.205002,78.940002,74.930000,77.970001,4252500.000000
2022-12-02,75.470001,76.370003,72.669998,74.709999,5147700.000000
2022-12-05,74.230003,75.320999,69.529999,70.260002,4528500.000000
2022-12-06,70.430000,70.500000,67.330002,68.580002,4096300.000000
2022-12-07,71.339996,71.339996,68.220001,68.279999,4613600.000000
2022-12-08,69.934998,75.239998,68.589996,74.019997,6946200.000000
2022-12-09,74.300003,76.705002,73.235001,74.559998,4638400.000000
2022-12-12,74.860001,78.478996,74.360001,76.989998,4703900.000000
2022-12-13,83.139999,85.440002,79.000000,79.709999,6809600.000000
2022-12-14,82.709999,83.599998,79.050003,80.480003,5196600.000000
2022-12-15,78.500000,81.540001,77.887001,78.305000,3833200.000000
2022-12-16,77.910004,78.904999,75.949997,77.830002,4464300.000000
2022-12-19,77.750000,78.419998,75.809998,76.050003,3053300.000000
2022-12-20,75.004997,76.800003,74.379997,75.980003,3021000.000000
2022-12-21,75.669998,77.980003,73.550003,77.169998,2546800.000000
2022-12-22,75.230003,75.919998,71.900002,72.949997,3365500.000000
2022-12-23,72.290001,72.775002,70.860001,72.419998,2125300.000000
2022-12-27,71.699997,72.199997,69.879997,70.570000,2213800.000000
2022-12-28,70.360001,71.699997,69.300003,69.839996,2160900.000000
2022-12-29,70.480003,74.180000,70.029999,73.940002,3279400.000000
2022-12-30,72.209999,73.820000,72.175003,73.500000,2186700.000000
2023-01-03,75.195000,76.599998,70.449997,72.089996,3551000.000000
2023-01-04,72.120003,72.599998,67.820000,68.959999,5188100.000000
2023-01-05,67.800003,68.010002,63.389999,63.500000,7975700.000000
2023-01-06,63.160000,64.665001,61.340000,64.139999,5094700.000000
2023-01-09,65.800003,67.830002,64.889999,65.940002,4237800.000000
2023-01-10,65.220001,66.879997,63.560001,66.769997,3654000.000000
2023-01-11,67.199997,69.279999,66.139999,69.029999,3865500.000000
2023-01-12,69.790001,69.790001,65.839996,69.209999,4390800.000000
2023-01-13,67.750000,70.650002,67.430000,70.470001,2929200.000000
2023-01-17,70.190002,73.730003,68.800003,73.059998,3851200.000000
2023-01-18,74.459999,74.790001,69.620003,69.699997,3478900.000000
2023-01-19,69.230003,70.019997,66.849998,67.430000,3626700.000000
2023-01-20,68.230003,71.136002,67.809998,71.050003,3420400.000000
2023-01-23,71.379997,75.510002,70.264999,75.290001,4425800.000000
2023-01-24,74.449997,76.430000,73.290001,73.690002,4761400.000000
2023-01-25,69.360001,71.720001,65.605003,70.750000,10284600.000000
2023-01-26,73.169998,76.040001,71.769997,76.000000,6877500.000000
2023-01-27,73.580002,78.629997,73.559998,77.230003,7447500.000000
2023-01-30,75.430000,76.184998,72.790001,73.839996,4407800.000000
2023-01-31,73.970001,74.900002,72.815002,74.809998,3199000.000000
2023-02-01,76.160004,82.730003,75.544998,82.699997,7960200.000000
2023-02-02,86.690002,88.845001,85.459999,86.970001,7919800.000000
2023-02-03,81.010002,84.440002,79.430000,79.459999,7041200.000000
2023-02-06,76.769997,79.595001,76.510002,76.959999,4236200.000000
2023-02-07,77.279999,80.769997,75.540001,80.320000,4427300.000000
2023-02-08,81.519997,84.330002,81.099998,82.660004,5737200.000000
2023-02-09,84.599998,85.378998,82.570000,83.400002,5254600.000000
2023-02-10,81.089996,81.900002,78.879997,80.519997,4322500.000000
2023-02-13,81.250000,84.019997,79.885002,82.239998,5301300.000000
2023-02-14,81.000000,86.464996,80.510002,85.480003,4918900.000000
2023-02-15,86.570000,90.010002,86.288002,88.720001,8753900.000000
2023-02-16,80.919998,89.510002,80.620003,82.470001,15005200.000000
2023-02-17,82.320000,82.680000,79.000000,79.989998,5964600.000000
2023-02-21,77.480003,79.580002,77.300003,78.519997,4109800.000000
2023-02-22,79.230003,80.889999,78.339996,79.959999,3392800.000000
2023-02-23,81.169998,81.500000,77.199997,78.699997,3277500.000000
2023-02-24,75.589996,77.245003,75.309998,76.669998,3667800.000000
2023-02-27,77.750000,78.800003,76.589996,77.599998,3210700.000000
2023-02-28,77.589996,78.010002,76.169998,76.519997,3640600.000000
2023-03-01,76.839996,77.300003,74.790001,75.220001,2880300.000000
2023-03-02,72.995003,75.070000,72.889999,74.099998,5383700.000000
2023-03-03,74.279999,77.339996,74.279999,76.980003,4689000.000000
2023-03-06,77.410004,78.180000,76.389999,76.580002,3680400.000000
2023-03-07,76.580002,77.389999,74.370003,74.820000,3326000.000000
2023-03-08,74.540001,75.220001,70.989998,71.980003,7343800.000000
2023-03-09,71.029999,74.519997,69.860001,69.910004,5495600.000000
2023-03-10,69.250000,69.900002,63.930000,65.139999,12585600.000000
2023-03-13,65.239998,67.570000,62.990002,66.239998,7981300.000000
2023-03-14,67.570000,68.349998,64.500000,65.959999,6524000.000000
2023-03-15,65.230003,68.220001,64.519997,67.540001,8149800.000000
2023-03-16,67.919998,69.750000,67.220001,69.209999,5677900.000000
2023-03-17,69.209999,69.959999,67.849998,68.620003,4744600.000000
2023-03-20,67.629997,67.690002,64.745003,66.209999,7059500.000000
2023-03-21,67.169998,69.959999,67.010002,69.669998,4167900.000000
2023-03-22,69.820000,70.019997,66.129997,66.190002,4435000.000000
2023-03-23,68.080002,69.544998,66.428001,67.440002,3668800.000000
2023-03-24,67.000000,67.250000,63.540001,65.239998,6145300.000000
2023-03-27,65.745003,67.199997,65.339996,65.599998,3825200.000000
2023-03-28,65.599998,67.889999,65.339996,67.730003,4521100.000000
2023-03-29,68.980003,69.000000,66.959999,68.099998,3515500.000000
2023-03-30,68.980003,69.779999,67.570000,67.910004,2945700.000000
2023-03-31,68.239998,73.300003,68.199997,72.660004,6681500.000000
2023-04-03,71.614998,72.160004,69.878998,70.669998,3624600.000000
2023-04-04,70.699997,71.290001,68.879997,69.320000,3737500.000000
2023-04-05,68.830002,69.089996,64.680000,66.110001,5246400.000000
2023-04-06,65.589996,66.379997,63.680000,65.830002,4053600.000000
2023-04-10,64.949997,66.199997,62.810001,66.139999,4889400.000000
2023-04-11,64.760002,66.154999,63.955002,64.849998,5628900.000000
2023-04-12,67.224998,68.790001,65.919998,66.839996,5983000.000000
2023-04-13,67.589996,69.809998,67.419998,68.080002,4113300.000000
2023-04-14,67.410004,68.970001,66.089996,67.320000,3243300.000000
2023-04-17,67.379997,69.849998,67.059998,69.839996,3910500.000000
2023-04-18,70.809998,71.449997,68.877998,70.000000,3038300.000000
2023-04-19,69.070000,70.815002,69.004997,69.555000,2940800.000000
2023-04-20,68.230003,68.580002,67.000000,67.480003,3604200.000000
2023-04-21,68.389999,69.760002,67.044998,67.279999,3481000.000000
2023-04-24,66.980003,67.254997,64.930000,65.709999,3305300.000000
2023-04-25,65.099998,65.400002,62.597000,62.689999,5090900.000000
2023-04-26,67.699997,72.669998,67.699997,69.269997,12055800.000000
2023-04-27,71.160004,71.349998,69.050003,70.209999,6044500.000000
2023-04-28,68.639999,68.970001,65.900002,67.379997,6430100.000000
2023-05-01,66.779999,66.779999,65.168999,65.400002,4913200.000000
2023-05-02,65.000000,65.870003,63.930000,64.040001,3667300.000000
2023-05-03,63.674999,67.410004,63.000000,65.839996,7780100.000000
2023-05-04,70.430000,77.070000,70.000000,75.400002,15351900.000000
2023-05-05,75.809998,79.230003,75.300003,76.570000,8548200.000000
2023-05-08,76.809998,78.855003,75.019997,78.540001,5361900.000000
2023-05-09,78.169998,81.455002,77.949997,79.589996,5418800.000000
2023-05-10,82.415001,86.790001,81.800003,86.000000,11311700.000000
2023-05-11,86.449997,86.870003,85.370003,86.650002,5051400.000000
2023-05-12,85.980003,88.349998,85.703003,87.250000,6542000.000000
2023-05-15,87.930000,89.750000,87.334999,88.500000,6413400.000000
2023-05-16,87.879997,88.665001,87.349998,88.070000,4394900.000000
2023-05-17,88.504997,91.660004,88.279999,91.279999,5085900.000000
2023-05-18,91.260002,94.790001,91.260002,94.540001,5672600.000000
2023-05-19,93.680000,94.370003,91.000000,92.089996,5645000.000000
2023-05-22,92.199997,94.190002,91.129997,93.870003,3807200.000000
2023-05-23,92.989998,94.790001,92.800003,93.070000,3398500.000000
2023-05-24,92.730003,94.430000,91.800003,93.440002,3465800.000000
2023-05-25,94.849998,97.400002,91.349998,92.410004,5408800.000000
2023-05-26,92.879997,95.760002,92.519997,93.160004,3922200.000000
2023-05-30,94.930000,95.339996,92.430000,93.690002,3435400.000000
2023-05-31,93.089996,95.620003,92.540001,94.910004,4830000.000000
2023-06-01,93.000000,96.080002,91.660004,94.989998,4204600.000000
2023-06-02,99.989998,103.800003,98.728996,98.769997,7895100.000000
2023-06-05,97.629997,100.572998,96.059998,100.349998,4180500.000000
2023-06-06,100.059998,103.120003,99.974998,101.849998,4747800.000000
2023-06-07,101.680000,102.654999,93.309998,93.589996,7638000.000000
2023-06-08,92.730003,96.129997,92.079002,96.019997,3861600.000000
2023-06-09,97.029999,98.730003,94.912003,95.629997,4057400.000000
2023-06-12,95.080002,97.739998,94.750000,97.699997,2859500.000000
2023-06-13,99.739998,100.300003,96.550003,97.750000,2700400.000000
2023-06-14,97.230003,98.214996,95.370003,96.279999,3305900.000000
2023-06-15,95.260002,99.129997,95.190002,98.190002,3717300.000000
2023-06-16,98.629997,98.800003,95.269997,95.750000,4530700.000000
2023-06-20,95.599998,97.980003,95.300003,96.680000,3210700.000000
2023-06-21,96.320000,97.099998,91.849998,91.940002,5481200.000000
2023-06-22,91.660004,96.150002,90.879997,94.500000,4383200.000000
2023-06-23,93.000000,95.110001,92.330002,93.669998,2926200.000000
2023-06-26,93.099998,96.315002,92.750000,93.339996,2825700.000000
2023-06-27,94.059998,96.129997,92.699997,95.690002,2570300.000000
2023-06-28,95.690002,100.580002,95.627998,98.150002,5266700.000000
2023-06-29,97.955002,98.495003,95.010002,96.449997,2717400.000000
2023-06-30,97.919998,100.440002,97.209999,98.379997,3303500.000000
2023-07-03,98.099998,99.830002,97.370003,98.290001,1586700.000000
2023-07-05,97.199997,98.970001,95.839996,98.279999,3039600.000000
2023-07-06,96.580002,97.239998,95.309998,97.080002,2111600.000000
2023-07-07,97.500000,101.500000,97.470001,98.019997,4973300.000000
2023-07-10,97.650002,102.490997,96.589996,101.449997,4050100.000000
2023-07-11,102.025002,106.080002,101.059998,104.980003,5187400.000000
2023-07-12,108.214996,108.510002,104.660004,105.445000,5492500.000000
2023-07-13,106.500000,109.650002,106.139999,109.190002,3932800.000000
2023-07-14,110.000000,111.599998,107.660004,108.529999,3314100.000000
2023-07-17,109.410004,113.625000,109.010002,112.769997,3532300.000000
2023-07-18,112.669998,115.000000,111.370003,113.820000,3356300.000000
2023-07-19,116.000000,117.445999,113.529999,115.220001,4032100.000000
2023-07-20,113.000000,114.290001,109.739998,109.900002,3811800.000000
2023-07-21,110.870003,111.500000,108.671997,109.870003,6915500.000000
2023-07-24,110.220001,111.620003,109.339996,111.489998,2986000.000000
2023-07-25,115.790001,118.019997,114.320000,115.300003,6384300.000000
2023-07-26,109.580002,112.695000,107.050003,110.639999,5720400.000000
2023-07-27,113.150002,113.199997,108.599998,109.459999,3327700.000000
2023-07-28,111.110001,113.239998,109.720001,112.190002,2852900.000000
2023-07-31,113.434998,116.779999,113.434998,116.720001,4030400.000000
2023-08-01,115.000000,115.839996,113.769997,114.949997,2189500.000000
2023-08-02,111.809998,112.489998,105.410004,106.830002,6044500.000000
2023-08-03,106.220001,107.570000,105.000000,107.099998,4359600.000000
2023-08-04,114.794998,115.949997,107.300003,107.529999,6324000.000000
2023-08-07,109.220001,110.080002,104.769997,106.300003,7678800.000000
2023-08-08,84.379997,89.239998,83.870003,88.040001,26640900.000000
2023-08-09,87.949997,88.870003,84.459999,86.760002,8504900.000000
2023-08-10,88.830002,92.160004,88.510002,90.720001,7251700.000000
2023-08-11,88.730003,90.959999,88.599998,89.440002,3176400.000000
2023-08-14,88.089996,90.300003,87.589996,89.779999,3215400.000000
2023-08-15,89.370003,89.650002,87.550003,88.519997,3108400.000000
2023-08-16,88.860001,92.139999,88.099998,90.599998,5264300.000000
2023-08-17,90.050003,91.000000,89.421997,90.290001,4189200.000000
2023-08-18,89.400002,94.250000,89.040001,93.629997,5417500.000000
2023-08-21,94.989998,96.480003,94.230003,94.690002,4747600.000000
2023-08-22,95.470001,95.870003,92.669998,93.690002,3213700.000000
2023-08-23,93.690002,95.980003,92.260002,95.440002,3048700.000000
2023-08-24,97.349998,97.349998,91.370003,91.849998,3788100.000000
2023-08-25,91.699997,94.000000,91.129997,92.599998,2761500.000000
2023-08-28,93.250000,93.430000,91.480003,92.540001,2289900.000000
2023-08-29,92.309998,95.050003,91.940002,93.809998,2345400.000000
2023-08-30,92.709999,94.199997,91.849998,94.160004,3966400.000000
2023-08-31,94.660004,98.139999,94.660004,96.480003,4390100.000000
2023-09-01,97.730003,98.839996,96.919998,97.730003,3248900.000000
2023-09-05,95.599998,98.019997,95.165001,98.000000,3334900.000000
2023-09-06,97.160004,98.300003,95.639999,97.660004,3263000.000000
2023-09-07,95.669998,96.980003,94.640999,96.680000,2473600.000000
2023-09-08,96.650002,99.099998,96.080002,97.660004,3620000.000000
2023-09-11,98.190002,102.000000,97.849998,101.879997,4035100.000000
2023-09-12,99.919998,101.160004,98.169998,98.220001,2843200.000000
2023-09-13,98.050003,99.404999,97.330002,97.480003,2226800.000000
2023-09-14,98.029999,98.709999,96.459999,97.510002,1932100.000000
2023-09-15,95.959999,96.610001,93.510002,94.550003,8094800.000000
2023-09-18,93.800003,95.491997,93.250000,94.500000,1860200.000000
2023-09-19,94.000000,94.050003,91.720001,92.889999,2117100.000000
2023-09-20,92.889999,94.809998,91.980003,92.050003,2935900.000000
2023-09-21,91.000000,91.339996,88.129997,88.419998,4259200.000000
2023-09-22,89.099998,89.724998,87.260002,88.760002,2487600.000000
2023-09-25,87.839996,88.879997,87.401001,88.839996,1666000.000000
2023-09-26,87.930000,88.750000,86.250000,86.570000,2835400.000000
2023-09-27,87.059998,88.360001,86.660004,87.830002,2256000.000000
2023-09-28,86.904999,90.110001,85.290001,88.959999,4128700.000000
2023-09-29,91.839996,93.220001,90.949997,91.089996,3797900.000000
2023-10-02,92.540001,93.349998,90.830002,91.839996,2538000.000000
2023-10-03,90.620003,91.300003,86.410004,86.970001,3573900.000000
2023-10-04,86.839996,88.735001,86.550003,88.529999,3254900.000000
2023-10-05,88.750000,89.709999,88.260002,89.540001,3625200.000000
2023-10-06,87.580002,94.800003,87.500000,94.430000,4429700.000000
2023-10-09,89.260002,91.635002,89.050003,90.730003,6148300.000000
2023-10-10,90.730003,93.650002,90.510002,91.629997,4392800.000000
2023-10-11,92.370003,92.695000,88.500000,89.440002,4182500.000000
2023-10-12,89.410004,90.370003,87.144997,87.980003,3124800.000000
2023-10-13,88.660004,88.940002,86.699997,88.059998,2887400.000000
2023-10-16,88.349998,91.720001,87.849998,90.519997,2965100.000000
2023-10-17,88.480003,91.470001,87.730003,90.410004,2495500.000000
2023-10-18,89.739998,90.900002,88.209999,88.290001,2755500.000000
2023-10-19,88.570000,89.519997,87.120003,87.750000,3383500.000000
2023-10-20,87.839996,89.099998,84.910004,86.080002,3769600.000000
2023-10-23,84.849998,86.089996,83.849998,85.680000,3016600.000000
2023-10-24,86.269997,88.629997,86.099998,87.860001,3660000.000000
2023-10-25,86.099998,86.650002,81.559998,81.589996,4427000.000000
2023-10-26,82.029999,83.720001,79.410004,80.720001,5160800.000000
2023-10-27,81.800003,82.440002,80.459999,81.680000,3633800.000000
2023-10-30,81.160004,81.570000,79.370003,80.410004,4016200.000000
2023-10-31,80.779999,82.510002,79.540001,81.470001,3289200.000000
2023-11-01,82.019997,82.199997,78.660004,80.099998,5032900.000000
2023-11-02,81.800003,83.570000,77.809998,79.239998,6804200.000000
2023-11-03,79.470001,83.050003,79.000000,82.040001,5744700.000000
2023-11-06,82.830002,82.870003,79.070000,79.550003,9905400.000000
2023-11-07,98.989998,104.430000,96.169998,102.199997,29134800.000000
2023-11-08,101.699997,103.959999,99.209999,99.989998,8377600.000000
2023-11-09,100.489998,102.480003,99.599998,100.230003,6947700.000000
2023-11-10,99.849998,103.849998,99.510002,103.650002,5086400.000000
2023-11-13,103.489998,105.860001,102.739998,104.250000,4727100.000000
2023-11-14,106.589996,109.190002,104.400002,109.019997,5824800.000000
2023-11-15,109.989998,112.110001,109.099998,109.440002,5196800.000000
2023-11-16,109.190002,110.690002,108.260002,109.120003,2477600.000000
2023-11-17,109.070000,110.000000,108.739998,109.540001,2294600.000000
2023-11-20,109.519997,112.190002,109.129997,111.769997,4091400.000000
2023-11-21,109.720001,112.180000,108.620003,111.930000,3508600.000000
2023-11-22,112.945000,113.570000,110.720001,112.129997,2506400.000000
2023-11-24,112.139999,113.120003,111.160004,112.870003,1304800.000000
2023-11-27,112.639999,114.160004,111.565002,111.919998,2878900.000000
2023-11-28,112.260002,114.844002,112.150002,114.239998,3620600.000000
2023-11-29,115.180000,117.720001,115.000000,116.650002,4193700.000000
2023-11-30,118.190002,120.260002,115.510002,116.570000,4798200.000000
2023-12-01,117.290001,118.769997,116.080002,118.620003,3584900.000000
2023-12-04,117.400002,118.404999,115.292999,118.180000,4501500.000000
2023-12-05,117.720001,118.800003,115.860001,118.070000,2703800.000000
2023-12-06,118.000000,118.949997,114.230003,114.309998,4064500.000000
2023-12-07,117.080002,117.478996,114.349998,115.000000,2870500.000000
2023-12-08,113.279999,114.389999,112.250000,113.830002,3127600.000000
2023-12-11,114.820000,115.900002,114.099998,114.730003,2689400.000000
2023-12-12,113.459999,115.500000,112.589996,114.660004,1939500.000000
2023-12-13,114.720001,117.459999,113.500000,117.230003,4162600.000000
2023-12-14,119.010002,120.964996,117.684998,120.650002,5620800.000000
2023-12-15,121.589996,123.822998,120.721001,122.599998,6436400.000000
2023-12-18,122.440002,124.150002,121.690002,123.269997,2550900.000000
2023-12-19,124.449997,124.690002,121.584999,122.410004,2753100.000000
2023-12-20,121.669998,123.489998,120.160004,120.620003,2606800.000000
2023-12-21,122.750000,123.129997,120.660004,122.480003,2426900.000000
2023-12-22,123.209999,123.459999,121.209999,122.489998,2202500.000000
2023-12-26,122.849998,123.820000,122.250000,123.559998,1142800.000000
2023-12-27,124.000000,124.160004,122.610001,123.599998,1400300.000000
2023-12-28,124.000000,124.480003,122.820000,123.279999,1506200.000000
2023-12-29,123.000000,123.724998,120.889999,121.379997,2194100.000000
2024-01-02,119.224998,119.224998,114.278000,115.080002,4431200.000000
2024-01-03,113.760002,114.230003,111.269997,112.419998,3666000.000000
2024-01-04,111.644997,113.860001,110.695000,113.019997,3675300.000000
2024-01-05,113.019997,117.040001,112.987999,115.989998,4539500.000000
2024-01-08,116.610001,119.839996,116.610001,119.250000,3002400.000000
2024-01-09,118.459999,121.739998,118.279999,121.180000,2560100.000000
2024-01-10,121.750000,121.999001,118.430000,120.190002,4219600.000000
2024-01-11,121.455002,121.860001,118.430000,120.879997,3001600.000000
2024-01-12,121.000000,123.089996,120.010002,123.000000,3665100.000000
2024-01-16,122.760002,124.889999,121.959999,123.790001,3105600.000000
2024-01-17,122.809998,126.065002,120.279999,126.029999,6172400.000000
2024-01-18,128.210007,128.639999,123.919998,126.919998,4072000.000000
2024-01-19,128.050003,130.500000,126.620003,130.309998,3972200.000000
2024-01-22,133.399994,136.074997,131.789993,132.979996,4908000.000000
2024-01-23,133.000000,133.149994,128.559998,129.009995,5797500.000000
2024-01-24,130.494995,130.494995,122.220001,122.580002,10499800.000000
2024-01-25,123.610001,123.689003,119.339996,122.190002,9432000.000000
2024-01-26,121.459999,124.919998,120.589996,123.949997,4501600.000000
2024-01-29,124.779999,128.940002,124.589996,128.869995,3609600.000000
2024-01-30,128.360001,129.059998,125.510002,126.830002,3371500.000000
2024-01-31,123.290001,127.320000,122.550003,124.440002,3983600.000000
2024-02-01,125.669998,127.550003,123.870003,126.900002,3222400.000000
2024-02-02,132.014999,135.220001,130.250000,134.309998,7697200.000000
2024-02-05,135.139999,137.929993,129.800003,131.139999,4089800.000000
2024-02-06,132.080002,132.779999,126.849998,129.179993,3693800.000000
2024-02-07,131.300003,132.869995,130.160004,130.619995,3696300.000000
2024-02-08,128.080002,133.240005,127.870003,131.449997,4361300.000000
2024-02-09,135.809998,137.850006,134.679993,134.910004,6683400.000000
2024-02-12,135.130005,137.104996,133.309998,134.850006,9412800.000000
2024-02-13,126.500000,138.610001,123.500000,131.679993,15677800.000000
2024-02-14,134.789993,137.932007,133.414993,136.149994,8112800.000000
2024-02-15,136.360001,137.449997,131.320007,131.839996,6140200.000000
2024-02-16,131.979996,132.479996,128.440002,129.740005,4977600.000000
2024-02-20,128.000000,129.050003,125.099998,127.660004,3732100.000000
2024-02-21,124.809998,126.650002,123.432999,125.839996,3498800.000000
2024-02-22,130.199997,132.520004,129.759995,131.119995,4298600.000000
2024-02-23,131.770004,132.779999,129.134995,129.509995,3498400.000000
2024-02-26,130.000000,131.500000,128.779999,129.350006,2323900.000000
2024-02-27,130.860001,132.179993,129.895004,130.949997,1963200.000000
2024-02-28,129.789993,132.050003,128.830002,130.470001,2108100.000000
2024-02-29,130.470001,134.302002,129.410004,131.460007,5176400.000000
2024-03-01,131.750000,131.940002,129.199997,130.220001,3470200.000000
2024-03-04,129.389999,131.869995,126.400002,130.669998,5378200.000000
2024-03-05,129.089996,129.250000,122.029999,123.529999,6143600.000000
2024-03-06,126.750000,127.000000,122.190002,124.589996,4474600.000000
2024-03-07,125.000000,125.000000,121.519997,122.889999,3884600.000000
2024-03-08,122.000000,125.699997,120.779999,121.309998,3727200.000000
2024-03-11,120.150002,122.349998,118.400002,121.449997,3695700.000000
2024-03-12,121.699997,123.070000,119.919998,122.989998,3067100.000000
2024-03-13,122.470001,125.419998,121.519997,123.589996,3302700.000000
2024-03-14,122.629997,123.849998,120.089996,122.650002,2720700.000000
2024-03-15,122.959999,123.500000,119.790001,120.419998,4325700.000000
2024-03-18,121.529999,122.849998,120.559998,120.870003,2068700.000000
2024-03-19,119.440002,121.910004,118.750000,121.809998,2699000.000000
2024-03-20,122.639999,124.080002,121.230003,123.440002,2929600.000000
2024-03-21,125.010002,127.459999,122.379997,122.860001,2096300.000000
2024-03-22,122.650002,123.401001,121.169998,123.019997,1503800.000000
2024-03-25,122.230003,123.290001,121.000000,122.660004,1140900.000000
2024-03-26,123.570000,124.290001,122.370003,123.449997,2132900.000000
2024-03-27,125.309998,125.959999,122.330002,123.510002,2281800.000000
2024-03-28,123.160004,125.360001,122.149002,123.599998,1887200.000000
2024-04-01,123.864998,124.320000,121.559998,123.150002,2187800.000000
2024-04-02,120.489998,124.550003,118.739998,124.389999,2680300.000000
2024-04-03,123.830002,125.470001,121.464996,121.510002,2742000.000000
2024-04-04,122.589996,125.555000,120.559998,120.720001,2736500.000000
2024-04-05,121.040001,125.730003,119.800003,124.400002,2528600.000000
2024-04-08,125.339996,125.980003,122.836998,125.760002,1475400.000000
2024-04-09,127.199997,128.500000,124.379997,125.440002,1913200.000000
2024-04-10,121.500000,125.978996,121.400002,125.820000,3279800.000000
2024-04-11,127.790001,131.330002,127.000000,130.800003,5160800.000000
2024-04-12,129.089996,131.580002,127.449997,127.510002,3652400.000000
2024-04-15,127.910004,130.220001,125.379997,125.820000,3846300.000000
2024-04-16,125.940002,128.289993,124.849998,126.949997,3016900.000000
2024-04-17,127.227997,128.089996,123.440002,123.550003,3477100.000000
2024-04-18,123.900002,126.769997,122.400002,125.019997,2595600.000000
2024-04-19,124.830002,125.669998,119.900002,120.089996,3628000.000000
2024-04-22,120.480003,122.489998,118.459999,122.070000,2971400.000000
2024-04-23,125.500000,131.479996,123.750000,126.440002,5101200.000000
2024-04-24,126.690002,130.380005,125.570000,127.070000,3283700.000000
2024-04-25,123.550003,126.529999,122.589996,125.250000,2950800.000000
2024-04-26,131.339996,132.899994,128.110001,131.449997,5116600.000000
2024-04-29,132.000000,132.020004,128.455994,129.070007,2730600.000000
2024-04-30,128.250000,129.839996,125.449997,125.500000,3417800.000000
2024-05-01,127.019997,129.619995,123.389999,126.419998,4214300.000000
2024-05-02,127.660004,128.589996,124.599998,125.459999,3795400.000000
2024-05-03,127.559998,127.879997,123.529999,124.269997,3884500.000000
2024-05-06,123.519997,127.000000,122.129997,126.970001,5721700.000000
2024-05-07,113.260002,116.349998,110.342003,112.400002,21740200.000000
2024-05-08,114.099998,117.750000,113.370003,117.279999,8316200.000000
2024-05-09,118.110001,118.320000,115.750000,115.870003,3444000.000000
2024-05-10,116.519997,119.440002,115.660004,118.970001,5174700.000000
2024-05-13,119.389999,119.800003,118.110001,118.260002,3235200.000000
2024-05-14,118.000000,118.413002,115.900002,116.750000,3449700.000000
2024-05-15,118.830002,119.000000,117.629997,118.470001,3526100.000000
2024-05-16,118.839996,122.160004,118.250000,120.610001,3363000.000000
2024-05-17,119.839996,122.110001,119.839996,120.070000,2069500.000000
2024-05-20,120.070000,122.139999,119.665001,121.290001,2359900.000000
2024-05-21,120.419998,123.309998,120.110001,122.330002,2769300.000000
2024-05-22,122.910004,123.290001,121.169998,122.750000,1629700.000000
2024-05-23,124.540001,125.440002,122.010002,122.120003,2699600.000000
2024-05-24,121.769997,125.379997,121.000000,123.599998,2182900.000000
2024-05-28,123.760002,124.135002,120.945000,122.110001,2197700.000000
2024-05-29,120.300003,122.160004,120.139999,121.680000,1777700.000000
2024-05-30,123.400002,123.830002,117.180000,117.449997,4386500.000000
2024-05-31,114.750000,115.180000,108.080002,110.180000,10483000.000000
2024-06-03,111.000000,111.438004,108.290001,109.339996,5068300.000000
2024-06-04,108.440002,110.209999,107.300003,108.839996,4575200.000000
2024-06-05,110.000000,110.639999,108.068001,110.480003,4473300.000000
2024-06-06,110.480003,112.800003,109.500000,109.620003,2450100.000000
2024-06-07,109.440002,110.790001,107.830002,109.470001,4033800.000000
2024-06-10,109.000000,113.940002,108.989998,112.989998,3280100.000000
2024-06-11,113.389999,114.980003,112.550003,114.900002,4775500.000000
2024-06-12,117.260002,120.320000,116.699997,119.110001,5458900.000000
2024-06-13,120.419998,121.269997,118.820000,119.540001,5067400.000000
2024-06-14,118.500000,118.800003,115.739998,117.839996,3618900.000000
2024-06-17,117.059998,118.160004,114.691002,117.169998,3645600.000000
2024-06-18,117.000000,118.000000,116.050003,116.500000,2474600.000000
2024-06-20,116.180000,116.300003,114.680000,116.080002,3275500.000000
2024-06-21,117.239998,117.949997,115.930000,117.570000,4954800.000000
2024-06-24,116.699997,120.230003,116.599998,118.489998,2297200.000000
2024-06-25,119.040001,120.139999,118.180000,119.129997,3217900.000000
2024-06-26,118.809998,124.165001,118.300003,123.190002,3964900.000000
2024-06-27,123.190002,128.880005,122.650002,128.449997,4411400.000000
2024-06-28,129.889999,131.128998,128.300003,129.690002,7170800.000000
2024-07-01,129.039993,131.990005,127.959999,130.500000,3938200.000000
2024-07-02,130.089996,132.360001,129.880005,131.750000,2856000.000000
2024-07-03,130.830002,133.149994,130.830002,131.500000,1773600.000000
2024-07-05,131.000000,134.800003,130.750000,134.559998,2535000.000000
2024-07-08,131.580002,132.809998,129.070007,132.399994,3769900.000000
2024-07-09,131.699997,131.699997,125.349998,126.629997,4834400.000000
2024-07-10,127.550003,128.139999,123.910004,126.290001,2717600.000000
2024-07-11,126.410004,129.710007,125.800003,127.190002,4250200.000000
2024-07-12,126.989998,128.850006,125.089996,127.800003,2863600.000000
2024-07-15,129.375000,130.598007,126.169998,129.414993,2503300.000000
2024-07-16,131.500000,131.649994,129.309998,130.770004,3156900.000000
2024-07-17,123.500000,125.070000,120.250000,121.160004,6842700.000000
2024-07-18,121.699997,123.209999,117.860001,118.820000,3715600.000000
2024-07-19,118.580002,120.519997,118.205002,119.029999,2538600.000000
2024-07-22,119.570000,122.570000,119.489998,121.220001,3191100.000000
2024-07-23,121.820000,125.349998,121.779999,123.209999,2347100.000000
2024-07-24,121.870003,123.010002,117.239998,117.320000,3574600.000000
2024-07-25,118.269997,121.989998,116.510002,120.309998,3478600.000000
2024-07-26,121.430000,121.459999,117.519997,118.309998,3817500.000000
2024-07-29,119.000000,119.949997,117.410004,117.919998,2165100.000000
2024-07-30,117.870003,117.940002,113.580002,114.680000,4164300.000000
2024-07-31,115.500000,117.889999,114.839996,116.440002,3345800.000000
2024-08-01,115.010002,116.690002,111.309998,113.099998,4260400.000000
2024-08-02,109.889999,109.919998,106.199997,107.250000,5247300.000000
2024-08-05,99.930000,106.230003,98.800003,104.970001,5975800.000000
2024-08-06,105.639999,107.220001,103.510002,105.470001,4623000.000000
2024-08-07,108.699997,111.250000,107.269997,108.040001,7819200.000000
2024-08-08,115.080002,118.070000,111.019997,114.059998,9763000.000000
2024-08-09,113.739998,115.449997,110.629997,112.279999,4515400.000000
2024-08-12,113.050003,113.199997,110.099998,112.160004,3557600.000000
2024-08-13,112.209999,115.014999,112.209999,114.370003,2816200.000000
2024-08-14,114.809998,115.349998,113.269997,114.150002,2911800.000000
2024-08-15,115.430000,118.400002,115.139999,116.330002,3846600.000000
2024-08-16,116.239998,116.419998,114.769997,114.980003,2197900.000000
2024-08-19,115.339996,117.250000,114.129997,117.209999,1872500.000000
2024-08-20,116.699997,117.510002,115.739998,116.099998,1834400.000000
2024-08-21,116.510002,117.790001,115.970001,117.739998,2223500.000000
2024-08-22,117.500000,118.720001,115.529999,115.620003,2419000.000000
2024-08-23,117.000000,117.665001,115.480003,117.230003,1926200.000000
2024-08-26,116.419998,117.589996,116.209999,116.739998,1388700.000000
2024-08-27,116.250000,116.959999,115.529999,116.019997,1284900.000000
2024-08-28,115.500000,116.489998,112.260002,113.419998,1797600.000000
2024-08-29,115.279999,116.889999,114.449997,115.180000,2328800.000000
2024-08-30,117.220001,117.970001,114.660004,116.260002,2436600.000000
2024-09-03,114.870003,115.500999,111.099998,111.480003,3355800.000000
2024-09-04,110.769997,111.400002,108.540001,108.650002,3536800.000000
2024-09-05,108.010002,110.500000,108.000000,110.089996,2701600.000000
2024-09-06,109.870003,110.969002,105.440002,107.199997,3311300.000000
2024-09-09,108.269997,109.019997,106.739998,107.699997,2720500.000000
2024-09-10,108.459999,110.199997,107.019997,108.120003,2365200.000000
2024-09-11,108.410004,109.660004,107.144997,109.519997,4320100.000000
2024-09-12,110.000000,110.919998,109.199997,109.629997,2552800.000000
2024-09-13,109.559998,110.900002,108.790001,109.260002,3143000.000000
2024-09-16,109.160004,111.589996,108.349998,111.400002,3670700.000000
2024-09-17,112.300003,113.650002,111.449997,111.930000,2419900.000000
2024-09-18,111.720001,114.934998,111.500000,113.180000,2779300.000000
2024-09-19,115.860001,116.635002,114.910004,115.519997,3133100.000000
2024-09-20,115.180000,115.620003,113.910004,114.760002,2830000.000000
2024-09-23,115.010002,116.669998,114.900002,116.220001,1917900.000000
2024-09-24,116.580002,118.379997,115.660004,117.309998,2546000.000000
2024-09-25,116.629997,117.500000,115.559998,116.010002,2546100.000000
2024-09-26,118.199997,118.230003,113.099998,114.209999,2344300.000000
2024-09-27,115.129997,115.180000,113.458000,114.199997,2288500.000000
2024-09-30,114.199997,115.320000,113.860001,115.059998,1562900.000000
2024-10-01,117.449997,117.750000,113.080002,113.980003,2783500.000000
2024-10-02,114.190002,116.690002,113.529999,116.220001,3193900.000000
2024-10-03,115.260002,118.580002,115.169998,117.529999,3719500.000000
2024-10-04,119.550003,122.820000,118.370003,122.690002,5219300.000000
2024-10-07,122.199997,123.779999,121.160004,122.379997,3209100.000000
2024-10-08,123.739998,126.165001,123.230003,123.720001,3838500.000000
2024-10-09,123.800003,126.559998,123.699997,125.160004,3143300.000000
2024-10-10,125.239998,130.240005,125.039001,130.089996,4713100.000000
2024-10-11,129.889999,131.246002,128.759995,129.809998,2651500.000000
2024-10-14,131.279999,131.279999,128.554001,129.119995,2514100.000000
2024-10-15,128.470001,128.660004,125.724998,126.879997,2703900.000000
2024-10-16,126.430000,126.800003,123.290001,126.000000,2464100.000000
2024-10-17,127.330002,127.910004,124.760002,126.220001,2506100.000000
2024-10-18,129.000000,130.169998,127.190002,128.119995,3575100.000000
2024-10-21,126.120003,128.800003,124.930000,125.809998,3279000.000000
2024-10-22,125.000000,126.000000,123.129997,124.620003,1886400.000000
2024-10-23,124.620003,125.510002,121.070000,121.519997,2078400.000000
2024-10-24,122.750000,124.000000,122.349998,123.889999,2021300.000000
2024-10-25,124.900002,127.720001,124.769997,126.599998,3396300.000000
2024-10-28,127.290001,127.949997,125.750000,126.370003,2383200.000000
2024-10-29,127.199997,129.309998,125.849998,128.759995,3551900.000000
2024-10-30,129.820007,131.839996,127.919998,128.160004,2809300.000000
2024-10-31,126.250000,126.433998,124.000000,125.440002,3446300.000000
2024-11-01,124.430000,124.570000,120.779999,123.260002,4838700.000000
2024-11-04,122.510002,127.099998,121.699997,125.559998,3294000.000000
2024-11-05,126.739998,126.989998,124.809998,125.050003,2541000.000000
2024-11-06,129.050003,129.149994,127.059998,128.350006,5855200.000000
2024-11-07,126.870003,133.660004,126.169998,129.789993,8264800.000000
2024-11-08,129.490005,129.500000,122.976997,124.449997,5904900.000000
2024-11-11,125.550003,125.550003,121.519997,122.360001,5554000.000000
2024-11-12,122.080002,124.449997,121.260002,123.410004,7124600.000000
2024-11-13,123.070000,131.330002,122.669998,128.449997,7682500.000000
2024-11-14,129.570007,133.279007,129.050003,131.429993,5315000.000000
2024-11-15,129.050003,129.509995,124.879997,126.089996,5777700.000000
2024-11-18,126.915001,127.570000,124.819000,125.970001,3075300.000000
2024-11-19,125.900002,133.860001,125.055000,133.410004,6252000.000000
2024-11-20,134.850006,136.710999,132.839996,135.449997,6353300.000000
2024-11-21,142.000000,145.550003,139.889999,143.860001,8671800.000000
2024-11-22,148.500000,155.419998,147.000000,154.830002,13878800.000000
2024-11-25,155.699997,157.149994,153.339996,156.630005,7686200.000000
2024-11-26,155.460007,157.479996,151.490005,154.389999,4365600.000000
2024-11-27,154.059998,155.589996,150.639999,151.960007,4084600.000000
2024-11-29,153.000000,153.190002,151.119995,152.750000,1892300.000000
2024-12-02,152.449997,153.479996,151.184998,152.880005,4307800.000000
2024-12-03,153.000000,156.679993,151.770004,155.009995,4220500.000000
2024-12-04,157.929993,166.080002,157.029999,165.880005,9874800.000000
2024-12-05,164.580002,164.940002,161.580002,163.350006,4512500.000000
2024-12-06,165.000000,170.080002,164.770004,168.649994,6048100.000000
2024-12-09,166.649994,167.589996,159.380005,161.190002,8317500.000000
2024-12-10,161.649994,161.660004,153.119995,154.910004,10653400.000000
2024-12-11,156.089996,159.535004,153.509995,156.479996,5974000.000000
2024-12-12,155.820007,157.619995,154.059998,156.729996,3447600.000000
2024-12-13,158.337997,159.000000,152.660004,153.029999,4409100.000000
2024-12-16,153.460007,156.139999,152.970001,155.820007,2825300.000000
2024-12-17,156.360001,158.570007,154.419998,156.910004,4323700.000000
2024-12-18,156.380005,158.199997,149.500000,150.199997,4322300.000000
2024-12-19,150.500000,151.710007,145.869995,146.929993,5831300.000000
2024-12-20,145.110001,150.160004,144.000000,149.460007,7590500.000000
2024-12-23,150.000000,150.779999,146.619995,147.460007,2907400.000000
2024-12-24,148.250000,148.505005,147.119995,148.399994,1038500.000000
2024-12-26,148.000000,149.470001,146.873001,147.559998,1231800.000000
2024-12-27,146.479996,146.979996,143.039993,145.990005,1943400.000000
2024-12-30,143.699997,144.839996,142.440002,144.169998,2062300.000000
2024-12-31,144.710007,145.710007,142.604996,142.889999,1858600.000000
2025-01-02,145.000000,145.720001,141.639999,143.630005,2361000.000000
2025-01-03,144.630005,146.229996,144.130005,144.830002,2198500.000000
2025-01-06,147.190002,147.639999,144.830002,146.039993,2667300.000000
2025-01-07,144.479996,145.720001,140.289993,141.399994,3988600.000000
2025-01-08,141.029999,142.330002,139.259995,141.880005,3334400.000000
2025-01-10,139.369995,140.699997,137.619995,140.419998,2646000.000000
2025-01-13,139.220001,139.940002,136.710007,138.000000,4413700.000000
2025-01-14,139.500000,141.050003,138.020004,139.160004,3414000.000000
2025-01-15,142.059998,144.479996,140.729996,140.949997,3441200.000000
2025-01-16,137.505005,138.800003,134.714996,136.789993,5913500.000000
2025-01-17,139.419998,140.860001,137.919998,138.399994,3468700.000000
2025-01-21,139.315002,140.800003,137.539993,138.399994,3347600.000000
2025-01-22,139.990005,140.399994,138.589996,140.119995,3870600.000000
2025-01-23,142.300003,144.164993,139.410004,140.199997,3806400.000000
2025-01-24,141.779999,142.815002,139.850006,140.990005,2884900.000000
2025-01-27,137.500000,146.580002,136.869995,142.160004,5517600.000000
2025-01-28,143.399994,153.419998,143.399994,151.889999,7940400.000000
2025-01-29,147.895004,148.597000,141.960007,145.720001,7978200.000000
2025-01-30,141.500000,143.149994,138.600006,142.610001,6026000.000000
2025-01-31,145.740005,146.009995,141.820007,142.710007,4949500.000000
2025-02-03,140.802002,144.410004,140.240005,143.154999,5124800.000000
2025-02-04,143.000000,146.470001,142.860001,145.830002,3290100.000000
2025-02-05,144.550003,144.919998,140.300003,144.850006,4836900.000000
2025-02-06,146.000000,146.050003,143.500000,144.850006,3568600.000000
2025-02-07,145.009995,145.770004,141.850006,142.649994,4475100.000000
2025-02-10,144.429993,147.820007,143.649994,147.100006,4916200.000000
2025-02-11,146.380005,148.470001,145.000000,145.419998,3402200.000000
2025-02-12,146.289993,149.009995,144.199997,148.089996,6977300.000000
2025-02-13,136.550003,136.710007,130.880005,135.889999,20141600.000000
2025-02-14,133.610001,135.809998,129.690002,131.009995,8664000.000000
2025-02-18,128.309998,130.860001,127.230003,130.630005,8969800.000000
2025-02-19,130.520004,130.899994,128.149994,128.850006,4405300.000000
2025-02-20,127.930000,128.850006,124.330002,126.239998,6105800.000000
2025-02-21,126.180000,126.639999,119.589996,119.639999,6983800.000000
2025-02-24,119.639999,119.800003,114.621002,117.510002,7269900.000000
2025-02-25,116.529999,117.290001,113.456001,114.980003,7560900.000000
2025-02-26,115.839996,117.629997,112.849998,113.370003,6573400.000000
2025-02-27,116.785004,118.000000,113.309998,113.529999,5101800.000000
2025-02-28,112.620003,116.639999,111.680000,116.550003,5046300.000000
2025-03-03,116.970001,117.309998,112.589996,113.169998,4207800.000000
2025-03-04,111.730003,116.580002,110.373001,115.459999,5788100.000000
2025-03-05,115.489998,115.500000,112.830002,115.089996,3411100.000000
2025-03-06,111.000000,115.230003,110.910004,111.459999,5304800.000000
2025-03-07,110.879997,113.459999,106.660004,109.629997,6028400.000000
2025-03-10,107.379997,107.589996,100.849998,101.650002,9445400.000000
2025-03-11,101.529999,103.535004,101.010002,101.959999,7558000.000000
2025-03-12,104.419998,104.709999,101.050003,102.029999,6870300.000000
2025-03-13,100.709999,102.139999,98.300003,98.680000,5113300.000000
2025-03-14,99.580002,101.980003,98.809998,101.800003,4010700.000000
2025-03-17,101.589996,105.110001,101.459999,103.970001,4033800.000000
2025-03-18,103.239998,103.400002,100.709999,102.930000,2995200.000000
2025-03-19,103.110001,104.980003,102.279999,104.430000,3147800.000000
2025-03-20,103.980003,105.000000,103.080002,103.169998,4912400.000000
2025-03-21,101.250000,105.559998,100.629997,105.029999,4944700.000000
2025-03-24,107.199997,110.790001,106.910004,110.169998,4385100.000000
2025-03-25,110.250000,112.349998,110.029999,110.580002,3666300.000000
2025-03-26,110.400002,110.629997,107.050003,107.970001,2258700.000000
2025-03-27,107.550003,107.550003,104.735001,104.849998,2699200.000000
2025-03-28,103.589996,103.841003,100.150002,101.099998,3795300.000000
2025-03-31,99.260002,99.699997,96.629997,99.209999,4031400.000000
2025-04-01,100.190002,101.430000,98.510002,101.059998,4186400.000000
2025-04-02,98.150002,102.839996,98.000000,101.709999,3801900.000000
2025-04-03,96.440002,97.949997,93.150002,94.470001,5753300.000000
2025-04-04,90.910004,92.174004,86.570000,87.930000,7712200.000000
2025-04-07,83.279999,91.790001,81.629997,88.199997,9014300.000000
2025-04-08,91.000000,92.500000,85.739998,87.000000,7376700.000000
2025-04-09,87.000000,98.690002,86.140999,97.440002,7979500.000000
2025-04-10,95.000000,95.474998,91.300003,93.180000,6108600.000000
2025-04-11,94.000000,94.199997,90.650002,92.019997,5661800.000000
2025-04-14,94.099998,95.879997,90.500000,91.879997,6111100.000000
2025-04-15,91.739998,93.430000,91.474998,92.550003,3824400.000000
2025-04-16,91.260002,93.508003,90.760002,91.879997,3467800.000000
2025-04-17,91.510002,92.050003,90.059998,91.180000,3477900.000000
2025-04-21,90.184998,90.629997,87.695000,88.919998,4701400.000000
2025-04-22,90.500000,92.110001,89.739998,91.419998,4398000.000000
2025-04-23,95.239998,97.260002,93.919998,94.580002,5871000.000000
2025-04-24,94.900002,99.730003,94.900002,99.599998,4943000.000000
2025-04-25,99.110001,101.669998,99.110001,101.519997,3025500.000000
2025-04-28,101.400002,102.040001,100.300003,101.739998,2730600.000000
2025-04-29,101.940002,102.860001,101.050003,102.309998,2616300.000000
2025-04-30,100.065002,102.290001,99.269997,102.160004,3566700.000000
2025-05-01,106.660004,106.800003,103.500000,106.320000,7760600.000000
2025-05-02,107.120003,108.129997,104.800003,105.000000,5147500.000000
2025-05-05,104.519997,106.839996,104.050003,105.699997,7473500.000000
2025-05-06,104.669998,108.449997,101.059998,106.059998,13053000.000000
2025-05-07,105.709999,108.000000,104.279999,106.019997,5925100.000000
2025-05-08,107.375000,110.180000,106.379997,109.220001,5469600.000000
2025-05-09,110.120003,110.449997,106.842003,107.879997,3603900.000000
2025-05-12,112.129997,113.519997,111.029999,113.419998,4174700.000000
2025-05-13,113.489998,118.080002,113.394997,117.309998,6364400.000000
2025-05-14,118.040001,119.360001,117.080002,119.089996,6332100.000000
2025-05-15,117.805000,118.500000,115.940002,117.139999,4196800.000000
2025-05-16,117.919998,118.510002,116.519997,117.669998,3143200.000000
2025-05-19,115.290001,116.980003,114.730003,116.459999,4864800.000000
2025-05-20,115.370003,116.339996,114.660004,116.290001,2995300.000000
2025-05-21,114.930000,116.080002,113.550003,113.690002,3702000.000000
2025-05-22,114.175003,117.128998,114.019997,115.669998,3671500.000000
2025-05-23,113.610001,115.580002,113.300003,114.459999,2888800.000000
2025-05-27,116.434998,118.040001,115.214996,117.599998,3317800.000000
2025-05-28,117.610001,118.717003,116.059998,116.300003,2518600.000000
2025-05-29,116.639999,118.239998,115.620003,117.000000,3555700.000000
2025-05-30,116.309998,118.199997,115.180000,117.879997,7310500.000000
2025-06-02,117.430000,118.349998,114.739998,117.739998,4103500.000000
2025-06-03,117.370003,119.089996,116.120003,118.660004,3884800.000000
2025-06-04,119.224998,121.389999,118.989998,119.699997,6012200.000000
2025-06-05,121.190002,123.769997,120.580002,121.750000,5306200.000000
2025-06-06,122.639999,123.150002,121.540001,122.160004,4539400.000000
2025-06-09,122.389999,122.889999,118.769997,121.169998,4810700.000000
2025-06-10,122.430000,123.779999,119.519997,119.910004,5769400.000000
2025-06-11,119.989998,120.580002,118.139999,118.629997,3480800.000000
2025-06-12,120.110001,123.690002,120.000000,122.680000,4963500.000000
2025-06-13,120.540001,123.160004,119.809998,120.449997,4029400.000000
2025-06-16,120.860001,122.394997,120.860001,121.930000,3304900.000000
2025-06-17,120.970001,125.320000,119.559998,124.839996,5518400.000000
2025-06-18,125.000000,130.490005,124.879997,130.039993,7582400.000000
2025-06-20,131.059998,131.764999,127.050003,127.500000,5224300.000000
2025-06-23,127.120003,129.929993,125.500000,129.520004,4531500.000000
2025-06-24,131.160004,131.625000,129.895004,130.830002,2999900.000000
2025-06-25,131.160004,132.690002,129.880005,130.240005,3782800.000000
2025-06-26,131.350006,132.509995,128.990005,131.119995,3884800.000000
2025-06-27,131.740005,133.220001,130.710007,132.080002,4557100.000000
2025-06-30,133.369995,135.410004,132.960007,134.330002,3615000.000000
2025-07-01,133.660004,135.500000,130.279999,132.330002,4164000.000000
2025-07-02,131.500000,135.389999,131.000000,135.009995,4959200.000000
2025-07-03,147.449997,156.529999,146.910004,155.149994,29996700.000000
2025-07-07,155.000000,157.375000,151.649994,152.410004,16225100.000000
2025-07-08,146.059998,147.850006,142.740005,145.940002,86386000.000000
2025-07-09,145.399994,146.070007,141.929993,142.750000,9054600.000000
2025-07-10,142.850998,143.000000,136.809998,137.490005,9700400.000000
2025-07-11,137.490005,139.619995,137.100006,137.369995,6324200.000000
2025-07-14,136.009995,141.000000,135.839005,138.800003,6486600.000000
2025-07-15,139.089996,141.940002,139.000000,140.559998,4952200.000000
2025-07-16,139.500000,140.240005,137.860001,139.360001,4045200.000000
2025-07-17,139.850006,144.320007,139.815002,143.149994,5309800.000000
2025-07-18,143.289993,145.669998,142.669998,145.020004,3609900.000000
2025-07-21,145.419998,146.119995,143.639999,145.270004,3683700.000000
2025-07-22,144.740005,145.899994,142.770004,144.889999,3694000.000000
2025-07-23,145.179993,145.229996,141.750000,144.000000,3448500.000000
2025-07-24,145.000000,147.860001,144.714996,146.559998,2931900.000000
2025-07-25,147.464996,150.399994,146.554993,149.839996,4924600.000000
2025-07-28,150.899994,151.649994,149.660004,150.770004,2648600.000000
2025-07-29,150.990005,152.240005,148.600006,150.270004,2875800.000000
2025-07-30,150.259995,150.794998,148.139999,148.880005,3940300.000000
2025-07-31,143.000000,143.410004,137.675003,139.979996,10859500.000000
2025-08-01,137.475006,138.679993,134.130005,135.600006,6067300.000000
2025-08-04,137.199997,139.139999,136.149994,139.130005,3501100.000000
2025-08-05,139.660004,139.990005,132.720001,132.940002,5551400.000000
2025-08-06,133.100006,137.330002,133.100006,136.960007,7405500.000000
2025-08-07,147.750000,149.000000,131.199997,136.380005,16640900.000000
2025-08-08,136.589996,139.750000,129.360001,130.910004,10874900.000000
2025-08-11,129.460007,132.550003,128.419998,128.830002,8536100.000000
2025-08-12,128.899994,129.899994,126.275002,128.960007,6829400.000000
2025-08-13,129.699997,129.860001,126.980003,128.710007,4753800.000000
2025-08-14,127.669998,127.900002,124.180000,124.519997,6438900.000000
2025-08-15,124.709999,128.220001,123.419998,127.250000,4566500.000000
2025-08-18,127.680000,129.550003,127.180000,129.070007,2625400.000000
2025-08-19,129.460007,131.229996,127.839996,128.990005,4477100.000000
2025-08-20,128.470001,128.729004,125.559998,128.460007,3914700.000000
2025-08-21,128.059998,129.240005,126.674004,129.149994,2965100.000000
2025-08-22,129.009995,132.380005,128.080002,131.220001,3826900.000000
2025-08-25,130.509995,130.889999,128.089996,128.380005,2621600.000000
2025-08-26,128.559998,129.020004,126.250000,126.309998,5024400.000000
2025-08-27,128.070007,131.860001,128.009995,131.729996,6071200.000000
2025-08-28,134.369995,141.360001,134.119995,140.960007,9304200.000000
2025-08-29,139.960007,142.500000,136.039993,136.679993,5105200.000000
2025-09-02,134.479996,135.600006,132.000000,134.690002,4848400.000000
2025-09-03,134.300003,134.451996,131.119995,132.600006,3718600.000000
2025-09-04,131.970001,132.320007,129.059998,131.779999,2955200.000000
2025-09-05,132.740005,136.250000,132.395004,136.080002,4851100.000000
2025-09-08,136.289993,136.914993,134.649994,136.440002,4757600.000000
2025-09-09,136.509995,140.679993,136.479996,140.460007,4493200.000000
2025-09-10,141.339996,145.154999,138.690002,139.130005,4859400.000000
2025-09-11,139.830002,141.039993,138.552994,139.149994,2819200.000000
2025-09-12,138.904999,139.809998,136.240005,136.500000,3034100.000000
2025-09-15,136.800003,139.848007,136.100006,138.649994,4719100.000000
2025-09-16,135.850006,136.149994,132.690002,134.589996,5104100.000000
2025-09-17,134.759995,136.539993,132.279999,134.229996,3558500.000000
2025-09-18,135.229996,137.270004,134.529999,136.809998,3718300.000000
2025-09-19,136.320007,139.080002,135.860001,138.820007,10124400.000000
2025-09-22,137.380005,139.410004,134.960007,138.350006,3740600.000000
2025-09-23,138.690002,139.820007,136.710007,137.490005,3857500.000000
2025-09-24,138.149994,139.309998,135.259995,136.570007,2806500.000000
2025-09-25,135.190002,136.970001,133.139999,136.600006,2171800.000000
2025-09-26,136.410004,140.199997,135.403000,139.070007,2755500.000000
2025-09-29,140.169998,145.869995,139.100006,145.259995,4559400.000000
2025-09-30,144.429993,144.494995,139.630005,142.399994,4305200.000000
2025-10-01,144.279999,154.369995,143.830002,152.699997,8079500.000000
2025-10-02,153.529999,154.770004,150.535004,151.570007,4948000.000000
2025-10-03,152.139999,155.235001,151.509995,151.820007,5141400.000000
2025-10-06,153.110001,159.679993,153.009995,157.360001,4732300.000000
2025-10-07,156.000000,156.580002,152.500000,154.520004,3375700.000000
2025-10-08,157.240005,165.149994,154.994995,164.119995,7521900.000000
2025-10-09,163.100006,165.630005,162.149994,164.070007,3396100.000000
2025-10-10,164.649994,166.889999,158.149994,158.740005,4062300.000000
2025-10-13,163.100006,165.000000,159.929993,164.199997,2941400.000000
2025-10-14,160.630005,162.139999,158.300003,160.880005,2936700.000000
2025-10-15,161.880005,162.000000,157.509995,160.020004,3024800.000000
2025-10-16,160.589996,164.539993,149.020004,151.169998,5323600.000000
2025-10-17,152.399994,156.240005,151.699997,152.869995,4223900.000000
2025-10-20,155.149994,158.080002,154.184998,156.294998,2559200.000000
2025-10-21,156.300003,159.044998,155.570007,156.250000,2105100.000000
2025-10-22,157.550003,157.550003,152.570007,154.210007,2471000.000000
2025-10-23,154.240005,156.830002,153.130005,156.589996,2166900.000000
2025-10-24,158.990005,160.199997,156.389999,156.470001,2437400.000000
2025-10-27,158.274994,159.309998,156.529999,157.619995,2452900.000000
2025-10-28,159.020004,160.119995,156.639999,157.270004,1855800.000000
2025-10-29,156.759995,157.110001,154.009995,156.000000,4308600.000000
2025-10-30,155.000000,159.889999,153.000000,157.070007,2530600.000000
2025-10-31,161.000000,163.589996,159.339996,162.809998,4038300.000000
2025-11-03,163.000000,165.580002,160.300003,162.080002,4311400.000000
2025-11-04,158.309998,162.875000,156.000000,157.509995,3815000.000000
2025-11-05,158.149994,159.050003,154.690002,154.979996,5345400.000000
2025-11-06,178.889999,194.869995,177.570007,190.820007,21307200.000000
2025-11-07,184.289993,191.320007,180.770004,191.240005,9288200.000000
2025-11-10,192.910004,201.460007,191.669998,199.720001,6580000.000000
2025-11-11,198.649994,201.690002,196.113998,197.860001,5251700.000000
2025-11-12,199.100006,199.750000,188.520004,190.889999,4670700.000000
2025-11-13,190.000000,190.589996,185.320007,185.970001,4452200.000000
2025-11-14,181.179993,187.610001,179.000000,185.009995,3850000.000000
2025-11-17,184.179993,184.789001,178.945007,180.259995,3974800.000000
2025-11-18,177.440002,180.210007,175.000000,176.460007,3600200.000000
2025-11-19,177.270004,179.500000,174.820007,176.309998,3564800.000000
2025-11-20,174.410004,175.460007,158.850006,159.570007,8715500.000000
2025-11-21,157.862000,159.835007,151.955002,157.550003,6127600.000000
2025-11-24,158.139999,160.169998,155.880005,158.440002,6818000.000000
2025-11-25,157.820007,160.589996,155.884995,158.990005,3318800.000000
2025-11-26,159.929993,161.720001,157.059998,158.399994,3458300.000000
2025-11-28,160.279999,161.600006,159.250000,160.009995,2471900.000000
2025-12-01,159.089996,160.350006,157.130005,157.899994,3577200.000000
2025-12-02,161.679993,163.429993,155.880005,156.479996,5757700.000000
2025-12-03,156.139999,156.389999,153.190002,155.830002,3728900.000000
2025-12-04,155.179993,155.720001,151.660004,153.000000,3657500.000000
2025-12-05,153.000000,153.050003,150.074997,151.410004,6441200.000000
2025-12-08,152.835007,156.100006,152.520004,154.279999,3896500.000000
2025-12-09,153.210007,153.699005,151.380005,152.570007,2824600.000000
2025-12-10,152.199997,153.225006,150.639999,151.199997,2281600.000000
2025-12-11,150.110001,151.104996,148.621994,149.899994,2692400.000000
2025-12-12,150.000000,150.175995,144.970001,146.000000,3725100.000000
2025-12-15,146.395004,147.438004,141.759995,142.050003,3823900.000000
2025-12-16,140.720001,142.550003,138.830002,140.050003,4047300.000000
2025-12-17,140.389999,140.850006,136.369995,136.710007,3790000.000000
2025-12-18,140.449997,141.570007,137.410004,138.289993,4380200.000000
2025-12-19,138.839996,141.250000,137.710007,140.389999,6302900.000000
2025-12-22,142.179993,143.410004,140.626999,141.839996,3049000.000000
2025-12-23,141.740005,142.479996,138.330002,141.229996,3084500.000000
2025-12-24,139.649994,139.649994,135.110001,138.039993,2005400.000000
2025-12-26,138.000000,138.449997,137.453003,138.315002,1256400.000000
2025-12-29,137.529999,138.550003,137.029999,137.940002,2095800.000000
2025-12-30,137.259995,138.830002,137.210007,137.479996,1615000.000000
2025-12-31,136.949997,137.529999,135.919998,135.990005,1603900.000000
2026-01-02,137.250000,137.350006,132.270004,133.770004,2565800.000000
2026-01-05,132.919998,135.664993,132.369995,133.639999,3828000.000000
2026-01-06,133.929993,137.250000,131.580002,137.100006,3631000.000000
2026-01-07,137.020004,145.899002,137.020004,141.445007,5865000.000000
2026-01-08,139.990005,140.520004,130.550003,130.679993,5476900.000000
2026-01-09,130.759995,131.470001,125.209999,125.489998,7057700.000000
2026-01-12,126.199997,129.240005,124.349998,126.570000,6778900.000000
2026-01-13,127.070000,128.860001,123.355003,125.500000,5210000.000000
2026-01-14,124.680000,125.669998,120.599998,122.410004,4841300.000000
2026-01-15,122.930000,124.279999,120.459999,120.860001,6196500.000000
2026-01-16,120.860001,121.800003,117.806999,119.019997,5871300.000000
2026-01-20,117.339996,119.889999,115.820000,117.000000,4929200.000000
2026-01-21,118.849998,127.000000,118.750000,123.459999,9731800.000000
2026-01-22,128.100006,133.500000,127.459999,131.250000,9645800.000000
2026-01-23,130.500000,131.860001,129.089996,130.130005,4073300.000000
2026-01-26,130.149994,137.080002,130.130005,136.639999,5395500.000000
2026-01-27,140.919998,141.899994,136.339996,138.210007,5931800.000000
2026-01-28,139.660004,143.389999,139.020004,140.559998,6364100.000000
2026-01-29,134.369995,136.639999,125.610001,128.179993,9773900.000000
2026-01-30,127.989998,130.419998,127.199997,129.320007,5338900.000000
2026-02-02,129.690002,131.440002,127.709999,129.050003,4691300.000000
2026-02-03,128.720001,128.720001,117.300003,119.660004,7743300.000000
2026-02-04,118.940002,119.754997,113.019997,115.709999,6621400.000000
2026-02-05,112.949997,114.650002,105.800003,106.730003,6563800.000000
2026-02-06,109.000000,112.379997,105.660004,111.690002,7125900.000000
2026-02-09,115.050003,115.849998,111.480003,114.010002,10282900.000000
2026-02-10,124.175003,133.440002,123.309998,129.669998,18828200.000000
2026-02-11,131.160004,131.380005,122.309998,127.330002,8463300.000000
2026-02-12,131.050003,133.350006,121.769997,126.129997,6416900.000000
2026-02-13,126.864998,129.470001,122.519997,125.199997,6395100.000000
2026-02-17,126.440002,129.830002,120.129997,122.559998,5108500.000000
2026-02-18,116.985001,122.288002,115.599998,121.779999,7061600.000000
2026-02-19,121.739998,121.809998,118.419998,120.599998,3703500.000000
2026-02-20,119.019997,123.059998,114.779999,115.660004,4549100.000000
2026-02-23,113.870003,113.870003,101.434998,102.614998,11431200.000000
2026-02-24,101.440002,105.780998,98.010002,104.430000,7572800.000000
2026-02-25,104.870003,110.849998,104.430000,110.330002,6218700.000000
2026-02-26,112.889999,117.849998,112.190002,116.459999,7108000.000000
2026-02-27,112.754997,113.472000,109.400002,111.959999,4953900.000000
2026-03-02,109.169998,112.234001,108.750000,111.110001,7207000.000000
2026-03-03,106.660004,113.930000,105.169998,111.769997,5269900.000000
2026-03-04,111.220001,120.400002,111.002998,118.330002,5190100.000000
2026-03-05,118.550003,125.205002,118.550003,122.360001,4619900.000000
2026-03-06,120.269997,126.169998,120.269997,125.750000,4045900.000000
2026-03-09,124.080002,128.690002,124.080002,128.559998,4764200.000000
2026-03-10,128.889999,129.399994,121.949997,123.080002,4011300.000000
2026-03-11,124.349998,127.730003,123.250000,127.489998,3484700.000000
2026-03-12,126.449997,131.330002,126.449997,127.160004,3628200.000000
2026-03-13,127.239998,129.779999,123.239998,124.519997,3993000.000000
2026-03-16,125.809998,129.259995,125.385002,126.570000,3683200.000000
2026-03-17,126.440002,132.149994,126.010002,128.869995,2933400.000000
2026-03-18,127.390999,133.600006,127.390999,131.259995,3454300.000000
2026-03-19,130.850006,133.399994,126.730003,129.940002,4034400.000000
2026-03-20,128.160004,128.449997,124.470001,125.080002,10459700.000000
2026-03-23,125.974998,130.580002,124.000000,129.229996,3549700.000000
2026-03-24,128.300003,128.339996,121.714996,122.570000,4005800.000000
2026-03-25,124.910004,127.470001,122.120003,123.290001,3565500.000000
2026-03-26,122.389999,127.445999,121.080002,124.300003,3443900.000000
2026-03-27,120.000000,120.639999,112.660004,114.480003,6127500.000000
2026-03-30,115.959999,119.568001,113.110001,115.809998,5547000.000000
2026-03-31,116.894997,119.934998,114.519997,118.050003,3745800.000000
2026-04-01,120.529999,121.989998,116.989998,118.669998,3600300.000000
2026-04-02,117.279999,121.449997,113.709999,120.360001,3318000.000000
2026-04-06,117.250000,119.099998,114.559998,116.500000,3414500.000000
2026-04-07,115.000000,117.910004,111.695000,116.540001,3881800.000000
2026-04-08,122.468002,123.320000,116.099998,116.500000,3861600.000000
2026-04-09,118.680000,119.449997,108.510002,108.980003,6315200.000000
2026-04-10,109.000000,109.610001,100.794998,105.370003,7718700.000000
2026-04-13,105.330002,110.269997,103.300003,110.080002,4502400.000000
2026-04-14,110.245003,113.160004,108.790001,110.570000,4158100.000000
2026-04-15,113.989998,121.180000,112.449997,121.059998,5483000.000000
2026-04-16,128.389999,128.750000,122.595001,123.470001,6308200.000000
2026-04-17,126.650002,128.429993,123.809998,126.610001,4050600.000000
2026-04-20,125.010002,129.820007,123.500000,129.740005,3921000.000000
2026-04-21,131.339996,135.960007,128.669998,129.289993,4722800.000000
2026-04-22,129.589996,133.324997,129.360001,132.139999,4649400.000000
2026-04-23,127.830002,130.000000,124.449997,127.860001,6160300.000000
2026-04-24,128.130005,129.610001,124.320000,129.479996,3195600.000000
2026-04-27,129.399994,133.580002,128.000000,132.660004,3687900.000000
2026-04-28,133.399994,136.000000,131.059998,131.550003,3296100.000000
2026-04-29,130.350006,134.630005,128.679993,133.979996,3488000.000000
2026-04-30,133.050003,137.000000,128.000000,132.190002,7160500.000000
2026-05-01,138.500000,142.750000,135.380005,140.529999,6247800.000000
2026-05-04,141.524994,147.330002,139.009995,146.690002,6723800.000000
2026-05-05,147.710007,150.000000,144.500000,145.729996,5431300.000000
2026-05-06,143.720001,145.690002,140.714005,143.710007,8224000.000000
2026-05-07,187.990005,198.600006,179.470001,188.729996,25970000.000000
2026-05-08,185.500000,200.360001,185.000000,200.160004,12042600.000000
2026-05-11,196.259995,203.580002,193.160004,202.320007,7740100.000000
2026-05-12,200.699997,203.000000,195.009995,199.940002,4803600.000000
2026-05-13,199.490005,205.438004,195.389999,205.309998,4578300.000000
2026-05-14,204.449997,205.000000,197.550003,202.839996,4939900.000000
2026-05-15,200.490005,211.279999,199.910004,207.979996,5493000.000000
2026-05-18,205.139999,210.824997,203.199997,208.820007,5553100.000000
2026-05-19,210.248993,215.679993,207.100006,215.149994,7169200.000000
2026-05-20,212.389999,220.350006,210.559998,212.240005,5274500.000000
2026-05-21,211.500000,219.154999,209.559998,218.039993,4179200.000000
2026-05-22,220.947998,224.768997,218.720001,222.320007,4870800.000000
2026-05-26,222.494995,225.899994,218.330002,223.649994,3631100.000000
2026-05-27,221.160004,226.479996,219.490005,221.809998,4577500.000000
2026-05-28,232.630005,235.000000,222.350006,225.240005,5949800.000000
2026-05-29,234.000000,249.807007,228.500000,247.350006,9416200.000000
2026-06-01,251.774994,278.704987,249.440002,277.489990,11191000.000000
2026-06-02,264.250000,274.980011,260.369995,269.130005,9011200.000000
2026-06-03,260.274994,262.200012,245.630005,250.330002,8862600.000000
2026-06-04,250.070007,251.399994,240.289993,243.600006,6976900.000000
