date,open,high,low,close,volume
2016-08-17,11.108211,11.235892,10.980531,10.980531,271519.000000
2016-08-18,11.235892,11.235892,10.852851,10.916691,1767366.000000
2016-08-19,10.903921,11.108210,10.891152,11.108210,4735900.000000
2016-08-22,10.980527,11.644466,10.878382,11.146512,2245909.000000
2016-08-23,11.172051,11.721077,11.108210,11.491253,1483020.000000
2016-08-24,12.768057,12.768057,11.516788,11.644468,2525979.000000
2016-08-25,11.810451,11.810451,11.516786,11.595948,371646.000000
2016-08-26,11.733843,11.733843,11.616377,11.682771,223415.000000
2016-08-29,11.695543,12.001977,11.695543,11.823223,1390019.000000
2016-08-30,11.810454,11.938134,11.376340,11.529556,4805026.000000
2016-08-31,11.427412,11.516789,11.235892,11.409537,9033877.000000
2016-09-01,12.142422,12.142422,11.108210,11.108210,9048130.000000
2016-09-02,11.212908,11.212908,10.903921,10.975423,8127033.000000
2016-09-06,11.044370,11.810453,10.730276,11.606164,56316264.000000
2016-09-07,11.509127,12.609733,11.496358,12.257335,147907159.000000
2016-09-08,12.372246,12.995328,12.362031,12.847218,41159318.000000
2016-09-09,12.724649,12.811471,12.290534,12.533128,26618101.000000
2016-09-12,12.272656,12.691448,12.183280,12.614841,13989272.000000
2016-09-13,12.290532,12.676127,12.259889,12.385015,18045663.000000
2016-09-14,12.356927,12.415660,12.257336,12.346713,17208658.000000
2016-09-15,12.287979,12.520358,12.262443,12.484607,17208302.000000
2016-09-16,12.418214,12.510144,12.287980,12.377356,17786615.000000
2016-09-19,12.318621,12.484606,12.298192,12.451409,16264400.000000
2016-09-20,12.433533,12.497373,12.300745,12.443747,12000986.000000
2016-09-21,12.354372,12.512696,12.326282,12.364587,14885427.000000
2016-09-22,12.382463,12.448857,12.234353,12.264997,17054370.000000
2016-09-23,12.224139,12.377355,12.211370,12.259889,7449305.000000
2016-09-26,12.185835,12.272658,12.175621,12.229247,10128504.000000
2016-09-27,12.201155,12.252227,12.167958,12.203708,9831330.000000
2016-09-28,12.226696,12.285429,12.137320,12.221590,8013722.000000
2016-09-29,12.157745,12.239461,12.132209,12.147531,5912124.000000
2016-09-30,12.201159,12.282874,12.144979,12.206266,6165827.000000
2016-10-03,12.162851,12.270103,12.152637,12.239460,5345926.000000
2016-10-04,12.213929,12.257340,12.160303,12.221590,5993010.000000
2016-10-05,12.190942,12.476947,12.129656,12.377356,6621209.000000
2016-10-06,12.377354,12.402890,12.249673,12.356926,5139258.000000
2016-10-07,12.356926,12.377354,12.242013,12.275210,3515134.000000
2016-10-10,12.275211,12.359480,12.091350,12.134763,5420398.000000
2016-10-11,12.042832,12.188388,11.991759,12.037724,6247425.000000
2016-10-12,11.991762,12.116889,11.940691,12.030066,5851549.000000
2016-10-13,11.976439,12.116888,11.910045,12.035172,4783291.000000
2016-10-14,12.060707,12.157744,11.999421,12.063260,5453179.000000
2016-10-17,12.068368,12.170513,12.009636,12.101565,4813222.000000
2016-10-18,12.142421,12.206262,12.001973,12.175619,5366949.000000
2016-10-19,12.142421,12.267547,12.134761,12.183279,4452266.000000
2016-10-20,12.119441,12.216478,12.111780,12.180727,3849010.000000
2016-10-21,12.119441,12.160298,12.022402,12.063260,3461329.000000
2016-10-24,12.155191,12.282872,12.121994,12.242014,3621319.000000
2016-10-25,12.188387,12.242013,11.958563,11.999420,5398662.000000
2016-10-26,11.963669,12.091350,11.910044,11.930472,5900722.000000
2016-10-27,12.619949,12.704218,12.267550,12.341605,25078425.000000
2016-10-28,12.285425,12.556108,12.254782,12.479500,13622259.000000
2016-10-31,12.512695,12.637823,12.466730,12.535678,12164182.000000
2016-11-01,12.545895,12.635270,12.321177,12.377356,7967400.000000
2016-11-02,12.318622,12.538233,12.305853,12.512696,6557427.000000
2016-11-03,12.502481,12.622501,12.379909,12.453962,4763693.000000
2016-11-04,12.415661,12.568878,12.385017,12.415661,6307644.000000
2016-11-07,12.484607,12.768058,12.484607,12.645485,4566646.000000
2016-11-08,12.645485,12.752735,12.635269,12.686342,3322719.000000
2016-11-09,12.413106,12.737415,12.374802,12.607181,5840503.000000
2016-11-10,12.604627,12.780826,12.407998,12.579091,5971274.000000
2016-11-11,12.563768,12.627608,12.469284,12.551001,3162017.000000
2016-11-14,12.548448,12.653147,12.351820,12.510144,3504801.000000
2016-11-15,12.520360,12.852329,12.466733,12.788488,6991429.000000
2016-11-16,12.734863,12.980009,12.696559,12.934044,4996372.000000
2016-11-17,12.913615,13.317086,12.895740,13.227709,5726123.000000
2016-11-18,13.222599,13.365602,13.202171,13.276226,4201058.000000
2016-11-21,13.253245,13.460087,13.253245,13.391140,3149190.000000
2016-11-22,13.431997,13.495837,13.163868,13.301763,2856648.000000
2016-11-23,13.227710,13.365605,13.120458,13.161316,2990982.000000
2016-11-25,13.128116,13.386031,13.112795,13.327297,905062.000000
2016-11-28,13.278779,13.380923,13.227707,13.314529,2637865.000000
2016-11-29,13.283887,13.656714,13.283887,13.603088,4771176.000000
2016-11-30,13.674591,13.712895,13.580108,13.677144,5082603.000000
2016-12-01,13.674592,13.700128,13.089815,13.248138,8015860.000000
2016-12-02,13.199619,13.531588,13.028526,13.470302,4767969.000000
2016-12-05,13.488175,13.643945,13.414120,13.549461,6389955.000000
2016-12-06,13.488176,13.661822,13.460086,13.628625,5912124.000000
2016-12-07,13.590321,13.830361,13.500945,13.763967,9804606.000000
2016-12-08,13.730770,14.019329,13.610751,13.769074,8274908.000000
2016-12-09,13.748647,13.917186,13.682254,13.781844,5978401.000000
2016-12-12,13.789502,13.848236,13.554570,13.763967,5849055.000000
2016-12-13,13.751199,13.917183,13.710340,13.730769,4376369.000000
2016-12-14,13.702679,13.906968,13.669482,13.843127,6546737.000000
2016-12-15,13.917184,14.555586,13.883986,14.494300,12845829.000000
2016-12-16,14.463655,14.514728,14.241492,14.412584,21293198.000000
2016-12-19,14.338529,14.481533,14.256814,14.399817,4347863.000000
2016-12-20,14.450889,14.616875,14.427907,14.568355,5251500.000000
2016-12-21,14.501958,14.721570,14.417689,14.629640,3799124.000000
2016-12-22,14.568353,14.568353,14.164883,14.259367,5606755.000000
2016-12-23,14.187866,14.351297,14.172545,14.323207,2123334.000000
2016-12-27,14.323207,14.412584,14.277243,14.312993,3583905.000000
2016-12-28,14.310441,14.353852,14.062740,14.131688,4705612.000000
2016-12-29,14.062738,14.192973,13.952933,14.111257,2970315.000000
2016-12-30,14.095936,14.121473,13.981024,14.037204,2866981.000000
2017-01-03,14.065291,14.111255,13.825251,13.935057,5804515.000000
2017-01-04,13.973363,14.152115,13.973363,14.044864,7486007.000000
2017-01-05,13.993790,14.190418,13.993790,14.113811,2956062.000000
2017-01-06,14.182758,14.545371,14.136794,14.501960,4745520.000000
2017-01-09,14.407476,14.463655,14.210848,14.425351,5008487.000000
2017-01-10,14.402371,14.726679,14.384495,14.553034,5933148.000000
2017-01-11,14.614319,14.721572,14.563246,14.703694,3199788.000000
2017-01-12,14.606659,14.749660,14.499408,14.719018,3034453.000000
2017-01-13,14.685820,14.879894,14.683267,14.854358,5908561.000000
2017-01-17,14.833930,15.061202,14.724126,14.795626,4932234.000000
2017-01-18,14.762428,14.964164,14.719017,14.956504,2487496.000000
2017-01-19,14.905432,15.165899,14.833931,15.017790,4574485.000000
2017-01-20,15.012682,15.186328,15.005021,15.132702,3960183.000000
2017-01-23,15.076524,15.127597,14.719019,14.882449,3911010.000000
2017-01-24,14.964164,15.301240,14.907984,15.262936,7179925.000000
2017-01-25,15.321668,15.405936,15.204201,15.336989,5854400.000000
2017-01-26,15.382956,15.382956,15.193989,15.222078,5667330.000000
2017-01-27,15.697048,16.087750,15.628099,15.972837,10710024.000000
2017-01-30,15.857930,15.975395,15.748125,15.944753,5309581.000000
2017-01-31,15.857929,16.087754,15.806857,16.085199,4879854.000000
2017-02-01,16.041791,16.164366,15.883468,16.113293,5165626.000000
2017-02-02,16.034128,16.368651,15.970288,16.332901,3918137.000000
2017-02-03,16.228205,16.506548,16.228205,16.432495,2343542.000000
2017-02-06,16.350777,16.578049,16.343116,16.503994,5024522.000000
2017-02-07,16.562719,16.634219,16.458021,16.562719,3279248.000000
2017-02-08,16.532079,16.624009,16.470792,16.557615,4484691.000000
2017-02-09,16.567832,16.797657,16.498883,16.598475,3731423.000000
2017-02-10,16.646989,16.718491,16.503987,16.529524,3691158.000000
2017-02-13,16.562726,16.756800,16.542297,16.555065,4565221.000000
2017-02-14,16.534633,16.672527,16.488668,16.560169,3974436.000000
2017-02-15,16.542297,16.677638,16.516761,16.629120,2360289.000000
2017-02-16,16.649549,16.797658,16.521868,16.629120,4624370.000000
2017-02-17,16.601028,16.667422,16.488669,16.493776,4980694.000000
2017-02-21,16.483563,16.672530,16.483563,16.624012,3629514.000000
2017-02-22,16.560170,16.667422,16.509097,16.539740,3822285.000000
2017-02-23,16.570382,16.598471,16.317574,16.373755,3651963.000000
2017-02-24,16.266510,16.424833,16.215437,16.404404,3058683.000000
2017-02-27,16.338006,16.389077,16.279272,16.353327,6360736.000000
2017-02-28,16.251184,16.332899,16.164361,16.212879,4299403.000000
2017-03-01,16.212878,16.468239,16.207771,16.363541,4997441.000000
2017-03-02,16.292043,16.468242,16.189897,16.207773,2517784.000000
2017-03-03,16.128613,16.200115,16.023916,16.200115,3103580.000000
2017-03-06,16.120952,16.172025,15.949859,16.013700,4740888.000000
2017-03-07,16.013698,16.205220,16.006038,16.100521,3097523.000000
2017-03-08,16.123501,16.332898,16.103072,16.220539,4431955.000000
2017-03-09,16.169469,16.202666,16.008591,16.120951,3310961.000000
2017-03-10,16.189896,16.299703,16.064771,16.210325,2885154.000000
2017-03-13,16.164366,16.302260,16.120953,16.215437,5339512.000000
2017-03-14,16.217985,16.253737,16.046894,16.212879,3095029.000000
2017-03-15,16.230758,16.371206,16.161811,16.274170,3156316.000000
2017-03-16,16.292042,16.401846,16.179682,16.343113,4127299.000000
2017-03-17,16.427380,16.534632,16.338004,16.391630,3320225.000000
2017-03-20,16.358434,16.414614,16.256290,16.360989,2417657.000000
2017-03-21,16.406955,16.442707,15.893680,15.944753,4250943.000000
2017-03-22,15.949853,16.138822,15.919211,16.082642,2596888.000000
2017-03-23,16.080094,16.253739,15.967734,16.108183,2846671.000000
2017-03-24,16.200113,16.368652,16.064772,16.182238,2713049.000000
2017-03-27,16.029021,16.258847,15.916663,16.182238,2968534.000000
2017-03-28,16.141380,16.371205,16.141380,16.233311,5148166.000000
2017-03-29,16.205218,16.345667,16.156700,16.317575,4949338.000000
2017-03-30,16.317579,16.669979,16.266508,16.340563,9212396.000000
2017-03-31,16.332898,16.445256,16.274165,16.363541,6281632.000000
2017-04-03,16.340559,16.578045,16.225645,16.304808,6089574.000000
2017-04-04,16.276721,16.496332,16.263952,16.389080,5680158.000000
2017-04-05,16.455474,16.580602,16.302257,16.348223,7759307.000000
2017-04-06,16.373755,16.468239,16.304807,16.394184,6751980.000000
2017-04-07,16.424828,16.588261,16.394186,16.565277,5746434.000000
2017-04-10,16.567834,16.664871,16.509101,16.575495,7153200.000000
2017-04-11,16.580595,16.649542,16.429931,16.626558,5299604.000000
2017-04-12,16.498882,16.578044,16.271610,16.317575,4598359.000000
2017-04-13,16.299703,16.463134,16.269059,16.322685,3780952.000000
2017-04-17,16.332901,16.429937,16.332901,16.406954,2295082.000000
2017-04-18,16.348220,16.509097,16.281826,16.442703,2970672.000000
2017-04-19,16.521869,16.521869,16.447814,16.478458,2495336.000000
2017-04-20,16.486118,16.606136,16.376312,16.572941,3361915.000000
2017-04-21,16.606139,16.606139,16.399296,16.450369,5961653.000000
2017-04-24,16.598479,16.915126,16.578050,16.899805,8070021.000000
2017-04-25,17.019822,17.096430,16.920231,16.943214,7657755.000000
2017-04-26,16.943209,17.247088,16.943209,17.124516,5431444.000000
2017-04-27,17.236876,17.259859,17.124518,17.219002,3114270.000000
2017-04-28,17.226659,17.300714,17.014709,17.137283,3107144.000000
2017-05-01,17.221558,17.290505,17.119414,17.254755,6160839.000000
2017-05-02,17.254752,17.313486,17.030036,17.091322,4057459.000000
2017-05-03,17.065787,17.065787,16.853837,16.897249,3095741.000000
2017-05-04,16.899797,16.989175,16.823188,16.935549,3128167.000000
2017-05-05,16.940659,17.206234,16.922782,17.183250,5035924.000000
2017-05-08,17.208792,17.362009,17.124524,17.270079,7401202.000000
2017-05-09,17.262409,17.428395,17.121963,17.170481,4447990.000000
2017-05-10,17.147500,17.216449,16.999391,17.104088,3982987.000000
2017-05-11,16.978963,17.012160,16.828299,16.879372,4992096.000000
2017-05-12,16.879370,16.950872,16.585705,16.585705,21295692.000000
2017-05-15,16.606136,16.996840,16.562726,16.920231,5009200.000000
2017-05-16,16.958538,17.098987,16.950878,16.991735,4190368.000000
2017-05-17,16.789998,16.889589,16.562726,16.570387,4093804.000000
2017-05-18,16.478460,16.560176,16.332904,16.511656,5006706.000000
2017-05-19,16.549954,16.764457,16.544846,16.578043,2515646.000000
2017-05-22,16.705731,17.236882,16.667428,17.206240,8428127.000000
2017-05-23,17.328813,17.359457,17.109202,17.206240,5048039.000000
2017-05-24,17.259858,17.395199,17.203678,17.382431,4219943.000000
2017-05-25,17.436062,17.640352,17.410526,17.533100,6005125.000000
2017-05-26,17.499901,17.640349,17.443720,17.568848,3119259.000000
2017-05-30,17.568848,17.706742,17.507562,17.556080,8069309.000000
2017-05-31,17.632690,17.719513,17.308380,17.719513,33497644.000000
2017-06-01,17.747598,17.803779,17.548418,17.691420,8742048.000000
2017-06-02,17.469256,17.630133,17.022373,17.428398,7983078.000000
2017-06-05,17.400305,17.415627,16.961083,17.009602,9112269.000000
2017-06-06,17.035143,17.188358,16.920229,17.142393,5250431.000000
2017-06-07,17.142396,17.331363,17.109199,17.321150,5694767.000000
2017-06-08,17.024929,17.231772,16.266507,16.624012,12860082.000000
2017-06-09,16.598478,16.649551,15.796644,15.975396,13264510.000000
2017-06-12,15.911552,15.993267,15.722583,15.893676,9134004.000000
2017-06-13,15.926874,16.133717,15.814515,16.041786,6109528.000000
2017-06-14,16.151586,16.166907,15.750669,15.875796,4065655.000000
2017-06-15,15.771107,15.811964,15.518299,15.794088,7071602.000000
2017-06-16,15.794087,15.914107,15.794087,15.863034,6409553.000000
2017-06-19,15.960068,16.131159,15.908996,16.003479,2799636.000000
2017-06-20,16.018806,16.054556,15.863035,15.891126,3163443.000000
2017-06-21,16.018808,16.228203,16.006039,16.169470,3823711.000000
2017-06-22,16.228204,16.371206,16.169470,16.230757,3034097.000000
2017-06-23,16.195007,16.429940,16.172026,16.246080,23029564.000000
2017-06-26,16.289488,16.432492,16.164362,16.202665,3548985.000000
2017-06-27,16.177129,16.189898,15.817071,15.827285,5902860.000000
2017-06-28,15.909001,16.062218,15.814517,16.011147,5792756.000000
2017-06-29,15.906447,15.947304,15.390617,15.525958,6447679.000000
2017-06-30,15.531062,15.684279,15.523402,15.605117,2801061.000000
2017-07-03,15.610227,15.824731,15.413600,15.413600,2397703.000000
2017-07-05,15.393170,15.577031,15.303794,15.525958,3322363.000000
2017-07-06,15.403385,15.554049,15.365080,15.536173,4698486.000000
2017-07-07,15.564262,15.765997,15.541281,15.707264,1986862.000000
2017-07-10,15.720032,15.758337,15.589799,15.704711,2479301.000000
2017-07-11,15.691941,15.829837,15.607673,15.709817,3818010.000000
2017-07-12,15.814515,15.814515,15.653638,15.727693,3663721.000000
2017-07-13,15.727694,15.763444,15.602569,15.653640,2745475.000000
2017-07-14,15.658744,15.704710,15.602566,15.628100,1488721.000000
2017-07-17,15.653635,16.090303,15.571920,16.064768,4002585.000000
2017-07-18,16.008591,16.064772,15.929431,16.018806,2908315.000000
2017-07-19,16.046893,16.263950,16.011143,16.248629,6733095.000000
2017-07-20,16.332901,16.350775,16.220541,16.327793,2800349.000000
2017-07-21,16.330344,16.353327,16.182235,16.248629,2195667.000000
2017-07-24,16.240969,16.304808,16.192450,16.258844,2049218.000000
2017-07-25,16.274168,16.391635,16.164363,16.269060,2188541.000000
2017-07-26,16.358436,16.394188,16.269060,16.348223,3224374.000000
2017-07-27,16.394188,16.394188,16.090307,16.223095,2235576.000000
2017-07-28,16.166917,16.302258,16.097970,16.271614,1592411.000000
2017-07-31,16.343113,16.481009,16.317576,16.412060,2475381.000000
2017-08-01,16.481011,16.503992,16.332901,16.463135,2052781.000000
2017-08-02,16.468240,16.468240,16.197558,16.304808,2658888.000000
2017-08-03,16.263950,16.373756,16.205218,16.345667,1309134.000000
2017-08-04,16.396738,16.481008,16.358433,16.442703,1564261.000000
2017-08-07,16.396740,16.519315,16.332901,16.458027,1465916.000000
2017-08-08,16.399293,16.544850,16.325239,16.458027,1850746.000000
2017-08-09,16.304806,16.427380,16.240966,16.373755,1875688.000000
2017-08-10,16.317575,16.343111,16.115840,16.131161,1715699.000000
2017-08-11,16.067323,16.172022,16.018805,16.097967,2807119.000000
2017-08-14,16.572939,17.402861,16.572939,17.298164,10181240.000000
2017-08-15,17.303269,17.344127,16.899799,16.907459,2929338.000000
2017-08-16,16.910012,17.257303,16.897244,17.165373,2090908.000000
2017-08-17,17.065789,17.272631,16.950876,16.955982,1649779.000000
2017-08-18,16.917677,17.106644,16.835962,17.060678,1365789.000000
2017-08-21,17.047913,17.160272,16.874267,17.127075,2904752.000000
2017-08-22,17.374773,17.612258,17.321147,17.545866,3897113.000000
2017-08-23,17.400308,17.678652,17.400308,17.670990,3052626.000000
2017-08-24,17.678654,17.903371,17.678654,17.854853,3006304.000000
2017-08-25,18.135746,18.539216,18.092333,18.319605,8583128.000000
2017-08-28,18.309398,18.682226,18.255772,18.590296,3551479.000000
2017-08-29,18.483038,18.712862,18.230232,18.626040,2672428.000000
2017-08-30,18.664347,18.973335,18.638812,18.955460,3611698.000000
2017-08-31,19.014192,19.152086,18.970780,19.134211,4385990.000000
2017-09-01,19.146980,19.169964,19.011639,19.090801,4858475.000000
2017-09-05,18.991213,19.177627,18.873747,19.101019,5303880.000000
2017-09-06,19.152091,19.187841,19.065268,19.070375,7478880.000000
2017-09-07,19.024407,19.238911,18.968228,19.016747,7320316.000000
2017-09-08,18.993766,19.218484,18.947800,18.963123,4231701.000000
2017-09-11,19.182731,19.307859,19.116339,19.269554,5352340.000000
2017-09-12,19.279767,19.476396,19.223587,19.471289,4059953.000000
2017-09-13,19.473841,19.644932,19.443197,19.593861,4696704.000000
2017-09-14,19.591306,19.839008,19.555556,19.754738,5563996.000000
2017-09-15,19.729201,19.770059,19.621950,19.657701,12313125.000000
2017-09-18,19.619398,19.772614,19.558112,19.624506,3515847.000000
2017-09-19,19.657706,19.724098,19.507042,19.616848,3352294.000000
2017-09-20,19.609179,19.701110,19.542785,19.619394,5695123.000000
2017-09-21,19.555554,19.693449,19.330837,19.560661,2662808.000000
2017-09-22,19.570880,19.665363,19.519807,19.665363,3148477.000000
2017-09-25,19.591307,19.650041,19.300196,19.389574,5187718.000000
2017-09-26,19.535126,19.555555,19.389571,19.438089,8079642.000000
2017-09-27,19.537685,19.800708,19.537685,19.693457,4617956.000000
2017-09-28,19.688343,19.749629,19.553002,19.701111,3929539.000000
2017-09-29,19.741971,19.816026,19.678130,19.716434,4027884.000000
2017-10-02,19.724096,20.027977,19.721543,19.902849,5107902.000000
2017-10-03,19.915616,20.091815,19.892634,19.987118,4300828.000000
2017-10-04,19.989671,20.030529,19.846669,19.974350,4130149.000000
2017-10-05,20.045849,20.219494,19.982009,20.183744,4806095.000000
2017-10-06,20.084153,20.188850,20.004991,20.183744,4832820.000000
2017-10-09,20.206726,20.306318,20.173531,20.239923,2616842.000000
2017-10-10,20.311423,20.380370,20.140331,20.193956,3383651.000000
2017-10-11,20.196514,20.301213,20.140333,20.265461,4204977.000000
2017-10-12,20.296108,20.546361,20.285892,20.502949,4101287.000000
2017-10-13,20.561681,20.674041,20.505503,20.602539,3269627.000000
2017-10-16,20.625521,20.809380,20.605091,20.709789,4104850.000000
2017-10-17,20.722557,20.799167,20.635734,20.681700,3295639.000000
2017-10-18,20.720002,20.863004,20.709787,20.773628,7860859.000000
2017-10-19,20.753199,20.875772,20.663822,20.847683,5617088.000000
2017-10-20,20.939616,21.067295,20.893650,21.000902,4080620.000000
2017-10-23,21.046867,21.238387,21.041760,21.120922,4089172.000000
2017-10-24,21.110708,21.258818,21.074958,21.258818,3689020.000000
2017-10-25,21.151566,21.284354,20.967707,21.092834,4773314.000000
2017-10-26,21.131138,21.246051,21.097941,21.187319,2828142.000000
2017-10-27,21.261372,21.445231,21.159226,21.419695,3460973.000000
2017-10-30,21.401818,21.419692,21.171992,21.233280,2744762.000000
2017-10-31,21.248603,21.276694,21.046870,21.136246,7310339.000000
2017-11-01,21.276692,21.276692,20.949829,21.041759,3965171.000000
2017-11-02,20.990687,20.998349,20.740433,20.903864,3752446.000000
2017-11-03,20.857905,20.901315,20.546363,20.651060,3463467.000000
2017-11-06,20.684255,20.998350,20.658719,20.817043,4700267.000000
2017-11-07,20.878330,21.113262,20.870669,21.062191,3366904.000000
2017-11-08,20.962597,21.151564,20.906418,21.018776,3046212.000000
2017-11-09,20.794058,20.988132,20.597430,20.908970,4332897.000000
2017-11-10,20.855345,21.092832,20.842577,21.087725,2737992.000000
2017-11-13,20.911529,21.044315,20.796615,20.891098,3760998.000000
2017-11-14,20.837471,20.921741,20.760863,20.809381,4054965.000000
2017-11-15,20.663820,20.717448,20.347173,20.497837,5543329.000000
2017-11-16,20.622964,20.939613,20.602535,20.768520,4502864.000000
2017-11-17,20.730219,20.911527,20.656165,20.809381,3988332.000000
2017-11-20,20.806827,20.998349,20.737878,20.750647,4439438.000000
2017-11-21,20.750650,21.164336,20.681703,20.998352,6649358.000000
2017-11-22,20.970262,21.041763,20.602541,20.630632,5280006.000000
2017-11-24,20.633183,20.783845,20.405911,20.671488,2993120.000000
2017-11-27,20.714893,20.977914,20.671482,20.916628,5748216.000000
2017-11-28,20.977918,21.164332,20.934507,21.082617,8104585.000000
2017-11-29,21.054528,21.054528,19.621951,19.915617,8493334.000000
2017-11-30,20.058617,20.137779,19.560663,19.979456,30164591.000000
2017-12-01,19.816026,20.921740,19.739418,20.418678,13801490.000000
2017-12-04,20.477405,20.492726,19.065258,19.123991,8513645.000000
2017-12-05,19.042283,19.361483,18.784367,19.016747,6129126.000000
2017-12-06,18.896726,19.274660,18.832886,19.167408,7828790.000000
2017-12-07,19.361482,19.655148,19.295090,19.379358,7163534.000000
2017-12-08,19.619399,19.839010,19.392127,19.726650,10242171.000000
2017-12-11,19.780279,20.260359,19.688349,20.247589,4331828.000000
2017-12-12,20.183746,20.428891,20.012653,20.237371,7608938.000000
2017-12-13,20.316534,20.625521,20.224603,20.477411,5821618.000000
2017-12-14,20.635734,20.725112,20.357392,20.367605,3869676.000000
2017-12-15,20.485072,20.712344,20.268016,20.681700,5660560.000000
2017-12-18,20.806829,21.646967,20.727667,21.646967,7497765.000000
2017-12-19,21.572908,21.572908,21.151562,21.281797,8377173.000000
2017-12-20,21.424798,21.486085,21.118364,21.284349,5652364.000000
2017-12-21,21.279246,21.355855,21.041761,21.077511,3014143.000000
2017-12-22,21.034100,21.194977,20.885988,20.960045,3661940.000000
2017-12-26,20.888542,20.911525,20.714896,20.781290,5351983.000000
2017-12-27,20.742986,20.893650,20.656163,20.750647,4109839.000000
2017-12-28,20.771076,20.855344,20.582109,20.691914,4981050.000000
2017-12-29,20.776178,20.814482,20.617855,20.755749,3143132.000000
2018-01-02,20.819591,21.072397,20.811930,21.049416,2371691.000000
2018-01-03,21.085168,21.457996,21.057078,21.271582,5699043.000000
2018-01-04,21.299677,21.692933,21.263927,21.649523,4941498.000000
2018-01-05,21.705698,21.874236,21.654625,21.807842,2475025.000000
2018-01-08,21.728682,21.825720,21.641860,21.802736,3702204.000000
2018-01-09,21.833379,21.833379,21.509071,21.521837,2768992.000000
2018-01-10,21.399265,21.608661,21.294566,21.606108,2417657.000000
2018-01-11,21.835934,22.175565,21.782309,22.173010,3255018.000000
2018-01-12,22.183226,22.300693,22.007028,22.152584,5480973.000000
2018-01-16,22.275154,22.405387,21.945737,21.984041,2471818.000000
2018-01-17,22.170460,22.584146,21.984046,22.499876,2734785.000000
2018-01-18,22.489658,22.604570,22.377298,22.571373,3423559.000000
2018-01-19,22.540726,22.714372,22.497316,22.596907,3065097.000000
2018-01-22,22.614785,22.839502,22.405388,22.709269,4748371.000000
2018-01-23,22.642876,22.854825,22.607125,22.755236,2962120.000000
2018-01-24,22.727145,22.951863,22.410497,22.566267,2822441.000000
2018-01-25,22.673515,22.778213,22.413046,22.584139,2761866.000000
2018-01-26,23.347668,23.595369,19.542787,21.128580,127220424.000000
2018-01-29,21.450341,21.971279,18.442186,19.101019,65799822.000000
2018-01-30,18.743508,18.779260,17.706741,17.895710,21560797.000000
2018-01-31,18.097442,18.735845,17.972315,18.309391,21323841.000000
2018-02-01,18.189380,18.485597,17.829320,17.939125,16692701.000000
2018-02-02,18.120426,18.475378,17.545864,18.105104,19484498.000000
2018-02-05,17.916138,18.245554,17.221555,17.257307,11756191.000000
2018-02-06,16.853830,17.482019,16.677632,17.167925,11118372.000000
2018-02-07,17.137285,17.612256,17.050461,17.050461,7185626.000000
2018-02-08,17.047913,17.295613,16.692960,16.756802,12260033.000000
2018-02-09,16.994285,17.346684,16.588261,17.185806,9210614.000000
2018-02-12,17.257305,17.556076,17.116856,17.372215,8159815.000000
2018-02-13,17.236882,17.558637,17.134738,17.441172,6382472.000000
2018-02-14,17.341575,17.888046,17.300717,17.842083,6240299.000000
2018-02-15,17.977427,18.000411,17.464150,17.627583,4498944.000000
2018-02-16,17.619924,18.043823,17.561190,17.821659,4259495.000000
2018-02-20,17.681206,17.900817,17.576507,17.829315,5299960.000000
2018-02-21,17.875281,18.156177,17.816548,17.854853,4621876.000000
2018-02-22,17.956997,18.181716,17.824209,18.018284,5628134.000000
2018-02-23,18.163841,18.421757,18.074465,18.329828,4686371.000000
2018-02-26,18.419198,18.613272,18.294070,18.485590,2943947.000000
2018-02-27,18.551990,18.692439,18.431970,18.574972,3983700.000000
2018-02-28,18.863528,19.259337,18.837991,18.970779,6955441.000000
2018-03-01,18.917157,19.770063,18.324719,19.246572,20337537.000000
2018-03-02,18.600505,18.919707,17.954442,18.809900,8609139.000000
2018-03-05,18.707760,18.960568,18.454952,18.896727,6716704.000000
2018-03-06,18.978441,19.356375,18.978441,19.305304,6174022.000000
2018-03-07,19.187835,19.798150,19.180174,19.739416,7766434.000000
2018-03-08,19.795596,20.388033,19.667916,19.770060,7081579.000000
2018-03-09,19.798152,20.081602,19.604076,20.040745,4560232.000000
2018-03-12,20.096922,20.239924,19.767507,19.861990,4801463.000000
2018-03-13,19.895188,19.918170,19.583647,19.749632,5062292.000000
2018-03-14,19.790489,19.943706,19.616845,19.872204,3280673.000000
2018-03-15,19.918171,19.948815,19.680686,19.821135,4101643.000000
2018-03-16,19.892638,20.045853,19.810921,19.907959,4376725.000000
2018-03-19,19.805814,19.943708,19.573435,19.910511,4104494.000000
2018-03-20,19.793042,20.188850,19.793042,19.979456,3084695.000000
2018-03-21,19.966690,19.966690,19.381915,19.407450,4168988.000000
2018-03-22,19.264444,19.323176,18.986100,19.014191,5233684.000000
2018-03-23,19.003975,19.471287,18.638810,18.677113,7074809.000000
2018-03-26,18.988649,19.251672,18.784361,19.185278,3974792.000000
2018-03-27,19.310407,19.453411,18.697541,18.815008,4270184.000000
2018-03-28,18.809902,18.858420,18.309393,18.411539,5426455.000000
2018-03-29,18.429412,18.799685,18.324715,18.694988,5134982.000000
2018-04-02,18.717974,18.858423,18.092340,18.529007,4099505.000000
2018-04-03,18.577526,18.689885,18.276201,18.595402,3132443.000000
2018-04-04,18.309397,18.700101,18.197040,18.633707,2429416.000000
2018-04-05,18.776707,18.881406,18.424310,18.592848,2737992.000000
2018-04-06,18.483041,18.618382,18.059142,18.204699,2893349.000000
2018-04-09,18.258324,18.730741,18.227680,18.360468,2571233.000000
2018-04-10,18.654136,18.753727,18.401328,18.587742,2600807.000000
2018-04-11,18.529003,18.646470,18.319608,18.368126,1615572.000000
2018-04-12,18.431972,18.661796,18.386007,18.559652,2214196.000000
2018-04-13,18.646474,18.738404,18.393665,18.615829,2908315.000000
2018-04-16,19.203159,19.330840,18.503469,18.986101,8523622.000000
2018-04-17,19.075478,19.346160,18.940135,19.251677,8506518.000000
2018-04-18,19.578543,19.637275,19.241467,19.353825,6295529.000000
2018-04-19,19.221034,19.320625,18.776706,18.871189,3905665.000000
2018-04-20,18.743507,18.914600,18.355358,18.557095,6829658.000000
2018-04-23,18.605613,18.715418,18.470270,18.664345,3955194.000000
2018-04-24,18.740957,18.896727,18.396218,18.495810,4319357.000000
2018-04-25,18.396221,18.567313,18.107663,18.329828,2386300.000000
2018-04-26,18.403881,18.705207,18.342594,18.633707,2144000.000000
2018-04-27,18.717971,18.858419,18.526451,18.544325,2511014.000000
2018-04-30,18.554542,18.654133,18.133196,18.327271,3834757.000000
2018-05-01,18.248110,18.406435,18.046375,18.235344,3664078.000000
2018-05-02,18.202139,18.258319,17.972314,18.054029,4113758.000000
2018-05-03,18.074460,18.212355,17.653114,18.181713,5001005.000000
2018-05-04,18.097445,18.781812,18.023388,18.628595,2996327.000000
2018-05-07,18.641369,18.922266,18.465170,18.511135,2057770.000000
2018-05-08,18.518795,18.518795,18.140859,18.388559,5340225.000000
2018-05-09,18.457507,18.807349,18.403879,18.569864,5428237.000000
2018-05-10,18.618386,19.256790,18.605620,19.072929,4681738.000000
2018-05-11,19.062711,19.070372,18.858421,18.978441,3411800.000000
2018-05-14,19.072922,19.164852,18.643915,18.809900,3034810.000000
2018-05-15,18.618378,18.963116,18.521341,18.876293,3116764.000000
2018-05-16,18.896725,19.103568,18.664346,18.952904,2960694.000000
2018-05-17,18.804795,19.272107,18.804795,18.978441,3250029.000000
2018-05-18,19.440644,20.592323,19.387018,20.125011,23393726.000000
2018-05-21,20.204177,20.661273,20.045852,20.548914,13764788.000000
2018-05-22,20.490183,20.668935,20.091819,20.625525,6473691.000000
2018-05-23,20.541247,20.939611,20.380369,20.911522,8038665.000000
2018-05-24,20.929398,21.166883,20.755752,21.110704,4948981.000000
2018-05-25,21.095387,21.177102,20.914081,20.944723,3519410.000000
2018-05-29,20.888544,20.888544,20.536146,20.569342,4892326.000000
2018-05-30,20.732774,20.837471,20.408464,20.694469,6896647.000000
2018-05-31,20.702128,20.758309,20.431446,20.597431,13683190.000000
2018-06-01,21.069848,21.930414,21.069848,21.667393,13488637.000000
2018-06-04,21.856360,22.083631,21.179654,21.713358,7577938.000000
2018-06-05,21.766987,22.157689,21.580573,22.127045,7295730.000000
2018-06-06,22.147471,22.338991,22.086183,22.305794,7572593.000000
2018-06-07,22.313457,22.492210,22.139813,22.487103,5152798.000000
2018-06-08,22.471778,22.645423,22.195988,22.556047,4860613.000000
2018-06-11,22.548393,22.548393,22.244513,22.379856,2595106.000000
2018-06-12,22.379857,22.464125,22.022350,22.142370,3344455.000000
2018-06-13,22.216422,22.586695,22.022347,22.448799,6625485.000000
2018-06-14,22.510087,22.808859,22.254726,22.448799,4414496.000000
2018-06-15,22.379853,22.688838,22.254726,22.571373,5355903.000000
2018-06-18,22.341553,22.882919,22.216425,22.872704,4744095.000000
2018-06-19,22.579033,22.752679,22.313457,22.727142,3049775.000000
2018-06-20,22.752679,23.202115,22.752679,22.778215,4345725.000000
2018-06-21,22.813969,22.893131,22.502429,22.750130,6051447.000000
2018-06-22,22.665856,23.013147,22.170455,22.670963,11507477.000000
2018-06-25,22.607122,22.668409,21.733787,21.950844,3139925.000000
2018-06-26,21.994254,22.175560,21.851250,22.078522,3782377.000000
2018-06-27,22.160241,22.198545,21.432461,21.450336,2910096.000000
2018-06-28,21.437570,21.841041,21.325211,21.774647,3891056.000000
2018-06-29,21.830825,22.121936,21.598446,21.598446,2902970.000000
2018-07-02,24.180148,24.190361,22.997824,23.544298,57614352.000000
2018-07-03,23.779231,24.305274,23.728160,24.215899,16730471.000000
2018-07-05,24.259311,24.259311,23.871161,23.965645,12780266.000000
2018-07-06,23.957988,24.001398,23.687304,23.835413,4826762.000000
2018-07-09,24.108648,24.113756,23.697517,23.909468,8951210.000000
2018-07-10,24.154613,24.552978,23.881376,24.098434,10233976.000000
2018-07-11,23.876268,24.118862,23.873715,24.026932,5040913.000000
2018-07-12,24.090773,24.353794,24.049915,24.289953,3680112.000000
2018-07-13,24.289953,24.343579,24.042254,24.233774,3623813.000000
2018-07-16,24.318045,24.427849,24.172488,24.203131,4394185.000000
2018-07-17,24.029484,24.297613,24.021823,24.223558,5000292.000000
2018-07-18,24.223560,24.292507,24.141845,24.277187,5152442.000000
2018-07-19,24.221008,24.259313,24.029487,24.192919,4024677.000000
2018-07-20,24.203132,24.231223,24.078006,24.085667,4622232.000000
2018-07-23,24.037145,24.060127,23.799658,23.906910,6138034.000000
2018-07-24,23.975859,24.047361,23.651551,23.774124,3951987.000000
2018-07-25,23.797107,23.952877,23.710284,23.952877,1860723.000000
2018-07-26,23.733263,24.162269,23.725602,24.106091,5619226.000000
2018-07-27,24.011610,24.088218,23.863501,23.919680,4565221.000000
2018-07-30,23.845625,23.894143,23.511102,23.674534,6206804.000000
2018-07-31,23.677086,23.832856,23.562173,23.626013,5433582.000000
2018-08-01,23.626015,23.848179,23.600478,23.677088,5767813.000000
2018-08-02,23.620908,23.817536,23.620908,23.758802,3224018.000000
2018-08-03,23.789444,23.845625,23.592817,23.771570,3970160.000000
2018-08-06,23.712835,23.940107,23.712835,23.860945,3299202.000000
2018-08-07,24.011611,24.149505,23.812429,23.927341,3587112.000000
2018-08-08,23.968199,24.088219,23.858394,24.042255,2842751.000000
2018-08-09,24.126522,24.302720,24.032038,24.190361,2119058.000000
2018-08-10,23.960538,24.284846,23.924788,24.139292,2462910.000000
2018-08-13,24.126521,24.277185,23.932447,24.003948,3114983.000000
2018-08-14,24.029484,24.251648,23.957984,24.223558,2663877.000000
2018-08-15,24.116307,24.274632,24.003949,24.177595,4963947.000000
2018-08-16,24.420184,24.522328,24.223554,24.407415,5335949.000000
2018-08-17,24.328260,24.484030,24.231223,24.261866,2978154.000000
2018-08-20,24.272081,24.366565,24.213348,24.266973,4022896.000000
2018-08-21,24.323152,24.420190,24.238884,24.284847,4926889.000000
2018-08-22,24.310383,24.496797,24.284847,24.445724,9033521.000000
2018-08-23,24.471259,24.527437,24.307828,24.338470,7901124.000000
2018-08-24,24.292505,24.481473,24.152058,24.346130,7384454.000000
2018-08-27,24.514670,24.535099,24.310380,24.364006,4435162.000000
2018-08-28,24.404861,24.422737,24.113750,24.325701,4899096.000000
2018-08-29,24.376777,24.634693,24.343580,24.532547,5012763.000000
2018-08-30,24.432954,24.754709,24.409972,24.675549,3314168.000000
2018-08-31,24.627032,24.795571,24.468709,24.558084,3288156.000000
2018-09-04,24.532544,24.642351,24.287398,24.552975,5195557.000000
2018-09-05,24.468708,24.665335,24.279741,24.435511,3957688.000000
2018-09-06,24.435510,24.713852,24.376776,24.484028,4332185.000000
2018-09-07,24.386992,24.629586,24.312939,24.581068,3987620.000000
2018-09-10,24.667886,24.770032,24.547868,24.731728,5450685.000000
2018-09-11,24.644906,24.790463,24.586173,24.693426,3643767.000000
2018-09-12,24.642350,24.915587,24.537651,24.828764,5137833.000000
2018-09-13,24.759818,24.943678,24.680658,24.859409,11293327.000000
2018-09-14,24.884946,25.285863,24.872177,25.191380,4975349.000000
2018-09-17,25.163285,25.224572,24.810888,24.851746,4512485.000000
2018-09-18,24.800675,25.094340,24.609155,24.611708,6427725.000000
2018-09-19,24.637242,24.637242,24.213343,24.376774,5717928.000000
2018-09-20,24.473811,24.560634,24.310379,24.504454,4500370.000000
2018-09-21,24.642352,24.642352,24.407420,24.565742,9117257.000000
2018-09-24,24.489135,24.586171,24.060128,24.565742,11023589.000000
2018-09-25,24.690873,24.770035,24.578514,24.757267,6052872.000000
2018-09-26,24.800674,24.841532,24.563189,24.670441,4822130.000000
2018-09-27,24.642354,24.844089,24.609157,24.833874,4451910.000000
2018-09-28,24.780247,24.864516,24.655120,24.800674,4712739.000000
2018-10-01,24.815998,24.984536,24.657673,24.695978,2540589.000000
2018-10-02,24.701085,24.838979,24.596386,24.708744,6606243.000000
2018-10-03,24.798121,24.897712,24.514671,24.670441,5113959.000000
2018-10-04,24.823660,24.823660,24.494245,24.690872,7052717.000000
2018-10-05,24.816000,24.997306,24.425296,24.759819,9323925.000000
2018-10-08,24.596385,24.795567,24.228665,24.399757,7358443.000000
2018-10-09,24.330809,24.537652,23.812427,24.152058,14442160.000000
2018-10-10,24.187808,24.187808,23.523869,23.613245,9549122.000000
2018-10-11,23.613244,23.797105,23.207221,23.426830,7159614.000000
2018-10-12,23.825196,24.159719,23.641335,24.131630,6043964.000000
2018-10-15,24.514673,24.754711,24.141845,24.259312,9367040.000000
2018-10-16,24.364011,24.581070,24.205687,24.427853,5456743.000000
2018-10-17,24.496798,24.514674,24.067791,24.284847,4550611.000000
2018-10-18,24.254205,24.328260,24.014166,24.129078,6164758.000000
2018-10-19,24.177597,24.323152,23.835412,23.947771,6891302.000000
2018-10-22,24.062682,24.361456,23.904359,24.185257,5229408.000000
2018-10-23,23.878824,23.968199,23.444709,23.715393,4885556.000000
2018-10-24,23.641335,23.710284,22.944201,22.944201,8437035.000000
2018-10-25,23.171476,23.398748,22.944205,23.199566,4320426.000000
2018-10-26,22.739912,23.020809,22.471783,22.591803,5816630.000000
2018-10-29,22.956967,23.235312,21.897218,22.155134,4351783.000000
2018-10-30,22.216423,22.681180,22.157689,22.645430,3753159.000000
2018-10-31,22.933983,23.288935,22.933983,23.082092,4539565.000000
2018-11-01,23.209776,23.605585,23.110185,23.278723,6915532.000000
2018-11-02,23.403849,23.454922,22.857377,23.283829,2761509.000000
2018-11-05,23.406406,23.457477,22.872700,23.419172,3831193.000000
2018-11-06,23.393633,23.679636,23.265952,23.518759,1757033.000000
2018-11-07,24.259308,25.178608,24.116305,24.989639,9221304.000000
2018-11-08,24.999858,25.382899,24.861964,25.260326,3516916.000000
2018-11-09,25.109660,25.245001,24.713849,25.038158,4799682.000000
2018-11-12,25.033054,25.283309,24.550422,25.153074,4936866.000000
2018-11-13,25.224577,26.455419,25.063702,25.937037,15506143.000000
2018-11-14,26.353271,27.081051,25.804244,26.989120,21665200.000000
2018-11-15,27.229161,27.379823,26.685240,26.828243,50323254.000000
2018-11-16,26.881868,26.925278,26.659704,26.677578,15978628.000000
2018-11-19,26.675026,26.784830,26.225590,26.378807,16403010.000000
2018-11-20,26.080033,26.360930,25.957460,26.210268,10983681.000000
2018-11-21,26.332842,26.412004,25.998318,26.299644,6005838.000000
2018-11-23,26.123445,26.708221,26.120890,26.537130,6246713.000000
2018-11-26,26.795049,26.989124,26.789941,26.973801,13889502.000000
2018-11-27,26.889528,26.932938,26.675024,26.726097,6362161.000000
2018-11-28,26.904855,27.287897,26.733764,27.221504,13814674.000000
2018-11-29,26.968694,27.282790,26.812926,27.068285,11596914.000000
2018-11-30,27.323641,27.344068,26.703112,26.935492,21957029.000000
2018-12-03,27.155104,27.247035,26.743973,26.948263,12675863.000000
2018-12-04,26.812920,26.907403,26.406895,26.675024,12579655.000000
2018-12-06,26.519257,26.989121,26.417111,26.968691,17103542.000000
2018-12-07,26.902300,27.022320,26.429881,26.557562,12979807.000000
2018-12-10,26.618850,26.766960,26.253683,26.585653,12304573.000000
2018-12-11,26.889533,27.068285,26.539688,26.743977,14477080.000000
2018-12-12,27.119353,27.129568,26.749079,26.815474,14229791.000000
2018-12-13,26.863994,27.063176,26.728653,26.940603,13518212.000000
2018-12-14,26.787386,27.045302,26.787386,27.014658,13998537.000000
2018-12-17,26.966137,26.999334,26.764402,26.833349,16345285.000000
2018-12-18,26.940605,27.193411,26.787386,27.032534,20432676.000000
2018-12-19,27.068282,27.298108,26.713332,26.774618,21565429.000000
2018-12-20,26.835905,26.976354,26.123448,26.406898,21679096.000000
2018-12-21,26.424771,26.537133,25.615278,26.233252,29978590.000000
2018-12-24,20.811933,21.077507,19.177621,20.556570,7411179.000000
2018-12-26,20.232268,20.730221,20.137784,20.717455,5595709.000000
2018-12-27,20.569339,20.837468,20.237370,20.428890,6841061.000000
2018-12-28,21.214382,21.444973,20.647129,20.951508,8881065.000000
2018-12-31,20.983798,22.537981,20.983798,22.537981,11479901.000000
2019-01-02,22.242822,22.644050,21.242057,21.730911,12052465.000000
2019-01-03,21.472649,21.675568,20.651744,20.813158,13618830.000000
2019-01-04,21.057579,21.657115,20.688634,21.223604,17573116.000000
2019-01-07,21.182103,21.850818,20.997629,21.361963,9718603.000000
2019-01-08,21.740134,22.053737,21.394248,21.615614,14375870.000000
2019-01-09,21.707849,21.855428,21.574107,21.647896,6509914.000000
2019-01-10,21.647897,21.855429,20.707085,20.840828,7030785.000000
2019-01-11,20.730143,21.085253,20.476493,20.508776,5326903.000000
2019-01-14,20.324300,20.407313,19.720153,19.738600,7232426.000000
2019-01-15,19.853898,20.153666,19.591024,19.835449,5581222.000000
2019-01-16,19.738598,19.927683,19.378875,19.655584,4849239.000000
2019-01-17,19.697098,20.162892,19.632533,20.158279,6989155.000000
2019-01-18,20.190558,20.195169,19.881566,19.992249,6425075.000000
2019-01-22,20.236679,20.591789,19.973805,20.319691,6256186.000000
2019-01-23,20.836216,21.163655,20.485719,20.577955,6218107.000000
2019-01-24,20.711697,20.817768,20.388869,20.734756,7007899.000000
2019-01-25,20.859273,21.214383,20.854662,21.172876,5165709.000000
2019-01-28,21.168264,21.855426,21.039133,21.629446,11741718.000000
2019-01-29,21.721684,21.827755,21.444974,21.606388,7021315.000000
2019-01-30,21.836982,22.136751,21.749357,22.136751,7855697.000000
2019-01-31,22.058347,22.828521,22.003005,22.408846,7381190.000000
2019-02-01,22.588702,22.943814,22.367336,22.897696,3583363.000000
2019-02-04,23.063721,23.893848,23.063721,23.441891,6294659.000000
2019-02-05,23.644814,23.797005,23.354270,23.552578,5435023.000000
2019-02-06,23.589469,23.939968,23.446502,23.492620,5595823.000000
2019-02-07,23.335821,23.432670,22.957653,23.262032,3516675.000000
2019-02-08,23.082171,23.792393,22.897699,23.746275,3539167.000000
2019-02-11,23.921528,24.013764,23.543359,23.990705,5366757.000000
2019-02-12,24.175173,24.806991,24.078324,24.719368,6666767.000000
2019-02-13,24.857721,25.189771,24.617907,24.880781,3504245.000000
2019-02-14,24.756266,25.175943,24.682477,25.079094,5128024.000000
2019-02-15,25.268174,25.775473,24.903839,25.365021,4529613.000000
2019-02-19,25.406529,25.586391,25.157490,25.383471,2480850.000000
2019-02-20,25.489543,25.733968,25.194386,25.614061,2726883.000000
2019-02-21,25.623286,25.863100,25.494154,25.614061,3834131.000000
2019-02-22,25.747806,25.909218,25.618674,25.909218,3644723.000000
2019-02-25,26.038349,26.245881,25.969173,26.121363,4612085.000000
2019-02-26,25.964563,26.338120,25.650958,26.162870,4619188.000000
2019-02-27,26.075246,26.195153,25.913832,25.941504,3335948.000000
2019-02-28,25.918440,26.056796,25.443423,25.743191,8152633.000000
2019-03-01,26.600996,27.205144,25.913833,26.125977,6934700.000000
2019-03-04,26.319667,26.351951,25.134430,25.521822,5875989.000000
2019-03-05,25.480320,25.752418,25.115987,25.420368,5502302.000000
2019-03-06,25.282016,25.282016,24.373486,24.779327,4962687.000000
2019-03-07,24.728590,25.092924,24.359644,24.502611,3652220.000000
2019-03-08,24.248964,24.345811,23.787781,24.142891,3776717.000000
2019-03-11,24.165950,25.009912,24.101383,24.973019,3516872.000000
2019-03-12,25.014528,25.572559,24.986857,25.226671,4896000.000000
2019-03-13,25.434201,25.623286,25.254340,25.341965,4083913.000000
2019-03-14,25.826204,26.748569,25.683238,26.370399,7633537.000000
2019-03-15,26.716289,27.795455,26.702452,27.777008,11238800.000000
2019-03-18,27.832349,28.205908,27.551028,27.896915,5256664.000000
2019-03-19,28.132116,28.215128,27.818513,27.873854,3981711.000000
2019-03-20,27.846185,28.021436,27.325050,27.500299,5130984.000000
2019-03-21,27.435731,28.104444,27.394224,27.998371,3257028.000000
2019-03-22,27.624819,28.210521,27.444959,27.463406,2970352.000000
2019-03-25,27.440345,27.440345,26.342731,26.421131,3709832.000000
2019-03-26,26.711672,27.200524,26.462633,27.159018,3527921.000000
2019-03-27,27.214366,27.620207,26.485699,26.536428,3628742.000000
2019-03-28,26.499534,26.697842,26.130589,26.250496,3301224.000000
2019-03-29,26.388846,27.112902,26.356564,27.066784,3746924.000000
2019-04-01,27.569476,27.873855,27.449567,27.869244,3523383.000000
2019-04-02,27.767783,28.275084,27.551027,28.256636,4647599.000000
2019-04-03,28.252022,28.431882,27.970701,28.404211,4143695.000000
2019-04-04,28.371933,28.404215,27.311214,27.827738,4261680.000000
2019-04-05,27.873853,28.773160,27.873853,28.685535,4349676.000000
2019-04-08,28.667086,28.897677,28.344258,28.819277,2637506.000000
2019-04-09,28.727044,28.777775,28.275086,28.468782,2530570.000000
2019-04-10,28.491838,29.345027,28.473392,29.188223,3311089.000000
2019-04-11,29.271233,29.455705,28.943794,29.451096,3843207.000000
2019-04-12,29.534112,29.783148,29.132883,29.289684,2378452.000000
2019-04-15,29.331190,29.501826,29.086763,29.460320,2291048.000000
2019-04-16,29.681689,29.723196,28.906903,28.957632,2220809.000000
2019-04-17,29.105213,29.285074,28.828503,28.939188,2039687.000000
2019-04-18,28.934573,29.049869,28.556405,28.985304,2066915.000000
2019-04-22,28.953023,29.169779,28.833114,29.169779,2132221.000000
2019-04-23,29.155942,30.087528,29.095987,29.976847,3039407.000000
2019-04-24,29.967617,30.645556,29.866158,30.553320,3057953.000000
2019-04-25,30.530265,30.996061,30.262779,30.899212,3190736.000000
2019-04-26,30.465698,30.737796,29.875385,30.142870,3018098.000000
2019-04-29,30.161318,30.336567,29.986068,30.230495,2449085.000000
2019-04-30,30.276618,31.129807,30.276618,31.088301,2385752.000000
2019-05-01,31.314277,31.913813,31.088298,31.627882,4112718.000000
2019-05-02,31.563317,31.798518,30.640950,31.424961,3875958.000000
2019-05-03,31.697061,31.959934,31.475692,31.683226,1860144.000000
2019-05-06,31.009897,31.595597,30.940719,31.448019,1331183.000000
2019-05-07,31.152862,31.489525,30.539491,31.125191,2800279.000000
2019-05-08,30.917657,31.037564,30.673229,30.945328,2022128.000000
2019-05-09,30.461085,31.032950,30.276610,30.940714,2736354.000000
2019-05-10,30.793141,31.079075,30.230499,30.973003,1412076.000000
2019-05-13,30.018352,30.391909,29.377307,29.534111,5181295.000000
2019-05-14,29.635579,30.774699,29.561792,30.507214,1958400.000000
2019-05-15,30.281228,31.484916,30.207437,31.314276,2051328.000000
2019-05-16,31.383448,32.388825,31.318884,32.190517,2041858.000000
2019-05-17,31.816954,32.536397,31.595585,32.019875,2938389.000000
2019-05-20,31.632490,31.803130,30.936106,31.360395,2650134.000000
2019-05-21,31.784682,32.351937,31.554091,32.121346,2322024.000000
2019-05-22,32.402662,32.462617,31.669384,31.821571,3092283.000000
2019-05-23,31.194363,31.194363,29.769310,30.299671,6202520.000000
2019-05-24,30.447260,30.986843,30.115206,30.493376,3735678.000000
2019-05-28,30.521044,31.300442,30.438030,30.627115,3530881.000000
2019-05-29,30.336567,30.539488,29.838490,30.530262,4759665.000000
2019-05-30,30.677848,31.042179,30.216665,30.627115,4113113.000000
2019-05-31,27.975318,28.667092,26.338122,27.463406,15620241.000000
2019-06-03,27.394228,27.454179,25.572557,25.761642,6365687.000000
2019-06-04,26.282774,26.637884,25.793921,26.600990,5077516.000000
2019-06-05,26.651723,26.771630,24.793159,25.134434,7388293.000000
2019-06-06,25.341960,25.378856,24.036815,24.548727,7644388.000000
2019-06-07,24.627129,25.434196,24.447267,25.042192,4520538.000000
2019-06-10,25.277394,25.609446,24.917673,24.996075,3659520.000000
2019-06-11,25.120598,25.314294,24.714757,25.060644,3505429.000000
2019-06-12,25.000696,25.328135,24.419606,24.456501,2527018.000000
2019-06-13,24.438047,24.913066,24.221293,24.825441,4077796.000000
2019-06-14,24.419600,24.677863,23.409612,23.667873,3634463.000000
2019-06-17,23.746276,23.829287,23.321988,23.349657,3298461.000000
2019-06-18,23.612528,24.281243,23.478785,23.755495,4490943.000000
2019-06-19,23.986090,24.696310,23.773945,24.636356,4167568.000000
2019-06-20,25.365025,26.407297,24.590240,25.092928,4939406.000000
2019-06-21,24.936121,25.185159,24.673249,24.899227,4973933.000000
2019-06-24,24.899231,25.042198,24.470332,24.581015,3584744.000000
2019-06-25,24.581011,24.843885,24.073712,24.124441,4532178.000000
2019-06-26,24.424209,24.788541,24.341195,24.548727,1905523.000000
2019-06-27,24.189006,24.378093,23.321985,24.078323,9568655.000000
2019-06-28,24.285859,24.331979,23.358883,23.428061,13893669.000000
2019-07-01,24.078323,24.092158,23.630977,23.778555,6958376.000000
2019-07-02,23.621753,24.069099,23.335819,24.064487,4973933.000000
2019-07-03,23.921524,24.424214,23.626368,24.405766,5140454.000000
2019-07-05,24.041430,24.281244,23.884628,24.152113,4130870.000000
2019-07-08,23.889238,24.018370,23.511069,23.654036,5919197.000000
2019-07-09,23.501851,23.672487,23.349660,23.566416,5298492.000000
2019-07-10,23.764717,24.442656,23.584856,24.115217,9092176.000000
2019-07-11,24.101383,24.664026,24.059878,24.664026,5895324.000000
2019-07-12,24.834666,25.056031,24.548732,24.802382,7217037.000000
2019-07-15,24.903846,25.494159,24.880788,25.466490,7950993.000000
2019-07-16,25.604838,26.282775,25.424977,25.830816,7118387.000000
2019-07-17,25.826205,26.066020,25.535660,26.056797,3554359.000000
2019-07-18,25.936886,26.651719,25.715520,26.467247,4343560.000000
2019-07-19,26.725510,27.288152,26.102914,26.195150,5908543.000000
2019-07-22,26.315058,26.462636,26.006066,26.019901,3269853.000000
2019-07-23,26.149030,26.149030,25.198994,25.577164,4539084.000000
2019-07-24,25.443422,25.978393,25.443422,25.927664,2860850.000000
2019-07-25,25.973786,26.130588,25.258953,25.397308,3693851.000000
2019-07-26,25.424980,25.591005,25.268177,25.494156,3268669.000000
2019-07-29,25.743192,25.936889,25.111373,25.812370,3832947.000000
2019-07-30,25.701686,26.467250,25.586392,26.393461,4031431.000000
2019-07-31,26.416515,26.743954,26.089077,26.628660,5389447.000000
2019-08-01,26.720896,27.278927,26.425740,26.605600,4970579.000000
2019-08-02,25.295848,25.595616,23.727828,24.170563,20770166.000000
2019-08-05,23.524908,23.561804,22.265882,23.252811,11192632.000000
2019-08-06,23.478786,23.760107,22.805459,23.414221,7244461.000000
2019-08-07,23.008383,23.326600,22.722451,23.234364,3653601.000000
2019-08-08,23.345045,23.999924,23.345045,23.672483,4783539.000000
2019-08-09,23.654040,23.654040,22.966878,23.257423,2521691.000000
2019-08-12,23.082169,23.169793,22.680941,22.810072,2621131.000000
2019-08-13,22.713229,23.478792,22.468802,22.837748,7019934.000000
2019-08-14,22.454965,22.593319,21.657118,22.413458,8122644.000000
2019-08-15,22.201312,22.307385,21.325067,21.629446,5727422.000000
2019-08-16,21.855426,22.685553,21.790859,22.335054,4909219.000000
2019-08-19,22.740896,22.888474,22.496469,22.620989,3959219.000000
2019-08-20,22.468800,22.736287,22.224375,22.353506,3635647.000000
2019-08-21,22.445736,22.939202,22.390394,22.588701,2741484.000000
2019-08-22,22.796239,22.856193,22.330445,22.616379,3195865.000000
2019-08-23,22.021450,22.109075,21.089863,21.126757,7242291.000000
2019-08-26,21.214380,21.712457,21.191322,21.403465,4026696.000000
2019-08-27,21.652506,21.753967,20.877720,21.029911,3852085.000000
2019-08-28,20.993018,21.039136,20.453434,20.891558,3722656.000000
2019-08-29,21.099086,21.643281,21.052967,21.569490,6461575.000000
2019-08-30,23.451116,24.534892,22.897696,23.764717,31586941.000000
2019-09-03,23.534131,23.926137,23.335822,23.552578,8237867.000000
2019-09-04,23.750885,23.926135,23.183631,23.612530,5511378.000000
2019-09-05,23.778559,24.673253,23.571027,24.405766,8994907.000000
2019-09-06,24.442661,24.806994,24.101385,24.608686,6831315.000000
2019-09-09,24.903840,25.111372,24.507223,25.037582,7168304.000000
2019-09-10,24.848498,25.757028,24.557953,25.586391,6298408.000000
2019-09-11,25.420368,25.595616,25.226670,25.503380,5916238.000000
2019-09-12,25.618674,25.793923,24.926901,24.973019,5659748.000000
2019-09-13,24.926901,25.203610,24.645578,24.677862,2785284.000000
2019-09-16,24.442655,25.157487,24.387313,24.949955,3021058.000000
2019-09-17,24.903843,24.949961,24.493391,24.834667,2821587.000000
2019-09-18,24.871563,24.871563,23.986093,24.350426,3759551.000000
2019-09-19,24.331974,24.742424,24.239736,24.461103,4931908.000000
2019-09-20,24.530284,24.599460,23.847734,23.912300,6002458.000000
2019-09-23,23.893849,24.442657,23.529516,24.414986,4902708.000000
2019-09-24,24.470332,24.742429,23.824677,24.073715,6605999.000000
2019-09-25,24.069099,24.913063,24.004534,24.783932,6056124.000000
2019-09-26,24.442665,24.442665,23.667878,24.050659,6061253.000000
2019-09-27,24.175176,24.387319,23.238975,23.497238,4381441.000000
2019-09-30,23.497235,23.995312,23.460340,23.916910,2619552.000000
2019-10-01,24.041433,24.391930,23.704770,23.815453,3819136.000000
2019-10-02,23.750889,23.755500,23.132903,23.418837,3143581.000000
2019-10-03,23.432668,23.690931,22.777790,23.547964,2660788.000000
2019-10-04,23.626365,23.750885,23.151348,23.183630,3822885.000000
2019-10-07,23.105229,23.552575,23.054498,23.298925,3134900.000000
2019-10-08,23.146736,23.229748,22.501081,22.510303,3017112.000000
2019-10-09,22.662494,22.934590,22.482633,22.810072,2605938.000000
2019-10-10,22.787016,22.870029,22.547202,22.597931,4467661.000000
2019-10-11,22.999162,23.695547,22.953044,23.197470,3014744.000000
2019-10-14,23.174408,23.404999,23.109843,23.372717,1551173.000000
2019-10-15,23.289703,23.861569,23.220525,23.580248,2061193.000000
2019-10-16,23.483402,23.488014,23.137515,23.308151,1980103.000000
2019-10-17,23.446506,23.635591,23.202080,23.229750,1985824.000000
2019-10-18,23.225139,23.262033,22.828523,22.999161,3410133.000000
2019-10-21,23.012988,23.294311,22.870023,23.054495,2371743.000000
2019-10-22,23.202082,23.349658,22.957655,23.049891,2048763.000000
2019-10-23,23.008385,23.248201,22.717839,23.197470,2469210.000000
2019-10-24,23.363496,23.635593,23.026833,23.524908,3018493.000000
2019-10-25,23.571022,24.129053,23.497233,23.833895,3189946.000000
2019-10-28,23.949192,24.189006,23.737049,23.792391,3117143.000000
2019-10-29,23.820062,24.567175,23.778555,24.557951,5226082.000000
2019-10-30,24.539511,24.973021,24.318142,24.788548,3210860.000000
2019-10-31,24.742425,24.811602,24.032205,24.391926,3032698.000000
2019-11-01,24.525668,24.622517,24.345807,24.553339,2398971.000000
2019-11-04,24.834664,24.963794,24.664026,24.830051,1979905.000000
2019-11-05,24.862336,25.295848,24.691699,25.102150,4079177.000000
2019-11-06,25.365022,25.365022,24.765487,25.056030,2791006.000000
2019-11-07,25.258955,25.341969,24.963799,25.046812,2908202.000000
2019-11-08,25.069870,25.175943,24.696313,25.046812,1962346.000000
2019-11-11,24.820832,25.305073,24.742431,25.143660,1830944.000000
2019-11-12,25.268177,25.724747,25.203612,25.563334,5463434.000000
2019-11-13,25.365018,25.549491,25.152875,25.263559,2171878.000000
2019-11-14,25.088318,25.913835,24.982245,25.388086,3357060.000000
2019-11-15,25.664790,25.757026,25.438810,25.660179,2799292.000000
2019-11-18,25.664795,25.775478,25.397309,25.627901,1931764.000000
2019-11-19,25.669402,26.139808,25.494153,25.923054,2811525.000000
2019-11-20,25.743196,25.955340,25.337356,25.489546,2832242.000000
2019-11-21,25.475710,25.641736,24.760877,24.770102,3173373.000000
2019-11-22,24.765483,24.903837,24.442655,24.723976,2850788.000000
2019-11-25,24.903840,25.646344,24.903840,25.392693,3744557.000000
2019-11-26,25.674013,25.798532,24.511832,24.530281,8725790.000000
2019-11-27,23.543353,24.055264,22.943816,23.206690,25892863.000000
2019-11-29,23.197467,23.271256,22.339668,22.362728,6382852.000000
2019-12-02,22.298159,22.445738,21.827753,22.007614,7351990.000000
2019-12-03,21.583329,21.901545,21.412691,21.860039,7722322.000000
2019-12-04,22.090628,22.182864,21.924602,21.989168,4132843.000000
2019-12-05,21.956887,22.012228,21.500315,21.832367,4072469.000000
2019-12-06,21.906159,22.459578,21.689405,21.730911,5935771.000000
2019-12-09,21.592551,22.122910,21.421913,21.975332,7451034.000000
2019-12-10,21.864647,22.127521,21.735517,21.841589,6115511.000000
2019-12-11,21.823149,22.021457,21.629451,22.003010,4372957.000000
2019-12-12,21.823149,22.902315,21.712464,22.828526,5211877.000000
2019-12-13,22.796238,23.096005,22.611766,22.759342,5212666.000000
2019-12-16,23.054496,23.128285,22.722446,22.823906,6638750.000000
2019-12-17,22.929980,23.155958,22.856191,23.026829,4669302.000000
2019-12-18,23.059114,23.331211,22.883863,23.059114,4543424.000000
2019-12-19,23.086781,23.211301,22.957652,23.008381,2995014.000000
2019-12-20,23.197469,23.312764,22.833134,22.883863,5335979.000000
2019-12-23,22.902310,23.603307,22.883861,23.271255,3213228.000000
2019-12-24,23.266641,23.672481,23.174404,23.441891,1891910.000000
2019-12-26,23.640200,24.110606,23.571024,23.986088,3034474.000000
2019-12-27,24.073716,24.073716,23.381942,23.511072,3107672.000000
2019-12-30,23.464951,23.778556,23.289702,23.478786,2622512.000000
2019-12-31,23.428061,23.935360,23.312765,23.700157,3263145.000000
2020-01-02,24.009144,24.267407,23.773941,24.115217,4278253.000000
2020-01-03,23.704768,23.972254,23.252809,23.321987,4447142.000000
2020-01-06,23.100616,23.654035,23.100616,23.557186,4983403.000000
2020-01-07,23.538741,23.663261,22.860804,22.966875,6135833.000000
2020-01-08,22.828523,23.077561,22.667109,23.059114,6934306.000000
2020-01-09,23.151351,23.179022,22.607156,22.883863,7158833.000000
2020-01-10,22.883861,23.031441,22.787014,22.833132,4865615.000000
2020-01-13,22.916146,23.054500,22.450352,22.980711,6736414.000000
2020-01-14,22.980712,23.764721,22.971489,23.455730,6555490.000000
2020-01-15,23.386552,23.584860,23.243585,23.335821,3906145.000000
2020-01-16,23.524908,23.856960,23.377330,23.677099,4445958.000000
2020-01-17,23.750886,23.750886,23.082171,23.215914,6502416.000000
2020-01-21,23.128287,23.137512,22.551810,22.731672,5397142.000000
2020-01-22,22.828520,23.114454,22.828520,23.031441,2705180.000000
2020-01-23,23.068336,23.275869,22.768568,23.229750,2187860.000000
2020-01-24,23.312765,23.538743,22.842359,23.049891,3948170.000000
2020-01-27,22.441130,22.547201,22.122913,22.205927,6143133.000000
2020-01-28,22.371949,22.690166,22.298160,22.450350,4225377.000000
2020-01-29,22.574871,22.690167,22.385786,22.574871,2788836.000000
2020-01-30,22.321223,22.814687,22.210538,22.773180,4742697.000000
2020-01-31,22.657886,22.713227,22.205927,22.491859,4627869.000000
2020-02-03,22.501082,22.782403,22.418068,22.680943,3265118.000000
2020-02-04,23.059111,23.741660,22.800848,23.534128,5845604.000000
2020-02-05,23.741663,24.161340,23.335822,23.423447,7337587.000000
2020-02-06,23.594084,24.410377,23.547966,24.373482,6581533.000000
2020-02-07,24.212068,24.212068,23.520295,23.806227,9318084.000000
2020-02-10,23.520297,24.059881,23.317376,24.032209,5327100.000000
2020-02-11,24.027594,24.488775,23.981474,24.101381,8685935.000000
2020-02-12,24.318141,24.682475,24.248964,24.581015,6874129.000000
2020-02-13,23.958421,24.364262,23.718605,24.235130,6760485.000000
2020-02-14,24.419598,24.696308,24.272020,24.387316,4158295.000000
2020-02-18,24.119832,24.419600,23.926136,24.336588,5139862.000000
2020-02-19,24.396538,24.714755,24.327362,24.599459,5512759.000000
2020-02-20,24.599462,24.627135,24.115222,24.419601,5310724.000000
2020-02-21,24.304305,24.355036,23.617145,23.852346,4403144.000000
2020-02-24,22.953037,22.999155,21.869259,22.279711,7265770.000000
2020-02-25,22.620990,22.690168,21.292784,21.315844,6799550.000000
2020-02-26,21.546435,21.832367,20.891555,21.182100,6851242.000000
2020-02-27,20.536446,21.002241,19.784719,20.089100,11049984.000000
2020-02-28,19.000710,19.881568,18.078345,18.659433,16947084.000000
2020-03-02,18.779343,19.595637,18.170583,19.549519,7908770.000000
2020-03-03,19.678645,20.158273,19.097554,19.268192,9216475.000000
2020-03-04,19.595630,20.006083,18.996093,20.006083,6008377.000000
2020-03-05,19.383491,19.627917,18.673271,18.839296,7139103.000000
2020-03-06,17.986111,18.853132,17.810860,18.272043,8400837.000000
2020-03-09,16.823931,16.971507,16.353525,16.717857,10960804.000000
2020-03-10,17.386570,18.161357,16.371970,18.050673,9943920.000000
2020-03-11,17.358899,17.778574,16.865435,17.036072,9386942.000000
2020-03-12,15.670975,16.104487,14.900801,15.099109,13329588.000000
2020-03-13,16.224390,16.579500,15.283579,16.579500,9643038.000000
2020-03-16,13.457299,15.823165,13.457299,14.854682,10100379.000000
2020-03-17,15.131391,15.431161,13.946153,14.444230,9976277.000000
2020-03-18,13.374284,13.904643,11.764758,13.314329,9067711.000000
2020-03-19,13.374286,15.085271,12.996116,14.739386,8396299.000000
2020-03-20,15.145223,17.013011,14.767055,14.983811,13518799.000000
2020-03-23,15.219016,16.478045,14.541079,15.652529,7340349.000000
2020-03-24,16.814706,17.921542,15.924623,17.916931,7084254.000000
2020-03-25,18.156744,19.554126,17.603324,18.142908,7389280.000000
2020-03-26,18.419618,19.784717,18.216697,19.618692,6317941.000000
2020-03-27,18.553360,18.903859,17.649444,17.870811,6310246.000000
2020-03-30,18.313550,18.986875,17.884651,18.355055,6928979.000000
2020-03-31,18.198253,18.908473,17.935379,18.239759,3495761.000000
2020-04-01,17.409633,17.921544,16.837765,17.017628,4866207.000000
2020-04-02,16.870050,17.547988,16.680965,17.128311,3894307.000000
2020-04-03,17.049904,17.377343,16.385801,16.805477,4084899.000000
2020-04-06,17.741684,18.050676,17.483421,17.944605,6457629.000000
2020-04-07,18.410396,18.807012,17.594104,17.695564,7205396.000000
2020-04-08,17.893871,18.765506,17.801635,18.622540,6720038.000000
2020-04-09,19.217470,19.715545,18.973042,19.166739,8348158.000000
2020-04-13,18.751671,19.056050,18.410395,18.659433,3434006.000000
2020-04-14,18.996094,19.531064,18.816233,19.065271,5004120.000000
2020-04-15,18.461125,18.843906,18.262816,18.654821,4119427.000000
2020-04-16,18.788569,18.996100,18.387340,18.954594,3042169.000000
2020-04-17,19.438831,19.494174,18.908472,19.143675,6397453.000000
2020-04-20,18.604088,19.258968,18.516465,18.890022,4069510.000000
2020-04-21,18.415009,18.516469,17.155981,17.248219,7012437.000000
2020-04-22,17.663280,18.078343,17.474193,17.870811,7617950.000000
2020-04-23,18.082959,18.345833,17.847756,17.944605,2845855.000000
2020-04-24,18.138298,18.438066,17.755517,18.304323,3493788.000000
2020-04-27,18.521078,18.728610,18.451901,18.534914,3014349.000000
2020-04-28,18.903862,19.074500,18.539528,18.834684,5056996.000000
2020-04-29,19.157513,20.139832,19.092948,20.010702,6579363.000000
2020-04-30,19.830837,20.029145,19.526456,19.687870,3432231.000000
2020-05-01,19.180570,19.365042,18.345830,18.447290,3702926.000000
2020-05-04,18.295102,18.710165,17.889261,18.700941,2514589.000000
2020-05-05,18.908471,19.212852,18.516467,18.534914,2149781.000000
2020-05-06,18.724002,18.968430,18.544142,18.673273,2265201.000000
2020-05-07,18.936144,19.291254,18.843908,19.254360,2209365.000000
2020-05-08,19.554128,20.199784,19.489564,20.130608,4143695.000000
2020-05-11,19.950747,20.185950,19.614084,20.001478,3142200.000000
2020-05-12,20.079879,20.195175,19.484953,19.484953,4281805.000000
2020-05-13,19.531066,19.692482,18.608703,18.922308,4291472.000000
2020-05-14,18.521081,19.323537,18.124464,19.305090,3262750.000000
2020-05-15,18.982258,19.489560,18.710162,19.411158,3069593.000000
2020-05-18,19.770885,20.467269,19.623306,20.190561,3665439.000000
2020-05-19,20.102939,20.725534,20.102939,20.310471,4253591.000000
2020-05-20,20.485716,20.734755,20.181336,20.596399,4144484.000000
2020-05-21,20.610230,20.771644,20.079871,20.471876,3477018.000000
2020-05-22,20.015312,20.199784,19.318926,19.863121,5418450.000000
2020-05-26,20.651742,20.799320,20.471881,20.504164,3831961.000000
2020-05-27,20.753203,21.016077,20.144441,21.016077,5659748.000000
2020-05-28,20.877724,21.302012,20.863888,21.020691,8541906.000000
2020-05-29,22.597931,23.059114,22.136749,22.893087,23420102.000000
2020-06-01,22.708614,22.966876,22.265880,22.768568,7528179.000000
2020-06-02,22.782404,22.893087,22.422681,22.667109,5828439.000000
2020-06-03,22.828520,22.856191,22.464186,22.510303,5198658.000000
2020-06-04,22.339668,22.708613,22.205925,22.690166,5245812.000000
2020-06-05,22.800848,23.681707,22.800848,23.298925,8202353.000000
2020-06-08,23.520296,23.999926,23.428060,23.824677,7115624.000000
2020-06-09,23.658650,23.658650,23.008382,23.072948,4731057.000000
2020-06-10,23.091397,23.165186,22.579485,22.777794,2883540.000000
2020-06-11,22.132136,22.252045,21.421916,21.486483,6145698.000000
2020-06-12,22.307385,22.450351,21.255889,21.629446,3785003.000000
2020-06-15,21.122143,21.864646,21.039130,21.703232,4336259.000000
2020-06-16,22.376561,22.459574,21.735518,21.989168,3159957.000000
2020-06-17,22.030678,22.422682,21.892323,21.915382,4104235.000000
2020-06-18,21.786247,21.924601,21.551044,21.869261,4487391.000000
2020-06-19,22.293554,22.837749,22.164424,22.561041,6059478.000000
2020-06-22,22.418069,22.717837,22.062959,22.270491,3595003.000000
2020-06-23,22.519528,22.837742,22.293547,22.602541,10216983.000000
2020-06-24,25.295848,25.318906,23.847735,24.488779,31476453.000000
2020-06-25,24.179786,24.230515,23.418835,23.797005,7400723.000000
2020-06-26,23.617145,24.405765,23.428060,24.096773,10050659.000000
2020-06-29,24.290473,24.866951,23.898467,24.793161,7782696.000000
2020-06-30,24.820825,25.471094,24.636353,25.337351,6045272.000000
2020-07-01,25.392692,25.627896,24.936121,25.032970,5496778.000000
2020-07-02,25.438814,25.706301,24.774712,24.788548,3671556.000000
2020-07-06,25.134435,25.212836,24.793161,24.931515,3368306.000000
2020-07-07,24.723982,24.880785,24.387319,24.419601,3580008.000000
2020-07-08,24.530284,24.973019,24.396539,24.973019,4085294.000000
2020-07-09,25.088314,25.088314,24.442659,24.760874,2747008.000000
2020-07-10,24.673252,24.760875,24.405765,24.640968,2285129.000000
2020-07-13,24.673257,24.760880,23.866188,23.875410,4150008.000000
2020-07-14,23.681707,24.239738,23.557187,24.212067,2630404.000000
2020-07-15,24.299693,24.622521,24.055266,24.295082,3846166.000000
2020-07-16,27.034502,28.422659,27.002219,27.255869,50015945.000000
2020-07-17,27.099075,27.966096,26.720905,27.841578,11194999.000000
2020-07-20,27.809288,28.524121,27.753946,28.339647,6124389.000000
2020-07-21,28.454945,28.823890,28.155175,28.159788,5450018.000000
2020-07-22,28.288918,28.828502,28.219742,28.482616,5695459.000000
2020-07-23,28.482618,29.003753,28.095223,28.371933,4228534.000000
2020-07-24,27.970703,28.228966,27.777007,28.039879,2538265.000000
2020-07-27,28.062937,28.288916,27.878464,28.113668,2799687.000000
2020-07-28,27.966088,28.099833,27.315822,27.380388,3281099.000000
2020-07-29,27.408061,27.767784,27.297378,27.527969,3532459.000000
2020-07-30,27.251262,27.440347,26.799303,27.283545,3671161.000000
2020-07-31,27.504908,27.634040,26.979160,27.592533,3420985.000000
2020-08-03,27.629429,28.058329,27.380391,27.892303,3327070.000000
2020-08-04,27.878468,27.975317,27.583311,27.818516,3335159.000000
2020-08-05,28.016818,28.210514,27.841569,27.952251,2275856.000000
2020-08-06,27.790844,28.242803,27.629432,28.109060,3726208.000000
2020-08-07,28.026045,28.090610,27.693993,28.039879,2072834.000000
2020-08-10,28.210519,28.620972,28.113672,28.514900,3092086.000000
2020-08-11,28.703985,29.142108,28.307368,28.381157,4107589.000000
2020-08-12,28.639419,28.727043,28.270473,28.514900,1955046.000000
2020-08-13,28.228969,28.418052,27.440346,27.468018,5350381.000000
2020-08-14,27.569473,27.832346,27.477236,27.629427,2139719.000000
2020-08-17,27.763172,27.989151,27.504909,27.527969,1871588.000000
2020-08-18,27.495685,27.836961,27.495685,27.680159,1631276.000000
2020-08-19,27.818513,27.984538,27.541802,27.601757,3573103.000000
2020-08-20,27.560251,27.652487,27.357331,27.514133,1906510.000000
2020-08-21,27.371169,27.984542,27.352722,27.883081,4371182.000000
2020-08-24,28.547181,28.685537,28.205907,28.390379,2523467.000000
2020-08-25,28.390375,28.547178,27.878463,27.966087,2681110.000000
2020-08-26,28.510288,28.717822,28.058331,28.653255,4099499.000000
2020-08-27,28.870009,29.137495,28.348874,28.791609,7382966.000000
2020-08-28,30.221270,31.185140,29.884607,30.534872,17972452.000000
2020-08-31,30.239719,31.069847,30.175155,30.474924,5917619.000000
2020-09-01,30.631724,30.825418,30.304283,30.608665,4548357.000000
2020-09-02,30.866925,31.641713,30.594830,31.577148,4577755.000000
2020-09-03,30.954554,31.208204,29.700137,30.225885,4005387.000000
2020-09-04,30.133648,30.530263,29.114436,29.815434,4566114.000000
2020-09-08,29.077541,30.244334,28.920739,29.584843,5832188.000000
2020-09-09,30.027581,31.074464,29.884616,30.825424,6426653.000000
2020-09-10,30.936108,31.046792,29.995296,30.179771,3963757.000000
2020-09-11,30.308895,30.783914,30.105975,30.617887,3386852.000000
2020-09-14,30.899208,31.258930,30.659394,30.830030,4197755.000000
2020-09-15,31.129800,31.420343,30.774688,30.945328,2875450.000000
2020-09-16,31.208205,31.618655,31.051404,31.069849,4367433.000000
2020-09-17,30.590219,31.198981,30.202827,30.696291,4471213.000000
2020-09-18,30.728573,30.973000,30.355016,30.608665,21878202.000000
2020-09-21,29.870771,30.216660,29.386533,30.207434,4275294.000000
2020-09-22,30.493365,30.590214,29.963008,30.580992,2148794.000000
2020-09-23,31.000666,31.056008,30.138258,30.258165,4193414.000000
2020-09-24,30.036803,30.424196,29.677082,30.147488,3206322.000000
2020-09-25,29.976849,30.373464,29.810822,30.308899,2413768.000000
2020-09-28,30.811585,31.194365,30.654781,31.042173,3783622.000000
2020-09-29,31.125186,31.586369,30.848478,31.544863,2713467.000000
2020-09-30,31.540252,31.766234,30.977610,31.217424,3286229.000000
2020-10-01,31.443403,31.595591,30.954549,31.148247,2183716.000000
2020-10-02,30.387300,31.189756,30.308899,30.973003,1975565.000000
2020-10-05,31.309657,31.503351,31.037558,31.457232,4981036.000000
2020-10-06,31.401901,31.766236,30.991447,31.120577,3792698.000000
2020-10-07,31.503364,31.526423,30.931500,31.088301,4220050.000000
2020-10-08,31.129798,31.923031,31.102126,31.664768,4895013.000000
2020-10-09,31.863080,32.024494,31.517195,31.540253,2297559.000000
2020-10-12,31.660163,32.056782,31.590985,31.936874,1562221.000000
2020-10-13,32.282755,32.762383,32.075225,32.517960,3167454.000000
2020-10-14,32.628643,32.951471,32.411887,32.582527,2077372.000000
2020-10-15,32.066008,32.467236,31.752402,32.301212,2558192.000000
2020-10-16,32.660928,32.840787,32.338101,32.351936,2992055.000000
2020-10-19,32.467230,32.702434,31.927646,32.052166,2087631.000000
2020-10-20,32.342720,32.462627,31.992221,32.010666,1474620.000000
2020-10-21,32.153628,32.541020,31.987601,32.204357,3767641.000000
2020-10-22,32.476456,32.476456,31.258932,31.720116,2001214.000000
2020-10-23,31.701668,31.757011,31.286605,31.443409,2602979.000000
2020-10-26,31.060621,31.125186,29.487990,29.856937,3910486.000000
2020-10-27,29.884613,29.972236,29.280461,29.317358,1867642.000000
2020-10-28,28.611747,28.796219,27.979927,27.993761,3457485.000000
2020-10-29,27.896916,28.145954,27.587924,27.910751,3550216.000000
2020-10-30,27.873852,28.072161,27.154407,27.790838,3561265.000000
2020-11-02,28.219740,28.344258,27.698603,27.804676,2206603.000000
2020-11-03,28.164401,28.994528,28.136730,28.478004,1673893.000000
2020-11-04,28.810052,29.077537,28.288915,28.699368,3366135.000000
2020-11-05,29.146714,29.792369,29.054478,29.750862,3003301.000000
2020-11-06,29.847717,29.921508,29.238956,29.787766,1501650.000000
2020-11-09,30.405743,30.461085,29.603283,29.626345,2973508.000000
2020-11-10,29.580235,30.064477,29.179007,29.796991,3444266.000000
2020-11-11,30.101368,30.101368,29.547952,29.921509,1970830.000000
2020-11-12,29.907671,30.175157,29.487995,29.709364,2410809.000000
2020-11-13,29.958402,30.525657,29.870776,30.488760,2973903.000000
2020-11-16,30.682461,31.134422,30.258175,31.060631,2832636.000000
2020-11-17,30.825422,31.452632,30.696292,31.295828,1966094.000000
2020-11-18,31.567918,31.715496,31.102125,31.175913,2527413.000000
2020-11-19,31.111348,31.692439,30.765463,31.590977,4564141.000000
2020-11-20,31.678607,31.909198,31.498744,31.517193,2840331.000000
2020-11-23,31.637107,32.208971,31.609436,31.996828,2931286.000000
2020-11-24,32.282753,32.513345,32.006045,32.434944,5787006.000000
2020-11-25,32.204356,32.273533,31.014507,31.982986,8768407.000000
2020-11-27,31.987606,32.384221,31.835415,32.199749,2779365.000000
2020-11-30,32.393445,32.476459,31.365007,31.835413,4739935.000000
2020-12-01,32.213576,32.637865,31.849241,32.522568,6792842.000000
2020-12-02,32.559461,32.790053,32.130562,32.522568,4693964.000000
2020-12-03,32.660924,32.979139,32.324261,32.702431,4426623.000000
2020-12-04,32.762385,33.334253,32.582526,33.251240,5061337.000000
2020-12-07,33.311193,33.500278,32.264306,32.458004,6222645.000000
2020-12-08,32.430335,33.168226,32.347322,33.145168,3625585.000000
2020-12-09,33.269678,33.652458,32.748540,32.988358,4662396.000000
2020-12-10,32.720879,33.315805,32.425723,33.278912,4902116.000000
2020-12-11,33.071374,33.454157,32.813114,33.039093,2887091.000000
2020-12-14,33.205123,33.652468,33.168226,33.403431,4259312.000000
2020-12-15,33.813882,34.072145,33.380370,34.007580,3963362.000000
2020-12-16,34.104425,34.261230,33.966073,34.067532,3201982.000000
2020-12-17,34.205885,34.505655,34.187437,34.454926,3632490.000000
2020-12-18,34.588670,34.768529,33.380370,33.629410,9961677.000000
2020-12-21,33.352697,33.823107,32.757775,33.693974,3446042.000000
2020-12-22,33.989134,34.067534,33.458776,33.541786,2565492.000000
2020-12-23,33.620192,34.058314,33.384988,33.850780,3252096.000000
2020-12-24,34.016810,34.076765,33.551017,33.661701,3294318.000000
2020-12-28,33.919950,34.012186,33.408037,33.597122,6292884.000000
2020-12-29,33.638637,33.998362,32.905359,32.974537,8200972.000000
2020-12-30,33.057545,33.689365,32.983757,33.435715,8683962.000000
2020-12-31,33.532567,33.836946,33.191294,33.800053,2456188.000000
2021-01-04,34.076762,34.076762,33.062159,33.431107,6927203.000000
2021-01-05,33.158998,34.118259,32.974526,33.878441,4051555.000000
2021-01-06,33.813881,34.694741,33.624796,34.159767,5155844.000000
2021-01-07,34.588673,35.211267,34.371917,35.206657,4542635.000000
2021-01-08,35.326561,35.700118,34.934556,35.612492,5304213.000000
2021-01-11,35.174368,35.437240,34.879211,34.879211,2937402.000000
2021-01-12,34.985290,35.400354,34.856157,35.395741,2739511.000000
2021-01-13,34.473379,34.579450,32.365776,32.850018,15098974.000000
2021-01-14,32.882296,34.058313,32.863851,33.781605,8655156.000000
2021-01-15,33.735474,34.542543,33.606345,34.247387,6529052.000000
2021-01-19,34.390362,34.602505,34.265842,34.524105,4898170.000000
2021-01-20,35.022183,35.594051,34.551777,35.534096,6958771.000000
2021-01-21,35.769287,35.843075,35.003725,35.464905,4772095.000000
2021-01-22,34.962219,35.132856,34.602494,35.022171,2249417.000000
2021-01-25,35.206646,35.225091,33.901500,34.902264,2686437.000000
2021-01-26,35.049857,35.275836,34.565616,35.068306,2520508.000000
2021-01-27,34.408813,34.929948,33.763158,34.062927,5637650.000000
2021-01-28,34.053694,34.676291,33.610960,34.090591,5227858.000000
2021-01-29,33.869228,34.394976,33.375763,33.615578,3720683.000000
2021-02-01,33.966079,34.459543,33.527954,34.104431,3231379.000000
2021-02-02,35.501809,35.847695,35.243546,35.589432,8058324.000000
2021-02-03,35.395743,36.124411,35.395743,35.856926,2721754.000000
2021-02-04,36.050611,36.590194,35.995268,36.576359,2943321.000000
2021-02-05,36.663989,36.931474,36.521023,36.714718,3535616.000000
2021-02-08,36.894584,37.222025,36.663992,36.866913,9876049.000000
2021-02-09,36.571751,36.862295,36.341160,36.705494,8452332.000000
2021-02-10,36.816176,36.894576,36.165907,36.700878,9603578.000000
2021-02-11,36.820795,36.949928,35.903044,36.663994,3077091.000000
2021-02-12,36.682439,36.922254,36.364221,36.917641,3497340.000000
2021-02-16,37.249693,37.314262,36.188974,36.636322,6170952.000000
2021-02-17,36.359608,36.880743,36.253537,36.553303,3593819.000000
2021-02-18,36.304273,37.139014,36.050624,36.751621,3027174.000000
2021-02-19,37.198962,37.503344,36.913028,37.249691,3269853.000000
2021-02-22,37.203575,37.807723,36.682440,37.249691,5745968.000000
2021-02-23,36.894577,37.300418,35.524866,37.152840,5043975.000000
2021-02-24,37.258921,37.780056,37.083671,37.673985,3969676.000000
2021-02-25,37.355771,37.632479,36.419569,36.747009,5594047.000000
2021-02-26,37.208184,38.365751,36.894578,37.388042,6943776.000000
2021-03-01,37.392661,38.481051,37.392661,38.319637,4621753.000000
2021-03-02,38.278125,38.540997,37.881507,38.144382,2937205.000000
2021-03-03,38.315022,38.817712,38.065985,38.554836,5848564.000000
2021-03-04,38.471828,38.923785,37.558687,38.185894,5422791.000000
2021-03-05,38.679351,39.518705,38.448760,39.361900,6930557.000000
2021-03-08,39.624789,39.979898,39.172828,39.251232,6884981.000000
2021-03-09,39.703178,40.519469,39.661671,39.887650,4318897.000000
2021-03-10,40.090569,40.634766,40.007556,40.436455,4408866.000000
2021-03-11,40.584038,41.261974,40.584038,40.869968,7447286.000000
2021-03-12,40.823852,40.971430,40.427233,40.962204,2858088.000000
2021-03-15,40.925312,41.192797,40.685498,41.183575,5621472.000000
2021-03-16,41.275813,41.409556,40.703949,41.082115,5880329.000000
2021-03-17,40.943763,42.202789,40.643993,42.096718,6162468.000000
2021-03-18,41.718546,41.718546,40.607098,40.634769,6201731.000000
2021-03-19,40.454905,40.934534,40.376505,40.413399,7791772.000000
2021-03-22,40.321169,40.713174,40.090577,40.284275,6212385.000000
2021-03-23,40.159742,40.560970,39.112859,39.546371,5250745.000000
2021-03-24,39.813867,40.307331,39.587885,39.823090,5446269.000000
2021-03-25,39.274283,40.076740,39.154376,39.657066,3417039.000000
2021-03-26,39.970666,41.045221,39.758523,41.040611,5169063.000000
2021-03-29,40.893025,41.335763,40.477961,40.680882,4094567.000000
2021-03-30,40.436460,41.068279,40.404179,40.856136,4601036.000000
2021-03-31,40.883809,41.045223,40.556368,40.653217,3239271.000000
2021-04-01,40.713171,41.197413,40.625545,41.082115,3805720.000000
2021-04-05,41.155904,41.423390,41.022162,41.211246,5019707.000000
2021-04-06,41.243525,41.492565,41.045217,41.266586,4943154.000000
2021-04-07,41.331155,42.617853,41.331155,42.202789,5613974.000000
2021-04-08,42.567121,42.834607,41.778497,42.696251,6963309.000000
2021-04-09,42.567123,43.355743,42.493332,43.295792,4034193.000000
2021-04-12,42.774653,43.369580,42.682417,43.097485,4027090.000000
2021-04-13,43.203545,43.203545,42.604009,42.673187,3293332.000000
2021-04-14,42.737767,43.125159,42.682424,42.751602,5620682.000000
2021-04-15,45.223525,46.685472,43.964499,45.620144,26547702.000000
2021-04-16,45.993700,47.118984,45.758495,46.773098,11333504.000000
2021-04-19,46.763876,47.870711,46.514835,47.695461,7467805.000000
2021-04-20,47.709301,47.741585,46.648582,46.800774,5472510.000000
2021-04-21,46.703929,47.188170,46.593244,46.768494,4750787.000000
2021-04-22,46.759268,47.045201,46.168955,46.344204,3146540.000000
2021-04-23,46.570186,46.943743,46.344207,46.768494,5709862.000000
2021-04-26,46.786940,46.916070,46.192014,46.293476,5005304.000000
2021-04-27,46.247348,46.731590,46.215064,46.445656,3814598.000000
2021-04-28,46.556353,46.556353,45.827685,45.850746,1792668.000000
2021-04-29,46.187407,46.459502,45.869189,46.118229,2896167.000000
2021-04-30,45.942979,45.989095,45.265040,45.348053,2448888.000000
2021-05-03,45.749280,45.892245,45.034447,45.094402,5167682.000000
2021-05-04,44.734675,44.831520,44.208927,44.513306,4061618.000000
2021-05-05,44.859194,45.527911,44.522534,45.380329,4055107.000000
2021-05-06,45.458734,46.039824,45.080564,46.012150,3599936.000000
2021-05-07,46.118228,46.902235,46.012153,46.607079,4147641.000000
2021-05-10,46.602469,46.694705,45.929143,45.970650,3178306.000000
2021-05-11,44.614781,45.251210,44.259669,45.112858,7071824.000000
2021-05-12,44.739289,44.960658,43.337297,43.392639,4925595.000000
2021-05-13,43.798479,44.711619,43.637065,44.457970,2962854.000000
2021-05-14,45.020612,45.440289,44.836140,45.394173,1881058.000000
2021-05-17,45.195859,45.587864,45.039058,45.375721,2311567.000000
2021-05-18,45.546358,45.670879,45.108237,45.265038,1869220.000000
2021-05-19,44.467188,44.997545,43.996778,44.642437,3021847.000000
2021-05-20,44.780792,45.698546,44.757734,45.477177,2802055.000000
2021-05-21,45.855355,45.979875,45.338833,45.412621,2296769.000000
2021-05-24,45.800002,46.422599,45.721602,46.182785,3656364.000000
2021-05-25,46.441060,46.551741,45.859969,45.892250,4078783.000000
2021-05-26,45.956812,46.325756,45.823070,45.961422,3318586.000000
2021-05-27,46.215071,46.330369,45.652429,45.979870,6532208.000000
2021-05-28,45.509465,45.993706,43.922998,45.491016,6509124.000000
2021-06-01,45.929141,47.492546,45.855350,47.432594,8253256.000000
2021-06-02,47.478710,47.653959,46.482559,46.482559,4747433.000000
2021-06-03,46.247349,47.022134,45.786166,46.883781,5104151.000000
2021-06-04,47.068261,47.764646,46.939131,47.746201,4336851.000000
2021-06-07,48.045966,48.147428,47.229675,47.427982,2438431.000000
2021-06-08,47.469483,48.041351,47.423367,47.921444,2725305.000000
2021-06-09,48.059798,48.133589,47.626289,47.944504,2267372.000000
2021-06-10,47.916830,48.248880,47.723132,47.866100,3439925.000000
2021-06-11,47.732370,48.013691,46.952972,47.953735,3788949.000000
2021-06-14,47.962965,48.064423,47.155895,47.381874,3681223.000000
2021-06-15,47.446436,47.644744,47.215844,47.437210,2075201.000000
2021-06-16,47.368029,47.690857,47.040589,47.386475,3290767.000000
2021-06-17,47.386481,47.386481,45.869191,45.956818,5055813.000000
2021-06-18,45.306545,45.587866,44.891482,45.458736,5546695.000000
2021-06-21,45.767730,46.192016,45.689330,46.118229,3652418.000000
2021-06-22,46.118226,46.118226,45.657043,46.007542,2206998.000000
2021-06-23,45.979872,46.044437,45.657044,45.758503,2387133.000000
2021-06-24,46.118229,46.118229,45.472574,45.693939,7347452.000000
2021-06-25,45.887646,46.026001,45.776961,45.887646,9249424.000000
2021-06-28,45.887632,46.210459,45.809231,46.002926,7946652.000000
2021-06-29,46.025996,47.178951,45.827685,47.132832,8192291.000000
2021-06-30,46.717769,46.888405,45.933757,45.966042,5759582.000000
2021-07-01,45.703161,45.850739,45.149742,45.514076,5603123.000000
2021-07-02,45.726220,45.979870,45.149743,45.827679,4022750.000000
2021-07-06,45.800013,46.210468,45.246594,45.366505,3589084.000000
2021-07-07,45.638591,46.150504,45.352661,45.883018,3040985.000000
2021-07-08,45.205094,45.975266,45.029844,45.657051,3542916.000000
2021-07-09,45.795399,46.514841,45.758502,46.233521,5137100.000000
2021-07-12,46.168952,46.168952,44.785406,44.794628,4087069.000000
2021-07-13,44.619378,44.633213,43.226609,43.240444,6977514.000000
2021-07-14,43.627848,44.195103,42.954521,43.074429,5163538.000000
2021-07-15,42.862281,43.222002,42.534840,43.185108,5192147.000000
2021-07-16,43.447977,43.489484,42.530227,42.562508,3884442.000000
2021-07-19,41.889185,43.014472,41.773891,42.834610,4358160.000000
2021-07-20,43.079030,44.245821,43.051359,43.982948,4929541.000000
2021-07-21,44.135145,44.596329,43.867660,44.370350,3306156.000000
2021-07-22,44.494860,44.559428,43.909160,44.245823,2737538.000000
2021-07-23,44.273499,44.596327,44.084414,44.527149,2062574.000000
2021-07-26,44.605541,44.776181,44.398011,44.485634,2463488.000000
2021-07-27,44.098249,44.448748,43.789257,44.319618,1734859.000000
2021-07-28,44.388786,44.550200,44.185869,44.222763,1140591.000000
2021-07-29,44.430299,44.693175,44.070578,44.637833,1576822.000000
2021-07-30,44.444124,44.859188,44.291933,44.559422,1586884.000000
2021-08-02,44.771572,44.794630,44.268882,44.407238,2405876.000000
2021-08-03,44.623997,45.569422,44.328841,45.394173,3140424.000000
2021-08-04,45.191243,45.241972,44.803847,44.914532,1653571.000000
2021-08-05,45.195864,45.472576,45.002170,45.352669,1729137.000000
2021-08-06,45.371106,45.574026,45.228141,45.444897,1464163.000000
2021-08-09,45.131304,45.546367,45.016010,45.426460,2125710.000000
2021-08-10,45.633980,45.735439,45.260420,45.389553,1717102.000000
2021-08-11,45.389559,46.339593,45.389559,46.288864,2432906.000000
2021-08-12,46.316527,46.487163,45.933744,46.353420,2042450.000000
2021-08-13,46.353427,46.501005,45.956812,46.132061,2552076.000000
2021-08-16,45.896862,46.053663,45.444905,45.956818,1763073.000000
2021-08-17,45.730842,45.776958,44.780804,45.112858,2405087.000000
2021-08-18,44.919145,45.241973,44.707002,44.716225,1565970.000000
2021-08-19,44.273503,44.711625,44.047525,44.374962,2248431.000000
2021-08-20,44.905325,45.629381,44.743911,45.426460,3037828.000000
2021-08-23,45.638594,46.330369,45.389557,46.173565,3252885.000000
2021-08-24,46.579406,46.713149,46.067497,46.459499,4843912.000000
2021-08-25,46.316530,47.238893,46.187400,47.068256,3476426.000000
2021-08-26,47.271179,47.354193,46.630137,46.833057,4156322.000000
2021-08-27,45.500248,46.791559,43.816932,44.711624,10634075.000000
2021-08-30,44.992939,45.684714,44.457968,45.265038,5722687.000000
2021-08-31,45.251202,45.403393,44.826916,44.946823,4847858.000000
2021-09-01,44.979106,45.182023,44.605545,44.619381,3568170.000000
2021-09-02,44.748508,45.117455,44.504084,44.766956,4295616.000000
2021-09-03,44.766971,45.191261,44.688571,44.799255,5029966.000000
2021-09-07,44.642437,44.826909,44.204312,44.278103,5111648.000000
2021-09-08,44.204324,44.379573,43.429539,43.761589,3880891.000000
2021-09-09,43.595553,44.642440,43.595553,44.448742,3654391.000000
2021-09-10,44.702406,44.817704,43.821549,43.923008,4062407.000000
2021-09-13,45.375720,45.841513,44.992937,45.606312,11731655.000000
2021-09-14,45.578649,45.610933,44.813087,44.937607,5554982.000000
2021-09-15,45.016002,46.459500,44.854588,46.321148,5807131.000000
2021-09-16,46.215068,46.851501,46.062880,46.763878,5478035.000000
2021-09-17,46.768486,47.105149,45.454117,46.362648,8707836.000000
2021-09-20,45.587858,47.082089,45.564800,46.519447,8217150.000000
2021-09-21,47.040592,47.132828,45.578645,45.813847,5475667.000000
2021-09-22,45.993706,46.072106,45.163579,45.781563,5756425.000000
2021-09-23,46.477946,48.530206,45.657042,47.358803,11649184.000000
2021-09-24,47.331142,48.009078,47.317303,47.907619,6315968.000000
2021-09-27,47.700089,48.465652,47.677031,48.364193,4292853.000000
2021-09-28,48.055198,48.737747,47.976794,48.557884,4103643.000000
2021-09-29,48.700847,49.005229,47.921452,48.599388,4778211.000000
2021-09-30,48.723915,48.816151,47.368040,47.981411,4859104.000000
2021-10-01,48.235045,49.000608,48.022902,48.783852,3768825.000000
2021-10-04,48.908377,49.148192,48.156651,48.534821,4091805.000000
2021-10-05,48.843809,49.092845,48.299612,48.853031,3353114.000000
2021-10-06,48.230442,48.746968,47.935286,48.654732,3063674.000000
2021-10-07,48.954497,49.567868,48.691621,49.369560,4105024.000000
2021-10-08,49.567870,49.761568,48.082865,48.451809,5286654.000000
2021-10-11,48.479479,49.009840,48.271945,48.516373,2772065.000000
2021-10-12,48.484089,48.668561,47.677020,47.847656,3830579.000000
2021-10-13,47.967564,48.262720,47.478709,47.815372,5377017.000000
2021-10-14,48.073644,49.088247,48.041363,48.885326,3618679.000000
2021-10-15,49.226595,49.793850,49.005229,49.673943,3345024.000000
2021-10-18,50.015220,50.587085,49.899923,50.107456,5004909.000000
2021-10-19,50.361103,51.168172,50.107453,51.103607,7436829.000000
2021-10-20,51.274240,51.638574,51.062097,51.481773,7434461.000000
2021-10-21,51.421814,52.344177,51.223506,52.104362,7329695.000000
2021-10-22,52.039803,52.929886,51.952180,52.823814,5251140.000000
2021-10-25,52.943728,53.035963,51.744653,51.786160,13385424.000000
2021-10-26,51.938352,52.044424,50.794620,50.826900,5858824.000000
2021-10-27,50.633200,50.822285,49.770789,49.987545,7104576.000000
2021-10-28,50.619363,50.928355,50.172015,50.766941,6544638.000000
2021-10-29,50.370329,51.583239,50.370329,50.725441,8913619.000000
2021-11-01,50.430283,51.454109,50.430283,51.426437,6635002.000000
2021-11-02,51.555647,52.174388,48.234464,49.690327,18238300.000000
2021-11-03,50.054283,50.354556,49.380950,50.227169,9923000.000000
2021-11-04,50.063396,50.454659,48.916904,49.653934,5980600.000000
2021-11-05,49.872309,51.346366,49.672127,51.282673,7625100.000000
2021-11-08,51.291773,51.610245,50.290871,50.527447,4450600.000000
2021-11-09,50.454655,51.209880,50.054291,51.027901,3980100.000000
2021-11-10,50.909617,52.028809,50.882317,51.519257,5205200.000000
2021-11-11,51.619337,52.028798,50.936902,51.127983,3695300.000000
2021-11-12,51.282674,51.482856,50.809519,50.955105,3945600.000000
2021-11-15,51.382762,52.356368,51.209876,51.592041,7123900.000000
2021-11-16,51.637536,51.974203,51.419155,51.592041,6305700.000000
2021-11-17,51.774028,52.047001,50.909610,50.955105,3566600.000000
2021-11-18,50.873210,51.573844,50.536544,50.864113,5020300.000000
2021-11-19,50.827719,50.955107,50.017898,50.063393,3828900.000000
2021-11-22,50.345474,50.663942,49.426460,50.163490,6228400.000000
2021-11-23,50.017895,50.245374,49.317262,49.744919,4646700.000000
2021-11-24,50.363666,52.774936,49.863215,52.137997,13025100.000000
2021-11-26,51.410061,52.529253,50.946007,51.118889,3858600.000000
2021-11-29,51.910508,52.656636,51.373660,52.383663,5353600.000000
2021-11-30,52.347268,52.638440,50.700328,51.382763,9760600.000000
2021-12-01,51.855925,52.092500,50.572948,50.682137,6301600.000000
2021-12-02,50.500153,52.110699,50.500153,52.001511,6671100.000000
2021-12-03,52.319968,53.357267,52.256274,53.211681,8107200.000000
2021-12-06,53.457363,53.957814,52.902316,53.457363,5165000.000000
2021-12-07,53.912314,54.130694,52.956906,53.602943,4197500.000000
2021-12-08,53.684835,53.684835,52.702128,53.138889,3505900.000000
2021-12-09,53.093391,53.302674,52.401859,52.456455,4445000.000000
2021-12-10,52.465557,52.838621,51.965106,52.410961,3037400.000000
2021-12-13,52.001500,52.310871,50.645729,50.700325,3542400.000000
2021-12-14,49.763119,50.190779,49.371856,49.708527,4771500.000000
2021-12-15,50.081585,51.018793,49.544736,50.991497,3518100.000000
2021-12-16,51.182575,51.355457,49.999690,50.036087,2863300.000000
2021-12-17,49.972396,50.072487,49.189874,49.726723,5389000.000000
2021-12-20,49.144381,49.289966,48.298165,48.771317,3697400.000000
2021-12-21,49.426452,50.481951,49.080685,50.454655,3567200.000000
2021-12-22,50.336360,50.727623,49.899602,50.381855,3787400.000000
2021-12-23,50.591135,51.182580,50.436452,50.845913,2885900.000000
2021-12-27,51.000602,51.664837,51.000602,51.501053,2009400.000000
2021-12-28,51.455560,52.174392,51.455560,51.819527,2353700.000000
2021-12-29,51.874114,52.592945,51.855918,51.910511,2207800.000000
2021-12-30,51.874111,51.974202,51.373660,51.419155,1581300.000000
2021-12-31,51.346370,51.573848,51.100693,51.109791,1252900.000000
2022-01-03,51.100693,51.956009,51.091595,51.846821,2906500.000000
2022-01-04,52.092490,53.684837,52.092490,53.220783,5745700.000000
2022-01-05,53.111602,54.139804,52.656646,52.756737,6049000.000000
2022-01-06,52.756729,53.411867,52.392766,52.811325,3751300.000000
2022-01-07,52.865926,53.202596,52.156195,52.765839,3516200.000000
2022-01-10,53.839521,54.603847,53.329972,54.485561,10511600.000000
2022-01-11,54.594757,55.213498,54.349080,54.822235,7313500.000000
2022-01-12,55.004208,55.058800,53.794023,54.549252,3098100.000000
2022-01-13,55.049712,55.258992,54.476466,54.749439,4133000.000000
2022-01-14,54.576556,55.295388,54.267186,55.077007,5790400.000000
2022-01-18,54.849523,55.331779,54.048802,54.121593,5053900.000000
2022-01-19,54.594756,55.013315,52.711237,52.738533,3957500.000000
2022-01-20,52.984218,53.730346,52.183494,52.228992,2893700.000000
2022-01-21,52.074290,52.092488,50.281761,50.563835,4212100.000000
2022-01-24,49.845006,50.582036,48.616625,50.427349,5523700.000000
2022-01-25,49.908700,50.982398,48.771310,50.445549,4421900.000000
2022-01-26,51.127985,51.619339,49.999696,50.354561,3126700.000000
2022-01-27,50.809520,52.410965,50.090688,50.454655,4359300.000000
2022-01-28,50.454653,51.300872,49.781316,51.173485,3920500.000000
2022-01-31,51.155286,51.692135,50.909609,51.692135,3319000.000000
2022-02-01,51.755828,53.339074,51.400963,53.293579,3395200.000000
2022-02-02,53.675745,54.330880,53.375472,54.048809,3886500.000000
2022-02-03,53.602942,54.685737,53.539248,53.866817,2814900.000000
2022-02-04,53.757639,53.966919,53.002410,53.448269,1952100.000000
2022-02-07,53.757637,54.258088,53.539257,53.648445,2132500.000000
2022-02-08,53.784925,54.622043,53.339066,54.549252,2933500.000000
2022-02-09,54.858641,55.504678,54.649361,55.295399,3346900.000000
2022-02-10,54.995119,55.996025,54.722146,55.249897,3676800.000000
2022-02-11,55.277192,55.777644,54.003313,54.148899,2449800.000000
2022-02-14,53.866823,54.276284,52.984207,53.320873,2902500.000000
2022-02-15,53.593859,54.986024,53.557462,54.430977,3400900.000000
2022-02-16,54.012420,55.086117,53.985123,54.858639,3001700.000000
2022-02-17,54.794940,54.931425,53.903226,53.921421,2716100.000000
2022-02-18,53.912325,54.512867,53.466466,53.593857,3198000.000000
2022-02-22,53.093398,53.712139,51.783125,51.983307,3316400.000000
2022-02-23,52.492861,53.120703,51.455561,51.664841,3477400.000000
2022-02-24,50.127082,50.918705,49.471944,50.809517,6516000.000000
2022-02-25,46.178067,48.270866,44.731306,46.824104,14711100.000000
2022-02-28,46.232660,47.324552,45.777703,46.369144,6844300.000000
2022-03-01,45.513824,45.986979,45.131659,45.386436,5359800.000000
2022-03-02,45.923292,48.998795,45.741309,48.771317,6072200.000000
2022-03-03,48.571130,49.089780,47.743110,47.852299,4004200.000000
2022-03-04,47.388252,47.761316,46.769512,47.279060,2984600.000000
2022-03-07,46.787696,47.078871,44.567511,44.885983,4649800.000000
2022-03-08,45.268146,46.878691,44.631206,45.714005,5920600.000000
2022-03-09,46.815004,47.825007,46.523832,47.297256,4199800.000000
2022-03-10,46.687616,47.497438,46.432838,47.288158,3590400.000000
2022-03-11,47.315457,47.979693,46.896898,47.324554,2977400.000000
2022-03-14,47.188065,47.825005,45.841395,46.168964,3406400.000000
2022-03-15,46.168969,47.497441,46.005185,47.388252,2477400.000000
2022-03-16,46.878697,47.706717,46.059774,47.288158,5130700.000000
2022-03-17,46.796804,46.824100,45.058871,45.959682,5634300.000000
2022-03-18,45.868693,47.215363,45.522925,47.160770,4907200.000000
2022-03-21,47.087978,48.198073,47.024285,47.606628,3853500.000000
2022-03-22,47.715816,48.525641,47.588429,48.216270,2764900.000000
2022-03-23,47.834104,48.580232,47.770411,47.861401,2895900.000000
2022-03-24,47.888702,48.998793,47.706719,48.689423,2806000.000000
2022-03-25,48.680323,49.936003,48.552935,49.854111,3715400.000000
2022-03-28,49.362758,49.663031,48.880505,49.408253,2892100.000000
2022-03-29,49.854102,50.318156,49.417345,50.072479,3417800.000000
2022-03-30,49.772213,50.272664,49.299058,49.426445,2829000.000000
2022-03-31,46.678522,47.015188,45.650319,45.668518,6459300.000000
2022-04-01,44.194457,44.585719,43.320941,44.403736,8086300.000000
2022-04-04,44.531124,45.350047,44.358242,44.931488,3326400.000000
2022-04-05,44.458335,45.122571,44.276352,44.276352,3335000.000000
2022-04-06,43.894185,44.076164,42.538413,42.875080,6815300.000000
2022-04-07,43.239035,44.321830,42.702187,43.393719,6182900.000000
2022-04-08,43.166253,43.766795,42.875081,43.120758,3707700.000000
2022-04-11,42.702192,43.703094,42.538407,42.720390,3663000.000000
2022-04-12,42.793194,43.475629,42.774996,42.856888,3970200.000000
2022-04-13,42.711288,43.421022,42.683992,43.047958,3200100.000000
2022-04-14,42.911466,43.393719,42.665790,42.711285,3678200.000000
2022-04-18,42.492926,43.512028,42.429233,43.166260,3565000.000000
2022-04-19,43.202911,44.119197,43.129606,43.972591,4394000.000000
2022-04-20,44.439894,45.466134,44.439894,44.898037,3039900.000000
2022-04-21,45.044637,45.347013,43.890117,44.174164,3098800.000000
2022-04-22,43.990908,43.990908,42.909694,42.946342,4111900.000000
2022-04-25,42.643966,43.331181,42.094192,43.312855,6537200.000000
2022-04-26,43.047138,43.688539,42.579833,42.616482,4114600.000000
2022-04-27,42.616477,43.358670,41.901775,42.653130,3404400.000000
2022-04-28,43.184569,44.375740,42.937171,44.091690,2604600.000000
2022-04-29,43.743515,45.099619,43.001322,43.074623,4124000.000000
2022-05-02,42.845552,43.560258,42.515692,43.523605,3573200.000000
2022-05-03,43.661045,44.219977,43.267041,43.844299,2943600.000000
2022-05-04,44.137519,44.934691,43.276211,44.723946,4166600.000000
2022-05-05,44.577337,44.769756,42.982997,43.303696,3265300.000000
2022-05-06,42.836393,43.001325,41.562755,41.764339,5542700.000000
2022-05-09,41.205398,41.984240,40.939674,41.406979,4320500.000000
2022-05-10,42.194985,42.378243,40.985488,41.691029,5163100.000000
2022-05-11,41.571918,42.359925,40.628144,40.692284,4552400.000000
2022-05-12,40.472369,41.141261,39.556083,40.078369,5832700.000000
2022-05-13,40.545673,41.791823,40.481533,41.315353,4100500.000000
2022-05-16,41.058795,41.544426,40.738093,41.260376,5127700.000000
2022-05-17,42.140007,42.818057,41.654373,42.708103,4664700.000000
2022-05-18,42.085038,42.286622,39.620228,39.684368,4560600.000000
2022-05-19,38.951330,38.987982,37.457786,37.659367,7072800.000000
2022-05-20,37.897606,38.007559,35.121259,36.697269,9450800.000000
2022-05-23,36.898860,38.062544,36.898860,37.769333,8961000.000000
2022-05-24,37.347833,37.980073,36.559830,37.457790,6600600.000000
2022-05-25,37.512769,40.023395,37.457794,39.675205,6045400.000000
2022-05-26,38.841382,40.646468,38.484031,40.252464,6899900.000000
2022-05-27,46.171664,48.196655,44.394069,45.429474,15886600.000000
2022-05-31,45.292038,46.235812,44.320773,45.759342,13254200.000000
2022-06-01,46.052557,47.225406,45.722697,46.428234,5584400.000000
2022-06-02,45.814322,47.042146,45.750182,46.987167,3747400.000000
2022-06-03,46.693961,47.417828,46.437402,46.748940,2721800.000000
2022-06-06,46.831397,46.996329,45.759340,45.850971,2722900.000000
2022-06-07,45.594412,46.968842,45.237061,46.868053,2451900.000000
2022-06-08,46.895537,47.005491,46.116695,46.116695,2511100.000000
2022-06-09,45.997584,47.097129,45.814326,46.135025,3142800.000000
2022-06-10,45.447804,46.089206,44.925521,45.044640,2544600.000000
2022-06-13,43.835138,44.320769,43.138762,43.294529,2612700.000000
2022-06-14,43.615233,43.917610,43.083789,43.386162,2352400.000000
2022-06-15,43.761832,44.513190,43.184575,43.899277,2515300.000000
2022-06-16,42.964664,43.147922,41.599400,42.048378,2830700.000000
2022-06-17,42.689789,43.917613,42.460717,43.606075,5094900.000000
2022-06-21,44.742271,45.310368,44.284128,45.108784,5271400.000000
2022-06-22,44.595663,45.603580,44.357430,44.540688,3735800.000000
2022-06-23,44.549843,45.420315,44.274957,44.934685,3014000.000000
2022-06-24,45.172919,46.455722,44.943848,46.043392,9204600.000000
2022-06-27,46.144186,46.244979,45.731857,46.034233,3329700.000000
2022-06-28,46.153346,46.409908,44.788081,44.843056,3149800.000000
2022-06-29,44.888874,44.925523,43.294534,43.422813,3346400.000000
2022-06-30,42.753924,43.331186,42.066709,42.341595,3976900.000000
2022-07-01,41.965917,42.552340,38.859706,39.162083,6384400.000000
2022-07-05,38.493198,39.592742,38.090033,39.528603,3849800.000000
2022-07-06,39.088777,39.501106,38.053372,38.667286,3685400.000000
2022-07-07,39.134595,39.830975,39.070455,39.345341,2983500.000000
2022-07-08,38.859703,39.629383,38.593979,39.327007,3315000.000000
2022-07-11,38.850546,39.436969,38.768080,38.923847,2400000.000000
2022-07-12,38.878032,40.041716,38.823054,39.446129,4518200.000000
2022-07-13,38.942180,39.931771,38.859714,39.528603,3584700.000000
2022-07-14,39.052130,39.226227,37.879285,39.125435,3574700.000000
2022-07-15,39.455292,39.830969,39.061288,39.821804,2208800.000000
2022-07-18,40.307445,40.444886,39.217062,39.308693,2183000.000000
2022-07-19,39.714983,40.758414,39.714983,40.666077,2321500.000000
2022-07-20,40.629132,41.275505,40.139736,40.786106,2559000.000000
2022-07-21,40.721476,41.312449,40.389059,41.229343,2177600.000000
2022-07-22,40.887684,41.183168,39.890425,40.019699,3365400.000000
2022-07-25,40.305945,40.896913,39.927355,40.490620,2262200.000000
2022-07-26,40.490628,40.749179,39.964296,40.102806,2309300.000000
2022-07-27,40.250542,41.081594,40.047395,40.896915,1889000.000000
2022-07-28,40.841509,41.432477,40.518324,41.090824,1625700.000000
2022-07-29,41.100062,41.635630,40.647603,41.607929,2121300.000000
2022-08-01,41.340152,42.235841,41.173942,41.940353,1807400.000000
2022-08-02,41.552531,41.774146,40.739947,40.869221,2242000.000000
2022-08-03,40.823044,41.432481,40.102801,41.044659,3057300.000000
2022-08-04,41.081604,41.081604,40.213615,40.813820,3152100.000000
2022-08-05,40.499861,41.958815,40.444457,41.931114,3221300.000000
2022-08-08,42.143495,42.882206,41.737205,41.968052,2821200.000000
2022-08-09,41.848007,41.940344,41.155465,41.635628,2767400.000000
2022-08-10,42.475914,43.620919,42.374341,43.611683,1967200.000000
2022-08-11,43.777884,44.775147,43.694779,43.953327,2342400.000000
2022-08-12,44.230353,44.590474,43.999505,44.525837,1987300.000000
2022-08-15,44.368857,44.969062,44.304220,44.599705,2258300.000000
2022-08-16,44.608952,45.467705,44.470442,44.867500,2257200.000000
2022-08-17,44.581241,44.581241,43.565514,44.165718,2086900.000000
2022-08-18,44.747447,45.283015,44.147246,45.190674,2147200.000000
2022-08-19,44.479666,44.581239,43.704022,44.017971,2123000.000000
2022-08-22,43.380827,43.602441,42.983769,43.251553,2883200.000000
2022-08-23,43.029946,44.156482,43.029946,43.343899,2737700.000000
2022-08-24,43.223855,43.611677,42.651351,43.048409,1981400.000000
2022-08-25,43.759420,44.331920,43.537808,44.230350,3798400.000000
2022-08-26,42.346647,42.346647,38.025184,38.256031,12423800.000000
2022-08-29,37.775862,39.124009,37.415740,37.480377,6315200.000000
2022-08-30,37.711226,38.172920,36.649326,36.649326,4619700.000000
2022-08-31,36.159930,36.584689,35.255009,35.356583,6819900.000000
2022-09-01,35.024169,35.116507,34.257754,34.765621,4298400.000000
2022-09-02,35.365817,35.522795,34.590170,34.894890,3422400.000000
2022-09-06,34.913360,34.950293,33.971502,34.433197,3994600.000000
2022-09-07,34.322381,35.227306,33.925327,35.070328,3571500.000000
2022-09-08,34.728679,35.559727,34.571701,35.550495,3894700.000000
2022-09-09,35.892152,36.880179,35.892152,36.741673,3104800.000000
2022-09-12,36.935573,37.637348,36.935573,37.212589,2611400.000000
2022-09-13,36.261507,36.473886,35.218076,35.365818,3918700.000000
2022-09-14,35.522792,35.689002,34.904119,35.208839,3267800.000000
2022-09-15,34.922596,35.199612,34.433200,34.765621,3472000.000000
2022-09-16,34.350090,35.208843,34.100775,35.051865,5918500.000000
2022-09-19,34.516298,35.079566,34.322384,34.922588,2780400.000000
2022-09-20,34.525534,34.599407,33.906864,34.119244,2601800.000000
2022-09-21,34.331618,34.913355,33.943793,33.962261,2533300.000000
2022-09-22,33.749880,34.054600,33.426695,33.500565,2568400.000000
2022-09-23,32.928072,33.389766,32.133956,32.798798,2881200.000000
2022-09-26,32.383271,32.928071,31.976981,32.041618,3611400.000000
2022-09-27,32.604885,32.946538,31.903107,32.060085,3306600.000000
2022-09-28,31.866172,32.687992,31.866172,32.586418,2908400.000000
2022-09-29,32.023151,32.253998,31.219803,31.570688,4703500.000000
2022-09-30,31.699961,32.281694,31.478346,31.552216,3041500.000000
2022-10-03,31.875404,33.371294,31.579920,33.131214,4119700.000000
2022-10-04,33.777584,34.617868,33.722179,34.590164,2670300.000000
2022-10-05,34.119238,35.199602,33.943792,34.959522,2512400.000000
2022-10-06,35.005697,35.384286,34.516301,34.608639,2757500.000000
2022-10-07,33.288193,33.694487,31.893877,31.949278,5615000.000000
2022-10-10,32.235524,32.355566,31.108988,31.838467,3266600.000000
2022-10-11,31.764603,32.078555,31.155166,31.275204,3090600.000000
2022-10-12,31.173629,31.506050,31.007422,31.182865,2873300.000000
2022-10-13,30.536489,32.558711,30.379515,32.309399,3036300.000000
2022-10-14,32.383275,32.540253,31.413717,31.635328,2288100.000000
2022-10-17,31.801537,32.475611,31.478352,31.829241,3412400.000000
2022-10-18,32.491179,32.817491,31.708034,32.220810,2468800.000000
2022-10-19,31.726680,32.621706,31.605482,32.155548,2225700.000000
2022-10-20,32.183509,33.311609,32.183509,32.500496,2122100.000000
2022-10-21,32.966657,34.477006,32.873424,34.355804,2964700.000000
2022-10-24,34.523624,34.971134,34.169347,34.756702,2346600.000000
2022-10-25,34.691440,35.400002,34.579564,35.185570,2434300.000000
2022-10-26,34.793992,35.633077,34.672790,35.232182,2339600.000000
2022-10-27,35.521199,35.847512,34.952490,35.204212,3395800.000000
2022-10-28,35.399999,36.723885,35.399999,36.509453,3062300.000000
2022-10-31,36.061947,36.267057,35.698344,35.800900,2578800.000000
2022-11-01,36.304341,36.593360,35.493228,36.500130,2227300.000000
2022-11-02,36.369606,36.649304,35.110983,35.120304,2865600.000000
2022-11-03,34.644822,35.269475,34.514298,34.821960,2385300.000000
2022-11-04,35.670368,36.667949,35.539845,36.360283,2816400.000000
2022-11-07,36.444194,37.283279,36.304345,37.171398,2497900.000000
2022-11-08,37.451083,38.271521,37.339207,37.684162,2523800.000000
2022-11-09,37.190036,37.572285,36.565387,36.667942,2106400.000000
2022-11-10,38.252883,38.905505,37.749436,38.896183,3582200.000000
2022-11-11,38.886863,40.154813,38.747018,39.791210,2524200.000000
2022-11-14,38.849564,40.024283,38.849564,39.390308,2918200.000000
2022-11-15,40.276009,40.490442,39.325048,39.483540,2967200.000000
2022-11-16,39.138586,39.138586,38.271533,38.392735,2679800.000000
2022-11-17,37.917256,39.073328,37.618915,38.933479,2382100.000000
2022-11-18,39.008067,39.287761,38.569877,39.194530,3992300.000000
2022-11-21,38.747008,38.886854,37.199366,38.290173,7317500.000000
2022-11-22,38.905505,40.984567,37.665528,40.882011,12566200.000000
2022-11-23,40.882007,42.261836,40.592992,41.590569,4938500.000000
2022-11-25,41.488024,42.019444,41.413437,41.609226,2034700.000000
2022-11-28,41.208325,41.301555,40.611644,40.630291,2959900.000000
2022-11-29,40.695554,40.965923,40.462475,40.574352,3448800.000000
2022-11-30,40.509086,41.777035,39.856465,41.758389,6805600.000000
2022-12-01,41.954177,42.289811,41.366817,41.860947,2331400.000000
2022-12-02,41.282907,41.702449,40.956598,41.525311,2518000.000000
2022-12-05,40.919310,41.087127,40.042935,40.154812,2304100.000000
2022-12-06,40.098868,40.229395,39.222493,39.595421,2844600.000000
2022-12-07,39.194518,39.408950,38.681746,39.082638,2906000.000000
2022-12-08,39.203845,39.576773,38.896183,39.371662,3438600.000000
2022-12-09,39.054674,39.642033,38.933472,38.998737,1835200.000000
2022-12-12,38.821599,39.977671,38.579198,39.968346,3319500.000000
2022-12-13,41.320204,41.348172,39.707299,39.949699,2816400.000000
2022-12-14,39.707297,39.996316,38.691074,38.858891,3367900.000000
2022-12-15,38.141002,38.141002,36.630653,36.714561,4463300.000000
2022-12-16,36.322989,36.779825,36.089910,36.593361,4645900.000000
2022-12-19,36.677270,36.751853,36.024649,36.360283,2648600.000000
2022-12-20,36.127204,36.490806,36.052617,36.313667,1893400.000000
2022-12-21,36.500132,36.873056,36.388252,36.472160,2863900.000000
2022-12-22,35.856840,36.500139,35.446622,36.490814,2285900.000000
2022-12-23,36.546747,36.621331,36.015328,36.472160,1466400.000000
2022-12-27,36.565388,36.910344,36.295016,36.742527,1832500.000000
2022-12-28,36.714566,36.826443,35.987358,36.136528,1822900.000000
2022-12-29,36.462840,37.218013,36.360285,37.124783,1582800.000000
2022-12-30,36.817118,37.497707,36.714563,37.497707,1582400.000000
2023-01-03,37.814696,38.206267,37.264630,38.131683,2679200.000000
2023-01-04,38.588522,38.784307,37.833349,38.168980,2790000.000000
2023-01-05,37.991841,38.318150,37.553652,38.103718,2483700.000000
2023-01-06,38.383408,39.707297,38.057099,39.548801,3179700.000000
2023-01-09,39.809852,40.182776,39.334369,39.418278,2966400.000000
2023-01-10,39.231818,39.744591,38.989414,39.614067,2780300.000000
2023-01-11,39.231821,39.343697,36.994263,38.010487,5620300.000000
2023-01-12,37.777399,37.954538,37.087484,37.227333,4410100.000000
2023-01-13,36.695902,37.488368,36.350947,37.460400,3383600.000000
2023-01-17,37.413806,37.469742,36.779831,37.320572,2691600.000000
2023-01-18,37.544320,37.758752,37.003576,37.311241,2757400.000000
2023-01-19,36.751861,37.162082,36.388258,36.789154,3341700.000000
2023-01-20,37.152751,37.562972,36.733212,37.535000,2907900.000000
2023-01-23,38.001160,38.802952,37.842668,38.262211,2745200.000000
2023-01-24,37.782864,38.600552,37.698276,38.149414,1903000.000000
2023-01-25,37.594892,38.327991,37.388119,38.083626,2705600.000000
2023-01-26,38.487780,38.581765,37.801673,38.525375,1645300.000000
2023-01-27,38.252811,38.694548,37.876860,37.886261,2677300.000000
2023-01-30,37.557301,37.980244,37.444517,37.604294,2444000.000000
2023-01-31,37.547900,38.177612,37.124956,38.177612,2562500.000000
2023-02-01,38.064839,38.948318,37.914460,38.750946,3476500.000000
2023-02-02,39.004708,40.489708,38.995310,39.869389,4623200.000000
2023-02-03,39.437044,40.207739,39.192679,39.700211,2936700.000000
2023-02-06,39.643823,39.643823,37.886262,38.497177,4299200.000000
2023-02-07,38.403191,39.662620,38.346798,39.465248,3268800.000000
2023-02-08,39.173889,39.700219,39.070502,39.324268,2643200.000000
2023-02-09,40.038572,40.386327,39.399458,39.512245,2878400.000000
2023-02-10,39.361863,40.649487,39.211483,40.151356,3964200.000000
2023-02-13,40.235938,41.185207,40.076157,40.790462,3705100.000000
2023-02-14,40.649484,41.166413,40.348725,40.442711,2277200.000000
2023-02-15,39.991572,40.461508,39.916384,40.226540,2139900.000000
2023-02-16,39.916388,41.091228,39.794203,40.151356,2960900.000000
2023-02-17,40.029164,40.386316,39.775398,39.925777,2728400.000000
2023-02-21,39.390052,39.888183,39.183279,39.371254,3973200.000000
2023-02-22,39.531038,39.719010,39.098694,39.296070,2240600.000000
2023-02-23,39.662622,39.878792,38.948317,39.502842,3414200.000000
2023-02-24,38.835526,39.286664,38.638153,39.108089,3712800.000000
2023-02-27,39.596824,39.653214,38.412583,38.534767,5148200.000000
2023-02-28,38.403180,39.173875,38.074223,38.196407,7672500.000000
2023-03-01,38.384392,38.487779,37.566704,38.008442,7083400.000000
2023-03-02,37.782868,37.829861,36.561035,37.754669,9033100.000000
2023-03-03,36.711423,38.525377,36.485852,37.397530,7775700.000000
2023-03-06,37.839265,37.886261,36.720818,36.720818,5330200.000000
2023-03-07,36.767817,37.153164,35.705763,35.715160,4813000.000000
2023-03-08,35.903131,36.467053,35.743351,36.438858,3009800.000000
2023-03-09,36.260279,36.579832,35.451988,35.527176,2730900.000000
2023-03-10,35.404999,35.470794,34.098577,34.512123,3661900.000000
2023-03-13,33.995182,34.606100,33.797809,34.371132,5580600.000000
2023-03-14,35.235812,35.997106,34.925652,35.292202,4433900.000000
2023-03-15,34.700091,35.837339,34.634300,35.254616,5072600.000000
2023-03-16,34.324139,35.818536,34.258348,35.762142,5951500.000000
2023-03-17,35.583570,35.893726,34.662495,34.982052,13488400.000000
2023-03-20,35.329817,36.504658,35.235831,36.232094,5994100.000000
2023-03-21,36.655023,36.983977,36.410658,36.796005,3619400.000000
2023-03-22,36.861798,37.106164,35.762146,35.790344,3286300.000000
2023-03-23,36.015911,36.288475,35.132432,35.545975,3216000.000000
2023-03-24,35.367395,35.414388,34.596700,35.132427,4260900.000000
2023-03-27,35.517778,35.865530,35.367399,35.705753,3018900.000000
2023-03-28,35.602374,36.015916,35.301615,36.006519,3981900.000000
2023-03-29,36.561041,36.880598,36.316672,36.767811,3746600.000000
2023-03-30,37.096764,37.547903,37.068566,37.463314,4139600.000000
2023-03-31,37.538505,37.961448,37.538505,37.792271,3915700.000000
2023-04-03,37.726484,38.675758,37.651296,38.506580,4756200.000000
2023-04-04,38.760349,38.863732,38.055445,38.412594,3749300.000000
2023-04-05,38.281000,38.656950,37.914450,38.346790,3046600.000000
2023-04-06,38.149420,38.337396,37.811066,37.811066,2186500.000000
2023-04-10,37.500919,38.948320,37.500919,38.938923,3470200.000000
2023-04-11,38.929520,39.427655,38.910726,39.098698,2897800.000000
2023-04-12,39.286668,39.465246,38.675753,39.352459,3519200.000000
2023-04-13,39.437042,40.198340,39.249067,40.085556,4411800.000000
2023-04-14,40.170149,41.100620,40.123152,40.677677,7116900.000000
2023-04-17,40.179540,41.354380,40.141944,41.288589,6329400.000000
2023-04-18,41.579957,42.905177,41.542361,42.764194,9277600.000000
2023-04-19,41.796125,42.585617,41.185206,41.194607,7267000.000000
2023-04-20,40.799868,40.950247,40.179552,40.339329,4489200.000000
2023-04-21,40.160746,40.546094,39.963374,40.517899,4904900.000000
2023-04-24,40.479986,40.641146,40.167141,40.461025,2814400.000000
2023-04-25,40.385178,40.451538,39.531972,39.541451,2396000.000000
2023-04-26,39.579371,39.996494,39.313930,39.503529,2501400.000000
2023-04-27,39.655217,40.584265,39.617296,40.574783,2988500.000000
2023-04-28,40.669587,41.371112,40.593744,41.228912,3792400.000000
2023-05-01,41.228911,41.816675,41.134108,41.541752,4516200.000000
2023-05-02,42.669879,43.276608,41.598631,42.432877,6777900.000000
2023-05-03,42.707806,43.371413,42.470804,42.812088,5124900.000000
2023-05-04,42.688840,42.802604,41.797713,41.883034,3549600.000000
2023-05-05,42.413921,43.418808,42.290679,43.030125,3699600.000000
2023-05-08,43.153361,43.788525,42.821555,43.627365,3888000.000000
2023-05-09,43.693732,43.816975,42.916365,43.589451,3220600.000000
2023-05-10,44.006576,44.139300,43.087010,43.447254,3062200.000000
2023-05-11,43.248162,43.333483,42.167433,42.375996,3737500.000000
2023-05-12,42.394959,42.470798,41.892512,42.432877,2397200.000000
2023-05-15,42.470794,42.660396,42.138992,42.594036,2996400.000000
2023-05-16,42.508719,43.731652,42.357038,43.020645,3910100.000000
2023-05-17,43.418813,43.769576,42.887931,43.466213,2404600.000000
2023-05-18,43.390367,44.850301,43.276607,44.670177,3923300.000000
2023-05-19,44.897699,45.684544,44.897699,45.267422,5111000.000000
2023-05-22,44.319420,45.447549,43.959176,45.068348,3805600.000000
2023-05-23,44.878743,45.125223,43.930734,43.940212,4141100.000000
2023-05-24,43.665293,43.665293,42.897405,43.523090,3230700.000000
2023-05-25,44.366815,45.807789,44.139295,45.580269,4081700.000000
2023-05-26,45.646635,46.025836,45.011467,45.987915,4296700.000000
2023-05-30,46.253350,46.547230,44.717573,44.859776,5464400.000000
2023-05-31,43.589454,43.769575,42.139002,42.480286,9937400.000000
2023-06-01,42.669877,45.030420,42.385475,43.096481,14458300.000000
2023-06-02,43.134406,45.352747,43.011163,44.812382,7914700.000000
2023-06-05,44.802907,45.106273,42.944810,43.115452,5765700.000000
2023-06-06,43.020648,44.632264,42.812085,44.414219,5466200.000000
2023-06-07,44.423696,45.295862,44.338375,45.182102,4096000.000000
2023-06-08,45.494950,45.599227,44.746022,45.400146,3976100.000000
2023-06-09,45.589748,46.139592,45.115744,45.134705,3293500.000000
2023-06-12,45.238988,45.618189,45.144185,45.570789,3596800.000000
2023-06-13,45.769875,46.281801,45.741436,46.262840,2805600.000000
2023-06-14,46.101673,47.106560,46.101673,46.812679,4013600.000000
2023-06-15,46.784244,47.836534,46.623084,47.590054,3216600.000000
2023-06-16,47.590056,47.684855,46.954888,47.087608,9363300.000000
2023-06-20,46.935920,47.002284,46.205956,46.765282,4212100.000000
2023-06-21,47.286687,47.959772,46.841122,47.457329,5943300.000000
2023-06-22,47.248764,48.765577,47.172921,48.613895,6326400.000000
2023-06-23,47.959775,48.974144,47.883932,48.225216,18291800.000000
2023-06-26,48.462211,48.898298,48.083010,48.651814,3404300.000000
2023-06-27,48.651821,48.888824,48.206256,48.718182,3496000.000000
2023-06-28,48.376902,49.220629,48.263142,49.078430,2946800.000000
2023-06-29,49.296467,50.386679,49.106864,50.339275,4033400.000000
2023-06-30,51.135597,51.770765,50.964955,51.296761,5182400.000000
2023-07-03,51.192489,51.931935,50.946008,51.770775,1828600.000000
2023-07-05,51.268325,51.837129,51.059762,51.391563,2639900.000000
2023-07-06,50.860681,51.505327,50.566797,51.002880,3596100.000000
2023-07-07,51.116637,51.685444,50.690036,50.746914,5404100.000000
2023-07-10,50.500437,52.026732,50.453037,52.017250,3238500.000000
2023-07-11,52.140494,52.955782,52.026734,52.842022,4597100.000000
2023-07-12,52.614491,52.794612,51.334681,51.353638,5882000.000000
2023-07-13,51.723364,52.766172,51.401041,52.747211,5375700.000000
2023-07-14,52.690335,53.183297,51.988807,52.538651,4227900.000000
2023-07-17,52.690343,52.766182,51.846612,51.856094,4146500.000000
2023-07-18,52.121531,52.187891,50.358233,51.031322,5230700.000000
2023-07-19,51.164046,51.685450,51.145085,51.476887,3292700.000000
2023-07-20,51.050280,51.410525,50.471998,50.813278,3414800.000000
2023-07-21,50.661600,51.457928,50.652122,50.775364,2875600.000000
2023-07-24,51.329025,51.768142,51.147652,51.290840,2937600.000000
2023-07-25,51.548585,52.178623,51.548585,51.901787,2395400.000000
2023-07-26,51.777690,52.073615,51.319477,51.472214,1931200.000000
2023-07-27,51.959063,52.293173,51.157196,51.271748,2957500.000000
2023-07-28,51.682233,51.949521,50.145321,50.221691,4747700.000000
2023-07-31,50.154866,50.746719,49.983037,50.517612,3865500.000000
2023-08-01,50.383966,51.243110,50.383966,50.947182,3681300.000000
2023-08-02,50.641716,50.842182,50.088048,50.546257,2788900.000000
2023-08-03,50.116678,51.510398,49.687106,51.080826,2615500.000000
2023-08-04,51.157199,52.083166,50.651261,50.823090,2533600.000000
2023-08-07,51.099916,52.159527,51.099916,52.092705,2738300.000000
2023-08-08,52.541382,56.054323,52.331368,54.966076,8258000.000000
2023-08-09,54.861063,55.242903,53.982826,54.001919,2754100.000000
2023-08-10,54.593771,54.775148,52.904122,53.457794,3189100.000000
2023-08-11,53.524618,54.966071,53.219145,54.259663,3118100.000000
2023-08-14,53.954190,54.374214,53.734631,54.183292,2253900.000000
2023-08-15,53.992377,54.116473,53.161869,53.200054,2279300.000000
2023-08-16,53.152328,53.753729,52.655934,52.713211,1834700.000000
2023-08-17,52.789569,53.295511,52.149987,52.369545,3966900.000000
2023-08-18,52.035435,52.837303,51.863610,52.436371,2324600.000000
2023-08-21,52.579557,53.887363,52.579557,53.505520,4076000.000000
2023-08-22,53.868270,53.992369,53.028218,53.266869,2188400.000000
2023-08-23,53.667810,54.336029,53.180960,54.250118,2643700.000000
2023-08-24,54.832423,55.042437,53.667809,54.135563,3925900.000000
2023-08-25,54.202384,54.297847,53.095044,53.658260,2680900.000000
2023-08-28,53.801458,54.889705,53.524622,54.593777,3252400.000000
2023-08-29,54.584227,54.679686,53.763268,53.935097,4939400.000000
2023-08-30,52.197721,53.410068,51.185840,53.161869,6340600.000000
2023-08-31,53.448250,54.221477,53.037770,53.686901,7050300.000000
2023-09-01,61.180526,67.089524,60.960972,65.094406,32070500.000000
2023-09-05,64.960758,66.659951,64.473908,65.008484,9466400.000000
2023-09-06,64.913026,67.280445,64.750745,67.270897,7585600.000000
2023-09-07,66.316303,67.414098,65.457158,65.848549,7649300.000000
2023-09-08,66.220838,67.671832,65.953543,67.299538,5549400.000000
2023-09-11,67.891405,69.514228,67.356822,68.884193,7449200.000000
2023-09-12,68.397337,68.989187,67.385453,67.519104,4782500.000000
2023-09-13,67.700473,67.967761,66.593137,67.251808,2801500.000000
2023-09-14,67.270902,67.929581,66.936792,67.929581,5116800.000000
2023-09-15,67.681398,67.862768,65.533540,66.144485,6093500.000000
2023-09-18,65.877190,66.297210,65.294881,66.010834,3527400.000000
2023-09-19,66.640873,67.213641,66.134935,66.726791,3844000.000000
2023-09-20,66.736346,67.251825,65.743557,65.810379,3089800.000000
2023-09-21,65.161232,66.058555,64.951218,65.333061,3924700.000000
2023-09-22,65.609896,67.385452,65.504889,66.869972,4494700.000000
2023-09-25,67.003624,67.757761,66.249486,66.850883,3643700.000000
2023-09-26,66.631319,66.860422,65.800812,65.800812,3214200.000000
2023-09-27,66.631310,66.803138,64.177980,64.865288,5517400.000000
2023-09-28,65.113492,66.125369,64.970300,65.390327,3375100.000000
2023-09-29,65.963096,66.440398,65.438069,65.772179,6379700.000000
2023-10-02,65.495341,66.182656,64.282990,64.626648,3902500.000000
2023-10-03,65.619436,65.810361,63.786599,64.187531,4329700.000000
2023-10-04,64.254352,64.788935,63.442941,64.149345,6075300.000000
2023-10-05,63.280659,64.015700,61.400089,63.185200,7329800.000000
2023-10-06,63.691143,64.025252,62.898820,63.395218,8053800.000000
2023-10-09,63.232935,64.397552,63.003832,64.130264,6012500.000000
2023-10-10,64.282991,65.438067,64.282991,64.893944,8039300.000000
2023-10-11,65.142146,67.156361,64.989414,67.146812,5088600.000000
2023-10-12,66.850874,67.557279,65.533524,65.915367,4301700.000000
2023-10-13,66.268576,67.433193,64.683937,64.951225,4633600.000000
2023-10-16,64.798477,65.495341,64.206628,64.683929,5387500.000000
2023-10-17,64.206643,65.533542,63.672060,64.817589,4220100.000000
2023-10-18,64.197097,65.228071,63.834350,63.853439,3434600.000000
2023-10-19,64.187534,65.562165,63.757965,63.987068,4750700.000000
2023-10-20,63.786612,64.197092,62.383344,62.917927,4617000.000000
2023-10-23,62.831516,63.618710,62.101927,62.917919,2945000.000000
2023-10-24,63.733899,64.473097,63.378699,64.271492,4078500.000000
2023-10-25,64.156303,64.837897,63.436309,63.685902,4581200.000000
2023-10-26,63.493912,63.935508,61.343531,61.929127,4406100.000000
2023-10-27,62.399514,63.513109,62.399514,63.321106,5273200.000000
2023-10-30,63.311509,64.117906,63.205909,63.772308,3741900.000000
2023-10-31,63.388325,64.281119,63.100332,64.233124,3114100.000000
2023-11-01,64.597904,65.989891,64.079507,65.922691,3407600.000000
2023-11-02,66.604279,67.132277,65.577087,65.903488,3747200.000000
2023-11-03,66.229888,67.257079,65.893892,66.729088,3924400.000000
2023-11-06,66.969085,69.407467,66.969085,69.090668,6350300.000000
2023-11-07,68.735477,69.417071,68.303483,68.745079,5657300.000000
2023-11-08,68.793075,69.599465,68.188275,69.580269,3526300.000000
2023-11-09,69.724265,70.338660,68.793079,69.349869,3555700.000000
2023-11-10,69.801053,70.837847,69.513060,70.559448,2560000.000000
2023-11-13,69.935465,71.087461,69.455469,70.818657,3234700.000000
2023-11-14,71.461860,71.481056,70.396267,70.933861,5171800.000000
2023-11-15,70.098660,71.154657,69.609069,70.021866,5267000.000000
2023-11-16,69.887463,70.156260,68.937065,69.637863,4044300.000000
2023-11-17,69.887467,71.049057,69.705066,70.655457,4052500.000000
2023-11-20,70.933844,71.058640,70.185051,70.425049,3241800.000000
2023-11-21,70.876265,71.087465,69.993073,70.674667,3737300.000000
2023-11-22,71.279441,72.364230,71.049045,71.692238,3521000.000000
2023-11-24,71.644252,72.047454,71.202656,71.433060,1695900.000000
2023-11-27,71.346658,72.124250,70.405862,71.481056,3686200.000000
2023-11-28,71.039454,71.913051,70.895454,71.068253,3126700.000000
2023-11-29,71.471456,73.045844,71.442658,72.057053,5427800.000000
2023-11-30,72.105052,72.940248,71.653854,72.834648,10519900.000000
2023-12-01,68.985077,70.137066,65.759501,69.052277,14361200.000000
2023-12-04,68.034691,68.217085,65.922703,66.546700,7444100.000000
2023-12-05,66.441097,67.506690,66.345100,66.517899,4977400.000000
2023-12-06,66.700286,67.026680,64.809099,64.924294,5260000.000000
2023-12-07,64.866690,66.057078,64.866690,65.845879,5460600.000000
2023-12-08,65.692298,66.537088,65.692298,65.951492,3003400.000000
2023-12-11,65.845883,66.969079,65.749885,66.469879,3945500.000000
2023-12-12,66.335480,67.497070,66.181885,67.189873,3436300.000000
2023-12-13,67.189894,67.660296,66.498698,67.074699,4234200.000000
2023-12-14,68.159475,69.561063,68.053875,69.532265,7684300.000000
2023-12-15,69.138676,70.069870,68.533883,68.754684,5539400.000000
2023-12-18,68.754690,70.732273,68.207494,70.434677,4810300.000000
2023-12-19,70.751454,71.049057,69.945064,70.588257,2684000.000000
2023-12-20,70.597854,71.308246,69.417060,69.522659,4336900.000000
2023-12-21,70.453855,72.383442,70.453855,72.306641,4381800.000000
2023-12-22,72.652255,73.103452,72.047462,72.681053,4244000.000000
2023-12-26,72.949831,74.207427,72.834637,73.919426,3001100.000000
2023-12-27,73.938618,74.351415,73.842620,74.169022,2050300.000000
2023-12-28,73.919418,74.092217,73.583422,73.612221,1546500.000000
2023-12-29,73.746635,73.852235,73.151437,73.439438,2293400.000000
2024-01-02,72.431435,72.959434,71.346646,71.797844,2955000.000000
2024-01-03,71.836240,73.737021,71.577038,73.535423,4194300.000000
2024-01-04,73.602633,74.044229,72.805837,72.930641,3029400.000000
2024-01-05,72.421848,73.391436,72.316249,72.805840,2951100.000000
2024-01-08,74.879430,76.482616,74.265035,76.185020,6552400.000000
2024-01-09,76.002615,76.271411,73.977029,74.025032,4849100.000000
2024-01-10,74.716220,75.609014,74.572220,75.119415,3054700.000000
2024-01-11,75.618608,76.607407,74.437822,76.521004,4023900.000000
2024-01-12,76.741801,77.058593,76.021807,76.137001,4843500.000000
2024-01-16,75.839407,76.386603,75.359411,76.338600,4348300.000000
2024-01-17,75.359407,75.647407,73.823420,74.553017,4928300.000000
2024-01-18,75.561019,75.839418,74.591424,75.273026,3076500.000000
2024-01-19,75.954624,81.368982,75.954624,79.861794,9448900.000000
2024-01-22,80.748921,80.797138,78.106792,78.241791,4248200.000000
2024-01-23,78.106788,79.524282,77.663219,79.485710,2673300.000000
2024-01-24,80.517503,81.886781,80.035362,80.720001,3637800.000000
2024-01-25,81.481779,82.002492,80.045002,80.073929,2723300.000000
2024-01-26,79.562857,81.366058,79.186787,81.211777,2927500.000000
2024-01-29,81.366057,81.645699,80.372848,80.430710,2710300.000000
2024-01-30,82.658202,83.362123,81.308206,81.771065,3838900.000000
2024-01-31,80.305354,80.604278,78.897504,79.919640,3587200.000000
2024-02-01,80.613916,82.908910,80.035348,82.716049,2729300.000000
2024-02-02,82.571414,83.796056,82.176063,83.236771,3683900.000000
2024-02-05,83.439255,83.767114,81.732480,82.648544,2204200.000000
2024-02-06,82.667845,82.918553,79.225361,79.726784,5013800.000000
2024-02-07,80.459644,80.835713,79.823215,80.748924,2964200.000000
2024-02-08,80.623568,82.098917,80.527141,81.771065,2993800.000000
2024-02-09,82.204984,83.554979,81.973558,83.121048,2315700.000000
2024-02-12,83.410338,83.786407,82.764271,83.526054,2979100.000000
2024-02-13,81.954265,82.147126,80.469271,80.980347,3144300.000000
2024-02-14,82.021783,83.149997,81.693930,82.966782,2361300.000000
2024-02-15,82.426769,82.841410,79.476063,79.765350,4418500.000000
2024-02-16,80.324649,82.272494,79.832863,81.202141,4841800.000000
2024-02-20,80.883919,80.989990,78.318934,79.514641,3111100.000000
2024-02-21,78.386422,78.887845,77.614995,78.482849,3360500.000000
2024-02-22,82.889637,85.936770,82.349642,84.654274,8284100.000000
2024-02-23,85.878909,89.369611,84.856773,87.122833,6997300.000000
2024-02-26,89.311754,91.597096,88.521044,89.456390,8175400.000000
2024-02-27,89.678164,90.141022,87.489249,88.289597,5888100.000000
2024-02-28,88.810318,90.999241,88.009962,89.919243,5909800.000000
2024-02-29,87.749611,91.413884,87.749611,91.278885,14317000.000000
2024-03-01,120.216961,126.378718,112.290566,120.139816,62169000.000000
2024-03-04,119.522672,124.440513,116.485192,117.430183,23836000.000000
2024-03-05,116.436988,117.179482,109.822017,113.544144,15019200.000000
2024-03-06,115.183421,116.253774,112.782362,114.267357,10569100.000000
2024-03-07,115.713752,117.661597,115.048395,116.195892,9644300.000000
2024-03-08,115.993407,116.456258,110.844141,112.097710,11015200.000000
2024-03-11,111.355232,112.657011,109.571306,111.721657,5936800.000000
2024-03-12,113.110211,114.064848,109.349512,109.494156,6570000.000000
2024-03-13,109.445938,110.246294,105.424887,106.070953,7162000.000000
2024-03-14,106.745939,107.430585,101.249538,102.647743,8069800.000000
2024-03-15,103.216673,105.087381,101.866677,103.178101,9159700.000000
2024-03-18,103.168469,104.017041,100.921699,102.821327,7403800.000000
2024-03-19,103.197387,104.990951,101.297759,103.679527,7971700.000000
2024-03-20,104.055605,107.353445,102.271678,107.102730,9600200.000000
2024-03-21,109.137362,111.634847,108.240580,109.966644,11678000.000000
2024-03-22,108.877024,109.735233,107.797026,108.230949,4711400.000000
2024-03-25,107.295588,110.709146,106.369879,108.963799,6152300.000000
2024-03-26,109.301294,112.676279,109.204868,110.554863,7389200.000000
2024-03-27,109.937710,111.114135,106.967722,107.690933,4376000.000000
2024-03-28,108.240593,110.362009,107.893451,110.034157,4153400.000000
2024-04-01,110.169154,115.434130,110.169154,115.366631,8064100.000000
2024-04-02,113.196990,114.546985,111.191283,114.209488,5503100.000000
2024-04-03,113.582714,125.125157,113.457361,123.987312,19390800.000000
2024-04-04,125.211962,131.296576,122.155184,122.618042,19494800.000000
2024-04-05,123.428029,128.172292,119.098407,127.979439,10813500.000000
2024-04-08,128.201203,128.673706,121.075164,122.608376,11952300.000000
2024-04-09,121.914104,122.222674,116.147698,119.310547,9985300.000000
2024-04-10,116.861268,121.566959,116.774479,118.963402,5945000.000000
2024-04-11,119.194825,121.287314,118.741612,119.609467,5058300.000000
2024-04-12,117.150545,117.979828,113.409136,113.553780,7501700.000000
2024-04-15,114.749495,118.124480,113.081285,113.601997,6764100.000000
2024-04-16,112.493066,117.391610,111.548067,116.755188,7596700.000000
2024-04-17,118.240195,119.252687,114.084137,115.347351,5346000.000000
2024-04-18,115.337690,115.376262,111.384138,114.141983,5053700.000000
2024-04-19,112.203783,114.923056,110.217366,110.767006,9440000.000000
2024-04-22,111.323621,114.556843,110.597598,111.846359,5410000.000000
2024-04-23,112.659502,117.209254,112.001240,116.773636,5086900.000000
2024-04-24,121.981652,121.981652,115.495836,116.357384,5815900.000000
2024-04-25,114.547168,121.274984,113.259684,120.916817,6823000.000000
2024-04-26,121.604107,122.504376,119.106584,121.062004,5512200.000000
2024-04-29,121.197544,123.646670,119.329242,123.617622,4406300.000000
2024-04-30,122.213965,122.930306,119.881006,120.655434,5054500.000000
2024-05-01,118.980747,120.190787,113.675932,114.982773,7199800.000000
2024-05-02,117.751356,119.948792,114.576214,119.445412,4856900.000000
2024-05-03,121.478270,123.511135,120.723207,121.100739,3942800.000000
2024-05-06,121.003940,125.253598,120.277917,125.195518,5025200.000000
2024-05-07,124.120999,125.553682,122.213976,123.472420,3247100.000000
2024-05-08,123.094889,127.663999,121.971969,127.402626,4921500.000000
2024-05-09,126.976684,128.186724,125.137430,127.470375,6675400.000000
2024-05-10,129.648464,130.297058,127.218710,128.525558,4536900.000000
2024-05-13,129.038593,130.587434,126.502340,126.821793,4105800.000000
2024-05-14,125.350392,130.384152,124.488844,129.832367,4175800.000000
2024-05-15,135.427605,145.475777,134.227255,144.391586,16982500.000000
2024-05-16,145.688730,146.017857,138.912510,141.623001,9411500.000000
2024-05-17,143.878519,145.475765,141.216433,144.740067,9893500.000000
2024-05-20,146.075971,149.648010,140.383955,140.800201,10586900.000000
2024-05-21,140.412968,145.107911,139.396532,142.532959,6665700.000000
2024-05-22,143.181528,144.227004,141.206736,143.055679,4708400.000000
2024-05-23,153.907343,157.508422,145.330583,148.660614,16843100.000000
2024-05-24,151.032295,161.438635,149.667367,155.059296,17563700.000000
2024-05-28,163.045541,164.265270,155.862749,160.770676,18692600.000000
2024-05-29,160.267274,173.955237,159.047560,173.480911,23215900.000000
2024-05-30,173.084040,173.122754,159.831686,164.487915,43508200.000000
2024-05-31,139.202939,140.170971,126.821808,135.098480,67192800.000000
2024-06-03,136.056845,136.240774,124.488870,127.809212,41199200.000000
2024-06-04,127.973763,134.537015,127.664000,131.419952,21568400.000000
2024-06-05,131.603876,134.943582,128.699782,133.259216,19148600.000000
2024-06-06,131.894291,132.329902,127.925356,129.677505,13929100.000000
2024-06-07,127.296158,129.774317,123.511151,125.815071,19597600.000000
2024-06-10,124.876069,131.129559,124.295244,128.215775,13994500.000000
2024-06-11,127.296132,130.539043,125.863450,127.431656,9176400.000000
2024-06-12,128.583634,128.690118,125.940911,127.596237,11427900.000000
2024-06-13,127.770494,131.836224,127.586566,130.703629,16066800.000000
2024-06-14,129.106370,131.197322,127.092863,130.664902,12995300.000000
2024-06-17,132.746154,140.112874,132.649345,137.489502,26911400.000000
2024-06-18,138.989954,149.212364,138.718907,144.381882,33500100.000000
2024-06-20,151.622801,156.356476,140.383953,143.772064,39976400.000000
2024-06-21,141.119622,142.484550,136.143941,140.422638,16745500.000000
2024-06-24,138.728580,138.970588,133.162399,133.162399,14015000.000000
2024-06-25,134.866149,137.218458,133.210809,135.863220,8378100.000000
2024-06-26,134.091711,136.792512,130.771356,133.820663,12714100.000000
2024-06-27,133.423784,137.295910,133.201141,134.972626,9483000.000000
2024-06-28,135.069458,137.237854,131.855600,133.501251,20573600.000000
2024-07-01,133.084973,140.064487,129.358060,138.254272,11565700.000000
2024-07-02,135.737367,138.951223,135.446954,138.883469,7748200.000000
2024-07-03,142.968577,144.691672,136.095547,138.109055,13173300.000000
2024-07-05,137.654082,138.196178,133.888440,134.517670,8901200.000000
2024-07-08,135.524395,142.416773,134.749966,141.303543,12355600.000000
2024-07-09,141.390664,145.427354,139.231959,141.080902,11396900.000000
2024-07-10,141.613351,142.523303,137.295938,141.109985,7387300.000000
2024-07-11,140.906659,141.768206,134.962946,136.221390,8248900.000000
2024-07-12,135.137194,137.015163,133.104322,135.108154,7376400.000000
2024-07-15,136.250432,136.579560,132.155663,132.833282,8064600.000000
2024-07-16,133.239862,133.326981,128.157696,129.967911,10254500.000000
2024-07-17,124.043558,125.621454,120.684487,121.168503,18887600.000000
2024-07-18,122.581823,122.881917,118.128879,121.333061,9659400.000000
2024-07-19,121.400812,123.791843,120.297250,121.768661,6932800.000000
2024-07-22,124.072589,125.718240,123.017439,124.624374,6255200.000000
2024-07-23,123.317863,124.483527,121.763642,122.249336,5944600.000000
2024-07-24,119.995696,119.995696,112.574284,112.797707,15611400.000000
2024-07-25,112.681138,112.681138,107.173363,108.241890,17363700.000000
2024-07-26,110.981220,111.437774,108.358472,110.310959,8419900.000000
2024-07-29,111.088080,112.195463,107.775639,108.018486,7552200.000000
2024-07-30,109.096716,110.009824,102.743830,105.502579,11938400.000000
2024-07-31,111.476623,113.263975,108.989862,110.427521,11327300.000000
2024-08-01,109.698987,111.913754,104.453484,105.327736,8570000.000000
2024-08-02,98.790280,100.830203,97.070924,99.363403,11832700.000000
2024-08-05,87.891293,97.032061,87.551301,95.370987,13137800.000000
2024-08-06,95.837259,96.429799,90.669461,91.961411,15500600.000000
2024-08-07,87.784445,90.368337,84.442864,85.375397,21545500.000000
2024-08-08,87.201611,89.076393,85.919378,88.843262,10242800.000000
2024-08-09,86.919905,90.756889,86.035937,89.902069,8405000.000000
2024-08-12,89.562078,95.099001,89.212378,92.544243,9875300.000000
2024-08-13,94.321893,98.586292,93.807058,97.080643,14928400.000000
2024-08-14,98.168599,101.383903,97.440057,100.004524,12141000.000000
2024-08-15,103.996916,107.785335,102.394130,107.056793,17713200.000000
2024-08-16,105.784280,108.951011,104.968310,108.115616,11632600.000000
2024-08-19,107.824200,108.853870,105.279158,108.669312,8374900.000000
2024-08-20,108.552741,109.261859,106.425397,107.542496,6189000.000000
2024-08-21,107.678486,108.698448,105.745424,108.504166,6714400.000000
2024-08-22,109.329851,110.757787,105.560856,105.861992,7018300.000000
2024-08-23,107.192796,109.436710,106.920808,108.805305,6023400.000000
2024-08-26,108.805313,110.884085,107.192803,108.475037,7307800.000000
2024-08-27,107.173375,109.155010,106.571111,108.659599,6271600.000000
2024-08-28,107.144227,108.863582,105.114020,108.368172,9528000.000000
2024-08-29,105.182023,111.165785,105.007173,107.571640,23836600.000000
2024-08-30,112.059456,114.351935,107.484214,112.234306,33433600.000000
2024-09-03,111.593179,113.351398,105.997983,107.600769,14159000.000000
2024-09-04,105.881424,107.387080,104.239774,105.939705,8113600.000000
2024-09-05,103.938645,105.201454,102.122144,104.094070,9362400.000000
2024-09-06,103.472371,105.114021,98.508580,99.081696,11962600.000000
2024-09-09,104.278625,104.570044,102.092999,102.860397,18742700.000000
2024-09-10,103.112972,104.453487,102.403855,103.588951,9367400.000000
2024-09-11,104.084348,105.784279,102.530127,105.687141,9715100.000000
2024-09-12,105.590010,109.990409,105.492872,108.941307,9893500.000000
2024-09-13,108.970445,111.369778,108.212763,111.029793,7353300.000000
2024-09-16,109.164705,112.486862,109.019003,112.098305,8618900.000000
2024-09-17,114.342220,114.925052,111.748612,113.477684,9412700.000000
2024-09-18,114.215937,116.197572,112.622860,112.671425,10783600.000000
2024-09-19,116.634703,116.634703,114.002239,114.400505,10630500.000000
2024-09-20,113.166840,115.643886,111.787469,114.138229,75332800.000000
2024-09-23,114.186798,114.721058,113.244549,114.206223,8067800.000000
2024-09-24,114.789062,115.051341,112.681149,113.953667,6851800.000000
2024-09-25,113.914812,116.799839,113.720537,116.731842,8535000.000000
2024-09-26,118.878607,123.366428,117.916934,122.871017,13420500.000000
2024-09-27,120.452261,120.850534,116.634701,116.780411,13545000.000000
2024-09-30,115.595306,116.527839,113.603955,115.148468,8638100.000000
2024-10-01,114.031381,114.410223,109.679562,109.922409,9641900.000000
2024-10-02,109.737843,113.225127,108.912163,110.213821,6047100.000000
2024-10-03,110.757794,113.409690,110.369245,112.360588,6872500.000000
2024-10-04,114.138231,117.382667,113.710817,116.974686,8175800.000000
2024-10-07,116.255863,117.392386,114.798779,115.682739,5208100.000000
2024-10-08,115.983869,118.451199,115.303892,118.441483,5681500.000000
2024-10-09,118.150059,119.607143,117.052392,118.839745,6023500.000000
2024-10-10,117.984941,121.287666,117.732378,121.229385,5947200.000000
2024-10-11,120.452269,124.629245,119.966574,124.075554,7811900.000000
2024-10-14,125.309192,126.533137,123.754971,124.677795,5933000.000000
2024-10-15,125.153780,127.378270,122.064770,122.229904,6016600.000000
2024-10-16,123.259575,123.861839,121.229375,123.104156,3833100.000000
2024-10-17,125.406349,127.834822,124.337815,125.484047,5603600.000000
2024-10-18,125.503485,125.872618,121.617928,122.841881,5491700.000000
2024-10-21,122.880745,123.347015,121.588795,122.064781,4405000.000000
2024-10-22,120.977805,121.172778,116.347309,117.370895,7093000.000000
2024-10-23,115.976881,118.501717,114.855812,116.483795,4558900.000000
2024-10-24,117.575623,118.335998,116.357072,117.536629,3638100.000000
2024-10-25,118.833164,121.650455,118.686936,119.466812,4040200.000000
2024-10-28,119.905500,120.500154,117.517141,117.624374,3582900.000000
2024-10-29,117.643858,119.457063,117.078448,118.569954,3909800.000000
2024-10-30,127.694479,130.599503,122.284107,126.144470,17073700.000000
2024-10-31,123.804856,124.380009,119.505802,120.519638,7312400.000000
2024-11-01,121.494469,129.283449,121.172777,127.577477,13048400.000000
2024-11-04,129.478441,132.295732,126.436925,126.583160,10608800.000000
2024-11-05,127.704224,130.901703,126.485673,130.102341,6998600.000000
2024-11-06,133.933454,136.087860,130.940699,134.869308,8857900.000000
2024-11-07,135.454213,135.912390,132.597935,134.401382,6297500.000000
2024-11-08,134.742573,135.649169,130.706731,130.852951,6325400.000000
2024-11-11,134.986281,137.208919,131.603581,135.025269,7210900.000000
2024-11-12,135.259243,137.774336,132.519941,133.036606,6667800.000000
2024-11-13,134.294134,135.541930,131.086913,131.145401,4701400.000000
2024-11-14,132.461444,133.465530,129.975596,131.047913,3510700.000000
2024-11-15,129.936577,130.501986,127.460486,128.328094,5010100.000000
2024-11-18,132.734400,134.528105,131.086916,132.588165,6501800.000000
2024-11-19,130.482514,132.812384,128.913019,132.480927,5767500.000000
2024-11-20,134.060185,134.693826,129.205464,130.589752,4814200.000000
2024-11-21,132.714900,136.614265,131.067415,135.424957,6619700.000000
2024-11-22,138.914908,140.864591,136.965226,140.581894,7688600.000000
2024-11-25,143.691619,143.945087,139.041636,140.533142,12208200.000000
2024-11-26,140.377178,140.796353,137.657377,138.174042,12796200.000000
2024-11-27,121.777186,123.960836,118.248265,121.250771,38089700.000000
2024-11-29,122.147625,125.237870,121.845419,124.380005,9534500.000000
2024-12-02,123.015235,126.388177,120.178443,122.674034,13328000.000000
2024-12-03,122.011154,122.849511,121.055806,122.401085,6989900.000000
2024-12-04,122.098884,124.126556,120.802343,122.927498,6264500.000000
2024-12-05,123.375920,125.442579,121.894164,121.923409,8115800.000000
2024-12-06,122.459582,123.132218,119.661785,120.295433,10464400.000000
2024-12-09,119.749517,121.075302,118.053295,120.695114,8318600.000000
2024-12-10,120.051722,120.139455,113.617770,113.851730,12659500.000000
2024-12-11,114.836318,116.181596,112.691662,115.703926,8156100.000000
2024-12-12,114.553604,117.370895,114.387875,116.181587,5403800.000000
2024-12-13,117.351400,118.219008,113.588511,115.469955,5941900.000000
2024-12-16,115.869644,119.018378,115.469956,116.269325,6730500.000000
2024-12-17,115.226248,117.175931,114.924050,115.304237,5166300.000000
2024-12-18,116.522793,116.971219,109.114000,109.835381,7336900.000000
2024-12-19,111.356128,112.603924,108.480342,109.143234,9248400.000000
2024-12-20,107.398273,113.530027,107.398273,112.857384,12228200.000000
2024-12-23,113.588505,116.142592,113.335051,115.830643,5324200.000000
2024-12-24,116.006120,116.415552,115.206750,115.947632,2077400.000000
2024-12-26,115.440711,116.863979,115.255497,116.279076,2743100.000000
2024-12-27,115.391979,115.898894,113.578774,114.378143,4881900.000000
2024-12-30,112.408945,113.003598,109.786627,111.931274,5517900.000000
2024-12-31,112.428468,113.169343,111.287906,112.340729,3874700.000000
2025-01-02,112.360229,114.504877,110.673750,113.598274,4580900.000000
2025-01-03,114.436630,117.780336,114.417136,116.893234,5601000.000000
2025-01-06,118.745424,121.864920,118.160520,121.523727,8361800.000000
2025-01-07,122.420581,122.605796,117.907060,118.219009,6081900.000000
2025-01-08,116.961476,117.575624,114.787576,116.308327,5137700.000000
2025-01-10,114.953290,115.021528,111.707066,111.882538,8213400.000000
2025-01-13,107.242299,107.778457,104.005826,107.398270,11518100.000000
2025-01-14,108.499850,108.997014,104.502995,106.316200,8366200.000000
2025-01-15,109.182233,109.182233,105.321862,106.481926,9106100.000000
2025-01-16,106.257701,108.558327,105.692291,107.339775,6073500.000000
2025-01-17,108.938531,108.948281,106.784132,106.881615,6344500.000000
2025-01-21,107.651736,109.552673,105.195139,108.743561,8636000.000000
2025-01-22,114.366452,118.398887,112.497051,112.673225,12846400.000000
2025-01-23,110.304653,112.262145,109.580383,111.792351,5864100.000000
2025-01-24,112.369799,114.307719,110.373157,111.312759,5500000.000000
2025-01-27,104.344095,105.440293,97.913735,101.632965,17922300.000000
2025-01-28,101.916796,101.916796,98.363951,99.137161,15042700.000000
2025-01-29,99.832073,101.652540,99.313338,100.908691,8362600.000000
2025-01-30,101.114228,103.707906,101.104446,103.110870,7952700.000000
2025-01-31,104.070043,104.960698,101.329552,101.398064,6077200.000000
2025-02-03,97.267753,98.863114,96.279225,97.962662,12114300.000000
2025-02-04,98.109487,100.282304,97.688626,99.509094,7241400.000000
2025-02-05,100.399746,103.453428,99.039290,102.229996,7901800.000000
2025-02-06,102.738957,104.970496,102.504060,103.668762,5017400.000000
2025-02-07,105.234744,107.025850,103.717692,104.109192,7997300.000000
2025-02-10,105.068357,110.412308,105.068357,109.922935,9084100.000000
2025-02-11,107.896935,109.688041,107.515224,109.071434,4397100.000000
2025-02-12,107.710986,111.577029,107.662045,110.519981,5423700.000000
2025-02-13,108.728873,109.374848,106.428821,107.916519,6806200.000000
2025-02-14,108.679937,114.669864,107.378203,111.948944,16971700.000000
2025-02-18,114.033674,118.349939,113.788988,117.782265,13510000.000000
2025-02-19,116.284794,119.661472,115.736699,118.389099,6728600.000000
2025-02-20,117.938871,118.633779,114.288145,117.341835,5480400.000000
2025-02-21,118.281426,118.712076,114.797093,115.100502,5662300.000000
2025-02-24,113.642181,113.886867,108.670150,111.714050,7327800.000000
2025-02-25,111.087649,111.684685,107.329269,108.298225,6582100.000000
2025-02-26,109.423793,114.787316,109.423793,113.191963,8631500.000000
2025-02-27,114.513259,114.953692,105.146662,105.538162,15737200.000000
2025-02-28,98.814175,101.691690,96.895834,100.575920,20366200.000000
2025-03-03,101.437222,101.564456,92.501275,93.528954,13096800.000000
2025-03-04,91.023368,94.791538,90.445911,92.070625,12789400.000000
2025-03-05,92.638284,95.799629,91.228888,95.183022,6059400.000000
2025-03-06,92.246783,93.822565,90.945050,91.042923,8560500.000000
2025-03-07,89.770574,90.690598,86.452626,89.516098,10162100.000000
2025-03-10,87.108368,89.819490,86.804959,88.419884,8384900.000000
2025-03-11,88.615649,90.896129,88.165427,89.623756,6282300.000000
2025-03-12,92.648088,93.940032,91.189751,92.569786,7873000.000000
2025-03-13,91.953173,92.843835,89.604189,90.485054,4543400.000000
2025-03-14,92.589354,95.231972,92.393608,93.636612,5933400.000000
2025-03-17,95.457071,96.719654,94.605567,95.584312,5283200.000000
2025-03-18,94.860037,95.134085,92.755732,94.390244,5792000.000000
2025-03-19,94.938344,98.295442,94.791531,96.621788,5460100.000000
2025-03-20,95.877933,99.264392,95.819210,96.817528,4924500.000000
2025-03-21,95.995394,96.328164,94.351100,95.496231,8911100.000000
2025-03-24,97.874578,99.362268,97.179669,97.688614,6491800.000000
2025-03-25,98.177990,99.146954,96.416252,96.758812,4807300.000000
2025-03-26,96.641366,98.412902,93.568105,94.214081,5795800.000000
2025-03-27,93.000416,96.279220,91.610599,95.036209,7537800.000000
2025-03-28,92.374028,93.528949,89.565033,90.328453,7225200.000000
2025-03-31,87.372630,89.271399,86.521126,89.212677,7286200.000000
2025-04-01,89.339915,90.827613,87.803285,90.005463,5716700.000000
2025-04-02,88.057762,93.685551,87.920739,93.303841,6245800.000000
2025-04-03,83.927458,84.377680,75.089384,75.588547,30868500.000000
2025-04-04,73.073165,73.347213,67.944532,70.107559,17449100.000000
2025-04-07,66.554723,75.657063,64.841918,73.405945,15538400.000000
2025-04-08,75.852795,77.771136,69.490948,71.047150,12924100.000000
2025-04-09,71.017800,83.653413,69.608411,82.400620,18160000.000000
2025-04-10,78.495406,79.307767,74.325955,77.262192,11279300.000000
2025-04-11,76.929419,81.157601,76.303022,80.188644,8667600.000000
2025-04-14,87.392213,87.392213,82.224436,83.379356,12355200.000000
2025-04-15,82.821470,85.053009,82.527843,83.672974,5728800.000000
2025-04-16,81.049944,83.487026,79.943963,81.588257,5842300.000000
2025-04-17,82.097206,83.604475,81.138039,82.997658,6238300.000000
2025-04-21,81.607819,82.566993,79.023931,80.638863,5595300.000000
2025-04-22,81.658375,84.111079,81.224962,82.820702,4471600.000000
2025-04-23,87.745804,90.513715,87.263138,87.824608,8413100.000000
2025-04-24,88.533824,93.261935,88.100419,92.986130,6367200.000000
2025-04-25,93.045228,94.020398,92.533020,93.468788,4466700.000000
2025-04-28,93.153577,94.207551,91.715445,93.055077,3920200.000000
2025-04-29,92.257214,93.143728,91.715449,92.375412,4474000.000000
2025-04-30,85.519652,90.710718,85.460553,90.385666,9891200.000000
2025-05-01,92.168554,93.774138,90.415215,90.572815,6333100.000000
2025-05-02,92.818685,94.404565,92.434519,93.173286,5970500.000000
2025-05-05,92.493614,94.207552,92.129153,92.946724,4938000.000000
2025-05-06,91.272190,93.311186,91.144132,92.542862,5015400.000000
2025-05-07,92.454215,94.601564,91.488889,94.355309,5211600.000000
2025-05-08,95.980598,96.020000,94.246957,94.778870,4575900.000000
2025-05-09,95.990439,96.473105,94.207550,94.473511,4367400.000000
2025-05-12,99.487272,102.521144,99.487272,101.871025,7927700.000000
2025-05-13,102.333984,106.874939,102.333984,106.234673,7063500.000000
2025-05-14,107.859970,110.076270,107.859970,109.357201,7639100.000000
2025-05-15,107.318208,109.839871,106.943902,109.209457,4488800.000000
2025-05-16,109.830016,112.883584,109.426153,112.479729,5466600.000000
2025-05-19,109.751210,113.346543,109.751210,112.568375,4594700.000000
2025-05-20,112.253167,113.770102,111.494703,112.519127,4150600.000000
2025-05-21,111.839450,114.390654,109.889102,110.253563,5859900.000000
2025-05-22,110.716527,111.287841,109.002590,110.273262,4013700.000000
2025-05-23,108.027420,111.002193,107.180300,110.430878,3916900.000000
2025-05-27,112.765389,113.326852,111.494709,112.282722,5512100.000000
2025-05-28,112.440323,113.563248,111.612900,112.066010,4618400.000000
2025-05-29,113.464741,113.730694,109.633004,111.928101,14396000.000000
2025-05-30,110.795331,115.218080,107.564451,109.603447,19208000.000000
2025-06-02,109.327647,109.997462,104.786692,106.461235,9027600.000000
2025-06-03,106.874936,110.755927,106.392278,110.224014,6643900.000000
2025-06-04,111.179499,112.538827,109.633014,111.012039,4536200.000000
2025-06-05,111.307552,112.509281,109.514812,110.145226,5435000.000000
2025-06-06,111.140092,113.513992,111.140092,112.046310,4037500.000000
2025-06-09,112.794935,114.883178,112.499425,112.509277,5123700.000000
2025-06-10,113.080598,113.326854,110.086129,111.553810,8661400.000000
2025-06-11,112.686573,112.735820,109.248847,109.573898,5436500.000000
2025-06-12,110.342225,111.819759,108.913945,111.701561,5597700.000000
2025-06-13,109.682259,110.076269,107.534909,107.919067,5137500.000000
2025-06-16,109.573905,112.657030,109.337501,112.036461,5292300.000000
2025-06-17,111.100702,115.947011,110.992349,114.193672,5968200.000000
2025-06-18,113.878456,117.040377,113.819357,114.814224,4671200.000000
2025-06-20,116.547861,117.956444,115.858349,117.582138,9568400.000000
2025-06-23,117.069928,117.591989,114.223213,116.252357,5987400.000000
2025-06-24,118.005706,120.005300,117.375292,118.783867,5034500.000000
2025-06-25,119.000564,120.468253,118.448954,118.655807,3977600.000000
2025-06-26,120.862267,125.245622,120.438707,124.093147,9434800.000000
2025-06-27,121.926096,123.186924,120.684965,122.132950,7362000.000000
2025-06-30,122.300396,122.625448,120.300794,120.763756,5427000.000000
2025-07-01,120.231843,121.315374,118.311053,119.906792,4105000.000000
2025-07-02,119.542334,122.458000,118.311056,121.630585,3937800.000000
2025-07-03,122.329949,124.290141,121.837437,123.344521,3725600.000000
2025-07-07,123.196770,125.127413,121.926090,122.901260,4070200.000000
2025-07-08,124.231047,124.851608,120.458409,122.526955,3317300.000000
2025-07-09,122.723944,125.097852,122.674697,124.733391,3966200.000000
2025-07-10,125.097858,126.398095,124.447740,125.994232,5368800.000000
2025-07-11,125.659319,125.718418,123.817324,124.930405,3560200.000000
2025-07-14,124.309842,124.605351,121.926089,123.787781,3626900.000000
2025-07-15,125.275169,126.683752,123.137672,123.807487,4041700.000000
2025-07-16,123.620332,123.620332,118.852827,121.719238,5955900.000000
2025-07-17,121.876842,122.576207,120.044700,122.024590,3763700.000000
2025-07-18,123.403613,130.013120,122.960355,129.274353,11025200.000000
2025-07-21,128.663629,129.018238,126.664035,127.028503,5560200.000000
2025-07-22,126.598268,126.667509,121.831052,122.968460,6278000.000000
2025-07-23,124.165210,126.499366,123.908055,125.826813,4175700.000000
2025-07-24,126.212549,128.052180,125.757587,126.944450,3785000.000000
2025-07-25,126.558718,130.386341,126.311456,129.783020,4301000.000000
2025-07-28,130.505002,132.433644,129.723660,132.394089,4846600.000000
2025-07-29,133.432606,134.530451,131.068779,132.047928,4013200.000000
2025-07-30,131.968795,133.709531,131.147898,132.077591,3765800.000000
2025-07-31,133.719431,134.649139,130.762184,131.236923,3876200.000000
2025-08-01,126.974117,127.834585,124.036641,125.925720,5521000.000000
2025-08-04,127.231264,129.278603,126.489477,128.803848,2765300.000000
2025-08-05,129.951155,130.435795,125.312513,129.051117,4754800.000000
2025-08-06,126.588381,128.378565,122.523389,126.736740,6250900.000000
2025-08-07,128.744499,132.532559,128.675274,132.463318,5691200.000000
2025-08-08,133.521624,137.339354,132.532575,136.103043,5458600.000000
2025-08-11,136.488780,138.941617,135.519516,136.805283,4402800.000000
2025-08-12,137.962448,140.553752,137.151421,140.088898,4856200.000000
2025-08-13,138.783358,139.060290,134.569999,137.616272,6025200.000000
2025-08-14,135.608505,138.288834,135.252446,137.339340,3813800.000000
2025-08-15,139.169098,139.604267,135.925004,136.765701,3448200.000000
2025-08-18,136.765691,137.853651,136.211826,136.617340,3202500.000000
2025-08-19,136.370081,137.190993,133.106216,133.719421,3570100.000000
2025-08-20,132.532560,132.532560,125.450966,127.073006,7222700.000000
2025-08-21,127.893918,128.882967,126.153198,126.430130,4057800.000000
2025-08-22,127.438968,130.603921,126.716951,129.407166,3786000.000000
2025-08-25,129.061008,130.702817,128.348891,129.575302,3202700.000000
2025-08-26,129.753334,131.048985,128.843410,129.555527,3735700.000000
2025-08-27,129.496182,131.217132,129.219249,131.048996,3799300.000000
2025-08-28,132.235843,133.699631,131.286364,132.582016,11144100.000000
2025-08-29,122.671749,123.532225,118.319932,120.812340,24363200.000000
2025-09-02,117.805629,120.050767,116.411066,119.635368,8969900.000000
2025-09-03,120.367257,122.671743,119.576022,122.661850,5966800.000000
2025-09-04,122.671748,125.955391,121.573903,125.282837,7053800.000000
2025-09-05,125.856487,127.013672,121.929961,123.462990,6413100.000000
2025-09-08,123.927846,124.234449,121.445331,121.653030,5187100.000000
2025-09-09,119.546363,120.377160,116.856148,119.961761,10704400.000000
2025-09-10,122.078316,125.727909,122.068424,123.087143,8447200.000000
2025-09-11,123.542116,127.349946,123.156380,123.997078,6159400.000000
2025-09-12,124.521268,126.242211,123.601452,123.670685,4365700.000000
2025-09-15,125.005901,126.904874,123.641017,125.411415,5734400.000000
2025-09-16,126.242221,127.280726,124.521278,126.281784,4461300.000000
2025-09-17,126.697183,131.543517,126.499369,128.912643,8237000.000000
2025-09-18,130.524803,132.186398,130.020393,130.663269,5528900.000000
2025-09-19,131.494067,132.502901,130.495132,130.495132,9052000.000000
2025-09-22,131.167668,136.468971,130.366541,134.204056,10255200.000000
2025-09-23,134.589786,135.845883,131.790776,132.868835,4750800.000000
2025-09-24,133.521615,134.016139,130.277535,130.643478,3921900.000000
2025-09-25,127.963164,129.822566,125.727912,129.525864,4758900.000000
2025-09-26,126.608149,129.674207,126.202643,129.328033,3841000.000000
2025-09-29,130.683049,133.116101,130.683049,132.433655,3833400.000000
2025-09-30,132.532568,140.217484,132.532568,140.217484,9934600.000000
2025-10-01,139.366899,148.040848,138.862474,148.040848,13612000.000000
2025-10-02,148.841992,150.434362,143.026379,145.756149,7490800.000000
2025-10-03,146.636399,147.566107,138.872373,139.198761,6526700.000000
2025-10-06,143.926426,147.645245,142.680214,144.163788,10454700.000000
2025-10-07,151.126707,153.005894,142.818686,149.217834,18683200.000000
2025-10-08,153.015773,164.281040,152.313541,162.728226,18937900.000000
2025-10-09,162.520538,163.133743,153.450945,154.242188,13275600.000000
2025-10-10,155.844455,157.535720,148.772746,148.921112,11749100.000000
2025-10-13,153.846572,153.846572,149.455193,151.720108,6800900.000000
2025-10-14,148.337564,150.889312,146.478162,147.140823,7096400.000000
2025-10-15,150.503572,154.074039,149.761785,152.016815,5804500.000000
2025-10-16,153.589411,156.764265,148.030960,149.653000,6947600.000000
2025-10-17,148.772740,149.583768,145.677012,147.951828,5301500.000000
2025-10-20,148.545272,149.751913,145.518785,146.250671,5829600.000000
2025-10-21,146.851171,150.176297,144.012412,148.320175,5191400.000000
2025-10-22,149.084472,150.265636,144.171238,149.014999,6136700.000000
2025-10-23,148.885954,154.186290,148.488931,153.084534,5817200.000000
2025-10-24,156.429523,158.752140,155.635461,157.461792,5081500.000000
2025-10-27,159.307977,161.164084,157.977933,160.985428,5480000.000000
2025-10-28,161.213705,165.759691,159.486623,163.655441,6446400.000000
2025-10-29,165.759706,166.692728,160.767065,162.384964,4511500.000000
2025-10-30,159.695075,162.851465,159.020132,159.814178,3105200.000000
2025-10-31,161.729848,162.166583,156.826535,160.806747,4079200.000000
2025-11-03,165.908575,166.831676,158.672725,158.920868,4614600.000000
2025-11-04,154.315323,156.747124,152.171362,153.491486,5330200.000000
2025-11-05,150.970366,153.779334,148.042263,151.278061,7326500.000000
2025-11-06,151.605609,153.848819,147.714725,148.072037,4255100.000000
2025-11-07,146.890886,146.890886,142.017349,145.610458,5780800.000000
2025-11-10,148.627892,148.935587,140.042126,141.630249,8203600.000000
2025-11-11,139.258002,139.952800,135.277775,137.729431,7116100.000000
2025-11-12,139.605396,142.722074,138.712086,139.664963,5503000.000000
2025-11-13,138.761715,139.109106,131.317417,132.945236,6912000.000000
2025-11-14,128.955094,136.161169,128.369480,132.766571,5573300.000000
2025-11-17,123.079058,127.456309,119.118694,121.570351,15291100.000000
2025-11-18,119.605056,125.103912,118.503299,121.778793,10147100.000000
2025-11-19,121.679529,122.672102,117.987163,118.493370,6729200.000000
2025-11-20,122.731666,124.746588,115.882910,116.528084,8855000.000000
2025-11-21,117.679460,122.543070,115.694314,121.600128,8401600.000000
2025-11-24,123.873114,128.448876,123.356972,126.275139,8985900.000000
2025-11-25,122.175811,126.175887,122.136115,124.984795,14794100.000000
2025-11-26,132.587910,134.344768,127.128758,132.270279,16424900.000000
2025-11-28,133.173521,133.501072,129.044414,132.359619,5612600.000000
2025-12-01,130.731811,131.158610,126.821063,131.108978,6720100.000000
2025-12-02,134.007271,137.014766,133.808760,134.940292,6981600.000000
2025-12-03,134.394386,135.099120,132.250440,132.637543,5630700.000000
2025-12-04,133.004788,138.275349,131.625112,137.957733,6857100.000000
2025-12-05,137.918023,138.166166,135.099119,137.878326,5001600.000000
2025-12-08,137.590473,141.282846,137.570633,139.367188,3915400.000000
2025-12-09,138.007353,138.880822,136.101614,137.193451,3464800.000000
2025-12-10,137.024701,140.081827,135.247987,139.585541,4576000.000000
2025-12-11,137.798920,138.027208,133.679733,137.570633,4933500.000000
2025-12-12,137.471359,138.454012,128.478650,129.014633,9299000.000000
2025-12-15,130.324836,132.439006,128.647386,129.540695,5336200.000000
2025-12-16,129.322328,133.997354,129.054345,132.756638,5365600.000000
2025-12-17,132.478722,132.746721,125.669670,126.940163,6125700.000000
2025-12-18,127.059269,127.734227,121.193166,122.026932,9344800.000000
2025-12-19,123.039358,126.205668,122.781287,125.481087,9715400.000000
2025-12-22,127.813639,127.893047,124.428961,125.669678,4852700.000000
2025-12-23,125.391760,127.674681,125.391760,126.672180,3494400.000000
2025-12-24,125.749078,128.091551,125.272640,127.426529,1756000.000000
2025-12-26,127.694522,128.706951,127.049355,128.280151,2733200.000000
2025-12-29,127.198229,128.389329,126.165960,126.513359,3112000.000000
2025-12-30,125.997223,127.496003,125.957519,126.969940,2754500.000000
2025-12-31,127.218084,127.456307,124.845835,124.945091,2925700.000000
2026-01-02,127.446372,128.389329,124.816060,126.850838,4959300.000000
2026-01-05,128.597757,130.215656,121.183236,123.088982,8471000.000000
2026-01-06,124.170891,125.262720,120.925181,123.009583,6595600.000000
2026-01-07,122.086485,122.384260,117.868049,119.178246,10343400.000000
2026-01-08,116.686882,118.483445,113.937459,117.619904,11522100.000000
2026-01-09,119.088921,120.111270,116.448673,119.724167,7001500.000000
2026-01-12,118.116188,121.173315,117.828341,119.575272,5203400.000000
2026-01-13,120.597624,120.974799,118.026864,118.771294,5641600.000000
2026-01-14,118.265077,121.163389,117.054137,117.808495,4788300.000000
2026-01-15,120.905320,122.731658,118.592630,118.771294,6834000.000000
2026-01-16,119.317204,122.076555,118.334558,119.634827,9023300.000000
2026-01-20,116.150616,116.688952,110.498100,110.727394,11625700.000000
2026-01-21,111.983505,114.067055,109.880013,112.910637,9162300.000000
2026-01-22,113.877652,119.221112,113.628423,116.808578,8372200.000000
2026-01-23,115.063973,115.632214,113.409097,115.073944,6342800.000000
2026-01-26,114.655243,116.928209,114.655243,115.572403,6309400.000000
2026-01-27,116.419776,117.476504,114.126875,114.306320,5058300.000000
2026-01-28,115.044039,118.134475,113.867678,116.958115,5300400.000000
2026-01-29,115.313203,118.732623,114.954313,118.124504,6246400.000000
2026-01-30,116.459654,116.539409,111.913722,114.086998,10734700.000000
2026-02-02,114.186690,118.932010,114.037152,118.792442,8019700.000000
2026-02-03,119.609915,120.826146,115.841569,116.788643,8764600.000000
2026-02-04,117.795530,122.660474,116.459659,121.663559,10914500.000000
2026-02-05,119.879075,122.341457,112.701287,115.034065,9298400.000000
2026-02-06,116.539412,122.191921,116.140645,120.676613,7918000.000000
2026-02-09,119.928929,121.623683,117.496453,120.537048,5016800.000000
2026-02-10,122.171989,126.239398,122.072291,125.621315,6194100.000000
2026-02-11,127.296134,127.664987,121.912789,123.777023,5431200.000000
2026-02-12,117.137557,120.547006,110.856987,112.471992,11756600.000000
2026-02-13,115.113821,120.457288,113.867676,117.127586,10480400.000000
2026-02-17,115.891413,118.682779,114.615363,115.731903,5303700.000000
2026-02-18,114.495730,117.097680,112.511870,116.419777,5783400.000000
2026-02-19,118.593051,121.065405,117.247217,118.692741,7042300.000000
2026-02-20,117.396762,122.281649,117.237252,121.892845,7763500.000000
2026-02-23,120.885962,123.936521,118.503335,118.772499,6962300.000000
2026-02-24,120.128303,122.261701,118.632930,119.410522,4937700.000000
2026-02-25,117.755646,124.564573,116.838479,123.099113,8220000.000000
2026-02-26,124.714113,125.611339,119.938888,121.075371,14418100.000000
2026-02-27,136.946260,148.400823,135.690152,147.623230,33475600.000000
2026-03-02,146.307306,153.245844,145.549656,153.076370,12554200.000000
2026-03-03,149.268146,150.474420,140.585021,144.732178,15258200.000000
2026-03-04,145.549643,147.872457,143.605661,146.646255,8505500.000000
2026-03-05,145.549654,148.699910,141.611841,146.068054,7027600.000000
2026-03-06,143.386348,148.201451,141.681616,146.028168,7100400.000000
2026-03-09,144.153978,146.247491,140.923967,146.058075,7400600.000000
2026-03-10,145.838740,146.436895,137.075860,143.356430,7518700.000000
2026-03-11,145.210704,149.008949,144.702267,146.915421,5405700.000000
2026-03-12,146.696090,151.381604,146.636277,149.447586,7340900.000000
2026-03-13,150.534231,152.478213,146.367131,151.152313,6441100.000000
2026-03-16,152.577904,157.313252,152.209035,156.057129,7923400.000000
2026-03-17,154.272663,154.541835,151.331766,152.538025,6675800.000000
2026-03-18,152.238960,154.541832,148.470606,148.749756,5460700.000000
2026-03-19,146.137831,156.585515,146.117903,156.276459,7715300.000000
2026-03-20,162.995674,169.375926,157.183655,157.183655,23135900.000000
2026-03-23,158.748818,164.909748,158.140699,164.082306,10721300.000000
2026-03-24,163.115290,177.759979,162.866061,176.364304,15886500.000000
2026-03-25,177.211677,184.289782,177.072109,183.442398,11330800.000000
2026-03-26,182.146426,185.815068,175.008508,175.277679,11061300.000000
2026-03-27,174.589796,175.746206,169.824541,171.280029,8011500.000000
2026-03-30,172.237084,173.463286,161.978816,164.152100,10135300.000000
2026-03-31,163.783228,167.471828,154.890745,163.623734,13713700.000000
2026-04-01,166.464923,170.801511,164.251769,168.857529,7311100.000000
2026-04-02,166.474913,173.832138,165.986419,173.832138,5217100.000000
2026-04-06,175.287633,175.955564,172.257001,172.645798,3925400.000000
2026-04-07,171.708721,178.288353,171.688778,177.141907,5753000.000000
2026-04-08,185.187002,189.164700,182.106537,184.897903,7212000.000000
2026-04-09,186.393267,187.220708,179.135724,180.900269,4500900.000000
2026-04-10,182.664800,183.432429,176.493891,177.251556,4279700.000000
2026-04-13,178.447864,190.779703,176.952491,189.204575,10506700.000000
2026-04-14,184.977657,186.213823,179.544472,183.940857,6256400.000000
2026-04-15,182.375699,182.425548,176.454019,176.733154,7793300.000000
2026-04-16,179.016100,193.202201,177.949393,192.494385,11474700.000000
2026-04-17,192.235199,196.731282,191.158529,195.943726,6311200.000000
2026-04-20,195.943719,205.145244,195.933740,203.610001,7155800.000000
2026-04-21,205.850006,214.330002,205.350006,212.360001,9078200.000000
2026-04-22,215.009995,217.389999,209.500000,214.649994,5482100.000000
2026-04-23,214.490005,219.259995,210.679993,212.139999,4421500.000000
2026-04-24,213.990005,219.000000,209.500000,216.089996,4621400.000000
2026-04-27,217.779999,221.500000,212.759995,215.970001,5821000.000000
2026-04-28,209.970001,210.509995,201.559998,205.929993,4437700.000000
2026-04-29,206.059998,207.929993,203.250000,205.660004,3635700.000000
2026-04-30,208.500000,209.149994,200.839996,208.949997,5635800.000000
2026-05-01,208.529999,212.770004,206.440002,210.169998,3010600.000000
2026-05-04,210.850006,214.979996,205.699997,211.639999,3842400.000000
2026-05-05,215.020004,217.399994,210.940002,216.320007,4360800.000000
2026-05-06,220.800003,239.449997,219.600006,238.800003,9187200.000000
2026-05-07,235.259995,237.750000,228.000000,230.270004,4848300.000000
2026-05-08,233.589996,263.989990,233.589996,260.459991,12168100.000000
2026-05-11,253.600006,255.449997,242.000000,247.039993,11517000.000000
2026-05-12,242.509995,242.509995,228.500000,238.940002,7150800.000000
2026-05-13,244.600006,247.000000,236.800003,243.869995,5008500.000000
2026-05-14,248.850006,260.540009,240.809998,247.889999,6241900.000000
2026-05-15,240.410004,246.860001,236.789993,241.990005,4833100.000000
2026-05-18,244.600006,244.949997,232.199997,238.029999,5132600.000000
2026-05-19,234.250000,239.750000,227.270004,235.259995,4082700.000000
2026-05-20,239.470001,246.929993,237.190002,242.929993,4332900.000000
2026-05-21,242.960007,254.380005,240.270004,252.800003,5075000.000000
2026-05-22,268.100006,298.320007,265.209991,295.190002,15291500.000000
2026-05-26,300.250000,308.640015,298.970001,305.079987,10305700.000000
2026-05-27,307.480011,312.140015,298.570007,305.320007,8262400.000000
2026-05-28,317.029999,327.730011,311.519989,317.049988,26611300.000000
2026-05-29,418.000000,429.149994,402.269989,420.910004,41833000.000000
2026-06-01,426.149994,469.470001,426.149994,465.959991,20849200.000000
2026-06-02,466.109985,469.190002,433.429993,435.309998,16018500.000000
2026-06-03,433.790009,436.000000,407.000000,421.079987,14231100.000000
2026-06-04,401.869995,430.500000,399.000000,422.049988,12297400.000000
