date,open,high,low,close,volume
2019-03-20,35.371966,35.874885,33.192651,33.393818,2350800.000000
2019-03-21,33.521218,33.527922,32.320917,32.843952,1764700.000000
2019-03-22,32.723262,33.494405,32.294105,32.589149,844700.000000
2019-03-25,32.589141,33.125590,32.186807,32.957951,440900.000000
2019-03-26,32.857371,33.360290,32.307513,32.756786,504700.000000
2019-03-27,32.857365,34.050958,32.857365,33.594978,1788600.000000
2019-03-28,34.131427,34.198481,33.470926,34.097897,585400.000000
2019-03-29,33.206051,35.190903,32.978061,34.620930,1769000.000000
2019-04-01,35.070215,36.471682,34.366129,35.874886,19663400.000000
2019-04-02,36.961193,38.483362,36.411336,37.718925,17414200.000000
2019-04-03,38.275493,38.355959,37.222713,38.141380,15066200.000000
2019-04-04,38.355950,40.582204,38.288893,40.039051,13309200.000000
2019-04-05,39.153923,39.549553,37.732339,38.382782,17000800.000000
2019-04-08,37.886550,39.153905,37.732322,38.322414,10764600.000000
2019-04-09,38.087726,38.355950,37.604925,37.732330,9179900.000000
2019-04-10,37.544573,37.826207,36.947774,37.356815,9081900.000000
2019-04-11,37.350114,37.692098,36.766729,36.806961,7346100.000000
2019-04-12,37.504329,39.113670,37.504329,39.093552,9281700.000000
2019-04-15,39.274615,39.462371,38.416301,38.744873,5727300.000000
2019-04-16,39.368493,39.556251,38.785108,39.227676,6681600.000000
2019-04-17,39.529428,39.596483,39.026509,39.106976,6420700.000000
2019-04-18,39.133796,39.301436,38.590643,38.738167,5178800.000000
2019-04-22,38.543709,39.167329,38.396185,38.818638,4401700.000000
2019-04-23,38.416303,38.785109,38.221840,38.650997,5687200.000000
2019-04-24,38.550409,38.818631,37.460752,37.537865,5431300.000000
2019-04-25,37.390343,37.537867,36.760019,37.102005,6260500.000000
2019-04-26,37.081894,37.283061,36.847199,37.048367,4009800.000000
2019-04-29,36.914248,37.340054,36.746608,37.216000,5935200.000000
2019-04-30,37.390340,38.359300,37.283051,38.040783,6454100.000000
2019-05-01,38.101139,38.543708,37.470815,37.638454,7644400.000000
2019-05-02,37.242818,37.879850,34.889157,35.338432,13932700.000000
2019-05-03,35.673714,35.774296,34.681287,35.740768,7401700.000000
2019-05-06,34.969634,36.230283,34.667882,35.848064,6089500.000000
2019-05-07,35.445719,35.757529,35.304902,35.506069,7330800.000000
2019-05-08,35.760883,35.804468,35.076913,35.190907,5390700.000000
2019-05-09,35.043389,35.633481,34.567293,35.492664,4579700.000000
2019-05-10,35.499363,36.018377,35.197614,35.586536,4758100.000000
2019-05-13,35.056797,35.237848,34.037547,34.164955,4213100.000000
2019-05-14,34.419766,35.539597,34.091191,35.190907,4204500.000000
2019-05-15,34.855627,35.757529,34.647753,35.506069,2928700.000000
2019-05-16,35.734070,35.908414,35.358556,35.526196,3689700.000000
2019-05-17,35.097034,35.217735,33.970495,34.064373,4440800.000000
2019-05-20,33.796152,33.890030,33.474282,33.581573,5168400.000000
2019-05-21,33.715685,34.325893,33.541341,33.950382,4968400.000000
2019-05-22,33.836379,33.936964,33.504453,33.668739,3019100.000000
2019-05-23,33.192649,33.434050,32.327627,32.662907,4919200.000000
2019-05-24,33.118891,33.242945,32.481860,32.991486,2918900.000000
2019-05-28,33.105471,33.145706,32.253862,32.562321,6613000.000000
2019-05-29,32.320923,33.145710,32.193515,32.662907,3525900.000000
2019-05-30,32.737745,33.057504,32.669713,32.975864,3777600.000000
2019-05-31,32.628882,32.656096,31.805677,31.812479,3396900.000000
2019-06-03,31.873714,32.628887,31.873714,32.628887,5905200.000000
2019-06-04,33.118724,33.969143,33.091510,33.969143,7043000.000000
2019-06-05,34.350136,34.404562,33.370452,34.248085,6413300.000000
2019-06-06,34.207274,34.908022,34.118833,34.737938,6228100.000000
2019-06-07,34.785555,35.166541,34.608666,34.901211,5391100.000000
2019-06-10,35.186958,35.445484,35.091712,35.118923,5434400.000000
2019-06-11,35.377438,35.493093,35.078091,35.404652,5144300.000000
2019-06-12,35.418271,35.812864,35.159743,35.710815,3103900.000000
2019-06-13,35.840071,36.023762,35.404657,35.976139,4179800.000000
2019-06-14,35.806056,35.846875,34.697109,34.799160,3919300.000000
2019-06-17,34.057587,34.241278,33.370447,33.574547,5787300.000000
2019-06-18,33.846696,34.404571,33.608580,33.751450,5014200.000000
2019-06-19,33.982756,34.180054,32.880613,32.996269,5404000.000000
2019-06-20,33.401059,33.737824,33.077898,33.288803,4228300.000000
2019-06-21,33.213974,33.520125,32.867004,32.901020,9478500.000000
2019-06-24,33.003072,33.812673,32.873809,33.731033,4602300.000000
2019-06-25,33.669797,34.168482,33.370448,33.805862,4005200.000000
2019-06-26,33.914719,34.846780,33.887508,34.322922,5244400.000000
2019-06-27,34.431779,34.792356,34.378031,34.635880,4097200.000000
2019-06-28,34.724324,34.833178,33.390867,33.547344,6507400.000000
2019-07-01,34.016772,34.152840,33.690211,34.125626,4641700.000000
2019-07-02,34.016778,34.057599,33.173161,33.608578,4725800.000000
2019-07-03,33.649397,33.778662,33.472511,33.560955,2479400.000000
2019-07-05,33.343241,33.588163,33.309225,33.547344,2529800.000000
2019-07-08,33.567747,33.676601,32.918026,33.009872,5936000.000000
2019-07-09,32.860202,32.948646,32.315934,32.567657,4967400.000000
2019-07-10,32.887414,32.941840,32.329540,32.349949,3507400.000000
2019-07-11,32.472408,32.696920,32.098224,32.506424,4202000.000000
2019-07-12,32.969050,34.043981,32.710525,33.819469,4328400.000000
2019-07-15,33.860305,34.663101,33.785468,34.649494,4923800.000000
2019-07-16,34.663106,35.816275,34.663106,35.595165,6011200.000000
2019-07-17,35.486297,35.581544,34.853585,35.105309,4417500.000000
2019-07-18,35.071296,35.411463,34.887605,35.207363,3620300.000000
2019-07-19,35.220960,35.261782,35.037270,35.050877,3221500.000000
2019-07-22,35.039993,35.084894,34.424968,34.615463,2814900.000000
2019-07-23,34.697101,35.989740,34.663085,35.799244,4387700.000000
2019-07-24,35.717611,36.050977,35.404658,35.914909,3516400.000000
2019-07-25,35.132525,35.370644,34.220876,34.540634,4254600.000000
2019-07-26,34.200463,34.220872,33.282009,33.411274,5066000.000000
2019-07-29,33.009887,33.254808,32.642505,32.690128,4219800.000000
2019-07-30,32.506428,32.955449,32.506428,32.928238,4194300.000000
2019-07-31,32.989475,33.628989,32.622093,32.955456,5188500.000000
2019-08-01,32.758155,33.064303,31.826093,31.873716,5803200.000000
2019-08-02,31.764860,32.315933,30.866818,31.023294,5346400.000000
2019-08-05,30.655916,30.703539,29.982383,30.458618,5147300.000000
2019-08-06,30.689935,30.921249,29.754473,30.227306,4702800.000000
2019-08-07,30.002791,30.615094,29.873528,30.540257,4490100.000000
2019-08-08,30.749114,31.853299,30.744352,31.832890,4573400.000000
2019-08-09,31.581172,31.968965,31.363465,31.730846,4468000.000000
2019-08-12,31.560763,31.839701,30.968872,31.084528,4491600.000000
2019-08-13,31.145758,32.492822,31.009693,31.873716,5407300.000000
2019-08-14,31.159360,31.397479,29.934757,29.989185,6178300.000000
2019-08-15,30.166078,30.186487,29.227214,29.512957,3494600.000000
2019-08-16,29.451721,30.485831,29.097947,30.281729,4586000.000000
2019-08-19,30.860015,31.202223,30.717146,31.023294,3615500.000000
2019-08-20,30.785175,30.785175,29.302043,29.363274,5972800.000000
2019-08-21,29.832713,30.098046,29.417710,29.444921,4397800.000000
2019-08-22,29.472129,29.866725,28.587694,28.608103,6072100.000000
2019-08-23,28.574088,28.587695,27.512764,27.696455,6696800.000000
2019-08-26,28.077443,28.131869,27.628422,27.771292,3402400.000000
2019-08-27,28.023014,28.390396,27.838643,28.009407,4152200.000000
2019-08-28,27.995802,29.009500,27.730469,28.927860,4539300.000000
2019-08-29,29.280650,29.744104,29.197642,29.308317,3292500.000000
2019-08-30,29.626497,29.744088,29.239131,29.488152,4099200.000000
2019-09-03,29.149216,29.211471,28.464412,28.914030,3343300.000000
2019-09-04,29.460487,29.598832,28.948611,29.425901,2651400.000000
2019-09-05,29.847861,30.415074,29.806356,29.993122,4041400.000000
2019-09-06,30.117633,30.200639,29.508915,29.910116,3217900.000000
2019-09-09,30.110705,30.869525,29.923939,30.747091,3848000.000000
2019-09-10,31.196712,32.075201,30.975361,32.040615,4704000.000000
2019-09-11,32.178958,32.545570,31.528739,32.427979,4445000.000000
2019-09-12,32.559413,32.642419,31.521828,32.490242,3649700.000000
2019-09-13,32.953695,33.507073,32.683923,33.341061,4027600.000000
2019-09-16,33.680008,34.572332,33.396402,33.901360,5040600.000000
2019-09-17,33.666178,33.956703,32.932953,33.202724,3741900.000000
2019-09-18,33.133540,33.133540,32.524823,32.863766,2588200.000000
2019-09-19,33.285720,33.486321,32.849936,32.953693,2418300.000000
2019-09-20,32.836110,33.790687,32.559420,33.347984,10570400.000000
2019-09-23,32.780761,33.351433,32.593995,33.140457,3599400.000000
2019-09-24,33.050532,33.202712,31.784680,32.234299,4515300.000000
2019-09-25,32.199717,33.181966,31.909195,32.981365,4396200.000000
2019-09-26,32.863764,32.988274,32.465331,32.670082,2994200.000000
2019-09-27,32.787684,33.119711,32.517910,32.559414,3722300.000000
2019-09-30,32.690843,33.057458,32.587086,32.960617,2512200.000000
2019-10-01,33.161216,33.597003,31.750103,31.798523,3838400.000000
2019-10-02,30.899279,31.245140,30.684846,31.079128,4759500.000000
2019-10-03,31.023783,31.397315,30.691757,31.341978,3422400.000000
2019-10-04,31.252051,31.667083,31.134456,31.362726,3512300.000000
2019-10-07,31.182882,31.660170,30.964987,31.245134,2977900.000000
2019-10-08,30.954618,31.162134,30.318233,30.332066,2985900.000000
2019-10-09,30.705584,30.809343,30.435812,30.442728,2844600.000000
2019-10-10,30.664090,31.328144,30.449655,31.072205,4325000.000000
2019-10-11,31.646335,33.009031,31.475479,32.600914,3675700.000000
2019-10-14,32.317311,32.697758,31.985284,32.386482,3196500.000000
2019-10-15,32.386482,33.271887,32.185882,32.649338,3216800.000000
2019-10-16,32.849937,33.147376,32.517908,32.593998,3626900.000000
2019-10-17,32.815350,33.576247,32.607833,33.071289,2724400.000000
2019-10-18,33.140456,33.334831,32.760008,33.175041,2757600.000000
2019-10-21,33.610832,33.873688,32.573247,32.593998,3967000.000000
2019-10-22,32.566332,32.776614,31.833104,32.386482,4645400.000000
2019-10-23,32.358806,32.863764,32.199710,32.670082,4152000.000000
2019-10-24,33.652334,34.579244,33.092038,34.219547,6098900.000000
2019-10-25,34.433979,35.111868,33.825265,34.918186,5361100.000000
2019-10-28,35.104949,35.582237,34.883598,35.423141,4504100.000000
2019-10-29,35.250210,35.713666,34.842093,35.616825,3462100.000000
2019-10-30,35.416232,35.602997,34.814433,35.298637,3602100.000000
2019-10-31,35.194878,35.298635,34.385560,34.925106,3744000.000000
2019-11-01,35.264047,36.308550,35.208711,36.184040,3207100.000000
2019-11-04,36.419229,37.636661,36.287800,37.470646,5430200.000000
2019-11-05,37.359969,38.044776,37.110951,37.491398,6044500.000000
2019-11-06,37.463728,37.864929,37.221626,37.546734,3847000.000000
2019-11-07,38.003274,38.694997,37.643577,38.598156,5974300.000000
2019-11-08,38.390646,38.729591,38.058619,38.729591,4812000.000000
2019-11-11,38.425223,38.909429,38.196955,38.605072,3184900.000000
2019-11-12,38.736512,38.812602,37.719678,38.155464,2742700.000000
2019-11-13,37.484483,37.685083,36.979525,37.117870,3426000.000000
2019-11-14,36.868849,37.449896,36.765092,37.318470,2595500.000000
2019-11-15,37.539820,38.245378,37.449895,37.947937,3865000.000000
2019-11-18,37.871847,37.982522,37.436060,37.574406,3439900.000000
2019-11-19,37.913347,37.913347,36.516066,36.931099,5208300.000000
2019-11-20,36.758174,36.972609,36.038781,36.433064,5394100.000000
2019-11-21,36.460725,37.297709,36.211704,37.270042,4618400.000000
2019-11-22,37.339218,37.809590,37.076362,37.491398,3115600.000000
2019-11-25,37.920269,38.203875,37.602077,38.183125,5073700.000000
2019-11-26,38.217699,38.563560,37.920258,38.300705,4643800.000000
2019-11-27,38.307718,38.461846,37.761266,38.027485,3926000.000000
2019-11-29,37.838328,38.027485,37.214812,37.389957,1887600.000000
2019-12-02,37.130739,37.656174,37.053675,37.242832,3349500.000000
2019-12-03,36.402131,36.437160,35.764604,36.304050,3950100.000000
2019-12-04,37.474024,37.474024,36.577280,36.626320,3791400.000000
2019-12-05,36.801482,36.885554,36.205990,36.430176,2692600.000000
2019-12-06,36.843500,37.656173,36.843500,37.284866,2818800.000000
2019-12-09,37.803308,37.817319,37.123747,37.319908,2377200.000000
2019-12-10,37.382958,37.403974,36.913568,37.221825,2609700.000000
2019-12-11,37.481035,37.880365,37.165773,37.200802,3253300.000000
2019-12-12,37.305898,38.237671,37.004648,38.146595,2882300.000000
2019-12-13,38.279698,38.405802,37.305892,37.326908,3198600.000000
2019-12-16,37.558101,38.209641,37.488041,37.950424,4040000.000000
2019-12-17,37.901379,38.349753,37.782282,38.293705,2665300.000000
2019-12-18,38.083534,38.314724,37.509059,38.006470,3659100.000000
2019-12-19,38.132565,38.440820,37.873352,38.195618,3356000.000000
2019-12-20,38.566937,38.707053,37.845340,38.258682,10476700.000000
2019-12-23,38.174606,38.566929,37.985449,38.482861,2678600.000000
2019-12-24,38.531902,38.707047,38.286700,38.461845,926200.000000
2019-12-26,38.517895,38.693040,38.195629,38.686035,1909600.000000
2019-12-27,38.735078,38.917227,38.335747,38.412811,1688500.000000
2019-12-30,38.433821,38.566930,37.999462,38.069519,1943300.000000
2019-12-31,37.845339,38.377779,37.782287,38.342751,2145700.000000
2020-01-02,38.693051,38.910232,37.579129,37.656193,5145200.000000
2020-01-03,37.207801,37.551084,36.717395,36.724400,5004300.000000
2020-01-06,36.654342,37.046668,36.430157,36.577278,4293100.000000
2020-01-07,36.633338,37.176286,36.423164,36.563278,5122800.000000
2020-01-08,36.717408,37.249847,36.374122,36.941593,3629700.000000
2020-01-09,36.955604,37.179789,36.297060,36.563278,2667800.000000
2020-01-10,37.032657,37.039662,36.009811,36.079868,3277300.000000
2020-01-13,36.079866,36.710389,36.058849,36.675358,2665500.000000
2020-01-14,36.563270,37.109724,36.395132,36.598301,3689800.000000
2020-01-15,36.563280,36.885549,36.219997,36.619328,2235400.000000
2020-01-16,36.836505,37.039671,36.549264,36.766445,3765600.000000
2020-01-17,36.801483,37.382966,36.727922,37.368954,3897500.000000
2020-01-21,37.116735,37.235835,36.570283,36.850513,4156000.000000
2020-01-22,36.941595,36.990636,35.506807,35.638515,5149600.000000
2020-01-23,35.183142,35.554449,34.433522,35.204159,5797600.000000
2020-01-24,34.944940,35.218166,33.655873,33.971134,5919300.000000
2020-01-27,33.144451,33.333608,32.675061,33.053375,4827000.000000
2020-01-28,33.207500,33.431686,32.941279,33.039360,5813800.000000
2020-01-29,34.314407,34.993970,34.048185,34.797806,6828000.000000
2020-01-30,33.845030,34.314418,33.389652,33.957123,5644800.000000
2020-01-31,33.417677,33.533273,32.170642,32.275730,7532200.000000
2020-02-03,32.443875,32.906258,32.037537,32.745125,6364900.000000
2020-02-04,33.382642,33.894065,33.235518,33.662872,5287000.000000
2020-02-05,34.244356,34.846855,33.992147,34.755779,5403200.000000
2020-02-06,34.755778,34.790806,34.020169,34.468540,5985200.000000
2020-02-07,34.006162,34.006162,33.242530,33.648865,3802100.000000
2020-02-10,33.487726,34.132261,33.487726,33.760952,2488300.000000
2020-02-11,34.006160,35.036011,33.978136,34.181305,3705400.000000
2020-02-12,34.811817,35.288211,34.321413,34.594639,2964200.000000
2020-02-13,34.258362,34.321415,33.641851,33.838013,3302600.000000
2020-02-14,33.985142,34.286392,33.894069,34.069214,3207000.000000
2020-02-18,33.760953,33.992146,33.087696,33.445694,3594300.000000
2020-02-19,33.501749,33.831022,33.214511,33.319599,5644900.000000
2020-02-20,33.291568,34.195317,33.235520,34.160286,4154200.000000
2020-02-21,34.034177,34.167286,33.683887,33.838013,3972800.000000
2020-02-24,32.654043,32.955292,32.086572,32.394829,5075900.000000
2020-02-25,32.576966,32.601486,30.531273,30.790487,5529300.000000
2020-02-26,31.140790,31.442040,30.138960,30.159977,6470700.000000
2020-02-27,29.433569,29.526147,28.130315,28.165922,10009300.000000
2020-02-28,27.147535,28.835355,27.097684,28.778381,10280000.000000
2020-03-02,29.234167,29.497665,28.329723,29.497665,7706700.000000
2020-03-03,29.447810,30.440562,28.301235,28.885206,6765300.000000
2020-03-04,29.519024,29.889347,28.635945,29.846617,4967000.000000
2020-03-05,28.507757,28.935054,28.244258,28.557608,5447400.000000
2020-03-06,27.574827,28.265620,27.282841,27.752867,6928400.000000
2020-03-09,24.747557,24.882867,21.671027,21.742243,15081500.000000
2020-03-10,23.152315,23.736288,20.876966,22.361818,12975400.000000
2020-03-11,21.500110,21.599812,19.833655,19.933357,12444100.000000
2020-03-12,18.124468,18.793897,15.945258,16.856823,18163300.000000
2020-03-13,19.890623,19.947596,16.080568,18.295385,17350800.000000
2020-03-16,16.450894,18.110226,15.631910,15.667518,12345400.000000
2020-03-17,18.281144,19.655613,16.194515,18.943453,19873300.000000
2020-03-18,17.690052,20.147004,17.455039,18.829508,16955900.000000
2020-03-19,18.715562,22.326212,18.466306,20.025936,13893400.000000
2020-03-20,20.360650,21.144026,18.936330,19.541666,12649100.000000
2020-03-23,19.328020,20.246707,18.523280,18.929211,11703100.000000
2020-03-24,20.410503,21.336310,19.157101,20.275192,12333600.000000
2020-03-25,20.780827,23.091785,20.367774,21.635418,10539200.000000
2020-03-26,21.564202,22.290604,20.617029,21.136906,14298600.000000
2020-03-27,19.940476,20.839221,19.171343,20.339285,9101400.000000
2020-03-30,20.161249,20.930381,19.805169,20.403383,6817000.000000
2020-03-31,20.332155,21.421760,20.260940,20.823545,7599900.000000
2020-04-01,19.826531,20.132760,19.185587,19.256804,10339900.000000
2020-04-02,19.306656,21.250853,19.174906,19.961843,10680300.000000
2020-04-03,19.783804,20.346409,19.527426,19.919113,8005100.000000
2020-04-06,21.030081,22.062712,21.008716,21.749363,8021100.000000
2020-04-07,23.330358,24.975448,22.653807,23.024132,15028000.000000
2020-04-08,23.479912,24.882865,23.045494,24.776043,7220700.000000
2020-04-09,25.459721,26.876921,25.310168,26.036572,9892300.000000
2020-04-13,25.972479,26.278708,24.619374,25.089399,7170600.000000
2020-04-14,25.901256,26.449620,24.989693,25.189096,7348800.000000
2020-04-15,24.106610,24.106610,22.696535,22.952911,7586700.000000
2020-04-16,23.280505,23.280505,21.827699,22.525616,6918500.000000
2020-04-17,23.529768,24.256171,23.216415,23.800386,6544100.000000
2020-04-20,22.917307,23.380212,22.433038,22.454403,7140700.000000
2020-04-21,21.649664,22.190906,21.094180,21.991501,7315100.000000
2020-04-22,22.646682,22.806920,21.991495,22.675169,5331100.000000
2020-04-23,22.860337,23.736297,22.796243,23.187933,7724700.000000
2020-04-24,23.529763,23.750531,22.960036,23.586735,4979100.000000
2020-04-27,23.722046,24.743994,23.365966,24.526785,4885900.000000
2020-04-28,25.267432,25.773065,24.719068,25.545174,5868600.000000
2020-04-29,26.349917,27.126172,26.278702,26.684633,6887300.000000
2020-04-30,26.542197,26.599168,25.673361,26.129143,10990200.000000
2020-05-01,24.733315,24.989693,23.885846,24.163588,8709300.000000
2020-05-04,22.860335,23.600982,22.618201,23.544010,6248300.000000
2020-05-05,23.949935,24.605121,23.665070,23.764772,5041600.000000
2020-05-06,23.294748,23.768335,22.703655,22.760628,4601500.000000
2020-05-07,23.166564,24.071008,23.152320,23.394455,5056200.000000
2020-05-08,24.056760,24.476934,23.764775,24.448450,4175700.000000
2020-05-11,24.355871,24.384358,23.558252,24.142223,4321000.000000
2020-05-12,24.391476,25.217581,24.035396,24.063883,5675400.000000
2020-05-13,23.857355,23.902221,22.639562,23.038370,5865200.000000
2020-05-14,22.212264,23.892960,22.005737,23.864473,6187900.000000
2020-05-15,23.650830,24.199193,23.380211,23.900087,4829200.000000
2020-05-18,25.552297,27.069196,25.431228,26.164755,8544900.000000
2020-05-19,26.086420,26.122027,25.338652,25.381380,4415500.000000
2020-05-20,25.879887,26.349912,25.466833,25.765942,5656200.000000
2020-05-21,25.637762,26.179002,25.395627,25.509573,3941800.000000
2020-05-22,25.409864,25.765944,25.189093,25.723213,3040600.000000
2020-05-26,27.318458,27.738633,27.005106,27.624687,6188600.000000
2020-05-27,28.450785,28.959980,27.795597,28.358204,6895200.000000
2020-05-28,28.684406,28.771394,27.800024,28.060989,5266800.000000
2020-05-29,27.647798,28.263967,27.343340,27.981253,5254200.000000
2020-06-01,27.988506,28.278466,27.676798,27.988506,3014400.000000
2020-06-02,28.416198,29.887750,28.336458,29.431061,6083400.000000
2020-06-03,30.076227,30.663397,30.054478,30.177713,5160600.000000
2020-06-04,30.083483,30.996860,29.953000,30.960615,3901500.000000
2020-06-05,32.410418,33.149819,31.777579,31.873991,7656600.000000
2020-06-08,31.953729,33.294798,31.953729,33.273052,5727300.000000
2020-06-09,32.236431,32.490146,31.837008,32.192936,5535400.000000
2020-06-10,32.178442,32.258182,31.460790,31.591272,4267700.000000
2020-06-11,29.884129,30.474926,28.234976,28.459694,9225100.000000
2020-06-12,30.315453,30.384320,28.985256,29.887760,5034900.000000
2020-06-15,28.619171,30.772134,28.481441,30.431429,5665300.000000
2020-06-16,32.011720,32.258187,30.039983,30.627155,5592400.000000
2020-06-17,30.953365,31.022956,29.742775,29.844261,3525100.000000
2020-06-18,29.467315,30.438686,29.271591,30.141476,4106800.000000
2020-06-19,30.902624,31.170837,30.061736,30.192219,7494400.000000
2020-06-22,30.054479,30.540166,29.481805,30.257454,3316000.000000
2020-06-23,30.793880,30.793880,29.960243,29.974739,3603900.000000
2020-06-24,29.431060,29.518051,27.778282,27.872520,7707200.000000
2020-06-25,27.546317,29.017869,27.314348,28.981625,5986900.000000
2020-06-26,28.677170,28.996126,28.075499,28.851145,8333800.000000
2020-06-29,29.257083,29.862376,29.133848,29.706522,7756700.000000
2020-06-30,29.423814,29.684780,28.822144,29.547047,4835300.000000
2020-07-01,29.539803,29.938499,29.235345,29.539803,4023600.000000
2020-07-02,30.199470,30.627163,29.655793,30.148727,4017500.000000
2020-07-06,30.902619,31.011353,30.126973,30.772137,4679000.000000
2020-07-07,30.257452,30.496669,29.844255,30.221205,4535900.000000
2020-07-08,30.076228,30.286448,28.731530,29.249836,4824200.000000
2020-07-09,29.278838,29.373076,28.394455,28.590179,3671900.000000
2020-07-10,28.590175,29.590542,28.577853,29.547047,3007800.000000
2020-07-13,29.793512,30.329941,29.358571,29.895000,3089000.000000
2020-07-14,29.952996,30.938865,29.895005,30.764887,4350800.000000
2020-07-15,31.642016,31.968220,30.848247,31.410048,3788300.000000
2020-07-16,31.308551,32.087822,31.054836,31.772491,4259800.000000
2020-07-17,31.946476,32.004469,31.141833,31.656513,4610600.000000
2020-07-20,31.417302,31.660144,30.532920,30.663403,3580900.000000
2020-07-21,30.808385,31.482545,30.772140,31.199833,3399600.000000
2020-07-22,31.127339,32.258189,31.087469,32.142204,5792500.000000
2020-07-23,31.170829,31.315810,30.358938,31.040346,6574300.000000
2020-07-24,31.040346,31.518782,30.663396,30.888117,2999600.000000
2020-07-27,31.033097,32.243684,30.757634,31.895731,4733600.000000
2020-07-28,31.707264,31.910236,30.873624,30.895370,3395400.000000
2020-07-29,31.025848,31.631869,30.982356,31.547779,3186900.000000
2020-07-30,30.924360,31.047595,29.967489,30.250200,4118700.000000
2020-07-31,30.076229,30.387935,29.423815,29.764521,7462100.000000
2020-08-03,29.880501,29.894999,29.054112,29.061359,5079900.000000
2020-08-04,29.025118,30.348067,28.923632,29.952993,5408800.000000
2020-08-05,30.373434,30.793876,30.264697,30.438675,3563600.000000
2020-08-06,30.221206,30.675723,29.761619,30.482172,3724900.000000
2020-08-07,30.141476,30.927996,30.042888,30.902624,2913100.000000
2020-08-10,31.033099,32.540896,31.033099,32.475655,4245900.000000
2020-08-11,33.012090,33.396288,32.142206,32.258190,4373800.000000
2020-08-12,32.780116,32.896100,31.844990,32.098705,2577300.000000
2020-08-13,31.794249,32.526400,31.685512,32.207443,2767100.000000
2020-08-14,31.859481,32.722114,31.772493,32.526390,1998300.000000
2020-08-17,32.693113,32.939580,32.047950,32.229176,3257300.000000
2020-08-18,32.192945,32.642384,32.120456,32.410416,2447100.000000
2020-08-19,32.395913,32.693123,32.076957,32.359669,3453400.000000
2020-08-20,31.910234,31.997222,31.555030,31.671015,3324000.000000
2020-08-21,31.533287,31.801500,31.352061,31.598528,2511600.000000
2020-08-24,32.113195,33.454267,31.910223,33.432518,4609000.000000
2020-08-25,33.642749,33.823974,32.963514,33.048328,4188000.000000
2020-08-26,33.113571,33.823975,32.823608,33.592007,3928500.000000
2020-08-27,33.838471,34.034195,33.207806,33.461521,3702300.000000
2020-08-28,33.424717,34.013568,33.100849,33.895798,3772900.000000
2020-08-31,33.851641,33.939968,33.189181,33.211262,3916800.000000
2020-09-01,32.968363,34.801164,32.732822,34.793804,5428300.000000
2020-09-02,35.095585,36.273288,34.904207,36.229126,7305900.000000
2020-09-03,36.273292,36.656046,35.272243,35.618195,6726900.000000
2020-09-04,36.280661,36.582447,35.390022,35.772774,5325900.000000
2020-09-08,35.102945,35.636594,34.915251,35.279602,4280800.000000
2020-09-09,35.750689,36.714936,35.699165,36.236492,4168100.000000
2020-09-10,36.288020,36.619250,35.816939,35.846382,4211300.000000
2020-09-11,36.221774,37.112413,36.096645,36.692856,6225700.000000
2020-09-14,36.854789,37.178657,36.578765,36.869511,5298900.000000
2020-09-15,37.252258,37.951520,37.090322,37.590847,4771700.000000
2020-09-16,36.943114,37.612933,36.383705,36.582443,5863500.000000
2020-09-17,36.339533,37.723336,35.956779,37.517239,5253700.000000
2020-09-18,37.193374,37.708620,36.987276,37.075603,6271100.000000
2020-09-21,36.096639,36.310099,34.727558,35.264885,6468800.000000
2020-09-22,35.316418,35.445229,34.742288,35.183926,4181900.000000
2020-09-23,35.095598,35.419466,34.204960,34.403698,4018000.000000
2020-09-24,34.352165,34.587709,33.630822,34.160789,4648700.000000
2020-09-25,33.689705,34.153427,33.586656,33.888443,4090200.000000
2020-09-28,34.227036,35.537231,34.227036,34.948380,3993100.000000
2020-09-29,34.764367,35.169203,34.050383,34.278564,2716800.000000
2020-09-30,34.734919,35.419460,34.308003,34.631870,4663200.000000
2020-10-01,34.749639,34.963098,33.807476,33.939968,3407600.000000
2020-10-02,33.395267,34.941005,33.218613,34.823235,4559000.000000
2020-10-05,35.257524,35.981075,35.110311,35.758049,3913400.000000
2020-10-06,36.155521,36.648686,35.228080,35.242802,4474700.000000
2020-10-07,35.662356,36.111356,35.331126,35.551945,4506400.000000
2020-10-08,35.787486,36.368978,35.681495,36.346897,2962000.000000
2020-10-09,36.656048,36.869507,35.846377,36.332180,4472800.000000
2020-10-12,36.361622,36.435228,35.523980,35.758049,3005700.000000
2020-10-13,35.684440,36.052472,35.183915,35.242802,6832200.000000
2020-10-14,35.213360,36.045115,34.904212,35.942066,5322100.000000
2020-10-15,35.242810,36.122408,35.213367,36.074562,2793200.000000
2020-10-16,36.339534,36.799575,36.162880,36.288010,2754300.000000
2020-10-19,36.310098,37.046163,35.875819,35.949425,2903500.000000
2020-10-20,36.324815,36.913669,36.221766,36.317455,2503600.000000
2020-10-21,36.346909,36.593490,35.735973,35.735973,4092500.000000
2020-10-22,36.663410,36.921031,34.705476,35.934704,5244000.000000
2020-10-23,36.449951,36.766459,35.632918,35.721245,3123400.000000
2020-10-26,35.286964,35.434178,34.460365,34.705475,4026400.000000
2020-10-27,34.536186,34.734924,34.146072,34.278564,4141200.000000
2020-10-28,33.078771,33.638183,32.629774,33.255428,6157100.000000
2020-10-29,32.850593,34.344805,32.806428,34.043018,4300100.000000
2020-10-30,33.755948,33.998848,32.924193,33.483604,5165900.000000
2020-11-02,34.043013,35.375292,33.770670,35.198635,3675800.000000
2020-11-03,35.515147,36.089277,35.080868,35.868458,3293500.000000
2020-11-04,35.294325,35.581390,34.044485,34.190228,4542300.000000
2020-11-05,34.521454,36.398420,34.506733,36.045109,4253000.000000
2020-11-06,36.236496,36.670775,35.353953,35.500431,3061500.000000
2020-11-09,37.973606,39.880015,37.936804,38.363720,9208300.000000
2020-11-10,38.518285,39.526693,38.326907,39.350037,6148700.000000
2020-11-11,39.379483,39.456769,38.290107,38.429958,4118500.000000
2020-11-12,38.084010,38.326910,37.200731,37.568764,3467600.000000
2020-11-13,37.002000,38.371081,36.950475,38.253311,3482900.000000
2020-11-16,39.416297,39.703362,38.378445,39.696003,4075600.000000
2020-11-17,39.129228,40.159720,38.886328,40.100834,4795000.000000
2020-11-18,40.225958,41.422064,40.137629,40.704399,5903500.000000
2020-11-19,40.417333,40.844252,39.688627,40.733841,3514000.000000
2020-11-20,40.535113,40.792735,39.953621,40.284851,2871700.000000
2020-11-23,40.689688,41.433116,40.689688,41.175491,4560700.000000
2020-11-24,41.955719,42.824276,41.668654,42.493046,4442800.000000
2020-11-25,42.286942,42.286942,41.341099,41.536156,4158500.000000
2020-11-27,41.670326,41.774669,40.999545,41.290218,2847400.000000
2020-11-30,40.910100,40.992084,39.352400,39.508915,8760600.000000
2020-12-01,40.567261,40.567261,39.426937,39.896481,4328700.000000
2020-12-02,39.739957,39.922557,39.270410,39.650520,3723000.000000
2020-12-03,39.494009,40.164042,39.352399,39.948647,3213800.000000
2020-12-04,40.105163,41.066611,40.097708,41.029346,3294500.000000
2020-12-07,40.939917,40.947369,39.516374,39.657982,3602700.000000
2020-12-08,39.426932,40.746129,39.352399,40.656693,3161500.000000
2020-12-09,40.947360,41.551063,40.507627,40.738674,3219100.000000
2020-12-10,40.738686,41.074076,40.276594,40.567265,3402000.000000
2020-12-11,40.462914,40.582163,39.926289,40.246773,2674800.000000
2020-12-14,40.693965,40.813214,39.523827,39.546188,3121900.000000
2020-12-15,40.134977,40.358573,39.613262,40.343666,2335500.000000
2020-12-16,40.269135,40.328761,39.680342,40.120075,1948800.000000
2020-12-17,40.395839,40.492731,39.937472,40.120075,2222300.000000
2020-12-18,41.074066,41.551064,40.425646,41.483986,11536700.000000
2020-12-21,40.284048,41.141156,40.045548,41.051720,4458800.000000
2020-12-22,40.999538,41.193320,40.574711,40.746132,2268300.000000
2020-12-23,41.006990,41.565973,40.790849,40.805756,2251600.000000
2020-12-24,40.932456,40.968231,40.496450,40.835567,1074700.000000
2020-12-28,41.193333,41.565989,40.380944,40.462929,3668200.000000
2020-12-29,40.619431,40.857930,40.134978,40.492729,2222000.000000
2020-12-30,40.507631,41.483989,40.470366,41.342381,3790000.000000
2020-12-31,41.342380,41.811924,41.074068,41.364738,2663500.000000
2021-01-04,41.603229,41.827566,39.985906,40.276577,4852800.000000
2021-01-05,40.351118,41.864097,40.246775,41.588333,3112800.000000
2021-01-06,42.445437,44.129838,42.147312,43.548496,6208400.000000
2021-01-07,43.973331,44.547221,43.306278,43.608128,4437600.000000
2021-01-08,43.503779,43.868982,43.041687,43.384529,4063500.000000
2021-01-11,43.004435,43.936074,42.669045,43.868996,3455900.000000
2021-01-12,44.211824,45.620461,43.973325,45.493759,6235000.000000
2021-01-13,45.277614,45.694989,44.465226,44.740990,3236300.000000
2021-01-14,44.875147,45.091288,44.286351,44.457775,3578800.000000
2021-01-15,43.690104,43.839167,42.579593,42.713749,6692900.000000
2021-01-19,43.049135,43.377073,41.983343,42.892620,4919300.000000
2021-01-20,43.131125,43.697563,42.654127,43.652843,3724400.000000
2021-01-21,43.608121,43.801903,42.713750,42.900078,3442000.000000
2021-01-22,42.475259,43.067779,42.385819,42.855366,2621500.000000
2021-01-25,42.378365,42.795737,41.483992,42.654129,3682400.000000
2021-01-26,43.146029,43.414342,41.513800,41.543613,3060300.000000
2021-01-27,40.723773,41.051711,39.248058,40.537445,6283500.000000
2021-01-28,40.351123,40.880293,39.501469,40.529999,5817000.000000
2021-01-29,40.134975,40.772218,38.577276,38.681622,8895400.000000
2021-02-01,39.046824,39.382214,38.256796,39.315136,4128300.000000
2021-02-02,39.918833,40.895188,39.404567,40.701408,5229500.000000
2021-02-03,40.477824,41.286485,40.275845,41.252945,3984200.000000
2021-02-04,41.342376,42.013154,40.857923,41.990795,4312200.000000
2021-02-05,42.288924,43.101312,42.065328,42.661579,3732500.000000
2021-02-08,43.041690,43.421797,42.639222,42.743565,2543200.000000
2021-02-09,42.855366,42.866546,42.013164,42.184586,4209500.000000
2021-02-10,42.482707,43.511236,42.095145,42.982063,3453000.000000
2021-02-11,43.086409,43.183298,42.251659,42.982063,2326500.000000
2021-02-12,42.900072,43.429242,42.814360,43.339806,1975100.000000
2021-02-16,43.898800,44.237915,43.630488,43.787003,4072700.000000
2021-02-17,43.660302,43.906254,42.937350,43.630489,3277800.000000
2021-02-18,43.451606,43.723646,42.557233,42.900078,3112600.000000
2021-02-19,43.041692,45.113655,43.041692,45.009312,4037100.000000
2021-02-22,45.180723,46.626628,44.867694,46.567001,5672600.000000
2021-02-23,46.909853,46.932214,45.844058,46.298698,4147200.000000
2021-02-24,46.209245,47.684959,46.166763,47.468819,4668600.000000
2021-02-25,47.084502,47.353536,46.063383,46.232941,3260300.000000
2021-02-26,45.856141,46.006860,44.311276,44.695610,6399700.000000
2021-03-01,46.082221,46.926244,45.645135,46.376122,4083800.000000
2021-03-02,46.881031,48.260108,46.572058,47.272900,7316000.000000
2021-03-03,47.099569,47.770267,46.730307,46.911171,5390300.000000
2021-03-04,46.768002,47.190012,45.283422,46.119911,6050400.000000
2021-03-05,46.813203,47.506511,45.780782,47.408543,3883800.000000
2021-03-08,47.604482,48.433434,47.107111,47.807953,4437600.000000
2021-03-09,47.981271,48.011416,46.654949,46.918705,5823200.000000
2021-03-10,47.190007,48.576618,47.001608,48.297787,4238500.000000
2021-03-11,48.478653,49.187026,48.395757,48.471115,3651800.000000
2021-03-12,48.742408,49.021239,48.139534,48.486183,2690800.000000
2021-03-15,48.282715,48.448506,47.061895,47.401012,5353300.000000
2021-03-16,47.242749,48.101848,46.617268,47.612011,6461600.000000
2021-03-17,47.838093,49.925547,47.612016,49.744686,5138900.000000
2021-03-18,49.782357,50.694204,48.704718,48.772545,4203500.000000
2021-03-19,48.772548,48.832836,47.220145,48.162136,6445800.000000
2021-03-22,48.079241,48.079241,47.024213,47.860699,4631100.000000
2021-03-23,47.227682,47.241248,45.517028,45.780785,5523500.000000
2021-03-24,46.421332,47.792871,46.272875,46.752914,4322600.000000
2021-03-25,46.323366,47.709978,46.157575,47.657227,3921200.000000
2021-03-26,47.770270,48.335465,47.544192,48.222427,4256300.000000
2021-03-29,47.943602,49.073994,47.853171,48.154610,3193700.000000
2021-03-30,48.018950,48.825295,47.838087,48.689648,2605100.000000
2021-03-31,48.433426,48.953407,47.860697,48.184742,3643800.000000
2021-04-01,48.192287,48.772555,47.838098,48.682121,3698900.000000
2021-04-05,48.983548,49.149339,48.418353,48.674572,4077900.000000
2021-04-06,48.410827,49.277461,48.327932,48.682121,3420300.000000
2021-04-07,48.599221,48.960948,47.973740,48.222427,2374000.000000
2021-04-08,48.124458,48.252567,47.190001,47.619549,3638900.000000
2021-04-09,47.619562,47.898393,47.129728,47.581882,3721000.000000
2021-04-12,47.928524,48.343003,47.702447,48.071709,3143800.000000
2021-04-13,47.920985,47.988809,47.061889,47.709980,4471600.000000
2021-04-14,47.920994,48.817769,47.747668,48.410828,4234400.000000
2021-04-15,48.893120,48.923264,48.079241,48.659508,2632500.000000
2021-04-16,49.187026,49.367892,48.425901,48.742409,3698800.000000
2021-04-19,48.832830,49.013691,48.184737,48.644432,2566600.000000
2021-04-20,48.229965,48.267647,46.933784,47.084503,4532200.000000
2021-04-21,47.069424,48.998621,47.005369,48.847904,4283500.000000
2021-04-22,48.229962,48.267644,45.758178,45.916431,12028900.000000
2021-04-23,46.044537,47.092034,45.554703,46.805668,5682300.000000
2021-04-26,46.994076,47.340728,46.670030,46.873501,4871600.000000
2021-04-27,46.926242,47.363325,46.511767,47.212608,3781300.000000
2021-04-28,47.498972,48.278944,47.250288,47.709980,5584300.000000
2021-04-29,48.094316,48.749944,47.804184,48.275177,4366000.000000
2021-04-30,47.815485,48.011418,46.948852,47.099571,4932300.000000
2021-05-03,47.612008,49.009925,47.566791,48.644432,6327800.000000
2021-05-04,48.418352,49.940607,48.079235,49.902931,7367200.000000
2021-05-05,50.106403,51.421425,49.842646,51.297081,7467100.000000
2021-05-06,51.259400,52.065745,50.618847,52.028069,4670600.000000
2021-05-07,51.508087,52.239074,51.078540,52.028069,5174900.000000
2021-05-10,52.563123,53.203676,51.741709,51.794460,5039000.000000
2021-05-11,51.123752,51.922565,50.641453,51.673878,5693400.000000
2021-05-12,51.809527,52.073284,50.792178,50.942894,4886200.000000
2021-05-13,50.837393,51.696489,50.731890,51.304623,3068400.000000
2021-05-14,51.621129,52.781663,51.523164,52.623409,4817200.000000
2021-05-17,52.435017,53.565407,52.352122,53.437298,3607500.000000
2021-05-18,53.505114,53.791477,52.382262,52.397331,3523800.000000
2021-05-19,51.621135,51.930111,50.694213,51.658817,4398500.000000
2021-05-20,51.590986,51.786922,51.138831,51.440269,3126500.000000
2021-05-21,51.756776,52.450080,51.658811,51.869816,3855700.000000
2021-05-24,52.442553,52.759067,52.069528,52.412415,3420100.000000
2021-05-25,52.344576,53.090632,51.967780,52.028069,4419400.000000
2021-05-26,51.869818,52.480226,51.402588,52.427475,6059200.000000
2021-05-27,52.770040,53.257241,51.947886,52.267616,6256600.000000
2021-05-28,52.587341,52.655851,51.544423,52.084911,3815200.000000
2021-06-01,52.655846,53.691151,52.412246,53.599804,4139100.000000
2021-06-02,53.531291,53.531291,52.419863,52.488373,4797800.000000
2021-06-03,52.792884,53.820574,52.100907,53.752064,4322500.000000
2021-06-04,54.048954,54.155529,53.196348,53.569366,3041900.000000
2021-06-07,53.569352,53.645476,52.442696,52.709133,2803900.000000
2021-06-08,52.541664,53.074545,52.001176,52.815716,3469400.000000
2021-06-09,52.716753,52.914680,52.122977,52.404636,3379200.000000
2021-06-10,53.280078,53.417103,51.727121,51.757572,4022000.000000
2021-06-11,52.122976,52.541662,51.643383,51.765186,2726100.000000
2021-06-14,51.635757,51.902194,50.722250,50.973465,3712800.000000
2021-06-15,50.935419,51.327464,50.577630,51.171406,3255000.000000
2021-06-16,51.011548,51.095286,49.633677,49.930565,5428800.000000
2021-06-17,50.067585,50.090428,47.448880,48.369995,5696100.000000
2021-06-18,47.616356,47.996982,47.106318,47.182442,8745300.000000
2021-06-21,48.065489,48.681344,47.799052,48.042652,5260000.000000
2021-06-22,48.309095,48.583147,47.715319,48.339546,4019100.000000
2021-06-23,48.720180,48.925716,48.035051,48.073116,3254400.000000
2021-06-24,48.552690,48.590755,47.776212,48.042652,4253700.000000
2021-06-25,48.149233,48.621209,48.042658,48.179684,4259700.000000
2021-06-28,48.187297,48.187297,47.327080,47.882797,2727000.000000
2021-06-29,48.172074,48.575540,47.639200,47.943699,2652900.000000
2021-06-30,47.844738,48.430903,47.768614,48.172077,3356500.000000
2021-07-01,48.887649,49.039897,48.278645,48.339546,3324700.000000
2021-07-02,48.210138,48.545088,47.806672,48.347160,3172800.000000
2021-07-06,48.263425,48.301487,46.744724,47.144382,3727000.000000
2021-07-07,46.969289,47.570680,46.507971,47.387978,3424300.000000
2021-07-08,46.436414,47.212892,46.169977,46.748528,4251300.000000
2021-07-09,47.372755,48.468957,47.273791,48.019821,5063200.000000
2021-07-12,47.623973,48.415674,47.178638,48.126400,3100400.000000
2021-07-13,48.278645,48.484184,47.441268,47.730545,3074500.000000
2021-07-14,47.913245,48.449929,47.327080,47.441269,2571700.000000
2021-07-15,47.045424,47.745778,46.961685,47.129162,2745800.000000
2021-07-16,46.664790,46.984518,45.522911,45.682774,6961300.000000
2021-07-19,44.259235,44.518061,43.433277,43.992798,7815400.000000
2021-07-20,44.259233,45.058548,43.869471,44.624634,6771700.000000
2021-07-21,45.309765,45.713228,44.955782,45.469627,7428300.000000
2021-07-22,44.578962,46.352679,44.152659,46.040565,7111300.000000
2021-07-23,46.314614,46.649564,45.522910,45.758900,4690500.000000
2021-07-26,45.827415,47.228120,45.827415,47.205280,6534300.000000
2021-07-27,46.824654,47.517394,46.329841,47.159607,3568500.000000
2021-07-28,47.068261,47.426048,46.482096,47.098709,4113600.000000
2021-07-29,47.532619,47.905634,47.205280,47.654419,3708600.000000
2021-07-30,47.570688,48.130206,46.942654,47.319473,4646800.000000
2021-08-02,47.426049,48.408065,46.581058,46.603897,3714500.000000
2021-08-03,46.550602,47.403204,45.793153,47.372753,4819700.000000
2021-08-04,46.999750,47.349925,46.421196,46.428810,3340100.000000
2021-08-05,46.657184,47.045422,46.360296,46.436420,3037100.000000
2021-08-06,46.900786,47.479337,46.855109,47.197674,3142800.000000
2021-08-09,46.984522,47.368953,46.710470,47.060646,3178100.000000
2021-08-10,47.212901,48.392842,47.151999,48.050278,3560000.000000
2021-08-11,48.278651,48.948557,48.126403,48.902878,3583600.000000
2021-08-12,48.994232,49.192159,48.189588,48.727795,3581400.000000
2021-08-13,48.697337,48.796298,48.225358,48.484184,2385600.000000
2021-08-16,48.111173,48.411868,47.304244,48.202522,3163400.000000
2021-08-17,47.722929,47.863761,46.542988,47.433655,3974300.000000
2021-08-18,47.129152,47.829506,46.976901,47.106316,4574000.000000
2021-08-19,46.466868,46.733305,45.789354,46.093853,3981600.000000
2021-08-20,45.987283,46.520161,45.918770,46.352684,3203600.000000
2021-08-23,46.817037,47.517388,46.786586,47.243340,3439900.000000
2021-08-24,47.547840,48.362380,47.547840,48.156841,2896000.000000
2021-08-25,48.187294,48.857198,47.821893,48.621208,3246700.000000
2021-08-26,48.598376,49.146476,48.316713,48.453739,3618500.000000
2021-08-27,48.864819,50.132306,48.811532,49.770706,5348700.000000
2021-08-30,50.016949,50.269344,49.208983,49.232067,3925000.000000
2021-08-31,49.016601,49.155110,48.239413,48.401009,5450000.000000
2021-09-01,48.347150,48.477962,47.562268,48.123997,3949200.000000
2021-09-02,48.293283,48.754979,48.031656,48.185555,3414600.000000
2021-09-03,48.054738,48.343297,47.454532,47.800804,3690400.000000
2021-09-07,47.693077,47.939314,47.431450,47.608433,2514300.000000
2021-09-08,47.577662,47.793119,46.561931,46.700439,4629000.000000
2021-09-09,46.361857,47.085178,46.223349,46.384941,4439100.000000
2021-09-10,46.823549,47.277549,46.431110,46.484974,4093300.000000
2021-09-13,47.146742,47.392979,46.334928,46.723522,4549200.000000
2021-09-14,47.123653,47.169821,45.801665,45.900162,4493600.000000
2021-09-15,45.977112,46.685042,45.915551,46.323383,5167600.000000
2021-09-16,46.277216,46.415724,45.453860,45.761658,4650700.000000
2021-09-17,45.246087,45.530798,44.222665,44.438122,9622900.000000
2021-09-20,43.291592,43.961051,42.560577,43.230034,7683900.000000
2021-09-21,43.545520,43.753283,42.483621,42.729858,6156400.000000
2021-09-22,43.291581,43.845615,43.287735,43.322361,6823800.000000
2021-09-23,43.684030,44.665130,43.553215,44.191895,7814100.000000
2021-09-24,44.014911,44.122639,43.660945,43.714809,7964900.000000
2021-09-27,43.768681,46.461901,43.768681,45.930950,12374000.000000
2021-09-28,46.284907,46.665804,45.507719,45.753956,6681800.000000
2021-09-29,45.753956,45.861685,45.223008,45.261482,4578800.000000
2021-09-30,45.338429,45.530802,44.284227,44.291924,4929000.000000
2021-10-01,44.376569,45.407688,44.053384,45.076809,6925300.000000
2021-10-04,45.076801,45.399986,44.384258,44.815174,5652900.000000
2021-10-05,44.830571,45.742419,44.707453,45.476944,5646200.000000
2021-10-06,44.907517,45.069110,43.322364,43.984127,8699100.000000
2021-10-07,44.545862,45.761659,44.468914,45.022945,7235900.000000
2021-10-08,45.253796,45.623152,44.938305,45.176846,4260200.000000
2021-10-11,45.592377,46.000206,44.792105,44.807495,4139000.000000
2021-10-12,44.645900,44.915220,44.245764,44.430443,5443800.000000
2021-10-13,44.568941,44.668975,43.591689,43.791756,7689800.000000
2021-10-14,44.191890,45.230702,43.968737,45.199924,6430400.000000
2021-10-15,45.761659,45.961726,45.276879,45.369217,4288200.000000
2021-10-18,44.399655,45.700094,44.322704,45.361519,4660100.000000
2021-10-19,45.469252,45.607761,45.046032,45.546200,3650600.000000
2021-10-20,45.523114,46.637339,45.354597,46.084843,5875300.000000
2021-10-21,46.223352,47.069792,44.599725,45.600063,8916600.000000
2021-10-22,45.892473,46.315692,44.922915,44.938305,5889500.000000
2021-10-25,45.584678,45.811677,45.099898,45.176846,6293200.000000
2021-10-26,45.176846,45.984811,44.769016,45.176846,6875200.000000
2021-10-27,45.076812,45.076812,43.014574,43.091522,11512700.000000
2021-10-28,43.283888,43.753278,43.253107,43.530125,5974400.000000
2021-10-29,43.191562,43.591698,42.829900,43.068443,5894900.000000
2021-11-01,43.099208,44.615107,43.099208,44.199581,7562000.000000
2021-11-02,44.353478,45.199920,44.045683,44.992157,5929500.000000
2021-11-03,45.007559,45.850151,44.699762,45.438473,6234300.000000
2021-11-04,45.399996,45.411538,43.703266,43.991825,9047900.000000
2021-11-05,44.045697,45.203780,44.045697,44.869053,4979100.000000
2021-11-08,45.346128,45.923247,44.857500,45.069111,4894100.000000
2021-11-09,45.046034,45.492338,44.934458,45.238407,4447800.000000
2021-11-10,45.276877,45.623149,45.007557,45.215317,5103900.000000
2021-11-11,45.461555,46.154095,45.415384,45.923248,4140400.000000
2021-11-12,46.007893,46.592705,45.753960,46.215656,3499400.000000
2021-11-15,46.554228,46.800465,46.000193,46.107922,3470400.000000
2021-11-16,46.146407,46.161797,45.276880,45.292271,4004700.000000
2021-11-17,45.153763,45.384610,44.761321,44.892136,3342400.000000
2021-11-18,44.899823,44.915213,44.376569,44.615112,3801500.000000
2021-11-19,44.207287,44.261151,43.114608,44.122643,7424300.000000
2021-11-22,44.291933,45.623153,44.176508,45.238407,5309200.000000
2021-11-23,45.661624,45.954032,45.269185,45.538506,5279400.000000
2021-11-24,45.323043,45.684702,45.084500,45.115280,3307100.000000
2021-11-26,43.583993,44.453519,43.076129,44.322704,4317500.000000
2021-11-29,45.101678,45.475578,43.917662,44.291561,4564300.000000
2021-11-30,43.824179,44.003342,42.383108,42.788166,10398200.000000
2021-12-01,43.224386,43.465861,41.051092,41.097828,9113300.000000
2021-12-02,40.895289,41.654771,40.560336,41.424980,7333300.000000
2021-12-03,41.284768,41.923513,41.074449,41.339294,6969100.000000
2021-12-06,42.344156,42.623022,41.939098,41.970257,6066400.000000
2021-12-07,42.414262,43.138693,42.274050,42.733635,5806900.000000
2021-12-08,43.084164,43.216585,42.671314,42.772579,5013700.000000
2021-12-09,42.250681,42.515527,41.849515,42.367523,5607700.000000
2021-12-10,42.959529,43.045212,42.285729,42.593418,3628600.000000
2021-12-13,42.422062,42.570066,41.336975,41.534050,5398800.000000
2021-12-14,41.479512,42.453210,41.392270,41.970257,4048700.000000
2021-12-15,41.900144,42.118251,41.175712,42.094883,4955200.000000
2021-12-16,42.398687,43.123119,42.274054,42.531109,5605900.000000
2021-12-17,42.476580,42.581741,41.580781,42.141628,10400000.000000
2021-12-20,41.362665,41.744355,40.871923,41.682037,6251000.000000
2021-12-21,42.196154,42.694689,41.985838,42.219524,4422000.000000
2021-12-22,42.157204,42.359734,41.783304,42.242889,3729600.000000
2021-12-23,42.453208,43.390293,42.336363,42.951740,6240200.000000
2021-12-27,43.084160,43.535954,42.975103,43.520374,3249000.000000
2021-12-28,43.629433,44.400602,43.551538,44.112389,4748100.000000
2021-12-29,44.143550,44.486293,44.057867,44.447346,3580900.000000
2021-12-30,44.556401,45.047145,44.186394,44.229237,3678700.000000
2021-12-31,44.275965,44.393589,43.851432,44.182491,3093900.000000
2022-01-03,44.556401,45.101672,44.237028,44.299343,5231900.000000
2022-01-04,44.595352,45.724842,44.478507,45.498943,9068000.000000
2022-01-05,45.794938,46.418103,45.424931,45.452194,6706300.000000
2022-01-06,45.561248,45.849462,44.587551,45.366508,5820800.000000
2022-01-07,45.670311,46.359687,45.514518,46.036419,4633100.000000
2022-01-10,45.833894,46.192214,45.167885,45.491154,5544300.000000
2022-01-11,45.997467,46.324631,45.498934,46.098732,5720400.000000
2022-01-12,46.359684,46.846533,45.872835,46.161049,3742400.000000
2022-01-13,46.192206,46.914302,46.119764,46.690739,4482600.000000
2022-01-14,46.511583,47.384018,46.184422,47.313911,6795300.000000
2022-01-18,47.329483,47.632498,46.402524,46.893269,4796900.000000
2022-01-19,47.329482,47.454116,46.262311,46.612843,4351100.000000
2022-01-20,46.659577,46.776419,45.000396,45.031555,5765700.000000
2022-01-21,44.930290,45.000396,44.042279,44.182491,6189500.000000
2022-01-24,43.387955,44.260387,42.531100,44.104595,8872700.000000
2022-01-25,43.535964,44.758928,42.561488,44.540821,5644100.000000
2022-01-26,44.735552,45.374298,44.127966,44.571972,6126000.000000
2022-01-27,45.755995,47.742337,45.755995,46.877693,11664200.000000
2022-01-28,47.290539,47.594332,46.013048,46.768639,6971900.000000
2022-01-31,46.348001,46.776427,45.397671,46.527161,8056100.000000
2022-02-01,46.581685,48.287605,46.503791,48.147392,6659400.000000
2022-02-02,48.069492,48.677081,47.609906,48.030544,5463400.000000
2022-02-03,47.905906,48.642021,47.637165,47.680008,5363800.000000
2022-02-04,47.672230,48.077288,47.158117,47.204853,4995100.000000
2022-02-07,47.461903,47.594325,46.527153,46.667366,6214400.000000
2022-02-08,47.033485,47.648859,47.033485,47.586544,5595500.000000
2022-02-09,47.898130,48.474557,47.711179,48.287609,5515900.000000
2022-02-10,48.209705,48.653711,47.290534,47.477486,6537200.000000
2022-02-11,47.360646,48.225289,47.010114,47.586544,6042100.000000
2022-02-14,47.594330,47.804649,46.834847,47.384014,4472000.000000
2022-02-15,47.376220,48.303178,47.290534,48.186337,4076800.000000
2022-02-16,48.022760,49.004245,47.999389,48.357712,5613600.000000
2022-02-17,47.796865,48.377188,47.224330,47.648861,3927800.000000
2022-02-18,47.321689,47.765695,46.885471,47.197056,5078900.000000
2022-02-22,47.454114,47.547591,46.690736,46.971161,5664000.000000
2022-02-23,47.415176,47.664442,46.640113,46.714115,5155100.000000
2022-02-24,45.872835,45.935153,44.805663,45.740414,8108500.000000
2022-02-25,46.055752,47.415668,45.976918,47.025433,5445200.000000
2022-02-28,45.976917,46.654904,45.732526,46.481464,6438200.000000
2022-03-01,46.607599,46.753446,44.360786,45.038773,7668100.000000
2022-03-02,45.369881,47.135800,45.338346,46.670670,6499800.000000
2022-03-03,46.741622,47.254051,46.308027,47.041195,4514800.000000
2022-03-04,46.039985,46.414453,45.590623,46.378979,5869500.000000
2022-03-07,46.315904,46.599713,45.444771,45.708870,6987800.000000
2022-03-08,45.811360,46.686435,45.425064,45.598503,6583400.000000
2022-03-09,46.710085,48.010874,46.465694,47.143681,7484700.000000
2022-03-10,46.702205,48.121245,46.694320,47.798019,5421000.000000
2022-03-11,48.137011,49.264361,47.987222,48.018757,6140000.000000
2022-03-14,48.381407,48.901722,47.120038,47.522099,5836200.000000
2022-03-15,47.198855,47.510256,45.425055,46.410500,8354400.000000
2022-03-16,46.639133,47.419607,46.292258,47.017544,6154800.000000
2022-03-17,46.812576,49.571822,46.623369,49.540287,9420600.000000
2022-03-18,49.059391,50.005419,48.724340,49.185528,9510800.000000
2022-03-21,49.761028,50.234043,49.295898,49.934467,4836500.000000
2022-03-22,50.454778,50.872606,49.855629,50.100018,5136700.000000
2022-03-23,49.981765,50.328640,49.682189,49.902927,2936100.000000
2022-03-24,50.265574,50.612450,49.989651,50.525730,3611400.000000
2022-03-25,50.525725,51.030278,50.328639,51.006622,3962900.000000
2022-03-28,50.691286,50.888375,49.697956,50.541496,3879300.000000
2022-03-29,50.415358,50.707049,49.524515,50.604565,4225600.000000
2022-03-30,50.833191,51.195834,50.478427,50.659752,3145900.000000
2022-03-31,50.573029,51.073636,50.226150,50.234035,4302100.000000
2022-04-01,50.683403,51.187950,50.013299,50.596684,3317100.000000
2022-04-04,50.856847,50.856847,49.918702,50.462669,3650000.000000
2022-04-05,50.454779,50.959327,49.989649,50.052719,3432500.000000
2022-04-06,49.831977,49.895047,48.318335,48.617908,4977000.000000
2022-04-07,48.720399,48.720399,47.325009,48.286804,4644800.000000
2022-04-08,48.696746,49.098806,48.341985,48.625793,3913900.000000
2022-04-11,48.365634,49.366847,48.207966,48.838650,2760400.000000
2022-04-12,49.280128,50.257691,49.106692,49.871395,4137300.000000
2022-04-13,50.052717,50.636102,49.839861,50.580917,3465600.000000
2022-04-14,50.841069,52.031488,50.762235,51.629425,7000200.000000
2022-04-18,51.629428,52.409904,51.479644,51.936886,4958900.000000
2022-04-19,52.055130,53.095760,51.960532,52.859257,5292500.000000
2022-04-20,52.875024,53.742214,52.851374,53.245552,5021500.000000
2022-04-21,54.396563,56.651261,54.309843,54.798626,10282500.000000
2022-04-22,55.240103,56.154599,53.797410,54.002384,7439400.000000
2022-04-25,53.143076,53.876241,51.660963,53.663387,7252100.000000
2022-04-26,53.797408,54.380795,53.095771,53.111542,6612800.000000
2022-04-27,53.702802,53.868356,52.860049,53.174599,5412300.000000
2022-04-28,53.639721,53.639721,52.118195,53.458397,5532300.000000
2022-04-29,53.702809,54.171876,52.275881,52.425671,6499800.000000
2022-05-02,52.938101,53.064235,51.881701,52.867146,7250100.000000
2022-05-03,52.914450,53.868360,52.867145,53.726456,4599500.000000
2022-05-04,54.254656,55.799833,53.947197,55.665813,5589800.000000
2022-05-05,55.389883,55.468717,53.237669,53.978725,6530600.000000
2022-05-06,53.663386,53.899895,52.543922,53.553017,5807800.000000
2022-05-09,52.693706,53.458413,52.402019,52.528152,7266900.000000
2022-05-10,53.158845,53.489953,51.463879,51.881706,7885500.000000
2022-05-11,52.346827,54.002373,51.889579,52.654285,5683300.000000
2022-05-12,52.449316,53.127303,51.767390,52.851379,6035700.000000
2022-05-13,53.214026,53.860478,53.024823,53.261326,3924400.000000
2022-05-16,53.064227,54.078055,52.567565,53.592430,4028300.000000
2022-05-17,54.877458,55.414328,54.317726,55.161266,4502600.000000
2022-05-18,54.719785,55.484485,53.998439,54.325607,4623900.000000
2022-05-19,53.852588,54.845918,53.450531,54.207352,4988400.000000
2022-05-20,54.301951,54.972058,52.717360,53.694920,5232200.000000
2022-05-23,53.450529,53.710682,52.693702,53.206135,6582300.000000
2022-05-24,52.977515,53.127304,51.613662,52.875031,4664400.000000
2022-05-25,52.591221,53.355928,52.346833,53.056355,6264900.000000
2022-05-26,52.953874,53.836835,52.748906,53.482071,5732800.000000
2022-05-27,53.840523,55.019457,53.625451,55.011490,4784300.000000
2022-05-31,54.676921,54.764544,53.860430,54.151184,7876000.000000
2022-06-01,54.684893,55.591396,54.163137,54.254742,5958100.000000
2022-06-02,54.509648,54.939799,53.450201,54.246777,4598700.000000
2022-06-03,53.840520,54.294574,53.115640,53.394440,4966800.000000
2022-06-06,53.402408,53.856455,53.107673,53.426304,3117300.000000
2022-06-07,53.179368,53.736968,52.908529,53.665279,4873800.000000
2022-06-08,53.418334,54.015766,53.251054,53.561718,3200900.000000
2022-06-09,53.290887,53.382492,52.422617,52.462448,3113400.000000
2022-06-10,51.785364,51.841124,49.276150,49.284115,6448900.000000
2022-06-13,48.184844,48.256536,46.177474,46.743042,8509300.000000
2022-06-14,46.424410,47.101501,45.771219,46.647453,7128900.000000
2022-06-15,47.013871,47.523679,45.217593,45.731384,6387900.000000
2022-06-16,44.345350,44.584325,43.532846,44.146206,7641800.000000
2022-06-17,43.939093,44.576353,42.991170,43.628429,12735800.000000
2022-06-21,44.879052,45.157852,43.739949,43.771812,6391700.000000
2022-06-22,41.660885,42.051208,41.079386,41.692749,10383100.000000
2022-06-23,41.621053,41.939685,40.163319,40.673130,9662000.000000
2022-06-24,41.031598,42.855757,40.776694,42.330017,9109000.000000
2022-06-27,42.138836,42.457464,41.398020,41.597164,7507300.000000
2022-06-28,42.059169,43.134547,41.696729,41.844093,5169400.000000
2022-06-29,41.987483,42.226455,40.848380,41.405983,4392800.000000
2022-06-30,40.752792,41.533436,40.505853,41.111252,5848000.000000
2022-07-01,40.553652,41.453783,39.749113,41.174980,5255100.000000
2022-07-05,40.442123,40.481951,39.314968,40.410259,5891000.000000
2022-07-06,40.322643,40.824486,39.856647,40.768726,5657000.000000
2022-07-07,41.533435,42.067142,41.214806,41.644955,5507600.000000
2022-07-08,41.764439,42.122899,40.868292,40.928036,4226900.000000
2022-07-11,40.418240,40.904148,40.235025,40.633312,3919100.000000
2022-07-12,40.537718,41.075405,40.027910,40.163326,6068200.000000
2022-07-13,39.828766,39.996046,39.056087,39.565895,6071500.000000
2022-07-14,38.825082,39.087950,38.450690,38.952534,4969400.000000
2022-07-15,39.613683,40.019938,39.167599,39.470299,4809900.000000
2022-07-18,40.163332,40.665175,39.988087,40.203163,4839000.000000
2022-07-19,40.744833,42.067148,40.689073,41.780380,6999400.000000
2022-07-20,41.780371,41.955615,41.270563,41.860027,5977700.000000
2022-07-21,40.282811,40.975830,39.788935,40.943970,10059700.000000
2022-07-22,41.023627,41.270566,40.179256,40.505852,5074800.000000
2022-07-25,40.760754,41.398017,40.649234,41.087353,5933200.000000
2022-07-26,40.760759,41.262603,40.585515,40.864315,4130900.000000
2022-07-27,40.975835,41.803478,40.792623,41.613098,4342000.000000
2022-07-28,41.780380,42.146804,41.230741,41.660892,6137900.000000
2022-07-29,42.027309,42.851765,41.796305,42.385769,9754300.000000
2022-08-01,41.883937,41.899865,40.967874,41.788345,5913400.000000
2022-08-02,41.660885,41.955617,41.055489,41.063454,5797800.000000
2022-08-03,41.421915,41.421915,40.892988,41.015663,5139300.000000
2022-08-04,40.872278,41.182942,40.513819,40.617374,6963700.000000
2022-08-05,40.442128,41.238703,40.410264,41.015663,5954500.000000
2022-08-08,41.326329,42.027313,41.262602,41.541405,4511400.000000
2022-08-09,41.541398,42.098998,41.509534,41.995445,4339000.000000
2022-08-10,42.895573,43.536817,42.863713,43.046925,5998300.000000
2022-08-11,43.620462,44.385176,43.620462,44.018749,5066200.000000
2022-08-12,44.074516,44.560424,44.058584,44.552460,4389100.000000
2022-08-15,44.194001,44.209933,43.700126,44.082481,5991700.000000
2022-08-16,44.098411,44.946763,44.082479,44.695843,3925900.000000
2022-08-17,44.225850,44.536514,43.819595,44.178055,4198000.000000
2022-08-18,44.385177,44.787446,44.146202,44.624149,3561500.000000
2022-08-19,44.353314,44.544490,43.931130,44.201965,3517800.000000
2022-08-22,43.405391,43.571079,42.935411,43.341663,6342700.000000
2022-08-23,43.540808,44.417039,43.437252,44.305519,3894500.000000
2022-08-24,44.209929,44.321449,43.078793,43.206245,6957200.000000
2022-08-25,43.676229,44.440941,43.618078,44.417042,5736200.000000
2022-08-26,44.592291,44.902955,43.222181,43.381496,5777700.000000
2022-08-29,42.218487,43.023027,41.852063,42.672535,9304900.000000
2022-08-30,42.640264,42.745188,41.373079,41.469936,7452200.000000
2022-08-31,41.356934,41.679781,40.824233,41.163223,6069600.000000
2022-09-01,40.727372,40.751587,39.661971,40.323811,6378300.000000
2022-09-02,40.783866,40.969503,39.472293,39.799179,5124900.000000
2022-09-06,40.275387,40.420669,39.016275,39.218056,8104700.000000
2022-09-07,39.016266,39.746710,38.766057,39.524754,6517500.000000
2022-09-08,39.137345,39.960607,38.701499,39.871826,5964100.000000
2022-09-09,40.541745,40.933200,40.372250,40.767738,6265600.000000
2022-09-12,41.397292,41.800853,41.001801,41.106728,5042800.000000
2022-09-13,39.347197,40.049392,38.382686,38.636929,9104300.000000
2022-09-14,38.427073,38.636923,37.434313,37.991226,11484300.000000
2022-09-15,38.015443,38.548143,37.684523,37.862091,6535500.000000
2022-09-16,37.135679,37.773306,36.651407,37.466599,10059000.000000
2022-09-19,36.837044,37.837877,36.699835,37.724880,4900300.000000
2022-09-20,37.087256,37.353605,36.619124,37.200253,4996000.000000
2022-09-21,37.466603,37.603815,36.296278,36.304348,5819100.000000
2022-09-22,36.546480,36.764404,36.118707,36.134850,4652900.000000
2022-09-23,35.513359,35.674784,34.738522,35.432648,6729600.000000
2022-09-26,35.125950,35.723218,34.835385,35.021023,5497600.000000
2022-09-27,35.464931,35.650569,34.928197,35.343864,5444700.000000
2022-09-28,35.577934,36.732115,35.440721,36.360840,8315400.000000
2022-09-29,35.916923,36.070275,35.101732,35.642502,4904800.000000
2022-09-30,35.650582,36.191356,35.351948,35.456875,5869800.000000
2022-10-03,36.272064,36.917764,35.876576,36.546486,6868700.000000
2022-10-04,36.966185,37.716809,36.824940,37.628025,6959800.000000
2022-10-05,37.063041,37.482745,36.732121,37.176041,5564500.000000
2022-10-06,36.885478,37.208325,36.574735,36.740196,5430600.000000
2022-10-07,36.360838,36.675615,35.674785,35.844280,5265100.000000
2022-10-10,36.304348,36.675623,35.965358,36.223637,4686100.000000
2022-10-11,35.739360,36.150994,35.045234,35.473011,5222700.000000
2022-10-12,35.464936,35.699002,35.142089,35.360012,4982100.000000
2022-10-13,34.706236,37.531162,34.633595,37.063030,8304900.000000
2022-10-14,37.361677,37.450461,36.106603,36.417343,5888400.000000
2022-10-17,37.054965,37.184104,36.316448,36.530334,6195300.000000
2022-10-18,37.353604,37.886305,36.623160,37.434319,8009100.000000
2022-10-19,37.321317,37.611878,36.393126,36.425411,8371500.000000
2022-10-20,36.635264,38.443218,36.239776,36.263988,9259900.000000
2022-10-21,36.336633,37.870163,36.280135,37.829807,7483600.000000
2022-10-24,37.845949,38.184941,37.393962,37.967018,5645700.000000
2022-10-25,37.700666,38.693426,37.559420,38.620785,5202500.000000
2022-10-26,38.741854,39.185770,38.653070,38.733784,6020700.000000
2022-10-27,38.838707,39.133308,38.314080,38.435146,4524400.000000
2022-10-28,38.096162,38.556221,37.781385,38.322155,6943200.000000
2022-10-31,38.322149,38.598184,37.632060,37.724880,6434000.000000
2022-11-01,38.273723,38.394792,37.732953,37.878235,4892300.000000
2022-11-02,37.821737,39.242270,37.753132,37.878235,7310300.000000
2022-11-03,37.345538,37.910524,37.103402,37.523106,5122300.000000
2022-11-04,38.959777,40.259244,38.846781,39.573189,10593100.000000
2022-11-07,39.540910,39.976754,38.992067,39.952541,5849000.000000
2022-11-08,40.267312,40.638587,39.912180,40.073605,4739700.000000
2022-11-09,39.831466,39.863752,38.394790,38.483574,5089900.000000
2022-11-10,39.912180,40.372239,39.645828,40.323811,6592000.000000
2022-11-11,41.163217,43.132593,41.082506,42.890457,9009800.000000
2022-11-14,42.349689,42.692715,41.857344,41.929985,5484400.000000
2022-11-15,42.301257,42.535324,41.276212,41.647488,4445700.000000
2022-11-16,41.284299,41.340797,40.529639,40.767738,4294900.000000
2022-11-17,40.073611,40.477172,39.702332,40.461029,3620400.000000
2022-11-18,40.751594,40.775807,39.839546,40.412601,3751300.000000
2022-11-21,39.904118,40.896878,39.209995,40.493317,5719800.000000
2022-11-22,41.155147,41.792771,41.058290,41.623276,4495500.000000
2022-11-23,41.397289,41.760495,41.276220,41.607140,3354800.000000
2022-11-25,41.566779,41.825058,41.502208,41.615208,1648100.000000
2022-11-28,41.042152,41.288325,40.307671,40.517525,5657800.000000
2022-11-29,41.131420,41.602079,40.828563,41.458836,4905000.000000
2022-11-30,41.352430,41.720772,40.417660,41.720772,7194200.000000
2022-12-01,41.949953,42.162771,41.581611,41.802616,4757300.000000
2022-12-02,41.311505,42.318304,41.278763,42.195522,4858300.000000
2022-12-05,42.121847,42.514744,41.737137,41.949955,5109900.000000
2022-12-06,42.113667,42.453360,41.393354,41.786251,4373400.000000
2022-12-07,41.597983,42.022804,41.135512,41.499760,4248500.000000
2022-12-08,41.892657,42.097291,41.180532,41.385166,3815800.000000
2022-12-09,41.344244,42.072744,41.025016,41.090500,3807000.000000
2022-12-12,41.188721,41.851736,40.795824,41.835365,5208100.000000
2022-12-13,42.973127,43.243246,41.986790,42.203705,4884100.000000
2022-12-14,42.154592,42.603149,41.720769,42.039997,4064300.000000
2022-12-15,41.303315,41.386806,40.402927,40.542076,6189600.000000
2022-12-16,40.288328,40.902229,40.010025,40.763077,8969100.000000
2022-12-19,40.771277,41.184635,39.911811,40.378380,4674700.000000
2022-12-20,40.394740,40.930883,40.394740,40.648487,4003400.000000
2022-12-21,41.057756,41.688029,40.984088,41.475208,3840500.000000
2022-12-22,41.057765,41.131433,40.226951,41.065948,3340600.000000
2022-12-23,41.090492,41.672470,40.885859,41.630726,2634200.000000
2022-12-27,41.671656,41.925403,41.540690,41.900845,3094500.000000
2022-12-28,41.884471,42.031808,40.849024,40.918602,3340300.000000
2022-12-29,40.984083,41.583250,40.926786,41.458836,2743400.000000
2022-12-30,41.139607,41.361430,40.910418,41.246017,2700300.000000
2023-01-03,41.417911,41.868108,41.180538,41.778069,3962500.000000
2023-01-04,42.285564,42.977228,42.072746,42.833984,4527800.000000
2023-01-05,42.580227,43.366021,42.170959,43.308723,4803000.000000
2023-01-06,43.906259,45.211824,43.644328,45.035839,6100700.000000
2023-01-09,45.052210,45.993525,44.872132,45.248657,6510900.000000
2023-01-10,45.355068,46.312757,45.265029,46.222717,6611700.000000
2023-01-11,46.910293,47.385042,46.672917,47.131298,8926300.000000
2023-01-12,47.442337,48.128272,47.065812,47.900719,7305900.000000
2023-01-13,47.475084,48.109451,47.303192,48.031689,4041200.000000
2023-01-17,47.728823,47.867972,46.869358,46.983955,5948400.000000
2023-01-18,47.491450,47.761565,46.468280,46.525578,5641500.000000
2023-01-19,46.304573,46.648360,45.715226,46.329128,4997500.000000
2023-01-20,46.435526,47.110818,46.099926,47.016685,6712600.000000
2023-01-23,47.008509,47.802490,46.832524,47.507816,5213700.000000
2023-01-24,47.237702,47.851604,46.795692,47.638786,5262500.000000
2023-01-25,46.951213,47.454611,46.533758,47.385036,5491500.000000
2023-01-26,46.378234,47.941637,45.698851,47.573296,8002500.000000
2023-01-27,47.507823,48.563735,47.319561,48.269062,6773300.000000
2023-01-30,47.990759,48.485973,47.311373,47.434155,4824700.000000
2023-01-31,47.532372,48.661953,47.327738,48.580097,5739100.000000
2023-02-01,48.522799,49.697399,48.129902,49.292225,5645100.000000
2023-02-02,49.169444,49.455930,48.732345,49.071220,4726200.000000
2023-02-03,48.784733,49.311053,48.629212,49.112148,3960900.000000
2023-02-06,49.112146,49.357706,48.539170,49.185814,4658600.000000
2023-02-07,49.169444,49.828365,48.850215,49.529598,4777500.000000
2023-02-08,49.275852,49.529596,48.751989,48.956623,3410400.000000
2023-02-09,49.537783,49.693304,48.174920,48.359093,3874700.000000
2023-02-10,48.293610,48.981181,48.056234,48.964809,3826300.000000
2023-02-13,48.964817,49.451846,48.801109,49.374084,3520600.000000
2023-02-14,49.144891,49.144891,48.301797,48.915699,3749100.000000
2023-02-15,48.547360,48.915699,48.309984,48.915699,2357500.000000
2023-02-16,48.269065,48.608755,47.712460,48.031689,4302100.000000
2023-02-17,47.687897,47.888441,47.262261,47.581490,4317200.000000
2023-02-21,47.229519,47.376856,46.410983,46.525578,6615600.000000
2023-02-22,46.476456,47.012599,46.410975,46.664719,3735400.000000
2023-02-23,46.992140,47.245887,46.108123,46.812061,4154000.000000
2023-02-24,46.132678,47.372759,45.887118,47.303185,4831800.000000
2023-02-27,47.543472,47.758899,47.062899,47.220329,5443100.000000
2023-02-28,47.328042,47.651184,47.120899,47.394329,5835300.000000
2023-03-01,47.468892,48.599891,47.419177,48.073750,4535100.000000
2023-03-02,47.858331,48.592448,47.518617,48.421761,3992400.000000
2023-03-03,48.521185,48.678613,47.887325,48.322327,3463600.000000
2023-03-06,48.065465,48.264323,47.038037,47.319752,4841200.000000
2023-03-07,47.129181,47.394324,46.018894,46.234322,5499200.000000
2023-03-08,46.574035,47.120893,46.474608,46.615463,4232700.000000
2023-03-09,46.673466,46.955178,45.534180,45.654320,4566100.000000
2023-03-10,45.704038,45.720610,44.175322,44.643467,5399000.000000
2023-03-13,43.872897,44.113184,43.077468,43.417183,8481300.000000
2023-03-14,44.138039,44.527469,42.750181,43.326038,8450400.000000
2023-03-15,42.282039,42.282039,41.155180,41.826324,8006200.000000
2023-03-16,41.097175,42.240606,40.765748,42.182606,6851400.000000
2023-03-17,42.008604,42.124604,41.180032,41.445175,11632000.000000
2023-03-20,41.983749,42.596894,41.940665,42.472607,5403200.000000
2023-03-21,43.433755,43.574614,42.733613,43.135471,4277400.000000
2023-03-22,43.143754,43.630956,42.534753,42.572041,4524000.000000
2023-03-23,42.654895,43.864609,42.385608,42.795753,4781100.000000
2023-03-24,42.132885,43.027745,41.801459,42.903458,4338400.000000
2023-03-27,43.292886,43.665744,43.007028,43.085743,4328000.000000
2023-03-28,43.226604,43.881176,43.185176,43.839748,3083600.000000
2023-03-29,44.544032,44.618604,44.046890,44.411461,3710400.000000
2023-03-30,44.950044,44.991472,44.394902,44.742901,3643800.000000
2023-03-31,44.883748,45.480321,44.709749,45.422321,4410800.000000
2023-04-03,45.753755,46.491183,45.583896,45.844898,6588800.000000
2023-04-04,45.646045,45.803472,44.738757,44.958328,5014500.000000
2023-04-05,44.452901,45.306329,44.287186,45.273186,3959800.000000
2023-04-06,45.057758,45.621187,44.916899,45.289757,5022100.000000
2023-04-10,45.571470,46.242615,45.546614,46.242615,4046400.000000
2023-04-11,46.449760,47.013189,46.400045,46.557472,4411100.000000
2023-04-12,47.601464,47.841751,47.058747,47.137463,4679700.000000
2023-04-13,46.913752,47.361182,46.466325,47.162323,5147600.000000
2023-04-14,47.270041,47.590700,46.607184,46.814327,3394800.000000
2023-04-17,46.963469,47.183040,46.739754,47.145756,2874400.000000
2023-04-18,47.236905,47.427479,46.719047,47.046333,3354600.000000
2023-04-19,46.731474,46.887245,46.267472,46.764614,3828000.000000
2023-04-20,46.234322,46.536753,45.873895,46.151466,3334700.000000
2023-04-21,45.869747,45.969175,45.327033,45.463745,4179500.000000
2023-04-24,45.687468,45.902899,45.389182,45.894611,5036400.000000
2023-04-25,45.124031,45.571461,43.500031,43.500031,8369800.000000
2023-04-26,43.309460,44.038604,43.259745,43.566319,5952500.000000
2023-04-27,43.616037,44.345181,43.379894,44.328609,3910700.000000
2023-04-28,44.113178,45.496892,44.055175,45.074322,6014400.000000
2023-05-01,45.124033,45.256604,44.597891,44.834034,4013200.000000
2023-05-02,44.328609,44.651751,43.566324,44.560608,4206000.000000
2023-05-03,44.535759,44.883758,43.839758,43.914330,3343000.000000
2023-05-04,43.831466,44.254036,43.309465,44.212608,3899900.000000
2023-05-05,44.958324,45.223470,44.602041,45.082611,4145300.000000
2023-05-08,45.090895,45.496897,44.751181,44.867184,2725300.000000
2023-05-09,44.651762,44.693190,44.303763,44.469475,3285300.000000
2023-05-10,44.974899,45.219329,43.790040,44.287186,3888200.000000
2023-05-11,43.914323,43.922608,43.036036,43.367466,5499600.000000
2023-05-12,43.541465,43.698896,43.131323,43.342609,3260200.000000
2023-05-15,43.599464,43.632608,42.878608,43.301178,3774800.000000
2023-05-16,43.094037,43.168609,42.240609,42.306896,4611000.000000
2023-05-17,42.522324,42.953182,42.330925,42.654896,4777300.000000
2023-05-18,42.447749,43.089894,42.132891,42.978035,4451900.000000
2023-05-19,43.292894,43.367466,42.762608,43.044323,3747400.000000
2023-05-22,43.102327,43.259754,42.704612,42.895184,3478200.000000
2023-05-23,42.895177,43.350891,42.630034,43.052605,3611400.000000
2023-05-24,43.176896,43.176896,42.414608,42.522324,3162400.000000
2023-05-25,42.257181,42.356609,41.399609,41.735180,4688200.000000
2023-05-26,42.033462,42.083178,41.635748,41.710320,3511000.000000
2023-05-30,41.617889,41.798544,41.088529,41.592682,5222800.000000
2023-05-31,41.281793,41.483453,40.617990,40.987701,8465200.000000
2023-06-01,41.172558,41.462447,40.760831,41.172558,4573900.000000
2023-06-02,42.105239,43.424441,42.021212,43.365623,7786600.000000
2023-06-05,43.432849,44.000024,43.247994,43.273201,5567400.000000
2023-06-06,42.945500,44.432754,42.911889,44.189079,7378400.000000
2023-06-07,44.382338,45.331829,44.298314,45.264606,6453700.000000
2023-06-08,45.466267,45.659525,43.903390,44.348724,5092000.000000
2023-06-09,44.046232,44.264701,43.386631,43.474861,5478000.000000
2023-06-12,43.525265,43.953797,43.155553,43.525265,3888400.000000
2023-06-13,43.819366,44.995723,43.676521,44.651218,4273600.000000
2023-06-14,45.004120,45.256196,44.117650,44.373928,3319800.000000
2023-06-15,44.315113,45.155369,44.180672,44.936901,3283600.000000
2023-06-16,44.785661,44.794066,44.197481,44.668026,9535900.000000
2023-06-20,43.962202,44.063032,43.054727,43.626099,5083700.000000
2023-06-21,43.424443,44.105052,43.071534,43.592495,3591400.000000
2023-06-22,42.365717,43.264795,42.180863,43.180767,4734000.000000
2023-06-23,42.626201,43.273199,42.231280,43.155563,3703100.000000
2023-06-26,43.214380,43.882382,43.105146,43.651314,3073900.000000
2023-06-27,43.634508,44.214284,43.374028,44.172272,3176300.000000
2023-06-28,44.172270,44.508374,43.584090,44.499969,3364600.000000
2023-06-29,44.491573,44.844480,44.273105,44.735249,2559400.000000
2023-06-30,45.020933,45.029335,44.525182,44.752048,4158100.000000
2023-07-03,44.743649,45.365440,44.726844,45.188984,2228500.000000
2023-07-05,44.684830,44.903296,44.130261,44.399143,5878100.000000
2023-07-06,43.937002,44.428551,43.491664,44.340324,5287100.000000
2023-07-07,44.046236,45.323426,43.962212,44.617611,5400200.000000
2023-07-10,44.340324,45.096553,44.260499,44.760452,3663100.000000
2023-07-11,44.953708,45.289812,44.844474,44.886486,3470800.000000
2023-07-12,45.676331,45.928407,44.676424,45.466267,5983900.000000
2023-07-13,45.533487,45.751956,45.205788,45.550293,3291900.000000
2023-07-14,45.382241,45.424257,44.323520,44.466362,3885600.000000
2023-07-17,44.147063,44.268900,43.836166,44.054634,4318300.000000
2023-07-18,44.054633,44.831869,44.012621,44.516773,4815500.000000
2023-07-19,44.399141,44.567193,44.138661,44.382336,3731800.000000
2023-07-20,44.802462,44.819267,44.197476,44.575592,3751900.000000
2023-07-21,44.617604,44.684826,44.197476,44.575592,4095300.000000
2023-07-24,44.676426,44.836077,43.907594,44.155468,6687900.000000
2023-07-25,44.483162,46.335928,44.407539,44.936901,9077400.000000
2023-07-26,44.743645,45.340227,44.701633,45.121761,7582000.000000
2023-07-27,45.457866,46.239304,45.205789,46.163681,8079600.000000
2023-07-28,46.600605,46.945110,46.344327,46.600605,4560900.000000
2023-07-31,46.659425,47.466074,46.592207,47.449268,6387600.000000
2023-08-01,47.264417,47.407259,46.667836,46.869495,5563300.000000
2023-08-02,46.264514,46.625824,45.936811,45.962021,4498900.000000
2023-08-03,45.676331,46.827481,45.676331,46.130070,4630200.000000
2023-08-04,46.180484,46.592211,45.747753,45.802368,3626600.000000
2023-08-07,46.104860,46.903104,46.079653,46.651028,3263400.000000
2023-08-08,45.978832,46.314932,45.592311,46.222504,3607400.000000
2023-08-09,46.566998,47.083757,46.096457,46.667831,4619700.000000
2023-08-10,46.970322,47.247604,46.735048,47.037540,5147000.000000
2023-08-11,46.802281,47.050155,46.441810,46.592216,4547000.000000
2023-08-14,46.499790,46.667842,46.062857,46.533401,3637200.000000
2023-08-15,45.962022,46.356940,44.888174,44.978920,5280400.000000
2023-08-16,44.693233,45.172179,44.609209,44.802467,3549100.000000
2023-08-17,45.180583,45.928411,45.121766,45.256207,3614900.000000
2023-08-18,45.172176,45.483073,44.903294,45.390644,2921100.000000
2023-08-21,45.583904,45.709943,45.222593,45.516682,3112700.000000
2023-08-22,45.625909,45.777156,44.974713,45.197380,2745900.000000
2023-08-23,45.079754,45.331830,44.373939,44.869690,3391300.000000
2023-08-24,44.533581,45.281408,44.533581,44.987320,3198500.000000
2023-08-25,45.357033,45.693137,45.075548,45.357033,3282700.000000
2023-08-28,45.508279,46.113265,45.499878,45.877991,3429700.000000
2023-08-29,46.037644,46.453570,45.785568,46.415760,3789500.000000
2023-08-30,46.432782,46.722136,46.245552,46.594479,3482600.000000
2023-08-31,46.500855,46.722128,46.398731,46.432774,4116300.000000
2023-09-01,46.832759,47.283813,46.602978,47.054031,4335600.000000
2023-09-05,46.960417,47.147647,45.943424,46.117886,4913900.000000
2023-09-06,45.922147,46.747658,45.888105,46.713615,4645100.000000
2023-09-07,46.594479,46.756176,45.547700,46.041302,4275500.000000
2023-09-08,46.220011,46.619998,45.615770,45.709385,3988400.000000
2023-09-11,46.075348,46.713629,45.632806,45.675358,3322400.000000
2023-09-12,45.675347,46.143422,45.492376,45.641308,2527600.000000
2023-09-13,45.666840,45.794497,44.751970,44.951965,3079000.000000
2023-09-14,45.445565,46.154482,45.351950,45.990231,4604300.000000
2023-09-15,45.990231,46.049804,45.628540,45.820023,7464100.000000
2023-09-18,45.803004,45.913640,45.313655,45.428547,4593700.000000
2023-09-19,45.479613,45.726416,44.551128,45.020054,3986200.000000
2023-09-20,45.071108,45.522162,44.620058,44.645588,2309200.000000
2023-09-21,44.296664,44.534958,43.386051,43.403072,4359000.000000
2023-09-22,43.488177,43.615834,42.615862,42.764793,4465100.000000
2023-09-25,43.232865,43.705193,42.926490,43.479668,4331600.000000
2023-09-26,43.003077,43.628592,42.845636,42.960526,3451800.000000
2023-09-27,43.275415,43.709448,43.071167,43.403072,3048800.000000
2023-09-28,43.369036,43.556266,42.994579,43.343506,3965200.000000
2023-09-29,43.692420,44.058368,43.564763,43.879650,4234800.000000
2023-10-02,43.649873,43.964758,43.181802,43.658382,4691000.000000
2023-10-03,43.360521,44.296664,43.309457,43.420094,5179200.000000
2023-10-04,43.811565,43.811565,42.726491,43.496681,4727300.000000
2023-10-05,43.224356,43.530731,42.330764,42.432888,5161800.000000
2023-10-06,42.356285,43.330726,42.152033,42.790314,4215600.000000
2023-10-09,42.790314,43.317961,42.500960,43.241367,3333600.000000
2023-10-10,43.513709,44.096670,43.454137,43.666897,2906500.000000
2023-10-11,43.488170,43.837096,42.986056,43.309452,3049700.000000
2023-10-12,43.666898,43.666898,42.339273,42.764793,3012500.000000
2023-10-13,43.028620,43.156274,42.220130,42.322254,3659600.000000
2023-10-16,42.832878,43.003084,42.373316,42.713730,2786400.000000
2023-10-17,42.339275,43.428606,42.322253,43.173294,3309300.000000
2023-10-18,42.883938,43.258398,42.492460,42.620117,3495300.000000
2023-10-19,42.381821,42.798832,42.028638,42.083958,3754300.000000
2023-10-20,42.109490,42.186084,41.632906,41.692482,3920000.000000
2023-10-23,41.505250,41.615886,40.956328,41.054199,5592100.000000
2023-10-24,41.215906,42.313750,40.849959,41.905251,5506600.000000
2023-10-25,41.641415,41.726518,40.220176,40.458469,4920200.000000
2023-10-26,40.339330,41.088243,40.339330,40.866974,6216100.000000
2023-10-27,40.866972,41.313766,40.713784,40.943565,4714900.000000
2023-10-30,41.411634,41.743539,40.845691,41.139301,3698600.000000
2023-10-31,41.181853,41.526523,40.943562,41.139301,4660500.000000
2023-11-01,41.054205,41.211645,40.509536,41.028671,4702900.000000
2023-11-02,41.343555,41.777585,41.283980,41.692482,3741600.000000
2023-11-03,42.075452,42.615864,42.075452,42.322254,3744000.000000
2023-11-06,42.322254,42.381827,41.820140,41.990349,3641100.000000
2023-11-07,41.454186,41.590353,41.054199,41.300999,5172700.000000
2023-11-08,41.309510,41.377592,40.662717,41.105259,4133300.000000
2023-11-09,41.488235,41.513766,41.054206,41.156330,3340800.000000
2023-11-10,41.309512,42.279698,41.283979,42.109489,3825200.000000
2023-11-13,41.811636,42.143541,41.620149,41.905251,3161000.000000
2023-11-14,42.552030,43.820081,42.492457,43.445621,4848900.000000
2023-11-15,43.564764,44.169006,43.292432,43.854118,5032500.000000
2023-11-16,43.803064,43.956252,43.292438,43.777531,5034100.000000
2023-11-17,44.151986,44.151986,43.615829,43.998798,3306100.000000
2023-11-20,43.973269,44.160499,43.709448,43.981781,3761300.000000
2023-11-21,43.990292,44.126458,43.790300,44.024334,2840700.000000
2023-11-22,44.041351,44.066881,43.488174,43.743488,3139600.000000
2023-11-24,43.879655,44.203048,43.786040,43.973267,1679700.000000
2023-11-27,43.743485,43.913691,43.420089,43.505192,3896200.000000
2023-11-28,43.573280,44.228581,43.058401,43.990288,6376900.000000
2023-11-29,43.990289,44.835758,43.973034,44.283615,3551700.000000
2023-11-30,44.430277,44.758113,44.197341,44.645958,4649800.000000
2023-12-01,44.689095,45.396528,44.490669,45.120457,4274000.000000
2023-12-04,45.094579,45.525941,44.835762,44.947914,6354700.000000
2023-12-05,44.637342,44.736553,43.973044,44.119705,4691000.000000
2023-12-06,44.378516,44.628707,43.800492,43.904018,3603700.000000
2023-12-07,44.093817,44.227538,43.666769,44.059307,2822900.000000
2023-12-08,44.033427,44.671840,43.912646,43.929897,3664100.000000
2023-12-11,43.886766,44.447538,43.791865,44.240482,3582700.000000
2023-12-12,44.240476,44.311220,43.645198,43.843624,4350500.000000
2023-12-13,43.610692,45.211045,43.533047,45.146343,4774200.000000
2023-12-14,45.620843,46.975319,45.508688,46.785519,7892900.000000
2023-12-15,46.207487,46.914921,45.827887,46.794140,9909800.000000
2023-12-18,47.234134,47.303154,46.587092,46.802773,3219100.000000
2023-12-19,46.992575,47.467073,46.932185,47.380798,3796900.000000
2023-12-20,47.260017,47.751769,47.078846,47.087475,4953500.000000
2023-12-21,47.458434,47.622353,47.001191,47.423927,2653900.000000
2023-12-22,47.527456,48.019209,47.320401,47.553337,2341900.000000
2023-12-26,47.630985,48.221953,47.553340,48.062347,2266200.000000
2023-12-27,48.045093,48.190033,47.855296,48.062347,2535300.000000
2023-12-28,47.958816,48.053717,47.587845,47.648235,2172600.000000
2023-12-29,47.536090,47.674125,47.173747,47.311783,2271400.000000
2024-01-02,47.225509,48.036468,47.091784,47.734516,3533500.000000
2024-01-03,47.320405,47.518834,46.543955,47.130608,4120000.000000
2024-01-04,47.104720,47.441185,46.625908,46.751003,4579500.000000
2024-01-05,46.612972,47.475696,46.569837,47.294525,3796400.000000
2024-01-08,47.173746,47.570598,46.923555,47.518837,3966100.000000
2024-01-09,47.096092,47.096092,46.397285,46.535320,4287000.000000
2024-01-10,46.285140,46.526702,45.763189,46.052204,4062200.000000
2024-01-11,45.931421,46.302389,45.500059,46.276508,4497400.000000
2024-01-12,46.604347,46.725128,45.737309,46.043575,3673500.000000
2024-01-16,46.043574,46.060829,45.094579,45.810638,5962800.000000
2024-01-17,45.146343,45.396531,44.896153,45.267124,3469000.000000
2024-01-18,45.362025,45.491431,44.947914,45.379276,4230400.000000
2024-01-19,45.456918,45.721777,44.965166,45.560448,4171500.000000
2024-01-22,45.482797,46.259247,45.336132,46.207485,5615500.000000
2024-01-23,46.587098,46.979639,46.367103,46.509453,4668100.000000
2024-01-24,46.345530,46.699247,45.750249,45.802013,6016900.000000
2024-01-25,47.242758,47.561968,46.388663,47.398048,7240800.000000
2024-01-26,47.449818,47.704320,46.376590,46.638859,5240800.000000
2024-01-29,46.733755,46.776894,46.078086,46.647484,3742400.000000
2024-01-30,46.241997,47.048645,46.155726,46.992569,4640900.000000
2024-01-31,47.018446,47.070210,46.224741,46.241993,5471900.000000
2024-02-01,46.509446,46.595717,45.439667,46.190239,5039900.000000
2024-02-02,45.802015,46.376589,45.284382,46.086712,5720200.000000
2024-02-05,45.327516,46.189378,45.172225,45.862404,5482000.000000
2024-02-06,45.914168,46.716501,45.767503,46.621601,5212500.000000
2024-02-07,46.802770,46.923550,46.328272,46.664734,3455800.000000
2024-02-08,46.733750,46.759634,46.155726,46.483562,3554400.000000
2024-02-09,46.405915,46.690612,46.203175,46.578461,3897400.000000
2024-02-12,46.587094,47.691379,46.457684,47.268646,5262800.000000
2024-02-13,46.587091,46.820027,45.379276,45.879658,5105400.000000
2024-02-14,46.147101,46.492189,45.922791,46.224747,3766500.000000
2024-02-15,46.509443,47.777648,46.449053,47.596474,4500400.000000
2024-02-16,47.561974,48.273722,47.415309,47.863926,5060900.000000
2024-02-20,47.268643,47.838040,46.972726,47.199623,4493800.000000
2024-02-21,47.311780,48.165878,47.242761,48.096859,4065900.000000
2024-02-22,48.096861,48.472147,48.019216,48.312542,5088600.000000
2024-02-23,48.338425,49.019977,48.312544,48.649006,4414200.000000
2024-02-26,48.433323,48.726649,48.183132,48.372932,3741600.000000
2024-02-27,48.631750,48.795670,48.270270,48.545479,3913000.000000
2024-02-28,48.458115,48.650303,48.056261,48.134884,4432800.000000
2024-02-29,48.213504,48.956059,48.021316,48.816284,6733400.000000
2024-03-01,48.807554,49.122047,48.580421,48.720196,4651400.000000
2024-03-04,48.510527,49.934482,48.466848,49.812180,7042200.000000
2024-03-05,49.462751,50.441176,49.462751,49.777245,6093400.000000
2024-03-06,50.624624,50.755661,49.227752,49.672409,4840100.000000
2024-03-07,50.117939,50.366912,49.410332,49.742294,4568700.000000
2024-03-08,49.882064,50.397483,49.419062,49.454006,4723600.000000
2024-03-11,49.523898,50.489216,49.401595,50.170357,4438400.000000
2024-03-12,50.353808,50.545999,49.934484,50.388752,4048300.000000
2024-03-13,50.545998,51.314759,50.318862,50.642094,7650600.000000
2024-03-14,50.371286,50.589684,49.729195,50.074265,6871500.000000
2024-03-15,50.100470,50.493587,49.742297,49.829659,20629600.000000
2024-03-18,50.144151,50.152886,49.409458,49.567581,7409100.000000
2024-03-19,49.541362,49.838383,49.283654,49.585041,6782700.000000
2024-03-20,49.419062,51.288547,49.253081,50.816807,7789700.000000
2024-03-21,51.105098,51.209928,50.279554,50.607151,5870700.000000
2024-03-22,50.659567,50.851754,50.301394,50.388752,3376000.000000
2024-03-25,50.467372,50.537258,50.039311,50.135406,3422400.000000
2024-03-26,50.380015,50.397487,49.847127,49.855862,3621600.000000
2024-03-27,50.283922,50.808076,50.170355,50.790604,5126900.000000
2024-03-28,50.843021,51.052681,50.493583,50.607151,4064500.000000
2024-04-01,50.546001,50.965324,50.152884,50.895435,3827200.000000
2024-04-02,50.956588,51.869489,50.677912,51.795235,6330200.000000
2024-04-03,51.873855,52.660085,51.873855,52.406746,4943200.000000
2024-04-04,52.773661,53.018265,52.105364,52.293186,5382100.000000
2024-04-05,52.406749,52.406749,51.620515,52.144669,3862400.000000
2024-04-08,52.371799,52.581459,51.672927,51.996155,3775900.000000
2024-04-09,52.371803,52.633880,51.963837,52.301914,3574800.000000
2024-04-10,51.725344,52.100989,50.991527,51.410851,4251900.000000
2024-04-11,51.506948,51.541892,50.921643,51.070152,3432000.000000
2024-04-12,50.773132,51.209928,50.283923,50.397488,3788300.000000
2024-04-15,50.869233,51.253612,49.720461,50.074265,3885300.000000
2024-04-16,49.777239,49.899541,49.480218,49.672409,3098000.000000
2024-04-17,49.943222,50.109207,49.506426,49.637466,2815400.000000
2024-04-18,50.056781,50.056781,48.956058,49.349174,3856200.000000
2024-04-19,49.349183,49.724824,49.196302,49.497692,3862100.000000
2024-04-22,49.462749,50.065529,49.165728,49.785980,3211600.000000
2024-04-23,49.488958,49.883821,49.314239,49.567581,3099300.000000
2024-04-24,49.279298,49.986908,49.253091,49.777245,4954700.000000
2024-04-25,50.414958,50.580942,48.099943,49.305496,7082800.000000
2024-04-26,50.362543,50.851752,49.925748,50.048050,5573600.000000
2024-04-29,49.995629,50.519786,49.943213,50.493576,4249500.000000
2024-04-30,50.030580,50.624622,49.689879,49.707352,5566000.000000
2024-05-01,49.829655,50.624623,49.296764,49.995636,5102800.000000
2024-05-02,50.292658,50.458639,49.261820,49.646202,4453100.000000
2024-05-03,49.960695,50.170359,49.576316,49.829659,2544400.000000
2024-05-06,50.021847,50.117943,49.550110,50.091736,3862600.000000
2024-05-07,50.327602,51.655462,50.117939,50.982796,6215200.000000
2024-05-08,50.615887,51.830182,50.615887,51.227402,4950700.000000
2024-05-09,51.323494,52.057311,51.323494,51.935009,4208200.000000
2024-05-10,52.144667,52.529049,51.786495,51.900063,3053500.000000
2024-05-13,51.978683,52.345589,51.742813,51.856380,2257700.000000
2024-05-14,52.031103,52.363065,51.991789,52.109726,3516800.000000
2024-05-15,52.450426,52.581463,51.515684,51.594307,3541000.000000
2024-05-16,51.576833,51.900061,51.113827,51.279812,4871300.000000
2024-05-17,51.594310,51.725347,51.279816,51.707874,2668700.000000
2024-05-20,51.629251,51.935010,51.367174,51.751556,1915100.000000
2024-05-21,51.699135,51.795230,51.371538,51.463264,2252900.000000
2024-05-22,51.122565,51.244867,50.048048,50.318859,4851900.000000
2024-05-23,50.222769,50.248976,49.637461,49.724819,3423500.000000
2024-05-24,50.048052,50.511054,50.039314,50.458637,2675800.000000
2024-05-28,50.580941,50.987161,50.458635,50.703243,2493700.000000
2024-05-29,50.231504,50.327600,49.768502,49.794708,2969500.000000
2024-05-30,49.794706,50.275181,49.777234,50.135406,3174100.000000
2024-05-31,50.082350,51.072853,50.047858,50.966728,5920100.000000
2024-06-03,50.895977,50.931353,49.029938,49.587097,4696600.000000
2024-06-04,49.144905,49.277563,48.729246,48.773468,4600600.000000
2024-06-05,48.773468,49.472125,48.667340,49.251030,3945300.000000
2024-06-06,49.189124,49.525188,49.021093,49.242188,3463500.000000
2024-06-07,48.968027,49.768392,48.879590,49.286404,4143500.000000
2024-06-10,49.065313,49.684379,48.968031,49.569408,4131500.000000
2024-06-11,49.445600,49.666694,49.091847,49.657852,3276300.000000
2024-06-12,50.303444,50.604133,49.564985,49.746284,3990800.000000
2024-06-13,49.551721,49.799349,49.091844,49.578255,2831400.000000
2024-06-14,49.100686,49.631312,48.278214,48.658497,3446000.000000
2024-06-17,48.640809,48.976873,48.260526,48.844215,3243800.000000
2024-06-18,48.976877,49.383690,48.729249,49.029938,6081900.000000
2024-06-20,48.552373,48.640810,47.813915,47.942150,8512500.000000
2024-06-21,47.844868,47.933308,47.287712,47.747589,10457200.000000
2024-06-24,47.942150,48.455091,47.853713,48.304745,6987500.000000
2024-06-25,48.004056,48.021744,46.925117,47.013554,7021000.000000
2024-06-26,46.562524,47.088727,46.208771,47.048931,4799100.000000
2024-06-27,47.146212,47.252336,46.704023,46.836678,3952900.000000
2024-06-28,46.845523,47.287712,46.827835,46.916271,13623000.000000
2024-07-01,46.872049,47.314238,46.297202,46.544830,3715600.000000
2024-07-02,46.456389,46.801296,46.182234,46.615578,3847100.000000
2024-07-03,46.624434,47.057777,46.562527,46.765934,1905600.000000
2024-07-05,46.500613,46.659798,45.903655,46.191078,3223800.000000
2024-07-08,46.429866,46.827837,46.261835,46.695179,3885500.000000
2024-07-09,46.571365,46.642116,45.576439,45.616238,4380600.000000
2024-07-10,45.855021,46.111492,45.085613,45.731209,5481100.000000
2024-07-11,45.996520,46.668650,45.855020,46.350273,3798900.000000
2024-07-12,46.721709,47.190429,46.367956,46.792458,3084300.000000
2024-07-15,46.880896,47.349619,46.593475,47.110836,2396200.000000
2024-07-16,47.163899,48.455090,47.022395,48.375496,3730000.000000
2024-07-17,48.357807,49.162591,48.304743,49.003403,4386300.000000
2024-07-18,48.711559,49.498655,48.428555,48.437401,3287800.000000
2024-07-19,48.490460,48.490460,47.323077,47.667988,3456500.000000
2024-07-22,47.827187,48.278219,47.526498,48.127872,3341700.000000
2024-07-23,47.880243,47.973102,47.402678,47.818336,2477700.000000
2024-07-24,47.853720,48.030596,47.119684,47.155060,3761900.000000
2024-07-25,44.908732,47.084306,44.643419,46.739395,6188200.000000
2024-07-26,46.757088,47.048934,46.306056,46.748245,4087400.000000
2024-07-29,46.872058,46.933964,46.465244,46.748245,3314600.000000
2024-07-30,46.783621,47.765278,46.783621,47.482277,4401400.000000
2024-07-31,47.889092,48.561218,47.782964,48.172092,5059300.000000
2024-08-01,48.357810,48.658498,46.730553,47.119678,4273100.000000
2024-08-02,46.474086,46.668650,45.589708,45.996521,4981200.000000
2024-08-05,44.820294,45.395141,44.572669,45.112137,5124500.000000
2024-08-06,45.554330,47.093150,45.527800,46.412178,5549600.000000
2024-08-07,46.801307,47.446906,46.120339,46.138023,4293100.000000
2024-08-08,46.421019,46.774768,46.279519,46.580204,3362600.000000
2024-08-09,46.491771,46.779195,46.040740,46.571365,2592700.000000
2024-08-12,46.668643,46.827831,46.089376,46.182236,2555300.000000
2024-08-13,46.182240,46.748241,46.173394,46.659801,2379600.000000
2024-08-14,46.730553,46.889742,46.367958,46.659801,2310100.000000
2024-08-15,47.367305,47.827182,47.066617,47.641460,3501500.000000
2024-08-16,47.526499,47.738748,47.228462,47.676842,6049300.000000
2024-08-19,47.756430,47.880243,47.376148,47.446899,2096000.000000
2024-08-20,47.340772,47.358460,46.465239,46.624428,4391500.000000
2024-08-21,46.872053,46.978178,46.704023,46.827835,2809500.000000
2024-08-22,46.969337,47.030359,46.425442,46.482929,2916000.000000
2024-08-23,46.880901,47.765280,46.783622,47.340778,4901500.000000
2024-08-26,47.844865,48.251682,47.694523,47.782959,2823300.000000
2024-08-27,47.659153,47.862559,47.415951,47.553028,3650100.000000
2024-08-28,47.181585,47.570714,47.079884,47.323086,2630800.000000
2024-08-29,47.676836,47.977525,46.933958,47.632618,3065900.000000
2024-08-30,47.659497,48.025076,47.314530,48.008949,5339100.000000
2024-09-03,47.238373,47.545708,46.427470,46.530514,3891400.000000
2024-09-04,46.521548,47.050203,46.026945,46.216904,3776000.000000
2024-09-05,46.252741,46.351304,45.724087,45.974976,4508900.000000
2024-09-06,45.921214,46.333384,45.132712,45.410480,4144200.000000
2024-09-09,45.455282,46.400587,45.455282,45.966015,4022400.000000
2024-09-10,45.966014,46.019777,45.244715,45.535923,3196500.000000
2024-09-11,45.589681,45.670324,44.586133,45.455276,3717200.000000
2024-09-12,45.410481,45.616566,44.371094,45.034149,5680600.000000
2024-09-13,45.159599,45.697211,44.828067,44.935593,4411800.000000
2024-09-16,45.078952,45.733049,45.050278,45.392559,3189400.000000
2024-09-17,45.553841,46.467785,45.437357,46.154175,4029600.000000
2024-09-18,46.279619,46.853073,45.982138,46.270657,3428100.000000
2024-09-19,47.086045,47.677421,46.826198,47.390694,4746700.000000
2024-09-20,47.166688,47.310051,45.966016,46.333385,8466000.000000
2024-09-23,46.476744,46.808276,46.243780,46.629070,5029600.000000
2024-09-24,47.211488,48.098553,47.157728,47.892467,4675800.000000
2024-09-25,48.080633,48.143354,47.077087,47.345894,3863200.000000
2024-09-26,47.901427,49.066257,47.879028,49.030418,5672100.000000
2024-09-27,49.281302,49.881636,48.958733,49.352985,5513500.000000
2024-09-30,49.406742,49.594907,48.358396,48.949772,5537800.000000
2024-10-01,48.896016,49.139734,48.528647,48.869137,5461300.000000
2024-10-02,48.994576,49.352986,48.736519,48.994576,6312700.000000
2024-10-03,48.797452,49.048341,48.295681,48.833294,4066300.000000
2024-10-04,49.370906,49.841319,49.200662,49.585953,3443800.000000
2024-10-07,49.299222,49.402263,48.586881,48.940811,3096500.000000
2024-10-08,48.161275,48.340481,47.592302,47.677422,4219200.000000
2024-10-09,47.560941,48.134395,47.368295,47.865585,3186200.000000
2024-10-10,47.865583,48.430079,47.758061,48.044788,2494200.000000
2024-10-11,48.161273,48.537601,48.116472,48.188152,4288600.000000
2024-10-14,48.026869,48.232958,47.784946,47.973110,2736000.000000
2024-10-15,47.758063,47.991031,47.095007,47.103966,4210700.000000
2024-10-16,47.130849,47.775987,46.915805,47.435497,4492900.000000
2024-10-17,47.489260,47.686386,47.251814,47.560944,3894000.000000
2024-10-18,47.919346,47.919346,47.327970,47.587818,2395700.000000
2024-10-21,47.623659,47.659498,46.691794,46.781395,3542700.000000
2024-10-22,46.808282,46.862041,46.225865,46.655956,4413700.000000
2024-10-23,46.351305,46.584273,45.805625,46.136261,4522300.000000
2024-10-24,46.611155,46.736598,45.446325,45.688251,5804600.000000
2024-10-25,45.356723,45.455286,44.523421,44.532383,5889700.000000
2024-10-28,44.657819,44.935588,44.326291,44.899746,6457100.000000
2024-10-29,44.657820,44.783263,44.191887,44.335251,4900600.000000
2024-10-30,44.263571,44.926627,44.030603,44.209808,4775700.000000
2024-10-31,44.138126,44.478616,44.053006,44.245651,4835200.000000
2024-11-01,44.353172,44.550298,43.779717,43.878281,4980400.000000
2024-11-04,43.277943,43.618433,42.510052,42.964336,14634400.000000
2024-11-05,42.829932,42.919537,42.256478,42.919537,7193500.000000
2024-11-06,44.532384,44.532384,42.986741,43.322750,8862800.000000
2024-11-07,43.492994,43.833481,43.027061,43.815563,20309400.000000
2024-11-08,43.537788,43.537788,41.557576,41.656139,12571500.000000
2024-11-11,41.575503,42.095195,41.369414,41.459019,6734700.000000
2024-11-12,41.539662,41.539662,40.240427,40.356911,7101300.000000
2024-11-13,40.231465,40.427692,40.052259,40.312107,6000300.000000
2024-11-14,40.321067,40.440237,39.756571,39.953697,5542400.000000
2024-11-15,39.935772,40.168740,39.425039,39.460880,9814100.000000
2024-11-18,39.568403,39.917852,39.460881,39.622166,5075800.000000
2024-11-19,39.183115,39.425042,38.842625,39.111435,6289700.000000
2024-11-20,39.021830,39.451921,38.824707,39.362320,4808100.000000
2024-11-21,39.254794,40.446504,39.084548,40.150818,6158200.000000
2024-11-22,40.106017,40.804918,40.016416,40.733234,5494100.000000
2024-11-25,41.055808,41.531599,40.742201,41.100609,9463700.000000
2024-11-26,40.751151,40.778030,39.510160,39.908890,9225300.000000
2024-11-27,39.998497,40.392750,39.926817,39.998497,5700600.000000
2024-11-29,40.016707,40.280695,39.737246,40.244282,4339600.000000
2024-12-02,40.307997,40.553778,39.843746,40.399029,7611000.000000
2024-12-03,40.417233,40.499160,39.861950,39.934772,9478500.000000
2024-12-04,39.643477,39.707197,38.432782,39.006268,10962600.000000
2024-12-05,38.951657,39.161025,38.068666,38.405476,9742500.000000
2024-12-06,38.514718,38.724086,37.986744,38.223423,8620000.000000
2024-12-09,39.921123,40.089529,38.614844,38.897038,12855800.000000
2024-12-10,38.596637,38.746833,38.027700,38.396370,7585200.000000
2024-12-11,38.405479,38.437339,37.558901,37.777374,7135900.000000
2024-12-12,37.659033,37.995846,37.531592,37.577106,5738700.000000
2024-12-13,37.549794,37.549794,36.807902,37.194778,7580000.000000
2024-12-16,36.730528,37.040029,36.448338,36.512058,8419800.000000
2024-12-17,36.685017,37.273069,36.639502,36.930798,9702700.000000
2024-12-18,37.185679,37.649933,36.512061,36.548473,11720500.000000
2024-12-19,36.466540,36.939895,35.583550,35.592651,9553500.000000
2024-12-20,35.492527,36.671361,35.365082,36.357307,17715600.000000
2024-12-23,36.402819,36.648597,36.123355,36.384613,6718700.000000
2024-12-24,36.329997,36.575778,35.893054,36.493851,3784100.000000
2024-12-26,36.402822,36.744184,36.275377,36.612190,5274200.000000
2024-12-27,36.521163,37.044585,36.320899,36.439236,4855000.000000
2024-12-30,36.320897,36.339100,35.710995,35.902157,7954900.000000
2024-12-31,35.993190,36.662259,35.893056,36.530266,6867200.000000
2025-01-02,36.712324,36.958101,35.956775,36.002289,7130500.000000
2025-01-03,36.093320,36.243517,35.683685,35.865746,6839900.000000
2025-01-06,36.229867,36.539369,36.002293,36.184353,6899400.000000
2025-01-07,35.956778,36.361861,35.642724,35.874851,7248700.000000
2025-01-08,35.547138,35.601758,34.891726,35.428799,6196900.000000
2025-01-10,35.246745,35.351427,35.000964,35.046478,7833500.000000
2025-01-13,35.091986,36.129725,35.091986,36.111519,8230600.000000
2025-01-14,36.339098,36.512057,36.102422,36.484749,4516000.000000
2025-01-15,36.848869,37.112856,36.539367,36.776047,5446400.000000
2025-01-16,36.712326,37.367738,36.502954,37.203884,5812300.000000
2025-01-17,37.422352,37.668133,37.308564,37.358631,6194800.000000
2025-01-21,37.613517,38.014047,37.458768,37.850197,5583600.000000
2025-01-22,37.686338,37.745506,37.149262,37.158363,5607300.000000
2025-01-23,37.276713,37.804684,37.231199,37.750069,5442400.000000
2025-01-24,37.977633,38.159690,37.604411,37.659027,5111600.000000
2025-01-27,37.995840,38.205209,37.572552,38.159691,6182700.000000
2025-01-28,38.241628,38.390918,37.577110,37.704552,6009600.000000
2025-01-29,37.531595,37.754617,37.172026,37.367741,6765200.000000
2025-01-30,35.792921,35.938569,34.127078,35.091991,18933200.000000
2025-01-31,35.342326,35.756510,34.964552,35.547142,12725800.000000
2025-02-03,34.773391,34.864420,33.371531,34.026947,14986900.000000
2025-02-04,34.209005,35.428801,34.172592,35.091991,10017100.000000
2025-02-05,34.791592,35.000960,34.336443,34.545811,6757400.000000
2025-02-06,34.791592,35.401490,34.764281,35.292255,7610300.000000
2025-02-07,35.410596,35.524383,34.896275,35.119301,5966200.000000
2025-02-10,35.410599,35.501627,34.727875,35.110199,5911100.000000
2025-02-11,35.183020,35.346874,34.987306,35.164814,5446500.000000
2025-02-12,34.937245,35.101099,34.639578,34.828007,5607400.000000
2025-02-13,34.928137,35.196677,34.636842,34.900829,6619000.000000
2025-02-14,35.346880,35.965880,35.146613,35.201229,5387700.000000
2025-02-18,35.246742,36.430128,35.219430,36.157040,7612300.000000
2025-02-19,35.501624,35.856640,35.310462,35.428799,6219800.000000
2025-02-20,35.501624,36.056906,35.437904,36.038700,5747100.000000
2025-02-21,36.266274,36.493848,35.642718,35.965874,5962900.000000
2025-02-24,35.874850,35.902158,35.406047,35.547142,7411700.000000
2025-02-25,35.674586,36.020500,35.487976,35.710999,6180000.000000
2025-02-26,35.993190,36.020498,35.082892,35.365082,6294900.000000
2025-02-27,35.274053,35.310465,34.736977,34.982758,7949600.000000
2025-02-28,35.047654,35.520521,34.880760,35.335083,10056900.000000
2025-03-03,35.854311,35.872855,33.387995,33.434357,10954300.000000
2025-03-04,33.276731,33.573430,32.896585,33.026390,8840500.000000
2025-03-05,33.619790,35.260910,33.564161,35.029114,10393200.000000
2025-03-06,34.607243,34.945664,34.050929,34.713867,9128500.000000
2025-03-07,34.482078,34.880768,34.083387,34.723148,8667000.000000
2025-03-10,34.639696,35.570590,34.455185,34.676785,6310800.000000
2025-03-11,34.866856,34.954940,33.536342,33.999935,6997100.000000
2025-03-12,34.120472,34.120472,33.128383,33.146927,6923900.000000
2025-03-13,33.082024,34.491348,33.026392,33.591976,7958400.000000
2025-03-14,34.101927,34.472804,33.990666,34.278095,5991200.000000
2025-03-17,34.315181,35.033752,34.315181,34.778774,5097100.000000
2025-03-18,35.019844,35.047659,34.602609,34.871494,4866000.000000
2025-03-19,34.769504,34.973486,34.342999,34.482075,5525100.000000
2025-03-20,34.083381,34.305908,33.842314,33.944305,5406300.000000
2025-03-21,33.610519,33.707873,33.206265,33.536343,13257700.000000
2025-03-24,33.870129,34.174249,33.350906,33.647606,6797400.000000
2025-03-25,33.647606,33.675420,32.660150,32.748234,7218000.000000
2025-03-26,32.701878,33.174742,32.572073,32.989307,5801600.000000
2025-03-27,32.451534,32.822411,32.089932,32.674061,6911900.000000
2025-03-28,32.507165,32.655514,31.640244,31.858133,6913700.000000
2025-03-31,31.635616,32.646250,31.459452,32.377365,8477200.000000
2025-04-01,31.969396,32.233644,31.611504,32.089931,6446000.000000
2025-04-02,31.821052,32.609160,31.802508,32.349548,5146700.000000
2025-04-03,31.042210,31.190560,29.095118,29.169292,18080900.000000
2025-04-04,28.010313,28.223568,26.002955,26.146669,18677500.000000
2025-04-07,25.238023,27.157301,24.410972,25.516180,19652900.000000
2025-04-08,26.888417,26.888417,23.476369,23.930691,17050500.000000
2025-04-09,23.504186,27.945410,23.235301,27.685799,19876900.000000
2025-04-10,26.702979,26.721524,24.681714,25.302929,15213200.000000
2025-04-11,25.043315,26.434095,24.542633,26.359921,11189100.000000
2025-04-14,27.027492,27.305649,26.202296,26.777151,10448500.000000
2025-04-15,26.026133,26.665892,25.669166,25.683075,12375800.000000
2025-04-16,25.683074,26.128124,25.242660,25.469820,8672400.000000
2025-04-17,25.710887,26.341374,25.710887,26.100306,8474900.000000
2025-04-21,26.118851,26.276473,25.692344,26.072493,7745100.000000
2025-04-22,26.461911,27.212932,26.424823,26.888416,8488300.000000
2025-04-23,27.871234,28.510993,26.642712,26.888416,10727000.000000
2025-04-24,26.443367,27.981570,26.007588,27.593079,13069300.000000
2025-04-25,27.203659,27.889777,26.999679,27.834146,12991600.000000
2025-04-28,28.047400,28.687160,27.546719,27.769245,9347200.000000
2025-04-29,27.630167,28.478543,27.602352,28.418276,9498800.000000
2025-04-30,28.014947,28.409001,27.593077,28.362642,11306100.000000
2025-05-01,28.446088,28.599073,28.065942,28.307011,7009600.000000
2025-05-02,28.612984,28.798420,28.010311,28.205021,8619400.000000
2025-05-05,27.727521,27.815604,26.814242,26.842058,9061700.000000
2025-05-06,26.786425,27.148029,26.545356,26.702978,7691300.000000
2025-05-07,26.888416,26.990407,26.216205,26.378464,8814500.000000
2025-05-08,26.647348,27.574534,26.572246,27.110941,7787000.000000
2025-05-09,27.305651,27.593079,27.078490,27.333466,8162800.000000
2025-05-12,29.345460,30.031578,28.687159,28.724245,11832500.000000
2025-05-13,28.677887,28.946770,28.371915,28.529537,8502800.000000
2025-05-14,28.446090,28.529537,27.861961,27.973225,6434900.000000
2025-05-15,27.630164,27.777587,27.254655,27.722883,6481000.000000
2025-05-16,27.713611,28.089122,27.379825,27.991768,5872600.000000
2025-05-19,27.491086,28.019582,27.263926,27.917593,5937100.000000
2025-05-20,27.945407,28.080777,27.548572,27.620893,5576400.000000
2025-05-21,27.361282,27.509632,26.600989,26.656620,8938600.000000
2025-05-22,26.461910,26.744700,26.257928,26.582443,6885100.000000
2025-05-23,26.100309,26.397008,25.877784,26.257931,7095200.000000
2025-05-27,26.749341,26.925507,26.600991,26.814243,8763100.000000
2025-05-28,26.888415,26.971862,26.202297,26.276472,7731600.000000
2025-05-29,26.740065,26.971862,26.146666,26.693707,10227600.000000
2025-05-30,26.565416,26.646192,26.066513,26.361103,13965300.000000
2025-06-02,26.285082,26.351602,25.519146,25.847948,12390500.000000
2025-06-03,25.847946,26.660446,25.173238,26.408619,10557600.000000
2025-06-04,26.465638,26.921778,26.313591,26.874264,8844700.000000
2025-06-05,27.092830,27.183107,26.560667,26.779234,8634700.000000
2025-06-06,26.940783,27.411177,26.898020,27.130840,6728400.000000
2025-06-09,27.368414,28.313956,27.349410,27.929087,11394400.000000
2025-06-10,28.204671,29.349773,28.081132,29.173969,10985100.000000
2025-06-11,29.516073,29.630109,28.770094,29.154963,7842300.000000
2025-06-12,28.708326,28.936398,28.461251,28.641806,6817200.000000
2025-06-13,28.432741,29.478062,28.309204,28.413734,10271600.000000
2025-06-16,28.831864,29.050430,28.394728,29.050430,10658500.000000
2025-06-17,28.936396,29.088443,27.962345,27.976601,8850700.000000
2025-06-18,27.881572,27.957595,27.064320,27.083326,12211600.000000
2025-06-20,27.097582,27.187860,26.152042,26.380112,22583000.000000
2025-06-23,25.847950,26.251823,25.287277,25.534353,17264100.000000
2025-06-24,25.895460,26.482741,25.695900,26.161543,19116200.000000
2025-06-25,26.161544,26.180548,25.486835,25.486835,15726100.000000
2025-06-26,25.752916,26.180547,25.657887,25.800430,13857800.000000
2025-06-27,26.038003,26.380109,25.410810,25.657887,18629400.000000
2025-06-30,25.562857,25.581863,25.068705,25.163734,11746900.000000
2025-07-01,25.116222,27.032961,25.059205,26.446630,21426600.000000
2025-07-02,26.750724,27.301893,26.228064,27.301893,14120500.000000
2025-07-03,27.244875,27.349408,26.959788,27.045313,5950000.000000
2025-07-07,26.617682,27.064319,25.738661,26.114027,13061900.000000
2025-07-08,26.332595,28.133399,26.294584,27.615490,18326600.000000
2025-07-09,27.905329,28.822361,27.748532,28.356718,15427600.000000
2025-07-10,28.223677,29.389685,28.114392,28.727331,12068000.000000
2025-07-11,28.147655,28.337712,27.672509,28.081133,12318800.000000
2025-07-14,27.796045,27.938588,26.674700,26.845753,13284400.000000
2025-07-15,27.244876,27.411176,26.551163,26.598677,9162900.000000
2025-07-16,26.570166,26.883764,26.232812,26.741219,8757000.000000
2025-07-17,26.617683,27.083325,26.589173,27.045313,7623200.000000
2025-07-18,27.221118,27.311395,26.703208,26.931278,9013200.000000
2025-07-21,27.168855,27.477701,26.921779,26.978796,7026100.000000
2025-07-22,27.059571,28.266443,27.059571,28.185667,9296400.000000
2025-07-23,28.708326,29.345022,28.523019,28.860374,20963300.000000
2025-07-24,25.838444,26.228064,23.158621,23.823824,66003500.000000
2025-07-25,23.415200,24.374995,23.206136,24.241955,36918200.000000
2025-07-28,24.070899,24.831131,23.681279,24.432009,17843700.000000
2025-07-29,24.327479,24.327479,23.738297,23.928356,13123800.000000
2025-07-30,23.785812,23.804817,22.597947,22.730988,16559800.000000
2025-07-31,22.460155,22.481061,21.799703,22.132305,21303600.000000
2025-08-01,21.851969,21.932743,20.706867,20.706867,25059000.000000
2025-08-04,20.782888,20.801893,20.255476,20.516806,18562100.000000
2025-08-05,20.858914,21.533621,20.697364,21.267538,22028700.000000
2025-08-06,21.495608,21.647654,20.193707,20.241220,19480800.000000
2025-08-07,20.668855,21.044220,20.250726,20.535814,12719600.000000
2025-08-08,20.554819,20.697364,20.108182,20.165199,11325700.000000
2025-08-11,20.222217,20.526311,19.387861,19.832598,20712400.000000
2025-08-12,19.851603,20.906428,19.780332,20.630842,15785300.000000
2025-08-13,20.725870,21.847215,20.630841,21.780695,16243300.000000
2025-08-14,21.690417,22.293851,21.353062,22.208326,11822600.000000
2025-08-15,22.407889,22.669219,22.189323,22.198826,10779700.000000
2025-08-18,22.141806,22.464906,22.065783,22.084789,12231500.000000
2025-08-19,22.360376,23.035083,22.141808,22.360376,8879800.000000
2025-08-20,22.398385,23.253647,22.360374,22.883034,12660700.000000
2025-08-21,22.654964,22.759497,22.251091,22.512421,9431100.000000
2025-08-22,22.788004,23.985373,22.721484,23.861835,20539200.000000
2025-08-25,23.757305,23.757305,23.291662,23.681282,10012300.000000
2025-08-26,23.576747,23.752553,23.391441,23.510227,8049300.000000
2025-08-27,23.282157,23.833327,23.196631,23.510227,10348200.000000
2025-08-28,23.814322,23.814322,23.082598,23.348679,11714200.000000
2025-08-29,23.416162,23.994576,23.367960,23.743929,8791800.000000
2025-09-02,23.358318,23.854792,23.204075,23.531843,12152500.000000
2025-09-03,23.377598,23.637886,22.934148,23.069111,11528200.000000
2025-09-04,22.905228,23.122134,22.365375,23.049831,11630400.000000
2025-09-05,23.040191,24.023497,22.919688,23.618607,18476700.000000
2025-09-08,23.464361,23.470146,22.288251,23.117311,15488100.000000
2025-09-09,22.987169,23.483643,22.847387,23.271557,10959400.000000
2025-09-10,23.078751,23.580042,22.861845,22.972708,11492700.000000
2025-09-11,22.808824,24.235580,22.808824,24.119898,25711700.000000
2025-09-12,24.100619,24.572991,23.975297,24.139181,14732800.000000
2025-09-15,24.307884,24.466947,23.179975,23.300478,13192300.000000
2025-09-16,23.522203,23.984935,23.314938,23.599325,11070800.000000
2025-09-17,23.715008,24.842917,23.314937,23.657167,14775200.000000
2025-09-18,23.917452,24.090977,23.030549,23.242636,15350400.000000
2025-09-19,23.281196,23.281196,22.509977,22.644939,19106700.000000
2025-09-22,22.509977,22.548537,22.114727,22.336452,12901800.000000
2025-09-23,22.693142,22.844494,22.018324,22.037605,11016900.000000
2025-09-24,22.143648,22.538898,22.085807,22.297892,11913600.000000
2025-09-25,22.191852,22.196671,21.367611,21.401352,16437600.000000
2025-09-26,21.623076,22.365376,21.541133,22.134008,12623800.000000
2025-09-29,22.403934,22.413574,21.902640,22.066525,11803800.000000
2025-09-30,21.960484,22.130151,21.510283,22.105087,14368700.000000
2025-10-01,22.076165,22.384652,21.994223,22.220768,12531500.000000
2025-10-02,22.297891,23.105744,22.124368,22.837746,17945200.000000
2025-10-03,22.857027,23.170335,22.558179,22.963070,8354600.000000
2025-10-06,22.972709,23.030550,22.461776,22.577459,9417100.000000
2025-10-07,22.693142,22.818465,21.449549,21.690556,19270000.000000
2025-10-08,21.700198,22.124370,21.632717,21.786961,10240600.000000
2025-10-09,21.700196,21.796599,21.025378,21.285666,15428400.000000
2025-10-10,21.420629,21.545953,19.907110,19.907110,18840800.000000
2025-10-13,20.244518,20.938615,20.244518,20.649408,12276700.000000
2025-10-14,20.258981,21.295308,20.138478,21.131424,9683300.000000
2025-10-15,21.391711,21.753221,21.112143,21.401352,10597900.000000
2025-10-16,21.507391,21.661634,20.789193,21.112141,10929900.000000
2025-10-17,21.112141,21.251925,20.895235,21.102501,9111200.000000
2025-10-20,21.198902,21.290484,20.668689,20.851852,10342700.000000
2025-10-21,20.909696,21.276025,20.789193,20.967537,10565100.000000
2025-10-22,20.967537,21.218183,20.789193,20.919336,12026100.000000
2025-10-23,22.616017,23.832618,22.509976,23.628244,33606400.000000
2025-10-24,23.849972,24.004216,23.329400,23.917454,14496700.000000
2025-10-27,24.100616,25.112841,24.052416,24.804354,17744700.000000
2025-10-28,24.601910,24.621191,23.898173,24.466946,11767500.000000
2025-10-29,24.399466,24.727235,23.845153,23.965656,12570700.000000
2025-10-30,23.493282,23.613785,22.924508,22.943787,11446600.000000
2025-10-31,23.059469,23.223353,22.750981,22.991987,13052700.000000
2025-11-03,22.741344,22.837747,22.095448,22.394295,13200100.000000
2025-11-04,22.018325,22.143648,21.748398,21.777319,12009900.000000
2025-11-05,21.893001,22.384654,21.806240,21.950844,12998600.000000
2025-11-06,22.008685,22.114729,21.420630,21.420630,15504300.000000
2025-11-07,21.401349,21.671275,21.092860,21.488111,13745900.000000
2025-11-10,21.883360,21.931561,20.919336,21.304945,14784800.000000
2025-11-11,21.430267,21.680914,21.271204,21.507389,9556900.000000
2025-11-12,21.613432,21.873720,21.295304,21.382067,8406100.000000
2025-11-13,21.353147,22.326813,21.276026,22.278612,18599300.000000
2025-11-14,22.027965,22.346093,21.726226,22.105087,12069100.000000
2025-11-17,21.999043,21.999043,20.837394,20.890415,13080800.000000
2025-11-18,20.794012,21.213363,20.485525,21.063940,12329300.000000
2025-11-19,21.092861,21.194085,20.398764,20.543367,13044100.000000
2025-11-20,20.673511,20.972358,20.177039,20.196320,12657200.000000
2025-11-21,20.514449,21.642358,20.475887,21.401352,19595100.000000
2025-11-24,21.401351,21.758039,21.160344,21.719479,15713700.000000
2025-11-25,21.941202,22.509977,21.815878,22.365374,14209700.000000
2025-11-26,22.384654,23.232997,22.365375,23.049831,10506200.000000
2025-11-28,23.216151,23.499872,23.079183,23.333553,7253900.000000
2025-12-01,23.088966,23.759132,23.054724,23.323769,11456100.000000
2025-12-02,23.353118,23.568353,22.898187,23.343334,10733800.000000
2025-12-03,23.460736,23.935234,23.221042,23.245501,10524700.000000
2025-12-04,23.333552,23.411819,22.257371,22.374773,10415800.000000
2025-12-05,22.668278,23.172125,22.438366,22.462824,9023600.000000
2025-12-08,22.404123,22.746545,22.267155,22.364990,11723700.000000
2025-12-09,22.389447,23.328658,22.355205,22.609575,11305700.000000
2025-12-10,22.687844,24.165146,22.673167,24.057528,11997200.000000
2025-12-11,24.008612,24.507567,23.896100,24.047745,11607200.000000
2025-12-12,24.165147,24.346140,23.411820,23.450953,9613300.000000
2025-12-15,23.499872,23.715107,22.609577,22.942215,17458900.000000
2025-12-16,22.707408,22.746543,22.032350,22.345421,17492000.000000
2025-12-17,22.482391,22.869816,22.413907,22.570442,14084900.000000
2025-12-18,22.316071,22.741653,22.257371,22.541092,11153200.000000
2025-12-19,22.531309,23.044941,22.417820,22.756329,15644300.000000
2025-12-22,22.824811,23.225933,22.766111,22.912863,10433100.000000
2025-12-23,22.756328,22.893296,22.276939,22.404123,7884500.000000
2025-12-24,22.453041,22.580225,22.371838,22.560658,3448700.000000
2025-12-26,22.550874,22.805244,22.374773,22.785679,8930500.000000
2025-12-29,22.687842,22.854161,22.482389,22.844378,10431000.000000
2025-12-30,22.795460,23.108532,22.736760,23.000914,7490500.000000
2025-12-31,22.951995,23.206366,22.790569,22.873728,8939800.000000
2026-01-02,23.040047,23.891209,22.800353,23.744457,10052700.000000
2026-01-05,23.724891,24.600511,23.656407,24.360815,13203100.000000
2026-01-06,24.233631,25.114142,24.150470,24.967390,11674600.000000
2026-01-07,24.977175,25.055443,24.018395,24.262981,8259900.000000
2026-01-08,23.969477,25.818550,23.822725,25.358728,10493800.000000
2026-01-09,25.750066,25.916385,25.182625,25.759850,8765100.000000
2026-01-12,25.779417,26.038678,25.505479,25.926168,7686400.000000
2026-01-13,26.063138,26.483827,25.891928,25.975086,10247800.000000
2026-01-14,26.317507,27.907319,26.253914,27.648058,21174700.000000
2026-01-15,27.677409,27.745893,26.620794,27.334988,9559300.000000
2026-01-16,26.752871,27.251828,26.630578,26.973000,14028400.000000
2026-01-20,25.975084,26.576768,25.735390,26.004435,11465600.000000
2026-01-21,26.288157,27.926886,26.170755,27.794809,12572300.000000
2026-01-22,27.990479,28.460084,27.657841,27.716541,11409000.000000
2026-01-23,27.873076,27.990478,27.515980,27.638273,8892300.000000
2026-01-26,27.755676,27.941561,27.364336,27.569790,8707100.000000
2026-01-27,27.599140,27.770352,27.041483,27.207802,12804900.000000
2026-01-28,27.491522,27.540438,26.611011,27.178452,17825500.000000
2026-01-29,26.024003,26.963215,25.260893,26.571877,23608400.000000
2026-01-30,26.699062,27.393687,26.337073,26.953430,18949400.000000
2026-02-02,26.904514,28.396492,26.513176,28.254631,17168900.000000
2026-02-03,28.274199,30.470586,28.186148,29.829769,21848200.000000
2026-02-04,30.338510,32.138665,30.279809,31.698412,26129300.000000
2026-02-05,31.209236,31.532091,29.506915,29.937387,15877500.000000
2026-02-06,30.328725,31.165210,30.142838,31.091835,8977200.000000
2026-02-09,30.817899,31.835380,30.348294,31.385342,10275400.000000
2026-02-10,31.698413,33.253983,31.698413,32.872425,13531200.000000
2026-02-11,32.970260,34.017090,32.784372,33.263763,12754800.000000
2026-02-12,33.469216,33.684454,31.378494,31.942999,15685900.000000
2026-02-13,31.913645,32.432171,31.621120,31.786463,10184100.000000
2026-02-17,31.600575,31.982130,30.260242,30.739632,9911400.000000
2026-02-18,30.964652,31.776679,30.759200,30.896168,10918600.000000
2026-02-19,30.808116,31.042919,30.221108,30.710281,8869400.000000
2026-02-20,30.299374,30.397209,28.851422,29.859119,17925100.000000
2026-02-23,29.438431,30.230891,29.438431,29.643883,9417700.000000
2026-02-24,29.976520,30.788547,29.849336,30.377642,10487400.000000
2026-02-25,30.485261,30.622229,29.003068,29.369947,11139300.000000
2026-02-26,29.340596,29.399296,28.577485,29.252544,9211200.000000
2026-02-27,28.945666,30.549360,28.910029,30.420668,13297800.000000
2026-03-02,30.390971,31.237364,29.836606,30.291977,13479000.000000
2026-03-03,29.529727,30.687950,29.089207,30.430567,13304900.000000
2026-03-04,31.677884,32.063957,30.727548,32.014462,13279500.000000
2026-03-05,33.162783,34.243790,32.875701,33.380569,24545900.000000
2026-03-06,34.647683,34.796175,32.618320,32.944996,19447200.000000
2026-03-09,34.598187,35.389144,33.756741,33.964630,28495500.000000
2026-03-10,34.271510,34.825874,32.850957,33.548859,22301900.000000
2026-03-11,33.608255,34.226963,33.360771,34.024025,11106300.000000
2026-03-12,35.390137,37.300709,35.152551,37.201717,25159600.000000
2026-03-13,37.320507,37.370003,36.142484,36.251377,16375100.000000
2026-03-16,36.023693,36.261278,35.607922,35.637619,9567400.000000
2026-03-17,35.815808,37.191816,35.667317,36.538460,14301700.000000
2026-03-18,37.122518,37.874866,36.680019,37.310604,15273900.000000
2026-03-19,37.627384,38.191649,36.696847,37.112621,13780000.000000
2026-03-20,37.439299,37.934266,36.112788,36.281078,15453500.000000
2026-03-23,35.558421,36.315723,35.192146,35.677216,14991500.000000
2026-03-24,35.865302,38.082755,35.865302,37.924366,16393500.000000
2026-03-25,37.914464,39.295422,37.617484,39.221176,12223800.000000
2026-03-26,39.221177,39.790390,38.825206,39.072689,9711600.000000
2026-03-27,39.231080,40.641735,38.914301,40.409100,12322100.000000
2026-03-30,41.201045,42.072188,40.795172,41.448528,15306500.000000
2026-03-31,41.260444,42.309775,40.448699,41.230747,21086600.000000
2026-04-01,41.171349,41.334689,39.186531,40.280407,21922000.000000
2026-04-02,41.696011,41.943494,40.389299,40.983261,13355400.000000
2026-04-06,40.042825,40.654604,39.533009,40.151718,13059100.000000
2026-04-07,40.428898,41.626717,40.250710,40.993160,14260200.000000
2026-04-08,36.251378,38.948950,35.390136,38.884602,27145700.000000
2026-04-09,39.201380,40.191314,37.518495,37.657085,18500500.000000
2026-04-10,38.112453,38.726211,37.860018,38.617317,10924300.000000
2026-04-13,39.597352,40.209131,39.380555,39.706245,9495700.000000
2026-04-14,39.300373,39.325119,37.765977,38.765808,13086700.000000
2026-04-15,38.755913,39.018245,38.330241,38.449032,9404300.000000
2026-04-16,39.102388,39.607252,38.785609,39.518158,11306200.000000
2026-04-17,35.924699,36.182080,34.449696,35.241642,27285900.000000
2026-04-20,35.682164,36.904733,35.558422,36.399868,12428600.000000
2026-04-21,36.508760,37.944165,36.508760,37.924366,13555500.000000
2026-04-22,38.112454,38.607420,37.904568,38.419334,14665300.000000
2026-04-23,38.983597,39.646851,36.355320,38.142151,22976900.000000
2026-04-24,38.548024,39.092490,37.548192,38.270844,12672400.000000
2026-04-27,39.102385,39.320172,36.998776,37.716476,11226400.000000
2026-04-28,38.508428,38.706412,37.468995,37.627384,9268100.000000
2026-04-29,38.201547,39.300374,38.122350,39.151882,11659400.000000
2026-04-30,39.003396,40.438797,38.488630,40.082424,15935600.000000
2026-05-01,40.527892,41.042658,39.033094,39.884438,9176900.000000
2026-05-04,40.329906,40.577389,39.222166,40.171516,8787400.000000
2026-05-05,40.032925,41.057506,39.899285,40.389301,7117500.000000
2026-05-06,37.686782,38.518326,37.206663,38.112453,17871600.000000
2026-05-07,37.172016,37.379902,36.488963,36.944332,17292200.000000
2026-05-08,37.132416,37.266060,36.350372,36.498859,9781500.000000
2026-05-11,37.122520,38.429232,37.112622,38.369835,9412500.000000
2026-05-12,38.597523,39.443916,38.153041,39.033092,8792700.000000
2026-05-13,39.607253,39.765642,38.419335,38.449032,8415300.000000
2026-05-14,38.340137,38.681666,38.161949,38.389633,5643100.000000
2026-05-15,38.607419,39.018243,38.222335,38.359936,9184900.000000
2026-05-18,38.082758,38.418342,37.503644,38.171852,8719400.000000
2026-05-19,38.320337,38.488628,36.830489,37.360104,10566300.000000
2026-05-20,37.201714,37.508591,35.558420,35.904900,15321300.000000
2026-05-21,36.211781,36.974026,35.206995,35.548523,12844700.000000
2026-05-22,35.786108,36.231575,35.197096,35.647514,9010400.000000
2026-05-26,35.845505,35.934599,34.667485,34.924866,14114900.000000
2026-05-27,34.251708,34.538790,33.741893,34.142818,16013100.000000
2026-05-28,34.538793,35.182252,34.088375,34.420002,12484100.000000
2026-05-29,34.480000,34.520000,33.445000,33.750000,17171300.000000
2026-06-01,34.250000,35.410000,34.205002,34.689999,10533500.000000
2026-06-02,34.555000,34.924999,34.259998,34.720001,11207900.000000
2026-06-03,34.689999,35.714001,34.680000,35.400002,10733800.000000
2026-06-04,34.959999,35.520000,34.529999,34.790001,9243900.000000
