date,open,high,low,close,volume
2019-03-13,34.763872,35.394305,34.223502,35.304245,306000.000000
2019-03-14,35.574421,36.610133,35.412310,35.988705,279700.000000
2019-03-15,36.520071,36.970381,36.475041,36.943363,164200.000000
2019-03-18,37.582800,37.582800,36.448022,36.799263,581700.000000
2019-03-19,37.285595,37.285595,35.169141,35.619450,2540200.000000
2019-03-20,35.889634,35.890538,33.737157,33.863243,5147900.000000
2019-03-21,34.223496,35.043058,34.079397,35.016041,8865500.000000
2019-03-22,34.907959,34.980010,32.917594,33.737156,4902500.000000
2019-03-25,33.836229,34.052379,32.737474,32.827538,4035100.000000
2019-03-26,32.836541,33.638090,32.836541,33.061695,3350900.000000
2019-03-27,33.097718,33.475976,32.476293,32.602379,2871300.000000
2019-03-28,32.548341,32.845547,32.016976,32.125050,2220600.000000
2019-03-29,32.314178,32.575355,31.872874,32.314178,2679200.000000
2019-04-01,32.575352,32.728459,32.368210,32.557343,4338400.000000
2019-04-02,32.611394,32.836549,31.710776,32.152081,1491200.000000
2019-04-03,32.224130,32.323199,31.791834,31.971958,2831600.000000
2019-04-04,32.025988,32.485302,31.872881,32.449276,2223200.000000
2019-04-05,32.413253,33.403932,32.368219,33.304863,2116200.000000
2019-04-08,33.268842,33.268842,33.007665,33.187786,1929000.000000
2019-04-09,33.151761,33.385920,32.953623,33.223808,1793900.000000
2019-04-10,33.241832,33.367918,32.296183,32.359226,843600.000000
2019-04-11,32.404242,32.872563,31.998963,32.791508,978200.000000
2019-04-12,32.845555,33.394932,32.350212,33.277851,3175200.000000
2019-04-15,33.241820,33.313871,32.845549,33.304863,891200.000000
2019-04-16,33.421944,33.575048,33.259833,33.512005,1869000.000000
2019-04-17,33.484985,34.448646,33.484985,34.412621,2122100.000000
2019-04-18,34.529709,34.556726,34.151447,34.151447,2315200.000000
2019-04-22,34.079398,34.115423,33.421947,33.539028,1665000.000000
2019-04-23,33.521011,34.061380,33.385917,33.863243,5455100.000000
2019-04-24,33.782196,34.007350,33.620088,33.728161,1230800.000000
2019-04-25,33.755174,33.935298,33.358903,33.899273,1422800.000000
2019-04-26,34.043372,34.169458,33.683127,34.142441,2505700.000000
2019-04-29,33.989337,35.043059,33.944303,34.880947,1716800.000000
2019-04-30,34.754861,34.925977,34.124428,34.673805,1810000.000000
2019-05-01,34.817906,34.943992,34.304554,34.889957,1475000.000000
2019-05-02,34.898952,34.943983,32.872562,33.178772,2627700.000000
2019-05-03,33.196790,33.557035,32.998653,33.340889,1229700.000000
2019-05-06,33.070712,33.683133,32.845558,33.602077,1533900.000000
2019-05-07,33.295860,33.521014,32.940115,33.052692,1412300.000000
2019-05-08,32.926604,33.394925,32.665423,33.160763,2108700.000000
2019-05-09,34.295552,34.790892,33.277852,34.196484,3458200.000000
2019-05-10,34.133433,34.448649,33.304863,34.268524,1633500.000000
2019-05-13,33.755177,34.358593,33.521017,33.773190,1598400.000000
2019-05-14,33.809211,34.246011,33.687626,33.755173,1663100.000000
2019-05-15,33.539034,33.755180,33.439965,33.530025,873900.000000
2019-05-16,33.575054,33.863251,32.674435,32.710461,2680000.000000
2019-05-17,32.701396,33.598689,32.701396,33.381165,1084400.000000
2019-05-20,33.118323,33.662136,33.118323,33.245213,996400.000000
2019-05-21,33.372102,34.011086,33.208957,33.698391,1272400.000000
2019-05-22,33.625875,33.798086,33.190824,33.236141,830200.000000
2019-05-23,32.982367,33.199895,32.792033,33.091129,1860100.000000
2019-05-24,33.091126,33.317716,32.991430,33.036747,828100.000000
2019-05-28,33.163633,33.489923,32.728582,32.773899,2384600.000000
2019-05-29,32.628882,32.773899,31.976303,31.994431,1437600.000000
2019-05-30,32.048816,32.352445,31.441554,31.550320,1079700.000000
2019-05-31,31.314660,31.550315,31.042753,31.459677,1736500.000000
2019-06-03,31.369045,31.550317,30.199842,30.616766,2219500.000000
2019-06-04,30.843355,31.550316,30.589576,30.897738,2276200.000000
2019-06-05,31.033697,31.332793,30.725535,30.834297,1346900.000000
2019-06-06,30.825227,31.024626,30.453620,30.580513,1209100.000000
2019-06-07,30.671152,30.861486,30.508007,30.526134,925100.000000
2019-06-10,30.689275,30.850604,30.417368,30.580513,1142800.000000
2019-06-11,30.607702,30.852419,30.498940,30.662085,1201800.000000
2019-06-12,30.643961,31.482341,30.634895,31.450619,2240300.000000
2019-06-13,31.686264,31.831281,31.359975,31.668137,1315400.000000
2019-06-14,31.713459,31.867538,31.323725,31.686266,2414700.000000
2019-06-17,31.885668,32.597159,31.758779,32.447609,2288000.000000
2019-06-18,32.710455,33.281462,32.366038,32.474804,2680900.000000
2019-06-19,32.520124,32.701396,32.039752,32.393234,2011500.000000
2019-06-20,32.764838,32.764838,32.003497,32.039749,1879700.000000
2019-06-21,32.048816,33.535242,31.758782,32.520123,4338300.000000
2019-06-24,32.375101,32.438545,32.076001,32.211956,1621000.000000
2019-06-25,32.130390,32.193835,31.631894,31.894735,1853700.000000
2019-06-26,32.139450,32.529184,31.867543,32.003498,2271900.000000
2019-06-27,32.048819,32.737649,31.776912,32.402298,2880900.000000
2019-06-28,32.529181,33.208949,32.329781,33.109249,4921100.000000
2019-07-01,33.372097,33.417414,32.370572,32.592628,2608800.000000
2019-07-02,32.592625,33.145504,32.592625,33.109249,1431200.000000
2019-07-03,33.263333,33.326778,32.909854,32.946106,918900.000000
2019-07-05,32.882662,33.326778,32.692327,33.136444,1190600.000000
2019-07-08,32.955174,33.476330,32.674201,32.746712,910700.000000
2019-07-09,32.610757,32.891730,32.438551,32.637947,1661300.000000
2019-07-10,32.728582,33.000489,32.656072,32.755772,1177600.000000
2019-07-11,32.746706,32.964230,32.492924,32.909851,1206500.000000
2019-07-12,32.918917,33.544302,32.918917,33.498985,1582900.000000
2019-07-15,33.643994,33.725567,33.181753,33.571487,1344900.000000
2019-07-16,33.607747,33.634937,33.181758,33.254265,1613100.000000
2019-07-17,33.190817,33.281455,32.713166,32.782955,1892200.000000
2019-07-18,32.719522,33.317718,32.628888,33.181767,3001300.000000
2019-07-19,33.272399,33.317716,32.810157,33.036747,1934300.000000
2019-07-22,33.054881,33.208961,32.882671,32.918926,1557800.000000
2019-07-23,32.946112,33.308657,32.619826,33.091129,2003200.000000
2019-07-24,33.045809,33.607753,33.027681,33.435543,1233500.000000
2019-07-25,33.453670,34.024676,33.444608,33.924976,1411800.000000
2019-07-26,33.870593,34.468789,33.834342,33.979359,915600.000000
2019-07-29,33.934036,34.296581,33.843402,34.160625,885800.000000
2019-07-30,33.988410,34.495971,33.988410,34.305634,1825500.000000
2019-07-31,34.169690,34.169690,33.328588,33.716511,1831300.000000
2019-08-01,33.680259,33.943103,33.254269,33.390224,1757900.000000
2019-08-02,33.390223,33.399285,32.891727,33.136444,1113400.000000
2019-08-05,32.882666,33.063939,32.402298,32.628887,2043700.000000
2019-08-06,32.565435,33.091121,32.492925,32.991425,1536300.000000
2019-08-07,32.674200,33.471795,32.411355,33.344906,1784900.000000
2019-08-08,33.843404,33.843404,31.622827,31.722527,3361100.000000
2019-08-09,31.677212,32.230091,31.613767,32.057880,1337100.000000
2019-08-12,31.976306,31.976306,31.423427,31.550320,1335100.000000
2019-08-13,31.423427,32.202895,31.423427,31.722527,1708100.000000
2019-08-14,31.523119,31.523119,30.245155,30.507999,1372300.000000
2019-08-15,30.498945,30.843358,29.646966,29.737604,2007500.000000
2019-08-16,29.991387,30.172659,29.646970,29.918877,1399300.000000
2019-08-19,30.190782,30.725533,30.181716,30.453623,1622600.000000
2019-08-20,30.362989,30.653023,30.136399,30.236099,1711200.000000
2019-08-21,30.335803,30.372055,29.791986,30.045769,1408700.000000
2019-08-22,30.082017,30.217972,29.665094,29.746666,1438800.000000
2019-08-23,29.601650,29.656032,28.396194,28.495893,1459900.000000
2019-08-26,28.704353,28.840306,28.350874,28.740606,1508600.000000
2019-08-27,28.912814,29.048767,28.649971,28.659035,1763500.000000
2019-08-28,28.704354,28.949071,28.396192,28.604654,1002000.000000
2019-08-29,28.804056,29.728540,28.699825,29.411316,1727100.000000
2019-08-30,30.154524,30.190779,29.429438,29.728535,1295500.000000
2019-09-03,29.573370,29.879143,29.354307,29.600752,904800.000000
2019-09-04,29.801562,30.358341,29.696593,30.312704,970400.000000
2019-09-05,30.595664,31.061169,30.330963,30.951639,965300.000000
2019-09-06,30.988145,31.353247,30.787337,30.915123,875100.000000
2019-09-09,30.741702,31.052040,30.403982,31.024658,792500.000000
2019-09-10,30.814717,31.417137,30.814717,31.234589,1421800.000000
2019-09-11,31.125059,31.243719,30.686935,31.006403,1073800.000000
2019-09-12,31.143313,31.143313,30.659552,30.759956,1159600.000000
2019-09-13,30.741703,31.106808,30.531769,30.769085,938800.000000
2019-09-16,30.595663,30.723448,30.440492,30.568281,653100.000000
2019-09-17,30.540891,30.540891,29.865452,29.956726,890000.000000
2019-09-18,29.828939,29.974980,29.235645,29.664642,1207900.000000
2019-09-19,29.728537,29.810685,29.116989,29.180882,629400.000000
2019-09-20,29.107864,29.482095,28.870546,29.281290,1538800.000000
2019-09-23,29.354307,29.514039,29.098734,29.372562,841400.000000
2019-09-24,29.500348,29.527730,28.660611,28.779270,1201700.000000
2019-09-25,28.733632,29.363434,28.733632,29.208267,1456400.000000
2019-09-26,29.263034,29.263034,28.614974,28.724504,1314000.000000
2019-09-27,28.761016,28.943567,28.414167,28.733633,860400.000000
2019-09-30,28.916181,29.071349,28.605843,28.788395,700200.000000
2019-10-01,28.934435,29.217388,28.414162,28.459801,880700.000000
2019-10-02,28.286379,28.478059,27.620066,27.665703,1123900.000000
2019-10-03,27.610938,27.775235,27.081538,27.738724,1061100.000000
2019-10-04,27.839128,28.094701,27.693087,27.825438,996300.000000
2019-10-07,27.848257,28.332020,27.820874,27.830002,951500.000000
2019-10-08,27.574424,27.574424,27.026770,27.414692,1232500.000000
2019-10-09,27.574429,27.756981,27.327985,27.620068,1147600.000000
2019-10-10,27.583556,27.866513,27.428387,27.770672,1161300.000000
2019-10-11,27.976044,28.733634,27.957789,28.441551,1571700.000000
2019-10-14,28.350273,28.414166,28.062756,28.304636,1178700.000000
2019-10-15,28.313764,28.761015,28.112956,28.697123,1148900.000000
2019-10-16,28.614971,28.834033,28.532822,28.829468,1159900.000000
2019-10-17,28.751887,28.952694,28.432422,28.742760,2047600.000000
2019-10-18,28.870547,29.272161,28.733634,28.774708,2453800.000000
2019-10-21,28.943564,29.349741,28.815778,29.290413,1581800.000000
2019-10-22,29.354308,29.993239,29.142547,29.911091,1518800.000000
2019-10-23,30.002367,30.130152,29.664647,29.765051,905100.000000
2019-10-24,29.719411,29.874579,28.478060,28.843163,1454000.000000
2019-10-25,28.861418,29.263032,28.861418,28.934439,1280500.000000
2019-10-28,28.952691,29.810684,28.952691,29.399942,2133600.000000
2019-10-29,29.354304,29.399942,29.062222,29.253901,1105600.000000
2019-10-30,29.190005,29.263027,28.569329,28.624096,1198100.000000
2019-10-31,28.450679,28.532828,28.243484,28.514572,1528000.000000
2019-11-01,28.624101,29.171755,28.459805,29.080481,2991700.000000
2019-11-04,29.244776,29.244776,28.961820,29.116989,1461400.000000
2019-11-05,29.116987,29.619005,29.116987,29.345179,2289200.000000
2019-11-06,29.372562,29.628134,28.907056,29.509478,1425800.000000
2019-11-07,30.257934,31.275658,29.883703,31.261967,2728600.000000
2019-11-08,31.161573,31.508422,30.951639,31.426273,1551500.000000
2019-11-11,31.252844,31.334993,30.979014,31.234589,768800.000000
2019-11-12,31.225466,31.371507,30.810163,30.860365,995800.000000
2019-11-13,30.696059,30.997268,30.550018,30.641293,994800.000000
2019-11-14,30.540889,30.832971,30.376592,30.531763,1251300.000000
2019-11-15,30.805596,31.006404,30.477003,30.664120,1682400.000000
2019-11-18,30.650427,31.471907,30.623041,31.453651,1344300.000000
2019-11-19,31.645329,32.384665,31.462780,32.339027,1301600.000000
2019-11-20,32.119966,32.448560,31.855269,31.941978,1548900.000000
2019-11-21,31.946539,32.339026,31.663583,31.745731,979500.000000
2019-11-22,31.736610,32.101711,31.718354,31.832449,1139800.000000
2019-11-25,31.837001,31.946531,31.563174,31.809616,1108800.000000
2019-11-26,31.837016,32.211246,31.745738,32.119968,1473000.000000
2019-11-27,32.220364,32.302512,31.850698,31.973919,757300.000000
2019-11-29,31.855265,32.138218,31.599690,31.928284,528700.000000
2019-12-02,31.910030,32.156475,31.713787,31.777679,1014400.000000
2019-12-03,31.526671,31.608819,31.024655,31.353245,1072000.000000
2019-12-04,31.298485,31.800501,31.207207,31.617949,1198100.000000
2019-12-05,31.754858,31.946537,31.444520,31.613379,1203100.000000
2019-12-06,31.837007,31.992174,31.522104,31.581432,892900.000000
2019-12-09,31.645332,32.110841,31.499291,31.754866,1049300.000000
2019-12-10,31.736612,32.092587,31.471911,31.873524,1210700.000000
2019-12-11,31.964801,32.594603,31.964801,32.211246,1647300.000000
2019-12-12,32.293394,32.914070,32.165608,32.822792,1350800.000000
2019-12-13,32.786277,32.959704,32.530706,32.731514,1363600.000000
2019-12-16,32.886678,33.023593,32.685873,32.758892,1097800.000000
2019-12-17,32.740642,33.160514,32.457689,33.078365,1019300.000000
2019-12-18,33.114874,33.224407,32.822791,32.859303,1880800.000000
2019-12-19,32.768026,33.060108,32.713259,32.904938,1098600.000000
2019-12-20,32.987078,33.218008,32.722378,33.060101,2579000.000000
2019-12-23,33.005340,33.580379,33.005340,33.434338,1149200.000000
2019-12-24,33.416085,33.589508,33.306555,33.315681,347100.000000
2019-12-26,33.443463,33.644271,33.315677,33.589504,696700.000000
2019-12-27,33.726415,33.726415,33.361310,33.521042,832800.000000
2019-12-30,33.580374,33.644266,33.215269,33.260906,894000.000000
2019-12-31,33.151381,33.338498,32.991649,33.224403,988400.000000
2020-01-02,33.315682,33.543872,32.827357,33.279171,1153800.000000
2020-01-03,32.868432,33.178770,32.868432,32.950581,940300.000000
2020-01-06,32.804528,32.987081,32.612850,32.872986,792600.000000
2020-01-07,32.758898,33.388704,32.704135,33.288300,955700.000000
2020-01-08,33.388701,33.699036,33.187893,33.242657,1799500.000000
2020-01-09,33.315681,33.470849,33.041855,33.315681,851000.000000
2020-01-10,33.361319,33.397830,32.850176,32.936886,1067100.000000
2020-01-13,32.941443,33.288292,32.694998,33.133121,1207000.000000
2020-01-14,32.977957,33.562122,32.778974,33.352188,1441500.000000
2020-01-15,33.379568,33.644268,33.297419,33.580376,889600.000000
2020-01-16,33.689904,34.922127,33.653393,34.894745,1835100.000000
2020-01-17,34.967768,35.451528,34.967768,35.209648,1662700.000000
2020-01-21,35.049914,35.177700,34.766958,35.059040,1416700.000000
2020-01-22,35.059049,35.232472,34.803478,35.049923,1321200.000000
2020-01-23,34.785227,34.803482,33.498238,33.680790,2407400.000000
2020-01-24,33.717293,33.717293,32.530708,32.895813,2762300.000000
2020-01-27,32.685879,33.242659,32.548964,33.197021,1838800.000000
2020-01-28,33.315679,33.607761,33.014467,33.425209,1353100.000000
2020-01-29,33.206145,33.434335,32.745201,32.850170,876100.000000
2020-01-30,32.494198,33.297427,32.430305,33.279171,978500.000000
2020-01-31,33.178763,33.379571,32.721472,33.160511,1604300.000000
2020-02-03,33.315674,34.000243,33.233526,33.616886,1084600.000000
2020-02-04,34.018494,34.292321,33.762923,34.137154,1072200.000000
2020-02-05,34.511396,34.876497,34.182802,34.620926,1984500.000000
2020-02-06,34.922135,35.086431,33.023599,33.315681,2530200.000000
2020-02-07,33.270044,33.279170,32.758898,33.197021,1047900.000000
2020-02-10,33.060105,33.630579,32.950571,33.571247,1442000.000000
2020-02-11,33.635144,33.635144,33.023598,33.416084,926900.000000
2020-02-12,33.562123,33.972865,33.516486,33.918098,907700.000000
2020-02-13,33.726417,34.447497,33.726417,34.246689,1059400.000000
2020-02-14,34.255820,34.310587,33.772059,34.055016,750500.000000
2020-02-18,34.009378,34.141728,33.717295,33.972870,965600.000000
2020-02-19,33.991128,34.429251,33.863339,34.255825,674100.000000
2020-02-20,33.936353,34.082394,32.768023,33.352188,1605200.000000
2020-02-21,33.123996,33.626012,32.384660,32.402916,1593500.000000
2020-02-24,32.192990,32.348157,31.115935,31.280231,1503900.000000
2020-02-25,31.408017,31.535802,29.796999,29.965860,1922800.000000
2020-02-26,30.449619,30.495256,29.281289,29.573372,2761100.000000
2020-02-27,29.199139,29.719413,28.286381,28.286381,2763400.000000
2020-02-28,27.565302,28.587590,27.254964,27.793491,3917400.000000
2020-03-02,27.820872,29.016586,27.446641,29.016586,2871300.000000
2020-03-03,28.676405,29.678560,27.894906,28.235086,4065400.000000
2020-03-04,28.538493,28.749957,27.701829,28.198311,2778700.000000
2020-03-05,27.426006,27.619083,26.580149,26.773226,2206300.000000
2020-03-06,25.476857,26.469822,25.329751,26.221581,2821300.000000
2020-03-09,24.594221,25.403301,24.254038,24.943596,4129700.000000
2020-03-10,25.706709,26.644507,24.612612,26.442238,3554900.000000
2020-03-11,25.577990,26.000920,25.099897,25.302168,3077300.000000
2020-03-12,24.410342,24.511478,22.332476,23.500126,3106700.000000
2020-03-13,24.272432,25.541219,22.289264,23.334633,2710400.000000
2020-03-16,21.422259,22.415222,20.852226,21.321125,3320300.000000
2020-03-17,21.606140,22.470387,20.383325,21.872770,3157000.000000
2020-03-18,20.723509,21.385484,18.976628,19.684574,3549300.000000
2020-03-19,19.702962,20.898195,18.480147,20.171862,2025500.000000
2020-03-20,20.502847,20.934970,18.314651,18.434174,3236800.000000
2020-03-23,18.507731,18.893884,17.588321,18.213520,2577600.000000
2020-03-24,19.142121,19.978784,18.544505,19.905231,2434900.000000
2020-03-25,19.905230,22.562327,19.546661,21.459034,3077500.000000
2020-03-26,21.569362,22.782985,21.569362,22.617491,2435300.000000
2020-03-27,21.799217,22.019877,20.181056,20.263803,1979800.000000
2020-03-30,20.328162,22.038264,19.785710,21.854383,1575000.000000
2020-03-31,22.019875,22.360055,20.925776,21.036104,2087600.000000
2020-04-01,20.089115,20.395279,19.546663,19.827084,1584700.000000
2020-04-02,19.822484,20.879806,19.509885,20.079920,2515500.000000
2020-04-03,19.978786,20.199444,19.491500,19.850069,1208700.000000
2020-04-06,20.944167,22.635882,20.861420,22.479582,1489800.000000
2020-04-07,23.619653,24.309210,22.893317,22.957676,1670400.000000
2020-04-08,23.022033,23.932249,22.985256,23.739172,1529100.000000
2020-04-09,23.831114,24.419536,23.141557,23.573679,1596300.000000
2020-04-13,23.408182,23.454153,22.360055,23.353018,1554400.000000
2020-04-14,23.720783,24.070160,23.343825,23.913860,967100.000000
2020-04-15,23.123165,23.215107,22.571519,23.141554,1167800.000000
2020-04-16,23.132359,23.251884,22.451996,23.104776,1872800.000000
2020-04-17,23.674812,24.208070,23.463349,24.116129,1085600.000000
2020-04-20,23.408182,24.309206,23.408182,23.619648,1896900.000000
2020-04-21,22.902508,23.334631,22.782986,23.031225,1442400.000000
2020-04-22,23.610459,23.794340,22.553137,22.608301,1501900.000000
2020-04-23,22.645074,23.077198,21.983099,22.479582,1512000.000000
2020-04-24,22.507164,22.686449,22.185370,22.543941,1423000.000000
2020-04-27,22.828956,24.125324,22.782986,23.913860,1128200.000000
2020-04-28,24.502284,25.476859,24.364373,24.796495,1157500.000000
2020-04-29,25.495246,25.964145,25.458471,25.697517,1215400.000000
2020-04-30,25.191841,25.191841,23.146153,23.500126,1787900.000000
2020-05-01,22.985256,23.334631,22.681851,23.003645,803100.000000
2020-05-04,22.847346,22.948480,22.258922,22.645075,1180100.000000
2020-05-05,22.819760,22.994448,21.725661,21.927933,1413200.000000
2020-05-06,21.964711,22.727822,21.505006,22.626688,1949600.000000
2020-05-07,24.134520,24.575837,22.856540,22.994452,1810900.000000
2020-05-08,23.555292,23.858697,23.279467,23.656425,949500.000000
2020-05-11,23.729977,23.729977,22.782986,23.398991,845300.000000
2020-05-12,23.527707,23.684007,22.884119,22.884119,995000.000000
2020-05-13,22.727818,22.759998,21.495809,22.121008,1172600.000000
2020-05-14,21.762439,23.169138,21.477423,23.095585,1753200.000000
2020-05-15,22.957673,23.509320,22.700240,23.444962,1056400.000000
2020-05-18,24.511473,24.860850,24.102336,24.690758,1144500.000000
2020-05-19,24.566638,25.265390,24.327591,24.768909,741900.000000
2020-05-20,24.860852,25.522826,24.851657,25.164257,941700.000000
2020-05-21,24.888434,25.403303,24.888434,25.035540,666400.000000
2020-05-22,24.971180,25.265391,24.860852,25.164257,739000.000000
2020-05-26,26.111248,26.451430,25.817037,26.285936,856000.000000
2020-05-27,26.653706,27.334069,26.368689,26.938723,923800.000000
2020-05-28,27.049048,27.232931,26.230773,26.350296,937100.000000
2020-05-29,26.258355,26.598538,25.807844,26.460627,1740100.000000
2020-06-01,26.561762,27.039856,26.479015,26.791615,740700.000000
2020-06-02,26.828390,26.993884,26.276743,26.543373,827600.000000
2020-06-03,26.855970,28.124757,26.855970,27.784575,1326900.000000
2020-06-04,27.609889,27.977653,27.196154,27.531738,1132000.000000
2020-06-05,28.464943,28.970620,27.692640,27.812162,1659300.000000
2020-06-08,27.940873,29.467094,27.940873,29.126913,2308800.000000
2020-06-09,28.749958,28.832705,27.821353,27.885712,1187400.000000
2020-06-10,27.701826,27.812156,26.773224,27.334063,1454400.000000
2020-06-11,26.396267,26.460627,25.292976,25.394112,1697400.000000
2020-06-12,26.092862,26.313522,25.081512,25.697517,1495500.000000
2020-06-15,24.796495,26.993887,24.696280,26.534182,1310500.000000
2020-06-16,27.306483,27.600694,25.481453,25.761873,1559300.000000
2020-06-17,25.743487,25.835429,25.320559,25.522829,1860900.000000
2020-06-18,25.348139,26.377879,25.265392,26.350296,1398900.000000
2020-06-19,26.800803,27.113403,25.559599,25.577988,2379700.000000
2020-06-22,25.329751,25.532023,24.980376,25.375723,1488100.000000
2020-06-23,25.614772,26.074477,25.541219,25.568800,1278600.000000
2020-06-24,25.182646,25.366529,24.327594,24.833271,1220800.000000
2020-06-25,24.594225,24.658583,24.019594,24.594225,1739700.000000
2020-06-26,24.474702,24.474702,23.353020,23.674814,2615700.000000
2020-06-29,23.895473,24.676972,23.536904,24.631002,1446000.000000
2020-06-30,24.603419,24.732136,24.309208,24.676971,1325600.000000
2020-07-01,24.640192,25.155063,24.382758,24.745926,1851900.000000
2020-07-02,25.247006,25.421695,24.327596,24.410343,1231500.000000
2020-07-06,24.768909,24.891190,24.088545,24.391951,905300.000000
2020-07-07,24.143712,24.180487,23.638035,23.693201,1007600.000000
2020-07-08,23.684007,23.684007,23.077196,23.343824,840900.000000
2020-07-09,23.242693,23.316245,22.093430,22.480501,1099000.000000
2020-07-10,22.369250,23.362213,22.369250,23.343824,809600.000000
2020-07-13,23.334631,23.555291,22.442803,23.031225,1655500.000000
2020-07-14,22.681849,23.426570,22.562326,23.104776,1522600.000000
2020-07-15,23.288660,24.254040,23.288660,24.134518,1449400.000000
2020-07-16,23.858698,24.401151,23.803532,24.267836,977500.000000
2020-07-17,24.373563,24.373563,23.113970,23.224300,2050200.000000
2020-07-20,23.058808,23.279466,22.341668,22.819761,1498500.000000
2020-07-21,22.957670,23.647228,22.943879,23.307047,1155700.000000
2020-07-22,23.215108,23.812724,23.159944,23.785143,999500.000000
2020-07-23,23.831112,24.290817,23.794335,24.024187,1029500.000000
2020-07-24,24.345981,25.007957,24.070158,24.355175,864100.000000
2020-07-27,24.254040,24.401147,23.387956,23.619648,1001200.000000
2020-07-28,23.500127,24.005804,23.394395,23.638039,719800.000000
2020-07-29,23.601261,24.005802,23.372328,23.831114,696000.000000
2020-07-30,23.408182,23.913859,23.224301,23.794334,644500.000000
2020-07-31,23.582871,23.720782,23.196719,23.693201,904300.000000
2020-08-03,23.785143,24.198876,23.380602,24.134518,826500.000000
2020-08-04,24.051772,24.879241,24.051772,24.557447,850600.000000
2020-08-05,23.904663,24.051768,22.323278,22.847342,1922600.000000
2020-08-06,22.966866,23.362213,22.732418,23.132360,1575900.000000
2020-08-07,22.930091,23.141555,22.488772,22.884119,1874500.000000
2020-08-10,22.893315,23.031227,22.433610,22.691046,1494200.000000
2020-08-11,22.920896,23.647229,22.865732,22.930090,1603100.000000
2020-08-12,23.141552,23.325435,22.819758,23.178328,1289200.000000
2020-08-13,22.957672,23.647229,22.930090,23.619648,878100.000000
2020-08-14,23.601261,23.987413,23.362214,23.739172,819200.000000
2020-08-17,23.840310,23.840310,23.233499,23.638039,727600.000000
2020-08-18,23.702396,23.858696,23.564483,23.661022,1051900.000000
2020-08-19,23.702397,24.125325,23.674814,23.831114,793100.000000
2020-08-20,23.656425,23.950636,23.518514,23.831114,693100.000000
2020-08-21,23.702396,23.955234,23.555291,23.913860,906500.000000
2020-08-24,23.895472,24.998765,23.895472,24.870047,1250000.000000
2020-08-25,24.998762,25.058522,24.300010,24.787296,1205000.000000
2020-08-26,24.640193,25.110932,24.594223,24.961987,1192900.000000
2020-08-27,25.219423,25.596381,25.127482,25.412498,980900.000000
2020-08-28,25.587190,25.711311,25.292979,25.669937,871300.000000
2020-08-31,25.651546,26.148028,25.463067,25.559605,1509100.000000
2020-09-01,25.364918,25.550333,25.096064,25.485437,1343800.000000
2020-09-02,25.568876,26.097311,25.448356,25.948978,1138300.000000
2020-09-03,26.217831,26.639652,25.364917,25.503979,1804100.000000
2020-09-04,25.893354,26.041687,25.392730,25.735750,1433000.000000
2020-09-08,25.578144,26.273454,25.559602,25.809914,1594900.000000
2020-09-09,25.995334,26.384706,25.466897,26.227104,1888100.000000
2020-09-10,26.301268,26.690642,25.911894,26.097309,1913700.000000
2020-09-11,26.097307,26.551576,25.661580,26.088036,1245800.000000
2020-09-14,26.347621,27.144911,26.245642,26.607204,1281600.000000
2020-09-15,26.681371,26.922412,26.356893,26.551579,1101900.000000
2020-09-16,26.690643,27.691889,26.662830,27.311785,2141700.000000
2020-09-17,26.746266,27.154182,26.329080,26.672100,2262900.000000
2020-09-18,26.625743,26.630380,25.605957,25.958246,3251500.000000
2020-09-21,25.578147,25.680126,24.502734,24.929190,2101100.000000
2020-09-22,24.938459,25.179500,24.669606,24.984814,2052200.000000
2020-09-23,25.040442,25.086795,23.969663,24.085548,1276400.000000
2020-09-24,24.215340,24.511077,23.742529,24.308046,922300.000000
2020-09-25,24.113359,24.929189,24.113359,24.827211,1040600.000000
2020-09-28,25.355648,25.865541,25.160960,25.865541,1044700.000000
2020-09-29,25.902619,25.958243,25.272204,25.791368,908600.000000
2020-09-30,25.911895,26.523768,25.633770,25.930435,1455800.000000
2020-10-01,26.152935,26.291998,25.661584,26.152935,928900.000000
2020-10-02,25.874811,26.342988,25.624499,26.115852,1109900.000000
2020-10-05,26.347621,26.838974,26.134393,26.783348,601300.000000
2020-10-06,26.857517,27.052205,25.967521,26.069500,1452400.000000
2020-10-07,26.588664,27.144912,26.273456,26.987309,1054800.000000
2020-10-08,27.209808,27.487931,26.940953,27.469389,721700.000000
2020-10-09,27.728972,27.849493,27.033661,27.070745,926100.000000
2020-10-12,27.283973,27.348868,26.848244,27.005848,1253100.000000
2020-10-13,26.959498,26.959498,25.429816,25.466898,1570100.000000
2020-10-14,25.466893,25.717205,25.109967,25.151686,944300.000000
2020-10-15,24.957004,25.244398,24.678881,25.216587,992000.000000
2020-10-16,25.318562,25.429812,24.855022,25.142418,715400.000000
2020-10-19,25.207313,25.262938,24.289504,24.335857,832900.000000
2020-10-20,24.604711,24.604711,24.187524,24.270962,1457600.000000
2020-10-21,24.187526,24.892107,24.020651,24.799398,803400.000000
2020-10-22,24.790126,25.615227,24.790126,25.411270,1828000.000000
2020-10-23,25.327837,25.554973,24.739141,24.970911,1763200.000000
2020-10-26,24.753044,24.910648,24.057734,24.270962,2529900.000000
2020-10-27,24.196798,24.280235,23.988204,24.099455,1178800.000000
2020-10-28,23.686902,23.946486,23.153832,23.195551,2046100.000000
2020-10-29,23.084297,23.677630,23.000860,23.538567,1609500.000000
2020-10-30,23.436591,24.252421,23.436591,24.233879,2209100.000000
2020-11-02,24.512005,25.031169,24.085547,24.929190,2504900.000000
2020-11-03,26.227104,26.755539,24.289506,24.753046,1454900.000000
2020-11-04,25.179500,25.179500,23.278986,23.575651,2861900.000000
2020-11-05,23.798152,24.493463,23.436592,24.447109,1280400.000000
2020-11-06,24.331221,24.410022,23.529295,23.737888,1400000.000000
2020-11-09,24.753045,25.355646,23.965026,24.280233,2287800.000000
2020-11-10,23.937214,24.966274,23.881590,24.753046,1559900.000000
2020-11-11,24.790126,25.272208,24.465648,25.170229,1216900.000000
2020-11-12,24.947731,24.994084,23.422683,23.594194,2251500.000000
2020-11-13,23.575655,24.451746,23.575655,24.298777,3101200.000000
2020-11-16,24.613982,25.258304,24.493462,24.799398,2095100.000000
2020-11-17,24.604712,25.698665,24.298774,25.633770,1601400.000000
2020-11-18,25.652310,25.732039,25.151686,25.151686,1782300.000000
2020-11-19,25.040438,25.480801,24.984813,25.281479,1005000.000000
2020-11-20,25.253666,25.568874,25.096063,25.439083,1248300.000000
2020-11-23,25.457624,26.185384,25.402000,25.995333,1022200.000000
2020-11-24,26.291998,27.246890,26.115853,27.080015,1623000.000000
2020-11-25,26.866788,26.885330,26.560851,26.848246,806400.000000
2020-11-27,26.774077,26.968765,26.570120,26.635015,506000.000000
2020-11-30,26.440330,26.704548,26.227102,26.310537,2144700.000000
2020-12-01,26.560853,27.849496,26.495958,27.534288,1436600.000000
2020-12-02,27.543555,27.877305,27.126370,27.858763,1101100.000000
2020-12-03,27.905119,28.192513,27.534287,27.599182,1142000.000000
2020-12-04,27.830952,27.830952,27.061476,27.121735,1831100.000000
2020-12-07,26.894598,27.293243,26.811161,27.172722,2001100.000000
2020-12-08,27.089289,27.228352,26.662833,26.787989,1575600.000000
2020-12-09,26.931681,27.033660,26.495954,26.635015,1601700.000000
2020-12-10,26.384701,26.690639,26.282723,26.593294,981100.000000
2020-12-11,26.347621,26.672099,26.115850,26.625744,1453500.000000
2020-12-14,26.968767,27.061475,26.254915,26.273457,1087300.000000
2020-12-15,26.393976,26.412518,25.605959,26.152935,1245300.000000
2020-12-16,26.199292,26.366167,25.958251,26.060230,976600.000000
2020-12-17,26.236373,26.245644,25.559605,26.106583,2069200.000000
2020-12-18,26.050958,26.347623,25.624500,25.763563,2945800.000000
2020-12-21,25.466899,25.578149,25.049714,25.392733,1257700.000000
2020-12-22,25.318565,25.439086,24.929191,25.012629,1208400.000000
2020-12-23,25.109969,25.809916,25.058981,25.726479,1063000.000000
2020-12-24,25.726476,26.078766,25.726476,25.958246,475800.000000
2020-12-28,26.078770,26.866789,25.958250,26.774080,1022300.000000
2020-12-29,26.922413,26.931682,26.537674,26.686007,694500.000000
2020-12-30,26.838975,27.098556,26.607204,26.607204,756300.000000
2020-12-31,26.607207,26.903873,26.570123,26.774080,650400.000000
2021-01-04,26.894599,27.237618,26.097309,26.338350,1237100.000000
2021-01-05,26.375434,27.042931,26.319808,26.899233,833700.000000
2021-01-06,27.265431,29.295737,27.265431,29.165945,1768000.000000
2021-01-07,28.758031,29.119592,27.997825,28.025637,2343400.000000
2021-01-08,28.025639,28.183243,27.024392,27.460121,1838700.000000
2021-01-11,27.200539,27.747516,27.107831,27.534288,1207000.000000
2021-01-12,27.506475,27.710432,26.913144,27.052206,1251100.000000
2021-01-13,26.876056,27.246888,26.579391,27.172722,1304400.000000
2021-01-14,27.209806,28.322301,26.931681,28.127615,5169000.000000
2021-01-15,27.997825,28.424281,27.691889,28.173969,3611800.000000
2021-01-19,28.155428,28.173968,26.996577,27.042931,1807400.000000
2021-01-20,27.117099,28.067355,27.107828,27.756784,2704400.000000
2021-01-21,27.645533,28.007093,27.552824,27.673346,2285600.000000
2021-01-22,27.589908,27.589908,26.829703,27.042931,1595700.000000
2021-01-25,27.052207,28.554076,27.042936,28.442827,4717200.000000
2021-01-26,28.683865,31.140627,28.665323,30.964483,3088600.000000
2021-01-27,30.964482,34.264885,29.991045,30.102297,6830800.000000
2021-01-28,29.865890,30.575106,28.313031,28.387197,2687200.000000
2021-01-29,28.099804,28.971260,27.589910,27.710430,1688200.000000
2021-02-01,27.682620,28.591158,27.497203,28.415012,1179500.000000
2021-02-02,28.516990,28.674593,27.158817,27.395222,1439200.000000
2021-02-03,27.293245,27.585274,26.950225,27.024391,2419300.000000
2021-02-04,27.154181,27.636261,26.862150,27.191263,2012000.000000
2021-02-05,27.237617,28.322301,26.959494,28.099802,1327700.000000
2021-02-08,28.322304,29.286468,28.164700,29.249384,1600600.000000
2021-02-09,29.638757,29.638757,27.449920,27.525015,1773100.000000
2021-02-10,27.673348,28.535533,27.321057,28.285221,1827500.000000
2021-02-11,28.229599,28.702409,28.058088,28.507723,922600.000000
2021-02-12,28.433554,29.379176,28.377930,29.156677,1003200.000000
2021-02-16,29.212302,29.360635,28.377930,28.415012,965200.000000
2021-02-17,28.340845,28.693136,28.229596,28.424282,474700.000000
2021-02-18,28.415010,28.971258,28.368657,28.795113,1023200.000000
2021-02-19,28.878549,30.176461,28.878549,30.009586,1281600.000000
2021-02-22,29.926150,31.377033,29.926150,30.955210,1278000.000000
2021-02-23,31.038645,31.502185,30.018858,30.473125,1117400.000000
2021-02-24,30.037408,30.426780,29.745375,30.352615,797600.000000
2021-02-25,30.454590,30.797612,29.193762,29.434803,1069700.000000
2021-02-26,29.295739,30.083757,29.147406,29.601675,1290000.000000
2021-03-01,29.833443,31.196253,29.759275,30.955210,989300.000000
2021-03-02,30.890317,34.033118,30.658547,33.421246,3052400.000000
2021-03-03,33.439784,35.460819,33.124577,34.385406,2928100.000000
2021-03-04,34.366865,35.154882,33.106035,34.033115,2013900.000000
2021-03-05,34.959273,36.285925,34.107287,36.193218,2462700.000000
2021-03-08,35.989260,37.324254,35.377387,37.101757,1362400.000000
2021-03-09,37.185679,37.185679,35.339449,35.656479,1608500.000000
2021-03-10,35.917559,36.616889,35.516610,36.327831,1154100.000000
2021-03-11,36.029447,37.362835,35.992148,36.747425,972400.000000
2021-03-12,36.794044,37.656549,36.728773,37.297562,1108200.000000
2021-03-15,37.623922,37.987576,36.943242,37.390812,943200.000000
2021-03-16,38.118118,39.292990,37.810411,38.640282,1527500.000000
2021-03-17,38.509735,38.621627,36.598235,37.717163,1432700.000000
2021-03-18,37.390805,38.472434,37.246278,37.670540,1206700.000000
2021-03-19,37.633243,38.174056,37.325536,37.623917,2431100.000000
2021-03-22,37.861692,38.537712,37.330202,38.369873,999700.000000
2021-03-23,38.043518,38.183386,36.523641,36.560940,1358700.000000
2021-03-24,36.626205,36.840665,35.339441,35.386063,1594400.000000
2021-03-25,35.376736,36.327824,35.199574,35.824306,1631000.000000
2021-03-26,35.861605,35.880254,31.665629,33.726318,3864100.000000
2021-03-29,33.800924,34.043357,32.980376,33.399975,1729000.000000
2021-03-30,33.409302,33.996736,32.989704,33.418625,1542400.000000
2021-03-31,33.689030,33.689030,32.506696,32.570103,2810400.000000
2021-04-01,32.803208,33.026991,32.215770,32.635368,2378500.000000
2021-04-05,32.961722,33.017670,31.991988,32.756588,1246600.000000
2021-04-06,32.420909,33.633079,32.420909,33.353348,1090800.000000
2021-04-07,33.614439,34.071336,33.241465,33.483898,1129700.000000
2021-04-08,33.474572,33.744976,32.831186,33.222813,1366200.000000
2021-04-09,33.316047,33.744968,32.924424,33.642403,651700.000000
2021-04-12,34.034038,34.248498,33.539846,33.661060,1118500.000000
2021-04-13,33.549160,34.304437,33.469903,33.894161,1279400.000000
2021-04-14,33.623760,34.304440,33.474570,33.707680,1512400.000000
2021-04-15,34.052683,34.761336,33.819574,34.285793,1054500.000000
2021-04-16,34.404214,34.724043,34.052685,34.239174,910000.000000
2021-04-19,34.117950,34.481601,33.833556,34.117950,897500.000000
2021-04-20,34.155251,34.602822,33.856871,34.173901,1092400.000000
2021-04-21,34.173899,35.050390,33.894164,34.835930,1636600.000000
2021-04-22,34.882552,35.190259,34.416332,34.593494,1734400.000000
2021-04-23,34.612134,35.102598,34.574840,34.817272,781100.000000
2021-04-26,34.845248,34.957144,34.206530,34.565517,856900.000000
2021-04-27,34.593485,34.947813,34.351053,34.733353,727600.000000
2021-04-28,34.714708,34.714708,34.117947,34.388355,771400.000000
2021-04-29,34.574842,34.742678,34.089973,34.341732,876700.000000
2021-04-30,34.332410,34.341737,33.744972,33.922138,840100.000000
2021-05-03,34.155246,34.239166,33.344022,33.362671,890500.000000
2021-05-04,33.437269,33.707677,32.924428,33.381321,890300.000000
2021-05-05,33.275025,33.474568,32.961724,33.138889,1024200.000000
2021-05-06,33.437271,34.835930,33.362674,34.220520,791200.000000
2021-05-07,34.276468,34.929176,34.054548,34.658768,1049900.000000
2021-05-10,34.742675,35.283492,34.417255,34.733353,1087400.000000
2021-05-11,34.546870,34.929170,34.323086,34.863899,1041300.000000
2021-05-12,34.882538,35.124971,33.931450,34.024696,1203100.000000
2021-05-13,33.996729,34.975789,33.978080,34.565517,1036700.000000
2021-05-14,34.462954,34.598158,33.760829,33.819572,1364000.000000
2021-05-17,34.155253,34.593497,33.399976,33.418625,1283100.000000
2021-05-18,33.549166,34.313766,33.549166,33.866196,938900.000000
2021-05-19,33.558481,33.968753,33.353343,33.772942,1070400.000000
2021-05-20,33.707675,34.108624,33.605107,33.698349,919600.000000
2021-05-21,33.772948,34.173897,33.633081,33.922138,849300.000000
2021-05-24,33.922135,34.295109,33.577130,33.856865,748800.000000
2021-05-25,34.015376,34.257813,33.362668,33.474564,1036600.000000
2021-05-26,33.483889,34.285787,33.325376,33.716999,1217300.000000
2021-05-27,33.978085,34.546873,33.847544,34.323090,2762900.000000
2021-05-28,34.518898,34.518898,33.549161,33.828892,981400.000000
2021-06-01,34.127268,34.178552,33.521185,33.558483,1011700.000000
2021-06-02,33.651732,33.782273,32.971052,33.185513,1409200.000000
2021-06-03,33.176180,33.381314,32.425566,32.784554,1456200.000000
2021-06-04,32.849826,33.381316,32.728608,33.260098,1054100.000000
2021-06-07,33.269433,33.567813,32.989701,33.194836,686300.000000
2021-06-08,33.157531,33.241450,32.588742,32.784554,1171000.000000
2021-06-09,33.213476,33.959426,33.073612,33.595776,1105200.000000
2021-06-10,33.577131,33.810241,33.316049,33.437267,622100.000000
2021-06-11,33.483891,33.791598,33.427943,33.754299,591500.000000
2021-06-14,33.800922,33.912814,33.241460,33.530514,808600.000000
2021-06-15,33.633080,33.922137,33.306727,33.549160,813800.000000
2021-06-16,33.493210,33.735647,33.222806,33.502537,850400.000000
2021-06-17,33.474568,33.791597,32.961723,33.045643,927400.000000
2021-06-18,32.896451,33.763620,32.849830,33.362671,2115400.000000
2021-06-21,33.577131,33.828890,33.250779,33.353348,858100.000000
2021-06-22,33.372000,33.502541,32.803211,33.325378,1313500.000000
2021-06-23,33.278760,33.600452,33.185517,33.288086,1284800.000000
2021-06-24,33.371999,33.968759,33.316051,33.828892,1118100.000000
2021-06-25,33.838215,34.397677,33.716997,33.931458,1261800.000000
2021-06-28,34.080651,34.248491,33.595783,33.754299,827400.000000
2021-06-29,33.288078,33.530511,32.612058,32.672668,1109300.000000
2021-06-30,32.812535,32.868483,32.383614,32.821861,865600.000000
2021-07-01,32.887131,33.437270,32.607400,33.157539,815800.000000
2021-07-02,33.297403,33.297403,32.849832,32.980373,529200.000000
2021-07-06,32.849833,33.092269,31.707597,32.383614,1182400.000000
2021-07-07,32.336983,32.635363,31.889413,32.169144,1004600.000000
2021-07-08,32.057264,32.057264,31.311313,31.525774,906000.000000
2021-07-09,31.516447,32.290374,31.469826,32.178478,790200.000000
2021-07-12,32.085229,32.551449,31.730901,32.542126,721900.000000
2021-07-13,32.612058,32.616721,31.619012,31.674959,1134200.000000
2021-07-14,31.665636,32.159831,31.665636,32.057262,659600.000000
2021-07-15,31.898745,32.234423,31.488473,31.591042,1279300.000000
2021-07-16,31.591042,31.656312,31.059552,31.115496,1377900.000000
2021-07-19,30.882383,30.947654,30.211029,30.397514,2828200.000000
2021-07-20,30.397512,30.770489,30.183051,30.649271,2184700.000000
2021-07-21,30.649276,31.852123,30.565356,31.591042,1705200.000000
2021-07-22,31.656309,31.656309,30.938330,31.469820,774800.000000
2021-07-23,31.544420,31.786852,31.255362,31.712255,515200.000000
2021-07-26,31.507121,32.281043,31.507121,32.001312,815000.000000
2021-07-27,31.814820,31.964011,31.563061,31.665630,694300.000000
2021-07-28,31.674961,32.001313,31.068874,31.721582,951700.000000
2021-07-29,31.852118,32.257730,31.628331,31.646980,1313600.000000
2021-07-30,31.395224,31.539754,30.901032,30.994278,1921200.000000
2021-08-02,31.040901,31.274011,30.984954,31.040901,912800.000000
2021-08-03,31.124821,31.124821,29.716837,30.602654,968900.000000
2021-08-04,30.462785,30.798463,30.192380,30.434813,893800.000000
2021-08-05,31.124818,32.504827,30.938329,31.973337,2500700.000000
2021-08-06,31.917388,32.178470,31.395221,31.460495,1236500.000000
2021-08-09,31.339282,31.385904,31.068874,31.236713,1183400.000000
2021-08-10,31.190092,31.796175,30.994280,31.702932,1240100.000000
2021-08-11,31.730905,32.281045,31.516445,32.206451,2133800.000000
2021-08-12,32.141182,32.271723,31.591043,31.842802,913000.000000
2021-08-13,31.973338,32.155163,31.712252,31.768200,860900.000000
2021-08-16,31.656304,32.085225,31.320626,31.936035,664900.000000
2021-08-17,31.488475,31.936046,31.404555,31.777533,508400.000000
2021-08-18,31.702936,32.355644,31.497798,31.525774,778600.000000
2021-08-19,31.451176,31.544422,31.003606,31.199417,599400.000000
2021-08-20,31.050225,31.842800,31.022252,31.712255,554500.000000
2021-08-23,31.796174,32.113204,31.656311,32.001312,655000.000000
2021-08-24,31.973339,32.197122,31.824149,31.926718,612500.000000
2021-08-25,31.973337,32.262391,31.702929,31.973337,622200.000000
2021-08-26,31.926719,32.122531,31.702932,31.702932,718500.000000
2021-08-27,31.535090,32.243745,31.535090,32.197121,527300.000000
2021-08-30,32.187801,32.234422,31.824150,32.001312,565100.000000
2021-08-31,32.010709,32.677402,31.991928,32.517773,1145500.000000
2021-09-01,32.545935,32.649226,32.076432,32.151554,1067600.000000
2021-09-02,32.292403,32.574104,32.151554,32.414474,907700.000000
2021-09-03,32.254842,32.329965,31.766563,32.048264,752700.000000
2021-09-07,31.926186,32.320567,31.766557,31.963747,1172900.000000
2021-09-08,31.879242,32.254842,31.259498,31.268887,962800.000000
2021-09-09,31.325228,31.719609,31.118646,31.616318,1000000.000000
2021-09-10,31.653879,31.785339,31.146815,31.268887,698600.000000
2021-09-13,31.531808,31.813509,31.306445,31.672657,919200.000000
2021-09-14,31.832292,31.832292,30.780603,30.836945,879900.000000
2021-09-15,30.780607,32.085824,30.649146,31.982536,1097400.000000
2021-09-16,31.973141,32.724345,31.804120,32.574104,980700.000000
2021-09-17,32.517772,33.409829,32.489600,32.959103,2712200.000000
2021-09-20,32.771297,32.771297,31.907410,32.423862,1016900.000000
2021-09-21,32.611666,33.024828,32.151556,32.376915,1097900.000000
2021-09-22,32.592882,33.653959,32.592882,33.259575,947700.000000
2021-09-23,33.231411,33.916884,33.231411,33.503723,801500.000000
2021-09-24,33.334695,34.330043,33.334695,34.095291,812400.000000
2021-09-27,34.029570,34.931015,34.020178,34.677483,912700.000000
2021-09-28,34.602356,35.090639,34.517845,34.611748,1076300.000000
2021-09-29,34.592963,35.053077,34.394834,34.977955,788400.000000
2021-09-30,35.315999,35.719772,34.837104,34.855885,1478800.000000
2021-10-01,35.240877,35.635261,34.846496,35.381729,847300.000000
2021-10-04,35.362948,36.057814,35.362948,35.916962,1092000.000000
2021-10-05,36.029637,36.489752,35.926346,36.273781,802800.000000
2021-10-06,35.982695,36.170497,35.569534,36.020256,940900.000000
2021-10-07,36.348914,36.846589,36.170504,36.470985,982900.000000
2021-10-08,36.621220,37.438154,36.609951,36.696342,989900.000000
2021-10-11,36.696346,36.978047,36.508544,36.527325,438900.000000
2021-10-12,36.489755,36.865355,36.217443,36.452194,512600.000000
2021-10-13,36.583662,36.940485,36.480371,36.724514,773000.000000
2021-10-14,36.987430,37.222181,36.668168,37.006210,857900.000000
2021-10-15,37.053159,37.250349,36.480365,36.593048,1135000.000000
2021-10-18,36.461587,36.865356,36.348904,36.705727,963800.000000
2021-10-19,36.837194,37.513280,36.658785,37.494499,663900.000000
2021-10-20,37.334863,38.039117,37.278525,37.748028,532400.000000
2021-10-21,37.701074,37.926434,37.090719,37.222179,494700.000000
2021-10-22,37.128285,37.259745,36.837192,37.109505,631200.000000
2021-10-25,37.292612,37.306696,36.480370,36.555492,456000.000000
2021-10-26,36.621216,36.743288,36.236224,36.358295,925400.000000
2021-10-27,36.348908,36.377081,35.156370,35.193932,795100.000000
2021-10-28,35.222101,35.644655,35.118814,35.616486,1180800.000000
2021-10-29,35.644656,35.644656,34.287793,34.705650,2311700.000000
2021-11-01,34.799545,35.926349,34.799545,35.851231,761000.000000
2021-11-02,35.794892,36.452196,35.635262,36.320736,942800.000000
2021-11-03,36.057810,36.715111,35.475624,36.273781,1252500.000000
2021-11-04,36.283174,36.283174,34.602353,36.076591,1380200.000000
2021-11-05,36.442807,37.128280,36.010861,36.255005,872500.000000
2021-11-08,36.433417,36.536708,35.203322,35.588314,1565800.000000
2021-11-09,35.607091,35.870016,35.269052,35.400513,976600.000000
2021-11-10,35.503803,36.151716,35.344170,35.503803,561000.000000
2021-11-11,35.306608,36.048423,34.977957,35.888794,851900.000000
2021-11-12,35.616488,36.161110,35.616488,35.823071,814900.000000
2021-11-15,35.841840,36.555486,35.841840,36.076591,736500.000000
2021-11-16,36.095371,36.095371,35.287829,35.315998,779900.000000
2021-11-17,35.316001,35.438073,35.006127,35.250271,749300.000000
2021-11-18,35.203324,35.362953,34.630530,34.668087,1054300.000000
2021-11-19,34.480294,34.649316,33.916889,34.104691,1206700.000000
2021-11-22,34.142239,34.245530,33.738466,33.869926,1093100.000000
2021-11-23,34.142243,34.470893,33.860542,34.132851,1131900.000000
2021-11-24,33.879323,33.930965,33.484938,33.691521,1091500.000000
2021-11-26,32.987269,33.090560,32.452036,32.930927,780000.000000
2021-11-29,33.118730,33.118730,32.301796,32.386307,802100.000000
2021-11-30,32.236064,32.353440,31.301751,31.550587,2355000.000000
2021-12-01,31.851067,32.170329,30.226588,30.254761,1440800.000000
2021-12-02,30.405004,31.156208,30.151472,30.902676,1145900.000000
2021-12-03,30.912063,31.531810,30.912063,31.494249,1145200.000000
2021-12-06,31.898027,32.273628,31.710226,31.851074,1094200.000000
2021-12-07,32.020091,32.527155,31.794731,31.879242,960800.000000
2021-12-08,32.010700,32.611663,31.935578,32.189110,1169900.000000
2021-12-09,31.935580,32.527154,31.888630,32.067043,891300.000000
2021-12-10,32.254842,32.292403,31.757170,32.151554,1360600.000000
2021-12-13,31.869852,32.048265,31.250108,31.738392,1813800.000000
2021-12-14,31.616317,31.968444,31.268885,31.428518,1948400.000000
2021-12-15,31.428517,31.747779,30.846331,31.672657,2143700.000000
2021-12-16,31.813512,32.376914,31.672660,32.226673,1724800.000000
2021-12-17,32.452036,32.996658,31.916803,32.132774,13993200.000000
2021-12-20,31.860463,31.991923,31.250108,31.757172,1523300.000000
2021-12-21,32.020091,32.672700,31.757171,32.123383,1101200.000000
2021-12-22,32.010702,32.179724,31.766563,32.048264,883200.000000
2021-12-23,32.160947,32.555327,32.142166,32.405087,784700.000000
2021-12-27,32.452035,32.508373,31.963752,32.508373,472100.000000
2021-12-28,32.470817,32.799468,32.470817,32.649227,383800.000000
2021-12-29,32.602278,32.752519,32.132775,32.283016,724800.000000
2021-12-30,32.376915,32.855810,32.334662,32.630447,457200.000000
2021-12-31,32.710263,32.743128,32.151557,32.179726,785200.000000
2022-01-03,32.320576,33.175074,32.217288,32.855812,1100700.000000
2022-01-04,33.043608,33.456773,32.921540,32.987270,1296500.000000
2022-01-05,32.996659,33.428600,32.564717,32.639835,1028300.000000
2022-01-06,32.808854,33.719691,32.761905,33.315918,1162800.000000
2022-01-07,33.315923,34.010789,33.315923,33.804207,1167400.000000
2022-01-10,33.945049,34.128155,33.376947,33.776028,1492100.000000
2022-01-11,33.851151,34.161024,33.456770,33.672741,652300.000000
2022-01-12,33.747853,34.118760,33.701842,34.010777,622400.000000
2022-01-13,34.076516,34.893450,34.020174,34.592968,1196000.000000
2022-01-14,34.470896,35.456851,34.287790,35.400513,1144900.000000
2022-01-18,35.400515,35.762031,34.292488,34.461510,1022900.000000
2022-01-19,34.621136,34.940398,34.067123,34.254925,877000.000000
2022-01-20,34.254925,34.855888,33.109337,33.118729,924000.000000
2022-01-21,32.959099,33.362872,32.508377,32.696178,933600.000000
2022-01-24,32.583495,33.719690,32.574103,33.672741,2306700.000000
2022-01-25,33.466158,33.832369,32.837026,33.691521,845800.000000
2022-01-26,33.747862,34.029566,32.442644,32.743126,1098100.000000
2022-01-27,32.752520,33.541285,32.743128,32.874588,997000.000000
2022-01-28,32.827634,34.508455,32.668005,34.470894,1269700.000000
2022-01-31,34.320653,34.959177,33.945053,34.912228,1105700.000000
2022-02-01,35.071853,35.269047,34.668081,34.733814,1161100.000000
2022-02-02,34.517844,35.137587,34.104682,34.996738,1019800.000000
2022-02-03,34.977958,35.447461,34.733818,35.165760,707800.000000
2022-02-04,35.090635,35.381728,34.686862,34.977955,808500.000000
2022-02-07,35.128198,35.423984,34.818329,34.912228,797800.000000
2022-02-08,35.090638,35.409900,34.790156,35.071857,913100.000000
2022-02-09,35.513193,37.550837,35.466244,37.485104,1719500.000000
2022-02-10,37.184617,38.414715,36.893527,37.607170,1282400.000000
2022-02-11,37.381816,38.029729,36.931094,37.043774,1080200.000000
2022-02-14,37.175240,37.325480,36.273795,36.386475,972700.000000
2022-02-15,36.640003,37.316089,36.517932,36.724514,1099200.000000
2022-02-16,36.301957,36.677561,35.860624,36.536709,1261700.000000
2022-02-17,36.449385,36.846585,36.085989,36.301960,1321900.000000
2022-02-18,36.245616,36.668169,35.531973,36.189278,1515700.000000
2022-02-22,36.095370,36.442805,35.738551,35.851231,1964600.000000
2022-02-23,36.179885,36.179885,35.081250,35.146980,1355400.000000
2022-02-24,34.649311,35.100034,34.222062,34.987350,1077600.000000
2022-02-25,35.146978,36.184579,34.837105,35.898182,960600.000000
2022-02-28,35.419293,36.114155,35.222099,35.926353,1608500.000000
2022-03-01,35.812968,36.134246,35.340502,35.567284,987500.000000
2022-03-02,35.822407,37.589431,35.746814,37.154762,1097800.000000
2022-03-03,37.173667,37.674480,36.937434,37.353203,845300.000000
2022-03-04,36.994130,37.093347,36.550010,36.918533,782500.000000
2022-03-07,36.805143,37.140594,35.898008,35.935802,1188700.000000
2022-03-08,36.020851,36.720103,35.718472,36.096447,663900.000000
2022-03-09,36.606707,36.776791,35.312146,35.368843,883200.000000
2022-03-10,35.019222,35.312149,34.197128,34.594002,1025900.000000
2022-03-11,34.716839,35.293245,34.121530,34.187675,736300.000000
2022-03-14,34.650693,35.227103,33.611268,33.753010,1297300.000000
2022-03-15,34.102634,34.631797,33.696312,34.603447,806600.000000
2022-03-16,34.764089,35.434990,34.556202,35.359394,1095200.000000
2022-03-17,35.123157,35.123157,33.941990,35.009766,1033100.000000
2022-03-18,35.000319,35.661773,34.471156,35.605076,1781300.000000
2022-03-21,35.567278,36.540558,35.198755,35.472786,2426000.000000
2022-03-22,35.718462,36.172030,35.576724,35.680664,646300.000000
2022-03-23,35.529480,35.756266,35.132610,35.132610,593000.000000
2022-03-24,35.123162,35.661777,35.066468,35.501137,507800.000000
2022-03-25,35.520035,36.181489,35.520035,35.737370,712800.000000
2022-03-28,35.671223,35.756267,34.782987,35.217655,450400.000000
2022-03-29,35.586176,35.718466,35.217653,35.491684,449300.000000
2022-03-30,35.463334,35.661773,34.674316,34.801884,1174700.000000
2022-03-31,34.669592,35.151510,34.244375,34.282169,679700.000000
2022-04-01,34.603443,34.712112,33.932542,34.178223,770900.000000
2022-04-04,34.093192,34.414466,33.299448,34.405018,617100.000000
2022-04-05,34.206581,34.546757,33.431736,33.592373,758700.000000
2022-04-06,33.573464,33.724653,33.186042,33.658508,974500.000000
2022-04-07,33.545124,33.800256,32.836424,33.384487,693800.000000
2022-04-08,33.403376,34.045930,33.403376,33.790798,740700.000000
2022-04-11,33.771907,34.291619,33.441178,33.554569,726100.000000
2022-04-12,33.734107,34.102630,33.393931,33.649063,750400.000000
2022-04-13,33.715209,34.036487,33.667964,33.951443,608500.000000
2022-04-14,34.008137,34.395559,33.838048,33.875843,1431500.000000
2022-04-18,33.932541,34.178222,33.734106,33.989239,719600.000000
2022-04-19,34.140436,34.338871,33.771913,34.206581,667900.000000
2022-04-20,34.140432,34.593999,33.072657,34.471157,925000.000000
2022-04-21,34.660143,35.019219,33.819154,33.904198,1353800.000000
2022-04-22,33.809704,33.932546,33.256919,33.384487,782800.000000
2022-04-25,33.186051,33.393937,32.637992,33.242748,1093500.000000
2022-04-26,33.006513,33.129355,32.099378,32.137173,1104800.000000
2022-04-27,32.174965,32.363952,31.419019,31.919832,1202700.000000
2022-04-28,32.089930,32.496251,31.806451,32.052132,860600.000000
2022-04-29,32.023779,32.278911,31.333978,31.409575,802500.000000
2022-05-02,31.579661,32.099377,31.475721,31.995434,994300.000000
2022-05-03,32.061584,32.274193,31.570218,31.778105,877500.000000
2022-05-04,31.711959,32.524598,31.598564,32.477352,569300.000000
2022-05-05,32.193873,32.477352,31.693059,31.863148,931900.000000
2022-05-06,31.711953,31.787546,29.963825,30.294554,1387800.000000
2022-05-09,30.039422,30.206673,28.792109,28.886602,2421800.000000
2022-05-10,29.188982,29.245679,27.365260,28.253498,1879600.000000
2022-05-11,28.300747,29.472464,28.300747,28.877155,1747300.000000
2022-05-12,28.820457,29.302373,28.196801,29.160633,2057500.000000
2022-05-13,29.642551,29.803190,29.198431,29.519709,1216700.000000
2022-05-16,29.472460,29.633099,29.179530,29.396866,829100.000000
2022-05-17,29.670895,30.398493,29.661446,30.209507,2167200.000000
2022-05-18,30.039425,30.077222,29.094492,29.188984,1163400.000000
2022-05-19,29.066141,29.396868,28.811009,29.094490,1045600.000000
2022-05-20,29.330725,29.538609,28.896054,29.236231,1005100.000000
2022-05-23,29.680347,30.067770,29.132286,29.878784,1718300.000000
2022-05-24,29.680349,29.680349,28.187355,28.347994,1861600.000000
2022-05-25,28.329090,29.245676,28.329090,29.075588,1204600.000000
2022-05-26,29.188981,30.115016,29.132285,30.058319,934100.000000
2022-05-27,30.096116,30.946556,30.001623,30.889858,872700.000000
2022-05-31,30.918210,31.069399,30.615831,30.908758,2440800.000000
2022-06-01,31.088296,31.173341,29.840983,30.379597,1729600.000000
2022-06-02,30.133913,30.436291,29.566955,30.105566,944300.000000
2022-06-03,29.916581,30.105568,29.699247,29.907131,745400.000000
2022-06-06,30.077219,30.171713,29.675623,29.850435,899300.000000
2022-06-07,29.576402,30.341799,29.491358,30.275654,774800.000000
2022-06-08,30.058322,30.530790,29.699248,29.755943,846300.000000
2022-06-09,29.718147,29.822088,29.255128,29.274027,598600.000000
2022-06-10,28.896051,29.018892,28.366889,28.376339,1215100.000000
2022-06-13,28.064513,28.064513,27.393609,27.601494,1551600.000000
2022-06-14,27.620390,28.248771,27.469200,28.017262,1091000.000000
2022-06-15,28.234598,29.179531,28.149555,28.763762,1421600.000000
2022-06-16,28.206254,28.480284,27.592048,28.159006,1525400.000000
2022-06-17,28.140107,28.669269,27.903874,28.055063,2507000.000000
2022-06-21,28.225151,28.896053,28.149557,28.480282,2009300.000000
2022-06-22,28.206253,28.461385,27.856627,28.083410,1309700.000000
2022-06-23,28.102308,28.187352,27.667640,28.036163,1026100.000000
2022-06-24,28.272397,28.962198,28.140107,28.678719,1395200.000000
2022-06-27,28.744862,28.896051,28.442484,28.839355,604800.000000
2022-06-28,28.905500,29.236227,28.529416,28.555874,799400.000000
2022-06-29,28.584225,28.735414,27.951120,28.480282,677400.000000
2022-06-30,28.281848,28.603126,27.894426,28.064514,848100.000000
2022-07-01,27.894422,28.924400,27.894422,28.905500,630200.000000
2022-07-05,28.489731,28.943298,28.073960,28.943298,862600.000000
2022-07-06,29.009445,29.321273,28.376340,28.886602,1238800.000000
2022-07-07,28.999995,29.387417,28.914951,29.122835,960800.000000
2022-07-08,29.226779,29.377968,28.801559,28.943298,881800.000000
2022-07-11,28.763763,28.877154,28.414137,28.612574,772700.000000
2022-07-12,28.451933,29.302373,28.451933,28.933849,825100.000000
2022-07-13,28.688169,28.839358,27.866076,28.697618,1199500.000000
2022-07-14,28.376341,28.508631,28.102310,28.366892,640600.000000
2022-07-15,28.773215,29.349623,28.631473,29.321276,642300.000000
2022-07-18,29.056689,29.425213,28.640918,29.037790,1142500.000000
2022-07-19,29.415766,29.973276,29.377969,29.907131,612800.000000
2022-07-20,30.011074,30.540236,29.840986,30.398495,724900.000000
2022-07-21,30.455190,30.634726,30.124463,30.634726,824200.000000
2022-07-22,30.615831,30.956004,30.426844,30.776468,533200.000000
2022-07-25,30.956006,31.154444,30.667804,30.852066,738500.000000
2022-07-26,30.634729,30.785922,29.604754,29.831537,527100.000000
2022-07-27,30.058320,30.389047,29.803190,30.332350,1312100.000000
2022-07-28,30.294552,30.634725,29.812634,30.587479,431900.000000
2022-07-29,30.502438,30.544962,29.037792,29.198431,1357000.000000
2022-08-01,29.094488,29.453562,28.943297,29.387417,818400.000000
2022-08-02,29.396868,29.680347,29.160635,29.226780,698900.000000
2022-08-03,29.264575,29.765391,29.217330,29.566956,494400.000000
2022-08-04,29.529161,29.907134,29.321276,29.472466,615400.000000
2022-08-05,29.160635,29.472463,28.914952,29.292925,538300.000000
2022-08-08,29.425211,29.718142,29.302371,29.415762,550900.000000
2022-08-09,29.510261,29.878786,29.349622,29.623653,705300.000000
2022-08-10,30.237854,31.173340,30.096115,30.587479,1253400.000000
2022-08-11,30.889854,31.891484,30.889854,31.806440,1615300.000000
2022-08-12,31.900937,32.127722,31.541865,31.891489,998400.000000
2022-08-15,31.645807,31.796996,31.390674,31.721399,1806000.000000
2022-08-16,31.645807,32.000157,31.541864,31.882040,982200.000000
2022-08-17,31.674157,31.891492,31.428473,31.589113,541100.000000
2022-08-18,31.693056,31.815895,31.300908,31.400126,668600.000000
2022-08-19,31.258388,31.324533,30.927660,31.097748,672500.000000
2022-08-22,30.804815,30.804815,30.077218,30.228407,888000.000000
2022-08-23,30.247306,30.653627,29.949653,30.067770,1360900.000000
2022-08-24,30.067771,30.620556,29.869336,30.313456,741100.000000
2022-08-25,30.530790,30.615834,30.289831,30.511890,1275500.000000
2022-08-26,30.549688,30.880413,29.897682,29.973276,1019700.000000
2022-08-29,29.944929,30.200059,29.604752,29.982725,1802400.000000
2022-08-30,30.239883,30.335127,29.887481,30.135115,1528800.000000
2022-08-31,30.192261,30.592283,30.097017,30.116066,1384400.000000
2022-09-01,30.049395,30.116067,29.725566,30.030348,1302900.000000
2022-09-02,30.344651,30.506563,29.673183,29.754139,840900.000000
2022-09-06,29.830333,29.830333,28.801701,29.096956,2810300.000000
2022-09-07,29.068384,29.506504,28.954091,29.401737,1699800.000000
2022-09-08,29.192201,29.477933,28.706458,29.468409,947000.000000
2022-09-09,29.582699,30.516089,29.582699,30.449417,714200.000000
2022-09-12,30.620860,30.868492,30.506565,30.763723,752200.000000
2022-09-13,30.239884,30.420847,29.563654,29.620800,1699400.000000
2022-09-14,29.687469,29.687469,28.896946,29.554129,1810200.000000
2022-09-15,29.554130,30.743723,29.535080,30.506565,1273400.000000
2022-09-16,30.487517,30.544664,29.354117,29.706520,3267800.000000
2022-09-19,29.582700,30.454181,29.535079,30.430370,1201200.000000
2022-09-20,30.287503,30.363698,29.935102,30.192261,1144500.000000
2022-09-21,30.316078,30.439894,28.944567,28.954092,829000.000000
2022-09-22,28.963615,29.039810,28.449300,28.468348,685700.000000
2022-09-23,28.296910,28.296910,27.639729,28.068325,760300.000000
2022-09-26,27.896887,28.373105,27.496863,27.582581,848100.000000
2022-09-27,27.754021,28.173094,27.211132,27.344473,903900.000000
2022-09-28,27.392096,27.887364,27.211133,27.792120,1151100.000000
2022-09-29,27.411148,27.496868,26.787301,27.020649,1244800.000000
2022-09-30,27.125411,27.706399,27.039692,27.144461,1153600.000000
2022-10-03,27.496865,27.696876,27.039693,27.658779,1083400.000000
2022-10-04,27.896891,28.639791,27.801647,28.554071,1452100.000000
2022-10-05,28.201669,28.315961,27.763547,27.858791,869600.000000
2022-10-06,28.201668,28.268338,27.506387,27.630205,899700.000000
2022-10-07,27.477818,27.868318,27.268281,27.725452,3538500.000000
2022-10-10,27.782593,28.096897,27.487338,27.554008,1134800.000000
2022-10-11,27.382572,27.506388,26.896829,27.173037,709200.000000
2022-10-12,27.173035,27.315900,26.820633,26.944450,970600.000000
2022-10-13,26.553949,28.039753,26.534902,27.982605,1212500.000000
2022-10-14,28.096902,28.373110,27.620683,27.773073,1652700.000000
2022-10-17,26.592049,26.763488,25.277686,25.525318,4539100.000000
2022-10-18,26.039636,26.753964,25.772953,26.268221,2080700.000000
2022-10-19,26.163452,26.763489,25.972966,26.344416,1403500.000000
2022-10-20,26.458709,26.534904,26.015826,26.058685,1168700.000000
2022-10-21,25.982489,26.572999,25.896769,26.296793,929000.000000
2022-10-24,26.515852,26.689195,26.020584,26.411083,1196300.000000
2022-10-25,26.382513,26.758724,26.230123,26.668243,1024500.000000
2022-10-26,26.868255,26.973024,25.925342,25.958677,1279900.000000
2022-10-27,26.211077,26.258698,25.172920,25.306261,1304900.000000
2022-10-28,25.515795,25.982489,25.230063,25.915817,1236100.000000
2022-10-31,25.953917,26.011063,25.620563,25.906296,1322600.000000
2022-11-01,26.753962,28.058800,26.487279,27.249229,1495300.000000
2022-11-02,27.058745,27.792122,26.793016,26.830160,1057900.000000
2022-11-03,26.592048,26.853968,26.277744,26.687292,1215800.000000
2022-11-04,27.020648,27.163513,25.992015,26.506330,1116000.000000
2022-11-07,26.773013,26.934928,25.792002,26.134880,1433900.000000
2022-11-08,26.258695,26.706342,25.944391,26.306318,1149100.000000
2022-11-09,25.791999,25.858669,25.096720,25.391975,1581300.000000
2022-11-10,26.258695,26.677768,26.058684,26.382513,1910800.000000
2022-11-11,26.582524,27.530199,26.441562,27.392096,1040600.000000
2022-11-14,27.392094,27.973081,27.392094,27.420668,1267700.000000
2022-11-15,27.620681,28.149284,27.353998,27.611156,1083600.000000
2022-11-16,27.696876,27.696876,26.934927,27.487341,1651600.000000
2022-11-17,27.096840,27.620680,27.096840,27.468290,994700.000000
2022-11-18,27.792119,27.896888,27.515911,27.754021,647700.000000
2022-11-21,27.887363,27.944509,27.196846,27.468290,857500.000000
2022-11-22,27.525437,27.849265,27.501626,27.734974,1380300.000000
2022-11-23,27.773072,27.934986,27.582584,27.858791,1529000.000000
2022-11-25,27.801646,28.087377,27.782597,28.049280,469700.000000
2022-11-28,27.954035,28.163571,27.658780,27.858791,1092700.000000
2022-11-29,27.801644,28.525497,27.649254,28.515972,851800.000000
2022-11-30,28.439778,29.125532,28.106424,29.068386,1423900.000000
2022-12-01,29.163631,29.404596,28.530259,28.839802,984600.000000
2022-12-02,28.573119,29.168392,28.439778,29.154106,1221000.000000
2022-12-05,28.982667,29.258873,28.658839,28.715984,675300.000000
2022-12-06,28.792180,28.925522,27.696877,27.839743,1432200.000000
2022-12-07,27.849265,27.851170,27.192083,27.544485,842000.000000
2022-12-08,27.639730,28.311198,27.487340,27.868315,3296200.000000
2022-12-09,27.868312,28.269287,27.687348,28.011177,1469400.000000
2022-12-12,27.915933,28.258811,27.782593,28.249287,784900.000000
2022-12-13,28.677886,29.325544,28.458824,28.611216,1600900.000000
2022-12-14,28.487400,28.925522,28.201669,28.354059,1229800.000000
2022-12-15,27.925460,28.211193,27.363522,27.373047,1547700.000000
2022-12-16,27.211132,27.554010,27.115888,27.315901,3506700.000000
2022-12-19,27.211133,27.258756,26.153927,26.315842,1602600.000000
2022-12-20,26.296793,26.801583,26.220598,26.763487,1153200.000000
2022-12-21,26.877778,27.211131,26.811107,27.039692,600400.000000
2022-12-22,26.820635,27.268280,26.744440,27.182562,796100.000000
2022-12-23,27.182561,27.515912,27.182561,27.477816,575000.000000
2022-12-27,27.382570,27.434954,27.011120,27.296850,536300.000000
2022-12-28,27.344472,27.344472,26.811108,26.811108,329000.000000
2022-12-29,26.953976,27.496867,26.896830,27.220659,722000.000000
2022-12-30,27.030170,27.115889,26.720629,27.096842,903600.000000
2023-01-03,27.087317,27.334951,26.806348,26.992073,1204100.000000
2023-01-04,27.201608,28.020705,26.877779,27.973083,965400.000000
2023-01-05,27.858790,27.934984,27.420669,27.573059,793300.000000
2023-01-06,27.820691,28.449302,27.696875,28.382629,1127300.000000
2023-01-09,28.382628,28.606452,27.982604,28.001654,2975400.000000
2023-01-10,27.963561,28.601694,27.906414,28.554071,3472700.000000
2023-01-11,28.706457,28.773128,28.220714,28.658836,808200.000000
2023-01-12,28.706459,28.939807,28.382630,28.811228,695000.000000
2023-01-13,28.601691,28.973141,28.525496,28.868372,861300.000000
2023-01-17,28.944565,29.039810,28.392152,28.458822,2225300.000000
2023-01-18,28.477875,28.715984,28.101662,28.115950,574200.000000
2023-01-19,27.934982,28.068323,27.573057,28.011177,998900.000000
2023-01-20,28.125474,28.296911,27.882602,28.296911,1336900.000000
2023-01-23,28.325485,29.301733,28.268339,29.230301,774700.000000
2023-01-24,29.087435,29.311257,28.963617,29.173153,699100.000000
2023-01-25,29.354114,30.258930,29.058859,29.839857,1154600.000000
2023-01-26,29.916056,30.276078,29.811288,30.211311,622800.000000
2023-01-27,30.077968,30.287503,29.954152,30.116066,470400.000000
2023-01-30,29.877955,30.116065,29.763662,29.916052,1144100.000000
2023-01-31,30.039871,30.192261,29.792237,30.192261,590500.000000
2023-02-01,29.944627,30.639904,29.744615,30.487514,827500.000000
2023-02-02,30.487519,31.368527,30.458947,31.154226,709000.000000
2023-02-03,30.868492,31.116124,30.697053,30.763723,1819100.000000
2023-02-06,30.592283,30.592283,30.058918,30.297028,606300.000000
2023-02-07,30.144639,30.363699,29.720805,30.287504,1589500.000000
2023-02-08,31.592341,32.678123,31.325660,31.630440,2001000.000000
2023-02-09,31.954269,32.325719,31.506626,31.630440,1670200.000000
2023-02-10,31.563775,31.859031,31.373286,31.620922,983700.000000
2023-02-13,31.601870,31.887601,31.316140,31.506628,812700.000000
2023-02-14,31.325660,31.773307,31.201843,31.554247,639300.000000
2023-02-15,31.535200,32.735269,31.459003,32.725746,1071400.000000
2023-02-16,32.316197,32.782889,32.240000,32.373344,1065900.000000
2023-02-17,32.373343,32.744793,32.116185,32.592403,1623400.000000
2023-02-21,32.220954,32.635262,31.754259,31.773308,1662500.000000
2023-02-22,31.811402,32.239996,31.754254,32.078083,964700.000000
2023-02-23,32.030464,32.316194,31.597103,31.973316,2852200.000000
2023-02-24,31.478053,31.773310,31.373284,31.487579,815800.000000
2023-02-27,31.659019,31.687591,31.249470,31.287565,1069500.000000
2023-02-28,31.277967,31.498707,30.798096,30.951654,1241100.000000
2023-03-01,30.826882,30.913259,30.577351,30.750105,1440600.000000
2023-03-02,30.702122,31.057227,30.634941,30.999641,1428700.000000
2023-03-03,31.124409,31.229982,30.788501,30.903669,991900.000000
2023-03-06,31.086015,31.373937,30.668528,30.778898,1749300.000000
2023-03-07,30.826885,31.076420,30.625340,30.682924,1000300.000000
2023-03-08,30.711717,30.942057,30.366210,30.558159,1761200.000000
2023-03-09,30.586952,30.745309,29.377678,29.396872,828200.000000
2023-03-10,29.233718,29.468855,28.945796,29.281706,1047800.000000
2023-03-13,28.907406,29.156937,28.446729,28.533106,1949600.000000
2023-03-14,28.926598,29.291301,28.667470,28.974586,1444900.000000
2023-03-15,28.523506,28.888208,28.389143,28.629078,1408500.000000
2023-03-16,28.533103,29.108948,28.408338,29.003376,874600.000000
2023-03-17,28.984185,29.137743,28.773041,28.888210,2422500.000000
2023-03-20,28.888209,29.675197,28.801832,29.464054,882900.000000
2023-03-21,29.713588,30.049498,29.492848,29.780771,1044400.000000
2023-03-22,29.703989,30.011106,29.329689,29.339287,831700.000000
2023-03-23,29.416067,30.174263,29.416067,29.665600,671800.000000
2023-03-24,29.416069,29.416069,28.389146,29.156939,852000.000000
2023-03-27,29.214523,30.030303,29.214523,29.732782,787700.000000
2023-03-28,28.917002,29.416068,28.859418,28.917002,903400.000000
2023-03-29,29.252911,29.363281,29.051366,29.291302,990400.000000
2023-03-30,29.454457,29.838353,29.444859,29.646404,787800.000000
2023-03-31,29.799963,30.068691,29.720304,30.049496,1149400.000000
2023-04-03,30.039899,30.294232,29.943926,30.107082,940800.000000
2023-04-04,30.203054,30.356612,29.646404,29.905535,718000.000000
2023-04-05,29.665601,29.876744,29.492848,29.771173,664600.000000
2023-04-06,29.521642,29.684798,29.320096,29.502447,755600.000000
2023-04-10,29.444860,29.967919,29.444860,29.934328,559700.000000
2023-04-11,29.876744,30.418998,29.876744,30.203056,826900.000000
2023-04-12,30.404600,30.510173,29.694392,29.761574,615200.000000
2023-04-13,29.915134,30.068693,29.799965,29.915134,651600.000000
2023-04-14,29.809562,29.963121,29.243315,29.512043,877000.000000
2023-04-17,29.598419,30.011108,29.473651,29.963120,889100.000000
2023-04-18,29.943926,30.107082,29.675198,29.943926,1725500.000000
2023-04-19,29.512043,29.924732,28.854621,29.809563,1181800.000000
2023-04-20,29.636807,29.924730,29.502443,29.646404,716200.000000
2023-04-21,29.579224,29.617614,29.046567,29.579224,1048700.000000
2023-04-24,29.627213,29.771173,28.091626,28.705860,3620200.000000
2023-04-25,28.533106,28.936197,28.302768,28.523508,1304700.000000
2023-04-26,28.465924,28.917002,28.437131,28.533106,1260500.000000
2023-04-27,28.629082,28.974590,28.101225,28.936199,1044200.000000
2023-04-28,28.795114,29.512040,28.795114,29.310495,1243700.000000
2023-05-01,29.214522,29.660802,29.176131,29.387276,957300.000000
2023-05-02,29.214524,29.224121,28.624283,29.108952,678900.000000
2023-05-03,29.224120,29.459256,28.744250,28.763443,783900.000000
2023-05-04,28.139614,28.264382,27.381420,27.477392,1449400.000000
2023-05-05,27.698133,28.302769,27.654945,28.206795,764800.000000
2023-05-08,28.293172,28.494719,28.082030,28.369951,916400.000000
2023-05-09,28.600289,29.224122,27.875685,27.947666,1377800.000000
2023-05-10,28.321964,28.360352,27.007117,27.486988,1505200.000000
2023-05-11,27.285442,27.391015,26.671209,27.026312,1227500.000000
2023-05-12,26.920741,27.179872,26.700001,27.131886,1131100.000000
2023-05-15,27.093492,27.477388,26.911143,27.467793,1093000.000000
2023-05-16,27.496586,27.530176,27.035910,27.074299,1329900.000000
2023-05-17,27.304639,27.794105,27.064703,27.765314,1030400.000000
2023-05-18,27.678938,27.899678,27.213463,27.544575,973800.000000
2023-05-19,27.611754,27.851689,27.534974,27.755714,1216500.000000
2023-05-22,27.899676,28.077227,27.630949,27.794104,859100.000000
2023-05-23,27.746118,28.197195,27.746118,27.813299,1068100.000000
2023-05-24,27.822896,27.899675,27.453396,27.496584,579700.000000
2023-05-25,27.525377,27.909273,27.304637,27.755714,4625500.000000
2023-05-26,27.803701,28.235586,27.803701,28.072430,1988100.000000
2023-05-30,28.043637,28.326761,27.957260,28.110821,1527100.000000
2023-05-31,28.024443,28.168404,27.726922,28.034039,6428400.000000
2023-06-01,28.091624,28.331560,27.813298,28.024443,1137500.000000
2023-06-02,28.197198,28.705861,28.178004,28.638680,1739600.000000
2023-06-05,28.619484,28.902607,28.552302,28.869017,771300.000000
2023-06-06,28.830625,29.315294,28.648274,29.224119,1437600.000000
2023-06-07,29.406471,30.097486,29.300901,29.924732,939000.000000
2023-06-08,29.847950,30.366209,29.809559,30.347015,671000.000000
2023-06-09,30.414200,30.481381,30.030304,30.135874,1346100.000000
2023-06-12,30.135873,30.347018,29.905536,30.097485,935200.000000
2023-06-13,30.145472,30.395005,29.876744,29.924732,1424100.000000
2023-06-14,29.934328,30.395003,29.713586,29.934328,881700.000000
2023-06-15,29.934327,30.414198,29.761574,30.279833,1076400.000000
2023-06-16,30.308627,30.529367,30.083087,30.231848,1735100.000000
2023-06-20,30.107084,30.231850,29.627214,29.838356,1767000.000000
2023-06-21,29.895939,29.953523,29.598420,29.780771,751400.000000
2023-06-22,29.799964,29.809561,29.430465,29.579224,2049700.000000
2023-06-23,29.406469,29.492846,29.262508,29.396872,1548300.000000
2023-06-26,29.435262,29.905535,29.406470,29.819159,596500.000000
2023-06-27,29.809562,30.980446,29.809562,30.855682,818200.000000
2023-06-28,30.740510,30.913264,30.567758,30.798096,624800.000000
2023-06-29,30.759705,30.970850,30.606147,30.817291,692600.000000
2023-06-30,30.970850,31.057227,30.510175,30.606148,1023800.000000
2023-07-03,30.500574,30.942056,30.366209,30.922861,309100.000000
2023-07-05,30.769304,30.994840,30.433392,30.740509,1310200.000000
2023-07-06,30.490977,30.644536,30.299028,30.567757,654600.000000
2023-07-07,30.442990,30.865277,30.385406,30.634939,984400.000000
2023-07-10,30.107080,30.634937,29.895936,30.337418,1305700.000000
2023-07-11,30.462186,30.538966,30.279835,30.423798,840200.000000
2023-07-12,30.615742,31.086015,30.337418,30.347015,666600.000000
2023-07-13,30.423795,30.558158,30.039897,30.347015,633300.000000
2023-07-14,30.260637,30.260637,29.646402,29.876740,677000.000000
2023-07-17,29.934330,30.135875,29.694395,30.087889,631100.000000
2023-07-18,30.116677,30.836485,30.116677,30.586952,602100.000000
2023-07-19,30.586955,30.793298,30.150273,30.404604,682000.000000
2023-07-20,30.481380,30.564877,30.183861,30.452587,561100.000000
2023-07-21,30.395007,30.423799,30.039901,30.155071,933600.000000
2023-07-24,30.145470,30.222249,29.656002,29.886339,1400900.000000
2023-07-25,29.780771,30.020706,29.646406,29.732782,837300.000000
2023-07-26,29.732783,30.087888,29.636809,29.915134,884600.000000
2023-07-27,29.972718,30.289433,29.747180,29.780771,792100.000000
2023-07-28,29.991915,30.135876,29.646407,29.867149,1222100.000000
2023-07-31,29.924732,30.423797,29.924732,30.145472,655800.000000
2023-08-01,30.135875,30.164668,29.915135,29.972719,531000.000000
2023-08-02,29.924731,30.097485,29.838355,30.001511,686500.000000
2023-08-03,30.039899,30.039899,29.492847,29.742380,1714600.000000
2023-08-04,29.771170,30.231846,29.550430,29.828754,1058900.000000
2023-08-07,30.001509,30.126274,29.819158,29.886339,768500.000000
2023-08-08,31.345147,31.690655,30.980444,31.546692,2407700.000000
2023-08-09,31.469916,31.901800,31.114809,31.220381,1103100.000000
2023-08-10,31.316355,31.537096,30.798094,30.970848,1650300.000000
2023-08-11,30.951657,31.393137,30.798099,31.143606,808600.000000
2023-08-14,31.038028,31.134001,30.361411,30.481379,1046000.000000
2023-08-15,30.327822,30.740509,30.020705,30.615744,721100.000000
2023-08-16,30.481380,30.754904,30.164666,30.193457,881900.000000
2023-08-17,30.270238,30.270238,29.684795,29.684795,975100.000000
2023-08-18,29.646406,30.126277,29.579224,30.030304,723600.000000
2023-08-21,29.886341,30.116679,29.617615,29.742380,738100.000000
2023-08-22,29.646404,29.847951,29.305696,29.358482,990200.000000
2023-08-23,29.377678,29.454458,29.233716,29.406469,1517300.000000
2023-08-24,29.329689,29.531236,28.955391,29.070560,997300.000000
2023-08-25,29.080160,29.291304,28.787440,28.936199,635200.000000
2023-08-28,29.032170,29.281703,28.974586,29.204924,673500.000000
2023-08-29,29.243643,29.693769,29.214604,29.543728,690700.000000
2023-08-30,29.505009,29.984176,29.485648,29.901894,594200.000000
2023-08-31,29.901891,30.027734,29.466287,29.543728,1743900.000000
2023-09-01,29.679252,29.679252,27.791628,27.830349,1418800.000000
2023-09-05,27.723867,28.604758,27.627068,28.120752,1136600.000000
2023-09-06,28.033629,28.299834,27.878747,28.062670,922500.000000
2023-09-07,28.111072,28.120751,27.491543,27.549623,1225600.000000
2023-09-08,27.598026,27.985230,27.568985,27.975550,567000.000000
2023-09-11,27.975547,28.798358,27.975547,28.285311,950600.000000
2023-09-12,28.188514,28.720920,28.140112,28.633799,722100.000000
2023-09-13,28.691876,28.778997,27.985227,28.023949,1176500.000000
2023-09-14,28.294994,28.643478,28.140112,28.575718,1004200.000000
2023-09-15,28.653156,29.020999,28.314351,28.362751,2492900.000000
2023-09-18,28.246592,28.372433,27.917468,28.236912,1285300.000000
2023-09-19,28.246594,28.556358,28.227233,28.469236,1206000.000000
2023-09-20,28.566038,28.653159,27.791627,27.810987,1422300.000000
2023-09-21,27.781950,28.808042,27.762589,28.643480,1589300.000000
2023-09-22,28.575717,28.730599,27.907788,27.927149,1357900.000000
2023-09-25,27.878746,28.033628,27.578663,27.840027,915300.000000
2023-09-26,27.598027,28.023952,27.452825,27.627068,968200.000000
2023-09-27,27.733546,27.878748,27.297942,27.714186,1043200.000000
2023-09-28,27.714184,28.275631,27.685145,27.936829,1010800.000000
2023-09-29,27.917471,28.232075,27.869071,27.956190,965800.000000
2023-10-02,27.946510,27.956188,27.501223,27.656105,976100.000000
2023-10-03,27.510903,27.568983,27.104338,27.133379,1323300.000000
2023-10-04,27.104339,27.230179,26.736495,27.152739,881400.000000
2023-10-05,27.181778,27.365701,26.794573,27.084976,564000.000000
2023-10-06,26.823614,27.365702,26.804255,27.230179,615600.000000
2023-10-09,27.046256,27.796465,26.968815,27.694824,681800.000000
2023-10-10,27.733547,28.077191,27.723867,27.994911,885700.000000
2023-10-11,28.101393,28.299836,27.762589,27.888430,698300.000000
2023-10-12,27.878747,27.927149,27.389902,27.491543,754000.000000
2023-10-13,27.530266,27.743228,27.491544,27.665787,698300.000000
2023-10-16,27.772268,28.440195,27.772268,28.246593,607100.000000
2023-10-17,27.539946,28.638638,27.539946,28.469236,1078800.000000
2023-10-18,28.391794,28.556356,28.072350,28.091711,640200.000000
2023-10-19,28.130428,28.246591,27.539942,27.598022,1110400.000000
2023-10-20,27.694828,27.694828,27.355056,27.394743,837200.000000
2023-10-23,27.385062,27.588344,27.133379,27.172098,804300.000000
2023-10-24,27.297942,27.549624,27.026898,27.181780,943300.000000
2023-10-25,27.133381,27.317302,26.930097,26.939777,804200.000000
2023-10-26,26.930096,26.949457,26.320249,26.562252,1049400.000000
2023-10-27,26.533212,26.765535,26.179888,26.242809,982200.000000
2023-10-30,26.513851,26.538053,26.179888,26.349289,866200.000000
2023-10-31,26.407371,27.084978,26.407371,27.017218,1212400.000000
2023-11-01,27.162418,27.181778,26.726813,27.007536,1518000.000000
2023-11-02,27.297943,27.849709,25.361918,27.539946,1558800.000000
2023-11-03,27.588344,28.740279,27.472182,28.391794,1302400.000000
2023-11-06,28.227233,28.372434,27.723866,27.946510,1207100.000000
2023-11-07,27.907789,27.994910,27.549624,27.578665,1562300.000000
2023-11-08,27.578666,27.578666,27.089820,27.297943,1029700.000000
2023-11-09,28.014271,28.115912,26.717135,26.813936,1519600.000000
2023-11-10,26.872016,27.297942,26.755854,27.181780,804900.000000
2023-11-13,27.181778,27.181778,26.581609,26.688091,1181400.000000
2023-11-14,27.094660,27.549625,27.094660,27.220503,1201000.000000
2023-11-15,27.307620,27.656105,27.026898,27.549623,1312200.000000
2023-11-16,27.598026,27.806149,26.988177,27.239861,8150400.000000
2023-11-17,27.481863,27.588345,27.288261,27.520584,1821300.000000
2023-11-20,27.539945,27.869069,27.385063,27.723866,1878000.000000
2023-11-21,27.781948,27.907789,27.322142,27.385063,2157400.000000
2023-11-22,27.530265,27.578665,27.249541,27.443144,1581400.000000
2023-11-24,27.510903,27.675465,27.501223,27.530264,1046300.000000
2023-11-27,27.481862,27.481862,27.230178,27.336660,2251200.000000
2023-11-28,27.356022,27.356022,26.959137,26.988176,1329600.000000
2023-11-29,27.210822,27.210822,26.586453,26.804256,1813600.000000
2023-11-30,26.775217,26.949460,26.533214,26.775217,4057700.000000
2023-12-01,26.891377,27.510904,26.770375,27.356022,1404900.000000
2023-12-04,27.288261,27.515742,27.084977,27.268900,3508100.000000
2023-12-05,27.152739,27.191460,26.262168,26.581612,2199900.000000
2023-12-06,26.707452,26.784893,26.349287,26.417049,2239700.000000
2023-12-07,26.446092,26.731656,26.329932,26.455772,2187500.000000
2023-12-08,26.523531,27.215660,26.523531,27.114019,1794800.000000
2023-12-11,27.084977,27.172098,26.736494,26.736494,2324100.000000
2023-12-12,26.813938,26.813938,26.199250,26.281530,1944100.000000
2023-12-13,26.223449,26.726816,25.947566,26.726816,2206300.000000
2023-12-14,27.007534,27.781945,26.959134,27.104336,2476000.000000
2023-12-15,27.114018,27.268900,26.649373,26.765533,3906000.000000
2023-12-18,26.901056,26.968816,26.494490,26.746172,2049300.000000
2023-12-19,26.784894,27.007536,26.668731,27.007536,1544400.000000
2023-12-20,27.007537,27.104339,26.552572,26.581612,1904200.000000
2023-12-21,26.717134,27.080138,26.476098,26.997856,1068200.000000
2023-12-22,27.007537,27.317300,26.707453,26.862335,1204800.000000
2023-12-26,26.939776,27.007537,26.533211,26.959137,968400.000000
2023-12-27,26.930098,26.988178,26.726816,26.755856,1297300.000000
2023-12-28,26.813936,27.002698,26.688094,26.813936,852700.000000
2023-12-29,26.784894,26.881696,26.610652,26.765533,1158600.000000
2024-01-02,26.901058,27.501224,26.581612,27.239861,1510700.000000
2024-01-03,27.104339,27.385064,26.939777,27.075298,980700.000000
2024-01-04,27.133381,27.210822,26.881698,27.094660,1257700.000000
2024-01-05,27.094659,27.539946,27.026899,27.201141,1318100.000000
2024-01-08,27.201141,27.646426,27.075299,27.568985,934100.000000
2024-01-09,27.346341,27.544783,27.220500,27.268900,1185300.000000
2024-01-10,27.075298,27.656105,26.891377,27.588345,1283900.000000
2024-01-11,27.568985,27.752908,27.307621,27.704508,1529100.000000
2024-01-12,27.840029,27.975550,27.607707,27.830349,780000.000000
2024-01-16,27.762588,27.762588,27.307621,27.539946,979000.000000
2024-01-17,27.356021,27.752906,27.259219,27.472181,919200.000000
2024-01-18,27.530266,27.791628,27.307621,27.665787,989000.000000
2024-01-19,27.801307,27.883589,27.423783,27.810987,798500.000000
2024-01-22,27.869069,28.178833,27.859389,28.014271,766200.000000
2024-01-23,28.207872,28.430516,27.999749,28.246593,678700.000000
2024-01-24,28.430517,28.430517,28.043311,28.130432,796600.000000
2024-01-25,28.314355,28.861282,28.314355,28.759640,1149100.000000
2024-01-26,28.788677,28.929039,28.706397,28.788677,731500.000000
2024-01-29,28.798361,28.982284,28.662840,28.962923,738100.000000
2024-01-30,28.933883,29.035526,28.798362,28.846762,641900.000000
2024-01-31,28.953242,29.432408,28.751895,29.050043,1813000.000000
2024-02-01,29.050043,29.195244,28.633797,29.156525,927800.000000
2024-02-02,28.904840,29.050041,28.488594,28.614435,1050600.000000
2024-02-05,28.353075,28.517636,28.227233,28.246593,1004100.000000
2024-02-06,28.304674,28.604758,28.101393,28.401476,1037700.000000
2024-02-07,29.524368,29.524368,26.435442,26.562252,2546900.000000
2024-02-08,26.494491,26.833294,25.565199,25.768482,2125000.000000
2024-02-09,25.865282,26.697773,25.758802,26.571932,1916500.000000
2024-02-12,26.581612,27.259221,26.552572,27.114019,1363800.000000
2024-02-13,26.939777,26.939777,26.107286,26.484812,1381400.000000
2024-02-14,26.552572,26.968818,26.402530,26.852655,1097800.000000
2024-02-15,26.920417,27.389903,26.862336,27.239861,1478500.000000
2024-02-16,27.249540,27.259220,26.891377,27.055939,1131100.000000
2024-02-20,26.949455,27.114018,26.707452,26.746172,1216900.000000
2024-02-21,26.726815,26.775215,26.271848,26.581612,1048100.000000
2024-02-22,26.581613,26.736496,26.349290,26.533213,957800.000000
2024-02-23,26.746175,27.036580,26.378331,26.794577,1525100.000000
2024-02-26,26.794575,26.901057,26.291209,26.349289,2275300.000000
2024-02-27,26.417052,26.533212,26.175049,26.242809,1372500.000000
2024-02-28,26.146005,26.262165,26.010483,26.097603,1629500.000000
2024-02-29,26.291209,26.639694,26.184727,26.504171,3000200.000000
2024-03-01,26.552574,26.639695,25.986286,26.126648,1286300.000000
2024-03-04,26.087927,26.087927,25.207036,25.720081,1595500.000000
2024-03-05,25.602771,26.179543,25.426807,25.739632,2031600.000000
2024-03-06,25.749408,25.936125,25.236180,25.319273,1577700.000000
2024-03-07,25.319274,25.583221,25.287992,25.524567,1239500.000000
2024-03-08,25.573444,25.827615,25.514790,25.729856,1386200.000000
2024-03-11,25.856945,26.805196,25.827617,26.619455,1197700.000000
2024-03-12,26.726985,26.726985,26.135551,26.228420,1216600.000000
2024-03-13,26.247973,26.707434,26.247973,26.482592,1786100.000000
2024-03-14,26.433715,26.453265,25.964476,26.111113,1548000.000000
2024-03-15,26.130665,26.580352,26.013356,26.287077,3017900.000000
2024-03-18,26.345733,26.609678,26.130665,26.394611,1771400.000000
2024-03-19,26.433715,26.726987,26.350619,26.492369,1730100.000000
2024-03-20,26.492370,27.098467,26.316406,26.961607,1371200.000000
2024-03-21,27.088691,27.206001,26.775866,27.166899,1051800.000000
2024-03-22,27.215777,27.342861,26.595014,26.707436,846900.000000
2024-03-25,26.863846,27.069139,26.697658,26.922503,1105600.000000
2024-03-26,26.961604,27.489497,26.873622,27.323309,1767800.000000
2024-03-27,27.421067,27.997839,27.391741,27.958736,1649700.000000
2024-03-28,28.007615,28.095597,27.753444,27.978289,1173800.000000
2024-04-01,28.027166,28.046718,27.626359,27.948959,995100.000000
2024-04-02,27.880530,28.330215,27.733894,27.782772,1597500.000000
2024-04-03,27.782772,28.124925,27.616584,28.066269,1369600.000000
2024-04-04,28.232457,28.423086,27.733894,27.782772,1199700.000000
2024-04-05,27.870754,28.056494,27.694789,27.812099,2077100.000000
2024-04-08,27.870754,28.212906,27.616583,27.988062,1986500.000000
2024-04-09,28.085821,28.261785,27.841426,28.154251,823300.000000
2024-04-10,27.753444,27.909857,27.504163,27.733894,998700.000000
2024-04-11,27.733894,27.880530,27.293983,27.606808,916300.000000
2024-04-12,27.518827,27.553042,27.005599,27.039814,840300.000000
2024-04-15,27.245105,27.870755,27.020261,27.293983,1080600.000000
2024-04-16,27.274429,27.499271,27.025147,27.323309,1172900.000000
2024-04-17,27.401517,27.587256,27.220664,27.362413,1015800.000000
2024-04-18,27.499273,27.763220,27.362413,27.655687,622100.000000
2024-04-19,27.821872,28.330213,27.821872,28.222681,1084000.000000
2024-04-22,28.418197,28.471964,28.085820,28.320438,826900.000000
2024-04-23,28.300888,28.672366,28.291112,28.525730,962200.000000
2024-04-24,28.349768,28.696808,28.281338,28.652817,1141600.000000
2024-04-25,28.545282,28.711470,28.281335,28.594160,891600.000000
2024-04-26,28.506179,28.643039,28.164026,28.164026,801600.000000
2024-04-29,28.232458,28.589276,28.164028,28.496405,852700.000000
2024-04-30,28.349766,28.349766,27.871730,28.036942,1278100.000000
2024-05-01,28.027165,28.418196,27.958735,28.222681,682600.000000
2024-05-02,28.330214,28.603936,28.124923,28.594160,883900.000000
2024-05-03,28.731023,28.946091,28.643041,28.916763,717600.000000
2024-05-06,29.141605,29.356673,28.955866,29.346897,1050200.000000
2024-05-07,29.249140,29.483759,29.082952,29.180710,1093800.000000
2024-05-08,28.936312,29.904114,28.613711,29.904114,1466700.000000
2024-05-09,30.148511,30.735059,29.933445,30.109407,1207300.000000
2024-05-10,30.295147,30.451560,30.045866,30.246269,838100.000000
2024-05-13,30.363579,30.549320,30.040979,30.050755,1035900.000000
2024-05-14,30.158287,30.392906,30.040977,30.265820,720400.000000
2024-05-15,30.363577,30.363577,29.899227,29.923668,571000.000000
2024-05-16,29.972546,29.992098,29.503309,29.591291,890300.000000
2024-05-17,29.601068,29.845463,29.464206,29.845463,750400.000000
2024-05-20,29.728152,29.962771,29.610844,29.894341,1545800.000000
2024-05-21,29.835686,30.153398,29.718376,29.718376,926900.000000
2024-05-22,29.581515,29.894339,29.422169,29.884563,827500.000000
2024-05-23,29.835686,30.158287,29.601068,29.962770,1980500.000000
2024-05-24,30.021424,30.441783,29.992098,30.432007,817800.000000
2024-05-28,30.451558,30.647075,30.226716,30.392904,1583000.000000
2024-05-29,30.246268,30.735057,30.121138,30.568869,1268700.000000
2024-05-30,30.676400,31.204293,30.412455,30.999001,1379400.000000
2024-05-31,31.018554,31.453576,30.852366,31.223846,4157700.000000
2024-06-03,31.419363,31.668646,31.174968,31.556223,1061600.000000
2024-06-04,31.341156,31.766400,31.292274,31.448687,1342200.000000
2024-06-05,31.448685,31.590434,31.165188,31.536667,960200.000000
2024-06-06,31.399809,31.771290,31.218958,31.262949,674600.000000
2024-06-07,31.184742,31.507342,31.047881,31.057657,543900.000000
2024-06-10,30.959902,30.959902,30.466226,30.695955,1037800.000000
2024-06-11,30.549318,30.735058,30.383129,30.402681,617400.000000
2024-06-12,30.656852,30.686178,30.207165,30.441784,817900.000000
2024-06-13,30.246270,30.368468,30.128960,30.275597,839900.000000
2024-06-14,30.187613,30.353802,29.972547,30.246269,1061100.000000
2024-06-17,30.216939,30.344026,29.825908,30.334249,1861900.000000
2024-06-18,30.334249,30.871917,30.334249,30.510212,866400.000000
2024-06-20,30.471111,31.204295,30.471111,31.194519,1175700.000000
2024-06-21,31.282502,31.409588,31.038107,31.341158,1914200.000000
2024-06-24,31.233621,31.443800,31.096759,31.350929,1352000.000000
2024-06-25,31.478017,31.693082,31.233622,31.487791,754600.000000
2024-06-26,31.438915,31.487793,30.989230,31.380259,853300.000000
2024-06-27,31.380256,31.380256,30.842589,31.057657,776400.000000
2024-06-28,31.253172,31.507342,31.233621,31.302052,1217900.000000
2024-07-01,31.419361,31.761516,31.067434,31.086985,608000.000000
2024-07-02,31.155418,31.614879,30.842591,31.575775,1469700.000000
2024-07-03,31.653983,31.800617,31.478018,31.712635,341200.000000
2024-07-05,31.370483,31.761516,31.346042,31.438913,1147000.000000
2024-07-08,31.536668,31.634428,31.302051,31.419359,547000.000000
2024-07-09,31.409588,32.089004,31.336269,32.025459,834300.000000
2024-07-10,32.015686,32.289407,32.005912,32.191650,678300.000000
2024-07-11,32.260080,32.680439,32.260080,32.504475,658600.000000
2024-07-12,32.572908,32.846628,32.543582,32.602234,377400.000000
2024-07-15,32.660884,33.091017,32.602228,32.797745,598400.000000
2024-07-16,32.895505,33.560259,32.866175,33.452724,448300.000000
2024-07-17,33.413624,34.156582,33.413624,34.068600,789400.000000
2024-07-18,33.892633,34.567164,33.785102,33.833981,999400.000000
2024-07-19,33.970846,34.156584,33.442953,33.560265,800000.000000
2024-07-22,33.609138,33.726446,33.110571,33.658016,662600.000000
2024-07-23,33.628687,33.799763,33.149673,33.775322,913700.000000
2024-07-24,33.804655,33.931737,33.491826,33.697121,672100.000000
2024-07-25,33.648236,34.039268,33.560257,33.687340,702700.000000
2024-07-26,33.873085,34.274869,33.658017,34.137028,626800.000000
2024-07-29,34.244562,34.469404,34.097927,34.400974,697400.000000
2024-07-30,34.498736,35.085281,34.391202,34.997299,583300.000000
2024-07-31,34.997296,35.031511,34.635593,34.635593,1023100.000000
2024-08-01,34.840888,35.021742,34.342325,34.410755,1054000.000000
2024-08-02,34.410752,34.596490,33.892633,34.097927,996100.000000
2024-08-05,33.658015,33.863305,32.963935,33.276760,1137700.000000
2024-08-06,33.051918,35.554516,33.051918,35.378551,1653100.000000
2024-08-07,35.867340,36.297476,35.466533,35.740257,1629200.000000
2024-08-08,35.671827,36.028641,35.104830,35.867340,1191800.000000
2024-08-09,35.974874,36.082408,35.710928,35.779358,1149400.000000
2024-08-12,35.945551,35.945551,35.359002,35.437210,734300.000000
2024-08-13,35.505643,35.647392,35.359005,35.446987,539700.000000
2024-08-14,35.427433,35.652276,35.368777,35.515415,628000.000000
2024-08-15,35.916225,36.092185,35.344339,35.486088,544000.000000
2024-08-16,36.053088,36.238826,35.896675,35.935776,827600.000000
2024-08-19,35.828239,36.209494,35.828239,36.053082,773300.000000
2024-08-20,35.965099,36.356128,35.925995,36.317028,628600.000000
2024-08-21,36.365909,36.727612,36.199718,36.727612,666600.000000
2024-08-22,36.844920,37.143081,36.708060,37.079540,804200.000000
2024-08-23,37.187076,37.431470,37.069764,37.284832,550600.000000
2024-08-26,37.284831,37.617207,37.191960,37.343487,1757000.000000
2024-08-27,37.314153,37.363035,37.118640,37.255501,1033700.000000
2024-08-28,37.304381,37.514560,37.255502,37.411915,1343700.000000
2024-08-29,37.490119,37.587879,37.289717,37.372810,861500.000000
2024-08-30,37.363038,37.587881,37.294608,37.568329,1055900.000000
2024-09-03,37.372816,37.558554,37.050217,37.177299,957500.000000
2024-09-04,37.393904,37.920648,37.334828,37.600662,894900.000000
2024-09-05,37.748348,37.748348,36.773624,36.793316,643400.000000
2024-09-06,36.872081,37.078840,36.566864,36.783470,958600.000000
2024-09-09,36.881928,36.921312,36.330573,36.517639,1250300.000000
2024-09-10,36.566863,36.655475,36.261650,36.281338,727800.000000
2024-09-11,36.291189,36.438872,35.523227,35.867825,732100.000000
2024-09-12,36.015509,36.015509,35.336154,35.483841,861200.000000
2024-09-13,35.700445,36.251805,35.592146,36.212421,940100.000000
2024-09-16,36.212424,36.635788,35.867826,36.202579,1042300.000000
2024-09-17,36.202577,37.206837,36.192729,36.862236,960400.000000
2024-09-18,36.891774,37.452977,36.517637,36.980385,760900.000000
2024-09-19,37.216682,37.344676,36.852392,36.950848,1702500.000000
2024-09-20,37.078845,37.599681,36.694864,36.704708,2930600.000000
2024-09-23,36.862237,37.236374,36.744090,37.236374,1440300.000000
2024-09-24,37.137919,38.368630,37.137919,38.260326,1153400.000000
2024-09-25,38.270166,38.398161,37.728655,37.846802,959700.000000
2024-09-26,37.915723,38.122485,37.738504,38.073254,739600.000000
2024-09-27,38.073256,38.486777,38.043720,38.240635,474800.000000
2024-09-30,38.348935,38.486774,38.053565,38.201248,943300.000000
2024-10-01,38.250480,38.545853,37.955110,38.398167,957700.000000
2024-10-02,38.230788,38.526158,37.999414,38.073254,585500.000000
2024-10-03,38.004337,38.073257,37.610512,37.896038,508500.000000
2024-10-04,38.033874,38.270168,37.846804,37.945263,428700.000000
2024-10-07,37.964958,37.993510,37.295451,37.748352,482300.000000
2024-10-08,37.610510,37.955107,37.452979,37.925571,809400.000000
2024-10-09,37.876346,38.220944,37.792655,37.896038,635100.000000
2024-10-10,37.925570,37.925570,37.413594,37.462822,448500.000000
2024-10-11,37.571124,37.851726,37.413593,37.413593,1334600.000000
2024-10-14,37.472671,37.664661,37.384059,37.620354,709300.000000
2024-10-15,37.787730,38.250474,37.630199,37.866493,600800.000000
2024-10-16,37.866498,38.201251,37.866498,38.152023,520000.000000
2024-10-17,38.033874,38.486775,38.033874,38.467083,1519300.000000
2024-10-18,38.634460,38.713223,38.289858,38.368626,609400.000000
2024-10-21,38.260325,38.408008,37.846804,37.925571,614200.000000
2024-10-22,38.004336,38.270169,37.925572,38.102795,487400.000000
2024-10-23,38.122482,38.220937,37.743421,37.817265,510200.000000
2024-10-24,37.846807,37.935419,37.571129,37.748352,517400.000000
2024-10-25,37.817269,38.127407,37.659739,37.758194,418800.000000
2024-10-28,37.876345,38.171714,37.797577,38.083103,732200.000000
2024-10-29,38.092944,38.309550,37.905877,38.171711,581900.000000
2024-10-30,38.014181,38.555693,37.861574,38.348934,724400.000000
2024-10-31,38.398164,38.624614,38.161865,38.358780,714100.000000
2024-11-01,38.358779,38.565538,38.191404,38.289860,873800.000000
2024-11-04,41.292794,41.479865,39.087363,39.343349,1335600.000000
2024-11-05,39.136590,40.150694,39.097206,40.032547,791400.000000
2024-11-06,41.529091,41.765385,40.751281,41.726006,1200400.000000
2024-11-07,42.090292,42.090292,40.790662,40.928501,1012900.000000
2024-11-08,41.046647,41.223869,40.505135,40.918655,1179400.000000
2024-11-11,40.938353,41.863846,40.938353,41.844154,722400.000000
2024-11-12,41.972146,43.001018,41.785076,42.976406,953100.000000
2024-11-13,42.966559,42.971483,42.316744,42.784416,1151100.000000
2024-11-14,42.956717,43.655760,42.956717,43.537613,1349000.000000
2024-11-15,43.508073,43.734523,42.026300,42.208443,2097800.000000
2024-11-18,42.149369,42.434891,41.913071,42.090294,1574500.000000
2024-11-19,41.666932,42.562889,41.548785,42.543198,1440900.000000
2024-11-20,42.671190,42.789337,42.277361,42.700726,2788100.000000
2024-11-21,42.700726,43.581915,42.415204,43.439152,1733500.000000
2024-11-22,43.488377,43.872362,43.330846,43.685291,878800.000000
2024-11-25,43.899934,43.970821,42.868106,43.035480,3694100.000000
2024-11-26,43.153630,43.321004,42.917332,43.133938,1130400.000000
2024-11-27,43.261925,43.842820,43.222545,43.675446,704300.000000
2024-11-29,43.872367,44.197272,43.631145,44.039742,425900.000000
2024-12-02,44.010204,44.019064,43.488380,43.724678,832400.000000
2024-12-03,43.764060,43.832980,43.163473,43.370232,1378200.000000
2024-12-04,43.183164,43.448998,43.066001,43.340694,1041500.000000
2024-12-05,43.301316,43.645917,43.281624,43.567150,1188900.000000
2024-12-06,43.508073,43.990514,43.429310,43.951130,727800.000000
2024-12-09,43.921593,44.079124,42.818877,43.074863,1313400.000000
2024-12-10,43.163475,43.616376,42.937025,43.252087,1059300.000000
2024-12-11,43.271776,43.478534,42.956714,43.084705,1371900.000000
2024-12-12,43.084711,44.482800,43.084711,44.266193,1280900.000000
2024-12-13,44.256342,44.573372,43.951125,44.029892,814900.000000
2024-12-16,44.148042,44.202194,43.813289,43.960976,979300.000000
2024-12-17,44.207120,45.999034,44.177580,45.752892,1525400.000000
2024-12-18,46.048260,47.062364,45.762734,45.811962,1311400.000000
2024-12-19,45.526443,45.861196,44.876628,45.260609,1254600.000000
2024-12-20,45.250756,45.989183,44.797856,45.930111,2504100.000000
2024-12-23,45.772581,46.181174,45.309833,45.890728,1005700.000000
2024-12-24,46.146712,46.422394,45.851342,46.422394,275900.000000
2024-12-26,46.294401,46.501159,45.994107,46.195942,519800.000000
2024-12-27,46.038411,46.225481,45.565818,45.910419,586100.000000
2024-12-30,45.723349,45.728273,45.142454,45.368908,1296700.000000
2024-12-31,45.368906,45.565817,44.916002,45.034153,852600.000000
2025-01-02,45.329521,45.683967,45.112915,45.526436,977300.000000
2025-01-03,45.536283,46.028567,44.886468,45.999031,849700.000000
2025-01-06,46.383012,46.855604,46.176253,46.343628,784300.000000
2025-01-07,46.668538,46.678382,45.915340,46.087643,872400.000000
2025-01-08,46.127022,46.127022,45.290141,45.890728,1211800.000000
2025-01-10,45.772581,45.772581,44.600942,45.152302,818800.000000
2025-01-13,44.984926,45.598313,44.984926,45.231068,781200.000000
2025-01-14,45.349216,46.200865,45.349216,45.821808,1097300.000000
2025-01-15,46.176256,46.176256,45.309834,45.467365,930900.000000
2025-01-16,45.575669,45.861195,45.211376,45.231068,813200.000000
2025-01-17,45.388600,45.595362,44.935699,44.955391,817000.000000
2025-01-21,45.122766,45.122766,44.344956,44.935696,1696300.000000
2025-01-22,44.925853,45.231067,44.600944,45.073536,1470900.000000
2025-01-23,45.201532,45.418138,45.044001,45.319679,1000900.000000
2025-01-24,45.142455,45.871037,45.103075,45.831654,950300.000000
2025-01-27,45.890730,47.318354,45.813934,46.963909,1460800.000000
2025-01-28,46.796529,47.219894,46.688226,46.845760,722100.000000
2025-01-29,46.963908,47.598955,46.811298,47.111591,636000.000000
2025-01-30,47.229737,47.662945,46.914675,47.623562,773000.000000
2025-01-31,47.682643,48.529372,47.613723,47.850018,1080900.000000
2025-02-03,47.318353,48.558907,46.954060,48.430912,1194000.000000
2025-02-04,51.561843,51.729222,49.513943,50.754498,1697300.000000
2025-02-05,50.862794,50.862794,49.730539,50.478813,1011800.000000
2025-02-06,50.705268,50.744652,49.573013,49.681316,854000.000000
2025-02-07,49.799462,50.065292,49.171307,49.326866,1145100.000000
2025-02-10,49.622245,49.681316,48.568757,49.573013,935800.000000
2025-02-11,49.385947,49.937307,49.366255,49.769928,524400.000000
2025-02-12,49.553325,50.892334,49.376102,50.656040,3343200.000000
2025-02-13,50.636347,51.473228,50.404973,51.364925,799500.000000
2025-02-14,51.492920,51.699679,51.000636,51.581532,946000.000000
2025-02-18,51.729219,52.103353,50.990793,51.935978,1650100.000000
2025-02-19,52.004897,53.117461,51.620916,52.782707,1943300.000000
2025-02-20,52.635017,52.767936,51.837519,52.546406,1618200.000000
2025-02-21,52.546408,53.238563,52.172275,52.191963,1092100.000000
2025-02-24,52.379031,53.688505,52.329803,53.393135,1301500.000000
2025-02-25,53.688508,53.688508,52.201812,52.457798,1441200.000000
2025-02-26,52.556255,53.737737,52.398724,52.487335,807300.000000
2025-02-27,52.497181,53.146996,51.995053,52.083664,1004100.000000
2025-02-28,52.231343,53.491593,52.211651,53.235603,2593200.000000
2025-03-03,53.186383,54.151259,52.413497,52.625179,1421600.000000
2025-03-04,52.575948,52.575948,51.296006,51.798138,1252900.000000
2025-03-05,51.768450,52.184100,51.400300,52.025757,834900.000000
2025-03-06,51.857519,52.015862,50.511598,50.966835,1362900.000000
2025-03-07,50.798594,51.382483,49.987080,51.065796,1157700.000000
2025-03-10,50.481903,50.679833,49.244844,49.482361,1108300.000000
2025-03-11,49.383397,49.714928,48.453127,48.482819,1157500.000000
2025-03-12,48.759919,49.046917,47.491190,47.918716,1141500.000000
2025-03-13,47.621823,48.027578,46.543107,46.632175,692800.000000
2025-03-14,46.948865,48.037480,46.820214,47.968204,1429700.000000
2025-03-17,47.780168,48.423440,47.735636,48.166130,974600.000000
2025-03-18,48.250253,48.250253,47.552550,47.948410,1164200.000000
2025-03-19,47.898931,48.621373,47.790070,48.571892,857200.000000
2025-03-20,48.245301,49.155774,48.245301,48.888573,765200.000000
2025-03-21,48.769813,49.571429,48.695592,49.185467,3099600.000000
2025-03-24,49.680291,49.680291,48.759919,49.195362,1172100.000000
2025-03-25,49.343811,50.491801,49.170623,50.333458,1705200.000000
2025-03-26,50.580874,51.095491,50.382944,50.630356,1128000.000000
2025-03-27,50.343353,50.679834,50.090996,50.204803,704700.000000
2025-03-28,50.204804,50.660041,49.660499,49.996979,849100.000000
2025-03-31,49.996977,52.342440,49.838633,52.164303,5082000.000000
2025-04-01,51.808033,52.189049,51.016316,51.234039,1258900.000000
2025-04-02,51.253829,52.540370,51.234036,52.451302,1095800.000000
2025-04-03,50.917353,51.540832,47.354621,47.404106,1775200.000000
2025-04-04,46.374867,47.572340,45.088327,45.256565,1503700.000000
2025-04-07,43.485097,46.340231,42.732967,44.068989,2409700.000000
2025-04-08,45.652427,45.959215,42.901205,43.356445,1738000.000000
2025-04-09,43.138723,47.641617,43.000173,47.216068,1547100.000000
2025-04-10,46.553008,47.008245,44.370834,45.533669,1286100.000000
2025-04-11,45.652429,46.275904,44.603401,45.177399,1254600.000000
2025-04-14,45.751390,46.562900,45.405015,45.563358,846500.000000
2025-04-15,45.652427,46.360025,45.484185,45.860252,803600.000000
2025-04-16,45.523773,45.721703,43.831477,44.237232,645200.000000
2025-04-17,44.722158,44.722158,44.054147,44.108578,663900.000000
2025-04-21,43.712715,44.360936,42.877455,43.494995,1140300.000000
2025-04-22,43.683029,44.346094,43.544479,44.316402,1835900.000000
2025-04-23,45.147705,46.048284,44.365887,44.583607,1390200.000000
2025-04-24,44.237230,45.553459,44.098680,45.266464,778800.000000
2025-04-25,45.365430,45.474292,44.969570,45.315948,789400.000000
2025-04-28,45.365429,45.751391,45.108123,45.444599,1065000.000000
2025-04-29,45.098226,45.632637,44.732058,45.553463,784100.000000
2025-04-30,45.315946,45.840458,44.163006,45.761288,1648800.000000
2025-05-01,45.652429,45.771186,44.880502,45.395119,1361200.000000
2025-05-02,45.800875,46.553009,45.622738,45.692013,1061800.000000
2025-05-05,44.959676,45.721705,43.890856,45.345638,1588400.000000
2025-05-06,44.692472,45.548518,44.692472,45.494087,873700.000000
2025-05-07,45.840458,46.929068,45.781077,46.830105,1508200.000000
2025-05-08,46.909278,47.334827,46.404556,46.473831,1364600.000000
2025-05-09,46.938969,46.938969,46.077977,46.236320,986000.000000
2025-05-12,48.423439,49.333913,47.874185,48.215614,1809200.000000
2025-05-13,48.235407,50.828282,48.012734,50.551182,1673900.000000
2025-05-14,50.392836,50.640248,49.680293,50.016773,1454100.000000
2025-05-15,50.046460,50.877764,50.046460,50.778801,1436400.000000
2025-05-16,50.778803,51.323108,50.491804,51.313210,1312100.000000
2025-05-19,50.976727,51.164763,50.739214,51.135071,1061800.000000
2025-05-20,51.214244,51.916892,51.085589,51.619999,750800.000000
2025-05-21,51.174660,51.318159,50.125636,50.323563,1328600.000000
2025-05-22,50.323560,50.472008,49.709980,49.987080,1372000.000000
2025-05-23,49.413086,49.996978,49.306202,49.907909,893200.000000
2025-05-27,50.442320,50.674888,49.927703,50.620457,930200.000000
2025-05-28,50.521493,51.412177,50.485866,50.966835,824100.000000
2025-05-29,51.036108,51.105383,49.096400,49.650600,1033100.000000
2025-05-30,49.482360,49.952441,49.234949,49.759460,6652700.000000
2025-06-02,49.353706,50.452215,49.225055,50.056358,1372900.000000
2025-06-03,50.076148,50.373045,49.615962,50.194908,741900.000000
2025-06-04,50.056357,50.353250,48.957848,49.037018,952200.000000
2025-06-05,49.086501,49.719879,48.690645,48.789608,1244800.000000
2025-06-06,49.225058,49.294333,48.740129,49.274540,668000.000000
2025-06-09,49.274535,50.759006,48.947950,49.046917,1540000.000000
2025-06-10,49.175570,49.888117,48.857894,49.789154,1234600.000000
2025-06-11,49.858430,49.858430,49.393295,49.601120,1043000.000000
2025-06-12,49.403190,49.917807,48.185924,48.967747,1373700.000000
2025-06-13,48.779713,49.178541,48.443233,48.789608,959800.000000
2025-06-16,49.185467,50.283976,49.012279,50.254284,1083100.000000
2025-06-17,50.175118,50.274081,48.621372,49.116196,1185400.000000
2025-06-18,49.116193,50.105840,49.007331,49.700085,1131800.000000
2025-06-20,50.353253,50.768903,49.813893,50.214703,4696200.000000
2025-06-23,50.442322,50.902508,49.660499,50.867870,925600.000000
2025-06-24,51.135071,51.214244,50.595715,50.778801,1236700.000000
2025-06-25,50.660040,51.229088,50.531389,50.848076,633700.000000
2025-06-26,50.778803,51.718965,50.778803,51.669483,548500.000000
2025-06-27,51.837721,52.311762,51.530929,51.808029,817000.000000
2025-06-30,51.956478,52.095028,50.382938,51.095486,1389700.000000
2025-07-01,50.986626,51.649687,50.875786,51.055901,988300.000000
2025-07-02,51.006417,51.174656,50.026665,50.244389,950700.000000
2025-07-03,50.442322,53.025302,50.288924,51.234039,1041500.000000
2025-07-07,51.125176,51.234037,49.690186,49.848530,732000.000000
2025-07-08,49.858429,50.279029,49.759462,50.006874,762600.000000
2025-07-09,50.006871,50.298819,49.942545,50.086044,654000.000000
2025-07-10,50.175116,51.709069,50.145424,51.362694,993200.000000
2025-07-11,51.253831,51.847618,49.769360,50.066254,916900.000000
2025-07-14,50.086044,50.848073,49.982131,50.788692,473100.000000
2025-07-15,50.749109,51.375555,50.472009,50.491802,731200.000000
2025-07-16,50.669939,50.729315,49.653571,50.561077,870600.000000
2025-07-17,50.491803,51.362694,50.472010,51.224140,741100.000000
2025-07-18,51.323107,51.471552,51.006420,51.144970,784500.000000
2025-07-21,51.135069,51.303311,49.818841,50.541283,1079400.000000
2025-07-22,50.640247,51.392381,50.412628,50.838177,657700.000000
2025-07-23,50.976729,51.590313,50.788697,51.372589,929700.000000
2025-07-24,51.342901,51.629895,50.927247,51.154865,1202000.000000
2025-07-25,51.154865,51.738757,50.986627,51.580414,1655700.000000
2025-07-28,51.471553,51.956482,51.164765,51.382484,1279100.000000
2025-07-29,51.679380,51.679380,50.521491,50.778801,711200.000000
2025-07-30,50.828280,51.011362,50.145421,50.442318,1175800.000000
2025-07-31,50.442319,50.838176,50.358196,50.610558,808700.000000
2025-08-01,50.373045,50.409661,49.551636,50.204803,1445800.000000
2025-08-04,50.353256,51.758553,50.353256,51.481453,1764500.000000
2025-08-05,51.679379,52.099978,49.117181,49.551636,3213500.000000
2025-08-06,49.630810,49.645654,47.918717,48.987537,1739400.000000
2025-08-07,49.234949,49.363604,48.378902,48.552094,830300.000000
2025-08-08,48.651056,48.977641,48.492713,48.680744,606100.000000
2025-08-11,48.908367,49.244847,48.601579,49.116196,687800.000000
2025-08-12,49.324017,50.630352,49.324017,50.620457,730400.000000
2025-08-13,50.729317,53.223228,50.729317,53.223228,840600.000000
2025-08-14,52.624489,54.084221,52.500783,54.014946,897500.000000
2025-08-15,54.193081,54.361323,52.708610,52.837265,923300.000000
2025-08-18,52.956022,52.956022,51.986168,52.203892,906400.000000
2025-08-19,52.352339,53.193537,52.179147,52.669025,610900.000000
2025-08-20,52.807579,53.619090,52.500787,53.450848,930200.000000
2025-08-21,53.440951,53.599295,53.045091,53.421158,756300.000000
2025-08-22,53.727947,54.574095,53.638879,53.866497,907100.000000
2025-08-25,53.846707,54.210897,53.480539,54.074326,758500.000000
2025-08-26,54.104015,54.232671,53.134161,53.391472,1322100.000000
2025-08-27,53.124264,53.886293,53.124264,53.836811,2095700.000000
2025-08-28,53.925882,53.925882,53.391471,53.737846,1955300.000000
2025-08-29,53.797225,54.262360,53.663620,53.985256,1003600.000000
2025-09-02,53.450845,55.123352,53.450845,55.044178,1431000.000000
2025-09-03,54.805461,55.511668,54.357869,54.576691,1655600.000000
2025-09-04,54.865140,55.103859,54.347919,55.024284,1125900.000000
2025-09-05,54.994445,55.675781,54.815407,55.670811,842200.000000
2025-09-08,55.531560,56.715197,55.332628,56.506321,1795400.000000
2025-09-09,53.870485,53.969949,52.169627,52.736580,8870800.000000
2025-09-10,52.597330,52.597330,50.041069,51.523102,5026900.000000
2025-09-11,51.582780,52.975294,51.344061,52.557541,4918200.000000
2025-09-12,52.318826,53.174229,51.960753,52.507812,2462200.000000
2025-09-15,52.398398,52.995189,52.000534,52.796261,2059500.000000
2025-09-16,52.796263,52.796263,51.722034,51.731979,1837900.000000
2025-09-17,51.741928,53.562144,51.722035,53.283642,2289300.000000
2025-09-18,53.268721,54.367814,53.084709,53.731236,2335600.000000
2025-09-19,53.651660,54.651289,53.562141,54.258400,4093500.000000
2025-09-22,55.735462,55.735462,54.178829,55.720543,3016100.000000
2025-09-23,55.650918,56.108458,55.093910,55.133698,1977600.000000
2025-09-24,55.193380,55.292844,53.711343,54.009739,1985700.000000
2025-09-25,54.019685,54.735833,53.855566,54.168880,1846400.000000
2025-09-26,54.646314,55.193377,54.507063,54.994446,5187600.000000
2025-09-29,55.054123,56.715198,54.735834,56.695305,2267700.000000
2025-09-30,56.894238,58.973066,56.874344,56.983757,6316000.000000
2025-10-01,56.317334,56.377014,55.302786,55.650917,2124200.000000
2025-10-02,55.531563,56.163167,55.263006,55.581295,1634100.000000
2025-10-03,55.442043,56.108460,55.382363,55.451988,1497100.000000
2025-10-06,55.451989,55.765303,54.725891,54.775623,1241900.000000
2025-10-07,54.725891,55.402257,54.342947,54.775623,1932000.000000
2025-10-08,54.845246,55.123748,53.214013,53.472622,1452700.000000
2025-10-09,53.681504,53.681504,52.323799,52.378506,832800.000000
2025-10-10,52.826099,52.826099,50.976041,51.125240,955100.000000
2025-10-13,51.423639,51.781715,50.747273,51.672302,644900.000000
2025-10-14,51.294329,51.935882,50.995934,51.831444,959000.000000
2025-10-15,52.030377,52.308879,51.234650,51.324169,961300.000000
2025-10-16,51.478345,51.692196,50.448878,50.995937,703000.000000
2025-10-17,51.165026,51.731979,51.095401,51.612621,856800.000000
2025-10-20,51.930908,51.970695,51.274436,51.831444,812800.000000
2025-10-21,52.010484,52.567488,51.801607,52.189522,696200.000000
2025-10-22,52.189522,53.164283,51.980642,52.209415,921400.000000
2025-10-23,52.507809,52.885775,52.408341,52.547596,757600.000000
2025-10-24,52.716686,53.591983,52.562516,52.617222,1184800.000000
2025-10-27,52.716688,54.526958,52.706743,54.517014,1098400.000000
2025-10-28,55.103858,55.188403,54.178829,54.238506,768000.000000
2025-10-29,53.950062,54.487173,53.422893,54.059471,862100.000000
2025-10-30,55.944341,59.669325,55.700652,58.515526,2436600.000000
2025-10-31,58.475737,58.485682,57.262257,58.097767,1541400.000000
2025-11-03,57.819267,58.346433,56.197979,57.013596,2123100.000000
2025-11-04,56.904183,58.237020,56.098516,57.839161,1095600.000000
2025-11-05,57.839158,58.684613,57.441295,58.048035,1846000.000000
2025-11-06,58.246967,59.356999,58.097768,59.022797,1301600.000000
2025-11-07,59.002904,59.659376,58.545364,59.162048,2228600.000000
2025-11-10,59.162047,60.216382,58.843758,59.729000,1448400.000000
2025-11-11,59.947825,60.405365,59.271460,59.669323,1210200.000000
2025-11-12,59.301299,60.236277,59.231674,59.947826,1542300.000000
2025-11-13,59.838415,59.903066,58.465791,58.634884,1993700.000000
2025-11-14,58.505575,58.883545,58.028142,58.147499,968500.000000
2025-11-17,58.227075,59.221730,57.366697,57.749641,1552800.000000
2025-11-18,57.580547,59.087448,57.262258,58.207180,1234300.000000
2025-11-19,58.097766,58.923331,57.878941,57.948566,893700.000000
2025-11-20,58.306645,59.072529,58.038087,58.336487,1013400.000000
2025-11-21,58.416056,59.520123,58.416056,58.823864,1168500.000000
2025-11-24,58.505575,58.520495,56.501347,57.401508,5025600.000000
2025-11-25,57.491029,58.168388,57.491029,57.660122,2432300.000000
2025-11-26,57.540761,58.406114,57.540761,57.809319,1612500.000000
2025-11-28,58.227072,58.426004,57.670064,57.948566,955400.000000
2025-12-01,57.401509,59.410711,57.401509,59.022797,1542600.000000
2025-12-02,59.142154,59.241621,58.087822,58.903439,1146400.000000
2025-12-03,59.032741,59.929920,58.805963,59.012852,920200.000000
2025-12-04,59.052635,59.917988,58.928304,59.868252,1091300.000000
2025-12-05,59.748894,60.932531,59.747900,60.564510,971300.000000
2025-12-08,60.793282,61.330397,60.345687,60.932533,1257500.000000
2025-12-09,60.912641,61.966972,60.693815,61.867508,1048100.000000
2025-12-10,61.837668,63.300805,61.688472,63.090935,1241600.000000
2025-12-11,63.210292,63.876713,62.996441,63.100880,1085500.000000
2025-12-12,63.548473,63.669823,62.683125,62.742805,933900.000000
2025-12-15,62.991470,63.618099,62.613500,62.872108,1312700.000000
2025-12-16,63.031254,63.294837,62.165905,62.235531,1254400.000000
2025-12-17,62.126117,63.071040,62.126117,62.782589,1423400.000000
2025-12-18,62.921841,63.618100,62.663233,63.071041,1055500.000000
2025-12-19,62.931791,63.697675,62.812434,63.260025,5721400.000000
2025-12-22,63.618098,65.020565,63.608153,64.204948,2137300.000000
2025-12-23,64.354140,64.513289,63.618098,64.155212,1327800.000000
2025-12-24,64.155215,64.632652,64.080619,64.592865,719400.000000
2025-12-26,64.403881,65.309020,64.403881,65.070297,691400.000000
2025-12-29,64.752007,65.378644,64.732117,64.771904,917900.000000
2025-12-30,64.572970,65.388586,64.473506,65.040459,864700.000000
2025-12-31,65.040456,65.358746,64.513291,64.582916,753700.000000
2026-01-02,64.602803,65.682010,64.065697,65.607407,959600.000000
2026-01-05,65.497995,67.775755,65.403502,67.397789,1692300.000000
2026-01-06,67.298325,67.810571,67.069551,67.367950,1072900.000000
2026-01-07,67.318219,67.641479,65.915753,66.711479,1171000.000000
2026-01-08,66.751261,67.750886,66.741312,67.188911,986300.000000
2026-01-09,67.288377,67.706130,65.990353,66.064949,1333700.000000
2026-01-12,65.637249,66.462814,65.378644,66.393188,1551800.000000
2026-01-13,66.323562,66.512549,65.488048,66.164413,1470500.000000
2026-01-14,66.084845,66.681637,65.468157,65.856071,1485200.000000
2026-01-15,66.124629,66.224093,64.831576,65.269226,1122200.000000
2026-01-16,65.199607,65.796398,64.926076,65.070297,1134800.000000
2026-01-20,64.662491,65.438321,64.403879,64.791794,1366200.000000
2026-01-21,64.742060,65.318961,64.294468,65.120033,1918100.000000
2026-01-22,65.120031,65.428372,64.652542,64.682381,1181400.000000
2026-01-23,64.453617,65.219497,64.418800,65.179710,870100.000000
2026-01-26,65.179709,65.637250,64.911156,64.990723,1803900.000000
2026-01-27,64.811690,65.328907,64.498371,64.553078,1281400.000000
2026-01-28,64.503343,65.100134,63.747403,63.946339,1518100.000000
2026-01-29,64.383987,64.781843,63.916498,64.354141,1390000.000000
2026-01-30,64.354138,65.299064,64.080614,65.219490,1262600.000000
2026-02-02,65.129981,65.289122,64.393931,64.931046,1115700.000000
2026-02-03,64.622702,65.246350,62.688100,62.842270,1990900.000000
2026-02-04,61.549219,64.732115,59.987612,60.474991,3159900.000000
2026-02-05,59.957770,59.957770,58.048035,58.833813,2670200.000000
2026-02-06,59.132208,59.385846,57.411456,58.038086,1776300.000000
2026-02-09,57.988354,58.963115,56.307389,56.446640,1988400.000000
2026-02-10,57.142899,57.784451,56.754984,57.172737,1771100.000000
2026-02-11,57.321938,57.441296,55.138672,55.153591,2009600.000000
2026-02-12,55.213267,55.243109,50.757215,51.115292,2548200.000000
2026-02-13,52.338717,52.338717,50.792029,51.284386,2001300.000000
2026-02-17,51.363956,52.502836,51.145131,51.324169,2336700.000000
2026-02-18,50.856684,52.169627,50.478714,51.980640,2188000.000000
2026-02-19,51.363956,51.911015,50.990960,51.194866,1779000.000000
2026-02-20,51.219730,52.070159,50.821871,51.970695,1679300.000000
2026-02-23,51.602675,51.841390,50.428983,50.578178,2219600.000000
2026-02-24,50.568233,51.304279,50.349408,51.184917,1604400.000000
2026-02-25,49.305023,50.130588,48.499352,49.354755,1527900.000000
2026-02-26,49.603419,51.960753,49.603419,51.751873,2018700.000000
2026-02-27,51.234651,51.772759,50.836791,51.453476,2265300.000000
2026-03-02,51.344065,51.841392,50.856686,51.712090,1785700.000000
2026-03-03,51.214760,52.219360,50.966097,52.100002,1695100.000000
2026-03-04,52.009998,54.220001,51.985001,53.240002,2035400.000000
2026-03-05,53.049999,53.724998,52.820000,53.500000,1472200.000000
2026-03-06,53.180000,54.480000,52.459999,54.310001,1634100.000000
2026-03-09,53.779999,54.220001,53.070000,54.040001,1946600.000000
2026-03-10,53.830002,53.830002,52.700001,53.080002,1648400.000000
2026-03-11,53.080002,53.419998,52.470001,52.770000,1397200.000000
2026-03-12,52.369999,53.169998,52.230000,52.480000,1346900.000000
2026-03-13,52.820000,53.919998,51.189999,52.029999,3508700.000000
2026-03-16,52.139999,53.090000,52.080002,52.150002,1594000.000000
2026-03-17,52.549999,53.730000,52.450001,52.709999,1970500.000000
2026-03-18,52.380001,53.230000,51.980000,52.139999,2236800.000000
2026-03-19,52.130001,53.040001,51.380001,52.020000,2322700.000000
2026-03-20,51.930000,52.580002,51.750000,52.180000,4115200.000000
2026-03-23,52.930000,52.990002,51.549999,51.630001,2000400.000000
2026-03-24,51.630001,53.130001,51.490002,52.520000,2038500.000000
2026-03-25,52.520000,52.860001,51.389999,52.349998,1136000.000000
2026-03-26,52.330002,53.009998,52.130001,52.549999,1244700.000000
2026-03-27,52.959999,53.430000,51.840000,53.380001,1740000.000000
2026-03-30,53.660000,54.424999,53.150002,53.779999,2007100.000000
2026-03-31,54.150002,54.700001,51.990002,53.099998,7924500.000000
2026-04-01,53.310001,53.660000,52.049999,52.880001,2353900.000000
2026-04-02,52.880001,53.220001,51.759998,52.869999,1000200.000000
2026-04-06,52.799999,54.040001,52.790001,53.480000,1006200.000000
2026-04-07,53.340000,53.985001,53.250000,53.750000,796000.000000
2026-04-08,53.720001,54.529999,53.720001,54.480000,1122300.000000
2026-04-09,54.430000,56.330002,53.915001,55.970001,2422500.000000
2026-04-10,55.790001,56.099998,54.384998,54.924999,1171700.000000
2026-04-13,54.669998,56.400002,54.669998,56.250000,793200.000000
2026-04-14,56.139999,57.209999,55.404999,56.820000,1383100.000000
2026-04-15,56.820000,57.529999,56.639999,57.049999,942600.000000
2026-04-16,56.950001,58.230000,56.950001,57.900002,1142400.000000
2026-04-17,57.869999,58.610001,57.560001,58.529999,1064200.000000
2026-04-20,58.349998,58.980000,57.959999,57.990002,894600.000000
2026-04-21,57.740002,58.290001,57.410000,57.630001,773900.000000
2026-04-22,57.610001,58.860001,57.592999,58.570000,804600.000000
2026-04-23,58.799999,59.040001,57.169998,57.740002,952900.000000
2026-04-24,57.560001,57.669998,55.970001,56.169998,817300.000000
2026-04-27,56.029999,57.389999,56.029999,57.119999,753400.000000
2026-04-28,57.630001,57.750000,56.450001,56.580002,728300.000000
2026-04-29,56.470001,56.950001,56.180000,56.619999,603700.000000
2026-04-30,56.070000,57.340000,55.654999,57.020000,918200.000000
2026-05-01,57.110001,57.509998,56.680000,56.930000,817600.000000
2026-05-04,56.970001,57.130001,55.924999,56.070000,818700.000000
2026-05-05,56.070000,56.299999,55.150002,55.910000,751000.000000
2026-05-06,56.540001,56.790001,55.860001,56.220001,1085700.000000
2026-05-07,55.869999,57.110001,55.869999,56.500000,1324900.000000
2026-05-08,56.209999,56.660000,55.639999,56.599998,939700.000000
2026-05-11,57.970001,61.480000,57.209999,61.180000,1657900.000000
2026-05-12,61.580002,61.580002,59.040001,59.470001,1169300.000000
2026-05-13,59.490002,59.799999,58.790001,59.470001,1039500.000000
2026-05-14,59.520000,60.090000,58.330002,58.599998,545900.000000
2026-05-15,58.700001,59.000000,57.270000,57.869999,840500.000000
2026-05-18,58.209999,59.040001,57.849998,58.990002,637800.000000
2026-05-19,58.980000,59.369999,58.040001,58.090000,1080800.000000
2026-05-20,58.090000,58.380001,57.330002,57.380001,911700.000000
2026-05-21,57.189999,57.930000,56.525002,57.630001,779300.000000
2026-05-22,57.570000,58.590000,56.889999,57.240002,1212500.000000
2026-05-26,57.169998,58.139999,57.049999,58.080002,587400.000000
2026-05-27,58.080002,59.279999,57.849998,58.619999,975200.000000
2026-05-28,58.270000,59.230000,57.665001,59.230000,857900.000000
2026-05-29,58.720001,58.935001,57.040001,57.389999,2677200.000000
2026-06-01,57.435001,60.099998,57.150002,59.840000,924400.000000
2026-06-02,59.919998,60.310001,58.029999,58.650002,1336700.000000
2026-06-03,58.430000,58.830002,57.235001,57.439999,802700.000000
2026-06-04,58.279999,59.840000,58.075001,58.730000,588300.000000
