date,open,high,low,close,volume
2019-03-12,34.431217,34.431217,34.431217,34.431217,10000.000000
2019-03-13,35.337301,36.152779,35.065477,36.016865,20477400.000000
2019-03-14,36.016866,37.511908,36.016866,36.832344,6248600.000000
2019-03-15,37.493787,37.937766,37.366935,37.783733,7107300.000000
2019-03-18,38.010255,38.010255,37.194777,37.783733,4020900.000000
2019-03-19,37.647818,37.783732,36.098414,36.551456,10118500.000000
2019-03-20,36.687373,36.977320,34.648683,34.992992,15683200.000000
2019-03-21,35.337298,36.306809,35.110777,36.261505,12751700.000000
2019-03-22,36.179961,36.234327,34.150330,35.083599,10898000.000000
2019-03-25,35.237636,35.301062,33.878509,33.923813,9338900.000000
2019-03-26,34.114093,34.684924,33.987238,34.014423,6287100.000000
2019-03-27,33.996297,34.349670,33.307671,33.452644,5578100.000000
2019-03-28,33.389223,33.661051,32.927121,32.981487,5326200.000000
2019-03-29,33.117390,33.443581,32.754958,33.262363,5895300.000000
2019-04-01,33.443576,33.661038,33.262358,33.389210,5311200.000000
2019-04-02,33.488883,33.688223,32.528436,32.872746,6704600.000000
2019-04-03,32.954294,33.126452,32.528437,32.691532,8393500.000000
2019-04-04,32.800258,33.343907,32.628100,33.307663,4908400.000000
2019-04-05,33.334866,34.295314,33.244256,34.141281,7344900.000000
2019-04-08,34.068781,34.141270,33.765244,33.950993,3393300.000000
2019-04-09,33.905693,34.114095,33.679172,33.806026,5725900.000000
2019-04-10,33.824144,34.005359,32.945241,33.053970,4828400.000000
2019-04-11,33.135517,33.670107,32.609990,33.606682,4791400.000000
2019-04-12,33.661042,34.086900,33.044905,34.005352,6368500.000000
2019-04-15,33.941926,34.041596,33.516069,34.005352,3927100.000000
2019-04-16,34.132204,34.295300,33.950990,34.204693,5722000.000000
2019-04-17,34.313430,35.201393,34.213760,35.192333,7603800.000000
2019-04-18,35.255756,35.337304,34.820836,34.829895,4737400.000000
2019-04-22,34.757413,34.829898,34.086909,34.159397,7675300.000000
2019-04-23,34.240942,34.784592,34.095969,34.503708,6328800.000000
2019-04-24,34.385914,34.712105,34.254532,34.394974,5323500.000000
2019-04-25,34.413095,34.612435,34.014419,34.567131,5309700.000000
2019-04-26,34.503703,34.911438,34.340607,34.866135,5297400.000000
2019-04-29,34.920501,35.812995,34.712102,35.518517,6885200.000000
2019-04-30,35.509454,35.636308,34.857075,35.328239,5044400.000000
2019-05-01,35.446031,35.781285,35.029233,35.699738,5149800.000000
2019-05-02,35.545705,35.763167,33.597625,33.778839,11495900.000000
2019-05-03,33.896626,34.204695,33.633861,33.950993,4809800.000000
2019-05-06,33.679163,34.422156,33.488886,34.358727,4801300.000000
2019-05-07,34.050662,34.259061,33.633860,33.760712,6053300.000000
2019-05-08,33.833200,34.159391,33.393749,33.905685,8635300.000000
2019-05-09,34.884258,35.563822,33.987233,34.884258,15210200.000000
2019-05-10,35.011112,35.110782,33.923809,34.911442,6742500.000000
2019-05-13,34.222824,35.047361,34.186579,34.404041,5604000.000000
2019-05-14,34.476516,34.902377,34.315235,34.331543,6198600.000000
2019-05-15,34.159394,34.404037,34.041602,34.168453,2975400.000000
2019-05-16,34.349672,34.503708,33.253310,33.289555,8704900.000000
2019-05-17,33.335142,34.274287,33.326022,34.028103,5508000.000000
2019-05-20,33.900452,34.319876,33.736329,33.863979,3670000.000000
2019-05-21,33.973392,34.648120,33.827505,34.365463,4668600.000000
2019-05-22,34.338114,34.429292,33.786480,33.845745,3431200.000000
2019-05-23,33.572205,33.809273,33.398966,33.654266,4431900.000000
2019-05-24,33.781921,33.923252,33.599562,33.663387,2879000.000000
2019-05-28,33.708978,34.046340,33.284994,33.408085,4380400.000000
2019-05-29,33.280425,33.417195,32.633053,32.633053,3691300.000000
2019-05-30,32.715125,32.965866,32.049517,32.113342,4730400.000000
2019-05-31,31.885391,32.158928,31.639207,32.122456,6706100.000000
2019-06-03,31.958334,32.186282,30.800356,31.219784,7665000.000000
2019-06-04,31.475081,32.140689,31.137718,31.438608,8058900.000000
2019-06-05,31.566260,31.894505,31.256250,31.329195,6240600.000000
2019-06-06,31.602736,31.602736,30.982716,31.110367,5288300.000000
2019-06-07,31.165074,31.402138,31.000951,31.010067,4226800.000000
2019-06-10,31.046539,31.365669,30.909773,31.028303,5620500.000000
2019-06-11,31.210668,31.374791,31.010073,31.165079,3166900.000000
2019-06-12,31.183312,32.003923,31.146839,31.958334,4426800.000000
2019-06-13,32.067745,32.368638,31.879006,32.177162,4384800.000000
2019-06-14,32.131573,32.368637,31.848916,32.131573,4362200.000000
2019-06-17,32.295698,33.120873,32.222756,32.943073,7195400.000000
2019-06-18,33.234840,33.781914,32.897478,32.997772,4938900.000000
2019-06-19,33.061603,33.207490,32.530942,32.815422,4790000.000000
2019-06-20,33.171015,33.257633,32.423345,32.441582,5916500.000000
2019-06-21,32.468937,34.005306,32.195400,32.988659,11402200.000000
2019-06-24,32.833653,32.888362,32.464378,32.642178,5280100.000000
2019-06-25,32.623939,32.696884,32.040392,32.222752,7204300.000000
2019-06-26,32.633059,32.915713,32.213635,32.341286,4297300.000000
2019-06-27,32.395995,33.125432,32.095105,32.815422,5083900.000000
2019-06-28,32.806302,33.517499,32.651299,33.408085,10930000.000000
2019-07-01,33.243963,33.727216,32.587475,32.751595,6396600.000000
2019-07-02,32.833650,33.389844,32.751589,33.362492,3599500.000000
2019-07-03,33.371610,33.572205,33.070720,33.143661,3160300.000000
2019-07-05,33.043370,33.553972,32.892923,33.371613,1982000.000000
2019-07-08,33.307788,33.439999,32.897484,32.943073,1644600.000000
2019-07-09,32.851882,33.070714,32.660407,32.842766,2379600.000000
2019-07-10,32.997776,33.216607,32.892921,32.952187,2400700.000000
2019-07-11,32.979541,33.143664,32.687768,33.088959,2987000.000000
2019-07-12,33.243959,33.772801,32.915714,33.699856,2755700.000000
2019-07-15,33.763682,33.882216,33.408083,33.745445,2861600.000000
2019-07-16,33.672506,33.836629,33.398969,33.453674,2721500.000000
2019-07-17,33.490143,33.517496,32.924833,32.979538,5740500.000000
2019-07-18,32.979537,33.481026,32.788062,33.326019,5286800.000000
2019-07-19,33.462798,33.499271,32.952193,33.216614,4402000.000000
2019-07-22,33.289557,33.380738,32.879253,32.915722,7865700.000000
2019-07-23,32.997771,33.180130,32.678645,33.025127,5573600.000000
2019-07-24,32.943072,33.608681,32.943072,33.371613,5980600.000000
2019-07-25,33.398965,34.046337,33.398965,33.891331,3251600.000000
2019-07-26,34.000752,34.465765,33.809276,33.927807,2669100.000000
2019-07-29,33.882217,34.256052,33.800156,34.201344,2130600.000000
2019-07-30,34.055457,34.629888,34.028105,34.484001,2971800.000000
2019-07-31,34.347229,34.367291,33.563090,34.028103,5280600.000000
2019-08-01,33.964278,34.183110,33.485585,33.636032,3280700.000000
2019-08-02,33.490146,33.699858,33.125431,33.398968,2419000.000000
2019-08-05,33.253076,33.335137,32.614820,32.870121,4517200.000000
2019-08-06,32.970427,33.371615,32.760715,33.234848,3366700.000000
2019-08-07,32.724238,33.873098,32.642176,33.772800,4657400.000000
2019-08-08,33.936919,33.964272,31.912739,32.031273,9539900.000000
2019-08-09,32.013041,32.505410,31.894507,32.277462,4234400.000000
2019-08-12,31.949217,32.204517,31.639207,31.867155,4172900.000000
2019-08-13,31.766857,32.450702,31.730385,31.967453,2940800.000000
2019-08-14,31.639209,31.684798,30.435643,30.718296,7489800.000000
2019-08-15,30.891539,31.083014,29.838416,29.861212,7037700.000000
2019-08-16,30.089158,30.362695,29.788265,30.080042,3230900.000000
2019-08-19,30.380931,31.023746,30.353578,30.882416,3915100.000000
2019-08-20,30.845953,31.046545,30.563296,30.627121,2810700.000000
2019-08-21,30.672702,30.750203,30.098271,30.462990,3050400.000000
2019-08-22,30.435638,30.581525,30.043567,30.134745,3725400.000000
2019-08-23,30.025333,30.166659,28.840001,28.949417,3866200.000000
2019-08-26,29.031479,29.305016,28.794413,29.250311,3235600.000000
2019-08-27,29.377963,29.523850,29.104424,29.113543,3449400.000000
2019-08-28,29.222956,29.432668,28.830887,28.985891,3567200.000000
2019-08-29,29.177367,30.203133,29.067951,29.852095,3687100.000000
2019-08-30,30.745652,30.745652,29.897685,30.244164,2924600.000000
2019-09-03,29.987076,30.400248,29.876898,30.088074,2090800.000000
2019-09-04,30.290069,30.859327,30.207435,30.813419,2280900.000000
2019-09-05,30.886875,31.589266,30.813424,31.446953,3946900.000000
2019-09-06,31.511220,31.896848,31.272500,31.428585,2514600.000000
2019-09-09,30.657330,31.529582,30.657330,31.492855,2659800.000000
2019-09-10,31.079683,31.878484,31.079683,31.492855,3198100.000000
2019-09-11,31.474498,31.612224,31.033782,31.217415,3287100.000000
2019-09-12,31.391859,31.391859,30.914416,31.024597,4290500.000000
2019-09-13,31.180683,31.410223,30.767511,31.061325,4606100.000000
2019-09-16,30.923602,31.061327,30.730789,30.850147,2175600.000000
2019-09-17,30.840967,30.840967,30.106441,30.170712,6701300.000000
2019-09-18,30.189072,30.262522,29.500452,29.968712,5590600.000000
2019-09-19,29.821813,30.097260,29.344369,29.417824,4889000.000000
2019-09-20,29.371911,29.771309,29.124007,29.628996,8111700.000000
2019-09-23,29.720810,29.830992,29.376502,29.628996,3485400.000000
2019-09-24,29.638175,29.789672,28.899058,29.004646,5844900.000000
2019-09-25,29.023012,29.546363,28.977103,29.390274,4376500.000000
2019-09-26,29.546364,29.555544,28.821017,28.876108,5960000.000000
2019-09-27,29.059737,29.124008,28.600657,28.866924,4252800.000000
2019-09-30,29.041374,29.261733,28.784290,28.954149,3152800.000000
2019-10-01,29.133186,29.445361,28.646563,28.683289,2703400.000000
2019-10-02,28.619022,28.729202,27.879904,27.930403,4879800.000000
2019-10-03,27.856949,28.049761,27.273917,27.967127,7168800.000000
2019-10-04,28.095670,28.288483,27.884494,28.068125,2858300.000000
2019-10-07,28.233396,28.591478,28.077309,28.095673,4854600.000000
2019-10-08,27.792678,27.801860,27.264736,27.595274,3829600.000000
2019-10-09,27.875313,27.957947,27.508048,27.755951,3537100.000000
2019-10-10,27.765135,28.049764,27.590685,28.022221,3493600.000000
2019-10-11,28.453756,29.156147,28.242580,28.885290,4444200.000000
2019-10-14,28.710836,28.857742,28.499660,28.821014,2998500.000000
2019-10-15,28.765928,29.202054,28.600659,29.105648,3758800.000000
2019-10-16,29.023014,29.390276,28.963333,29.371914,4383300.000000
2019-10-17,29.472906,29.509633,28.958739,29.362728,9068100.000000
2019-10-18,29.417824,29.904448,29.344370,29.573910,8890300.000000
2019-10-21,29.711638,30.124810,29.564732,30.060539,5158700.000000
2019-10-22,30.051355,30.818017,29.886086,30.712431,5518000.000000
2019-10-23,30.602248,30.914418,30.436979,30.519613,7061400.000000
2019-10-24,30.464521,30.657334,29.188280,29.656540,9056900.000000
2019-10-25,29.739174,30.092667,29.674903,29.757538,5446800.000000
2019-10-28,29.876901,30.675699,29.757539,30.290073,8672300.000000
2019-10-29,30.133984,30.335980,29.886081,30.152348,3507400.000000
2019-10-30,29.987074,30.161523,29.381090,29.454544,4342900.000000
2019-10-31,29.381097,29.454551,29.078104,29.417824,5058400.000000
2019-11-01,29.537180,29.876901,29.344367,29.739176,3809000.000000
2019-11-04,29.840171,29.931985,29.647358,29.886078,2593900.000000
2019-11-05,29.913630,30.372710,29.863131,30.147758,3198300.000000
2019-11-06,30.152348,30.464522,29.656541,30.391068,5636000.000000
2019-11-07,31.171499,32.108022,30.638965,32.080475,7987600.000000
2019-11-08,32.135573,32.346749,31.759128,32.264114,4979800.000000
2019-11-11,32.089661,32.199839,31.759124,32.126389,3279900.000000
2019-11-12,32.199846,32.231981,31.630588,31.662724,3906100.000000
2019-11-13,31.557127,31.878485,31.391858,31.456129,4313900.000000
2019-11-14,31.345960,31.685678,31.208238,31.419415,4022400.000000
2019-11-15,31.575495,31.841762,31.153142,31.465317,4475200.000000
2019-11-18,31.502050,32.365119,31.410232,32.310028,5690300.000000
2019-11-19,32.337574,33.352140,32.337574,33.292458,5873500.000000
2019-11-20,32.741560,33.430179,32.741560,32.952736,4320300.000000
2019-11-21,32.989458,33.375084,32.649740,32.778282,2861500.000000
2019-11-22,32.842556,33.090460,32.599245,32.741558,4408100.000000
2019-11-25,32.778289,32.925195,32.456932,32.759926,4900400.000000
2019-11-26,32.750737,33.140957,32.640559,32.989460,3086300.000000
2019-11-27,33.108821,33.228179,32.755328,32.851734,2455900.000000
2019-11-29,32.879285,33.053734,32.475292,32.833374,1704900.000000
2019-12-02,32.824195,33.072099,32.640563,32.686470,2564800.000000
2019-12-03,32.512024,32.617614,31.869312,32.310028,4190500.000000
2019-12-04,32.622194,32.769099,32.126391,32.594650,3768400.000000
2019-12-05,32.732376,32.842554,32.346747,32.594650,2921800.000000
2019-12-06,32.787469,32.971102,32.456931,32.521202,1733500.000000
2019-12-09,32.594648,33.067500,32.456923,32.704826,2849100.000000
2019-12-10,32.603833,33.062913,32.355933,32.879284,5996800.000000
2019-12-11,32.824196,33.600042,32.824196,33.200642,5668700.000000
2019-12-12,33.347540,33.916798,33.153810,33.834164,5796400.000000
2019-12-13,33.723981,33.962704,33.517396,33.760708,5970900.000000
2019-12-16,33.925985,34.118798,33.698281,33.797443,4273000.000000
2019-12-17,33.705629,34.210616,33.453137,34.118801,4143100.000000
2019-12-18,34.146339,34.274885,33.870892,33.907619,3392500.000000
2019-12-19,33.751534,34.127979,33.751534,33.971893,2629300.000000
2019-12-20,34.238161,34.238161,33.714810,34.127979,6211700.000000
2019-12-23,34.127974,34.545738,34.008615,34.389652,3712100.000000
2019-12-24,34.375883,34.522788,34.201434,34.247341,1940700.000000
2019-12-26,34.210609,34.587054,34.210609,34.495239,3699200.000000
2019-12-27,34.568695,34.632966,34.169295,34.348335,1969000.000000
2019-12-30,34.357520,34.486065,33.962715,34.045349,3039600.000000
2019-12-31,33.916805,34.132573,33.751536,34.036167,2315400.000000
2020-01-02,34.348341,34.403432,33.581679,34.036167,4500700.000000
2020-01-03,33.687266,33.953533,33.622995,33.664314,4035800.000000
2020-01-06,33.659714,33.756121,33.384267,33.577080,2433100.000000
2020-01-07,33.567907,34.178481,33.421002,34.036167,3254000.000000
2020-01-08,34.091255,34.440153,34.008620,34.072891,3709700.000000
2020-01-09,34.137165,34.307026,33.802035,34.137165,3621900.000000
2020-01-10,34.082067,34.192249,33.641351,33.714806,2664000.000000
2020-01-13,33.714804,34.109613,33.485264,33.962708,2674400.000000
2020-01-14,33.779081,34.440153,33.751534,34.210613,4530900.000000
2020-01-15,34.302420,34.522776,34.127967,34.412598,6165200.000000
2020-01-16,34.623782,35.936750,34.541148,35.909206,7362800.000000
2020-01-17,36.065293,36.483058,35.955115,36.120384,4785900.000000
2020-01-21,35.808206,36.157108,35.661301,35.900021,4104800.000000
2020-01-22,35.945933,36.092839,35.675074,35.890842,3920900.000000
2020-01-23,35.597038,35.826578,34.284070,34.421795,5845500.000000
2020-01-24,34.247336,34.394242,33.218999,33.613808,9289700.000000
2020-01-27,33.457717,33.985660,33.228178,33.861710,9909300.000000
2020-01-28,34.293250,34.366704,33.742356,34.100437,3268100.000000
2020-01-29,33.925991,34.173895,33.443956,33.586273,2596000.000000
2020-01-30,33.209822,34.036166,33.099644,33.999439,2956800.000000
2020-01-31,33.971895,34.155527,33.485271,34.045349,5283900.000000
2020-02-03,34.247332,34.880864,34.072883,34.513599,3371400.000000
2020-02-04,34.853320,35.174678,34.660508,34.917591,3331000.000000
2020-02-05,35.385857,35.789845,35.000228,35.505215,6335000.000000
2020-02-06,35.900026,36.193837,33.723990,34.072891,9336400.000000
2020-02-07,33.953530,34.036164,33.494450,33.971893,3634300.000000
2020-02-10,33.852532,34.348339,33.714811,34.247341,3212900.000000
2020-02-11,34.183066,34.374961,33.659715,34.091251,2550300.000000
2020-02-12,34.274881,34.614599,34.183063,34.587051,3303300.000000
2020-02-13,34.458517,35.142548,34.394246,34.890053,2034800.000000
2020-02-14,34.963504,34.991048,34.412606,34.706417,2349600.000000
2020-02-18,34.669686,34.880865,34.385059,34.688049,2065400.000000
2020-02-19,34.825777,35.147131,34.522782,34.917591,1839300.000000
2020-02-20,34.614608,34.798240,33.356731,33.999439,5305700.000000
2020-02-21,33.705620,34.522781,32.824188,33.044548,5024200.000000
2020-02-24,32.732376,32.732376,31.658128,31.850941,5577600.000000
2020-02-25,31.961122,32.135571,30.322208,30.492065,5241300.000000
2020-02-26,30.813426,31.006239,29.748362,30.106443,5632300.000000
2020-02-27,29.592267,30.198252,28.765925,28.775106,7439900.000000
2020-02-28,27.774315,29.087283,27.691680,28.224213,7567100.000000
2020-03-02,28.215031,29.509636,27.866132,29.482092,7503700.000000
2020-03-03,29.056690,30.175679,28.353854,28.659033,4869200.000000
2020-03-04,28.964211,29.195407,28.131906,28.603546,4338400.000000
2020-03-05,27.891468,28.104167,26.985180,27.225624,5392200.000000
2020-03-06,26.125131,26.901949,26.041900,26.670753,8403600.000000
2020-03-09,24.904418,25.884688,23.156578,25.413048,6988900.000000
2020-03-10,26.143621,27.059156,24.969146,26.920439,4608400.000000
2020-03-11,26.088135,26.504288,25.450035,25.690479,5364500.000000
2020-03-12,24.747202,25.061628,22.999362,24.247818,7766100.000000
2020-03-13,25.487023,26.485789,22.749666,24.183079,6759900.000000
2020-03-16,22.019091,23.091839,21.383764,22.204048,9605600.000000
2020-03-17,22.536968,23.655955,21.196032,23.249050,7751200.000000
2020-03-18,21.935859,22.842148,20.197267,20.659658,7119000.000000
2020-03-19,20.613420,22.102320,19.216997,21.103554,6085400.000000
2020-03-20,21.427234,21.824891,19.281736,19.411205,8498700.000000
2020-03-23,19.540667,19.734872,18.319954,18.680620,8091700.000000
2020-03-24,19.531426,20.668909,19.004298,20.613422,6343500.000000
2020-03-25,20.678155,23.507992,20.326737,22.324268,7525500.000000
2020-03-26,22.379759,23.628215,22.333519,23.091841,5185800.000000
2020-03-27,22.342762,22.435240,20.650408,20.816870,6134500.000000
2020-03-30,20.622665,22.629445,20.345231,22.481480,5909900.000000
2020-03-31,22.832898,22.953119,21.686167,21.852627,5594100.000000
2020-04-01,20.964837,21.066564,20.298994,20.659658,4556100.000000
2020-04-02,20.798377,21.732408,20.349856,20.964838,4944600.000000
2020-04-03,20.816873,21.020324,20.169524,20.622667,4296100.000000
2020-04-06,21.658424,23.359101,21.565945,23.175068,4453800.000000
2020-04-07,24.238571,25.070877,23.480249,23.572727,4559900.000000
2020-04-08,23.988878,24.571490,23.591220,24.321798,4832200.000000
2020-04-09,24.543750,25.043132,23.674453,24.035118,5180200.000000
2020-04-13,23.887153,24.146093,23.064096,24.035118,3468400.000000
2020-04-14,24.358791,24.654722,23.961134,24.516005,2735400.000000
2020-04-15,23.831668,23.924147,23.082592,23.766933,2454600.000000
2020-04-16,23.711440,23.994424,22.980862,23.618963,2594500.000000
2020-04-17,24.224697,24.927533,24.016620,24.853550,4006900.000000
2020-04-20,24.201580,24.765699,24.025871,24.099854,2551500.000000
2020-04-21,23.470996,23.951884,23.258297,23.618963,3155400.000000
2020-04-22,24.090603,24.405029,22.851393,22.906881,3965300.000000
2020-04-23,23.008610,23.521866,22.120819,22.990116,4201900.000000
2020-04-24,23.027103,23.128830,22.527721,22.966991,4955100.000000
2020-04-27,23.313785,24.673217,23.128829,24.405029,3912900.000000
2020-04-28,24.959902,25.949420,24.700962,25.098619,5663000.000000
2020-04-29,25.912427,26.467297,25.852315,26.236101,5137900.000000
2020-04-30,25.487027,25.782958,23.489495,23.924145,6059700.000000
2020-05-01,23.517239,23.877904,23.096462,23.517239,2782600.000000
2020-05-04,23.415513,23.507992,22.708979,23.114960,4232500.000000
2020-05-05,23.156576,23.452506,22.093074,22.287279,4870400.000000
2020-05-06,22.472231,23.124203,21.797140,22.943871,5374500.000000
2020-05-07,24.469766,25.043132,23.313786,23.350779,8125000.000000
2020-05-08,24.016619,24.321797,23.702192,24.044363,6613700.000000
2020-05-11,23.618966,24.099852,23.156575,23.739187,4509100.000000
2020-05-12,23.868658,24.118350,23.281420,23.447882,3936100.000000
2020-05-13,23.323035,23.323035,21.949733,22.675688,4540500.000000
2020-05-14,22.305775,23.887153,21.982100,23.831667,4823700.000000
2020-05-15,23.600471,24.220076,23.336908,24.099854,3136000.000000
2020-05-18,24.959902,25.556387,24.622356,25.403797,4533300.000000
2020-05-19,25.422290,26.014151,24.969147,25.496273,4340300.000000
2020-05-20,25.782958,26.291590,25.551762,25.718224,3226800.000000
2020-05-21,25.533263,25.954039,25.487023,25.542511,2945500.000000
2020-05-22,25.459283,25.861563,25.403795,25.708973,2656900.000000
2020-05-26,26.578272,27.049912,26.337828,26.846460,4499700.000000
2020-05-27,27.447569,27.891464,26.855708,27.419825,5280600.000000
2020-05-28,27.382834,27.688012,26.689246,26.753981,3400400.000000
2020-05-29,26.606014,27.012918,26.226853,26.975927,4180800.000000
2020-06-01,26.938937,27.516927,26.883451,27.318100,2467000.000000
2020-06-02,27.401330,27.518778,26.883452,27.096151,3560200.000000
2020-06-03,27.567793,28.839370,27.234872,28.455585,5762700.000000
2020-06-04,28.270623,28.714519,27.817480,28.233633,3668300.000000
2020-06-05,29.519082,29.916737,28.238257,28.529564,5592600.000000
2020-06-08,28.696028,30.319022,28.696028,30.036963,5503500.000000
2020-06-09,29.334127,29.704040,28.437088,28.492575,4999100.000000
2020-06-10,28.390851,28.501824,27.308854,27.872971,4328100.000000
2020-06-11,27.151636,27.234867,25.810700,25.949417,5890600.000000
2020-06-12,26.726237,26.846460,25.579506,26.162121,4221100.000000
2020-06-15,25.302072,27.507681,25.070877,27.086905,4892900.000000
2020-06-16,27.882214,28.178144,25.866186,26.180613,4684400.000000
2020-06-17,26.152871,26.374819,25.718222,25.958666,5167600.000000
2020-06-18,25.921677,26.855708,25.634993,26.818716,5025900.000000
2020-06-19,27.882219,27.882219,26.088138,26.189865,7580100.000000
2020-06-22,25.930922,26.088134,25.505521,25.995657,5569000.000000
2020-06-23,26.328576,26.684618,26.060390,26.134373,5512500.000000
2020-06-24,25.847692,25.966989,24.876669,25.320564,5106400.000000
2020-06-25,24.959902,25.066252,24.432775,24.904415,5782100.000000
2020-06-26,24.673221,24.728707,23.554232,23.766933,7361000.000000
2020-06-29,23.924145,24.904415,23.794674,24.876671,4638000.000000
2020-06-30,24.784193,24.969150,24.483639,24.802689,3837900.000000
2020-07-01,24.895167,25.292824,24.488262,24.904415,3724500.000000
2020-07-02,25.551760,25.644239,24.479012,24.562243,3614200.000000
2020-07-06,24.978397,25.237337,24.155341,24.506758,5096700.000000
2020-07-07,24.266309,24.395778,23.702191,23.757679,3815000.000000
2020-07-08,23.655956,23.739187,23.114959,23.397017,4276500.000000
2020-07-09,23.378525,23.507994,22.130067,22.536972,5923700.000000
2020-07-10,22.592456,23.475623,22.389002,23.415512,3359700.000000
2020-07-13,23.221311,23.614343,22.509227,23.082592,5806900.000000
2020-07-14,22.916130,23.512614,22.638694,23.147326,3664900.000000
2020-07-15,23.424762,24.210828,23.424762,24.099854,5356100.000000
2020-07-16,23.924144,24.386535,23.831665,24.201578,2200500.000000
2020-07-17,24.210826,24.377287,23.128829,23.378521,5080000.000000
2020-07-20,23.249051,23.480247,22.467610,22.897635,3842300.000000
2020-07-21,23.045597,23.739184,22.943870,23.489492,4913000.000000
2020-07-22,23.554231,23.998128,23.323035,23.961136,2859700.000000
2020-07-23,24.109100,24.534502,23.993502,24.266314,4029800.000000
2020-07-24,24.432773,25.320564,24.340294,24.654720,4132900.000000
2020-07-27,24.580739,24.747201,23.498743,23.785425,4550900.000000
2020-07-28,23.618967,24.215451,23.538509,23.803923,2593900.000000
2020-07-29,23.924146,24.090605,23.498745,23.914898,2170100.000000
2020-07-30,23.581971,24.044362,23.360023,23.877901,3669700.000000
2020-07-31,23.896401,23.896401,23.276797,23.831667,3924900.000000
2020-08-03,23.831665,24.432773,23.517238,24.377287,3825000.000000
2020-08-04,24.331045,25.154103,24.210824,24.663967,5462500.000000
2020-08-05,23.452504,23.776177,22.398250,22.865267,7628100.000000
2020-08-06,23.027104,23.415513,22.786660,23.110334,5962300.000000
2020-08-07,22.999359,23.212059,22.444489,22.814402,7072300.000000
2020-08-10,22.758918,22.990114,22.356636,22.564713,9867100.000000
2020-08-11,22.916130,23.577350,22.740420,22.805155,7979000.000000
2020-08-12,23.073343,23.249051,22.749669,23.045599,4732500.000000
2020-08-13,22.971616,23.683700,22.869889,23.646708,6538900.000000
2020-08-14,23.665206,24.085982,23.313787,23.803923,3036100.000000
2020-08-17,23.942639,23.979631,23.281419,23.637461,3101200.000000
2020-08-18,23.646708,23.859408,23.535735,23.706820,2673600.000000
2020-08-19,23.674451,24.183082,23.665203,23.905647,3437600.000000
2020-08-20,23.776175,24.062859,23.591220,23.942636,4719000.000000
2020-08-21,23.877902,24.090601,23.646706,24.044363,3016600.000000
2020-08-24,24.118348,25.098618,24.044366,24.950653,3620800.000000
2020-08-25,24.922911,25.181849,24.423527,24.876671,4075300.000000
2020-08-26,24.774945,25.241960,24.617732,25.107866,4463600.000000
2020-08-27,25.339060,25.722846,25.237335,25.496273,3601200.000000
2020-08-28,25.524015,25.736714,25.348305,25.722843,3859700.000000
2020-08-31,25.893933,26.273094,25.570258,25.764463,5925300.000000
2020-09-01,24.990499,25.717835,24.990499,25.587288,4016500.000000
2020-09-02,25.624587,26.202727,25.615262,25.997580,3517400.000000
2020-09-03,26.174754,26.687620,25.372820,25.503368,6258200.000000
2020-09-04,25.997584,26.081507,25.382146,25.792439,4928700.000000
2020-09-08,25.671215,26.379901,25.596616,25.820412,4941600.000000
2020-09-09,25.876361,26.510449,25.531342,26.295979,4781100.000000
2020-09-10,26.361252,26.804181,26.118807,26.286654,4424500.000000
2020-09-11,26.407873,26.706267,25.773786,26.240026,4736200.000000
2020-09-14,26.379901,27.317044,26.314626,26.724918,5798200.000000
2020-09-15,26.790192,27.037301,26.449836,26.678295,3350900.000000
2020-09-16,26.911416,27.899846,26.808843,27.359007,5352200.000000
2020-09-17,26.762222,27.275086,26.463827,26.696947,4241300.000000
2020-09-18,26.715591,26.724916,25.727161,26.072178,6768000.000000
2020-09-21,25.671212,25.801759,24.654808,24.971851,4797600.000000
2020-09-22,25.037129,25.288899,24.762046,24.962530,4321000.000000
2020-09-23,24.794685,25.149027,24.113973,24.160597,3726100.000000
2020-09-24,24.216543,24.645485,23.843551,24.431015,2443200.000000
2020-09-25,24.225865,25.032461,24.169917,24.897253,3348500.000000
2020-09-28,25.260924,25.978935,25.242274,25.960285,3112800.000000
2020-09-29,25.839060,26.081505,25.288897,25.895010,3335300.000000
2020-09-30,26.100155,26.594371,25.643239,25.950958,4539300.000000
2020-10-01,26.072182,26.314627,25.647903,26.128132,3437700.000000
2020-10-02,25.811088,26.445176,25.097740,26.184080,4330600.000000
2020-10-05,26.323951,26.836817,26.128131,26.771542,2589600.000000
2020-10-06,26.836814,27.097908,25.932306,26.034880,3580600.000000
2020-10-07,26.295977,27.284407,26.202729,27.013987,4490300.000000
2020-10-08,27.275079,27.573473,26.962699,27.564148,2509300.000000
2020-10-09,27.759971,27.974441,27.079260,27.219131,3239500.000000
2020-10-12,27.452250,27.526849,26.878774,26.986010,3221200.000000
2020-10-13,26.939387,26.962700,25.326195,25.391468,7186800.000000
2020-10-14,25.419446,25.596618,25.083752,25.111727,3279600.000000
2020-10-15,24.981180,25.158350,24.589538,25.111727,6332700.000000
2020-10-16,25.279574,25.391471,24.757383,25.046453,3428300.000000
2020-10-19,25.260919,25.279569,24.216539,24.263165,3741400.000000
2020-10-20,24.617512,24.617512,24.123298,24.291143,3402700.000000
2020-10-21,24.151267,24.897253,24.039370,24.776030,2572500.000000
2020-10-22,25.027802,25.736488,24.915904,25.605940,3572100.000000
2020-10-23,25.755133,25.797095,24.915899,25.251593,3463800.000000
2020-10-26,25.009154,25.027804,24.328443,24.626837,4847100.000000
2020-10-27,24.570887,24.580212,24.286480,24.417027,3079300.000000
2020-10-28,24.039372,24.272493,23.507856,23.601105,3730100.000000
2020-10-29,23.251424,24.067345,23.251424,23.843550,2419900.000000
2020-10-30,23.834223,24.729406,23.787600,24.729406,5642200.000000
2020-11-02,24.859954,25.605938,24.514937,25.549990,7284200.000000
2020-11-03,26.864789,27.303056,24.580211,25.214298,8345200.000000
2020-11-04,25.111727,25.270249,23.293387,23.899500,15753100.000000
2020-11-05,24.309791,24.864618,23.722328,24.813332,6588700.000000
2020-11-06,24.645484,24.817992,23.913486,24.197893,7824100.000000
2020-11-09,25.149024,25.745814,24.216543,24.477638,8566600.000000
2020-11-10,24.253844,25.302886,24.132620,25.037128,4604600.000000
2020-11-11,25.130376,25.736488,24.780695,25.605940,6876700.000000
2020-11-12,25.288895,25.386805,23.619752,23.908821,14392500.000000
2020-11-13,24.197890,24.953200,23.878049,24.836639,6481200.000000
2020-11-16,25.018478,25.764462,24.897256,25.344847,8104900.000000
2020-11-17,25.242272,26.309963,24.864618,26.258677,5242800.000000
2020-11-18,26.202731,26.286654,25.773788,25.792439,4151400.000000
2020-11-19,25.745813,26.086169,25.531341,25.839060,4010200.000000
2020-11-20,25.857710,26.051666,25.680540,25.950958,2846600.000000
2020-11-23,26.109483,26.818169,25.876362,26.603699,3551300.000000
2020-11-24,26.902085,27.741318,26.678290,27.489548,4009900.000000
2020-11-25,27.461579,27.461579,26.920739,27.321705,2204100.000000
2020-11-27,27.107237,27.433606,27.107237,27.191160,1551700.000000
2020-11-30,27.097908,27.237780,26.771540,26.892763,4109500.000000
2020-12-01,27.153862,28.515284,27.013988,28.104992,8829700.000000
2020-12-02,28.179588,28.585218,27.759972,28.533932,10815600.000000
2020-12-03,28.608531,28.916249,28.193577,28.272837,4730800.000000
2020-12-04,28.412707,28.459333,27.731996,27.825245,5831400.000000
2020-12-07,27.620104,28.002421,27.509137,27.676052,5121500.000000
2020-12-08,27.582798,27.778620,27.139869,27.279741,4432800.000000
2020-12-09,27.349680,27.676049,27.088585,27.265757,7025400.000000
2020-12-10,27.116556,27.256428,26.930059,27.144531,3678500.000000
2020-12-11,26.958036,27.386978,26.585044,27.340353,3492100.000000
2020-12-14,27.731996,27.759971,26.818165,26.836815,4596300.000000
2020-12-15,26.930062,26.986012,26.095492,26.650318,4705500.000000
2020-12-16,26.706267,26.930062,26.435848,26.529097,3169500.000000
2020-12-17,26.640995,26.762219,25.969609,26.613022,3799700.000000
2020-12-18,26.613020,26.874114,26.034881,26.258677,6017900.000000
2020-12-21,25.904337,26.044209,25.470733,25.848387,2718900.000000
2020-12-22,25.652565,25.848386,25.288898,25.428770,3069200.000000
2020-12-23,25.503367,26.314625,25.447419,26.212053,3292700.000000
2020-12-24,26.156101,26.603693,26.156101,26.398546,1363500.000000
2020-12-28,26.538417,27.335690,26.389220,27.172504,3661300.000000
2020-12-29,27.219134,27.317044,26.892765,27.060612,1569900.000000
2020-12-30,27.172510,27.554828,27.079264,27.125887,1951600.000000
2020-12-31,27.163181,27.391640,27.032635,27.153858,2676300.000000
2021-01-04,27.265757,27.704023,26.538421,26.864790,4234200.000000
2021-01-05,26.883439,27.606112,26.818166,27.456915,3063100.000000
2021-01-06,28.067691,30.007252,27.843895,29.848728,7887600.000000
2021-01-07,29.830084,29.830084,28.832329,28.850979,5905200.000000
2021-01-08,28.748401,28.944223,27.722671,28.058365,5907900.000000
2021-01-11,27.946468,28.524607,27.778623,28.282162,5215900.000000
2021-01-12,28.366086,28.505958,27.694700,27.759974,4787200.000000
2021-01-13,27.592128,28.002420,27.349683,27.937145,6524000.000000
2021-01-14,28.142290,29.335865,27.662063,29.158695,10724900.000000
2021-01-15,29.028148,29.596962,28.655156,29.363842,9718500.000000
2021-01-19,29.522362,29.522362,27.834572,27.983768,5599900.000000
2021-01-20,28.002417,29.158694,28.002417,28.925573,8677200.000000
2021-01-21,28.655155,29.205319,28.561906,28.944225,4676500.000000
2021-01-22,28.767051,28.776376,27.825244,28.123638,6472900.000000
2021-01-25,28.160939,30.044552,28.063027,29.923328,9136900.000000
2021-01-26,30.016575,32.804696,30.016575,32.571575,15512300.000000
2021-01-27,32.953897,37.979972,31.825595,32.058716,23919900.000000
2021-01-28,32.058712,32.767396,29.671558,29.746157,8424100.000000
2021-01-29,29.643588,30.482819,28.869627,29.074774,5336800.000000
2021-02-01,29.140046,29.895357,28.841652,29.727509,3775700.000000
2021-02-02,29.792780,29.895354,28.249523,28.450006,4280100.000000
2021-02-03,28.524607,28.669142,28.174927,28.235538,3568200.000000
2021-02-04,28.272838,28.832328,28.002420,28.366087,4102400.000000
2021-02-05,28.338107,29.578307,28.058363,29.298563,4650800.000000
2021-02-08,29.522364,30.557419,29.307893,30.482819,7330600.000000
2021-02-09,30.537838,30.678644,28.468662,28.655157,6589200.000000
2021-02-10,28.823001,29.830080,28.422033,29.634260,7360200.000000
2021-02-11,29.447767,30.044556,29.242621,29.839409,4041000.000000
2021-02-12,29.783458,30.608704,29.746158,30.389570,3323400.000000
2021-02-16,30.342944,30.520114,29.438436,29.587633,5015100.000000
2021-02-17,29.699534,29.941979,29.374097,29.606285,2763900.000000
2021-02-18,29.652910,30.221724,29.531688,30.002590,4618300.000000
2021-02-19,30.156444,31.695040,30.007247,31.499216,4866200.000000
2021-02-22,31.480574,32.944573,31.424627,32.347782,6842500.000000
2021-02-23,32.441030,32.991194,31.378001,31.816265,4107100.000000
2021-02-24,31.555168,31.918835,31.155133,31.741665,3447200.000000
2021-02-25,31.984110,32.329127,30.641338,30.809185,3654900.000000
2021-02-26,30.911762,31.564496,30.585391,31.060959,5149000.000000
2021-03-01,31.760318,32.636849,31.270763,32.441029,5913900.000000
2021-03-02,32.310477,36.189599,32.189254,35.387665,12604000.000000
2021-03-03,35.583498,37.812128,34.977384,36.674503,13437000.000000
2021-03-04,36.982209,37.606973,35.396990,36.450695,6178600.000000
2021-03-05,36.944913,38.642029,36.469349,38.502159,6794700.000000
2021-03-08,38.119844,39.747023,37.429806,39.471943,5776600.000000
2021-03-09,39.518824,39.636021,37.540539,37.803059,5377700.000000
2021-03-10,38.065572,39.003147,37.446772,38.871887,2707800.000000
2021-03-11,38.628120,39.743834,38.309344,39.232857,2913500.000000
2021-03-12,39.134413,40.325131,39.125036,40.109489,3818800.000000
2021-03-15,40.315753,40.990809,39.650075,40.034481,3770900.000000
2021-03-16,40.418891,42.003392,40.343883,41.422096,5094500.000000
2021-03-17,40.840801,41.347089,38.890642,40.240749,4359000.000000
2021-03-18,39.837593,40.934555,39.818841,40.203247,3689600.000000
2021-03-19,40.315757,40.606406,39.912599,40.245438,6423400.000000
2021-03-22,40.193875,40.981438,39.790717,40.925186,3800900.000000
2021-03-23,40.634536,40.728293,39.040657,39.200047,3568400.000000
2021-03-24,39.190667,39.471939,37.578039,37.615540,4052000.000000
2021-03-25,37.681172,38.412483,37.113939,37.784306,4816800.000000
2021-03-26,37.493654,37.915560,33.124551,35.440361,12757700.000000
2021-03-29,35.393481,35.815391,34.474657,34.905941,4725800.000000
2021-03-30,35.074714,35.552876,34.221520,34.793442,3789300.000000
2021-03-31,34.849694,35.074713,33.762106,33.855865,6338300.000000
2021-04-01,34.174637,34.437157,33.527707,34.043377,3410600.000000
2021-04-05,34.338711,34.409030,33.199556,34.127758,4097400.000000
2021-04-06,33.940245,35.177844,33.855863,34.737183,3798900.000000
2021-04-07,35.037202,35.627875,34.521536,34.980949,3164900.000000
2021-04-08,34.887198,34.999709,34.127764,34.690308,3289900.000000
2021-04-09,34.699669,35.243464,34.343392,35.121578,2357200.000000
2021-04-12,35.402856,35.937277,34.934068,35.084080,2782400.000000
2021-04-13,35.196589,35.712254,35.015636,35.130959,2546100.000000
2021-04-14,34.859063,35.585686,34.755929,34.905941,3000000.000000
2021-04-15,35.449735,36.106035,35.266908,35.520050,3808400.000000
2021-04-16,35.749766,36.152924,35.412238,35.576313,3322700.000000
2021-04-19,35.430996,35.927910,35.177850,35.327862,3580200.000000
2021-04-20,35.402857,35.881023,35.077518,35.440361,4073600.000000
2021-04-21,35.243471,36.377937,35.093459,36.199799,4948200.000000
2021-04-22,36.124797,36.443573,35.543501,35.740391,3604700.000000
2021-04-23,36.059169,36.284189,35.759145,36.012291,1831200.000000
2021-04-26,36.124786,36.152916,35.355974,35.815388,2495000.000000
2021-04-27,35.684132,36.171672,35.505990,35.890396,4268000.000000
2021-04-28,35.562248,35.890398,35.234098,35.459114,2630800.000000
2021-04-29,35.656007,35.871649,35.163782,35.412239,2539000.000000
2021-04-30,35.430985,35.468489,34.896567,35.084080,3920900.000000
2021-05-03,35.496623,35.496623,34.315276,34.324654,4174800.000000
2021-05-04,34.605919,34.812187,33.977745,34.446533,4091400.000000
2021-05-05,34.652795,34.690299,33.963676,34.071499,2994400.000000
2021-05-06,34.296522,36.012284,34.282455,35.224720,3942700.000000
2021-05-07,35.149716,36.040410,35.018453,35.927902,2264300.000000
2021-05-10,35.927905,36.996741,35.731015,36.406071,3063900.000000
2021-05-11,36.181050,36.602959,35.641943,36.101357,2442400.000000
2021-05-12,35.909150,36.331059,35.524744,35.566936,2517300.000000
2021-05-13,35.562248,36.715466,35.487240,36.321686,2193500.000000
2021-05-14,36.002910,36.246678,34.821562,34.934071,4678000.000000
2021-05-17,35.393483,35.834144,34.427781,34.474659,4072300.000000
2021-05-18,34.727809,35.365361,34.596549,35.018456,3562000.000000
2021-05-19,34.615298,35.262227,34.502790,35.018456,3162900.000000
2021-05-20,34.962198,35.412234,34.849686,34.924694,2760600.000000
2021-05-21,34.952825,35.489120,34.840317,35.234100,3404800.000000
2021-05-24,35.187215,35.534120,34.999702,35.102833,1937400.000000
2021-05-25,35.355984,35.562252,34.643428,34.830944,2785500.000000
2021-05-26,34.849685,35.684130,34.755929,35.168461,2043900.000000
2021-05-27,35.365355,35.984155,35.309100,35.580997,4180400.000000
2021-05-28,35.571625,35.674759,34.774687,35.018456,2292900.000000
2021-06-01,35.280980,35.384113,34.840318,34.990330,2133700.000000
2021-06-02,35.055953,35.159087,34.132441,34.484032,4411500.000000
2021-06-03,34.568420,34.802814,33.790234,34.334026,2659700.000000
2021-06-04,34.343395,34.943443,34.221509,34.868435,2259400.000000
2021-06-07,34.952826,35.243476,34.634050,34.830944,1497500.000000
2021-06-08,34.830940,34.920008,34.094944,34.305897,2360900.000000
2021-06-09,34.980954,35.693510,34.559044,35.290352,3592100.000000
2021-06-10,35.393479,35.505987,34.980947,35.130959,2338400.000000
2021-06-11,35.234098,35.590374,35.130964,35.562248,2090000.000000
2021-06-14,35.609134,35.731020,35.009086,35.327862,2091900.000000
2021-06-15,35.599755,35.759142,35.027834,35.355984,2640300.000000
2021-06-16,35.299725,35.496615,34.924694,35.318474,1983300.000000
2021-06-17,35.318480,35.618508,34.605924,34.830944,3120900.000000
2021-06-18,35.046585,35.623192,34.699680,35.280979,5734600.000000
2021-06-21,35.402858,35.656004,35.074708,35.149715,2296700.000000
2021-06-22,35.187217,35.421611,34.521539,35.299728,2636800.000000
2021-06-23,35.280975,35.599751,35.112212,35.252846,2254600.000000
2021-06-24,35.374731,35.993531,35.262223,35.909149,2110200.000000
2021-06-25,35.984160,36.434196,35.674759,35.965408,3944000.000000
2021-06-28,36.246672,36.387310,35.684128,35.918522,2362900.000000
2021-06-29,35.196596,35.487242,34.521540,34.530918,3086300.000000
2021-06-30,34.690305,34.849691,34.259021,34.812191,2282800.000000
2021-07-01,34.812187,35.515369,34.634045,35.205967,2442500.000000
2021-07-02,35.215350,35.276291,34.755936,34.990330,2014200.000000
2021-07-06,34.971571,34.971571,33.518329,34.437153,2666100.000000
2021-07-07,34.296522,34.709054,33.790230,34.127758,2600000.000000
2021-07-08,34.033999,34.090254,33.115175,33.471455,2429700.000000
2021-07-09,33.518333,34.268393,33.462077,34.174637,1730400.000000
2021-07-12,34.052749,34.530914,33.555835,34.502785,1860300.000000
2021-07-13,34.652795,34.652795,33.663652,33.705845,2341100.000000
2021-07-14,33.874614,34.259020,33.733976,34.090256,1936700.000000
2021-07-15,33.977746,34.212140,33.532396,33.602715,1886100.000000
2021-07-16,33.518329,33.757412,33.021415,33.077667,2976800.000000
2021-07-19,32.796400,32.983915,32.355738,32.552631,3999300.000000
2021-07-20,32.721395,32.913597,32.308860,32.787025,2713600.000000
2021-07-21,32.862030,34.099630,32.852656,33.930866,4462900.000000
2021-07-22,33.940240,34.024621,33.162050,33.752724,2553000.000000
2021-07-23,33.874614,33.982433,33.494893,33.930866,1681800.000000
2021-07-26,33.855865,34.540295,33.855865,34.277775,2235600.000000
2021-07-27,34.015247,34.249641,33.743353,33.940243,1540100.000000
2021-07-28,34.005872,34.371526,33.330816,34.052750,1843800.000000
2021-07-29,34.099630,34.624674,33.926181,34.034000,2860500.000000
2021-07-30,33.752728,34.118382,33.321444,33.433952,2496100.000000
2021-08-02,33.537085,33.705849,33.283939,33.415199,2300800.000000
2021-08-03,33.518337,33.551152,32.027591,32.843281,2652500.000000
2021-08-04,32.627636,33.096424,32.416683,32.730770,2954600.000000
2021-08-05,33.752726,35.055956,33.302690,34.887192,4856900.000000
2021-08-06,34.962200,35.196594,34.090255,34.202763,3837700.000000
2021-08-09,34.052750,34.305896,33.790230,34.230888,2084700.000000
2021-08-10,34.240267,34.704366,33.883987,34.671551,2042200.000000
2021-08-11,34.938754,35.168459,34.465277,35.130959,1817700.000000
2021-08-12,35.271599,35.271599,34.418406,34.718430,1552700.000000
2021-08-13,35.093466,35.093466,34.662181,34.690308,1651900.000000
2021-08-16,34.521533,35.009073,34.230883,34.868435,1734400.000000
2021-08-17,34.540291,34.868441,34.259019,34.671551,1416000.000000
2021-08-18,34.709059,35.290355,34.240271,34.277775,2351400.000000
2021-08-19,34.099628,34.362151,33.705848,33.921490,1675800.000000
2021-08-20,33.855857,34.605916,33.696467,34.465279,1255400.000000
2021-08-23,34.540292,34.863756,34.455910,34.821564,1811500.000000
2021-08-24,34.952822,35.107523,34.610609,34.755932,1520100.000000
2021-08-25,34.924688,35.130956,34.399645,34.727798,2319000.000000
2021-08-26,34.727802,34.859062,34.315266,34.390274,3067500.000000
2021-08-27,34.362157,35.032524,34.315275,34.877823,1749800.000000
2021-08-30,34.877818,34.924696,34.455908,34.755932,1248800.000000
2021-08-31,34.774803,35.477851,34.642687,35.331577,2872200.000000
2021-09-01,35.416515,35.473137,34.831431,34.916363,2043900.000000
2021-09-02,35.067355,35.331585,34.850307,35.076790,2296200.000000
2021-09-03,34.982417,35.039039,34.482265,34.812553,1529600.000000
2021-09-07,34.755936,35.086224,34.595507,34.680439,1427700.000000
2021-09-08,34.652132,35.010730,33.892465,33.934929,2303500.000000
2021-09-09,34.279372,34.383178,33.708443,34.312401,2590300.000000
2021-09-10,34.378461,34.453954,33.760348,33.916054,2617200.000000
2021-09-13,34.199159,34.477544,33.897176,34.293526,3090700.000000
2021-09-14,34.614379,34.708746,33.198851,33.312092,2791000.000000
2021-09-15,33.349847,34.671008,33.142235,34.501144,3039100.000000
2021-09-16,34.435080,35.378765,34.321835,35.227776,2690900.000000
2021-09-17,35.123969,35.954409,35.123969,35.586372,5179200.000000
2021-09-20,35.190033,35.293839,34.529452,35.039043,2334100.000000
2021-09-21,35.265526,35.732653,34.840867,35.039043,2017500.000000
2021-09-22,35.293833,36.454566,35.274959,36.058216,3174900.000000
2021-09-23,35.860051,36.784862,35.860051,36.256397,1965100.000000
2021-09-24,36.331892,37.568121,36.114845,37.049091,3057900.000000
2021-09-27,36.945288,38.106021,36.813169,37.860661,3695600.000000
2021-09-28,37.747423,38.153208,37.454879,37.586998,3303200.000000
2021-09-29,37.605858,38.049391,37.341627,37.983334,2021000.000000
2021-09-30,38.625045,38.794908,37.851223,37.851223,4603300.000000
2021-10-01,38.011651,38.766602,37.841787,38.483494,2339200.000000
2021-10-04,38.483489,39.332807,38.313626,39.144070,4179900.000000
2021-10-05,39.313931,39.851831,39.125193,39.540417,2897700.000000
2021-10-06,39.125197,39.427176,38.738286,39.210129,3730000.000000
2021-10-07,39.493232,40.130223,39.323368,39.776340,2787800.000000
2021-10-08,39.927327,40.885167,39.814082,39.870705,2283000.000000
2021-10-11,39.974521,40.229316,39.144076,39.729160,1967700.000000
2021-10-12,38.343827,40.097196,38.116398,39.634789,2279900.000000
2021-10-13,39.729155,40.200998,39.663097,39.965076,2857500.000000
2021-10-14,40.182121,40.408603,39.851829,40.059441,2278900.000000
2021-10-15,40.285933,40.323681,39.200696,39.266754,4494600.000000
2021-10-18,39.285624,39.700845,39.059138,39.568729,2064300.000000
2021-10-19,39.785776,40.606781,39.615912,40.606781,2541900.000000
2021-10-20,40.597347,41.125812,40.314242,40.776646,1828800.000000
2021-10-21,40.616223,41.022008,40.040574,40.210438,2926100.000000
2021-10-22,40.125507,40.285932,39.785780,40.125507,1903100.000000
2021-10-25,40.201000,40.276496,39.370559,39.474365,2594900.000000
2021-10-26,39.653660,39.710283,39.111040,39.247875,2559200.000000
2021-10-27,39.342243,39.398865,37.917279,37.936153,3487900.000000
2021-10-28,38.021085,38.502363,37.917279,38.464615,2149300.000000
2021-10-29,38.407997,38.455181,37.181207,37.502060,2847500.000000
2021-11-01,37.785163,38.860964,37.686077,38.747723,3357900.000000
2021-11-02,38.851528,39.483799,38.540113,39.257313,3401800.000000
2021-11-03,38.898718,39.719723,38.370253,39.238445,3878800.000000
2021-11-04,39.427177,39.427177,37.181208,39.002522,4688800.000000
2021-11-05,39.191253,40.172687,38.870400,39.144070,3436500.000000
2021-11-08,39.200694,39.375274,38.049397,38.275883,2600600.000000
2021-11-09,38.323058,38.738278,38.096572,38.257000,1714700.000000
2021-11-10,38.360815,39.087450,38.209825,38.398560,2575300.000000
2021-11-11,37.605859,39.068574,37.294445,38.832653,3289600.000000
2021-11-12,38.832660,39.144074,38.492933,38.785473,2111300.000000
2021-11-15,38.842098,39.483804,38.766605,38.945904,2424200.000000
2021-11-16,38.927025,38.927025,38.087146,38.143764,2553300.000000
2021-11-17,37.983339,38.266444,37.709670,38.021088,1809300.000000
2021-11-18,38.021088,38.323067,37.294449,37.341633,1793400.000000
2021-11-19,37.067958,37.407686,36.548932,36.794292,3459000.000000
2021-11-22,36.794294,36.973593,36.388509,36.558372,3229600.000000
2021-11-23,36.832044,37.181210,36.558378,36.926414,3448000.000000
2021-11-24,36.747107,36.775420,36.199771,36.331886,2677500.000000
2021-11-26,35.633557,35.679798,34.963542,35.501442,1850400.000000
2021-11-29,35.567500,35.680745,34.727621,34.840862,3655300.000000
2021-11-30,34.689870,34.840860,33.632944,33.699001,5053800.000000
2021-12-01,34.227469,34.557757,32.462778,32.500523,5228700.000000
2021-12-02,32.557148,33.595200,32.472216,33.340408,5518200.000000
2021-12-03,33.510262,34.133094,33.415895,34.010418,4957100.000000
2021-12-06,34.350153,34.897489,34.199163,34.463394,2825400.000000
2021-12-07,34.666289,35.190034,34.288813,34.425648,2485700.000000
2021-12-08,34.482266,35.265523,34.387895,34.680439,3473500.000000
2021-12-09,34.567193,35.190026,34.312398,34.482262,2382500.000000
2021-12-10,34.680437,34.873894,34.260497,34.746494,3253500.000000
2021-12-13,34.369019,34.557757,33.783935,34.265217,3183400.000000
2021-12-14,34.123660,34.557754,33.783933,33.953796,4631100.000000
2021-12-15,33.906616,34.265218,33.264910,34.208595,4728700.000000
2021-12-16,34.397335,35.029602,34.199162,34.925797,6426000.000000
2021-12-17,35.208905,35.647718,34.520015,34.878613,18794400.000000
2021-12-20,34.491707,34.774812,33.783943,34.340717,3551300.000000
2021-12-21,34.652127,35.388201,34.350148,34.821991,2531100.000000
2021-12-22,34.869174,34.925793,34.387893,34.746494,1550200.000000
2021-12-23,34.897490,35.303276,34.826713,35.180595,1805200.000000
2021-12-27,35.123971,35.454259,34.633254,35.218338,1741600.000000
2021-12-28,35.171153,35.529755,35.020164,35.378765,1328200.000000
2021-12-29,35.359899,35.449546,34.836153,35.001297,1173100.000000
2021-12-30,35.067349,35.633559,35.001291,35.416512,1467900.000000
2021-12-31,35.492007,35.539190,34.793678,34.821991,1621400.000000
2022-01-03,34.991859,35.954415,34.680441,35.520321,2917300.000000
2022-01-04,35.746802,36.251673,35.595812,35.831734,4720500.000000
2022-01-05,36.077088,36.350758,35.407073,35.492004,2024200.000000
2022-01-06,35.727934,36.596123,35.595819,36.265835,2716700.000000
2022-01-07,36.397946,36.916972,36.275266,36.822605,4427700.000000
2022-01-10,37.001903,37.261417,36.341322,36.832039,2904500.000000
2022-01-11,36.992464,37.219893,36.454563,36.756542,1720600.000000
2022-01-12,36.869788,37.228390,36.756547,37.077400,1622400.000000
2022-01-13,37.228389,38.124891,37.067960,37.813473,2487700.000000
2022-01-14,37.653046,38.780750,37.431279,38.709972,4080600.000000
2022-01-18,38.728850,39.125196,37.445438,37.653049,4586300.000000
2022-01-19,37.700233,38.172076,37.162332,37.426563,3804000.000000
2022-01-20,37.454873,38.077705,35.992161,36.039345,4426800.000000
2022-01-21,35.841167,36.341319,35.350450,35.567497,4201400.000000
2022-01-24,35.860047,36.940567,35.652435,36.888664,7853300.000000
2022-01-25,36.662180,37.105713,35.907232,36.954723,4510000.000000
2022-01-26,36.992468,37.294447,35.482569,35.897793,3416300.000000
2022-01-27,35.916664,36.761262,35.878915,36.095963,3281500.000000
2022-01-28,35.907231,37.855944,35.822299,37.841785,4206500.000000
2022-01-31,37.728548,38.389128,37.228395,38.323071,3644600.000000
2022-02-01,38.483489,38.634478,37.959743,38.039959,2528400.000000
2022-02-02,37.747413,38.445742,37.247261,38.379681,2970500.000000
2022-02-03,38.290035,38.813780,37.964462,38.596733,2345600.000000
2022-02-04,38.596736,38.776035,38.011649,38.398560,1811700.000000
2022-02-07,38.643924,38.927029,38.143768,38.323071,3219600.000000
2022-02-08,38.521236,38.848695,38.181509,38.521236,2435600.000000
2022-02-09,39.068577,41.427791,38.860965,41.380604,8034900.000000
2022-02-10,41.012569,42.418661,40.323679,41.522160,6921800.000000
2022-02-11,41.474966,42.017586,40.786077,40.955940,4354100.000000
2022-02-14,40.965380,41.248485,40.068879,40.267052,3212800.000000
2022-02-15,40.484099,41.248482,40.418041,40.720020,2705800.000000
2022-02-16,40.304805,40.767212,39.814088,40.587910,3140200.000000
2022-02-17,40.116066,41.106939,40.087757,40.493542,4162300.000000
2022-02-18,40.361422,40.833265,39.554571,39.993385,3567200.000000
2022-02-22,39.842399,40.200997,39.370557,39.464924,3537300.000000
2022-02-23,39.634787,39.681971,38.587296,38.662792,2781100.000000
2022-02-24,38.257010,38.700540,37.634178,38.568424,4052800.000000
2022-02-25,38.776034,39.710284,38.238133,39.417740,2905300.000000
2022-02-28,38.794911,39.710287,38.672230,39.474365,3527700.000000
2022-03-01,39.313005,39.683169,38.734038,39.161144,3500100.000000
2022-03-02,39.275043,41.277710,39.275043,40.898056,3785700.000000
2022-03-03,40.869581,41.353636,40.510808,40.964493,2579000.000000
2022-03-04,40.518406,40.670267,40.043840,40.518406,3424400.000000
2022-03-07,40.385524,40.850600,39.388937,39.483849,3232700.000000
2022-03-08,39.369959,40.309601,39.246571,39.711647,2733900.000000
2022-03-09,40.233661,40.432977,38.691323,38.790981,3604700.000000
2022-03-10,38.515741,38.658108,37.357800,37.765926,5192500.000000
2022-03-11,38.050661,38.667597,37.291357,37.329323,3444600.000000
2022-03-14,37.433727,38.268963,36.617477,36.778828,5955100.000000
2022-03-15,37.035101,37.813388,36.721886,37.756439,4830900.000000
2022-03-16,38.041178,38.914377,37.661524,38.601162,4515800.000000
2022-03-17,38.316425,38.401847,36.947780,38.231003,4950300.000000
2022-03-18,38.240487,38.847930,37.595078,38.790981,13459600.000000
2022-03-21,38.980809,39.882484,38.430315,38.771999,3371400.000000
2022-03-22,39.037754,39.607231,38.919112,39.009277,2631200.000000
2022-03-23,38.715053,39.142163,38.406585,38.496754,2540400.000000
2022-03-24,38.420822,38.971320,38.197776,38.828949,2416400.000000
2022-03-25,38.857425,39.550290,38.697972,39.123184,2504700.000000
2022-03-28,38.942850,39.047255,38.041178,38.439812,2099200.000000
2022-03-29,38.639126,39.009287,38.411337,38.724548,2333000.000000
2022-03-30,38.648612,38.904877,37.988966,38.098114,3022100.000000
2022-03-31,38.230999,38.487265,37.405256,37.443222,3596300.000000
2022-04-01,37.927281,37.946264,37.006626,37.357803,2335800.000000
2022-04-04,37.139498,37.547625,36.313752,37.538132,2582700.000000
2022-04-05,37.196443,37.633995,36.432393,36.693405,3557800.000000
2022-04-06,36.570011,36.826277,36.237817,36.788311,3818200.000000
2022-04-07,36.693400,36.892716,35.867657,36.465607,2730600.000000
2022-04-08,36.551030,37.215422,36.475101,36.987633,2118600.000000
2022-04-11,36.968658,37.528646,36.683920,36.750359,1974800.000000
2022-04-12,37.224917,37.433723,36.579508,36.864246,1997500.000000
2022-04-13,36.797813,37.272379,36.788320,37.120518,1528300.000000
2022-04-14,37.215427,37.661520,37.082549,37.130005,1773300.000000
2022-04-18,36.987635,37.405252,36.859501,37.006618,1252900.000000
2022-04-19,37.054073,37.405250,36.759841,37.186951,2630500.000000
2022-04-20,36.968652,37.599825,35.896133,37.547623,4384700.000000
2022-04-21,37.623555,38.080086,36.930690,36.949673,2340600.000000
2022-04-22,36.949668,36.978141,36.237820,36.266293,2215500.000000
2022-04-25,36.010028,36.318496,35.412078,36.057487,2983500.000000
2022-04-26,35.858164,35.953080,34.690734,34.738190,4090700.000000
2022-04-27,34.652772,34.947004,33.945670,34.415489,2262400.000000
2022-04-28,34.624299,34.984969,34.301594,34.681248,2077600.000000
2022-04-29,34.567347,34.852090,33.940921,34.016853,2464900.000000
2022-05-02,34.121264,34.804636,34.054825,34.709724,2704100.000000
2022-05-03,34.804630,34.899546,34.178204,34.396507,3056900.000000
2022-05-04,34.387018,35.260220,34.244650,35.155815,1890600.000000
2022-05-05,34.871075,35.193779,34.377526,34.681248,1867200.000000
2022-05-06,34.434472,34.519894,32.465028,32.839931,3164600.000000
2022-05-09,32.479268,32.764006,31.444715,31.520643,4065000.000000
2022-05-10,30.448125,31.672502,29.755258,30.770826,4567600.000000
2022-05-11,30.875234,32.137580,30.780322,31.520643,3779800.000000
2022-05-12,31.425731,31.966736,30.799305,31.748436,3275800.000000
2022-05-13,32.042658,32.536206,31.800632,32.080624,2672300.000000
2022-05-16,32.033170,32.336892,31.738938,31.976221,2351700.000000
2022-05-17,32.279944,33.172129,32.232488,32.972813,2340500.000000
2022-05-18,32.745017,32.849422,31.710464,31.786396,2876700.000000
2022-05-19,31.520640,31.995206,31.302341,31.634539,3425500.000000
2022-05-20,32.080630,32.128086,31.368781,31.757925,2496400.000000
2022-05-23,32.391940,32.645360,31.606061,32.450787,2512400.000000
2022-05-24,32.270453,32.289436,30.585744,30.837267,2409500.000000
2022-05-25,30.818291,31.819624,30.799308,31.606068,2353900.000000
2022-05-26,31.824361,32.844678,31.786399,32.782986,2950500.000000
2022-05-27,32.754510,33.722624,32.621632,33.656185,2573400.000000
2022-05-31,33.542286,33.808041,33.361952,33.703636,4768600.000000
2022-06-01,33.883982,33.959911,32.526724,33.086712,2447800.000000
2022-06-02,32.479263,33.096196,32.137575,32.669086,2695700.000000
2022-06-03,32.393845,32.697566,32.213507,32.393845,1933700.000000
2022-06-06,32.370112,32.726036,32.166049,32.346386,1425600.000000
2022-06-07,32.042661,32.887391,31.947750,32.839931,1722500.000000
2022-06-08,32.631126,33.115181,32.284691,32.327404,1660200.000000
2022-06-09,32.545704,32.545704,31.748434,31.776907,1582300.000000
2022-06-10,31.378271,31.492166,30.732862,30.742352,2402300.000000
2022-06-13,30.172877,30.372193,29.731530,29.916611,3401700.000000
2022-06-14,29.964066,30.699644,29.783730,30.400665,3101200.000000
2022-06-15,30.628458,31.672501,30.543037,31.159973,3125000.000000
2022-06-16,30.704384,30.903704,29.907116,30.637945,3714700.000000
2022-06-17,30.637952,31.122010,30.248810,30.438635,6015500.000000
2022-06-21,30.875237,31.345059,30.666430,30.903713,2050800.000000
2022-06-22,30.571509,30.875231,30.239315,30.429142,2219300.000000
2022-06-23,30.457618,30.543040,30.011527,30.438635,1564300.000000
2022-06-24,30.637946,31.468436,30.590490,31.131495,2680800.000000
2022-06-27,31.216924,31.406751,30.884729,31.359295,2094600.000000
2022-06-28,31.473182,31.767414,30.960650,31.046072,1842400.000000
2022-06-29,31.017603,31.103025,30.362702,30.979637,1761600.000000
2022-06-30,30.618965,31.084041,30.348465,30.524054,2403300.000000
2022-07-01,30.419657,31.444721,30.362710,31.387772,1507600.000000
2022-07-05,30.979635,31.492167,30.495580,31.482674,1517800.000000
2022-07-06,31.634543,31.890805,30.922694,31.473188,2037600.000000
2022-07-07,31.492171,32.080631,31.492171,31.795893,1872100.000000
2022-07-08,31.852844,32.052160,31.435224,31.549122,1744600.000000
2022-07-11,31.273866,31.463693,31.012853,31.226410,1378300.000000
2022-07-12,31.188446,31.995206,31.188446,31.530134,1523800.000000
2022-07-13,31.188443,31.430473,30.362699,31.169460,1862200.000000
2022-07-14,30.785065,31.036584,30.618964,30.856247,1613600.000000
2022-07-15,31.140989,31.990462,31.093530,31.966732,1945400.000000
2022-07-18,31.520638,32.061643,31.065056,31.539621,2474900.000000
2022-07-19,31.833858,32.574179,31.833858,32.507740,1808200.000000
2022-07-20,32.574176,33.186366,32.393842,32.972813,1797500.000000
2022-07-21,32.906371,33.195857,32.669089,33.172131,1755000.000000
2022-07-22,33.219584,33.551778,32.987048,33.371445,1594200.000000
2022-07-25,33.304062,33.741610,33.238571,33.485344,1832800.000000
2022-07-26,33.219591,33.399925,32.033177,32.365372,1983900.000000
2022-07-27,32.517225,32.934845,32.298925,32.906368,2268500.000000
2022-07-28,32.773488,33.172125,32.298923,33.105686,2069800.000000
2022-07-29,33.134163,33.134163,31.207428,31.425728,4963700.000000
2022-08-01,31.159972,31.795888,31.093530,31.738939,2601600.000000
2022-08-02,31.700981,32.037922,31.439969,31.511154,1136300.000000
2022-08-03,31.321323,32.094864,31.321323,31.862328,1893300.000000
2022-08-04,31.767414,32.270453,31.663009,31.824360,1444000.000000
2022-08-05,31.482674,31.819619,31.197936,31.634539,1930300.000000
2022-08-08,31.786405,32.042667,31.587084,31.767422,2643100.000000
2022-08-09,31.871817,32.270450,31.691480,32.023678,2526800.000000
2022-08-10,33.020264,33.694146,32.298923,33.105686,3566100.000000
2022-08-11,33.390426,34.690734,33.390426,34.576839,2739700.000000
2022-08-12,34.795145,34.890056,34.301596,34.643284,2422500.000000
2022-08-15,34.405997,34.633790,34.178204,34.529385,2062300.000000
2022-08-16,34.462950,34.837857,34.315832,34.643284,2562800.000000
2022-08-17,34.292108,34.742944,34.178210,34.330070,2299200.000000
2022-08-18,34.453454,34.643281,34.045327,34.187698,1396600.000000
2022-08-19,34.035838,34.083294,33.684660,33.864994,1983900.000000
2022-08-22,33.504322,33.703639,32.711799,32.934845,1864100.000000
2022-08-23,32.915863,33.380935,32.621631,32.754509,1531100.000000
2022-08-24,32.773486,33.342967,32.545697,33.010769,2099300.000000
2022-08-25,33.134168,33.323995,32.915869,33.200607,1396900.000000
2022-08-26,33.238566,33.589744,32.450786,32.498245,2308400.000000
2022-08-29,32.317911,32.749767,32.080628,32.574177,1599100.000000
2022-08-30,32.717593,32.846665,32.325594,32.698471,2618400.000000
2022-08-31,32.889690,33.166955,32.660226,32.679348,2479900.000000
2022-09-01,32.507249,32.626761,32.234762,32.545494,2261900.000000
2022-09-02,32.755833,33.023543,32.148714,32.258667,2373200.000000
2022-09-06,32.325595,32.392521,31.226083,31.522474,2680600.000000
2022-09-07,31.465106,32.057884,31.374276,31.952713,1951400.000000
2022-09-08,31.837986,32.067451,31.120914,32.048328,2188600.000000
2022-09-09,32.258668,33.090470,32.186960,33.004421,2640800.000000
2022-09-12,33.119150,33.444223,33.004420,33.272125,2986400.000000
2022-09-13,32.249099,32.899244,31.943149,32.019638,1953500.000000
2022-09-14,32.105695,32.153500,31.216526,32.048328,2015900.000000
2022-09-15,32.029205,33.233884,31.962278,33.042667,3366500.000000
2022-09-16,33.023548,33.061793,31.685012,32.191742,6348400.000000
2022-09-19,31.971838,32.875348,31.962279,32.851448,2092400.000000
2022-09-20,32.535931,32.870566,32.258666,32.736713,2305400.000000
2022-09-21,32.765395,32.861003,31.273884,31.283447,2137100.000000
2022-09-22,31.216522,31.293008,30.690667,30.700230,3203700.000000
2022-09-23,30.336915,30.480329,29.806282,30.317793,2494700.000000
2022-09-26,30.117012,30.661986,29.667648,29.753696,2255900.000000
2022-09-27,30.040524,30.470768,29.400896,29.591160,1958800.000000
2022-09-28,29.705890,30.216446,29.447744,30.059647,1835600.000000
2022-09-29,29.715453,29.820624,28.979259,29.170479,4067000.000000
2022-09-30,29.371256,29.983159,29.208720,29.333014,3276000.000000
2022-10-03,29.705890,29.930573,29.232623,29.887548,2627700.000000
2022-10-04,30.030964,30.967938,30.002281,30.814962,2379800.000000
2022-10-05,30.317791,30.590280,29.954475,30.155256,2731600.000000
2022-10-06,30.661988,30.661988,29.672429,29.801502,3697200.000000
2022-10-07,29.543355,30.069209,29.409503,29.992722,2588400.000000
2022-10-10,30.164815,30.403839,29.705889,29.772816,1762000.000000
2022-10-11,29.610282,29.763257,29.074869,29.323454,2361200.000000
2022-10-12,29.342572,29.519449,28.960134,29.151352,2521500.000000
2022-10-13,28.816723,30.413403,28.711553,30.308233,4073100.000000
2022-10-14,30.461205,30.776715,30.011839,30.164814,2151700.000000
2022-10-17,28.434283,28.768917,27.028823,27.325212,12668500.000000
2022-10-18,28.013600,28.601600,27.444724,27.917992,6942800.000000
2022-10-19,28.032724,28.549017,27.588140,28.032724,4065300.000000
2022-10-20,27.975360,28.252626,27.693311,27.736336,2223700.000000
2022-10-21,27.745895,28.434283,27.707650,28.137894,2952300.000000
2022-10-24,28.338672,28.529892,27.812820,28.319551,3868000.000000
2022-10-25,28.214382,28.644624,28.109211,28.529894,2444500.000000
2022-10-26,28.558577,28.816722,27.669408,27.698090,2424200.000000
2022-10-27,27.726773,27.851065,26.785019,26.933214,3663700.000000
2022-10-28,27.057503,27.655063,26.885407,27.573795,2844400.000000
2022-10-31,27.573798,27.726773,27.220042,27.602482,3363700.000000
2022-11-01,28.778477,29.887547,28.166574,29.189598,4272200.000000
2022-11-02,28.845405,29.863647,28.721113,28.730673,4290000.000000
2022-11-03,28.539455,28.864528,28.219162,28.635065,2601000.000000
2022-11-04,28.979258,29.227843,27.879749,28.529894,3799300.000000
2022-11-07,28.845405,28.960138,27.612041,27.860626,3419000.000000
2022-11-08,27.784140,28.549018,27.688530,28.051847,3906200.000000
2022-11-09,27.621602,27.621602,26.837604,27.191360,3487600.000000
2022-11-10,28.061406,28.396040,27.822383,28.147455,3209800.000000
2022-11-11,28.405602,29.352138,28.166578,29.180040,2946500.000000
2022-11-14,29.246965,29.801500,29.055745,29.074867,3584500.000000
2022-11-15,29.409500,29.944913,29.132231,29.399939,2664200.000000
2022-11-16,29.390376,29.409498,28.630280,29.151352,2382800.000000
2022-11-17,28.778478,29.390379,28.768917,29.285208,2069700.000000
2022-11-18,29.638967,29.744138,29.299553,29.572041,2130300.000000
2022-11-21,29.686770,29.791941,28.907553,29.170479,2275900.000000
2022-11-22,29.399942,29.591162,29.199163,29.543356,1806000.000000
2022-11-23,29.447745,29.782379,29.218282,29.715452,2408200.000000
2022-11-25,29.744134,29.935352,29.605499,29.916231,901100.000000
2022-11-28,29.715453,30.059648,29.495552,29.638966,1966900.000000
2022-11-29,29.753695,30.356034,29.658085,30.327351,2295900.000000
2022-11-30,30.241305,31.039646,29.877989,31.025305,4222200.000000
2022-12-01,31.120914,31.312134,30.279550,30.690670,2898500.000000
2022-12-02,30.346472,31.163935,30.040522,31.120909,2820300.000000
2022-12-05,31.063547,31.297790,30.566375,30.604618,2839900.000000
2022-12-06,30.728914,31.183062,29.428625,29.638966,3538700.000000
2022-12-07,29.533792,29.892327,28.964915,29.352135,2818000.000000
2022-12-08,29.466868,30.217403,29.294771,29.638966,2029500.000000
2022-12-09,29.638965,30.136135,29.438186,29.935354,1586200.000000
2022-12-12,29.906673,30.155258,29.629404,30.145697,2236600.000000
2022-12-13,30.977499,31.316913,30.403840,30.623741,2316000.000000
2022-12-14,30.403839,30.944035,30.203060,30.403839,2093100.000000
2022-12-15,30.174376,30.246084,29.323451,29.352135,2369500.000000
2022-12-16,29.180039,29.524232,29.027063,29.390379,5252100.000000
2022-12-19,29.294769,29.294769,27.975358,28.195259,2206200.000000
2022-12-20,28.195260,28.682869,28.075748,28.635065,2547600.000000
2022-12-21,28.826283,29.170478,28.701992,28.998381,2498600.000000
2022-12-22,28.778479,29.203942,28.692431,29.160917,1700000.000000
2022-12-23,29.141793,29.485988,29.093989,29.409500,1429400.000000
2022-12-27,29.409501,29.447744,28.960137,29.275648,1200100.000000
2022-12-28,29.189600,29.323453,28.740234,28.788040,1249600.000000
2022-12-29,29.007940,29.500329,28.874088,29.218281,1268000.000000
2022-12-30,28.969697,29.122672,28.606381,29.036625,2620900.000000
2023-01-03,28.988819,29.285208,28.692430,28.941015,2750100.000000
2023-01-04,29.208718,29.983157,28.754575,29.906670,2446100.000000
2023-01-05,29.839743,29.839743,29.294769,29.495550,2534400.000000
2023-01-06,29.686769,30.384721,29.591161,30.356037,2062100.000000
2023-01-09,30.375160,30.575939,29.849306,29.897112,4112700.000000
2023-01-10,29.858868,30.509013,29.753699,30.489891,2062000.000000
2023-01-11,30.585498,30.724130,30.102670,30.661985,2455600.000000
2023-01-12,30.776715,30.896227,30.389498,30.795837,2238500.000000
2023-01-13,30.575938,30.929693,30.432524,30.910574,1718200.000000
2023-01-17,30.748033,30.967935,30.274767,30.375156,1763200.000000
2023-01-18,30.375158,30.671548,30.054865,30.097889,2383100.000000
2023-01-19,29.983160,30.078768,29.466868,29.935354,2820100.000000
2023-01-20,30.088329,30.250865,29.858866,30.174377,1956200.000000
2023-01-23,30.212619,31.307347,30.212619,31.235640,1771000.000000
2023-01-24,31.063546,31.407737,30.944034,31.235640,1733400.000000
2023-01-25,31.799733,32.641098,31.589394,32.019638,5308100.000000
2023-01-26,32.067447,32.555054,31.952713,32.469006,2239200.000000
2023-01-27,32.440324,32.578958,32.186959,32.363834,1518600.000000
2023-01-30,32.105697,32.382962,32.019648,32.182182,1951800.000000
2023-01-31,32.182177,32.488127,32.043543,32.449883,2027800.000000
2023-02-01,32.249105,33.009203,32.029204,32.803642,2376500.000000
2023-02-02,32.937500,33.721498,32.698476,33.444229,1893100.000000
2023-02-03,33.272122,33.482464,32.580865,33.080902,2128800.000000
2023-02-06,32.889694,32.889694,32.296912,32.478573,2300900.000000
2023-02-07,32.163058,32.612425,31.761500,32.555058,2536900.000000
2023-02-08,34.725391,35.184316,33.587638,33.979637,7006500.000000
2023-02-09,34.763635,34.820998,33.912710,34.170856,4691600.000000
2023-02-10,34.189974,34.467242,33.931831,34.237782,3722700.000000
2023-02-13,34.276026,34.534172,33.912712,34.123051,2772200.000000
2023-02-14,34.027445,34.381199,33.807543,34.189980,2319400.000000
2023-02-15,34.142170,35.518950,34.051344,35.490265,2964000.000000
2023-02-16,35.060023,35.581097,34.983537,35.117390,2840100.000000
2023-02-17,35.107833,35.624122,34.897491,35.404221,4451400.000000
2023-02-21,35.174760,35.518955,34.553296,34.581978,2916400.000000
2023-02-22,34.562860,35.036126,34.510274,34.907051,3062800.000000
2023-02-23,34.773192,35.126950,34.328608,34.744511,2639000.000000
2023-02-24,34.295148,34.581976,34.132613,34.314270,2115300.000000
2023-02-27,34.467245,34.495931,34.013101,34.113491,2596800.000000
2023-02-28,33.843898,34.315688,33.574299,33.718727,3705900.000000
2023-03-01,33.449133,33.699470,33.343219,33.506901,2213900.000000
2023-03-02,33.458758,33.863150,33.372102,33.805382,2442000.000000
2023-03-03,33.930553,34.017209,33.506900,33.622440,2451400.000000
2023-03-06,33.853524,34.238663,33.453944,33.506901,2913000.000000
2023-03-07,33.506899,33.858338,33.352844,33.400986,2658800.000000
2023-03-08,33.400983,33.709092,33.054363,33.218044,2177500.000000
2023-03-09,33.256562,33.468385,31.985611,32.033752,2899100.000000
2023-03-10,31.898960,32.166630,31.581220,31.908587,3165800.000000
2023-03-13,31.667874,31.802671,31.003514,31.080540,3687500.000000
2023-03-14,31.552331,31.956723,31.292363,31.677502,3109500.000000
2023-03-15,31.061280,31.590846,31.046838,31.311621,2807800.000000
2023-03-16,31.128682,31.821926,31.051653,31.716013,3746700.000000
2023-03-17,31.561958,31.821926,31.417534,31.513817,6166400.000000
2023-03-20,31.552330,32.640342,31.456043,32.187805,3204500.000000
2023-03-21,32.553687,32.813655,32.207063,32.476658,3386200.000000
2023-03-22,32.447775,32.784768,32.062637,32.081894,2748700.000000
2023-03-23,32.226323,32.948454,32.151218,32.418888,2733500.000000
2023-03-24,32.226319,32.235946,30.945738,31.831554,4762600.000000
2023-03-27,31.995240,32.751071,31.985614,32.380379,3449100.000000
2023-03-28,31.600472,32.110777,31.494558,31.542700,3843500.000000
2023-03-29,31.802672,32.091528,31.701574,31.937469,2547000.000000
2023-03-30,32.139667,32.635530,32.139667,32.418888,2135600.000000
2023-03-31,32.544057,32.823282,32.471843,32.784767,3280100.000000
2023-04-03,32.852167,33.092877,32.664413,32.909939,2835500.000000
2023-04-04,32.986966,33.165093,32.380378,32.611458,2516300.000000
2023-04-05,32.322605,32.659598,32.192623,32.486290,2499700.000000
2023-04-06,32.130036,32.399635,31.985612,32.207066,2604100.000000
2023-04-10,32.072270,32.736630,32.072270,32.669231,2343600.000000
2023-04-11,32.659599,33.218049,32.293722,32.919567,2762500.000000
2023-04-12,33.102507,33.304703,32.418886,32.476658,2262200.000000
2023-04-13,32.572943,32.813653,32.534428,32.678852,2362500.000000
2023-04-14,32.467027,32.726995,31.898950,32.168545,2292500.000000
2023-04-17,32.197435,32.818469,32.187808,32.727001,2292000.000000
2023-04-18,32.861800,32.958083,32.447778,32.736629,3359000.000000
2023-04-19,32.255207,32.727001,31.547517,32.582573,4258000.000000
2023-04-20,32.447777,32.736629,32.264834,32.447777,2770200.000000
2023-04-21,32.303348,32.399634,31.740086,32.370747,3067000.000000
2023-04-24,32.274464,32.577758,30.618375,31.427162,11114300.000000
2023-04-25,31.253850,31.667872,30.955371,31.234592,4127800.000000
2023-04-26,31.138307,31.658242,31.128680,31.263477,3241200.000000
2023-04-27,31.301993,31.658248,30.685777,31.638990,4978700.000000
2023-04-28,31.475304,32.250393,31.475304,32.024124,3838500.000000
2023-05-01,31.908587,32.423707,31.908587,32.062641,2676400.000000
2023-05-02,31.918210,31.951910,31.306804,31.831554,2700900.000000
2023-05-03,31.927838,32.192621,31.407903,31.484932,3526400.000000
2023-05-04,30.810941,30.820568,29.944383,30.002153,6172900.000000
2023-05-05,30.300638,30.916858,30.209168,30.782059,3060000.000000
2023-05-08,30.695403,31.128685,30.656891,30.974627,4548100.000000
2023-05-09,31.205707,31.927838,30.406548,30.502832,6425600.000000
2023-05-10,30.733912,30.887969,29.539989,30.031038,5386100.000000
2023-05-11,29.684418,29.886615,29.097083,29.530363,5624300.000000
2023-05-12,29.241509,29.713302,29.092268,29.578503,4624000.000000
2023-05-15,29.626647,29.939570,29.352237,29.857729,3188800.000000
2023-05-16,29.809586,29.925127,29.381121,29.395565,3368100.000000
2023-05-17,29.597761,30.252494,29.434078,30.213980,3940500.000000
2023-05-18,30.223607,30.440247,29.602576,29.934755,4198100.000000
2023-05-19,29.982899,30.291008,29.905872,30.175468,3922100.000000
2023-05-22,30.377665,30.512465,30.002158,30.146584,2899000.000000
2023-05-23,30.156211,30.637632,30.156211,30.185097,3020100.000000
2023-05-24,30.165841,30.310267,29.814404,29.876989,2883600.000000
2023-05-25,29.655533,30.218796,29.636277,29.915501,3714000.000000
2023-05-26,30.050300,30.435438,29.973272,30.233240,3144600.000000
2023-05-30,30.204353,30.473948,30.064741,30.310265,4574600.000000
2023-05-31,30.194725,30.310265,29.799960,30.040670,9037100.000000
2023-06-01,30.117699,30.435437,29.799962,30.146584,3766200.000000
2023-06-02,30.387293,30.825386,30.343965,30.685776,3583300.000000
2023-06-05,30.656890,31.051655,30.599120,30.993883,3528400.000000
2023-06-06,30.878340,31.523446,30.753172,31.330877,3253300.000000
2023-06-07,31.571586,32.298529,31.446415,32.110775,4994900.000000
2023-06-08,32.168551,32.611457,32.024123,32.582573,3883000.000000
2023-06-09,32.601829,32.702927,32.211880,32.293720,4944800.000000
2023-06-12,32.264829,32.539238,32.048191,32.245575,3060200.000000
2023-06-13,32.476661,32.601832,32.004871,32.072269,4845000.000000
2023-06-14,32.207064,32.649970,31.918212,32.053009,4153700.000000
2023-06-15,31.995239,32.611457,31.898956,32.418888,5036900.000000
2023-06-16,32.476659,32.775141,32.221507,32.390003,10266000.000000
2023-06-20,32.293721,32.438145,31.744901,32.014496,6063100.000000
2023-06-21,32.014496,32.202250,31.783412,31.956724,3799800.000000
2023-06-22,31.870067,31.903766,31.489748,31.677502,4326500.000000
2023-06-23,31.513815,31.619728,31.350134,31.456043,4638100.000000
2023-06-26,31.571588,32.057820,31.504189,32.004868,3545300.000000
2023-06-27,32.033754,33.285448,32.024124,33.083252,5144000.000000
2023-06-28,33.121766,33.160277,32.789584,33.054367,3081800.000000
2023-06-29,32.948455,33.295078,32.804027,33.131393,2399000.000000
2023-06-30,33.295080,33.343221,32.707745,32.736629,3015900.000000
2023-07-03,32.515173,33.073619,32.428517,33.044735,1195000.000000
2023-07-05,32.804023,33.242117,32.553685,32.938820,2830300.000000
2023-07-06,32.592197,32.842537,32.467030,32.775139,3485500.000000
2023-07-07,32.688485,33.092877,32.505543,32.813656,3464400.000000
2023-07-10,31.927841,32.852169,31.831558,32.447777,6563900.000000
2023-07-11,32.587386,32.659597,32.399632,32.476658,3581500.000000
2023-07-12,32.881055,33.203607,32.370747,32.418888,4139000.000000
2023-07-13,32.390002,32.621086,32.062635,32.428516,5477700.000000
2023-07-14,32.351489,32.351489,31.711202,31.956724,3906300.000000
2023-07-17,31.927839,32.279278,31.773784,32.197433,2880100.000000
2023-07-18,32.284093,33.015855,32.245582,32.736629,3111700.000000
2023-07-19,32.669229,32.967712,32.216692,32.467033,4909500.000000
2023-07-20,32.621086,32.621086,32.245578,32.524799,3129100.000000
2023-07-21,32.495915,32.524799,32.091523,32.264832,3163900.000000
2023-07-24,32.235951,32.322607,31.691946,31.966356,4016100.000000
2023-07-25,31.879701,32.101154,31.658248,31.744904,4132500.000000
2023-07-26,31.870062,32.149287,31.658239,31.918207,5014900.000000
2023-07-27,32.158921,32.394816,31.802667,31.870066,3185200.000000
2023-07-28,32.168549,32.235948,31.638987,32.004868,5216800.000000
2023-07-31,32.081895,32.544059,32.081895,32.207066,3808600.000000
2023-08-01,32.178179,32.245581,31.975983,32.024124,1945300.000000
2023-08-02,31.966352,32.182990,31.879696,32.091522,2321700.000000
2023-08-03,31.956721,32.062634,31.499372,31.735268,3655400.000000
2023-08-04,31.677500,32.322602,31.542699,31.831554,3574400.000000
2023-08-07,32.053009,32.197433,31.812298,31.850813,5276900.000000
2023-08-08,33.208420,33.911294,33.083249,33.632069,14957000.000000
2023-08-09,33.603183,34.089416,33.189161,33.362473,5866900.000000
2023-08-10,33.555036,33.737978,32.856977,33.208416,5052300.000000
2023-08-11,33.044733,33.603183,32.948450,33.314327,2672000.000000
2023-08-14,33.189164,33.323962,32.495917,32.582573,5834400.000000
2023-08-15,32.361119,32.929196,32.101152,32.746254,3445400.000000
2023-08-16,32.669224,32.924377,32.332231,32.341858,3210200.000000
2023-08-17,32.351486,32.457399,31.706384,31.725641,4366300.000000
2023-08-18,31.542702,32.274464,31.542702,32.207066,2764700.000000
2023-08-21,32.139668,32.308165,31.831559,31.966356,3361300.000000
2023-08-22,31.937469,32.130038,31.590849,31.638990,2974800.000000
2023-08-23,31.687129,31.870068,31.629357,31.716013,2217200.000000
2023-08-24,31.542702,31.903768,31.191267,31.369394,4405000.000000
2023-08-25,31.484934,31.658246,31.037212,31.224966,2357500.000000
2023-08-28,31.417535,31.600473,31.273107,31.552332,3141400.000000
2023-08-29,31.581452,32.129807,31.513514,31.940552,4148000.000000
2023-08-30,32.027900,32.493760,31.950255,32.416119,3281200.000000
2023-08-31,32.440378,32.581107,32.047309,32.086132,4215200.000000
2023-09-01,32.086132,32.086132,30.038287,30.067402,7248400.000000
2023-09-05,29.989760,31.047652,29.989760,30.504148,5507000.000000
2023-09-06,30.329448,30.766193,30.242099,30.455618,4585800.000000
2023-09-07,30.494440,30.640021,29.897557,29.950937,3895500.000000
2023-09-08,29.989758,30.436209,29.950938,30.436209,2910400.000000
2023-09-11,30.436209,31.367929,30.397386,30.746782,3229100.000000
2023-09-12,30.727372,31.232054,30.552674,31.173820,3371600.000000
2023-09-13,31.193230,31.299991,30.387680,30.455618,4989600.000000
2023-09-14,30.756489,31.115590,30.683697,31.086472,3327700.000000
2023-09-15,31.105880,31.586297,30.892361,30.940887,7902500.000000
2023-09-18,30.872952,30.960301,30.489589,30.853542,2721200.000000
2023-09-19,30.882654,31.202935,30.835098,31.144701,3050100.000000
2023-09-20,31.193232,31.309696,30.222690,30.232395,4993900.000000
2023-09-21,30.242099,31.445573,30.164455,31.193230,5403400.000000
2023-09-22,31.222347,31.338814,30.421650,30.426504,3711500.000000
2023-09-25,30.407091,30.542966,30.066430,30.290625,2983500.000000
2023-09-26,30.028584,30.504150,29.912118,30.038290,3016100.000000
2023-09-27,30.077104,30.232391,29.650065,30.009167,2935000.000000
2023-09-28,30.009170,30.591496,29.980053,30.222689,2761300.000000
2023-09-29,30.397384,30.630314,30.169306,30.280920,2524600.000000
2023-10-02,30.164455,30.266362,29.727710,29.941231,3780200.000000
2023-10-03,29.805354,29.844177,29.203619,29.310379,3417300.000000
2023-10-04,29.320083,29.553014,28.839665,29.417137,2729100.000000
2023-10-05,29.426843,29.616099,29.009510,29.310379,2131900.000000
2023-10-06,29.067743,29.601541,28.980394,29.485075,3092900.000000
2023-10-09,29.320084,30.154751,29.232737,30.067402,2939300.000000
2023-10-10,30.154752,30.484737,30.081963,30.348862,2084900.000000
2023-10-11,30.445913,30.717664,30.140192,30.271215,1992800.000000
2023-10-12,30.377975,30.377975,29.722859,29.844177,1919600.000000
2023-10-13,29.980056,30.174165,29.856798,30.038290,2717600.000000
2023-10-16,30.154750,30.911773,30.154750,30.688549,2489800.000000
2023-10-17,30.581790,31.173820,30.508999,30.970007,2210200.000000
2023-10-18,30.834129,31.086468,30.572082,30.630314,2099400.000000
2023-10-19,30.707958,30.717664,29.926671,29.941231,2869100.000000
2023-10-20,29.941232,30.067402,29.688891,29.718008,2109600.000000
2023-10-23,29.747123,30.009169,29.504487,29.601542,1834600.000000
2023-10-24,29.785947,30.002377,29.436551,29.553017,1612600.000000
2023-10-25,29.533606,29.747124,29.320085,29.358908,2742100.000000
2023-10-26,29.320083,29.349200,28.640705,28.922161,2908100.000000
2023-10-27,28.863929,29.150239,28.524239,28.572767,2259700.000000
2023-10-30,28.718348,28.878486,28.504829,28.718348,3635300.000000
2023-10-31,28.795992,29.591836,28.747465,29.494781,5738900.000000
2023-11-01,29.514193,29.679185,29.164797,29.562719,3959800.000000
2023-11-02,28.262197,30.494444,27.820601,30.038290,5421900.000000
2023-11-03,30.154749,31.785261,29.931525,30.882656,4111200.000000
2023-11-06,30.785601,30.882656,30.174161,30.377974,2626100.000000
2023-11-07,30.387681,30.460473,30.014022,30.028582,3621100.000000
2023-11-08,29.921819,29.921819,29.504486,29.630657,4731200.000000
2023-11-09,30.484734,30.717664,28.771728,28.805696,4888900.000000
2023-11-10,28.863928,29.388022,28.766874,29.242439,3625000.000000
2023-11-13,29.009510,29.164796,28.558207,28.718348,2443900.000000
2023-11-14,29.300676,29.635512,29.179358,29.203621,3156900.000000
2023-11-15,29.203619,29.737416,29.203619,29.572424,3129400.000000
2023-11-16,29.659774,29.815061,28.941573,29.193914,8912200.000000
2023-11-17,29.436551,29.591837,29.247295,29.465668,3644300.000000
2023-11-20,29.494782,29.941232,29.383169,29.737417,5725100.000000
2023-11-21,29.766533,29.960642,29.334642,29.417137,7439200.000000
2023-11-22,29.485077,29.611249,29.232738,29.465668,5662900.000000
2023-11-24,29.572424,29.727711,29.533603,29.572424,1442700.000000
2023-11-27,29.475369,29.543307,29.232734,29.329786,4520000.000000
2023-11-28,29.271556,29.378317,28.927014,28.980394,3488700.000000
2023-11-29,29.058037,29.189060,28.495122,28.708641,4236900.000000
2023-11-30,28.718347,28.893045,28.417480,28.669821,6639100.000000
2023-12-01,28.728053,29.494781,28.669821,29.310379,5337000.000000
2023-12-04,29.213327,29.465668,29.087155,29.358908,5883400.000000
2023-12-05,29.320083,29.320083,28.174845,28.611588,4966000.000000
2023-12-06,28.689231,28.805697,28.301014,28.349541,3936400.000000
2023-12-07,28.378658,28.718348,28.310721,28.466007,3705800.000000
2023-12-08,28.524237,29.271555,28.495122,29.058037,5149500.000000
2023-12-11,29.077448,29.184208,28.737760,28.815403,2993800.000000
2023-12-12,28.883340,28.922161,28.126317,28.242783,2965100.000000
2023-12-13,28.126318,28.728056,27.888537,28.679527,4047900.000000
2023-12-14,29.087155,29.844179,28.936722,29.184210,5498700.000000
2023-12-15,29.223029,29.358904,28.660114,28.902750,10703700.000000
2023-12-18,29.077450,29.135684,28.631002,28.776583,4226900.000000
2023-12-19,28.844517,29.087153,28.732905,29.067743,3781600.000000
2023-12-20,29.087154,29.184208,28.529093,28.572767,3223000.000000
2023-12-21,28.679528,29.135685,28.480567,29.087156,3759000.000000
2023-12-22,29.203620,29.431698,28.713495,28.931868,2640600.000000
2023-12-26,28.873634,29.038626,28.553355,28.999804,2209800.000000
2023-12-27,28.951279,29.087155,28.776581,28.825109,1869700.000000
2023-12-28,28.844517,29.058037,28.771727,28.863928,1779500.000000
2023-12-29,28.815403,28.917310,28.597031,28.795992,2127500.000000
2024-01-02,28.795992,29.611248,28.553357,29.349201,2889600.000000
2024-01-03,29.261851,29.523898,29.009510,29.116270,3485500.000000
2024-01-04,29.339496,29.407433,28.922162,29.174503,2937400.000000
2024-01-05,29.184208,29.611247,29.082302,29.252146,2268400.000000
2024-01-08,29.213325,29.718008,29.125976,29.650068,2366100.000000
2024-01-09,29.485074,29.635509,29.281261,29.368610,2556200.000000
2024-01-10,29.290969,29.907264,28.951279,29.766535,5144700.000000
2024-01-11,29.795648,30.038284,29.485073,29.989756,5670800.000000
2024-01-12,30.038287,30.329449,29.902410,30.222689,3199100.000000
2024-01-16,30.009170,30.115930,29.611247,29.844177,3765200.000000
2024-01-17,29.601542,30.067402,29.494782,29.737417,2584600.000000
2024-01-18,29.873295,30.115930,29.567573,29.960644,3201900.000000
2024-01-19,30.096519,30.193574,29.679186,30.115931,2688500.000000
2024-01-22,30.261513,30.513854,30.154752,30.348862,2493500.000000
2024-01-23,30.484733,30.766192,30.271215,30.591494,2872500.000000
2024-01-24,30.834131,30.853543,30.377975,30.484735,1741800.000000
2024-01-25,30.756488,31.280580,30.707960,31.183527,2876200.000000
2024-01-26,31.280580,31.358225,31.120439,31.270876,1707800.000000
2024-01-29,31.222345,31.421308,31.115589,31.397043,2240900.000000
2024-01-30,31.329105,31.501863,31.207787,31.348516,1844900.000000
2024-01-31,31.397043,31.828934,31.193230,31.348516,3525400.000000
2024-02-01,31.435863,31.542624,30.843834,31.455275,2634700.000000
2024-02-02,31.251463,31.358224,30.795307,30.863245,2561400.000000
2024-02-05,30.620611,30.838983,30.465324,30.484735,3565500.000000
2024-02-06,30.397385,30.872951,30.290625,30.688549,4481400.000000
2024-02-07,31.901727,31.989076,28.533945,28.601883,7922800.000000
2024-02-08,28.873634,28.980395,27.675014,27.932209,7354100.000000
2024-02-09,28.038969,28.975543,27.893388,28.893047,6355500.000000
2024-02-12,28.854224,29.669480,28.825109,29.543310,5056500.000000
2024-02-13,29.155093,29.276411,28.422333,28.815403,3787300.000000
2024-02-14,28.922163,29.436551,28.766876,29.358908,3599700.000000
2024-02-15,29.368611,29.882999,29.349200,29.659773,4223600.000000
2024-02-16,29.591837,29.713154,29.281263,29.543310,2775500.000000
2024-02-20,29.388024,29.577280,29.174504,29.203621,2752900.000000
2024-02-21,29.164796,29.261851,28.645556,29.067743,3067500.000000
2024-02-22,29.009511,29.223031,28.747465,28.970690,2648500.000000
2024-02-23,29.127914,29.548160,28.795990,29.339493,3628700.000000
2024-02-26,29.203618,29.388022,28.708641,28.757168,2938000.000000
2024-02-27,28.834812,28.990100,28.616441,28.698936,2723500.000000
2024-02-28,28.660116,28.752317,28.519387,28.572767,2854800.000000
2024-02-29,28.766876,29.223032,28.689232,28.912458,5212100.000000
2024-03-01,28.970688,29.009508,28.368951,28.553354,3217400.000000
2024-03-04,28.417479,28.446594,27.563401,28.184549,3900500.000000
2024-03-05,28.047444,28.718273,27.831997,28.223721,4544700.000000
2024-03-06,28.174756,28.458755,27.699790,27.831997,4124200.000000
2024-03-07,27.851584,28.125790,27.758549,28.067032,4007200.000000
2024-03-08,28.115996,28.390203,28.076824,28.262894,3289400.000000
2024-03-11,28.311860,29.521309,28.311860,29.310757,3562000.000000
2024-03-12,29.379308,29.418481,28.683998,28.850479,2763700.000000
2024-03-13,28.889651,29.345030,28.889651,29.163858,3375900.000000
2024-03-14,29.075721,29.183444,28.537099,28.713375,3363900.000000
2024-03-15,28.684001,29.237310,28.684001,28.938620,5970300.000000
2024-03-18,29.065930,29.261791,28.737860,29.095308,2867400.000000
2024-03-19,29.144274,29.418482,29.002274,29.193239,2735000.000000
2024-03-20,29.056133,29.805305,28.919031,29.594753,3046700.000000
2024-03-21,29.731861,29.927722,29.438067,29.878757,2617700.000000
2024-03-22,29.947308,30.133378,29.266688,29.418482,1999300.000000
2024-03-25,29.565375,29.810203,29.447857,29.594753,3206000.000000
2024-03-26,29.722065,30.162753,29.526202,29.947306,3419300.000000
2024-03-27,30.182342,30.569170,30.010963,30.525101,3788900.000000
2024-03-28,30.593654,30.711172,30.294964,30.623034,4151200.000000
2024-04-01,30.623033,30.711171,30.294963,30.701378,2744400.000000
2024-04-02,30.662204,31.093101,30.290067,30.387999,2260900.000000
2024-04-03,30.387999,30.809100,30.187240,30.760136,2779900.000000
2024-04-04,30.916826,31.146964,30.446757,30.495722,3237800.000000
2024-04-05,30.574063,30.769926,30.309651,30.378202,6128200.000000
2024-04-08,30.309653,30.750341,30.103997,30.564272,3669700.000000
2024-04-09,30.574066,30.872756,30.417377,30.701378,3662600.000000
2024-04-10,30.290068,30.446757,29.952205,30.231310,2688600.000000
2024-04-11,30.241099,30.397790,29.736755,30.103996,2556500.000000
2024-04-12,29.966896,30.055034,29.438067,29.467447,2349200.000000
2024-04-15,29.467448,30.402689,29.398896,29.722069,4615300.000000
2024-04-16,29.682892,29.966893,29.457651,29.771030,3131000.000000
2024-04-17,30.006066,30.113791,29.673101,29.829790,2107200.000000
2024-04-18,29.996274,30.270482,29.761240,30.133379,2029300.000000
2024-04-19,30.250894,30.867860,30.231309,30.740549,2436800.000000
2024-04-22,30.946204,30.946204,30.588756,30.750341,2431700.000000
2024-04-23,30.828686,31.146962,30.711169,31.053926,1972000.000000
2024-04-24,30.887446,31.181238,30.725858,31.053926,2394800.000000
2024-04-25,30.779722,31.122481,30.618135,31.024549,2392300.000000
2024-04-26,30.867859,31.034342,30.436962,30.564272,3166000.000000
2024-04-29,30.632827,31.014758,30.574067,30.916826,2564700.000000
2024-04-30,30.818892,30.897237,30.275376,30.368410,3475800.000000
2024-05-01,30.309654,30.872757,30.309654,30.681791,2258100.000000
2024-05-02,30.838480,31.024550,30.525101,31.004963,2011300.000000
2024-05-03,31.220409,31.470133,31.073513,31.445652,2587700.000000
2024-05-06,31.700270,31.896133,31.475029,31.886341,2612200.000000
2024-05-07,31.827582,32.087099,31.592546,31.651306,4354700.000000
2024-05-08,31.710066,32.542478,31.053926,32.473927,4277800.000000
2024-05-09,33.071306,33.443444,32.522891,32.630615,4287800.000000
2024-05-10,32.777514,33.046822,32.566962,32.718754,2488200.000000
2024-05-13,32.797103,33.110482,32.454342,32.493515,3073900.000000
2024-05-14,32.718756,32.904824,32.503307,32.620827,2627200.000000
2024-05-15,32.689377,32.767720,32.238891,32.278065,2463200.000000
2024-05-16,32.101786,32.317236,31.778616,32.003857,3927700.000000
2024-05-17,32.052822,32.189924,31.827581,32.170338,2229200.000000
2024-05-20,32.121374,32.375997,31.964685,32.307446,1908600.000000
2024-05-21,32.307450,32.596345,32.160552,32.189930,2204600.000000
2024-05-22,32.003856,32.346613,31.837371,32.327026,2280500.000000
2024-05-23,32.229097,32.586547,31.984270,32.287857,2546500.000000
2024-05-24,32.473929,32.934206,32.376000,32.914619,2045400.000000
2024-05-28,32.885239,33.159445,32.645305,32.806892,2546900.000000
2024-05-29,32.806894,33.291651,32.581653,33.110481,3043600.000000
2024-05-30,33.188824,33.864550,32.904823,33.560963,3409700.000000
2024-05-31,33.580549,34.079995,33.399375,33.717651,5502300.000000
2024-06-03,33.913510,34.275854,33.707852,34.089787,2853900.000000
2024-06-04,33.923306,34.315032,33.786203,33.805790,3276400.000000
2024-06-05,33.884131,34.031029,33.570752,33.913513,2757700.000000
2024-06-06,33.795998,34.187724,33.560966,33.639309,2714300.000000
2024-06-07,33.394483,33.908622,33.355313,33.404278,2413600.000000
2024-06-10,33.198620,33.321034,32.757930,32.992962,3236900.000000
2024-06-11,32.816685,33.071307,32.620826,32.650204,3165800.000000
2024-06-12,32.914621,32.963586,32.473931,32.728550,2312000.000000
2024-06-13,32.513100,32.708963,32.395584,32.640411,2204700.000000
2024-06-14,32.444550,32.669791,32.248687,32.493515,2410100.000000
2024-06-17,32.513102,32.777516,32.082203,32.748135,3176300.000000
2024-06-18,32.826477,33.306337,32.806890,32.865650,2789700.000000
2024-06-20,32.865657,33.698069,32.806897,33.639309,3676500.000000
2024-06-21,33.678477,33.923304,33.492409,33.747028,5569300.000000
2024-06-24,33.580547,33.825375,33.316133,33.747028,1941400.000000
2024-06-25,33.893929,34.158344,33.600137,33.903721,2879600.000000
2024-06-26,33.629512,33.840064,33.286755,33.707855,2692800.000000
2024-06-27,33.707855,33.717650,33.120270,33.374893,2208200.000000
2024-06-28,33.590338,33.854753,33.521787,33.658890,2919300.000000
2024-07-01,33.795993,34.153443,33.374893,33.414062,2378600.000000
2024-07-02,33.384686,33.776412,33.139859,33.766617,3082700.000000
2024-07-03,33.844964,34.109378,33.781306,34.060410,1599900.000000
2024-07-05,34.011442,34.109375,33.683374,33.825375,2677100.000000
2024-07-08,34.011444,34.040822,33.776412,33.805790,2053000.000000
2024-07-09,33.639308,34.540276,33.639308,34.461929,2377000.000000
2024-07-10,34.569647,34.755718,34.452131,34.589233,1767900.000000
2024-07-11,34.765512,35.157237,34.696960,34.902615,1913900.000000
2024-07-12,35.020135,35.372687,34.961379,34.990757,1533700.000000
2024-07-15,35.049514,35.548960,34.961376,35.245377,2844400.000000
2024-07-16,35.353096,36.116960,35.274753,35.970062,2818000.000000
2024-07-17,35.891723,36.724136,35.255170,36.675171,3206800.000000
2024-07-18,36.596823,37.164825,36.312826,36.332409,2395400.000000
2024-07-19,36.312826,36.459720,36.058203,36.126755,1900700.000000
2024-07-22,36.156131,36.332407,35.695858,36.273651,2300900.000000
2024-07-23,36.165929,36.386272,35.744825,36.303032,2073000.000000
2024-07-24,36.312825,36.542960,36.058202,36.322617,1634900.000000
2024-07-25,36.351997,36.635998,36.185516,36.303032,2443500.000000
2024-07-26,36.479306,36.910201,36.205100,36.733925,1851400.000000
2024-07-29,36.871030,37.106062,36.645785,37.008133,1576800.000000
2024-07-30,37.057101,37.752411,36.988550,37.625099,1921400.000000
2024-07-31,37.546756,37.654481,37.243169,37.252964,1982500.000000
2024-08-01,37.468408,37.664271,36.924894,36.988548,2462700.000000
2024-08-02,37.008131,37.194199,36.430338,36.538063,2132500.000000
2024-08-05,36.019028,36.273651,35.343305,35.607719,3708900.000000
2024-08-06,36.097378,38.178413,36.087583,38.007034,5089000.000000
2024-08-07,38.369374,38.986340,38.016822,38.418339,3467500.000000
2024-08-08,38.281242,38.672968,37.723036,38.486897,2743800.000000
2024-08-09,38.614203,38.712133,38.359580,38.516273,2618700.000000
2024-08-12,38.477101,38.653377,37.987446,38.026619,2456200.000000
2024-08-13,38.104964,38.374276,38.046204,38.173515,2814600.000000
2024-08-14,38.055995,38.388961,38.046200,38.251858,2517400.000000
2024-08-15,38.643577,38.800267,38.016819,38.183304,2453100.000000
2024-08-16,38.947172,39.015724,38.628896,38.721931,3230000.000000
2024-08-19,38.761104,39.010825,38.643584,38.878620,2646400.000000
2024-08-20,38.731717,39.289924,38.682753,39.240959,2322800.000000
2024-08-21,39.231172,39.583720,39.128345,39.573929,1662500.000000
2024-08-22,39.662065,40.063582,39.573927,39.926479,2412200.000000
2024-08-23,40.043998,40.308412,39.906895,40.161514,1590000.000000
2024-08-26,40.171308,40.538550,40.132135,40.230068,1902300.000000
2024-08-27,40.151718,40.259443,39.999926,40.190891,1675900.000000
2024-08-28,40.171310,40.470000,40.137035,40.376965,1515700.000000
2024-08-29,40.337788,40.558135,40.181099,40.220272,1802400.000000
2024-08-30,40.337789,40.567927,40.181099,40.514065,2377400.000000
2024-09-03,40.406336,40.567923,40.014614,40.181095,3745000.000000
2024-09-04,40.250103,40.989451,40.245173,40.595131,2554800.000000
2024-09-05,40.733143,40.812009,39.821282,39.845924,2234000.000000
2024-09-06,39.836070,40.121952,39.560048,39.737492,2558100.000000
2024-09-09,39.510759,39.875503,39.185445,39.491043,4603300.000000
2024-09-10,39.431890,39.619190,39.224874,39.323452,2429300.000000
2024-09-11,39.254449,39.303738,38.411593,38.840416,2862900.000000
2024-09-12,38.948853,38.958713,38.165146,38.357376,2407000.000000
2024-09-13,38.524961,39.121368,38.524961,39.096722,2987500.000000
2024-09-16,39.008000,39.500899,38.786197,39.146011,3128800.000000
2024-09-17,39.175588,40.284610,39.175588,39.954365,2947000.000000
2024-09-18,39.895218,40.555700,39.865641,40.023369,3579800.000000
2024-09-19,40.368401,40.388117,39.796637,39.905075,2871100.000000
2024-09-20,40.220533,40.614853,39.629056,39.638912,15009400.000000
2024-09-23,39.865644,40.540917,39.717777,40.526131,5505400.000000
2024-09-24,40.535987,41.842169,40.476842,41.718945,4366900.000000
2024-09-25,41.649940,41.778094,41.132394,41.383774,4046800.000000
2024-09-26,41.413344,41.748515,41.275333,41.699226,4166900.000000
2024-09-27,41.827378,42.029465,41.580929,41.669651,1858600.000000
2024-09-30,41.728802,41.910187,41.502065,41.728802,2410300.000000
2024-10-01,41.630223,41.935821,41.048602,41.718945,2128300.000000
2024-10-02,41.472493,41.866813,41.324622,41.393631,2033500.000000
2024-10-03,41.295049,41.403487,40.959877,41.304909,2127600.000000
2024-10-04,41.462636,41.718941,41.176754,41.216187,1613000.000000
2024-10-07,41.216185,41.216185,40.545843,41.028881,1985100.000000
2024-10-08,40.871154,41.235902,40.723287,40.989452,2455300.000000
2024-10-09,40.910589,41.354199,40.881017,41.147182,1847500.000000
2024-10-10,41.088029,41.117602,40.654280,40.762714,1588200.000000
2024-10-11,40.890873,41.206327,40.762718,40.802151,1797800.000000
2024-10-14,40.969741,41.019030,40.713431,40.959881,1242900.000000
2024-10-15,41.048601,41.645008,40.969739,41.235905,2177100.000000
2024-10-16,41.186611,41.595718,41.147182,41.482353,1286500.000000
2024-10-17,41.364056,41.990040,41.359130,41.965393,1667400.000000
2024-10-18,42.241414,42.241414,41.773162,41.866814,1275800.000000
2024-10-21,41.778089,41.925956,41.349266,41.452774,1578100.000000
2024-10-22,41.462639,41.728804,41.423206,41.630222,1236400.000000
2024-10-23,41.531642,41.778091,41.235904,41.265476,1626400.000000
2024-10-24,41.324620,41.423202,40.999309,41.117603,3851900.000000
2024-10-25,41.502064,41.797806,41.033811,41.117603,1354700.000000
2024-10-28,41.423205,41.541500,41.176756,41.413345,2027300.000000
2024-10-29,41.413348,41.625295,41.166899,41.403492,2425100.000000
2024-10-30,41.393627,41.768227,41.176750,41.433056,2748100.000000
2024-10-31,41.541503,41.758380,41.255621,41.403492,2729900.000000
2024-11-01,41.492211,41.600649,41.186612,41.285194,2934400.000000
2024-11-04,44.981934,45.169234,42.093548,42.389286,5996100.000000
2024-11-05,42.537157,43.286361,42.172409,42.980762,7832700.000000
2024-11-06,44.449604,44.903070,43.725042,44.834064,6281400.000000
2024-11-07,44.617185,44.873494,43.897553,44.035564,3742300.000000
2024-11-08,43.808837,44.341168,43.522958,43.966564,4643600.000000
2024-11-11,44.094713,45.159376,44.094713,45.139660,3728100.000000
2024-11-12,45.208664,46.300926,45.070653,46.233894,3651800.000000
2024-11-13,46.440915,46.440915,45.484690,46.066311,2518100.000000
2024-11-14,46.411340,46.909165,46.317688,46.805656,3787700.000000
2024-11-15,46.835227,46.894376,44.922781,44.991787,8087900.000000
2024-11-18,44.863636,45.201767,44.656619,44.735485,6035200.000000
2024-11-19,44.380597,45.124875,44.183436,45.110085,4026400.000000
2024-11-20,45.031221,45.188949,44.617184,45.050938,4910700.000000
2024-11-21,45.050940,46.145176,44.834064,45.977589,2511000.000000
2024-11-22,45.957868,46.421194,45.859290,46.184601,1967600.000000
2024-11-25,46.470484,46.534563,45.188948,45.425541,6238300.000000
2024-11-26,45.632560,45.652276,45.257956,45.494549,3916800.000000
2024-11-27,45.504405,46.243753,45.405827,46.046593,2103900.000000
2024-11-29,46.164889,46.682430,46.086024,46.450768,1456900.000000
2024-12-02,46.450771,46.460631,45.972659,46.105743,3322300.000000
2024-12-03,46.155027,46.302898,45.554676,45.750851,3142900.000000
2024-12-04,45.750856,45.805075,45.435401,45.642418,2542900.000000
2024-12-05,45.593125,46.017019,45.533976,45.987446,5140200.000000
2024-12-06,45.987446,46.371907,45.740997,46.332474,4230700.000000
2024-12-09,46.509918,46.559207,45.134731,45.573410,4293000.000000
2024-12-10,45.524118,46.081092,45.484685,45.711418,4985500.000000
2024-12-11,45.819857,45.869146,45.257953,45.415680,3279700.000000
2024-12-12,45.622698,46.899307,45.563553,46.667645,4106200.000000
2024-12-13,46.588783,46.995919,46.332477,46.411343,2063200.000000
2024-12-16,46.460630,46.623284,45.405827,46.391624,5059400.000000
2024-12-17,47.012672,48.599807,46.652858,48.373074,6273500.000000
2024-12-18,48.757535,49.910920,48.580091,48.727962,7955900.000000
2024-12-19,48.491371,48.856119,47.717520,48.146343,6316500.000000
2024-12-20,48.274494,48.925120,47.535146,48.826538,9511700.000000
2024-12-23,48.540660,49.122281,48.023115,48.747677,2306600.000000
2024-12-24,48.895546,49.289867,48.678673,49.280010,1324400.000000
2024-12-26,48.954696,49.403236,48.905407,49.122284,1591400.000000
2024-12-27,49.122279,49.161708,48.481509,48.767391,1255400.000000
2024-12-30,48.580093,48.580093,47.840745,48.146343,1692400.000000
2024-12-31,48.018185,48.323783,47.855527,47.890034,1490800.000000
2025-01-02,48.156198,48.520945,47.909748,48.294212,2118700.000000
2025-01-03,48.422362,48.747677,47.614008,48.619522,2605000.000000
2025-01-06,48.747677,49.570817,48.747677,48.925121,3114600.000000
2025-01-07,48.925120,49.255361,48.402645,48.530800,2672900.000000
2025-01-08,48.471654,48.511087,47.756953,48.274498,2251300.000000
2025-01-10,48.028048,48.067477,46.845091,47.505573,3441100.000000
2025-01-13,47.278840,48.003402,47.278840,47.505573,2223200.000000
2025-01-14,48.047763,48.530802,47.712592,48.126625,4287800.000000
2025-01-15,48.402649,48.525874,47.742167,47.850605,3491200.000000
2025-01-16,47.909750,48.269568,47.584439,47.633728,2700900.000000
2025-01-17,47.998474,48.156202,47.298559,47.318275,3970500.000000
2025-01-21,47.032388,47.382346,46.677501,47.219692,4703900.000000
2025-01-22,47.180258,47.623867,46.904236,47.456280,4045000.000000
2025-01-23,47.535148,47.898907,47.416850,47.870319,3504300.000000
2025-01-24,47.850602,48.402646,47.618939,48.373074,3297800.000000
2025-01-27,48.220276,49.940491,48.166057,49.437737,2985800.000000
2025-01-28,49.309584,49.792622,49.220862,49.329300,2907700.000000
2025-01-29,49.664467,50.152436,49.339153,49.713757,2256200.000000
2025-01-30,49.733475,50.354529,49.516599,50.295380,2975700.000000
2025-01-31,50.551684,51.300892,50.329881,50.453106,3812600.000000
2025-02-03,49.881345,51.394544,49.782767,51.212173,6947700.000000
2025-02-04,54.642741,54.765966,52.385264,53.863960,6961000.000000
2025-02-05,53.982260,54.189281,52.621863,53.755527,4346400.000000
2025-02-06,53.972405,53.972405,52.424703,52.483852,3469100.000000
2025-02-07,52.740160,53.016182,51.986026,52.040245,2976700.000000
2025-02-10,52.247256,53.203481,51.241743,52.493706,3312700.000000
2025-02-11,52.404985,52.838734,52.296546,52.631718,2290000.000000
2025-02-12,52.621859,54.115341,52.326120,53.923111,5126500.000000
2025-02-13,53.814678,54.711753,53.489363,54.662464,2990100.000000
2025-02-14,55.027205,55.066638,54.356862,54.839905,3521200.000000
2025-02-18,54.839910,55.569398,54.455449,55.490536,5058100.000000
2025-02-19,55.362378,56.900223,55.234223,56.643913,8093400.000000
2025-02-20,56.496047,56.712919,55.786271,56.565052,4699200.000000
2025-02-21,56.574909,57.294540,56.121443,56.141159,4256300.000000
2025-02-24,56.348177,57.550851,56.229882,57.176247,4754600.000000
2025-02-25,57.329043,57.329043,55.727122,56.101727,5553100.000000
2025-02-26,56.367890,57.462125,55.973569,56.032719,4417800.000000
2025-02-27,56.239735,56.712918,55.460955,55.608826,3290900.000000
2025-02-28,56.032721,56.969229,55.845421,56.781925,5383700.000000
2025-03-03,56.535475,57.905737,56.052437,56.220020,4291700.000000
2025-03-04,56.091866,56.180588,54.871447,55.421524,3482800.000000
2025-03-05,55.540396,55.877185,55.035215,55.807846,3226700.000000
2025-03-06,55.599828,55.867278,54.361634,54.847004,3817300.000000
2025-03-07,54.599365,55.352188,53.826733,55.144169,4586400.000000
2025-03-10,54.440876,54.688515,53.272022,53.608810,3852300.000000
2025-03-11,53.608812,53.797020,52.222038,52.222038,3899700.000000
2025-03-12,52.786653,52.994669,51.290914,51.815910,4476600.000000
2025-03-13,51.617800,51.984304,50.448945,50.557907,4500900.000000
2025-03-14,50.919455,51.855529,50.736205,51.786190,3365300.000000
2025-03-17,51.687139,52.192320,51.568273,51.964493,2515400.000000
2025-03-18,51.865439,51.984304,51.320634,51.885250,3036800.000000
2025-03-19,51.806002,52.469676,51.657421,52.439957,2639500.000000
2025-03-20,52.241851,52.771797,52.053643,52.707409,2946000.000000
2025-03-21,52.499391,53.539473,52.222037,52.895615,16692500.000000
2025-03-24,53.519658,53.626640,52.454815,52.885704,3738000.000000
2025-03-25,53.034294,54.554795,52.836182,54.440880,5313800.000000
2025-03-26,54.440876,55.154077,54.361634,54.688515,3709200.000000
2025-03-27,54.460687,54.827191,54.193237,54.401253,2928500.000000
2025-03-28,54.579551,54.985678,53.866354,54.213047,3149300.000000
2025-03-31,54.411163,56.332838,54.064471,56.065388,10299200.000000
2025-04-01,55.778129,56.095106,54.861863,55.292755,4094700.000000
2025-04-02,55.035212,56.590382,55.035212,56.501232,3531600.000000
2025-04-03,55.233318,55.659257,51.276054,51.340443,6555400.000000
2025-04-04,50.068571,51.736663,49.072073,49.260277,5844200.000000
2025-04-07,46.921575,50.161678,46.387668,48.091419,8048400.000000
2025-04-08,49.894233,49.894233,46.605592,47.001816,5742100.000000
2025-04-09,46.813607,51.355303,46.605592,51.023464,6581000.000000
2025-04-10,50.369697,50.686674,47.804161,49.052261,4544800.000000
2025-04-11,49.052262,49.577254,47.888361,48.428211,4433400.000000
2025-04-14,48.839291,49.973476,48.839291,49.062164,3920200.000000
2025-04-15,49.081977,49.978432,48.774908,49.587162,4280800.000000
2025-04-16,49.389051,49.448481,47.338603,47.804161,3681100.000000
2025-04-17,48.071611,48.220196,47.447564,47.516903,3921600.000000
2025-04-21,47.328696,47.863596,45.981541,46.764080,3836900.000000
2025-04-22,47.675390,47.823970,47.140489,47.744728,2790200.000000
2025-04-23,48.636225,49.710979,48.061705,48.200382,2884100.000000
2025-04-24,47.952745,48.918534,47.576333,48.556984,2670400.000000
2025-04-25,48.685757,48.943300,48.200384,48.883865,2770700.000000
2025-04-28,49.081978,49.389051,48.675850,49.042355,2681800.000000
2025-04-29,48.695663,49.339524,48.403451,49.161224,2480500.000000
2025-04-30,48.695663,49.453437,47.675393,49.319714,3624200.000000
2025-05-01,49.181035,49.181035,48.396516,48.755096,3370900.000000
2025-05-02,49.012639,50.023005,48.938347,49.002735,3737300.000000
2025-05-05,48.031992,49.091885,47.209830,48.794716,4424300.000000
2025-05-06,48.438117,49.190937,48.428209,49.072071,3099200.000000
2025-05-07,49.537631,50.389509,49.413812,50.330078,4209300.000000
2025-05-08,50.488564,50.944218,49.894229,49.943756,3007800.000000
2025-05-09,50.310269,50.434088,49.557445,49.765465,5679900.000000
2025-05-12,53.172970,53.202686,51.528650,51.924870,8549900.000000
2025-05-13,52.261656,54.946062,51.845625,54.718235,8488100.000000
2025-05-14,54.430971,54.787571,53.697959,54.123898,5167000.000000
2025-05-15,54.232864,55.134269,54.183337,54.936157,4531200.000000
2025-05-16,54.946062,55.560204,54.698423,55.550301,3573100.000000
2025-05-19,55.213514,55.342283,54.921298,55.282852,2555600.000000
2025-05-20,55.282850,56.263497,55.193700,55.966331,3943800.000000
2025-05-21,55.500768,55.669164,54.480498,54.619175,3535000.000000
2025-05-22,54.619178,54.817290,54.074374,54.460690,3556400.000000
2025-05-23,54.084280,54.569653,53.834661,54.520126,2906700.000000
2025-05-27,54.896534,55.312568,54.549841,55.272945,3257900.000000
2025-05-28,55.381906,56.025768,55.253132,55.619640,2756200.000000
2025-05-29,55.619638,55.728596,53.638529,54.232861,3040500.000000
2025-05-30,54.252674,54.589463,53.797020,54.421066,7009600.000000
2025-06-02,54.193236,55.124360,53.648432,54.619175,3757100.000000
2025-06-03,54.619178,54.995590,54.123901,54.747952,3262100.000000
2025-06-04,54.688517,54.960921,53.351269,53.509758,3365900.000000
2025-06-05,53.717771,54.292294,53.232401,53.331455,4688900.000000
2025-06-06,53.688057,53.886168,53.281929,53.856449,2928600.000000
2025-06-09,53.757397,55.609733,53.489947,53.589001,3671300.000000
2025-06-10,53.559281,54.406205,53.311643,54.213047,2831900.000000
2025-06-11,54.213050,54.267530,53.856449,54.143711,2022200.000000
2025-06-12,54.232862,54.470596,52.459768,53.311646,3983800.000000
2025-06-13,52.964953,53.470135,52.890661,53.182873,2355500.000000
2025-06-16,53.737585,54.797478,53.301742,54.797478,3449500.000000
2025-06-17,54.678611,54.832146,52.955044,53.569191,5924700.000000
2025-06-18,53.549379,54.648891,53.331456,54.193237,3135800.000000
2025-06-20,54.777665,55.441338,54.430972,54.728138,11033100.000000
2025-06-23,54.678612,55.589920,54.052581,55.550301,3327800.000000
2025-06-24,55.892041,55.892041,55.188748,55.372002,2749500.000000
2025-06-25,55.421528,55.857371,54.847005,55.461151,2207900.000000
2025-06-26,55.461153,56.273407,55.352191,56.144634,2558900.000000
2025-06-27,56.461613,56.748875,55.936620,56.253597,3783000.000000
2025-06-30,56.451705,56.659720,54.757854,55.510677,4108900.000000
2025-07-01,55.233318,56.025765,55.084737,55.441338,5648000.000000
2025-07-02,55.471053,55.758315,54.232860,54.609272,3520400.000000
2025-07-03,54.807384,58.140598,54.733092,55.718693,3647000.000000
2025-07-07,55.411621,55.570110,54.143713,54.331917,3078900.000000
2025-07-08,54.450783,54.718233,54.227906,54.569649,2892600.000000
2025-07-09,54.812334,54.955965,54.381445,54.688515,2071600.000000
2025-07-10,54.926252,56.491326,54.549840,56.194160,5008300.000000
2025-07-11,56.095102,56.610191,54.272481,54.589458,2322900.000000
2025-07-14,54.530026,55.466100,54.490403,55.431431,2546200.000000
2025-07-15,55.243226,56.055481,55.045115,55.104549,3471100.000000
2025-07-16,55.134264,55.302660,54.173425,55.154076,2887100.000000
2025-07-17,55.154076,55.946519,55.025303,55.857368,2753800.000000
2025-07-18,56.065385,56.144632,55.540393,55.718693,2159900.000000
2025-07-21,55.718695,55.966334,54.242767,54.946064,2703700.000000
2025-07-22,55.114454,55.926709,54.757854,55.381905,2683900.000000
2025-07-23,55.411619,56.184254,55.292753,55.936615,1847600.000000
2025-07-24,55.936618,56.253595,55.530491,55.738506,2446800.000000
2025-07-25,55.986143,56.308074,55.545346,56.134724,2413100.000000
2025-07-28,56.154533,56.543823,55.748406,55.867275,2303900.000000
2025-07-29,55.956431,55.981193,55.015403,55.391811,2357500.000000
2025-07-30,55.490869,55.649358,54.738046,54.936157,3219500.000000
2025-07-31,54.985680,55.476007,54.827191,55.233318,2930600.000000
2025-08-01,54.955965,55.084738,54.203146,55.015400,3918700.000000
2025-08-04,55.550299,56.704292,55.233318,56.441795,6540100.000000
2025-08-05,57.377873,57.452165,53.836640,54.371540,9597100.000000
2025-08-06,54.143715,54.222961,52.548921,53.688061,5175700.000000
2025-08-07,54.005034,54.153615,53.168014,53.361172,3335900.000000
2025-08-08,53.450323,53.816831,53.202685,53.509758,3558200.000000
2025-08-11,53.697960,54.099137,53.351268,53.985222,3204300.000000
2025-08-12,54.292295,55.639446,54.162532,55.599827,2842900.000000
2025-08-13,55.788032,58.561584,55.718694,58.561584,4095200.000000
2025-08-14,58.472433,59.413460,58.269371,59.324310,4004000.000000
2025-08-15,59.393651,59.671009,57.679992,57.808765,4439100.000000
2025-08-18,57.838480,57.897915,56.828114,57.026226,2456700.000000
2025-08-19,57.164900,58.155454,56.986600,57.600746,2148800.000000
2025-08-20,57.699805,58.561587,57.610655,58.413006,3364800.000000
2025-08-21,58.224793,58.660639,58.096023,58.472431,2012000.000000
2025-08-22,58.819130,59.666054,58.531868,58.858749,2847100.000000
2025-08-25,58.650736,59.344125,58.422909,59.205448,2526200.000000
2025-08-26,59.245066,59.373836,58.140597,58.512054,3494400.000000
2025-08-27,58.383282,58.987521,58.333755,58.957806,2129000.000000
2025-08-28,59.007334,59.007334,58.502153,58.898373,1775500.000000
2025-08-29,58.997431,59.428320,58.764650,59.136108,2455300.000000
2025-09-02,58.819130,60.522881,58.634886,60.473354,3470700.000000
2025-09-03,60.423599,60.980863,59.657358,59.786724,2506900.000000
2025-09-04,60.234525,60.572865,59.672284,60.513161,3028700.000000
2025-09-05,60.254428,61.214717,60.189746,61.199791,2103700.000000
2025-09-08,61.110230,62.383981,60.801742,62.175007,2066000.000000
2025-09-09,59.360813,59.527992,57.438245,58.353752,6434800.000000
2025-09-10,58.055215,58.055215,55.398247,56.910828,6682000.000000
2025-09-11,56.821269,58.741848,56.592392,58.443314,5408500.000000
2025-09-12,57.975606,58.841362,57.567607,57.965656,3542600.000000
2025-09-15,57.866148,58.642339,57.537757,58.483120,4956100.000000
2025-09-16,58.323899,58.483118,57.159608,57.189465,4168200.000000
2025-09-17,57.358634,59.448386,57.358634,58.930923,4669000.000000
2025-09-18,58.940871,60.214621,58.911018,59.547894,4296000.000000
2025-09-19,59.468283,60.811695,59.338920,60.324085,9054500.000000
2025-09-22,62.095400,62.175008,60.433550,62.115299,5934300.000000
2025-09-23,62.065542,62.543199,61.279401,61.309254,3610500.000000
2025-09-24,61.189843,61.368960,59.712091,59.866333,3920900.000000
2025-09-25,59.637455,60.742037,59.498139,59.935989,4171000.000000
2025-09-26,60.373841,61.080378,60.274331,60.851501,3308400.000000
2025-09-29,61.209740,62.662616,60.592768,62.573055,3831600.000000
2025-09-30,62.692470,64.981245,62.622812,62.752178,10146400.000000
2025-10-01,62.065543,62.249642,61.095304,61.587887,4188100.000000
2025-10-02,61.478425,62.254620,61.339109,61.757061,2054100.000000
2025-10-03,61.757057,62.304372,61.458519,61.657543,1977600.000000
2025-10-06,61.757060,62.045642,61.070426,61.080379,2152900.000000
2025-10-07,61.050521,61.956079,60.567892,61.209740,3082800.000000
2025-10-08,61.209742,61.299302,59.518043,59.866333,2641100.000000
2025-10-09,59.866334,59.985747,58.503023,58.582630,2517400.000000
2025-10-10,58.662240,58.980677,56.890926,56.990440,2795900.000000
2025-10-13,57.338731,57.905948,56.811319,57.816387,1762400.000000
2025-10-14,57.468096,57.965656,56.970537,57.826340,2238000.000000
2025-10-15,58.085070,58.194534,57.239221,57.269073,3248000.000000
2025-10-16,57.388484,57.716875,56.134636,56.721756,2568400.000000
2025-10-17,56.880976,57.915900,56.880976,57.786533,2552200.000000
2025-10-20,58.085071,58.294049,57.279027,57.896000,1855900.000000
2025-10-21,57.895999,58.687117,57.781559,58.443314,1613100.000000
2025-10-22,58.443314,59.159800,57.876097,58.294048,1876100.000000
2025-10-23,58.572678,59.020482,58.453265,58.522923,1820300.000000
2025-10-24,58.861264,59.756869,58.672190,59.090141,2943900.000000
2025-10-27,59.448383,61.010719,59.279211,60.970913,3495600.000000
2025-10-28,61.801837,61.856569,60.751987,60.811695,3150000.000000
2025-10-29,60.582819,61.075401,59.856383,60.513161,2937900.000000
2025-10-30,62.622808,66.235086,61.697348,65.190216,6256000.000000
2025-10-31,65.190222,65.190222,63.359200,64.334419,5501800.000000
2025-11-03,63.956265,64.583195,62.314322,63.309441,4202600.000000
2025-11-04,62.981052,64.637925,62.095397,64.214996,3779400.000000
2025-11-05,64.025921,65.324551,63.299489,64.463776,4906100.000000
2025-11-06,64.374219,65.802212,64.334413,65.389236,3889000.000000
2025-11-07,65.230024,66.314700,64.841929,65.647972,4029900.000000
2025-11-10,65.797244,66.842114,65.220073,66.205238,3276600.000000
2025-11-11,66.414208,66.887890,65.807185,66.115677,4037800.000000
2025-11-12,66.055970,66.772457,65.618123,66.384361,3316400.000000
2025-11-13,66.026114,66.314699,64.951384,65.120560,3507900.000000
2025-11-14,64.822022,65.220071,64.364268,64.523483,2642800.000000
2025-11-17,64.792173,65.787292,63.996075,64.234909,3581900.000000
2025-11-18,64.155293,65.488748,63.627877,64.642899,2736200.000000
2025-11-19,64.563286,65.309625,64.364265,64.463776,2080000.000000
2025-11-20,65.060848,65.468850,64.414027,64.822021,2670700.000000
2025-11-21,64.931484,66.021140,64.841927,65.369339,3151700.000000
2025-11-24,64.662807,64.981244,62.762127,63.986126,7055300.000000
2025-11-25,64.274701,64.772260,64.065727,64.414024,2384100.000000
2025-11-26,64.304566,65.210120,64.304566,64.732468,2159500.000000
2025-11-28,65.090710,65.369342,64.623003,65.180267,1391700.000000
2025-12-01,64.851872,66.553524,64.851872,66.065918,4117200.000000
2025-12-02,66.215191,66.409238,65.090709,65.926605,3361100.000000
2025-12-03,65.946504,67.001335,65.946504,66.125626,2744500.000000
2025-12-04,66.155488,67.548648,65.986312,67.459091,3557800.000000
2025-12-05,67.687959,68.902005,67.439179,68.066109,3768900.000000
2025-12-08,68.533818,69.290102,67.867082,68.872154,4508100.000000
2025-12-09,68.882111,70.285224,68.872157,69.956841,3148000.000000
2025-12-10,69.897123,71.618682,69.757807,71.389801,4824400.000000
2025-12-11,71.399756,72.345115,70.991754,71.469414,4557900.000000
2025-12-12,71.772928,72.185903,70.658392,70.752930,3345800.000000
2025-12-15,71.051470,72.603852,70.673320,70.882301,3497500.000000
2025-12-16,70.832537,71.200734,69.747854,70.016541,2607800.000000
2025-12-17,70.056348,71.101218,70.006589,70.822586,2738200.000000
2025-12-18,70.902194,71.588828,70.484246,70.912148,2456000.000000
2025-12-19,70.792733,71.957020,70.524054,71.419655,10659200.000000
2025-12-22,72.175945,74.265692,71.986870,73.260628,5134600.000000
2025-12-23,73.190974,73.837795,72.653609,73.350189,2718000.000000
2025-12-24,73.240725,73.589015,72.922288,73.549217,1067100.000000
2025-12-26,73.628817,74.146283,73.389991,73.937309,1248100.000000
2025-12-29,73.937308,74.310478,73.439749,73.459648,2530000.000000
2025-12-30,73.350186,73.847745,73.190971,73.340233,1514600.000000
2025-12-31,73.280527,73.582050,72.623753,72.713310,1462200.000000
2026-01-02,72.773019,73.673607,72.041606,73.399948,2235500.000000
2026-01-05,73.280532,75.937496,73.280532,75.300621,4409700.000000
2026-01-06,75.131449,75.997205,75.056818,75.738472,3233800.000000
2026-01-07,75.658861,75.957399,73.768134,74.663742,3221100.000000
2026-01-08,74.355260,75.633983,74.310481,75.320526,2625000.000000
2026-01-09,75.579251,76.017106,73.275557,73.320335,2408700.000000
2026-01-12,72.942194,73.778090,72.653609,73.598969,2465300.000000
2026-01-13,73.330289,73.618875,72.693414,72.872536,4054800.000000
2026-01-14,72.912337,73.658676,72.404832,72.733215,2458000.000000
2026-01-15,72.981991,73.539263,71.812731,72.195854,4390100.000000
2026-01-16,72.195852,72.673504,71.459459,71.638580,2329000.000000
2026-01-20,71.270397,72.459564,71.071369,71.608734,3191100.000000
2026-01-21,71.937121,72.414774,71.265413,72.345116,3168600.000000
2026-01-22,72.643656,72.822778,71.897317,71.976929,2590500.000000
2026-01-23,71.837612,72.593897,71.698296,72.524239,2115600.000000
2026-01-26,72.723264,73.081507,72.235650,72.365021,2417000.000000
2026-01-27,72.434680,72.628728,71.568924,71.618683,4064600.000000
2026-01-28,71.499265,72.096335,70.742973,70.792732,3901000.000000
2026-01-29,70.991752,71.832628,70.633516,71.489311,4100300.000000
2026-01-30,71.469415,72.444635,71.091273,72.424728,3790800.000000
2026-02-02,72.165996,72.394877,71.409711,72.026680,3245500.000000
2026-02-03,71.578880,72.564045,69.499078,69.926979,5636200.000000
2026-02-04,71.648536,71.847557,66.692843,67.399384,6265800.000000
2026-02-05,66.115679,66.533627,64.603095,65.598213,6703700.000000
2026-02-06,65.697720,66.075870,63.797048,64.463776,4768700.000000
2026-02-09,64.613050,65.289731,62.045642,62.543201,5490700.000000
2026-02-10,63.180078,63.697540,62.762127,63.060661,4259600.000000
2026-02-11,63.000957,63.309441,60.751987,60.811695,5092500.000000
2026-02-12,60.682330,60.901257,55.765451,56.154541,9960600.000000
2026-02-13,56.333661,57.119806,55.816199,56.074928,6077400.000000
2026-02-17,56.363515,57.547709,55.985369,56.154541,6399900.000000
2026-02-18,56.229175,57.159609,55.184302,56.890926,5018100.000000
2026-02-19,56.393365,56.711807,55.746541,55.885857,2773600.000000
2026-02-20,55.995322,56.801370,55.507712,56.741661,4167500.000000
2026-02-23,56.393368,56.786440,55.030057,55.069862,2973700.000000
2026-02-24,55.497764,55.995323,54.821083,55.706738,2732200.000000
2026-02-25,53.437868,54.482742,52.776113,53.855816,5260400.000000
2026-02-26,54.174254,56.821269,54.129475,56.542637,5047700.000000
2026-02-27,55.696787,56.652100,55.278835,56.064980,4759300.000000
2026-03-02,55.547517,56.612293,55.368395,56.512783,3511300.000000
2026-03-03,56.672003,57.179512,55.786348,57.080002,3686300.000000
2026-03-04,57.150002,59.939999,56.919998,58.419998,6202300.000000
2026-03-05,58.290001,58.820000,57.770000,58.689999,3388600.000000
2026-03-06,58.110001,60.009998,57.544998,59.779999,4016800.000000
2026-03-09,59.029999,59.549999,58.330002,59.259998,3715200.000000
2026-03-10,59.029999,59.240002,57.720001,58.160000,2949600.000000
2026-03-11,58.040001,58.360001,57.279999,57.709999,3302500.000000
2026-03-12,57.680000,58.130001,57.040001,57.740002,3584000.000000
2026-03-13,57.880001,60.770000,56.205002,57.389999,9569100.000000
2026-03-16,58.275002,58.598000,57.439999,57.509998,3523000.000000
2026-03-17,58.799999,59.375000,58.000000,58.299999,3063600.000000
2026-03-18,57.490002,58.770000,57.450001,57.650002,2859500.000000
2026-03-19,57.439999,58.689999,57.029999,57.680000,3021500.000000
2026-03-20,57.619999,58.630001,57.400002,57.820000,6375300.000000
2026-03-23,58.490002,59.009998,57.125000,57.279999,3103800.000000
2026-03-24,57.630001,59.165001,57.410000,58.759998,4047400.000000
2026-03-25,58.340000,59.139999,57.310001,58.490002,2660600.000000
2026-03-26,58.520000,59.369999,58.250000,58.639999,2656600.000000
2026-03-27,58.599998,59.165001,57.770000,59.110001,3378300.000000
2026-03-30,59.400002,60.279999,58.680000,59.130001,4155000.000000
2026-03-31,59.750000,60.189999,57.200001,58.400002,12891100.000000
2026-04-01,58.520000,59.180000,57.599998,58.459999,3917700.000000
2026-04-02,58.459999,58.790001,57.189999,58.619999,2038900.000000
2026-04-06,58.610001,59.900002,58.540001,59.299999,1671200.000000
2026-04-07,59.119999,59.924999,59.090000,59.650002,2043100.000000
2026-04-08,59.860001,60.380001,59.580002,60.220001,3354300.000000
2026-04-09,60.189999,63.020000,59.830002,62.759998,7644300.000000
2026-04-10,62.669998,63.029999,60.580002,61.020000,2986400.000000
2026-04-13,61.020000,62.740002,60.830002,62.450001,2058800.000000
2026-04-14,62.220001,63.700001,62.040001,63.410000,2340000.000000
2026-04-15,63.580002,64.059998,63.110001,63.660000,1858400.000000
2026-04-16,63.264999,64.889999,63.118000,64.519997,2190700.000000
2026-04-17,64.580002,65.294998,64.160004,65.070000,2424000.000000
2026-04-20,65.019997,65.809998,64.654999,64.750000,1858700.000000
2026-04-21,64.750000,65.300003,64.250000,64.309998,2483900.000000
2026-04-22,64.529999,65.860001,64.419998,65.559998,2385000.000000
2026-04-23,65.790001,66.000000,63.980000,64.529999,2793900.000000
2026-04-24,64.169998,64.169998,62.634998,62.849998,3385900.000000
2026-04-27,62.919998,64.070000,62.730000,63.860001,3873200.000000
2026-04-28,63.119999,64.449997,62.930000,63.150002,1980800.000000
2026-04-29,63.040001,63.689999,62.645000,62.939999,2218200.000000
2026-04-30,62.279999,63.779999,62.060001,63.490002,2796800.000000
2026-05-01,64.239998,64.654999,62.990002,63.349998,1832500.000000
2026-05-04,63.349998,63.490002,62.250000,62.360001,2011900.000000
2026-05-05,62.540001,62.825001,61.250000,62.230000,2334100.000000
2026-05-06,62.439999,63.360001,61.865002,62.209999,3491700.000000
2026-05-07,62.369999,63.200001,62.080002,62.689999,2534600.000000
2026-05-08,62.660000,63.110001,61.740002,62.939999,4250100.000000
2026-05-11,65.199997,68.040001,63.580002,67.720001,6700100.000000
2026-05-12,68.245003,68.245003,65.449997,66.160004,5247700.000000
2026-05-13,66.349998,66.510002,65.544998,66.470001,3304400.000000
2026-05-14,66.570000,66.959999,65.169998,65.320000,2693300.000000
2026-05-15,65.300003,65.559998,64.089996,64.849998,3053800.000000
2026-05-18,64.650002,65.915001,64.599998,65.870003,2308500.000000
2026-05-19,65.269997,66.290001,64.470001,64.550003,3031800.000000
2026-05-20,65.110001,65.110001,63.820000,64.129997,2522600.000000
2026-05-21,64.129997,64.739998,63.080002,64.260002,2991900.000000
2026-05-22,64.510002,65.459999,63.724998,63.980000,1557600.000000
2026-05-26,64.070000,65.089996,63.639999,64.959999,1858000.000000
2026-05-27,64.529999,66.029999,64.529999,65.480003,1918800.000000
2026-05-28,65.339996,65.940002,64.190002,65.830002,2067300.000000
2026-05-29,65.559998,65.559998,63.400002,63.919998,4344700.000000
2026-06-01,64.290001,66.910004,63.990002,66.809998,3109800.000000
2026-06-02,66.930000,67.239998,65.000000,65.690002,2683000.000000
2026-06-03,66.029999,66.029999,64.084999,64.279999,2247600.000000
2026-06-04,64.500000,66.910004,64.500000,65.540001,2801900.000000
