date,open,high,low,close,volume
2016-07-05,29.912213,32.903434,29.303674,29.427805,9880426.000000
2016-07-06,28.501374,29.427806,28.029076,28.913122,10634933.000000
2016-07-07,28.834399,29.064492,28.667883,28.907059,8700775.000000
2016-07-08,29.040273,30.644876,28.779904,30.396616,6729194.000000
2016-07-11,29.797163,31.020295,29.657896,30.953690,9581668.000000
2016-07-12,30.881026,30.917358,30.432950,30.620657,8805594.000000
2016-07-13,30.620659,30.941579,30.172581,30.650934,7714271.000000
2016-07-14,30.475332,31.329101,30.245239,31.226164,5520999.000000
2016-07-15,31.353327,31.432042,30.644878,31.020296,5851156.000000
2016-07-18,30.741760,31.232225,30.584327,31.056623,2469829.000000
2016-07-19,30.905253,31.220116,30.541947,31.214062,3099695.000000
2016-07-20,31.389653,31.438094,30.281570,30.481388,5315009.000000
2016-07-21,30.517718,30.650931,30.269461,30.420837,4804709.000000
2016-07-22,30.275511,30.451109,29.845599,29.912205,3886076.000000
2016-07-25,29.803216,29.942484,28.979723,29.657894,4828337.000000
2016-07-26,29.403582,29.924320,29.234039,29.839550,2491871.000000
2016-07-27,29.718442,29.972756,29.497430,29.621561,2582577.000000
2016-07-28,29.512574,29.724504,29.273397,29.458078,4635350.000000
2016-07-29,29.343037,29.548910,29.070556,29.191658,7110729.000000
2016-08-01,29.131101,29.373306,28.816236,28.943394,4727165.000000
2016-08-02,28.761744,29.076609,28.567980,28.761744,5181170.000000
2016-08-03,28.761740,29.960652,28.670914,29.839550,7468795.000000
2016-08-04,30.027256,30.342122,29.960651,30.293680,4831509.000000
2016-08-05,30.432942,30.868908,30.432942,30.626703,4227491.000000
2016-08-08,30.656991,30.802313,30.239186,30.305794,3356272.000000
2016-08-09,29.506520,30.596437,29.319415,30.554052,1709296.000000
2016-08-10,30.560106,30.759924,30.336067,30.547997,1875009.000000
2016-08-11,30.717540,31.916448,30.699374,31.819569,3159954.000000
2016-08-12,31.486542,32.013335,31.365441,31.916452,2042148.000000
2016-08-15,32.061767,32.558286,32.007270,32.491680,2311887.000000
2016-08-16,32.443243,32.667282,32.255536,32.425079,1589412.000000
2016-08-17,32.497746,32.534078,32.297926,32.340313,1636668.000000
2016-08-18,32.225255,32.406907,32.049657,32.188923,1387069.000000
2016-08-19,32.061769,32.061769,31.310937,31.438093,1896734.000000
2016-08-22,31.438098,31.510758,30.929470,31.038462,1715322.000000
2016-08-23,31.099000,31.547077,30.965789,31.425976,3985979.000000
2016-08-24,31.080382,31.395674,30.682630,31.147078,1098618.000000
2016-08-25,31.031877,31.462371,30.910612,31.298662,2196126.000000
2016-08-26,31.310780,31.735211,31.244084,31.450237,1486813.000000
2016-08-29,31.395656,32.008044,31.262261,31.777639,1656807.000000
2016-08-30,31.644257,32.420357,31.644257,31.898912,1509807.000000
2016-08-31,31.814041,32.026257,31.529067,31.935307,2622221.000000
2016-09-01,32.111133,32.202084,31.613947,31.911047,1521383.000000
2016-09-02,32.147513,32.420361,32.020185,32.365791,1333311.000000
2016-09-06,32.438545,32.468864,31.704889,31.971674,2051663.000000
2016-09-07,31.789777,32.208142,31.541181,32.099003,2764306.000000
2016-09-08,31.941353,32.111125,31.692760,31.729141,1740853.000000
2016-09-09,31.389603,31.535120,30.649881,30.649881,3442220.000000
2016-09-12,30.328529,31.189516,30.231517,31.050062,2953329.000000
2016-09-13,30.837848,31.165266,30.298214,30.340658,2548483.000000
2016-09-14,30.346720,30.619566,30.098125,30.328529,1827277.000000
2016-09-15,30.304281,30.680204,30.013242,30.613506,2236087.000000
2016-09-16,30.383096,30.552868,29.964729,30.474047,3729561.000000
2016-09-19,30.564998,31.168293,30.546807,30.789339,1546597.000000
2016-09-20,30.789342,30.971240,30.443734,30.467987,1697403.000000
2016-09-21,30.601381,30.928797,30.449798,30.910608,1349169.000000
2016-09-22,31.134951,31.523001,31.098570,31.310785,2615244.000000
2016-09-23,31.104626,31.274401,30.710514,30.849970,1280030.000000
2016-09-26,30.716578,31.219833,30.498300,31.056124,1690901.000000
2016-09-27,30.983364,31.395669,30.953049,31.292593,1897209.000000
2016-09-28,31.371417,31.389609,31.134950,31.359291,1436227.000000
2016-09-29,30.977299,31.292591,30.698389,30.740831,2312204.000000
2016-09-30,30.995491,31.086438,30.486174,30.862097,3096048.000000
2016-10-03,30.686266,31.322910,30.686266,31.159201,2157750.000000
2016-10-04,31.080382,31.195584,30.655952,30.807533,1923216.000000
2016-10-05,30.934856,31.101598,30.680200,30.886353,1402609.000000
2016-10-06,30.819653,30.904540,30.619564,30.740831,1211524.000000
2016-10-07,30.619565,30.807527,30.237579,30.273958,1673934.000000
2016-10-10,30.455861,30.510430,30.255773,30.286089,1619383.000000
2016-10-11,30.267899,30.413418,29.722205,29.843470,2223084.000000
2016-10-12,29.952601,29.952601,29.497855,29.704006,2568939.000000
2016-10-13,29.485739,30.122382,29.103751,29.600941,1918141.000000
2016-10-14,29.752520,30.276992,29.594874,29.988987,1383263.000000
2016-10-17,30.049628,30.067817,29.655515,29.746464,1770507.000000
2016-10-18,30.104183,30.510423,29.710071,29.764641,1827753.000000
2016-10-19,29.873779,30.192707,29.382654,29.946539,1205023.000000
2016-10-20,29.794963,29.819218,29.370533,29.528179,2250676.000000
2016-10-21,29.237137,29.643378,29.182569,29.509985,2706901.000000
2016-10-24,29.631253,29.867722,29.322027,29.437229,2013287.000000
2016-10-25,29.406912,29.406912,29.018863,29.055243,2028828.000000
2016-10-26,28.982479,29.176503,28.824833,28.964289,2497104.000000
2016-10-27,28.915786,28.915786,28.382218,28.794521,4985962.000000
2016-10-28,30.455861,31.341101,30.152696,30.443733,6309442.000000
2016-10-31,30.443731,31.134946,30.340657,30.953049,2476489.000000
2016-11-01,30.886356,30.934860,30.310344,30.613506,2816001.000000
2016-11-02,30.589245,31.013674,30.486168,30.510422,1374224.000000
2016-11-03,30.492242,31.043999,30.310344,30.910608,1816811.000000
2016-11-04,30.934860,31.322910,30.643825,30.989429,2486797.000000
2016-11-07,31.268333,31.571499,30.943949,31.401728,2242113.000000
2016-11-08,31.456312,32.014130,31.147082,31.923183,1848843.000000
2016-11-09,31.522996,32.699273,31.470851,32.414299,2654412.000000
2016-11-10,32.711389,33.554185,32.556776,32.862972,2848351.000000
2016-11-11,32.796287,33.190400,32.305164,32.377922,2269864.000000
2016-11-14,32.535570,32.778100,32.432494,32.632580,4171196.000000
2016-11-15,32.705352,33.014578,32.553769,32.814491,2701192.000000
2016-11-16,32.614386,33.017595,32.565879,33.008499,2431771.000000
2016-11-17,32.972125,33.141897,32.693214,33.044884,1478567.000000
2016-11-18,33.032756,33.196465,32.796285,33.123703,1926546.000000
2016-11-21,32.893295,33.445055,32.741712,33.244965,2206275.000000
2016-11-22,33.232816,33.858132,33.123541,33.615292,2114142.000000
2016-11-23,33.761020,33.955291,33.554604,33.876369,1562137.000000
2016-11-25,34.046349,34.088844,33.663873,33.979568,775915.000000
2016-11-28,34.046335,34.143469,33.584937,33.748856,1671555.000000
2016-11-29,33.609219,33.985624,33.518155,33.560650,1709455.000000
2016-11-30,33.785293,34.091881,33.269256,33.384605,7483066.000000
2016-12-01,33.475665,33.518163,32.783565,32.898918,5273144.000000
2016-12-02,32.959636,33.408893,32.789647,33.074986,4036406.000000
2016-12-05,33.251039,33.323890,32.522515,32.728928,2253055.000000
2016-12-06,32.765369,32.856436,32.504313,32.783581,3617606.000000
2016-12-07,32.783562,33.029439,32.425372,32.929268,5210348.000000
2016-12-08,33.008202,33.062841,32.440562,32.589302,3493757.000000
2016-12-09,32.486101,32.880718,32.370752,32.783581,2285722.000000
2016-12-12,32.710716,33.008195,32.625723,32.777496,2431295.000000
2016-12-13,32.953557,33.056765,32.328241,32.692505,4364025.000000
2016-12-14,32.716787,33.594051,32.704646,32.935345,2473318.000000
2016-12-15,32.911066,33.566735,32.741077,33.275326,2502496.000000
2016-12-16,33.305668,33.402806,33.026401,33.287453,4196093.000000
2016-12-19,33.275320,33.408885,33.020338,33.366386,1854235.000000
2016-12-20,33.536389,33.669950,33.275333,33.421040,1883730.000000
2016-12-21,33.372475,33.372475,32.735018,32.856438,2330757.000000
2016-12-22,32.856434,33.378542,32.595378,32.838219,2447311.000000
2016-12-23,32.983910,33.244966,32.643933,33.093189,811753.000000
2016-12-27,33.238899,33.293538,32.850352,33.062836,1451609.000000
2016-12-28,33.184255,33.184255,32.461801,32.631790,955741.000000
2016-12-29,32.777501,32.868568,32.534661,32.789646,788442.000000
2016-12-30,32.904985,33.074974,32.413231,32.558933,1118123.000000
2017-01-03,32.716786,32.895276,32.170392,32.619652,2561169.000000
2017-01-04,32.856423,33.105334,32.765356,32.935345,2358191.000000
2017-01-05,32.983916,33.208544,32.607511,32.747147,2267644.000000
2017-01-06,32.722851,32.904985,32.413231,32.704639,1998064.000000
2017-01-09,32.795711,32.904990,32.534656,32.619652,1178699.000000
2017-01-10,32.619649,32.832133,32.467872,32.662144,2079889.000000
2017-01-11,32.650000,32.710710,32.334305,32.577148,5854169.000000
2017-01-12,32.461801,32.716783,32.395017,32.583221,3219420.000000
2017-01-13,33.026422,33.487820,33.026422,33.244980,2282550.000000
2017-01-17,33.050700,33.105339,32.583232,32.862499,1958261.000000
2017-01-18,32.850360,33.026420,32.692513,32.868572,2134598.000000
2017-01-19,32.923204,33.196401,32.783569,32.947487,1302072.000000
2017-01-20,33.038556,33.196404,32.911065,33.099266,2890691.000000
2017-01-23,32.977844,33.275324,32.534658,32.850353,2176938.000000
2017-01-24,32.971765,33.384594,32.837594,33.208534,2712451.000000
2017-01-25,33.354249,33.597089,33.208543,33.493881,2784445.000000
2017-01-26,33.390675,33.985637,33.244972,33.809578,3645039.000000
2017-01-27,33.833853,33.997771,33.724574,33.955273,2487590.000000
2017-01-30,33.955286,33.955286,33.238907,33.657806,2490603.000000
2017-01-31,33.536375,33.718505,33.336029,33.578873,2842959.000000
2017-02-01,33.676002,33.785281,33.272277,33.469589,1839012.000000
2017-02-02,33.269259,33.694233,33.087129,33.518173,3005342.000000
2017-02-03,33.730658,34.392402,33.433178,34.009926,2295236.000000
2017-02-06,33.815650,33.961353,33.700301,33.882431,1394839.000000
2017-02-07,33.997771,34.070622,33.730644,33.779213,3009782.000000
2017-02-08,33.372468,34.234554,33.320256,34.107063,7339238.000000
2017-02-09,34.094919,34.695949,34.094919,34.617027,1789219.000000
2017-02-10,34.720232,34.859864,34.410607,34.695946,1983475.000000
2017-02-13,34.884149,35.236268,34.835580,34.926643,1883572.000000
2017-02-14,34.908432,34.926644,34.556313,34.780941,1599403.000000
2017-02-15,34.750581,35.060205,34.654053,34.956997,1620652.000000
2017-02-16,35.005585,35.357705,34.483474,34.841667,1776691.000000
2017-02-17,34.853788,35.041989,34.683799,35.023777,1430360.000000
2017-02-21,35.023782,35.363760,34.926645,35.290909,2463010.000000
2017-02-22,35.114633,35.357766,34.980911,35.066006,1489985.000000
2017-02-23,35.260510,35.345605,34.719535,34.804630,1616370.000000
2017-02-24,34.701303,35.193646,34.482482,35.126785,2928432.000000
2017-02-27,35.035620,35.181499,34.932288,35.041698,1413868.000000
2017-02-28,35.053854,35.187577,34.835033,35.041698,2614451.000000
2017-03-01,35.388163,36.008155,35.303064,35.807568,2277476.000000
2017-03-02,35.807576,35.868360,35.448955,35.637383,3082093.000000
2017-03-03,35.625215,35.789331,35.479337,35.698154,2280964.000000
2017-03-06,35.448951,35.655616,35.257482,35.455029,2485211.000000
2017-03-07,35.479336,35.588743,35.260515,35.376003,2639664.000000
2017-03-08,35.382096,35.540134,35.266607,35.357780,2046430.000000
2017-03-09,35.303054,35.540113,35.151098,35.266586,2074339.000000
2017-03-10,35.424626,35.588738,35.242272,35.442860,1933206.000000
2017-03-13,35.527956,35.844032,35.309135,35.722466,2495360.000000
2017-03-14,35.546203,35.649536,35.406399,35.588749,1508063.000000
2017-03-15,35.728553,36.397172,35.728553,36.287762,2828846.000000
2017-03-16,36.305990,36.421479,36.105403,36.172268,2264631.000000
2017-03-17,36.305978,36.357647,36.129707,36.214802,3058148.000000
2017-03-20,36.226966,36.378922,35.837951,35.862263,2327586.000000
2017-03-21,36.032462,36.147951,35.461098,35.564430,2943973.000000
2017-03-22,35.564440,35.752868,35.430718,35.552284,2634114.000000
2017-03-23,35.442865,35.765019,35.430709,35.576588,1672189.000000
2017-03-24,36.579516,36.579516,35.825802,36.050701,2872138.000000
2017-03-27,35.692064,36.044607,35.345598,35.910885,1495694.000000
2017-03-28,35.886599,36.330316,35.710327,36.220905,1296997.000000
2017-03-29,36.384995,36.719305,36.172256,36.257351,2182488.000000
2017-03-30,36.299911,36.464027,36.135796,36.239128,1832193.000000
2017-03-31,36.208736,36.713239,36.093247,36.603828,1935743.000000
2017-04-03,36.603839,36.865209,36.190512,36.549133,3041497.000000
2017-04-04,36.543049,36.652459,36.351580,36.482265,2401483.000000
2017-04-05,36.628156,36.950306,36.506586,36.622078,2204055.000000
2017-04-06,36.634221,36.944215,36.561278,36.816570,1141592.000000
2017-04-07,36.822652,36.895591,36.682852,36.755791,826818.000000
2017-04-10,36.774022,37.144803,36.755788,37.077942,1941928.000000
2017-04-11,36.871268,37.059696,36.719308,36.938129,3928574.000000
2017-04-12,36.950289,37.041466,36.609902,36.774017,2451751.000000
2017-04-13,36.774025,37.029318,36.646381,36.670692,1927339.000000
2017-04-17,36.774016,36.816565,36.509608,36.761860,1551354.000000
2017-04-18,36.543051,36.764303,36.467071,36.634228,2478551.000000
2017-04-19,36.646367,36.889500,36.397156,36.476173,3113332.000000
2017-04-20,36.628153,36.986775,36.397176,36.840893,2382929.000000
2017-04-21,36.828717,36.895578,36.454899,36.476173,2204055.000000
2017-04-24,36.950295,37.406175,36.883434,37.339310,2012812.000000
2017-04-25,37.558125,38.014001,37.503419,37.886356,2334246.000000
2017-04-26,37.868116,38.129483,37.752628,37.837723,2067203.000000
2017-04-27,37.831656,38.299688,37.728323,37.880283,3085423.000000
2017-04-28,38.269291,39.065555,37.989687,38.451641,3810593.000000
2017-05-01,38.664385,38.688697,37.752633,37.892433,2789519.000000
2017-05-02,37.582449,37.880288,37.138729,37.795189,2386893.000000
2017-05-03,37.655383,38.123415,37.552050,38.093025,1548975.000000
2017-05-04,38.068700,38.360461,38.026155,38.184189,1300169.000000
2017-05-05,38.208525,38.390875,37.977548,38.378719,944164.000000
2017-05-08,38.348320,38.512436,38.132539,38.226753,2840898.000000
2017-05-09,38.257141,38.554980,37.965377,38.111259,1309842.000000
2017-05-10,38.007934,38.178128,37.831662,38.032249,1662675.000000
2017-05-11,37.795178,38.111253,37.734394,38.062626,937663.000000
2017-05-12,37.953227,38.006719,37.685782,37.795189,1593852.000000
2017-05-15,37.868127,38.074789,37.801266,37.819500,1556428.000000
2017-05-16,37.959295,37.959295,37.716163,37.886356,1410379.000000
2017-05-17,37.886358,37.886358,37.156955,37.199505,1959847.000000
2017-05-18,36.925975,37.436557,36.713232,37.175186,2184867.000000
2017-05-19,37.369699,37.697931,37.074898,37.588520,2961575.000000
2017-05-22,37.740474,37.989685,37.624982,37.928902,1223735.000000
2017-05-23,37.922842,38.111270,37.764804,38.056564,1220246.000000
2017-05-24,38.178251,38.470337,38.111315,38.385147,2153310.000000
2017-05-25,38.409488,38.865875,38.184341,38.725918,1647768.000000
2017-05-26,38.750253,38.884129,38.567699,38.646809,1865177.000000
2017-05-30,38.482525,38.817209,38.354734,38.549461,2816001.000000
2017-05-31,38.592055,38.677245,37.606258,38.001793,6226665.000000
2017-06-01,38.172180,38.598143,38.017009,38.330395,1753063.000000
2017-06-02,38.275634,38.841554,38.242166,38.585976,1883413.000000
2017-06-05,38.482515,38.677238,38.470342,38.531197,1331250.000000
2017-06-06,38.482530,38.610317,38.360827,38.458187,2183281.000000
2017-06-07,38.488606,38.798947,38.379073,38.555542,1246411.000000
2017-06-08,38.555551,38.792871,38.220867,38.762447,1565150.000000
2017-06-09,38.944993,38.944993,38.068732,38.391243,1628739.000000
2017-06-12,38.360823,38.546417,37.848452,38.007881,1804918.000000
2017-06-13,38.141755,38.512948,37.989625,38.500778,1607490.000000
2017-06-14,38.506850,38.628552,38.293869,38.306042,2186453.000000
2017-06-15,38.129578,38.494685,37.959193,38.360813,1858517.000000
2017-06-16,38.439915,38.981495,38.257361,38.975407,2658852.000000
2017-06-19,39.133626,39.450055,39.060605,39.425713,2178207.000000
2017-06-20,39.249246,39.681293,39.127543,39.230991,2792215.000000
2017-06-21,39.261418,39.370947,39.115373,39.170139,2319181.000000
2017-06-22,39.151886,39.267503,38.890223,39.005840,1654746.000000
2017-06-23,38.914562,39.042353,38.744177,39.005840,11596699.000000
2017-06-26,39.127554,39.383132,38.908488,39.011936,1600830.000000
2017-06-27,38.817205,38.999759,38.561626,38.561626,1106547.000000
2017-06-28,38.817200,39.279671,38.698538,39.194477,1316502.000000
2017-06-29,39.170135,39.170135,38.184342,38.251278,2047540.000000
2017-06-30,38.287798,38.750269,38.275629,38.549461,1866287.000000
2017-07-03,38.732004,38.780686,38.452087,38.537281,1034870.000000
2017-07-05,38.719842,38.932823,38.449053,38.707672,1414820.000000
2017-07-06,38.579874,38.811110,38.470341,38.537281,2340113.000000
2017-07-07,38.707669,38.944989,38.616390,38.853710,1766701.000000
2017-07-10,38.835452,39.520030,38.798940,39.310093,3132044.000000
2017-07-11,39.358786,39.358786,38.567716,38.926743,1751953.000000
2017-07-12,39.091039,39.492663,39.066700,39.370956,1773678.000000
2017-07-13,39.401370,39.468306,39.133623,39.182304,1378664.000000
2017-07-14,39.200576,39.425727,39.139725,39.285770,1765591.000000
2017-07-17,39.291845,39.291845,38.811116,39.030182,2201359.000000
2017-07-18,38.963239,39.078856,38.719834,38.792854,1633179.000000
2017-07-19,38.908485,38.938912,38.689419,38.926743,2221022.000000
2017-07-20,38.951073,39.036267,38.233023,38.640728,2470780.000000
2017-07-21,38.482521,38.634647,38.385157,38.488605,2036439.000000
2017-07-24,38.537286,38.579879,38.366902,38.512943,1908468.000000
2017-07-25,38.683334,38.780698,38.318227,38.379078,2722283.000000
2017-07-26,38.403406,38.470342,37.813147,37.837486,2760658.000000
2017-07-27,37.825335,38.208701,37.758399,38.080914,2918125.000000
2017-07-28,38.640729,39.443973,38.116799,39.230991,3505651.000000
2017-07-31,39.407460,39.498739,39.072776,39.395290,3149329.000000
2017-08-01,39.425723,39.997731,39.103212,39.675217,2933190.000000
2017-08-02,39.742143,40.490616,39.736058,40.332401,2875468.000000
2017-08-03,40.375010,40.490628,40.198541,40.484543,1748782.000000
2017-08-04,40.575799,40.892224,40.478435,40.873970,1772410.000000
2017-08-07,40.770547,41.062634,40.600163,40.904419,2325524.000000
2017-08-08,40.752286,40.892243,40.679262,40.721859,1859627.000000
2017-08-09,40.685350,40.758370,40.493667,40.661007,1506318.000000
2017-08-10,40.496697,40.600145,39.863841,39.876011,1645548.000000
2017-08-11,39.930791,40.210708,39.796919,39.918621,1118440.000000
2017-08-14,40.222877,40.393257,40.149852,40.314152,784319.000000
2017-08-15,40.283732,40.393261,40.113348,40.235050,944323.000000
2017-08-16,40.350659,40.545383,40.162021,40.253296,1023136.000000
2017-08-17,40.082915,40.191229,39.620444,39.650867,865352.000000
2017-08-18,39.523080,39.790828,39.358781,39.571762,1527885.000000
2017-08-21,39.553507,39.869933,39.334441,39.809082,1126845.000000
2017-08-22,39.912528,40.162022,39.912528,40.076828,1233567.000000
2017-08-23,39.985456,40.022003,39.583409,39.613865,1016793.000000
2017-08-24,39.668684,39.802699,39.370196,39.522484,1851063.000000
2017-08-25,39.626049,39.747881,39.047345,39.406750,2232440.000000
2017-08-28,39.565135,39.632142,39.135675,39.284920,1105595.000000
2017-08-29,39.144815,39.333655,38.968766,39.266647,2874675.000000
2017-08-30,39.242277,39.559043,39.199639,39.473763,2515182.000000
2017-08-31,39.504225,39.680882,39.406758,39.577324,2050870.000000
2017-09-01,39.747870,39.839246,39.546848,39.656498,1291130.000000
2017-09-05,39.589505,40.046377,39.504220,39.650421,1653953.000000
2017-09-06,39.900180,40.198669,39.378737,39.431126,3025322.000000
2017-09-07,39.559040,39.985456,39.364110,39.942814,1294936.000000
2017-09-08,39.918431,40.868726,39.887975,40.497139,1768287.000000
2017-09-11,40.801739,41.185513,40.582440,41.130688,2318706.000000
2017-09-12,41.185497,41.471803,41.185497,41.343880,1341399.000000
2017-09-13,41.258608,41.855589,41.136776,41.843403,3005342.000000
2017-09-14,41.636302,42.154090,41.392634,42.147999,2879908.000000
2017-09-15,42.684037,42.769321,42.062691,42.251534,4300119.000000
2017-09-18,42.330751,42.933820,42.227192,42.830265,2095747.000000
2017-09-19,42.830249,42.964264,42.647497,42.690140,1525347.000000
2017-09-20,42.775421,43.043450,42.604855,42.744961,3216407.000000
2017-09-21,42.763233,42.891160,42.525660,42.598763,1692328.000000
2017-09-22,42.556132,42.717559,42.391658,42.659691,3663593.000000
2017-09-25,42.690147,42.793705,42.391658,42.659691,1558331.000000
2017-09-26,42.665771,42.860701,42.519570,42.550030,1877070.000000
2017-09-27,42.550030,42.805876,42.446472,42.769329,1437337.000000
2017-09-28,42.623123,42.811962,42.458648,42.592667,2100346.000000
2017-09-29,42.574391,43.293204,42.489110,43.122639,1682338.000000
2017-10-02,43.268832,43.585598,43.189642,43.585598,1417357.000000
2017-10-03,43.701352,43.804910,43.421137,43.542969,1436227.000000
2017-10-04,43.512511,43.823182,43.457686,43.804909,1677105.000000
2017-10-05,43.865822,43.865822,43.335852,43.597790,2012177.000000
2017-10-06,43.530773,43.786623,43.427215,43.585598,1666322.000000
2017-10-09,43.713532,43.920649,43.542966,43.798817,1029320.000000
2017-10-10,44.012026,44.048574,43.494235,43.811001,1548817.000000
2017-10-11,43.896280,44.194769,43.768353,44.072937,1568322.000000
2017-10-12,44.158218,44.474984,44.024204,44.401886,1551512.000000
2017-10-13,44.578543,44.596816,43.975470,44.072937,1143654.000000
2017-10-16,44.127768,44.286151,43.798819,43.871918,1739901.000000
2017-10-17,43.908469,44.030301,43.542970,43.549061,2090355.000000
2017-10-18,43.555144,43.829264,43.482042,43.628242,1357098.000000
2017-10-19,43.482055,43.606934,43.253621,43.311489,1762736.000000
2017-10-20,43.555151,43.903589,43.408950,43.865822,2481405.000000
2017-10-23,43.865817,44.048565,43.518595,43.914551,1633655.000000
2017-10-24,44.048559,44.675996,44.048559,44.657722,2042148.000000
2017-10-25,44.438440,44.694290,43.890195,44.146042,2744483.000000
2017-10-26,44.529805,44.931852,44.206948,44.755196,2799985.000000
2017-10-27,43.981569,45.309543,42.647500,45.138977,3189925.000000
2017-10-30,44.925767,45.011048,44.091212,44.139946,2510900.000000
2017-10-31,44.231320,44.328783,43.990700,44.018112,1958261.000000
2017-11-01,44.304424,44.511537,44.012026,44.383614,1937329.000000
2017-11-02,44.407967,44.770419,44.249584,44.657722,1565467.000000
2017-11-03,44.651625,45.065855,44.651625,44.858738,1601305.000000
2017-11-06,44.773478,44.828303,44.322698,44.383614,1326651.000000
2017-11-07,44.347057,44.755196,44.267864,44.755196,1700733.000000
2017-11-08,44.596825,44.621190,44.273968,44.328793,1792390.000000
2017-11-09,44.133854,44.377518,43.921254,44.243504,1610662.000000
2017-11-10,44.030294,44.344012,43.798812,44.255684,2894338.000000
2017-11-13,44.018118,44.286151,43.890195,44.225231,1321577.000000
2017-11-14,43.999839,44.283102,43.945018,44.267872,1940976.000000
2017-11-15,44.219145,44.292247,43.658714,43.768364,2737030.000000
2017-11-16,43.975474,44.426255,43.878007,44.127766,1558331.000000
2017-11-17,43.914557,44.291627,43.707440,44.012024,4670712.000000
2017-11-20,44.091208,44.566354,44.012018,44.353149,1384849.000000
2017-11-21,44.401887,44.566357,44.109485,44.133854,2003773.000000
2017-11-22,44.133859,44.225323,43.753373,43.902153,3064967.000000
2017-11-24,43.944840,44.146056,43.938743,43.981422,575633.000000
2017-11-27,44.103360,44.533235,44.033238,44.365551,1520590.000000
2017-11-28,44.548483,45.017991,44.261900,44.688728,2068789.000000
2017-11-29,44.743609,44.804584,44.310684,44.767998,1458904.000000
2017-11-30,44.810683,45.578969,44.774097,45.517994,2491237.000000
2017-12-01,46.066765,46.152132,44.847263,45.475307,2096857.000000
2017-12-04,45.774097,46.060681,45.261906,45.261906,1704380.000000
2017-12-05,45.383837,45.450909,44.438723,44.481403,1808248.000000
2017-12-06,44.505804,44.914337,44.319828,44.688728,1775422.000000
2017-12-07,44.847269,45.261899,44.633854,44.877754,1425761.000000
2017-12-08,45.097258,45.267989,44.682628,44.932625,1586716.000000
2017-12-11,45.018003,45.115564,44.426545,44.518009,1523762.000000
2017-12-12,44.481418,44.481418,44.060691,44.219227,1216440.000000
2017-12-13,44.188736,44.530197,44.011908,44.152149,1496011.000000
2017-12-14,44.286295,44.383856,43.518005,43.536297,1735461.000000
2017-12-15,43.798491,44.097269,43.725322,43.938736,4144397.000000
2017-12-18,44.133861,44.585077,43.963130,44.347275,1718494.000000
2017-12-19,44.469225,44.572883,43.908252,44.347275,1497279.000000
2017-12-20,44.652148,44.780195,44.450932,44.505810,1216599.000000
2017-12-21,44.676545,44.700933,44.280206,44.389961,1317454.000000
2017-12-22,44.414344,44.414344,43.993617,44.188736,1556746.000000
2017-12-26,44.322881,44.365564,44.048495,44.280201,661740.000000
2017-12-27,44.225316,44.444827,44.042387,44.127754,1237848.000000
2017-12-28,44.207035,44.304596,43.926549,44.207035,1265599.000000
2017-12-29,44.371653,44.511897,44.115559,44.115559,1336800.000000
2018-01-02,44.505804,44.621657,43.801540,44.133854,1726105.000000
2018-01-03,44.048505,44.249721,43.457043,44.158260,2484735.000000
2018-01-04,44.341178,45.335072,44.164351,45.274097,2423366.000000
2018-01-05,45.377742,45.493594,44.432625,44.755795,3384498.000000
2018-01-08,44.609459,44.816776,44.548484,44.664337,1602257.000000
2018-01-09,44.646042,45.408230,44.633848,44.987503,1806345.000000
2018-01-10,44.761889,45.017982,44.225309,44.524086,1409904.000000
2018-01-11,44.591173,45.005803,44.518003,44.944828,1870410.000000
2018-01-12,45.085071,45.597263,44.975316,45.408237,2034854.000000
2018-01-16,45.621649,46.115550,44.950921,45.115555,2123974.000000
2018-01-17,45.408235,45.877747,45.133850,45.572868,2418450.000000
2018-01-18,45.646037,45.877743,45.274087,45.402134,1370577.000000
2018-01-19,45.505795,45.697868,45.121651,45.463112,2872930.000000
2018-01-22,45.457013,45.774086,45.030189,45.243599,2164252.000000
2018-01-23,45.389950,45.883850,44.987514,45.767998,2522952.000000
2018-01-24,46.024082,46.755784,45.767988,45.950912,2500434.000000
2018-01-25,46.213114,46.277135,45.463116,45.615555,2284453.000000
2018-01-26,45.859449,46.700907,45.469211,46.688713,3496929.000000
2018-01-29,46.463097,46.749681,46.341148,46.572853,2577820.000000
2018-01-30,46.280181,46.603351,46.115548,46.359447,2114618.000000
2018-01-31,46.542381,46.664331,46.109456,46.353355,2041197.000000
2018-02-01,46.048470,46.688708,45.856397,46.066761,2284294.000000
2018-02-02,45.938719,46.517983,45.731402,45.944817,2230061.000000
2018-02-05,45.755788,45.984443,43.688727,43.694824,3143145.000000
2018-02-06,42.883861,44.261900,42.347281,43.969219,4524029.000000
2018-02-07,43.853376,44.542395,43.707038,43.713135,4017218.000000
2018-02-08,43.725313,44.085065,42.091177,42.158249,3754616.000000
2018-02-09,46.225303,46.225303,42.383864,44.176537,6564591.000000
2018-02-12,44.389961,45.719219,44.389961,45.304588,5497689.000000
2018-02-13,45.176527,45.578963,44.999699,45.207016,4992940.000000
2018-02-14,44.969219,45.377752,44.801535,45.237507,2836458.000000
2018-02-15,45.646038,45.786279,45.182623,45.780182,2799034.000000
2018-02-16,45.780192,46.328970,45.615559,46.127750,3302356.000000
2018-02-20,45.938723,46.469206,45.892989,46.249695,2612072.000000
2018-02-21,46.408219,47.085044,46.335050,46.347244,2013446.000000
2018-02-22,46.591377,47.104037,46.451003,46.798882,1677898.000000
2018-02-23,47.085731,47.134556,46.648135,47.079628,2058482.000000
2018-02-26,47.171184,47.683847,46.978934,47.580093,2317596.000000
2018-02-27,47.653330,48.111065,47.445825,47.458031,1606697.000000
2018-02-28,47.628916,47.763184,46.866021,46.872128,2853267.000000
2018-03-01,47.030809,47.073532,45.297519,45.590469,2574014.000000
2018-03-02,45.169352,45.456203,44.729928,45.157146,3070358.000000
2018-03-05,44.876396,45.535537,44.620066,45.321926,2030255.000000
2018-03-06,45.572148,46.072603,45.230373,45.846786,2227048.000000
2018-03-07,45.712532,47.659433,44.803164,47.580093,4650414.000000
2018-03-08,47.744876,47.885246,47.226109,47.824215,3572570.000000
2018-03-09,48.104964,49.014333,47.683849,48.989922,3343268.000000
2018-03-12,48.947192,48.956348,47.598397,47.927967,1928766.000000
2018-03-13,48.056139,48.346040,47.488547,47.598404,2567195.000000
2018-03-14,47.879149,48.153791,47.250526,47.366486,1871520.000000
2018-03-15,47.464133,47.860838,47.128460,47.665535,1149362.000000
2018-03-16,47.616700,47.866928,47.366469,47.744865,3200074.000000
2018-03-19,47.720446,47.720446,47.000278,47.470219,1485862.000000
2018-03-20,47.665528,47.897451,47.470229,47.702148,2053566.000000
2018-03-21,47.732665,48.338096,47.317649,47.818108,1822044.000000
2018-03-22,47.335961,47.744870,46.701235,46.804985,2445725.000000
2018-03-23,46.841614,47.409206,46.365570,46.396084,3344378.000000
2018-03-26,47.183380,47.720455,46.777520,47.659424,2743215.000000
2018-03-27,47.677741,47.891349,46.670722,46.872128,2490603.000000
2018-03-28,46.988087,47.055221,46.249607,46.780579,2875943.000000
2018-03-29,47.006391,47.580086,46.750057,47.311546,2180268.000000
2018-04-02,47.110149,47.234652,45.505021,46.042099,2666781.000000
2018-04-03,46.182472,46.597488,45.675911,46.566971,2544677.000000
2018-04-04,45.779657,46.792779,45.407367,46.768368,2845814.000000
2018-04-05,47.195606,47.653341,46.920964,47.250534,2078621.000000
2018-04-06,46.804983,47.000286,45.090001,45.602665,2567512.000000
2018-04-09,45.736961,46.127559,45.126646,45.230400,3303941.000000
2018-04-10,45.859015,46.365576,45.755261,46.261822,2522318.000000
2018-04-11,45.852898,45.999371,45.382953,45.437881,1788901.000000
2018-04-12,45.773570,46.005490,45.547754,45.620991,2107957.000000
2018-04-13,45.993276,46.277071,45.260899,45.590469,3927940.000000
2018-04-16,46.017685,46.127538,45.706423,45.932240,2270974.000000
2018-04-17,46.267906,47.332903,46.206875,46.829395,3338987.000000
2018-04-18,47.134556,47.476332,46.789731,47.079628,1513930.000000
2018-04-19,47.067428,47.268829,46.603590,46.853817,1724202.000000
2018-04-20,46.963675,47.049121,46.487632,46.835510,2098601.000000
2018-04-23,46.963675,46.994193,46.432703,46.566971,1797465.000000
2018-04-24,46.792784,46.950857,44.101300,44.583447,2883714.000000
2018-04-25,44.443070,44.617617,43.936509,44.064674,2785238.000000
2018-04-26,44.217260,44.378992,43.759524,44.107403,4235737.000000
2018-04-27,43.729000,43.835804,42.160495,43.521492,5854327.000000
2018-04-30,43.729013,43.887696,42.911194,42.911194,2646166.000000
2018-05-01,42.923398,43.979243,42.636550,43.967033,3132996.000000
2018-05-02,43.942616,44.162330,43.457416,43.649666,3155672.000000
2018-05-03,43.265168,44.394250,43.082075,44.253880,3009782.000000
2018-05-04,43.936519,44.790958,43.808354,44.729927,1987598.000000
2018-05-07,44.790955,45.102213,44.650581,44.882500,2087501.000000
2018-05-08,44.882506,45.328036,44.766546,45.315830,1790646.000000
2018-05-09,45.321918,45.962750,45.163235,45.907822,1984109.000000
2018-05-10,46.072617,46.164165,45.840698,46.103134,1458269.000000
2018-05-11,46.151958,46.365569,45.895625,46.151958,1600671.000000
2018-05-14,46.231298,46.823305,46.206887,46.566971,2780005.000000
2018-05-15,46.396087,46.548666,46.084828,46.536461,1814274.000000
2018-05-16,46.481521,46.939256,46.463209,46.859913,1565943.000000
2018-05-17,46.823299,47.293240,46.627997,47.207794,1977132.000000
2018-05-18,47.201713,47.580109,47.012517,47.525181,3249708.000000
2018-05-21,47.689953,47.979854,47.177289,47.366486,1879607.000000
2018-05-22,47.366482,47.451928,46.438806,46.451012,2465865.000000
2018-05-23,46.225197,46.560870,45.901729,46.493736,1943989.000000
2018-05-24,46.255483,46.750293,46.127200,46.524269,2314424.000000
2018-05-25,46.438753,46.701431,45.809552,46.127209,1296521.000000
2018-05-29,45.766781,45.943934,44.911555,45.216995,2396249.000000
2018-05-30,45.223102,45.614062,45.119252,45.320839,2078304.000000
2018-05-31,45.290312,45.301919,44.282366,44.404541,3610787.000000
2018-06-01,44.850478,45.369721,44.612237,45.088718,1876436.000000
2018-06-04,45.345293,45.693491,45.009311,45.357510,2537700.000000
2018-06-05,45.491892,45.650720,45.210889,45.388046,1358525.000000
2018-06-06,45.485782,45.791222,45.284195,45.791222,2133964.000000
2018-06-07,47.232897,47.752140,47.019089,47.636074,4201326.000000
2018-06-08,47.623850,47.892637,47.361173,47.770462,2295871.000000
2018-06-11,47.770464,47.984267,47.611635,47.874310,1744976.000000
2018-06-12,47.880418,48.057576,47.611636,47.825443,1713895.000000
2018-06-13,47.917062,48.240827,47.678821,47.703255,1829497.000000
2018-06-14,47.831548,49.144930,47.831548,48.949448,4041164.000000
2018-06-15,48.656228,49.792456,48.479075,49.523670,5336258.000000
2018-06-18,49.102162,49.267099,48.527940,49.096054,3074798.000000
2018-06-19,48.558501,48.619589,47.849884,48.265278,2966649.000000
2018-06-20,48.320248,48.387447,47.886528,48.136986,1780973.000000
2018-06-21,47.959835,48.136988,47.324525,47.709373,2010909.000000
2018-06-22,48.155297,48.167518,47.507771,47.550533,3320750.000000
2018-06-25,47.300093,47.556663,46.890807,47.422268,3016284.000000
2018-06-26,47.190126,47.190126,45.895073,45.937832,9532668.000000
2018-06-27,46.121093,46.435694,45.650716,45.687370,8489710.000000
2018-06-28,45.858427,46.524283,45.326963,46.304367,5515766.000000
2018-06-29,46.560922,47.410039,46.560922,47.104603,5450274.000000
2018-07-02,46.738077,46.909122,46.224941,46.890797,2342333.000000
2018-07-03,47.104600,47.513885,46.701422,46.756401,1264330.000000
2018-07-05,47.061845,47.226782,46.793059,47.122932,2130634.000000
2018-07-06,47.159586,47.446697,46.945779,47.171803,1459538.000000
2018-07-09,47.129048,47.709379,47.110722,47.587204,2732749.000000
2018-07-10,47.520002,47.684939,46.817497,47.074062,1947161.000000
2018-07-11,46.921342,47.074058,46.548706,46.573143,2040087.000000
2018-07-12,46.786943,47.159579,46.505940,47.006859,2519781.000000
2018-07-13,47.074061,47.281760,46.909125,47.171803,1590681.000000
2018-07-16,47.055722,47.086264,46.560912,46.707523,1696134.000000
2018-07-17,46.774740,47.452812,46.670890,47.385616,1527885.000000
2018-07-18,47.648284,47.648284,47.196236,47.355064,2191052.000000
2018-07-19,47.336733,47.556649,46.957989,47.416145,2073388.000000
2018-07-20,47.110707,47.770454,47.012966,47.428360,2969504.000000
2018-07-23,47.300088,47.379504,46.499841,46.536495,2288576.000000
2018-07-24,46.731971,47.318414,46.731971,47.287868,3291097.000000
2018-07-25,47.336731,48.314131,47.190120,48.277481,3365152.000000
2018-07-26,48.564600,49.670283,48.106444,49.609196,4742072.000000
2018-07-27,49.328201,49.462593,48.112560,48.753979,3541489.000000
2018-07-30,48.870040,49.884093,48.573764,48.717319,4087468.000000
2018-07-31,49.193801,50.244505,48.961669,50.140656,4371796.000000
2018-08-01,50.262843,50.476650,49.407617,49.444271,3541489.000000
2018-08-02,49.175467,49.566428,48.857814,49.438145,2357081.000000
2018-08-03,49.175473,49.774132,49.175473,49.609196,1602416.000000
2018-08-06,49.529774,49.633624,49.364841,49.456470,2039452.000000
2018-08-07,49.584763,49.871878,49.480917,49.651962,1320625.000000
2018-08-08,49.584756,49.651956,49.096058,49.346516,1416722.000000
2018-08-09,49.309867,49.511454,48.992210,49.016647,1183774.000000
2018-08-10,48.894467,49.010533,48.521835,48.686771,3140290.000000
2018-08-13,48.631802,49.120500,48.265274,48.448540,2369926.000000
2018-08-14,48.369117,48.854153,48.266491,48.601250,1727057.000000
2018-08-15,48.491283,48.753960,48.143084,48.680656,2073863.000000
2018-08-16,48.967774,49.493126,48.827271,49.077732,2025498.000000
2018-08-17,49.224342,49.224342,48.973884,49.022755,3868315.000000
2018-08-20,49.230449,49.474798,49.004425,49.236557,2878798.000000
2018-08-21,49.273221,49.352633,48.931131,49.108284,2577502.000000
2018-08-22,49.108263,49.108263,48.705086,48.821152,1632862.000000
2018-08-23,48.906685,48.955552,48.637899,48.882248,2089404.000000
2018-08-24,49.004427,49.034972,48.808948,48.949448,1075149.000000
2018-08-27,49.193803,49.963505,49.193803,49.896309,3302831.000000
2018-08-28,50.091786,50.330030,49.914633,50.134548,6228251.000000
2018-08-29,50.213964,51.441821,50.097898,51.240234,7456267.000000
2018-08-30,51.356406,52.041158,51.044601,51.197445,5502763.000000
2018-08-31,51.075159,51.637634,51.050705,51.344170,5750777.000000
2018-09-04,51.050699,51.234114,50.442367,51.026241,7919628.000000
2018-09-05,50.842830,51.821046,50.763351,51.564262,10458913.000000
2018-09-06,51.576493,51.784361,51.191319,51.454216,6365102.000000
2018-09-07,51.380855,51.955557,51.154642,51.717117,5930920.000000
2018-09-10,51.967788,52.132862,51.674319,51.778255,7983058.000000
2018-09-11,51.833284,52.041157,51.582618,51.980019,11074666.000000
2018-09-12,52.016694,52.346843,51.766027,52.157314,9568189.000000
2018-09-13,52.481339,53.031587,52.334605,52.884853,9382813.000000
2018-09-14,52.805371,53.581832,52.762577,53.178318,18591985.000000
2018-09-17,53.190551,53.630749,52.970451,53.263916,21155691.000000
2018-09-18,53.263906,53.716331,52.762573,53.422867,21007263.000000
2018-09-19,53.539049,53.667439,52.328506,52.573059,24782653.000000
2018-09-20,53.031597,53.655207,52.725902,53.416767,28444660.000000
2018-09-21,53.771360,54.009804,53.037701,53.178318,62910152.000000
2018-09-24,53.062160,53.392308,52.646418,52.780922,28169688.000000
2018-09-25,52.866521,53.129415,52.291815,52.579166,25278521.000000
2018-09-26,52.475232,52.964338,51.662087,51.986122,57321757.000000
2018-09-27,52.157304,52.279581,51.600943,51.747677,6092351.000000
2018-09-28,51.759917,51.784371,51.160758,51.478680,7957527.000000
2018-10-01,51.796595,51.961669,51.441988,51.619289,28739295.000000
2018-10-02,51.558162,51.558162,51.111854,51.124081,41216887.000000
2018-10-03,51.484796,51.619300,51.124080,51.197445,9247547.000000
2018-10-04,51.191333,51.539822,50.983460,51.325836,10377088.000000
2018-10-05,51.240233,51.607063,50.781694,51.344170,9314466.000000
2018-10-08,51.166868,51.490900,50.839774,51.142410,6958495.000000
2018-10-09,50.903973,50.910086,50.213107,50.255905,9039971.000000
2018-10-10,50.035800,50.200874,49.045353,49.045353,8007003.000000
2018-10-11,48.929194,49.173747,47.944864,48.042686,8289587.000000
2018-10-12,48.806919,48.959767,47.804245,48.421745,3590013.000000
2018-10-15,48.287245,48.666305,47.810365,48.262791,3090656.000000
2018-10-16,48.629610,48.953646,48.299461,48.776344,3990419.000000
2018-10-17,48.709091,49.100378,48.317807,49.045353,4155973.000000
2018-10-18,48.861936,49.430525,48.751886,48.929188,4151533.000000
2018-10-19,48.941424,49.461098,48.513452,48.782463,5913159.000000
2018-10-22,48.953650,49.017843,47.474097,47.498550,5641518.000000
2018-10-23,46.667063,47.226480,46.177953,47.107258,4497230.000000
2018-10-24,47.205097,47.302920,45.242547,45.291458,4447119.000000
2018-10-25,45.560458,46.890223,45.554345,46.667068,6423141.000000
2018-10-26,44.765666,46.153510,42.283442,44.667843,16365412.000000
2018-10-29,45.150824,45.370923,43.750749,44.142036,8744701.000000
2018-10-30,44.142053,44.386606,43.286113,43.824135,8134182.000000
2018-10-31,44.398829,45.939521,44.319347,45.395386,5496896.000000
2018-11-01,45.572684,45.951744,45.071347,45.737759,3322019.000000
2018-11-02,46.196290,46.636488,45.548223,45.768322,2840739.000000
2018-11-05,45.841697,46.080136,45.303675,45.915062,2277634.000000
2018-11-06,45.908948,46.520335,45.266994,46.391945,2021692.000000
2018-11-07,46.838245,46.838245,46.129036,46.544777,2211984.000000
2018-11-08,46.532558,47.559686,46.355257,47.009438,2752571.000000
2018-11-09,46.752657,46.874933,45.768327,45.988426,2329013.000000
2018-11-12,45.970085,46.208524,45.612427,45.829468,2415754.000000
2018-11-13,45.786669,47.027783,45.786669,45.982311,3224495.000000
2018-11-14,46.080142,46.385837,44.869600,44.997990,3707994.000000
2018-11-15,44.741208,46.349151,44.472197,46.300240,3717667.000000
2018-11-16,46.012877,46.697628,45.930339,46.129040,3042766.000000
2018-11-19,46.165724,46.202405,44.887926,45.095798,2190734.000000
2018-11-20,44.673958,44.979653,44.203192,44.380493,2221498.000000
2018-11-21,44.716742,45.432065,44.551667,45.156940,2186611.000000
2018-11-23,44.704522,44.955189,44.472196,44.508881,1438447.000000
2018-11-26,44.918512,45.242543,44.233760,44.753437,3197219.000000
2018-11-27,44.472185,45.211962,43.958621,45.095798,3085423.000000
2018-11-28,45.242532,45.866145,44.423277,45.847805,2810768.000000
2018-11-29,45.798863,45.905958,44.929885,45.364376,3139973.000000
2018-11-30,45.272575,46.784110,45.180780,46.551567,4789169.000000
2018-12-03,47.175760,47.438899,46.221106,46.484249,3268737.000000
2018-12-04,46.478124,46.582157,44.483144,44.581059,5248565.000000
2018-12-06,43.889548,44.244483,43.112362,44.146572,4726531.000000
2018-12-07,44.164934,44.519868,42.567727,42.800270,3694357.000000
2018-12-10,42.665626,43.448932,42.353530,43.277584,3241621.000000
2018-12-11,43.914021,44.109849,42.665629,42.873695,2061019.000000
2018-12-12,43.552975,44.244486,43.277594,43.308193,2217375.000000
2018-12-13,43.430581,43.571330,42.683994,42.806385,2497897.000000
2018-12-14,42.463685,42.855338,41.955761,42.139347,2429233.000000
2018-12-17,41.845605,42.304572,41.276485,41.582462,5027192.000000
2018-12-18,42.072027,42.072027,41.196931,41.674255,3967584.000000
2018-12-19,41.613061,42.212780,40.517659,40.744083,3157100.000000
2018-12-20,40.358551,40.750204,38.981649,39.875103,4686094.000000
2018-12-21,39.875098,40.768556,39.471207,40.083164,9564383.000000
2018-12-24,39.673164,39.752717,38.534924,38.944935,2422732.000000
2018-12-26,39.067338,40.242297,38.485979,40.205578,2497263.000000
2018-12-27,39.716007,40.933800,39.385549,40.933800,2043100.000000
2018-12-28,41.117382,41.294849,40.266762,40.817524,2299994.000000
2018-12-31,40.946046,41.435614,40.866494,41.405014,1937805.000000
2019-01-02,40.768572,41.276497,40.584986,41.215302,1841390.000000
2019-01-03,40.536023,40.652295,39.403902,39.550774,3055452.000000
2019-01-04,40.230048,41.288731,40.058700,41.282612,2619525.000000
2019-01-07,41.215303,41.753824,41.144927,41.490685,2468085.000000
2019-01-08,42.023074,42.072031,41.166334,41.680378,2413059.000000
2019-01-09,41.680388,42.500413,41.662031,42.365780,2221022.000000
2019-01-10,42.072039,42.824745,41.931291,42.763550,1908785.000000
2019-01-11,42.365777,42.573843,42.145472,42.537125,1748623.000000
2019-01-14,42.286231,42.769675,42.237274,42.610569,1782241.000000
2019-01-15,42.665643,42.836991,42.225036,42.830872,1943514.000000
2019-01-16,42.757429,43.124602,42.659515,42.849224,1803015.000000
2019-01-17,42.628916,43.785514,42.628916,43.681480,1826326.000000
2019-01-18,43.938506,44.813603,43.938506,44.691212,2872930.000000
2019-01-22,44.330161,44.330161,43.568274,43.858952,1894989.000000
2019-01-23,44.036416,44.452546,43.240868,43.534611,1659186.000000
2019-01-24,43.552970,43.822232,43.393861,43.442818,1869934.000000
2019-01-25,43.926263,44.268959,43.736554,44.213882,2321877.000000
2019-01-28,43.577450,44.005822,43.308192,43.993584,1333470.000000
2019-01-29,44.103732,45.333763,44.103732,45.095100,2836141.000000
2019-01-30,45.401087,46.013045,44.825848,45.731544,1661247.000000
2019-01-31,45.719292,46.013031,45.235845,45.890640,1748940.000000
2019-02-01,45.964092,46.184397,45.358257,45.486767,2038184.000000
2019-02-04,45.621390,45.621390,45.101227,45.468403,2674551.000000
2019-02-05,45.572427,45.878408,45.315407,45.609146,3553541.000000
2019-02-06,45.437809,46.022229,45.394971,45.866180,2694849.000000
2019-02-07,45.407203,45.633631,45.021673,45.541836,3075591.000000
2019-02-08,46.141547,47.420535,45.529589,47.010525,4824056.000000
2019-02-11,46.973808,47.285904,46.447526,47.218590,3222116.000000
2019-02-12,47.542933,48.411911,47.304270,48.234444,3470288.000000
2019-02-13,48.405802,49.256422,48.271172,49.225826,4263329.000000
2019-02-14,49.066712,49.562395,48.772974,49.231941,3374349.000000
2019-02-15,49.752098,50.076436,49.537912,50.058075,2937154.000000
2019-02-19,49.672535,49.892840,49.036100,49.250286,3524363.000000
2019-02-20,49.360435,50.009108,49.360435,49.605217,4724470.000000
2019-02-21,49.519477,49.721599,49.032551,49.372478,2827895.000000
2019-02-22,49.648098,49.862469,49.421478,49.837971,1429409.000000
2019-02-25,50.144211,50.389205,49.697096,49.978840,2798875.000000
2019-02-26,49.844095,50.242211,49.782847,50.064590,2880066.000000
2019-02-27,50.003344,50.107463,49.681786,50.046215,1914653.000000
2019-02-28,49.972713,50.266706,49.654219,49.960464,3027384.000000
2019-03-01,50.260588,50.707703,50.153405,50.566833,2071802.000000
2019-03-04,50.768937,51.160928,50.193200,50.579067,2790946.000000
2019-03-05,50.658697,50.860819,50.376953,50.376953,1718018.000000
2019-03-06,50.401452,50.661758,50.193205,50.248329,1666798.000000
2019-03-07,50.217706,50.217706,49.415350,49.648094,2441444.000000
2019-03-08,49.145863,49.617476,48.747747,49.243858,2448738.000000
2019-03-11,49.323485,50.352461,49.323485,50.334084,2335356.000000
2019-03-12,50.432082,50.591941,50.095215,50.297337,2215789.000000
2019-03-13,50.603576,51.265062,50.487203,50.946568,2442712.000000
2019-03-14,50.768952,51.047632,50.554581,50.615829,2123815.000000
2019-03-15,50.579078,50.928195,50.487204,50.554577,2932714.000000
2019-03-18,50.597458,51.240567,50.542334,51.087448,1636985.000000
2019-03-19,51.185441,51.317127,50.683206,50.866951,2679784.000000
2019-03-20,50.940452,51.185445,50.401466,50.830204,2188673.000000
2019-03-21,50.756696,51.724423,50.701572,51.583549,1440350.000000
2019-03-22,51.326323,51.430446,50.352470,50.364719,1803491.000000
2019-03-25,50.364708,50.799574,50.223834,50.591328,1048508.000000
2019-03-26,50.842446,51.418182,50.713825,51.191563,2255751.000000
2019-03-27,51.350815,51.412064,50.358590,50.432087,2051821.000000
2019-03-28,50.566824,51.093561,50.462701,50.799568,1910847.000000
2019-03-29,51.203823,51.479438,51.007825,51.381443,1979352.000000
2019-04-01,51.840809,52.183801,51.632562,52.104176,1850429.000000
2019-04-02,52.300163,52.557405,52.061294,52.477783,1198521.000000
2019-04-03,52.845281,53.255646,52.716656,52.992275,1422114.000000
2019-04-04,53.071888,53.378130,52.796269,52.857517,1441460.000000
2019-04-05,53.053515,53.249513,52.869770,53.120888,2510900.000000
2019-04-08,52.973894,53.252574,52.624778,53.243389,2101614.000000
2019-04-09,52.882026,53.053522,52.569660,52.747280,1187262.000000
2019-04-10,52.826892,52.845269,52.557397,52.692146,2291906.000000
2019-04-11,52.851401,53.329139,52.557405,53.194393,3053708.000000
2019-04-12,53.482271,53.794637,53.408770,53.690514,1436545.000000
2019-04-15,53.800754,54.119249,53.427140,53.788506,1151741.000000
2019-04-16,53.898752,54.021249,53.512885,53.678257,1649671.000000
2019-04-17,54.125378,54.278500,53.653765,53.659889,1606221.000000
2019-04-18,53.923251,54.327491,53.745630,54.204994,2328062.000000
2019-04-22,53.855873,54.214178,53.653755,54.119244,1949857.000000
2019-04-23,54.125379,54.658240,54.002882,54.486744,1633814.000000
2019-04-24,54.664357,54.805231,54.400991,54.547985,1646183.000000
2019-04-25,54.174367,54.517359,53.427134,53.770126,3326301.000000
2019-04-26,49.831849,52.417769,49.556234,52.202171,5174193.000000
2019-04-29,52.416526,52.938976,52.263404,52.581898,3365469.000000
2019-04-30,52.600279,52.998395,52.336913,52.882023,2643629.000000
2019-05-01,52.931018,53.145388,52.232785,52.294033,1583069.000000
2019-05-02,52.281788,52.661527,51.944921,52.569656,1306195.000000
2019-05-03,52.765654,53.078023,52.630908,53.022900,1084822.000000
2019-05-06,52.122539,52.177663,51.669299,52.024540,1556904.000000
2019-05-07,51.369179,51.510052,50.909818,51.130310,2470305.000000
2019-05-08,50.585203,50.860822,50.285086,50.517830,3175653.000000
2019-05-09,50.015594,50.419834,49.770597,50.383083,1583862.000000
2019-05-10,50.070710,50.658695,49.403099,50.609695,1487606.000000
2019-05-13,49.470482,49.599104,48.980496,49.305111,3274922.000000
2019-05-14,49.452115,50.101349,49.286743,49.311241,2176780.000000
2019-05-15,49.121359,50.101335,48.933327,49.831841,1607649.000000
2019-05-16,50.315716,50.364715,49.788979,49.825726,1652526.000000
2019-05-17,49.335733,49.807346,48.962115,49.317356,2117155.000000
2019-05-20,48.851866,48.974366,48.466003,48.594624,2027718.000000
2019-05-21,48.943743,49.145865,48.845744,48.937618,1757662.000000
2019-05-22,48.888608,49.148914,48.686490,48.747738,2735920.000000
2019-05-23,48.245511,48.527254,47.878017,48.080139,2818697.000000
2019-05-24,48.368009,48.545629,47.780020,47.798397,1831241.000000
2019-05-28,47.865772,48.006642,47.032789,47.038918,2555777.000000
2019-05-29,46.646918,47.112406,46.365174,46.916409,4370527.000000
2019-05-30,47.008365,47.419105,46.757017,47.106453,3686586.000000
2019-05-31,46.609884,46.836712,46.517930,46.683453,3160588.000000
2019-06-03,45.770011,46.652800,45.120184,46.444363,4070659.000000
2019-06-04,46.940942,47.725642,46.689594,47.676598,3095572.000000
2019-06-05,47.958594,48.350944,47.566244,48.326420,2634590.000000
2019-06-06,48.387730,48.816864,48.130252,48.663601,1710565.000000
2019-06-07,48.939458,49.010571,48.350935,48.412239,1747672.000000
2019-06-10,48.596155,48.669719,48.228329,48.381588,1785571.000000
2019-06-11,48.841380,49.074341,48.289641,48.528728,2071009.000000
2019-06-12,48.430647,48.491951,47.805339,47.927948,1813639.000000
2019-06-13,48.136368,48.268173,47.927931,48.130238,1601623.000000
2019-06-14,48.032164,48.056688,47.100335,47.406857,2618257.000000
2019-06-17,47.351671,47.504933,46.867366,46.989975,2538175.000000
2019-06-18,47.363944,48.185428,47.363944,48.026035,2808707.000000
2019-06-19,48.056686,48.384665,47.872770,48.332554,2189624.000000
2019-06-20,48.933332,49.583159,48.720605,49.546379,1999015.000000
2019-06-21,49.411511,49.601558,49.034488,49.301163,3125860.000000
2019-06-24,49.307289,49.595421,49.147900,49.448292,1588778.000000
2019-06-25,49.485072,49.797723,49.221460,49.429897,2864050.000000
2019-06-26,49.399249,49.650597,48.884291,48.957859,3371336.000000
2019-06-27,49.135639,49.350203,48.951723,49.282768,2709280.000000
2019-06-28,49.374727,50.226861,49.154029,49.975510,7661465.000000
2019-07-01,50.600825,50.993175,50.226869,50.680523,2325049.000000
2019-07-02,50.790863,50.790863,50.042944,50.245251,1484117.000000
2019-07-03,50.275908,50.625343,50.030687,50.625343,1310635.000000
2019-07-05,50.153295,50.208469,48.982379,49.644466,1677739.000000
2019-07-08,49.521872,49.828397,49.141786,49.319569,1754015.000000
2019-07-09,49.190815,49.337944,49.000769,49.209206,2225780.000000
2019-07-10,49.282770,49.668990,48.636006,48.669724,1734827.000000
2019-07-11,48.669729,48.927210,48.491946,48.859776,2527868.000000
2019-07-12,49.196948,49.859035,49.196948,49.846775,1351072.000000
2019-07-15,49.901944,49.926464,49.276637,49.503464,1219295.000000
2019-07-16,49.472813,50.006166,49.408446,49.908077,1517260.000000
2019-07-17,49.816125,49.932603,48.804601,48.859776,1854076.000000
2019-07-18,48.749428,49.006906,48.271250,48.491947,2947144.000000
2019-07-19,48.681980,48.878153,48.099584,48.130238,4544802.000000
2019-07-22,48.062815,48.547120,48.062815,48.424511,2401165.000000
2019-07-23,48.731039,50.042954,48.724905,49.920345,2887678.000000
2019-07-24,49.730278,50.754065,49.613800,50.423019,2080365.000000
2019-07-25,50.447566,50.582435,49.914214,50.147171,2618732.000000
2019-07-26,45.481883,48.743291,45.481883,48.093460,8283878.000000
2019-07-29,47.927937,48.026025,46.720237,47.100327,4821201.000000
2019-07-30,46.824459,47.094200,46.591501,47.081940,2921296.000000
2019-07-31,46.989996,47.124864,46.174645,46.622169,3336925.000000
2019-08-01,46.517927,46.612949,44.893969,45.212139,3163601.000000
2019-08-02,45.181491,45.242795,44.047355,45.144707,3335340.000000
2019-08-05,43.434315,43.851185,42.992921,43.164574,3959972.000000
2019-08-06,43.360745,43.832793,42.913221,43.783749,3134265.000000
2019-08-07,43.140054,43.642753,42.698664,43.612103,3080190.000000
2019-08-08,43.875706,44.163838,43.605969,44.041229,2321243.000000
2019-08-09,43.930877,43.937007,43.060353,43.219746,2083695.000000
2019-08-12,42.888694,43.060347,42.318562,42.324692,1800795.000000
2019-08-13,42.508610,43.642745,42.238872,42.919350,1827118.000000
2019-08-14,42.220487,42.330835,41.067961,41.276398,3561311.000000
2019-08-15,41.392876,41.469508,40.877918,41.276398,2146174.000000
2019-08-16,41.662621,42.428931,41.555340,42.257278,3814399.000000
2019-08-19,42.858058,43.155386,42.680275,42.962276,1714371.000000
2019-08-20,42.833525,43.170701,42.508610,42.919350,2855646.000000
2019-08-21,43.446572,43.495617,42.968394,43.066483,2095588.000000
2019-08-22,43.305569,43.440442,42.735436,42.759960,1837902.000000
2019-08-23,42.508624,42.943888,41.705534,41.913971,2603826.000000
2019-08-26,42.312445,42.404403,41.601309,42.386009,3176604.000000
2019-08-27,42.747703,42.980660,42.245005,42.318569,1870727.000000
2019-08-28,42.030440,42.717052,41.950746,42.692532,2356447.000000
2019-08-29,43.250957,43.459604,42.815259,43.379829,1712468.000000
2019-08-30,43.717344,43.919851,43.428923,43.508698,2554192.000000
2019-09-03,43.048446,43.220271,42.305914,42.355007,2348042.000000
2019-09-04,42.324330,42.496156,40.207193,41.090870,11710240.000000
2019-09-05,41.563380,42.078857,41.422240,41.790436,6762971.000000
2019-09-06,42.035914,42.379566,41.864089,42.017506,4826117.000000
2019-09-09,42.017492,42.244547,41.600202,41.735207,5295504.000000
2019-09-10,41.790446,42.379562,41.735217,42.103416,3955056.000000
2019-09-11,42.262964,43.318466,41.870219,43.318466,3683256.000000
2019-09-12,43.416638,43.551646,42.585125,42.944118,2526599.000000
2019-09-13,42.944125,43.177317,42.852078,42.968674,2467450.000000
2019-09-16,42.784575,43.069930,42.618889,42.649570,2395139.000000
2019-09-17,42.545248,42.772303,42.164779,42.379559,2148236.000000
2019-09-18,42.140227,42.790712,41.882490,42.766163,2257178.000000
2019-09-19,42.760029,43.097544,42.213871,42.213871,2369450.000000
2019-09-20,42.250688,42.447062,41.686118,41.839535,9485095.000000
2019-09-23,41.606332,42.005213,41.514282,41.698380,3137436.000000
2019-09-24,41.673853,41.870224,40.802453,41.078598,4799001.000000
2019-09-25,41.115394,41.729058,41.011071,41.630871,3593819.000000
2019-09-26,41.624769,42.238433,41.287254,41.716820,3920011.000000
2019-09-27,41.974539,42.336602,41.624752,42.097271,3397660.000000
2019-09-30,42.324320,42.434779,41.876349,42.072720,3535939.000000
2019-10-01,42.318182,42.483871,40.624475,40.673565,5057956.000000
2019-10-02,40.164232,40.464926,39.071909,39.538296,6914253.000000
2019-10-03,39.409448,40.461880,38.973749,40.305397,3906849.000000
2019-10-04,40.317643,40.833120,40.029222,40.808575,2265900.000000
2019-10-07,40.655174,40.790179,40.250157,40.280842,2228000.000000
2019-10-08,39.789907,39.888094,39.335796,39.421707,2318388.000000
2019-10-09,39.894230,39.894230,39.225336,39.808315,2647435.000000
2019-10-10,39.697859,40.342208,39.697859,40.151970,2035647.000000
2019-10-11,40.661290,42.011349,40.661290,41.698380,5101565.000000
2019-10-14,41.477485,41.765910,41.287251,41.704540,2412107.000000
2019-10-15,41.673845,42.729347,41.630887,42.655704,3666923.000000
2019-10-16,42.557514,43.042306,42.397961,42.557514,3364993.000000
2019-10-17,42.821397,43.613022,42.701731,43.514835,2689933.000000
2019-10-18,43.226415,43.784849,43.146640,43.533245,2665037.000000
2019-10-21,43.815526,44.416917,43.662113,44.134632,2809183.000000
2019-10-22,43.938260,44.726815,43.588469,44.343277,2135550.000000
2019-10-23,44.294189,44.459878,43.959740,44.392376,2391334.000000
2019-10-24,44.380102,44.380102,43.238689,43.883038,3351831.000000
2019-10-25,43.784837,43.784837,41.428373,41.949986,6602650.000000
2019-10-28,41.962269,43.208006,41.962269,42.121822,4959639.000000
2019-10-29,41.980680,42.312059,41.483616,42.029774,7069340.000000
2019-10-30,41.919313,42.821398,41.747487,42.600479,2773820.000000
2019-10-31,42.471604,42.600472,41.937718,42.342735,2149980.000000
2019-11-01,42.729350,44.067133,42.606614,44.060997,3375142.000000
2019-11-04,44.367829,45.398782,44.060998,45.245365,3873390.000000
2019-11-05,45.355819,45.625832,44.785117,45.110355,2492664.000000
2019-11-06,45.030582,45.036718,44.591814,44.913986,2020423.000000
2019-11-07,45.134904,45.214678,44.281912,44.361687,2167106.000000
2019-11-08,44.324870,44.754436,44.131566,44.723755,1364868.000000
2019-11-11,44.318730,44.686929,44.140768,44.232819,1913067.000000
2019-11-12,44.196005,44.582613,44.036451,44.245098,2499007.000000
2019-11-13,43.864619,44.097810,43.539380,43.557789,1992672.000000
2019-11-14,43.784846,44.024174,43.545518,43.649841,2271291.000000
2019-11-15,43.852349,44.640905,43.772575,43.956673,3004549.000000
2019-11-18,43.833939,43.932126,43.539381,43.662113,1941452.000000
2019-11-19,43.784856,43.938273,43.404384,43.631439,2536590.000000
2019-11-20,43.459607,43.637569,43.011633,43.017769,4170245.000000
2019-11-21,43.128223,43.778707,42.802984,43.527103,2862782.000000
2019-11-22,43.741895,43.840082,43.177324,43.385971,2091307.000000
2019-11-25,43.404377,44.005768,43.275509,43.864624,2904011.000000
2019-11-26,43.968950,44.306465,43.919856,44.275784,1761943.000000
2019-11-27,44.288065,44.499983,44.073073,44.447773,1535655.000000
2019-11-29,44.447760,44.447760,44.189769,44.331051,1208353.000000
2019-12-02,44.619769,44.828618,44.073077,44.091507,3134265.000000
2019-12-03,43.667659,43.784368,43.182396,43.679943,3003597.000000
2019-12-04,43.845789,44.619757,43.845789,43.864220,3184850.000000
2019-12-05,43.888781,44.650460,43.815071,44.410900,3167883.000000
2019-12-06,44.816323,45.178738,44.748755,44.761040,2713561.000000
2019-12-09,46.118556,46.763527,45.332304,45.541153,4660088.000000
2019-12-10,45.547295,45.682431,45.307735,45.356876,2816477.000000
2019-12-11,45.891279,46.536250,45.627146,46.050987,4021341.000000
2019-12-12,46.050979,46.867942,45.762277,46.788090,3523570.000000
2019-12-13,46.720538,47.161576,46.179988,46.186131,2437321.000000
2019-12-16,46.579245,47.113649,46.290543,46.781952,2895607.000000
2019-12-17,46.732811,47.181221,46.474821,47.138222,2731797.000000
2019-12-18,47.076809,47.199660,46.757393,47.076809,3099695.000000
2019-12-19,47.132080,47.285643,46.947804,47.082939,2515816.000000
2019-12-20,47.476059,47.476059,46.517814,46.523956,5684809.000000
2019-12-23,46.640680,47.218083,46.302838,47.205799,2384673.000000
2019-12-24,47.340932,47.482213,46.806528,46.923237,428315.000000
2019-12-26,47.076793,47.215001,46.634525,46.861801,1317136.000000
2019-12-27,46.984664,47.095231,46.794245,47.039948,1238958.000000
2019-12-30,47.070655,47.211933,46.695955,46.855663,1025831.000000
2019-12-31,46.806528,47.015377,46.671392,46.923237,1372480.000000
2020-01-02,47.297941,47.641926,47.003098,47.635780,2573062.000000
2020-01-03,46.806523,47.512919,46.702098,47.439209,1813322.000000
2020-01-06,46.874084,47.292396,46.665239,47.193501,3149488.000000
2020-01-07,47.187376,47.359368,46.794250,47.347080,2659645.000000
2020-01-08,47.334780,47.482204,46.929370,47.304070,3626962.000000
2020-01-09,47.568194,48.317593,47.568194,47.899895,4416514.000000
2020-01-10,47.979757,48.299170,47.697198,47.912186,3349136.000000
2020-01-13,47.912183,48.452732,47.801616,48.403591,3727499.000000
2020-01-14,48.403596,48.769080,48.041184,48.121037,3040070.000000
2020-01-15,48.268459,48.520303,47.678768,47.912186,1891342.000000
2020-01-16,48.200893,48.489598,47.605063,48.071899,1698830.000000
2020-01-17,48.010459,48.637003,48.010459,48.391300,2301262.000000
2020-01-21,48.145614,48.188613,47.592783,48.022762,2347408.000000
2020-01-22,48.311464,48.468103,47.672635,47.703350,2225145.000000
2020-01-23,47.519062,47.826193,47.187365,47.660343,1485703.000000
2020-01-24,47.783195,47.875335,46.837239,47.242649,1829180.000000
2020-01-27,46.370395,46.582317,45.817564,45.835991,2216424.000000
2020-01-28,45.891284,46.450260,45.725433,46.087849,2892753.000000
2020-01-29,46.425681,46.665245,46.173836,46.259834,2214521.000000
2020-01-30,46.032551,46.855656,45.891269,46.806515,2550069.000000
2020-01-31,46.560817,46.646811,45.799133,46.026409,3178666.000000
2020-02-03,46.364256,46.751240,45.808966,45.934277,2566719.000000
2020-02-04,46.480961,47.116720,46.474818,46.984653,3322336.000000
2020-02-05,47.635768,47.715624,47.258000,47.641914,1847733.000000
2020-02-06,47.764767,47.930617,47.224217,47.807766,3138546.000000
2020-02-07,47.396205,49.515398,47.359352,48.538727,5830699.000000
2020-02-10,48.262316,48.753721,48.016610,48.735294,2402275.000000
2020-02-11,48.815151,49.085426,48.587875,48.772156,2917332.000000
2020-02-12,49.140715,49.202140,48.296110,48.526455,2769539.000000
2020-02-13,48.194742,48.329881,47.328638,47.445347,3319799.000000
2020-02-14,47.525204,47.832332,47.433064,47.795475,1853284.000000
2020-02-18,47.641910,47.906039,47.175074,47.697193,1760199.000000
2020-02-19,47.893765,47.899907,47.132085,47.211937,2103517.000000
2020-02-20,47.150511,47.506780,46.837241,47.168938,2247663.000000
2020-02-21,46.849530,46.996950,46.480973,46.566971,1789377.000000
2020-02-24,45.307725,45.320010,44.361765,44.564472,2867539.000000
2020-02-25,44.767194,44.847046,42.973555,43.170116,4151850.000000
2020-02-26,43.587817,44.171363,43.176261,43.458820,5026558.000000
2020-02-27,42.764004,44.510224,42.524820,43.219002,6438047.000000
2020-02-28,41.989283,42.625672,41.478943,42.524220,6098376.000000
2020-03-02,42.579547,43.495699,41.810965,43.440361,4040846.000000
2020-03-03,43.231315,44.670104,42.431988,42.659489,3538317.000000
2020-03-04,43.096037,44.362666,42.610294,44.313477,8547432.000000
2020-03-05,43.219015,43.357364,41.558874,41.909351,3992798.000000
2020-03-06,40.667305,41.466633,40.421360,41.079266,4324857.000000
2020-03-09,38.798120,39.142445,36.295613,38.189404,5234610.000000
2020-03-10,39.031771,39.351503,36.467777,38.404606,9280214.000000
2020-03-11,37.205623,37.666777,36.209540,36.541569,5600763.000000
2020-03-12,34.217347,35.576204,32.222105,34.266537,8242965.000000
2020-03-13,35.699189,36.738314,33.774657,36.726017,5296772.000000
2020-03-16,32.797020,34.469462,31.235258,31.874720,4827227.000000
2020-03-17,32.501883,32.926144,30.386739,32.378910,5724929.000000
2020-03-18,30.220722,30.220722,22.940694,27.705914,9436888.000000
2020-03-19,27.466113,28.966390,26.131853,28.314631,7178917.000000
2020-03-20,29.052475,29.261529,26.992670,28.025646,6487840.000000
2020-03-23,27.263213,27.693620,24.986974,25.830572,5830858.000000
2020-03-24,27.275511,30.872483,26.929954,30.694172,5305177.000000
2020-03-25,31.013903,31.942354,29.771870,30.675726,6162600.000000
2020-03-26,31.192207,32.243630,30.288352,31.770184,6337034.000000
2020-03-27,30.312954,31.321337,29.329165,30.528156,6256319.000000
2020-03-30,30.128497,32.335868,30.110050,32.034584,5873198.000000
2020-03-31,31.708690,34.334173,31.708690,33.934509,5024179.000000
2020-04-01,32.858506,34.180474,32.311277,33.799255,6056195.000000
2020-04-02,33.627081,34.727692,33.411876,34.432556,3739075.000000
2020-04-03,34.561683,35.852906,32.840055,33.374989,3685318.000000
2020-04-06,34.303442,35.649999,33.753132,35.201145,4255242.000000
2020-04-07,36.738307,37.519190,35.865197,35.938980,3743515.000000
2020-04-08,35.975882,37.808186,35.674598,37.285549,3679926.000000
2020-04-09,37.722090,38.705880,37.156416,37.531483,2251152.000000
2020-04-13,37.457724,37.525359,36.031231,36.535423,2578612.000000
2020-04-14,37.248648,37.974806,37.144120,37.513042,3313615.000000
2020-04-15,36.541556,36.787501,35.287226,35.348713,4279663.000000
2020-04-16,34.967489,35.047424,34.131273,34.912151,3401149.000000
2020-04-17,35.852907,37.174871,35.809865,37.113384,2891167.000000
2020-04-20,36.578452,36.710649,35.656151,36.092709,3188815.000000
2020-04-21,34.887557,35.736074,34.268999,34.334175,3437463.000000
2020-04-22,35.151960,35.816018,34.537096,35.502438,1944782.000000
2020-04-23,35.809874,36.553864,35.576225,36.031227,2946193.000000
2020-04-24,36.277161,37.377773,36.012771,37.101086,2609852.000000
2020-04-27,37.414675,39.505225,37.199470,39.339211,2725454.000000
2020-04-28,40.064735,40.556630,39.351491,39.788048,3095096.000000
2020-04-29,40.827179,41.177653,40.132380,40.304543,3128397.000000
2020-04-30,39.554406,39.658934,38.730485,39.351501,2727516.000000
2020-05-01,39.197776,39.351494,36.898174,37.353176,4629324.000000
2020-05-04,36.627638,37.513049,36.498517,37.506901,4275698.000000
2020-05-05,36.965815,37.113385,35.779124,35.865204,7203179.000000
2020-05-06,35.895948,36.166487,35.330270,35.520878,3134582.000000
2020-05-07,36.074265,36.240279,35.493214,35.619263,3916681.000000
2020-05-08,36.000460,36.596883,35.736069,36.443165,4891451.000000
2020-05-11,36.025063,36.713714,35.551617,36.166481,3467117.000000
2020-05-12,36.326356,36.633788,34.524793,34.530945,3348184.000000
2020-05-13,34.432550,34.813768,33.067545,33.485653,3289987.000000
2020-05-14,32.999922,34.321886,32.255932,34.284992,3402735.000000
2020-05-15,33.928382,34.586292,33.774668,33.971424,3026115.000000
2020-05-18,34.936760,36.719874,34.936760,36.393993,4697512.000000
2020-05-19,36.326343,37.420806,36.098842,36.344788,3972658.000000
2020-05-20,36.283319,36.719876,36.221833,36.338657,4600621.000000
2020-05-21,36.277167,36.314060,35.613112,35.834465,3057672.000000
2020-05-22,35.938988,36.092706,35.287231,35.988178,2467609.000000
2020-05-26,37.113382,38.041830,37.054967,37.734398,2488700.000000
2020-05-27,38.681291,39.400687,38.506056,39.142441,2749717.000000
2020-05-28,39.444066,39.480996,37.806717,37.880585,2922723.000000
2020-05-29,37.695916,37.769784,37.188093,37.535873,3811862.000000
2020-06-01,37.535866,38.471495,37.154231,38.268364,3649638.000000
2020-06-02,38.631535,39.456362,38.305295,39.413273,3481547.000000
2020-06-03,40.010372,41.376877,39.874950,41.290703,4500718.000000
2020-06-04,40.847506,41.647713,40.792107,41.524605,3184692.000000
2020-06-05,43.248125,45.027047,43.155795,43.463566,6160063.000000
2020-06-08,44.091415,44.399186,42.712597,43.321983,5867172.000000
2020-06-09,42.614107,43.094229,42.023186,42.829548,4847842.000000
2020-06-10,42.681824,42.826477,41.112188,41.155277,2575282.000000
2020-06-11,39.456371,39.671813,38.550292,38.686943,4314549.000000
2020-06-12,40.121155,40.121155,38.108327,39.179371,3282534.000000
2020-06-15,38.071396,39.801073,37.665137,39.634876,3159002.000000
2020-06-16,41.130650,42.084744,39.954963,41.740040,5435685.000000
2020-06-17,42.214017,42.294040,41.635406,41.795448,4926179.000000
2020-06-18,41.321465,42.380202,41.321465,41.967789,4034186.000000
2020-06-19,42.983448,43.020378,41.727737,41.764668,7472600.000000
2020-06-22,41.383026,42.392516,41.118341,42.103210,3676438.000000
2020-06-23,42.620269,42.811091,42.004728,42.035503,3023420.000000
2020-06-24,41.370710,41.755428,40.250422,40.632061,3979319.000000
2020-06-25,40.730552,41.776980,40.198106,41.647713,2960148.000000
2020-06-26,41.493822,41.493822,40.490483,40.853653,4905088.000000
2020-06-29,41.149120,42.047816,41.038326,41.807755,2739885.000000
2020-06-30,41.352252,41.943173,41.130656,41.647713,4745085.000000
2020-07-01,41.703112,42.047817,41.469206,41.524605,4248740.000000
2020-07-02,42.146294,42.737215,41.804669,41.949322,2265741.000000
2020-07-06,42.687977,42.835705,42.297104,42.564865,1939866.000000
2020-07-07,42.306338,42.435602,41.863146,41.893925,1563089.000000
2020-07-08,41.789289,42.066284,41.327631,42.029350,1952552.000000
2020-07-09,41.844678,42.238627,41.167579,41.413795,1888170.000000
2020-07-10,41.481512,41.623089,41.198362,41.401493,2735762.000000
2020-07-13,41.653858,42.263248,41.512285,41.629238,2044210.000000
2020-07-14,41.715412,42.675661,41.259909,42.571022,3066870.000000
2020-07-15,43.223503,44.066800,43.038841,43.820580,2844545.000000
2020-07-16,43.715928,44.411496,43.229650,44.140656,3238291.000000
2020-07-17,44.362251,44.633092,44.109876,44.374561,1937646.000000
2020-07-20,44.282250,44.319184,43.402023,43.549751,1814591.000000
2020-07-21,43.672838,44.189895,43.672838,43.826721,2101614.000000
2020-07-22,43.722098,44.159136,43.623614,44.029873,3130142.000000
2020-07-23,44.220685,44.947028,44.211450,44.645412,2106847.000000
2020-07-24,44.706955,44.706955,43.617443,43.703617,2934141.000000
2020-07-27,43.839034,44.405335,43.719001,44.257603,3370226.000000
2020-07-28,44.091412,44.171432,43.678999,43.722084,3352783.000000
2020-07-29,45.144004,45.531798,44.780835,45.304047,5995777.000000
2020-07-30,44.626946,44.780833,44.085269,44.417664,4405731.000000
2020-07-31,44.232995,44.232995,42.940355,43.205036,4610929.000000
2020-08-03,43.402004,43.475868,42.669506,42.817238,5946936.000000
2020-08-04,42.743376,43.081921,42.534089,42.761841,4929509.000000
2020-08-05,43.100391,43.549735,42.687978,43.100391,6313406.000000
2020-08-06,42.964980,43.709788,42.937280,43.518970,5068581.000000
2020-08-07,43.506652,44.506911,43.309676,44.460743,3580182.000000
2020-08-10,44.534617,44.645415,44.137589,44.232998,6980696.000000
2020-08-11,44.830064,45.359431,44.694646,45.217857,13009140.000000
2020-08-12,45.550250,46.165795,44.891620,46.128864,4660722.000000
2020-08-13,45.648753,45.782942,45.063987,45.408691,2617781.000000
2020-08-14,45.242485,45.814941,45.153231,45.291729,1530580.000000
2020-08-17,45.273268,45.525639,44.910094,45.230179,2910037.000000
2020-08-18,45.070135,45.193243,44.276083,44.368416,2815367.000000
2020-08-19,44.503833,44.528457,43.851358,43.956001,3274763.000000
2020-08-20,43.488180,44.306856,43.438936,44.251457,2307447.000000
2020-08-21,44.362265,44.528462,43.660542,44.146824,2503447.000000
2020-08-24,44.423811,44.620784,43.992929,44.319168,2589713.000000
2020-08-25,44.405346,44.509986,43.315830,43.426628,6897443.000000
2020-08-26,43.488176,43.892591,43.044987,43.703617,5237940.000000
2020-08-27,43.956245,44.208865,43.626605,43.648167,5391442.000000
2020-08-28,43.722114,44.954415,43.346260,44.874317,4699573.000000
2020-08-31,44.701795,44.935932,44.242760,44.430687,2602399.000000
2020-09-01,44.178065,45.712898,44.153417,45.342590,4477249.000000
2020-09-02,45.435006,46.014188,45.077636,45.798534,3386401.000000
2020-09-03,45.952585,46.106620,44.831187,45.163910,3786807.000000
2020-09-04,45.780063,46.242177,45.459663,45.724609,5455824.000000
2020-09-08,45.582890,46.008037,44.972903,45.379562,6526692.000000
2020-09-09,45.817022,46.950742,45.379557,46.618019,7322111.000000
2020-09-10,46.950758,47.634687,46.821367,47.104797,7825433.000000
2020-09-11,47.277301,47.985874,47.000032,47.671638,5302798.000000
2020-09-14,48.059809,48.478795,47.702442,47.831833,4622029.000000
2020-09-15,47.967393,48.404858,47.412855,47.566895,3633463.000000
2020-09-16,47.733255,48.118349,47.141747,47.382050,8043952.000000
2020-09-17,46.845994,48.121427,46.611857,47.720928,7615478.000000
2020-09-18,47.536092,48.047498,46.470152,46.698128,17022553.000000
2020-09-21,45.786220,46.162070,43.882312,44.590885,6220956.000000
2020-09-22,44.535420,44.972889,44.221181,44.843494,5249834.000000
2020-09-23,44.720274,45.342588,44.147253,44.178062,3264773.000000
2020-09-24,44.042499,45.182380,43.728264,44.818851,4513087.000000
2020-09-25,44.455328,45.736922,44.270480,45.699951,3828512.000000
2020-09-28,46.698126,47.178723,46.245253,46.661156,3048475.000000
2020-09-29,46.685809,47.406704,46.383892,46.956913,5058273.000000
2020-09-30,47.258826,47.653164,46.571819,46.956913,4127588.000000
2020-10-01,47.345068,47.462136,46.081958,46.420841,3485194.000000
2020-10-02,45.927934,48.411027,45.890967,47.690128,3129349.000000
2020-10-05,48.503451,48.765315,47.955078,48.712944,5048917.000000
2020-10-06,49.230503,49.689534,48.312438,48.460312,3991529.000000
2020-10-07,48.830012,50.204030,48.830012,49.932922,5320717.000000
2020-10-08,50.197860,50.598359,49.775796,50.395027,4899221.000000
2020-10-09,51.541064,52.292090,51.025655,51.408531,18120981.000000
2020-10-12,51.356989,51.533705,49.744492,49.847572,5608167.000000
2020-10-13,49.170183,49.913848,48.721040,48.905113,3798139.000000
2020-10-14,48.765216,49.420526,48.610595,49.332169,3066962.000000
2020-10-15,48.890389,49.810765,48.647410,49.641418,1877572.000000
2020-10-16,49.847582,49.950666,49.346899,49.435257,2602512.000000
2020-10-19,49.405803,49.512566,48.249810,48.426521,2167787.000000
2020-10-20,48.816749,49.078136,48.264523,48.514866,2844557.000000
2020-10-21,48.713676,49.022925,48.308713,48.463333,2728843.000000
2020-10-22,48.802033,49.192270,48.581142,48.978745,2992518.000000
2020-10-23,49.302709,49.582505,48.846202,48.964012,3681098.000000
2020-10-26,48.441237,48.463324,46.968634,47.506134,2254838.000000
2020-10-27,47.395698,47.425150,46.556314,46.865562,2479367.000000
2020-10-28,46.416419,46.509928,44.980630,45.510769,4543913.000000
2020-10-29,45.267785,46.261793,44.781829,45.849464,2489983.000000
2020-10-30,45.812640,45.974625,44.829676,45.356133,3559279.000000
2020-11-02,46.048260,46.814016,45.937814,46.622578,3813002.000000
2020-11-03,47.204254,48.301342,46.659392,47.852200,2129039.000000
2020-11-04,47.484054,47.970010,46.416418,47.579773,2414742.000000
2020-11-05,48.610602,50.488170,48.360259,50.031662,4233263.000000
2020-11-06,50.061101,50.664868,49.645090,50.340897,2425756.000000
2020-11-09,53.109390,54.674030,51.736189,51.784046,2543063.000000
2020-11-10,52.004942,52.211107,51.327548,51.393814,3323472.000000
2020-11-11,51.916592,52.049125,50.786368,51.541077,2364979.000000
2020-11-12,50.988852,51.585254,50.793731,51.180286,1858331.000000
2020-11-13,51.651514,52.476172,51.607335,52.240555,2243692.000000
2020-11-16,53.021036,53.205113,52.152203,53.131481,3275965.000000
2020-11-17,52.571897,53.006313,51.673608,52.755974,1745536.000000
2020-11-18,52.829600,53.131483,52.262651,52.270012,1526581.000000
2020-11-19,52.240556,52.557165,51.408537,52.520351,1530695.000000
2020-11-20,52.689689,52.844314,52.247912,52.512978,2056585.000000
2020-11-23,52.998952,53.212477,52.616075,52.778061,1564400.000000
2020-11-24,53.330291,53.823612,52.906918,53.749981,2907324.000000
2020-11-25,53.713132,53.713132,52.747651,52.968754,2091883.000000
2020-11-27,53.057191,53.145634,52.511806,52.644466,892806.000000
2020-11-30,51.273627,51.995897,51.019361,51.686352,3007646.000000
2020-12-01,52.158040,52.839771,51.914829,51.995899,3070413.000000
2020-12-02,51.774797,51.922198,50.941976,51.332592,2228829.000000
2020-12-03,51.229412,51.907461,50.610325,50.728249,4208315.000000
2020-12-04,51.597916,52.843458,51.428403,52.533913,5034505.000000
2020-12-07,52.710788,52.743951,51.081999,51.140961,2777146.000000
2020-12-08,50.794579,51.008309,50.381854,50.411335,4569923.000000
2020-12-09,50.647177,51.428405,50.418706,51.325226,4463895.000000
2020-12-10,50.809309,51.701088,50.580838,50.801941,1912738.000000
2020-12-11,50.396589,50.905125,50.337628,50.521881,1873857.000000
2020-12-14,51.037782,51.280993,50.286031,50.308144,2338572.000000
2020-12-15,50.742978,51.450504,50.094411,51.148331,2222592.000000
2020-12-16,51.281005,51.398925,50.617697,50.794579,1938349.000000
2020-12-17,51.111496,51.398929,50.684031,51.096756,1973647.000000
2020-12-18,51.236777,51.664242,50.986194,51.465248,3822556.000000
2020-12-21,50.521891,51.605292,50.507151,51.450520,2273018.000000
2020-12-22,51.140964,51.531576,50.308147,50.455547,3366466.000000
2020-12-23,50.897754,51.332591,50.256558,51.111488,2898832.000000
2020-12-24,51.450514,51.465254,50.779837,51.325226,546857.000000
2020-12-28,51.686351,52.047486,50.654540,50.831421,1356592.000000
2020-12-29,51.126228,51.266260,50.079676,50.389221,1112822.000000
2020-12-30,50.580847,51.428405,50.580847,51.273632,1310280.000000
2020-12-31,51.140962,52.275952,50.883010,52.194881,1863904.000000
2021-01-04,52.327546,52.460206,50.602946,50.713497,2963191.000000
2021-01-05,50.757720,51.255201,50.182854,50.485027,3439319.000000
2021-01-06,51.059899,52.607614,50.860905,52.379143,4883891.000000
2021-01-07,52.725531,53.683640,52.268585,53.469906,2814169.000000
2021-01-08,53.661537,54.103742,53.101412,53.492027,2295843.000000
2021-01-11,52.917166,53.278298,52.261227,52.393890,1660210.000000
2021-01-12,52.489701,52.732913,51.885355,52.393890,1919373.000000
2021-01-13,52.482328,52.828723,51.538959,51.737949,1671489.000000
2021-01-14,52.040125,52.401256,51.384185,51.981163,2692350.000000
2021-01-15,51.701088,51.992207,51.096742,51.752678,1702674.000000
2021-01-19,52.209636,52.415998,51.597921,51.870613,3479129.000000
2021-01-20,51.841132,52.253857,51.590549,51.737949,2968897.000000
2021-01-21,51.737956,52.121200,51.443155,51.634777,1973913.000000
2021-01-22,51.538956,51.627395,50.625064,51.089382,2148678.000000
2021-01-25,50.706133,50.853533,49.932273,50.013344,2209853.000000
2021-01-26,50.116523,50.411328,49.342667,49.379517,2896576.000000
2021-01-27,48.745697,48.922578,47.595966,48.745697,4638130.000000
2021-01-28,49.438489,49.983873,48.789921,49.224754,2144432.000000
2021-01-29,48.996274,49.453220,48.237155,48.701473,2276469.000000
2021-02-01,48.996272,49.313185,48.716207,49.106823,2034291.000000
2021-02-02,49.408997,49.652209,48.701472,49.062603,3040024.000000
2021-02-03,49.003641,49.254224,48.554067,48.826759,2953106.000000
2021-02-04,48.775172,49.136307,48.642512,48.701473,4427668.000000
2021-02-05,49.902792,51.612652,49.902792,50.779831,8187192.000000
2021-02-08,50.883022,51.096753,49.372156,49.880692,5966988.000000
2021-02-09,49.932284,50.558739,49.622739,50.293419,2630512.000000
2021-02-10,50.853538,52.158041,50.470294,51.767426,3569630.000000
2021-02-11,52.040125,52.644467,51.288374,51.981163,3155341.000000
2021-02-12,51.811641,52.799231,51.642128,52.710793,1992756.000000
2021-02-16,52.519175,52.983493,51.339963,51.443146,2887021.000000
2021-02-17,50.654545,50.964090,49.261603,49.821728,4438550.000000
2021-02-18,49.526914,49.888045,48.697779,49.151039,4235121.000000
2021-02-19,49.409003,50.013349,49.379522,49.519554,2309776.000000
2021-02-22,49.040494,50.072305,48.856241,49.445847,2891533.000000
2021-02-23,49.549035,49.792247,48.642516,49.703808,3799599.000000
2021-02-24,49.748029,50.426077,49.519557,49.851212,3210677.000000
2021-02-25,49.711032,49.969252,48.589618,48.921616,2707478.000000
2021-02-26,49.083922,49.150321,48.397795,48.560104,2986015.000000
2021-03-01,49.238860,50.681202,49.150325,50.153698,2098651.000000
2021-03-02,50.079911,50.315999,49.627657,50.234844,1898539.000000
2021-03-03,50.131563,50.493072,49.939742,49.969254,2160621.000000
2021-03-04,49.961876,50.220095,48.449445,49.024906,1912605.000000
2021-03-05,49.474944,49.622497,47.955137,49.519211,3123227.000000
2021-03-08,49.888098,51.643993,49.415924,50.788177,2888083.000000
2021-03-09,51.075907,51.703015,50.633248,51.053776,6048068.000000
2021-03-10,51.164436,51.666122,50.906217,51.245590,2791875.000000
2021-03-11,51.289848,51.607090,50.057768,50.301235,4595799.000000
2021-03-12,50.183201,50.316002,49.386408,49.865963,4686168.000000
2021-03-15,49.784815,50.758676,48.818337,50.714409,3785798.000000
2021-03-16,50.736527,50.861949,49.305251,49.349518,2869107.000000
2021-03-17,49.379029,50.205333,48.995388,49.784801,2400941.000000
2021-03-18,49.821697,50.633245,49.784806,50.271736,2356089.000000
2021-03-19,50.020896,50.308626,49.755301,49.932365,4162136.000000
2021-03-22,49.836449,50.389774,49.039656,50.323376,2614057.000000
2021-03-23,50.057779,50.861951,49.674138,49.947113,2310307.000000
2021-03-24,50.330749,51.525938,50.223773,51.098030,2045836.000000
2021-03-25,51.304620,51.975992,50.538075,51.813683,2436637.000000
2021-03-26,52.049760,52.669488,51.725138,52.573574,2884235.000000
2021-03-29,52.389149,52.603105,51.666134,51.953865,2004434.000000
2021-03-30,51.946472,53.163797,51.946472,52.684242,3157995.000000
2021-03-31,52.529321,52.935094,52.094037,52.116169,3940128.000000
2021-04-01,52.699000,52.699000,51.216080,52.307983,2573053.000000
2021-04-05,52.794913,53.466288,52.573581,53.075268,2754852.000000
2021-04-06,52.979348,53.348233,52.293221,52.529308,2904272.000000
2021-04-07,52.492428,53.112152,52.330115,52.676868,2405188.000000
2021-04-08,52.580967,52.713765,51.813686,51.828442,3975294.000000
2021-04-09,51.961233,52.440783,51.607103,52.352253,3976621.000000
2021-04-12,52.544071,54.336853,52.344871,54.270454,2723933.000000
2021-04-13,54.049127,54.189304,53.554820,53.835175,2601318.000000
2021-04-14,53.783534,54.012241,53.163806,53.392513,1767299.000000
2021-04-15,53.444149,53.687612,53.030997,53.274464,2420846.000000
2021-04-16,53.783524,54.049119,53.078951,53.399879,3070943.000000
2021-04-19,53.215445,53.447843,52.898203,53.377754,1846255.000000
2021-04-20,53.525308,53.827795,53.016246,53.532688,2074897.000000
2021-04-21,53.569570,54.735247,53.525302,54.528671,3149767.000000
2021-04-22,54.395881,54.899778,53.916330,54.240948,4046687.000000
2021-04-23,54.469657,54.676233,54.292592,54.565567,2884633.000000
2021-04-26,54.668860,54.816413,54.255707,54.358997,2131427.000000
2021-04-27,54.299963,54.904935,54.001166,54.742626,2786302.000000
2021-04-28,54.750007,55.207426,54.536055,54.764763,2070916.000000
2021-04-29,55.104147,55.332855,54.536062,55.229568,1802995.000000
2021-04-30,53.477353,54.381122,52.167808,52.248962,6373714.000000
2021-05-03,52.639983,53.399884,52.271098,52.566204,2539347.000000
2021-05-04,52.485046,53.097398,52.330113,53.001484,1948434.000000
2021-05-05,53.053136,53.200689,52.477675,52.890827,1734389.000000
2021-05-06,53.200687,53.532685,52.883445,53.451530,1477880.000000
2021-05-07,53.510547,54.115523,53.215440,53.724503,1855677.000000
2021-05-10,54.056502,54.539743,52.824422,52.846558,4648879.000000
2021-05-11,52.706387,52.791232,51.621864,51.754662,7630781.000000
2021-05-12,51.643988,52.020253,50.382400,50.448799,3171132.000000
2021-05-13,50.574224,51.562838,50.330761,51.252975,1993419.000000
2021-05-14,51.518560,52.237888,51.430030,52.094025,2233208.000000
2021-05-17,51.872695,52.293224,51.562830,52.071892,2416998.000000
2021-05-18,52.101415,52.396521,51.061155,51.083290,2458400.000000
2021-05-19,50.271740,51.039022,49.762678,50.994755,4225035.000000
2021-05-20,51.717768,52.403895,51.673501,52.012875,2820140.000000
2021-05-21,52.389144,52.942473,52.300609,52.802296,3538976.000000
2021-05-24,53.119531,53.466284,52.625224,53.090019,2473528.000000
2021-05-25,53.030998,53.362996,52.798601,52.846558,2273018.000000
2021-05-26,52.905581,53.244958,52.706384,53.082645,2203351.000000
2021-05-27,53.488823,53.728830,53.152809,53.370663,7870437.000000
2021-05-28,53.355889,53.776830,53.267272,53.555283,2189948.000000
2021-06-01,53.961449,54.264230,52.931256,53.311581,3568170.000000
2021-06-02,53.289422,54.322572,53.149112,54.234692,3577327.000000
2021-06-03,53.931919,54.567017,53.562671,54.315933,2905334.000000
2021-06-04,54.478385,54.633469,53.983597,54.249451,2061893.000000
2021-06-07,54.308546,54.426707,53.245120,53.717754,3358239.000000
2021-06-08,53.695603,53.710373,53.045731,53.193428,2919002.000000
2021-06-09,53.104802,53.126955,52.447543,52.484470,3037768.000000
2021-06-10,52.602629,52.772483,51.849371,52.041378,3890366.000000
2021-06-11,52.381082,52.794637,51.934298,52.757713,3836755.000000
2021-06-14,52.757712,52.757712,51.915833,52.514008,3977948.000000
2021-06-15,52.521390,52.949715,52.277690,52.816788,4561695.000000
2021-06-16,52.794632,52.794632,51.782903,51.827209,5158845.000000
2021-06-17,51.723823,51.930601,50.793328,51.325039,6139631.000000
2021-06-18,50.630862,51.343504,50.571782,50.918873,8395266.000000
2021-06-21,50.992722,51.524437,50.896719,51.339813,4524937.000000
2021-06-22,51.310273,51.539203,50.828778,51.391506,4320049.000000
2021-06-23,51.421043,51.605667,50.955795,51.007488,3550256.000000
2021-06-24,51.140418,51.369349,50.815480,51.310268,3827333.000000
2021-06-25,51.620433,51.974911,51.310269,51.642590,6614299.000000
2021-06-28,51.812450,52.133690,50.922567,51.849373,5627409.000000
2021-06-29,51.930598,52.144762,51.421040,51.819824,3625364.000000
2021-06-30,51.649971,52.056142,51.361960,51.502274,5461401.000000
2021-07-01,51.613052,52.296154,51.613052,52.129993,4091937.000000
2021-07-02,52.270297,52.373687,52.019213,52.225986,3285121.000000
2021-07-06,52.211226,52.211226,51.007486,51.502274,5344758.000000
2021-07-07,51.391502,52.418005,51.251188,52.211227,6301127.000000
2021-07-08,51.557659,51.834593,51.140414,51.376728,4204334.000000
2021-07-09,51.997074,52.521402,51.764450,52.196468,2210251.000000
2021-07-12,52.410622,52.477085,51.745980,52.026608,3174715.000000
2021-07-13,52.484465,52.853710,51.982291,52.122604,4800024.000000
2021-07-14,52.425384,52.440154,51.605662,52.262917,2070120.000000
2021-07-15,52.004459,52.329393,51.849375,51.989689,3019589.000000
2021-07-16,52.152151,52.322005,51.576130,51.627823,2325700.000000
2021-07-19,50.793324,51.059178,49.825902,50.490543,4369148.000000
2021-07-20,50.726863,51.716443,50.623476,51.546589,2842965.000000
2021-07-21,51.605664,51.945368,51.347190,51.369347,3059000.000000
2021-07-22,51.509659,51.509659,50.763788,51.073952,3558218.000000
2021-07-23,51.391500,51.454274,50.900406,51.184723,3481252.000000
2021-07-26,51.229037,51.365658,50.534855,50.933640,2948727.000000
2021-07-27,50.593927,50.970558,50.180373,50.785934,6323819.000000
2021-07-28,50.918876,51.140423,50.505318,50.837639,4031426.000000
2021-07-29,51.037026,51.354577,50.608701,50.985332,5542348.000000
2021-07-30,53.112195,53.754680,51.989692,53.658680,7304472.000000
2021-08-02,54.131310,55.305510,53.887609,54.279007,7286026.000000
2021-08-03,54.404541,55.224267,54.227304,55.069183,3345898.000000
2021-08-04,54.759000,55.013781,54.293753,54.352833,2605432.000000
2021-08-05,54.640863,54.781176,54.098071,54.286388,2689166.000000
2021-08-06,54.426700,55.098726,54.182996,55.010105,2405851.000000
2021-08-09,54.840248,55.002715,54.537467,54.759010,1625575.000000
2021-08-10,54.781171,55.253802,54.592858,55.024872,2107541.000000
2021-08-11,55.120872,55.541814,54.788551,55.371960,2826908.000000
2021-08-12,55.386734,55.995989,55.253803,55.837212,2693545.000000
2021-08-13,56.095688,56.287699,55.586130,56.095688,1792114.000000
2021-08-16,56.007069,56.007069,55.586127,55.874138,2016377.000000
2021-08-17,55.711667,55.711667,54.759014,55.209496,2260810.000000
2021-08-18,54.877183,55.275968,54.522709,54.589172,2467424.000000
2021-08-19,54.175604,54.448845,53.784203,54.249451,3763107.000000
2021-08-20,54.256850,54.600248,54.020533,54.227310,2577830.000000
2021-08-23,54.515314,54.648241,53.939292,53.990986,1788663.000000
2021-08-24,54.131307,54.677788,54.094383,54.426704,1610182.000000
2021-08-25,54.500542,54.958407,54.116528,54.914097,1549405.000000
2021-08-26,54.707315,54.773779,54.182987,54.249451,2801695.000000
2021-08-27,54.530090,55.069188,54.456243,54.699944,2307520.000000
2021-08-30,54.840245,55.179949,54.633468,54.736855,1615755.000000
2021-08-31,54.699935,54.810709,54.330691,54.552238,2413150.000000
2021-09-01,54.663017,54.840254,54.123919,54.581779,1928529.000000
2021-09-02,54.914100,55.357195,54.818097,55.349812,1905705.000000
2021-09-03,55.275964,55.881525,55.143033,55.755981,2892727.000000
2021-09-07,55.770746,56.007064,54.445156,54.478390,2932272.000000
2021-09-08,54.301155,54.906717,54.094378,54.766403,2302876.000000
2021-09-09,54.929020,56.259556,54.807055,56.015625,6139100.000000
2021-09-10,56.303919,56.555243,55.586906,55.668217,3751827.000000
2021-09-13,56.082162,56.355661,54.884678,55.342976,3034584.000000
2021-09-14,55.719963,55.719963,54.766410,55.424286,4023729.000000
2021-09-15,55.387326,55.762832,54.984468,55.217312,4188277.000000
2021-09-16,55.099037,55.476020,54.766402,54.855103,3811675.000000
2021-09-17,54.382021,55.202518,53.598483,53.768494,9208982.000000
2021-09-20,52.770602,53.280642,52.327089,53.021923,3058602.000000
2021-09-21,53.103235,53.676107,52.659725,53.391518,4838906.000000
2021-09-22,53.960696,54.441167,53.738939,54.108536,2983229.000000
2021-09-23,54.248978,54.839590,54.182451,54.411598,2200299.000000
2021-09-24,54.389426,54.759019,54.130711,54.152885,1656494.000000
2021-09-27,54.027224,54.755327,54.005050,54.175064,2166726.000000
2021-09-28,53.923730,54.145487,53.421081,53.591095,3201786.000000
2021-09-29,53.687180,53.886763,53.428465,53.465424,1996206.000000
2021-09-30,53.561529,53.775896,52.157073,52.164467,2443140.000000
2021-10-01,52.437965,52.814948,51.765305,52.497097,2044774.000000
2021-10-04,52.622767,52.918444,51.987065,52.548851,2672313.000000
2021-10-05,52.637548,53.206724,52.253171,52.437969,3194089.000000
2021-10-06,51.824438,52.253168,51.244176,52.053589,4134269.000000
2021-10-07,52.519274,53.118014,52.398787,52.800163,1702806.000000
2021-10-08,52.541442,52.696672,52.060970,52.304901,1629821.000000
2021-10-11,52.548839,52.903648,52.075758,52.090542,2049817.000000
2021-10-12,52.097925,52.400992,51.432659,51.706158,2691156.000000
2021-10-13,51.706163,52.630148,51.558323,52.534054,2666739.000000
2021-10-14,53.021924,53.491308,52.800167,53.450653,2574115.000000
2021-10-15,53.871990,54.123311,53.317599,53.709370,6569977.000000
2021-10-18,53.280644,53.798074,52.955400,53.679802,1927998.000000
2021-10-19,54.042003,54.677705,53.901557,54.589005,2835534.000000
2021-10-20,54.759017,55.413200,54.522476,55.010342,1798749.000000
2021-10-21,54.692480,55.350356,54.467031,55.328182,1480932.000000
2021-10-22,55.424285,55.424285,54.914246,54.995556,1274849.000000
2021-10-25,54.995554,55.520378,54.625961,54.980770,1689006.000000
2021-10-26,55.099047,55.416894,54.766412,55.054695,1416440.000000
2021-10-27,55.158176,55.446459,54.730188,54.751625,2721412.000000
2021-10-28,54.936419,55.431674,54.862502,55.409500,2857031.000000
2021-10-29,53.373027,56.252161,53.373027,55.963879,4749466.000000
2021-11-01,55.971276,56.947002,55.793871,56.621761,4365565.000000
2021-11-02,56.917443,57.471094,56.666856,56.910049,4217339.000000
2021-11-03,56.621759,57.094841,56.303908,56.717854,2602247.000000
2021-11-04,56.836129,58.026222,56.836129,57.700981,2107409.000000
2021-11-05,58.181450,58.388422,57.760111,58.181450,2237455.000000
2021-11-08,58.499298,58.824539,57.730544,57.737934,2031770.000000
2021-11-09,57.782286,58.129705,57.516177,58.122311,1551263.000000
2021-11-10,58.181451,58.307113,57.693586,58.092747,1328858.000000
2021-11-11,58.048389,58.100134,57.150279,57.375729,1230925.000000
2021-11-12,57.641844,57.937517,57.346171,57.841423,1144272.000000
2021-11-15,58.011430,58.292322,57.553133,57.678795,2354894.000000
2021-11-16,57.804463,58.536259,57.782289,58.070572,1426525.000000
2021-11-17,58.011436,58.528870,57.619669,58.447556,2096527.000000
2021-11-18,58.506704,58.558446,57.752733,58.225811,1859392.000000
2021-11-19,58.336675,58.809756,58.100138,58.491905,1211949.000000
2021-11-22,58.595389,59.038902,58.026213,58.144485,1734124.000000
2021-11-23,58.366249,58.432776,57.745332,57.930126,1808170.000000
2021-11-24,57.611992,57.841343,57.108893,57.730366,2415538.000000
2021-11-26,56.517022,57.070430,55.814167,56.021324,1628494.000000
2021-11-29,56.494816,56.731568,55.784560,56.398636,2224052.000000
2021-11-30,56.013919,56.551047,54.623005,54.652599,6124769.000000
2021-12-01,55.377646,56.021313,54.378849,54.408443,3039626.000000
2021-12-02,54.578616,55.192689,54.023729,54.933743,5404075.000000
2021-12-03,55.066906,56.916527,54.341856,55.140892,3259377.000000
2021-12-06,55.584806,55.811940,55.044716,55.133499,2773297.000000
2021-12-07,55.680992,56.309862,55.377655,55.562618,2010405.000000
2021-12-08,55.695785,56.139695,55.348055,55.969528,2211446.000000
2021-12-09,55.865948,56.091604,55.533020,55.592205,1252555.000000
2021-12-10,55.821557,56.043511,55.288863,55.606998,1531756.000000
2021-12-13,55.570019,55.910348,55.251884,55.429447,2220071.000000
2021-12-14,55.251874,55.725378,54.523124,54.756176,1504287.000000
2021-12-15,54.955938,55.814163,54.793173,55.703186,1970728.000000
2021-12-16,55.991723,56.408259,55.348056,55.740177,1694977.000000
2021-12-17,55.555214,55.555214,53.794376,53.927547,3641952.000000
2021-12-20,53.439249,53.535432,52.262892,52.899162,2023808.000000
2021-12-21,53.261687,53.786980,52.854772,53.705597,2577830.000000
2021-12-22,53.742588,54.031132,53.291282,53.749989,1957590.000000
2021-12-23,53.934945,55.459031,53.860959,55.118702,2096395.000000
2021-12-27,55.325866,55.799366,55.237082,55.762375,1092519.000000
2021-12-28,55.858555,56.235879,55.806766,55.954735,1017676.000000
2021-12-29,56.043518,56.124901,55.614405,56.087906,1618675.000000
2021-12-30,56.295059,56.598397,56.184082,56.250671,1135912.000000
2021-12-31,56.191482,56.687180,56.112316,56.443031,1149447.000000
2022-01-03,55.976929,56.620599,54.138408,54.430649,3696093.000000
2022-01-04,54.704388,55.089109,54.408447,54.652599,3027683.000000
2022-01-05,54.904152,55.325867,53.291282,53.498440,3690652.000000
2022-01-06,53.712994,54.045926,53.328273,53.602016,1824492.000000
2022-01-07,53.528035,53.846170,53.084125,53.232094,2417794.000000
2022-01-10,52.913955,53.424450,52.129716,53.335667,3302505.000000
2022-01-11,53.550226,54.401055,53.113717,54.319672,3305159.000000
2022-01-12,54.549019,54.830163,54.112510,54.563816,2723004.000000
2022-01-13,54.778367,55.037317,54.216083,54.401047,3576132.000000
2022-01-14,53.801777,54.075521,52.854773,53.639011,4220258.000000
2022-01-18,52.906553,54.156899,52.510735,53.831364,4961388.000000
2022-01-19,54.023729,54.171697,53.128513,53.446648,3347490.000000
2022-01-20,53.661200,53.949003,52.677204,52.758587,2916613.000000
2022-01-21,52.581027,53.291279,52.077928,53.091522,9691877.000000
2022-01-24,52.484842,53.380059,51.634014,53.239487,3687468.000000
2022-01-25,52.425661,52.507044,51.182715,51.700611,3450996.000000
2022-01-26,52.203691,52.847358,51.058405,51.515633,2819212.000000
2022-01-27,51.759791,52.107520,50.361480,50.797989,3427508.000000
2022-01-28,50.539041,51.615521,49.998951,51.574829,3123227.000000
2022-01-31,51.389868,52.329476,51.077654,52.188904,3728074.000000
2022-02-01,51.937354,52.471527,51.574831,52.255489,3570957.000000
2022-02-02,52.225904,53.106327,52.048341,52.987949,3839675.000000
2022-02-03,51.212309,51.560039,48.859592,48.866989,11355803.000000
2022-02-04,48.208520,48.563647,46.640043,47.638836,7929621.000000
2022-02-07,47.542653,47.720216,47.054351,47.261513,4766186.000000
2022-02-08,47.261510,48.578438,47.076546,48.511852,4289528.000000
2022-02-09,49.111126,49.717805,48.985355,49.185112,3497972.000000
2022-02-10,48.164126,49.266500,47.919977,48.652428,4327745.000000
2022-02-11,48.663525,49.037149,47.860789,48.282501,6929196.000000
2022-02-14,48.215924,48.682027,47.890392,48.127144,3873380.000000
2022-02-15,48.815198,48.985364,48.312099,48.600643,2645109.000000
2022-02-16,48.230716,48.600644,47.642538,48.356491,2517319.000000
2022-02-17,47.964362,47.979159,46.728813,46.884182,7171639.000000
2022-02-18,47.143135,47.942171,46.896027,47.165329,4011123.000000
2022-02-22,46.632647,47.361397,46.588255,47.128345,5222674.000000
2022-02-23,47.254111,47.298502,46.181331,46.284908,4027445.000000
2022-02-24,45.492392,47.721829,45.151678,47.677387,5039681.000000
2022-02-25,47.499626,48.758778,47.388524,48.506947,3508057.000000
2022-02-28,47.721826,48.166233,47.425557,47.958843,3803182.000000
2022-03-01,47.847744,48.025506,46.577482,46.929302,4061814.000000
2022-03-02,47.232976,47.869959,47.055214,47.551468,3450067.000000
2022-03-03,47.721826,47.744045,46.136778,46.573776,6733994.000000
2022-03-04,45.699785,46.210853,44.714687,44.885044,6064788.000000
2022-03-07,44.885036,44.907255,42.744479,42.796326,8261902.000000
2022-03-08,42.803732,43.092596,41.685310,41.692719,9701564.000000
2022-03-09,42.803721,44.155456,42.744469,43.322197,7721548.000000
2022-03-10,42.574122,42.803731,41.522360,41.833443,9990452.000000
2022-03-11,42.203789,42.670415,41.596434,41.655685,8625235.000000
2022-03-14,42.922243,43.374055,42.098609,42.188972,5834023.000000
2022-03-15,42.440805,43.196295,41.922329,42.211193,3885987.000000
2022-03-16,42.588936,44.507290,42.588936,44.129543,5146504.000000
2022-03-17,44.440633,45.196123,43.981412,45.181309,4729561.000000
2022-03-18,45.196130,46.114568,45.070215,45.847927,5863482.000000
2022-03-21,45.618312,45.996055,45.229452,45.462769,2763478.000000
2022-03-22,45.625714,46.173814,45.462766,45.492393,2070518.000000
2022-03-23,45.092431,45.329448,44.640618,44.670246,3374428.000000
2022-03-24,44.847993,45.514604,44.670231,45.418316,2979115.000000
2022-03-25,45.536822,45.781248,45.292400,45.588669,2345340.000000
2022-03-28,45.492395,46.010867,45.307224,45.981239,2284165.000000
2022-03-29,46.714513,47.351496,46.381208,46.870056,2391652.000000
2022-03-30,46.425651,46.818207,45.847923,46.018276,2205474.000000
2022-03-31,45.833106,46.099748,45.129463,45.129463,3159852.000000
2022-04-01,45.462762,45.592378,44.573948,44.907253,4421299.000000
2022-04-04,44.973914,45.373879,44.425814,45.114643,5056799.000000
2022-04-05,45.114646,45.285003,44.122139,44.329529,2981504.000000
2022-04-06,43.655514,44.055479,43.077782,43.907341,3102261.000000
2022-04-07,43.699950,44.468034,43.322207,44.255459,2999153.000000
2022-04-08,44.307306,44.481367,43.774020,44.040665,3595639.000000
2022-04-11,43.959186,44.159171,43.455528,43.588848,3058735.000000
2022-04-12,43.744404,44.329540,43.159271,43.411098,2981238.000000
2022-04-13,43.270359,43.840678,43.159257,43.811050,3019058.000000
2022-04-14,43.944372,44.077692,42.981492,43.092590,3319623.000000
2022-04-18,42.766693,43.237023,42.566708,42.855576,2154385.000000
2022-04-19,42.966679,43.888825,42.966679,43.759205,2445396.000000
2022-04-20,44.218420,44.847994,44.122132,44.410995,2068926.000000
2022-04-21,44.922069,44.922069,43.988817,44.218426,4324826.000000
2022-04-22,43.840682,43.940674,42.722259,42.811142,2418325.000000
2022-04-25,42.485235,42.870390,41.677899,42.848167,2493566.000000
2022-04-26,42.351920,42.774105,41.903809,42.151936,4488047.000000
2022-04-27,42.085281,42.996314,42.085281,42.759300,4336636.000000
2022-04-28,42.959269,43.707354,41.722340,43.433304,6978428.000000
2022-04-29,43.033343,43.559224,42.470429,42.588936,5726005.000000
2022-05-02,42.566719,43.874017,42.253413,43.529602,5046183.000000
2022-05-03,43.366640,44.610975,43.274053,44.136944,4605486.000000
2022-05-04,44.529514,46.625634,44.292497,46.447868,6773008.000000
2022-05-05,45.677557,46.818198,44.929472,45.240559,6992096.000000
2022-05-06,44.966506,45.173896,43.959182,45.018353,3773590.000000
2022-05-09,44.336942,44.966519,43.681444,43.870316,4922507.000000
2022-05-10,44.211016,44.581354,42.470429,43.262951,5458747.000000
2022-05-11,43.174071,43.877718,42.588938,42.648193,3176573.000000
2022-05-12,42.351924,43.129636,41.789010,42.611160,3462143.000000
2022-05-13,42.877797,43.751797,42.737068,43.329609,4000242.000000
2022-05-16,42.951865,43.388867,42.588936,43.048157,2553944.000000
2022-05-17,43.736978,44.351738,43.581434,44.144348,2180394.000000
2022-05-18,43.618479,43.944379,42.611158,42.803734,3435736.000000
2022-05-19,42.492655,43.918460,42.492655,43.388874,3732984.000000
2022-05-20,43.774016,43.870304,41.759375,43.159256,3643411.000000
2022-05-23,43.625885,43.825866,42.833359,43.455528,3047721.000000
2022-05-24,43.351830,43.840675,42.855577,43.677727,3785931.000000
2022-05-25,43.225922,44.107328,43.137039,43.803650,2791875.000000
2022-05-26,44.493299,45.309009,44.129936,44.938232,2873486.000000
2022-05-27,45.375737,45.983812,45.249673,45.976395,2618436.000000
2022-05-31,45.301588,46.061682,44.990137,45.805847,8322015.000000
2022-06-01,46.146962,46.206287,44.830701,45.509224,2496485.000000
2022-06-02,45.739106,46.836605,45.301586,46.821774,2647896.000000
2022-06-03,46.324931,46.554815,46.065388,46.406502,2202157.000000
2022-06-06,46.984914,47.125810,46.614137,46.717957,1790787.000000
2022-06-07,46.406513,47.237055,46.235957,47.214809,2079807.000000
2022-06-08,46.806943,47.452098,46.584476,46.695709,1690863.000000
2022-06-09,46.517733,46.547395,45.212598,45.331245,3964014.000000
2022-06-10,44.537796,44.626781,43.432876,43.870396,3765363.000000
2022-06-13,42.824795,43.536690,42.042456,42.327953,4511402.000000
2022-06-14,42.327951,42.639406,41.067310,41.578983,3464930.000000
2022-06-15,41.934928,42.565248,41.352807,42.001667,3450864.000000
2022-06-16,41.059889,41.163708,39.450717,39.858570,4575761.000000
2022-06-17,39.784417,40.284968,39.339487,39.717678,7068664.000000
2022-06-21,40.370242,40.451813,39.710259,40.095867,3564853.000000
2022-06-22,39.502633,40.711366,39.502633,40.444408,2823458.000000
2022-06-23,40.377669,40.770691,39.843747,40.614964,3029806.000000
2022-06-24,40.978314,41.764362,40.904158,41.734699,4844346.000000
2022-06-27,41.860771,42.001667,41.223033,41.304604,2176015.000000
2022-06-28,41.475170,41.875609,40.707662,40.733616,1340403.000000
2022-06-29,40.726199,40.726199,39.880829,40.436993,1900662.000000
2022-06-30,39.888232,40.711357,39.472962,40.325748,2433718.000000
2022-07-01,40.681700,40.904163,39.977219,40.689114,2279255.000000
2022-07-05,39.888241,40.800353,39.450724,40.726196,2150669.000000
2022-07-06,40.770688,41.215622,40.411034,40.844845,2702701.000000
2022-07-07,41.052483,41.564156,40.807768,41.467754,1680513.000000
2022-07-08,41.341685,41.883017,40.993153,41.534489,2236526.000000
2022-07-11,41.312021,41.660553,41.122922,41.148880,2253777.000000
2022-07-12,41.067313,41.742127,40.503728,40.607548,2666474.000000
2022-07-13,39.895653,40.481483,39.628696,40.251602,1173333.000000
2022-07-14,39.547120,39.895648,38.909382,39.791832,1453330.000000
2022-07-15,40.592718,40.800353,40.088458,40.711365,1518088.000000
2022-07-18,40.926414,41.097713,40.051379,40.244183,997108.000000
2022-07-19,40.800344,42.023908,40.668349,41.972000,1886596.000000
2022-07-20,42.157393,42.565247,41.986835,42.409523,1489956.000000
2022-07-21,42.491092,43.655330,42.431766,43.596008,2347994.000000
2022-07-22,43.633095,43.877807,42.936032,43.321644,1568514.000000
2022-07-25,43.284561,43.351300,42.824796,43.240067,2146157.000000
2022-07-26,43.091754,43.418040,42.950858,43.173325,1915657.000000
2022-07-27,43.306806,44.426554,43.291975,44.122513,3307680.000000
2022-07-28,44.708343,46.584475,44.493293,46.324932,4921710.000000
2022-07-29,46.502910,48.045346,46.502910,47.793217,7120815.000000
2022-08-01,47.303781,47.948936,47.140640,47.778378,4244011.000000
2022-08-02,47.570744,48.126911,47.400185,47.585575,2198441.000000
2022-08-03,47.874792,48.571852,47.711651,48.408710,2641394.000000
2022-08-04,48.497692,49.024196,48.408704,48.638588,2249663.000000
2022-08-05,47.963775,48.445785,47.733890,48.401291,1243664.000000
2022-08-08,48.749822,49.039028,48.393873,48.542187,2176147.000000
2022-08-09,48.341961,48.497688,47.822874,48.156574,1684627.000000
2022-08-10,49.268898,49.760548,49.113170,49.424625,2277132.000000
2022-08-11,49.847325,50.393852,49.788003,49.891819,2413946.000000
2022-08-12,50.121696,50.826170,50.017877,50.803925,1756417.000000
2022-08-15,50.425730,50.885495,50.181018,50.789093,1879297.000000
2022-08-16,50.596292,51.219199,50.588878,50.915161,2996101.000000
2022-08-17,50.247752,50.700103,50.225507,50.455387,1801403.000000
2022-08-18,50.611115,50.707517,50.188431,50.670441,1298337.000000
2022-08-19,50.181012,50.292246,49.728665,50.099442,4071767.000000
2022-08-22,49.328223,49.424625,48.623746,48.697903,2231218.000000
2022-08-23,48.690494,49.283737,48.646000,48.786896,1947771.000000
2022-08-24,48.645999,49.009362,48.601509,48.898129,1552457.000000
2022-08-25,49.179926,49.676767,49.046443,49.669350,1330318.000000
2022-08-26,49.832487,49.832487,47.885903,48.008259,1515434.000000
2022-08-29,47.674560,48.015678,47.496587,47.615238,1390298.000000
2022-08-30,47.696899,47.748863,46.961958,47.229206,1752038.000000
2022-08-31,47.630096,47.748872,46.894410,47.013931,2206668.000000
2022-09-01,46.902563,46.995358,46.093385,46.969376,1940207.000000
2022-09-02,47.585544,47.704320,46.193609,46.449726,1523396.000000
2022-09-06,46.501687,46.902563,46.093385,46.820904,1580059.000000
2022-09-07,46.917425,48.172020,46.745940,48.134903,1829535.000000
2022-09-08,47.927027,48.528343,47.719164,48.454105,2743440.000000
2022-09-09,48.803017,49.111096,48.654546,49.010880,1851298.000000
2022-09-12,49.337518,49.693852,49.040575,49.679005,2379709.000000
2022-09-13,48.416994,48.795597,47.429648,47.644932,2861012.000000
2022-09-14,47.667209,47.819394,47.065892,47.570702,2591764.000000
2022-09-15,47.667209,48.298217,47.436333,47.719173,3476740.000000
2022-09-16,47.244057,47.325713,45.863257,46.561081,4034345.000000
2022-09-19,46.323530,47.500177,46.160210,47.444500,1564002.000000
2022-09-20,46.969376,47.166103,46.408893,46.969376,3089123.000000
2022-09-21,47.318295,47.882491,46.160208,46.189903,2452296.000000
2022-09-22,46.085966,46.223303,45.002113,45.202553,1497918.000000
2022-09-23,44.771978,44.898180,43.792058,44.445339,2404922.000000
2022-09-26,44.304295,44.875917,43.814333,43.955383,1484117.000000
2022-09-27,44.423074,44.482464,43.071972,43.517391,1856208.000000
2022-09-28,43.881150,45.050376,43.509969,44.831379,1962633.000000
2022-09-29,44.341412,44.408224,43.554507,43.955383,1324081.000000
2022-09-30,43.985073,44.415645,43.224150,43.279827,3169805.000000
2022-10-03,43.888567,45.425261,43.717822,45.009537,2567347.000000
2022-10-04,45.878108,46.342084,45.855839,46.227020,3720112.000000
2022-10-05,45.544041,46.323524,45.417838,45.952343,2658512.000000
2022-10-06,45.892955,46.175055,45.499504,45.610859,2458002.000000
2022-10-07,44.987272,45.180286,44.267178,44.586395,2045969.000000
2022-10-10,45.113462,45.113462,43.788343,44.230049,1810559.000000
2022-10-11,43.784644,44.541859,43.628751,43.873730,2409434.000000
2022-10-12,44.512165,44.690332,43.769798,43.806919,2714379.000000
2022-10-13,42.893802,45.091199,42.633976,44.764561,2296772.000000
2022-10-14,44.994695,45.291639,43.569356,43.702980,1448288.000000
2022-10-17,44.616081,45.128313,44.519574,44.950146,3816717.000000
2022-10-18,46.063699,46.304966,45.202556,45.774178,2093077.000000
2022-10-19,45.328752,45.544036,44.675471,45.039230,1707186.000000
2022-10-20,45.046650,45.373292,44.178085,44.230049,2033495.000000
2022-10-21,44.371117,45.677680,44.022205,45.618290,1597045.000000
2022-10-24,46.033997,46.954526,45.892947,46.590771,2247805.000000
2022-10-25,46.583357,47.518738,46.509122,47.444500,6280426.000000
2022-10-26,47.177241,47.941877,46.323523,46.501690,5620907.000000
2022-10-27,46.954532,47.206937,46.375488,46.449726,3943446.000000
2022-10-28,46.716981,47.919614,46.590782,47.667210,3973702.000000
2022-10-31,47.511311,48.001272,47.236636,47.437073,2722075.000000
2022-11-01,48.060654,48.082927,47.069599,47.466763,2234933.000000
2022-11-02,47.206937,48.001268,46.182475,46.212170,2052604.000000
2022-11-03,45.707365,47.073318,45.566319,46.345798,2325966.000000
2022-11-04,47.132702,48.060654,46.531385,47.949299,4199026.000000
2022-11-07,48.179438,48.246250,47.615238,47.912186,3833570.000000
2022-11-08,48.082936,48.387305,47.533588,47.956734,2619233.000000
2022-11-09,47.719171,48.454112,47.518735,47.763714,4290589.000000
2022-11-10,49.478577,50.517887,49.478577,50.406532,3545611.000000
2022-11-11,50.725745,51.534920,50.569847,50.829674,3375888.000000
2022-11-14,50.569842,50.918753,49.638173,49.671581,2690625.000000
2022-11-15,50.361984,50.488186,49.322674,49.545383,2538418.000000
2022-11-16,49.493417,50.076173,49.226164,49.775517,2009078.000000
2022-11-17,49.107391,49.330101,48.632277,49.292980,1696968.000000
2022-11-18,49.849752,50.094731,49.166776,49.448875,2092546.000000
2022-11-21,49.411759,50.050192,49.411759,49.894295,2131826.000000
2022-11-22,50.235781,50.361983,49.812635,50.302593,1625973.000000
2022-11-23,50.421371,50.684910,50.254338,50.399097,2098518.000000
2022-11-25,50.569851,50.762865,50.373124,50.532734,688448.000000
2022-11-28,50.072464,50.161549,48.602582,48.736206,1721650.000000
2022-11-29,48.721345,48.929429,48.305181,48.751072,1786407.000000
2022-11-30,48.788229,50.215093,48.067370,50.200230,4878450.000000
2022-12-01,50.542077,50.831907,50.125909,50.452896,2026727.000000
2022-12-02,49.821219,50.861639,49.703057,50.713009,1801933.000000
2022-12-05,50.021862,50.237380,49.567052,49.954979,2007486.000000
2022-12-06,49.843504,50.059022,49.033465,49.442200,1768228.000000
2022-12-07,49.442208,49.758052,49.189537,49.353031,1740891.000000
2022-12-08,49.538814,49.717175,49.137509,49.464500,1481330.000000
2022-12-09,49.575981,49.791495,48.832822,48.840256,2372145.000000
2022-12-12,49.078060,49.940123,48.881123,49.813782,1485311.000000
2022-12-13,51.277805,51.277805,49.969848,50.356289,2397889.000000
2022-12-14,50.341441,50.802195,49.449651,49.687462,2467424.000000
2022-12-15,48.959157,49.360461,47.562023,47.836990,3216913.000000
2022-12-16,47.301915,47.747809,47.168148,47.443115,2930016.000000
2022-12-19,47.324202,47.889001,47.064099,47.272182,2461983.000000
2022-12-20,47.272193,47.547160,47.108699,47.428257,1623319.000000
2022-12-21,47.762676,48.453811,47.675726,48.357201,1647603.000000
2022-12-22,47.948464,48.056225,46.610784,47.517433,1232783.000000
2022-12-23,47.450545,47.770103,47.093831,47.673492,1274318.000000
2022-12-27,47.851848,48.052502,47.460204,47.799828,971762.000000
2022-12-28,47.970762,48.045075,47.138426,47.153286,977203.000000
2022-12-29,47.584325,48.416657,47.190450,48.119396,1226015.000000
2022-12-30,47.777533,48.149115,47.324209,47.747810,1276972.000000
2023-01-03,48.119390,48.360914,47.264758,47.762676,2154915.000000
2023-01-04,48.230863,48.803095,47.881579,48.468674,2068262.000000
2023-01-05,48.134250,48.372061,47.420818,47.509998,2130631.000000
2023-01-06,48.082234,48.847682,47.970760,48.706486,1758806.000000
2023-01-09,48.974018,49.613134,48.669324,48.907135,2008016.000000
2023-01-10,48.765938,49.256423,48.691625,49.137516,1464875.000000
2023-01-11,49.427338,49.828646,49.074341,49.798916,1577007.000000
2023-01-12,50.066462,50.066462,49.434780,49.850948,1182755.000000
2023-01-13,49.509091,50.356290,49.509091,50.111050,1461292.000000
2023-01-17,50.267109,50.519783,50.029298,50.036728,2132489.000000
2023-01-18,50.200229,50.512353,49.241556,49.301006,2175882.000000
2023-01-19,49.635430,49.665156,48.368350,48.394360,2946205.000000
2023-01-20,48.647036,49.196971,46.856028,48.639603,5178352.000000
2023-01-23,48.765939,49.813789,48.490972,49.694885,2181455.000000
2023-01-24,49.694889,50.155647,48.542995,49.969856,1644418.000000
2023-01-25,49.397619,49.761763,48.576430,49.613132,1876643.000000
2023-01-26,50.021867,50.118481,49.215545,49.732037,1436079.000000
2023-01-27,49.531382,50.177927,49.393898,49.798916,1466335.000000
2023-01-30,49.642866,49.787780,49.086243,49.219265,2314155.000000
2023-01-31,49.442205,50.571805,49.196965,50.556942,4188277.000000
2023-02-01,50.542075,51.270367,48.067365,48.951721,6399988.000000
2023-02-02,49.605699,50.950812,48.967325,50.393444,4989918.000000
2023-02-03,49.999570,51.426430,49.791486,51.337254,5227053.000000
2023-02-06,50.935951,51.634520,50.913658,51.233215,3615942.000000
2023-02-07,51.039997,51.638239,50.720439,51.523048,2775022.000000
2023-02-08,51.173762,51.716267,50.787321,51.352123,2900159.000000
2023-02-09,51.775719,51.859693,50.438035,50.698143,2062954.000000
2023-02-10,50.601537,50.705577,50.125915,50.631264,1429312.000000
2023-02-13,50.653553,51.456903,50.475196,51.411572,2066272.000000
2023-02-14,51.277804,51.419004,50.586669,51.292667,1442980.000000
2023-02-15,51.032559,51.820308,51.032559,51.679108,1669764.000000
2023-02-16,50.861635,51.552770,50.831908,51.054855,1507339.000000
2023-02-17,51.032563,51.589932,50.646122,51.545341,2176944.000000
2023-02-21,51.129171,51.129171,49.620560,49.761761,2000983.000000
2023-02-22,49.865809,50.215094,48.817960,49.144947,3154146.000000
2023-02-23,49.390447,49.963281,49.092868,49.918648,2375330.000000
2023-02-24,49.427642,49.903767,48.936641,49.851688,2275407.000000
2023-02-27,50.402209,50.543559,49.472279,49.561550,1993950.000000
2023-02-28,49.621071,50.104634,49.509479,49.591312,2453888.000000
2023-03-01,49.375574,49.833100,49.316058,49.680592,2140451.000000
2023-03-02,49.561549,50.365008,49.189578,50.357571,2366041.000000
2023-03-03,49.286297,50.781628,49.263980,50.699791,3054754.000000
2023-03-06,50.662585,51.094072,50.443122,50.506355,1785213.000000
2023-03-07,50.543564,50.744427,49.955847,49.970726,1778711.000000
2023-03-08,49.948411,50.231107,49.606194,49.955849,1441786.000000
2023-03-09,50.193908,50.387333,49.152386,49.211903,2557793.000000
2023-03-10,49.263971,49.263971,47.638452,47.924873,2263729.000000
2023-03-13,47.396677,48.043907,47.047022,47.582661,2364847.000000
2023-03-14,48.453076,49.542957,48.378684,49.263977,3441044.000000
2023-03-15,48.296852,48.505157,46.875917,47.895123,3406542.000000
2023-03-16,47.634741,49.044514,47.378078,48.743217,4302532.000000
2023-03-17,48.423317,48.639059,47.143732,47.560341,4947056.000000
2023-03-20,47.887678,48.772971,47.802124,48.676258,2917277.000000
2023-03-21,49.338368,49.587589,48.631621,49.055668,2446855.000000
2023-03-22,48.929200,49.792176,48.408441,48.415878,2366041.000000
2023-03-23,48.371248,49.148670,47.582667,48.006718,2903609.000000
2023-03-24,47.612421,48.564669,47.318563,48.549789,3501953.000000
2023-03-27,49.479712,49.740095,48.691131,49.063103,3044271.000000
2023-03-28,49.077987,49.472279,48.854807,49.301170,2069987.000000
2023-03-29,49.792171,50.078588,49.487154,50.045113,1913932.000000
2023-03-30,50.365008,50.484041,49.940962,50.097191,2226573.000000
2023-03-31,50.305505,50.774189,50.238550,50.714672,2945542.000000
2023-04-03,50.670032,50.885775,50.149269,50.439407,2129835.000000
2023-04-04,50.424528,50.476603,48.360084,48.743217,2790150.000000
2023-04-05,48.438201,48.505159,47.895125,48.140625,3175644.000000
2023-04-06,47.962071,48.185255,47.608696,47.880238,2146157.000000
2023-04-10,47.590100,48.378680,47.478508,48.341480,1556704.000000
2023-04-11,48.594421,48.795288,48.267088,48.393559,2288942.000000
2023-04-12,49.874010,50.245982,49.546676,49.717781,5452510.000000
2023-04-13,49.695466,50.100916,48.981277,50.015362,3887579.000000
2023-04-14,49.985605,50.759306,49.769863,49.970726,2122669.000000
2023-04-17,50.164140,50.164140,49.821927,50.089745,2525414.000000
2023-04-18,50.335253,50.554716,49.862848,49.978157,1950292.000000
2023-04-19,49.740099,49.978158,49.118906,49.494595,1805914.000000
2023-04-20,49.167262,49.524354,49.018474,49.330929,3120441.000000
2023-04-21,49.427643,49.777298,49.077988,49.688023,2927627.000000
2023-04-24,49.494598,49.836814,49.219339,49.747540,2441149.000000
2023-04-25,49.568997,49.695468,48.520037,48.594429,2357946.000000
2023-04-26,48.058793,49.360695,46.645299,46.913116,7306197.000000
2023-04-27,47.426430,47.508267,46.697367,47.314838,3401897.000000
2023-04-28,47.143737,47.619862,46.790362,46.935432,3865020.000000
2023-05-01,46.883351,47.709128,46.846152,47.523144,3592720.000000
2023-05-02,47.493395,47.649620,46.927994,47.508274,2899230.000000
2023-05-03,47.828165,48.661383,47.433877,47.612423,3199795.000000
2023-05-04,47.575220,47.947192,47.262762,47.418991,3291624.000000
2023-05-05,47.999272,48.445639,47.999272,48.148060,3221558.000000
2023-05-08,48.453077,48.557231,48.051347,48.207577,2480428.000000
2023-05-09,47.976959,48.479122,47.850488,48.006718,2437832.000000
2023-05-10,48.304284,48.467951,47.530583,48.021587,2926168.000000
2023-05-11,47.724009,48.006710,47.411555,47.716568,2623479.000000
2023-05-12,48.036470,48.252216,47.485953,47.991837,2740653.000000
2023-05-15,47.991829,48.877122,47.865358,48.854805,3143000.000000
2023-05-16,48.505158,48.557979,47.835607,47.991837,1746067.000000
2023-05-17,48.296848,48.713457,48.043906,48.438194,1959183.000000
2023-05-18,48.572111,49.159083,48.378686,49.018478,2807269.000000
2023-05-19,49.383005,49.472280,48.557229,48.877125,2318136.000000
2023-05-22,48.951523,49.572719,48.884569,49.412769,2853581.000000
2023-05-23,49.226786,49.390453,48.326610,48.378689,2532314.000000
2023-05-24,47.984386,48.014144,47.210685,47.463627,2999020.000000
2023-05-25,47.716847,48.793029,47.538105,48.498848,4036999.000000
2023-05-26,49.072313,50.874635,48.860055,50.509701,4955549.000000
2023-05-30,50.546942,50.904431,49.995820,50.077744,3297595.000000
2023-05-31,49.861765,49.902727,48.193499,48.491402,10482106.000000
2023-06-01,48.416925,48.819096,48.148810,48.759514,4042307.000000
2023-06-02,49.191476,50.316065,49.169134,50.100086,3164364.000000
2023-06-05,50.167112,50.211799,49.425331,49.817074,2069855.000000
2023-06-06,49.586203,50.234144,49.586203,50.070297,1279626.000000
2023-06-07,50.256484,51.381073,50.025609,51.254463,2478969.000000
2023-06-08,51.172540,51.358732,50.878363,50.941666,2120546.000000
2023-06-09,51.083179,51.135311,50.368206,50.755482,1609386.000000
2023-06-12,50.755476,51.187438,50.487365,50.978905,1635926.000000
2023-06-13,51.053386,51.991784,51.053386,51.939651,2055125.000000
2023-06-14,52.118387,52.401398,51.589606,51.760902,2015846.000000
2023-06-15,51.909857,53.905816,51.835383,53.600468,4955814.000000
2023-06-16,53.972852,54.248414,53.481308,53.488758,4897294.000000
2023-06-20,53.026999,53.399378,52.699301,53.250427,2000054.000000
2023-06-21,52.967416,53.317454,52.658339,53.041893,1933572.000000
2023-06-22,53.086582,53.228088,52.542910,52.833366,1643490.000000
2023-06-23,52.274783,52.945069,52.140728,52.900383,2345207.000000
2023-06-26,52.945083,53.816453,52.945083,53.645157,2151598.000000
2023-06-27,53.898369,54.590997,53.756864,54.412254,2231881.000000
2023-06-28,54.494182,54.635687,54.151593,54.293098,2192071.000000
2023-06-29,53.861134,54.799532,53.861134,54.769741,1928529.000000
2023-06-30,55.246391,55.760276,55.082544,55.685799,2103560.000000
2023-07-03,55.142127,55.603880,54.881461,55.052757,1026036.000000
2023-07-05,54.494177,54.948480,54.300539,54.397358,2250725.000000
2023-07-06,54.173923,54.232759,53.354686,53.786648,2665943.000000
2023-07-07,53.719622,54.672915,53.645144,53.883469,1542239.000000
2023-07-10,54.285641,55.216593,54.121795,55.127224,2077551.000000
2023-07-11,55.268729,55.693245,55.142119,55.566635,1564400.000000
2023-07-12,55.857096,56.117762,55.637392,55.894333,1489823.000000
2023-07-13,55.879429,56.207126,55.693241,55.752823,1479605.000000
2023-07-14,55.551735,55.728988,55.133180,55.238934,1580590.000000
2023-07-17,55.119787,55.745387,55.119787,55.663464,1785346.000000
2023-07-18,55.499605,55.763995,55.320859,55.529396,2320392.000000
2023-07-19,55.164464,55.544290,54.881454,55.380444,2210782.000000
2023-07-20,55.581534,55.760276,55.119781,55.365551,2105418.000000
2023-07-21,55.447475,55.562914,55.157018,55.313419,1898539.000000
2023-07-24,55.372994,55.723029,54.944757,55.134670,2131958.000000
2023-07-25,54.725048,55.328306,54.553755,55.231487,3461612.000000
2023-07-26,55.276178,57.301928,54.479282,57.152977,4246400.000000
2023-07-27,57.592383,57.815811,56.616744,56.862514,3229387.000000
2023-07-28,57.294486,57.435992,56.821563,57.346622,2445130.000000
2023-07-31,57.495565,58.359489,57.123185,58.352039,4436294.000000
2023-08-01,57.927529,58.575470,57.901459,58.322250,2826245.000000
2023-08-02,58.061587,58.620159,57.711549,58.299911,3090318.000000
2023-08-03,58.039244,58.322251,57.581216,58.210537,2883438.000000
2023-08-04,58.404174,58.553129,57.532805,57.629623,2267180.000000
2023-08-07,58.002005,58.910615,58.002005,58.419071,2958945.000000
2023-08-08,57.942424,58.754212,57.674309,58.635052,2406249.000000
2023-08-09,58.635052,58.951575,58.374383,58.769108,2402932.000000
2023-08-10,58.851032,59.506423,58.508443,59.104252,3884793.000000
2023-08-11,58.865922,59.186170,58.594086,59.141483,2734947.000000
2023-08-14,59.126593,59.439395,58.932956,59.424500,2338572.000000
2023-08-15,59.059562,59.208513,58.612704,58.918056,2327823.000000
2023-08-16,58.724424,59.104254,58.508445,58.627605,2364581.000000
2023-08-17,58.836136,58.931466,57.614728,57.629623,2589773.000000
2023-08-18,56.974232,57.085947,56.102862,56.661434,4644633.000000
2023-08-21,56.661437,57.063608,56.415667,56.959339,1887127.000000
2023-08-22,57.212557,57.445667,56.721017,56.989128,1815867.000000
2023-08-23,57.167873,58.128612,56.951891,57.934975,1740228.000000
2023-08-24,57.659409,58.098816,56.579506,56.639088,2926035.000000
2023-08-25,57.011473,57.603556,56.549720,57.361507,4116752.000000
2023-08-28,57.540256,58.045949,57.421092,57.726444,1210888.000000
2023-08-29,57.674310,58.586642,57.596112,58.530785,1547149.000000
2023-08-30,58.776555,59.111698,58.620158,58.977642,1916984.000000
2023-08-31,58.977644,59.193814,58.776379,58.776379,2518115.000000
2023-09-01,59.171448,59.260896,58.686925,58.903095,1609253.000000
2023-09-05,58.932912,58.932912,57.680606,57.695515,1966216.000000
2023-09-06,57.524074,58.075688,57.233360,57.904240,1415644.000000
2023-09-07,57.591156,58.679467,57.266897,58.627289,3796149.000000
2023-09-08,58.515482,58.746564,57.710428,57.814785,1883013.000000
2023-09-11,57.829690,58.604926,57.680603,58.522930,2111522.000000
2023-09-12,58.217310,58.888185,56.935186,57.002274,2593091.000000
2023-09-13,56.719015,57.255720,56.249401,56.517754,2368164.000000
2023-09-14,56.905370,57.099179,56.413391,56.815922,1930122.000000
2023-09-15,56.592299,56.972461,56.316491,56.644478,3168876.000000
2023-09-18,56.704106,57.360073,56.576637,56.994820,1496325.000000
2023-09-19,56.756289,56.912825,55.895329,56.405941,2530324.000000
2023-09-20,56.748833,57.082038,55.921418,55.943779,1837497.000000
2023-09-21,55.735069,55.735069,55.071646,55.101463,1269276.000000
2023-09-22,54.989639,55.638153,54.989639,55.369801,1523131.000000
2023-09-25,55.265451,56.003418,55.265451,55.772335,1435681.000000
2023-09-26,55.295266,55.757427,54.438034,54.609478,2485604.000000
2023-09-27,54.997092,55.228174,54.564751,54.855465,1825952.000000
2023-09-28,54.982188,55.966146,54.676570,55.436897,1545557.000000
2023-09-29,55.831963,55.958685,55.183449,55.280354,2397226.000000
2023-10-02,55.123818,55.809606,54.676569,54.937466,2232147.000000
2023-10-03,54.721291,55.116365,54.311312,54.684021,2009609.000000
2023-10-04,54.684019,55.325081,54.266584,55.116364,2112319.000000
2023-10-05,55.548706,55.757424,55.093997,55.608337,1992491.000000
2023-10-06,55.190904,56.599749,54.930008,56.249401,2262004.000000
2023-10-09,55.869242,56.493900,55.530074,56.241951,1160063.000000
2023-10-10,56.376120,57.464435,56.234490,57.002274,2649621.000000
2023-10-11,57.017182,57.538974,56.920277,57.516613,1734389.000000
2023-10-12,57.650793,57.650793,56.212134,56.644478,1934501.000000
2023-10-13,56.592292,56.748828,54.944912,55.250534,2181057.000000
2023-10-16,55.839421,56.130135,55.339990,55.653065,1992358.000000
2023-10-17,55.339993,56.234494,55.228179,56.010868,2031902.000000
2023-10-18,55.392163,55.392163,53.722421,53.729877,2578892.000000
2023-10-19,53.685158,54.110046,52.820470,52.999371,2624010.000000
2023-10-20,53.155908,53.226723,52.246494,52.358307,2531783.000000
2023-10-23,52.567025,52.991916,52.075050,52.186863,3174317.000000
2023-10-24,52.708657,52.850287,52.134682,52.365765,2525546.000000
2023-10-25,48.787750,49.540625,46.998742,48.154144,10768207.000000
2023-10-26,47.542901,49.324457,47.334184,48.526855,4204201.000000
2023-10-27,48.556670,48.825019,48.156381,48.474674,3401765.000000
2023-10-30,48.989016,49.153007,47.911882,48.482128,3818044.000000
2023-10-31,48.325590,48.795204,48.116872,48.661026,4087691.000000
2023-11-01,48.690845,48.869746,48.034875,48.593941,3595905.000000
2023-11-02,49.153000,49.548074,48.567845,48.750473,4588501.000000
2023-11-03,49.600254,50.122047,49.074734,49.160454,5284910.000000
2023-11-06,49.197731,49.316997,48.608848,48.892109,3332628.000000
2023-11-07,48.765385,48.955466,48.221228,48.422489,3799599.000000
2023-11-08,48.504486,49.115730,48.362855,48.750473,3001276.000000
2023-11-09,49.078463,49.175367,48.608849,48.705753,2393908.000000
2023-11-10,49.018832,49.212641,48.441129,49.071011,2757108.000000
2023-11-13,48.899556,49.018825,48.560392,48.690838,2576769.000000
2023-11-14,49.630074,50.177955,49.495895,49.898422,5906742.000000
2023-11-15,49.958055,50.744475,49.846242,50.271133,3302372.000000
2023-11-16,50.233858,50.748197,50.010231,50.412758,3016006.000000
2023-11-17,50.621481,50.807837,50.233862,50.763111,1896283.000000
2023-11-20,50.688559,50.688559,50.233854,50.450027,1969135.000000
2023-11-21,50.390395,50.546934,50.145150,50.248764,1885534.000000
2023-11-22,50.338324,50.778643,50.203990,50.621922,1362431.000000
2023-11-24,50.621926,50.748794,50.338328,50.412960,963269.000000
2023-11-27,50.151751,50.592070,50.009948,50.330864,2489054.000000
2023-11-28,50.241307,50.808499,50.062194,50.375641,2943684.000000
2023-11-29,50.830892,51.032392,50.468933,50.532368,1484250.000000
2023-11-30,50.711479,51.524954,50.450273,51.480175,4950241.000000
2023-12-01,51.420478,51.845874,51.129419,51.719002,3419414.000000
2023-12-04,51.308526,51.913036,51.099560,51.890644,1917250.000000
2023-12-05,51.741391,51.860802,50.857020,50.972694,2162877.000000
2023-12-06,51.330922,51.752583,51.159271,51.256290,1334829.000000
2023-12-07,51.472712,51.793624,51.390619,51.539879,1465141.000000
2023-12-08,51.621968,51.950341,51.211498,51.413002,2614455.000000
2023-12-11,51.562270,52.823525,51.495103,52.741432,2673905.000000
2023-12-12,52.741430,53.286234,52.636949,53.010101,1700683.000000
2023-12-13,53.122051,53.420572,52.793675,53.129513,4378038.000000
2023-12-14,53.860901,55.331123,53.860901,54.532574,5370900.000000
2023-12-15,54.047465,54.137024,53.181750,53.793724,7552753.000000
2023-12-18,53.957913,53.957913,53.144438,53.868355,1840284.000000
2023-12-19,54.069860,54.353454,53.838502,54.323601,1845724.000000
2023-12-20,54.159410,54.248969,53.338474,53.435493,1752702.000000
2023-12-21,53.838493,54.185525,53.569826,54.166870,1467397.000000
2023-12-22,54.390766,54.629585,54.077316,54.398228,1335891.000000
2023-12-26,54.338521,54.853472,54.293746,54.808697,1427852.000000
2023-12-27,54.816168,55.196786,54.693028,54.995281,1944851.000000
2023-12-28,54.943030,55.129608,54.786305,54.913177,1537595.000000
2023-12-29,54.823632,55.220668,54.704224,54.950504,1160063.000000
2024-01-02,54.114637,54.629588,53.756407,53.935520,2733885.000000
2024-01-03,53.823577,53.823577,52.868307,53.017567,2758302.000000
2024-01-04,53.099661,53.957911,52.980250,53.375793,2563631.000000
2024-01-05,53.286244,53.584769,52.898166,53.316097,1681973.000000
2024-01-08,53.233999,53.894477,53.010106,53.823578,1940472.000000
2024-01-09,53.487745,53.823579,53.226535,53.637005,1312270.000000
2024-01-10,53.651922,53.870590,53.360863,53.599682,1478543.000000
2024-01-11,53.622071,53.771331,53.107120,53.539978,1751773.000000
2024-01-12,53.950448,54.219119,53.331016,53.644463,1156746.000000
2024-01-16,53.368324,53.659383,52.786207,53.263844,1362564.000000
2024-01-17,52.719043,53.237726,52.614558,52.913082,2095466.000000
2024-01-18,53.077275,53.502671,52.853383,53.420574,1350886.000000
2024-01-19,53.644461,54.028811,53.054882,53.935520,1706124.000000
2024-01-22,54.226586,55.077371,54.181806,55.010204,2482419.000000
2024-01-23,55.226632,55.569935,54.763925,55.465450,2431595.000000
2024-01-24,56.510271,56.577438,55.010197,55.032589,2968499.000000
2024-01-25,55.480380,55.666958,55.069913,55.443066,1537197.000000
2024-01-26,55.659488,55.752031,55.032595,55.204243,1751109.000000
2024-01-29,54.957966,55.778903,54.875873,55.741589,1551794.000000
2024-01-30,55.517700,55.801294,55.278882,55.749054,3639165.000000
2024-01-31,59.189516,61.323948,57.368526,58.346188,6031348.000000
2024-02-01,58.741733,61.465748,58.219316,61.368729,5445212.000000
2024-02-02,61.465746,62.286682,60.779143,61.958305,4238305.000000
2024-02-05,61.465753,61.741886,60.913488,61.406048,3548531.000000
2024-02-06,61.547839,61.547839,60.532863,60.861237,2975399.000000
2024-02-07,61.107525,62.018016,61.070211,61.443359,3438522.000000
2024-02-08,61.615001,61.615001,60.928402,61.376183,1900264.000000
2024-02-09,61.338877,61.741882,61.100058,61.719494,1624115.000000
2024-02-12,61.682176,62.282953,61.577695,62.047867,1565727.000000
2024-02-13,61.264240,61.682171,61.032887,61.585155,1882482.000000
2024-02-14,61.965777,62.450876,61.473218,62.376247,1653973.000000
2024-02-15,62.562821,63.212106,62.521775,63.144939,1907297.000000
2024-02-16,63.256886,63.689747,62.898660,62.928513,1682105.000000
2024-02-20,62.458337,62.730737,62.159813,62.495651,1776588.000000
2024-02-21,62.547894,62.995678,62.144889,62.995678,2228829.000000
2024-02-22,63.458815,64.198356,62.906026,64.011604,1258129.000000
2024-02-23,64.175958,64.571877,64.034024,64.325363,1012501.000000
2024-02-26,64.243196,64.392594,63.918240,64.258133,1212347.000000
2024-02-27,64.467301,64.497182,63.918241,64.332840,1030681.000000
2024-02-28,64.019079,64.698865,63.914499,64.459816,1495794.000000
2024-02-29,64.527060,64.527060,63.287013,63.593288,4779589.000000
2024-03-01,63.518589,64.138612,63.354246,63.974270,1533747.000000
2024-03-04,63.869682,64.004143,63.318387,63.339306,2149077.000000
2024-03-05,63.174957,63.428939,62.525052,62.853737,1476420.000000
2024-03-06,63.092789,63.794984,62.846276,62.920979,1728683.000000
2024-03-07,63.384115,63.705331,63.115192,63.503635,1440724.000000
2024-03-08,63.563401,64.019082,63.216788,63.533520,1093713.000000
2024-03-11,63.279546,63.462565,62.808928,63.399067,1357786.000000
2024-03-12,63.496168,64.538248,63.100249,64.392578,2107409.000000
2024-03-13,64.415007,64.803454,63.570879,63.839802,1819848.000000
2024-03-14,64.362717,64.609230,63.511116,64.078850,1940074.000000
2024-03-15,63.346777,64.041500,62.885125,63.757633,2864993.000000
2024-03-18,64.063898,64.235713,63.623162,63.660515,1465539.000000
2024-03-19,63.705336,64.034021,63.503641,63.765099,2763212.000000
2024-03-20,63.705348,64.310427,63.705348,64.153557,2122006.000000
2024-03-21,64.347760,64.691389,63.877142,64.392578,4936573.000000
2024-03-22,64.990191,65.064890,63.914494,63.989193,2367633.000000
2024-03-25,63.832334,64.116193,63.040496,63.070377,2150536.000000
2024-03-26,63.212313,63.892092,62.666993,63.414005,2241170.000000
2024-03-27,63.772578,64.336576,63.720288,64.258133,1624381.000000
2024-03-28,64.108735,64.400066,63.990700,64.258133,1651319.000000
2024-04-01,64.190900,64.190900,63.085318,63.212311,2905467.000000
2024-04-02,63.354245,63.682930,62.988207,63.361713,1879165.000000
2024-04-03,63.204841,64.026560,63.152551,63.301952,1949230.000000
2024-04-04,63.847271,64.086320,62.241190,62.577347,1458240.000000
2024-04-05,62.786513,63.174964,62.562408,62.950859,1661139.000000
2024-04-08,63.189896,63.466295,62.734219,62.913502,1625973.000000
2024-04-09,63.130139,63.264600,62.525056,62.891094,1699489.000000
2024-04-10,62.002151,62.723018,61.778046,62.173962,1931183.000000
2024-04-11,62.099265,62.771574,61.897569,62.368187,1547547.000000
2024-04-12,61.792982,61.987205,61.219274,61.561405,1714749.000000
2024-04-15,62.181432,62.495176,60.698608,60.956329,2061362.000000
2024-04-16,60.956326,60.956326,60.351243,60.537998,1343588.000000
2024-04-17,60.291486,60.470768,59.514588,59.910507,2476182.000000
2024-04-18,60.134614,60.627641,59.798457,59.895569,2015050.000000
2024-04-19,59.903035,60.157021,59.245666,59.380127,3238544.000000
2024-04-22,59.626642,60.552941,59.581820,60.030029,1999922.000000
2024-04-23,60.381124,60.623905,60.074848,60.284012,2245151.000000
2024-04-24,55.764582,58.689141,54.173442,56.810402,8458033.000000
2024-04-25,56.623652,57.019567,55.865431,56.929928,3149900.000000
2024-04-26,56.787990,57.116679,56.459306,56.750641,2546248.000000
2024-04-29,56.735696,57.602233,56.735696,57.520061,2760027.000000
2024-04-30,57.527539,57.598506,56.190384,56.227734,3126810.000000
2024-05-01,56.429420,56.982209,56.130613,56.354717,2689564.000000
2024-05-02,56.646052,57.124142,56.362189,56.847748,2291729.000000
2024-05-03,57.124148,57.281022,56.489188,56.832813,3060726.000000
2024-05-06,57.154033,57.564889,57.071862,57.505131,2675232.000000
2024-05-07,57.841285,57.893575,57.505128,57.549946,1990500.000000
2024-05-08,57.310902,57.490188,56.993421,57.168972,1846521.000000
2024-05-09,57.221259,57.952586,57.126389,57.878632,1425994.000000
2024-05-10,58.207321,58.341786,57.385606,57.430428,2012130.000000
2024-05-13,57.609706,57.915982,57.363193,57.393074,1282147.000000
2024-05-14,57.505125,58.080323,57.273548,57.871159,1623850.000000
2024-05-15,58.222251,58.507612,57.975738,58.110199,1621594.000000
2024-05-16,58.050449,58.162502,57.568627,57.766586,1204783.000000
2024-05-17,58.020558,58.020558,57.549936,57.639580,1386715.000000
2024-05-20,57.676931,58.020560,57.534998,57.624641,1681707.000000
2024-05-21,57.467768,57.632114,57.198846,57.594761,2406382.000000
2024-05-22,57.617175,57.803926,57.363189,57.572353,1483321.000000
2024-05-23,57.587300,57.594768,56.414487,56.459309,1624513.000000
2024-05-24,56.683408,56.832809,56.362191,56.690876,1579130.000000
2024-05-28,56.623649,56.660998,55.555420,55.697353,1888719.000000
2024-05-29,55.152033,55.241672,54.479719,54.569363,1439264.000000
2024-05-30,54.793464,55.159498,54.576828,54.965275,1878899.000000
2024-05-31,55.017624,55.701882,54.748405,55.668232,3390883.000000
2024-06-03,55.787879,55.967357,54.157617,54.553967,2423367.000000
2024-06-04,54.464236,54.868062,54.239887,54.426846,1495794.000000
2024-06-05,54.673620,55.141013,54.456751,55.077446,2188090.000000
2024-06-06,54.935365,55.316758,54.322147,54.778324,1761460.000000
2024-06-07,54.673623,54.748407,54.224930,54.404408,1190186.000000
2024-06-10,54.381971,54.733451,54.090319,54.703537,1455719.000000
2024-06-11,54.539018,54.763366,54.101538,54.471714,1299664.000000
2024-06-12,55.010152,55.780415,54.800760,55.227024,1598239.000000
2024-06-13,54.912927,55.069972,54.232405,54.568928,1912871.000000
2024-06-14,53.970671,54.494148,53.424756,54.389454,2327823.000000
2024-06-17,54.217448,54.890493,53.978143,54.748405,1376364.000000
2024-06-18,54.733455,55.032588,54.396933,54.823193,1399720.000000
2024-06-20,54.651188,55.017625,54.292232,54.568928,1885667.000000
2024-06-21,54.740926,55.137272,54.367009,55.040054,4427270.000000
2024-06-24,55.174670,56.068324,54.703540,55.518673,2475386.000000
2024-06-25,55.212059,55.316753,54.232405,54.561447,2195654.000000
2024-06-26,54.209975,54.931627,53.671537,54.643711,4021075.000000
2024-06-27,54.606325,55.025108,54.381976,55.017632,2458666.000000
2024-06-28,55.069968,55.982318,54.740926,55.413967,4340882.000000
2024-07-01,55.787888,55.787888,53.918320,53.933277,2681602.000000
2024-07-02,53.641623,54.198754,53.641623,54.067886,2575044.000000
2024-07-03,54.232403,54.247360,53.888404,54.052925,1082832.000000
2024-07-05,53.948231,54.239884,53.581799,54.150146,1433027.000000
2024-07-08,55.847717,55.944934,54.591367,54.995193,2135541.000000
2024-07-09,54.711013,54.883011,54.284750,54.322140,1524458.000000
2024-07-10,54.195013,55.129797,54.195013,55.084927,1744740.000000
2024-07-11,55.309284,56.490850,55.174673,56.049633,1876643.000000
2024-07-12,56.730148,57.186321,56.460929,56.528233,1749384.000000
2024-07-15,56.431016,57.238669,56.401102,57.006844,1721650.000000
2024-07-16,57.253627,59.355020,56.947018,59.018497,2986944.000000
2024-07-17,58.846499,59.070847,58.225800,58.240757,1628096.000000
2024-07-18,57.874331,58.868938,57.582679,57.649982,1718598.000000
2024-07-19,57.754669,57.754669,56.472145,56.528233,1735849.000000
2024-07-22,56.969458,57.328414,56.416063,57.298500,1679319.000000
2024-07-23,57.163891,57.694848,57.074150,57.343369,2859022.000000
2024-07-24,53.095711,55.159710,50.784923,52.647015,7661567.000000
2024-07-25,52.482492,53.514494,51.966496,52.340408,5030922.000000
2024-07-26,52.863886,53.544407,52.228234,53.088234,3481517.000000
2024-07-29,53.110669,54.090324,53.094967,53.320065,2558191.000000
2024-07-30,53.536926,53.880925,52.910996,53.245274,2063220.000000
2024-07-31,53.619191,54.120235,53.282668,53.731365,3511507.000000
2024-08-01,53.529450,54.082844,52.347884,52.691887,3333159.000000
2024-08-02,52.190835,52.295532,51.151357,51.181271,3861437.000000
2024-08-05,49.954841,51.357015,49.468753,50.583015,4648481.000000
2024-08-06,50.755012,51.615016,50.455883,50.650318,4195974.000000
2024-08-07,51.188753,51.831885,50.044577,50.111881,2336714.000000
2024-08-08,50.411010,51.577619,50.246489,51.517796,2653469.000000
2024-08-09,51.413094,51.622485,50.642835,51.510311,2352240.000000
2024-08-12,51.555188,51.712232,50.927013,51.099014,1794900.000000
2024-08-13,51.353269,52.003881,50.807359,51.854317,1889250.000000
2024-08-14,52.011362,52.011362,51.256056,51.398144,3334884.000000
2024-08-15,52.160924,52.422667,51.727188,52.190838,2400145.000000
2024-08-16,52.213272,52.512401,51.846836,52.033794,3943579.000000
2024-08-19,52.228236,53.133107,51.876757,52.766670,3409196.000000
2024-08-20,52.721799,52.893801,52.519888,52.654495,3088725.000000
2024-08-21,52.946143,54.157622,52.938667,54.135189,3029010.000000
2024-08-22,54.195021,54.524064,53.918322,54.165108,2802491.000000
2024-08-23,54.509098,55.013882,54.232403,54.883011,1766901.000000
2024-08-26,55.092413,55.189630,54.688587,54.860588,2225512.000000
2024-08-27,54.770842,55.268150,54.666149,55.212063,2352506.000000
2024-08-28,55.286842,55.645802,54.576406,54.621277,2684521.000000
2024-08-29,54.972754,55.698146,54.688578,55.122318,1342659.000000
2024-08-30,55.316755,55.772928,55.084930,55.638321,3946763.000000
2024-09-03,55.376586,55.428933,54.060409,54.426846,3442636.000000
2024-09-04,54.284759,54.546497,53.417279,53.611717,3617800.000000
2024-09-05,54.232411,55.084935,54.000586,54.441803,7869774.000000
2024-09-06,54.195017,54.516583,52.706839,52.848927,5871312.000000
2024-09-09,53.387365,54.471713,53.088232,54.075363,6213014.000000
2024-09-10,54.180062,54.217453,53.559364,53.925800,6334169.000000
2024-09-11,53.910840,54.314667,52.519883,54.224930,4519364.000000
2024-09-12,54.352058,54.920409,53.462144,54.890495,3326524.000000
2024-09-13,55.145028,55.526834,54.961610,55.100109,2201095.000000
2024-09-16,55.489412,55.706520,55.167495,55.189957,2014651.000000
2024-09-17,55.422031,56.058376,55.290270,55.946079,2546380.000000
2024-09-18,56.163189,57.241235,55.796353,56.679752,3635449.000000
2024-09-19,57.645505,58.154580,56.971725,57.862610,4210969.000000
2024-09-20,57.331064,57.480791,56.608624,57.151390,4907644.000000
2024-09-23,57.458341,57.757800,56.732157,57.031616,1772739.000000
2024-09-24,57.967422,58.124634,57.443370,57.847637,2649754.000000
2024-09-25,58.124633,58.214471,56.926804,57.024128,1402506.000000
2024-09-26,58.296825,58.963116,58.075976,58.828362,2450438.000000
2024-09-27,59.187707,59.801594,58.988569,59.292519,2371880.000000
2024-09-30,59.015516,59.240109,58.555101,59.090382,2124792.000000
2024-10-01,59.240109,59.419782,57.967419,58.094685,2736141.000000
2024-10-02,58.117149,58.611251,57.915013,58.132122,2530191.000000
2024-10-03,57.727853,57.900038,57.256205,57.450855,1851430.000000
2024-10-04,58.311797,58.334255,57.271181,57.578129,2082594.000000
2024-10-07,56.986694,57.623039,56.836966,57.136421,2284298.000000
2024-10-08,56.979210,57.420912,56.765850,57.226265,1828075.000000
2024-10-09,57.286149,57.742824,57.128937,57.510742,1157277.000000
2024-10-10,57.989877,58.139604,57.518233,57.825176,2142309.000000
2024-10-11,57.847636,58.813386,57.825178,58.409119,1707716.000000
2024-10-14,58.469013,58.753495,58.034800,58.731037,2328487.000000
2024-10-15,58.910706,59.277542,57.765282,57.870094,3361822.000000
2024-10-16,57.982385,58.341736,57.742822,57.817684,1780834.000000
2024-10-17,58.064742,58.162069,57.465832,57.847637,2278592.000000
2024-10-18,58.094688,58.139607,57.574383,57.997364,4091805.000000
2024-10-21,57.944956,58.199496,57.375989,57.735336,2238649.000000
2024-10-22,57.518237,57.585614,56.732161,56.792053,2658114.000000
2024-10-23,56.574937,56.979204,56.170670,56.530018,6459173.000000
2024-10-24,56.649802,56.690978,56.103293,56.163185,3070413.000000
2024-10-25,56.664781,56.717185,55.676573,56.125755,3620587.000000
2024-10-28,56.455156,56.844450,56.118266,56.267994,3380931.000000
2024-10-29,56.065863,56.312914,55.473688,55.848755,5033444.000000
2024-10-30,54.830600,55.758919,53.834907,53.969662,4930070.000000
2024-10-31,53.797480,54.329017,53.340809,53.475563,4213623.000000
2024-11-01,53.453100,54.037041,53.295884,53.408180,4424749.000000
2024-11-04,53.430646,53.707643,53.011406,53.273430,4397147.000000
2024-11-05,53.280909,53.977147,53.153643,53.445614,4955682.000000
2024-11-06,55.055197,55.792610,54.680876,55.616680,5670935.000000
2024-11-07,55.511867,55.710258,54.871778,55.407059,4908971.000000
2024-11-08,55.302247,56.372805,55.227381,56.297939,4985804.000000
2024-11-11,56.574938,57.428391,56.458901,57.016640,4573506.000000
2024-11-12,56.889376,57.286154,55.897424,56.185650,3469309.000000
2024-11-13,56.028431,57.390964,56.028431,57.039101,3698614.000000
2024-11-14,56.934286,57.323580,56.597397,56.604881,4096582.000000
2024-11-15,56.365325,56.574945,55.818819,56.013462,4581468.000000
2024-11-18,55.601707,56.065867,55.504384,55.856247,3022641.000000
2024-11-19,55.257332,55.972286,55.257332,55.773895,3036840.000000
2024-11-20,56.013456,56.724671,55.833783,56.709698,4399403.000000
2024-11-21,56.919321,57.664219,56.552485,57.608070,5210864.000000
2024-11-22,57.712876,58.832094,57.630526,58.708569,4258741.000000
2024-11-25,59.142788,60.011215,58.850817,59.651867,4738186.000000
2024-11-26,59.389840,59.457217,58.753491,59.112843,3435338.000000
2024-11-27,59.225133,59.704266,59.127810,59.442242,2327956.000000
2024-11-29,59.494702,59.801955,59.372551,59.449741,1638580.000000
2024-12-02,59.494700,59.517184,58.707835,59.172462,2616313.000000
2024-12-03,59.112511,59.172464,58.258197,58.880196,2743440.000000
2024-12-04,58.857715,59.262390,58.640388,59.075039,1655433.000000
2024-12-05,59.142483,59.352319,58.895183,59.307354,2316146.000000
2024-12-06,59.562154,59.749501,58.850222,59.120007,3925266.000000
2024-12-09,58.850221,59.414520,58.745307,58.790272,3254335.000000
2024-12-10,58.737809,59.097523,57.816053,58.692848,1857004.000000
2024-12-11,59.097524,59.120004,58.378100,58.662872,1821971.000000
2024-12-12,58.602922,58.850222,57.358921,57.576248,2948329.000000
2024-12-13,57.553760,57.673666,56.999206,57.598724,2622683.000000
2024-12-16,57.628697,57.958431,57.313948,57.591228,2716634.000000
2024-12-17,57.283980,57.876002,56.572052,56.751907,3926726.000000
2024-12-18,56.819352,57.104121,55.178169,55.200653,4998411.000000
2024-12-19,55.350530,55.781433,54.503712,54.885902,4076809.000000
2024-12-20,54.638604,55.860124,54.638604,55.792675,11499384.000000
2024-12-23,55.380500,56.043715,55.140692,55.800163,3976886.000000
2024-12-24,55.777690,56.294775,55.642800,56.204849,869185.000000
2024-12-26,55.987521,56.879304,55.852627,56.804363,2616181.000000
2024-12-27,56.579538,57.051658,56.350974,56.691948,3118583.000000
2024-12-30,56.092435,56.384700,55.492917,56.234821,2260014.000000
2024-12-31,56.444657,56.841836,56.069955,56.204849,1629556.000000
2025-01-02,56.549564,56.721927,55.665274,55.762699,2481888.000000
2025-01-03,55.807661,56.946748,55.713988,56.879303,2290402.000000
2025-01-06,57.134098,57.643690,56.879305,57.343929,3719448.000000
2025-01-07,57.366419,57.823551,57.111623,57.441357,3246107.000000
2025-01-08,57.283981,57.756101,56.602025,57.516293,3041484.000000
2025-01-10,56.856820,56.946750,56.039978,56.414677,3228724.000000
2025-01-13,56.204841,57.156577,56.069947,57.021683,2843496.000000
2025-01-14,57.351421,58.145782,57.216527,57.965927,1858464.000000
2025-01-15,58.752796,58.827737,57.958435,58.363110,3649117.000000
2025-01-16,58.827741,58.985115,58.423066,58.977619,3136232.000000
2025-01-17,59.427256,59.577134,59.011341,59.134991,3529555.000000
2025-01-21,59.741997,60.573827,59.569635,60.498886,3254866.000000
2025-01-22,60.558847,60.701233,59.779474,60.101715,3001674.000000
2025-01-23,60.214121,60.461421,59.719516,60.131687,2935855.000000
2025-01-24,60.176652,60.472665,60.109206,60.341522,1970595.000000
2025-01-27,59.809449,60.341522,59.273628,59.779472,3246771.000000
2025-01-28,59.749498,60.326536,59.292367,60.244102,2514134.000000
2025-01-29,60.116701,60.641277,59.989302,60.438942,2279255.000000
2025-01-30,60.701231,61.420651,60.641278,61.173351,1815203.000000
2025-01-31,61.390679,61.825327,60.888583,60.948532,2496751.000000
2025-02-03,59.704528,60.738697,59.442240,60.131687,3311661.000000
2025-02-04,60.056748,60.446434,59.839424,60.034267,2618967.000000
2025-02-05,59.906867,60.041757,59.011336,59.569637,5506785.000000
2025-02-06,59.689542,59.861905,59.217422,59.831928,4640386.000000
2025-02-07,59.951834,60.206626,58.273182,59.269878,5647049.000000
2025-02-10,60.236605,60.806146,59.756993,60.326534,4753181.000000
2025-02-11,59.974313,60.326531,59.524674,60.086723,3188914.000000
2025-02-12,59.262389,60.109208,59.176208,60.079235,2508694.000000
2025-02-13,60.251595,61.270776,59.996799,61.203331,3039626.000000
2025-02-14,61.450628,61.660459,60.341521,60.401470,3600815.000000
2025-02-18,60.663765,61.443138,60.322787,61.270775,3311661.000000
2025-02-19,61.203331,62.304945,61.143378,62.185043,3840869.000000
2025-02-20,62.244994,62.439837,61.330730,61.330730,3100005.000000
2025-02-21,61.345718,61.345718,59.734511,59.974319,4313281.000000
2025-02-24,60.034271,60.468923,59.891885,60.026775,3322012.000000
2025-02-25,60.026779,60.431454,58.992609,59.652081,5556547.000000
2025-02-26,59.944341,60.506390,59.509690,59.884388,3864224.000000
2025-02-27,59.951841,60.596324,59.622104,59.652081,2883704.000000
2025-02-28,59.847108,60.012145,58.931925,59.667072,5600869.000000
2025-03-03,60.004644,60.567259,58.916925,59.261993,4721997.000000
2025-03-04,58.759390,58.931927,57.544145,57.919220,3501024.000000
2025-03-05,58.091759,59.051952,57.965732,58.594360,5470558.000000
2025-03-06,58.136774,58.354316,57.424130,57.911728,3144857.000000
2025-03-07,57.259089,57.821704,56.688974,57.461632,4330797.000000
2025-03-10,56.636463,56.884012,55.773789,56.201374,3901911.000000
2025-03-11,56.261387,56.392662,55.226178,55.661266,3906821.000000
2025-03-12,56.006337,56.373912,55.211176,55.421219,3196212.000000
2025-03-13,55.233675,55.286189,53.838394,53.875904,4216144.000000
2025-03-14,54.761082,55.398713,54.235977,55.293690,2864728.000000
2025-03-17,55.211175,56.298895,54.997381,56.066349,2310174.000000
2025-03-18,55.863808,55.998838,55.481233,55.796295,2471272.000000
2025-03-19,55.803794,56.760235,55.721274,56.448925,2261341.000000
2025-03-20,56.013836,56.467680,55.631261,56.006336,2772368.000000
2025-03-21,55.421218,56.163868,54.974878,56.103855,6281753.000000
2025-03-24,56.621461,57.184076,56.508938,56.944027,2695270.000000
2025-03-25,57.161565,57.262837,56.523938,56.989033,2510419.000000
2025-03-26,56.974034,57.416622,56.186373,56.403919,1622788.000000
2025-03-27,56.208879,56.643964,55.732533,55.953827,1765308.000000
2025-03-28,55.781290,55.976329,54.386008,54.483528,1981078.000000
2025-03-31,53.883408,55.068647,53.598349,54.896114,4085833.000000
2025-04-01,54.761083,55.256185,54.356001,55.136158,2758170.000000
2025-04-02,54.566043,55.897563,54.521033,55.728779,1522865.000000
2025-04-03,53.448316,53.812139,50.635246,50.725266,5585343.000000
2025-04-04,49.232464,49.420000,47.450852,48.107235,6453865.000000
2025-04-07,47.117036,50.050129,46.321876,48.497314,6884609.000000
2025-04-08,49.322482,50.012623,46.284366,46.944500,6885936.000000
2025-04-09,45.849279,51.190360,45.297916,50.830284,9864387.000000
2025-04-10,49.915104,50.151402,46.674449,47.837181,7405191.000000
2025-04-11,47.702156,49.134944,46.621936,48.744865,5662973.000000
2025-04-14,49.329985,49.858842,48.977413,49.517521,3002338.000000
2025-04-15,49.577535,49.982617,49.082434,49.352489,2950585.000000
2025-04-16,49.284973,49.686303,47.987211,48.759869,3408798.000000
2025-04-17,48.932402,49.397498,48.849886,49.089935,2035883.000000
2025-04-21,48.482311,48.673602,47.349582,48.009716,3476740.000000
2025-04-22,48.692354,49.577534,48.456056,49.502518,2883571.000000
2025-04-23,51.055330,51.835491,50.155150,50.305180,2426021.000000
2025-04-24,50.260175,51.797986,50.140152,51.700466,2066272.000000
2025-04-25,51.497927,52.255577,51.205368,51.700466,2835534.000000
2025-04-28,51.715466,52.233071,50.957812,51.617947,2316146.000000
2025-04-29,51.580439,52.038030,51.302879,51.827988,2658379.000000
2025-04-30,51.745472,52.398103,50.841540,52.278080,3718121.000000
2025-05-01,48.969909,50.380194,48.752367,50.095139,14350045.000000
2025-05-02,51.047835,51.400407,50.155155,50.672760,7449247.000000
2025-05-05,50.447714,51.062838,50.200161,50.702766,4948118.000000
2025-05-06,49.975113,51.182859,49.975113,50.447712,4621012.000000
2025-05-07,50.815287,51.595444,50.672757,51.032829,5373819.000000
2025-05-08,51.482923,52.840698,51.482923,52.383102,4459118.000000
2025-05-09,52.585641,53.103246,52.407105,52.900703,4586908.000000
2025-05-12,54.821095,55.728778,54.821095,55.316196,5561324.000000
2025-05-13,55.248680,56.013834,55.143661,55.248680,4503705.000000
2025-05-14,55.038639,55.368708,54.521034,54.536037,3661193.000000
2025-05-15,54.416012,54.746077,54.149708,54.371002,5356966.000000
2025-05-16,54.288490,54.971127,54.055944,54.903614,4280106.000000
2025-05-19,54.033436,54.603551,54.033436,54.476025,5534917.000000
2025-05-20,54.228472,54.461021,53.847397,53.973419,4786091.000000
2025-05-21,53.583347,53.808393,52.563141,52.585648,4222647.000000
2025-05-22,52.413111,53.028236,52.338098,52.623154,3277425.000000
2025-05-23,51.722969,52.576639,51.722969,52.263077,4596993.000000
2025-05-27,52.938216,53.163258,52.488124,53.155758,7068796.000000
2025-05-28,54.130955,54.423513,53.410811,53.643356,7102369.000000
2025-05-29,54.018430,54.040937,52.960717,53.313290,3221558.000000
2025-05-30,53.155577,53.305779,52.310708,52.712490,5682479.000000
2025-06-02,52.374542,52.862690,51.499632,52.765060,4266969.000000
2025-06-03,52.922770,55.033071,52.922770,54.176933,6049262.000000
2025-06-04,54.312116,54.454806,53.982427,54.011715,2644578.000000
2025-06-05,54.252037,54.357175,53.662504,53.891560,2530722.000000
2025-06-06,54.702635,55.235844,54.605006,54.845325,2810851.000000
2025-06-09,55.003032,55.401062,54.860345,54.980503,3799865.000000
2025-06-10,54.822791,55.130700,53.170598,54.567455,5016060.000000
2025-06-11,54.612514,54.920422,53.388390,53.546101,3931238.000000
2025-06-12,53.095503,53.489773,52.765062,53.275742,2574115.000000
2025-06-13,52.524745,52.892735,51.818810,52.141739,5475467.000000
2025-06-16,52.892728,53.516054,52.674941,53.140556,2596408.000000
2025-06-17,52.757553,53.103011,52.164264,52.269405,2648692.000000
2025-06-18,52.276912,53.005380,52.219086,52.442131,2433055.000000
2025-06-20,52.780081,53.057949,52.115450,52.306953,4334247.000000
2025-06-23,52.186794,52.821384,51.721175,52.810120,3949948.000000
2025-06-24,53.050443,53.320803,52.810123,53.072971,3721173.000000
2025-06-25,53.133047,53.140555,52.494697,52.629879,3552512.000000
2025-06-26,52.937791,53.613689,52.622370,53.486019,2323179.000000
2025-06-27,53.606178,53.959148,53.433451,53.771397,3958839.000000
2025-06-30,51.871635,52.210470,49.828661,51.951363,10876800.000000
2025-07-01,51.891568,54.054134,51.074378,52.977833,6551200.000000
2025-07-02,53.077491,53.376466,52.763572,53.157219,5891000.000000
2025-07-03,53.316672,53.565816,52.648970,52.868214,2484800.000000
2025-07-07,52.609103,53.097422,52.429719,52.818382,6797700.000000
2025-07-08,52.987795,53.326630,52.499477,52.619064,3623600.000000
2025-07-09,52.619067,52.848278,52.220440,52.808418,3079500.000000
2025-07-10,52.947941,53.316672,52.649966,52.878181,4938300.000000
2025-07-11,52.409789,52.629037,52.220442,52.509445,3543700.000000
2025-07-14,52.090882,52.320093,51.682287,51.991222,2607600.000000
2025-07-15,51.582626,52.140709,50.914924,50.974720,4430700.000000
2025-07-16,50.994650,51.263725,49.893437,50.147564,5005600.000000
2025-07-17,50.326949,51.129191,50.167497,51.094311,4665000.000000
2025-07-18,51.293627,51.323523,50.057875,50.356846,2749200.000000
2025-07-21,50.546200,50.735547,49.888462,49.968185,3630700.000000
2025-07-22,49.958215,50.924889,49.843608,50.904961,2760400.000000
2025-07-23,51.253763,51.253763,50.775409,50.934860,2928900.000000
2025-07-24,50.825237,51.293628,49.492817,50.885033,2452200.000000
2025-07-25,50.974721,51.363384,50.645850,51.343452,2939400.000000
2025-07-28,51.383318,51.722153,50.914927,51.084343,3206000.000000
2025-07-29,51.233829,51.363384,50.326947,50.745506,3950400.000000
2025-07-30,52.678861,52.678861,49.091195,49.479862,9711900.000000
2025-07-31,48.822128,49.141031,47.667099,47.765759,4957200.000000
2025-08-01,46.868839,47.137914,46.310760,46.390484,4974300.000000
2025-08-04,46.569863,47.147877,46.186184,47.058186,5443900.000000
2025-08-05,48.049779,48.792225,47.686028,48.234146,8108300.000000
2025-08-06,48.363695,48.493251,47.297362,47.426918,5499500.000000
2025-08-07,47.985005,48.114557,47.167815,47.287403,3207700.000000
2025-08-08,47.297366,47.546509,46.828979,46.938599,3774300.000000
2025-08-11,47.028293,47.247540,46.181207,46.559906,3920200.000000
2025-08-12,46.888771,47.631217,46.739287,47.486717,5818100.000000
2025-08-13,47.695997,48.697555,47.446854,48.563015,6250900.000000
2025-08-14,47.775720,48.054763,47.421937,47.636200,4464300.000000
2025-08-15,47.845481,48.204248,47.611289,47.994968,5626800.000000
2025-08-18,47.965071,48.254075,47.586372,47.586372,3454200.000000
2025-08-19,47.805621,48.563015,47.631217,47.994968,2665800.000000
2025-08-20,48.034829,48.338784,47.516611,47.875378,7630300.000000
2025-08-21,47.835519,48.543086,47.456821,47.596340,4113600.000000
2025-08-22,48.014900,49.350309,47.815585,49.141029,3749700.000000
2025-08-25,48.961647,49.081235,48.303909,48.343769,2753700.000000
2025-08-26,48.313873,48.483293,47.945142,48.343769,5215400.000000
2025-08-27,48.224177,48.762328,48.114553,48.403561,2315600.000000
2025-08-28,48.632772,48.632772,47.516611,47.845478,4023200.000000
2025-08-29,47.815587,48.244114,47.526580,47.695999,2948700.000000
2025-09-02,46.958529,47.197708,46.380518,47.197708,4128200.000000
2025-09-03,47.058194,47.277438,46.495128,46.868843,2848600.000000
2025-09-04,46.898739,47.441870,46.589800,47.416958,2766600.000000
2025-09-05,47.606307,48.229166,47.247540,47.705963,3314800.000000
2025-09-08,47.536543,47.875378,46.868837,47.815582,3201600.000000
2025-09-09,47.636201,47.740840,46.848907,47.546509,3538200.000000
2025-09-10,47.337229,48.016891,47.262485,47.586372,4051400.000000
2025-09-11,47.775720,49.574535,47.536544,49.400135,6155300.000000
2025-09-12,49.200580,49.300356,48.671753,48.721645,4988400.000000
2025-09-15,48.931178,48.996033,48.372420,48.452244,3455200.000000
2025-09-16,48.322533,48.896258,47.958341,48.641823,2968700.000000
2025-09-17,48.831397,49.634611,47.743815,47.923416,4800200.000000
2025-09-18,48.312552,49.280400,48.212775,48.721645,2886800.000000
2025-09-19,48.951133,48.951133,48.013217,48.522087,9949900.000000
2025-09-22,47.823642,48.452245,47.773754,48.212776,2731800.000000
2025-09-23,48.357454,49.150688,48.003242,48.332508,2940200.000000
2025-09-24,48.282620,48.701690,47.564217,48.053131,2802300.000000
2025-09-25,47.833618,47.833618,47.205019,47.564217,3422100.000000
2025-09-26,47.893487,48.452246,47.659008,48.422310,2141200.000000
2025-09-29,48.671755,49.150690,48.437276,48.801468,3322600.000000
2025-09-30,48.701690,48.901243,48.068097,48.881290,3202600.000000
2025-10-01,48.791490,50.108561,48.581953,49.968872,4234600.000000
2025-10-02,49.968874,50.677298,49.440047,49.669537,3007700.000000
2025-10-03,49.709447,50.602461,49.684501,50.298138,3436000.000000
2025-10-06,50.477738,50.727184,49.909004,49.918980,2622300.000000
2025-10-07,50.138491,50.178404,49.200579,49.499912,1829100.000000
2025-10-08,49.799249,50.038718,49.212552,49.729404,1852400.000000
2025-10-09,49.909005,49.909005,49.050913,49.190601,1958000.000000
2025-10-10,49.400132,49.529845,47.604127,47.693928,2453300.000000
2025-10-13,48.132957,48.751580,47.923420,48.472202,1888500.000000
2025-10-14,47.843598,49.200581,47.843598,48.921200,1375400.000000
2025-10-15,48.332508,49.440046,47.993263,48.382401,3537500.000000
2025-10-16,48.781512,48.831400,48.172865,48.581955,1810000.000000
2025-10-17,48.282620,48.751578,48.182843,48.552021,1797000.000000
2025-10-20,48.861333,49.390156,48.661776,49.170643,1504200.000000
2025-10-21,49.060890,50.048694,48.996035,49.669537,1503500.000000
2025-10-22,49.629624,49.829177,48.886274,48.971088,1966700.000000
2025-10-23,49.070869,49.639604,48.771536,49.509892,1467700.000000
2025-10-24,49.869092,49.938937,49.050912,49.360226,1679300.000000
2025-10-27,49.699471,49.839160,49.150689,49.360226,2263800.000000
2025-10-28,49.420089,49.469981,48.866320,49.050911,4205200.000000
2025-10-29,54.798129,55.805890,49.659560,50.228294,9478700.000000
2025-10-30,50.597470,52.712768,50.128515,51.136272,4907700.000000
2025-10-31,50.747141,50.856897,49.839160,50.228294,3578900.000000
2025-11-03,50.048691,50.048691,48.921198,49.988823,3374400.000000
2025-11-04,49.709448,50.278183,49.519871,50.228294,2569700.000000
2025-11-05,50.248250,50.826961,49.943927,50.118538,2853000.000000
2025-11-06,50.597470,51.246029,50.407893,50.966652,3692600.000000
2025-11-07,50.777072,51.427626,49.874082,51.116318,3262900.000000
2025-11-10,51.236051,51.465544,50.757117,51.216099,2547900.000000
2025-11-11,51.216099,51.794810,50.986606,51.764877,2213700.000000
2025-11-12,51.734942,52.408447,51.685054,51.914543,2894400.000000
2025-11-13,51.934496,52.538153,51.754896,51.844696,3905500.000000
2025-11-14,51.365765,51.849689,51.355788,51.475521,4473400.000000
2025-11-17,51.375743,51.714989,50.328070,50.407894,4358500.000000
2025-11-18,50.198363,50.697254,49.988826,50.268208,2638300.000000
2025-11-19,50.228293,50.876852,49.978847,50.308113,2716900.000000
2025-11-20,50.797029,51.545364,50.258226,50.727184,3644500.000000
2025-11-21,50.876856,53.206674,50.807008,52.702793,4152300.000000
2025-11-24,52.742704,53.032061,52.333614,52.343590,4210500.000000
2025-11-25,53.022081,53.406229,52.583059,53.161770,3143700.000000
2025-11-26,52.992149,53.426181,52.882392,53.111881,2171900.000000
2025-11-28,53.301672,53.481475,52.952052,53.421539,1317200.000000
2025-12-01,53.002002,53.461499,52.682352,52.712318,2493100.000000
2025-12-02,52.712319,53.296678,52.512536,53.081913,1912000.000000
2025-12-03,53.191793,53.541409,52.992011,53.391575,2063600.000000
2025-12-04,53.201780,53.761169,53.041955,53.321651,2570400.000000
2025-12-05,53.181805,54.030875,53.071925,53.691246,2461500.000000
2025-12-08,53.551399,54.090810,53.321651,54.070831,3674300.000000
2025-12-09,54.000909,54.320559,53.561387,53.611332,2119100.000000
2025-12-10,53.661280,54.974841,53.601344,54.740097,2106500.000000
2025-12-11,54.640208,55.464307,54.580273,55.399376,2410400.000000
2025-12-12,55.629125,55.689060,54.632218,54.869957,3049400.000000
2025-12-15,55.239553,55.414361,54.700142,55.289497,3388500.000000
2025-12-16,55.489277,55.609145,54.510348,54.600250,2821800.000000
2025-12-17,54.470392,55.669081,54.405464,55.179619,3801500.000000
2025-12-18,55.379396,55.609144,54.420446,54.610237,3477100.000000
2025-12-19,54.430440,54.949869,54.380492,54.849979,12085500.000000
2025-12-22,54.939880,55.704043,54.720119,55.619137,2599500.000000
2025-12-23,55.709041,55.852884,55.224570,55.579182,1612700.000000
2025-12-24,55.439333,55.679072,55.379397,55.399376,972600.000000
2025-12-26,55.339444,55.679072,55.329452,55.629124,1380200.000000
2025-12-29,55.519246,56.118589,55.409366,56.088623,2452300.000000
2025-12-30,56.018703,56.128580,55.828908,55.878853,2068800.000000
2025-12-31,55.878852,56.058656,55.119685,55.149651,1612500.000000
2026-01-02,55.269521,55.634119,54.942875,55.329453,2691300.000000
2026-01-05,54.665179,54.989825,52.592451,53.751183,6408600.000000
2026-01-06,53.421541,55.494274,53.351618,55.389389,5328000.000000
2026-01-07,55.349430,55.569191,54.025878,54.080818,2793900.000000
2026-01-08,53.821106,55.828908,53.821106,55.149651,3740400.000000
2026-01-09,55.179620,55.589171,54.210679,54.939880,2916800.000000
2026-01-12,54.810022,55.579181,54.595257,55.449322,2348100.000000
2026-01-13,55.609147,55.848887,54.070834,54.620232,3537000.000000
2026-01-14,54.640208,55.709038,54.640208,55.699047,2828300.000000
2026-01-15,55.918809,55.968754,55.259531,55.449322,2666000.000000
2026-01-16,54.720118,55.129670,54.285596,54.899921,3207900.000000
2026-01-20,54.310568,54.530328,52.572472,52.642395,3501900.000000
2026-01-21,53.171813,54.879943,52.682351,54.380489,4564600.000000
2026-01-22,54.869956,55.019794,54.300580,54.660187,2076600.000000
2026-01-23,54.540314,54.740096,53.871048,54.530327,3540800.000000
2026-01-26,54.720121,55.069741,54.410462,54.690155,2135300.000000
2026-01-27,54.590264,54.590264,53.021981,53.091904,4674500.000000
2026-01-28,53.061933,53.471484,52.727300,52.742283,2910200.000000
2026-01-29,53.291682,53.651289,52.472578,53.021980,2670600.000000
2026-01-30,52.722304,53.231748,52.372688,52.752274,4330000.000000
2026-02-02,52.692338,53.841082,52.692338,53.641300,3170100.000000
2026-02-03,53.811114,54.680165,53.071925,54.290588,5669600.000000
2026-02-04,54.440427,61.083159,54.440427,60.064274,12979200.000000
2026-02-05,60.663617,61.083160,58.495990,60.134197,5890200.000000
2026-02-06,60.933322,60.933322,58.376119,60.054283,6733600.000000
2026-02-09,60.074262,60.648635,59.624754,60.633652,3345500.000000
2026-02-10,60.733539,61.892271,60.513782,61.852314,3182200.000000
2026-02-11,61.932229,62.351768,57.646918,58.645824,8939600.000000
2026-02-12,58.935506,59.604772,54.909913,55.938786,12572700.000000
2026-02-13,56.038674,57.307287,55.968751,56.837803,5692000.000000
2026-02-17,56.917714,57.586984,56.218479,56.747902,4194800.000000
2026-02-18,56.927708,58.725739,56.727925,58.266243,3760900.000000
2026-02-19,57.916621,58.396096,57.417167,57.796753,2361200.000000
2026-02-20,57.586985,58.700764,57.377211,58.216293,2946800.000000
2026-02-23,58.036489,58.466019,56.428252,57.117496,3531400.000000
2026-02-24,57.227378,58.725738,57.117498,57.616951,2498800.000000
2026-02-25,57.756799,58.590885,57.147465,58.256252,2983300.000000
2026-02-26,58.655813,60.304007,58.326172,59.734631,4306600.000000
2026-02-27,59.055374,59.654720,58.286215,59.135288,4964100.000000
2026-03-02,58.366131,58.855593,57.876665,58.515968,2503400.000000
2026-03-03,57.557016,58.426068,56.757892,57.966568,2582100.000000
2026-03-04,58.126391,58.331168,57.517061,57.936600,1903800.000000
2026-03-05,57.437149,58.156363,56.947682,57.966568,4120900.000000
2026-03-06,57.187420,57.337258,55.539222,57.327267,4415000.000000
2026-03-09,56.368317,56.852787,55.349431,56.288403,4668400.000000
2026-03-10,56.508164,56.598066,55.629125,55.758984,2506100.000000
2026-03-11,55.539224,56.488187,55.249544,56.248451,3074700.000000
2026-03-12,55.798939,56.388294,54.250634,54.829998,6102000.000000
2026-03-13,54.509998,55.404999,54.009998,54.270000,2678100.000000
2026-03-16,54.630001,54.790001,53.730000,53.759998,3269700.000000
2026-03-17,54.349998,56.360001,53.570000,55.840000,4912100.000000
2026-03-18,55.549999,55.689999,54.505001,54.840000,3972500.000000
2026-03-19,54.290001,55.869999,54.049999,55.549999,4136900.000000
2026-03-20,55.500000,56.139999,54.730000,55.220001,4696300.000000
2026-03-23,56.139999,56.779999,55.320000,55.389999,2649700.000000
2026-03-24,54.680000,55.439999,54.490002,54.900002,2757900.000000
2026-03-25,55.490002,55.830002,53.860001,54.779999,2011100.000000
2026-03-26,54.419998,55.404999,54.369999,54.810001,1959600.000000
2026-03-27,54.509998,54.599998,53.805000,53.919998,1804400.000000
2026-03-30,54.540001,54.700001,53.480000,53.619999,1845000.000000
2026-03-31,54.500000,55.910000,54.200001,55.279999,2341300.000000
2026-04-01,55.529999,56.169998,55.270000,55.900002,2498000.000000
2026-04-02,55.279999,56.605000,54.770000,56.080002,1927700.000000
2026-04-06,55.880001,56.785000,55.705002,56.709999,2133200.000000
2026-04-07,56.560001,57.200001,56.389999,56.869999,2171800.000000
2026-04-08,58.040001,59.424999,57.915001,59.380001,2805400.000000
2026-04-09,59.099998,60.645000,58.930000,60.230000,2877500.000000
2026-04-10,60.299999,60.500000,57.950001,58.360001,3795900.000000
2026-04-13,58.119999,60.014999,58.119999,59.820000,3557700.000000
2026-04-14,58.535000,60.310001,58.535000,59.709999,2394600.000000
2026-04-15,59.630001,59.764999,58.720001,59.369999,2236500.000000
2026-04-16,59.349998,60.205002,59.340000,59.650002,2845800.000000
2026-04-17,60.169998,61.154999,59.740002,60.520000,3741100.000000
2026-04-20,60.250000,61.025002,60.040001,60.970001,2152200.000000
2026-04-21,60.470001,61.709999,60.470001,61.029999,2661100.000000
2026-04-22,61.410000,61.740002,60.439999,60.860001,2591400.000000
2026-04-23,60.970001,61.395000,60.490002,61.110001,2324900.000000
2026-04-24,60.990002,61.560001,60.645000,61.090000,2850200.000000
2026-04-27,61.169998,62.279999,61.119999,62.009998,4558200.000000
2026-04-28,62.180000,62.229000,61.180000,61.770000,3177600.000000
2026-04-29,61.740002,62.430000,61.500000,61.750000,4766300.000000
2026-04-30,62.110001,62.805000,57.799999,59.790001,7359400.000000
2026-05-01,60.689999,60.849998,58.494999,59.029999,3258100.000000
2026-05-04,59.189999,61.154999,59.189999,60.080002,3166700.000000
2026-05-05,60.410000,61.080002,60.068001,60.689999,2411400.000000
2026-05-06,61.200001,61.500000,59.880001,60.400002,4219400.000000
2026-05-07,60.709999,61.150002,59.959999,60.900002,2809900.000000
2026-05-08,60.880001,61.115002,60.340000,60.430000,2769500.000000
2026-05-11,61.189999,61.570000,60.139999,60.310001,2548100.000000
2026-05-12,60.590000,60.669998,59.459999,60.270000,2263000.000000
2026-05-13,60.150002,60.520000,59.049999,59.419998,2678200.000000
2026-05-14,59.810001,60.099998,58.400002,58.919998,3450000.000000
2026-05-15,58.840000,59.494999,58.700001,58.720001,2908200.000000
2026-05-18,58.939999,59.535000,58.715000,59.009998,2340400.000000
2026-05-19,59.009998,59.514999,58.189999,58.200001,2744200.000000
2026-05-20,58.130001,59.160000,57.380001,59.029999,3489500.000000
2026-05-21,58.779999,59.521000,57.750000,59.020000,2372900.000000
2026-05-22,58.860001,59.455002,58.580002,59.130001,2052200.000000
2026-05-26,59.220001,60.330002,58.575001,60.320000,2452500.000000
2026-05-27,60.459999,60.674999,59.779999,59.910000,1839800.000000
2026-05-28,59.599998,59.599998,58.430000,59.169998,3138600.000000
2026-05-29,58.549999,59.470001,58.174999,58.320000,7965900.000000
2026-06-01,58.110001,59.209999,57.880001,58.720001,5553500.000000
2026-06-02,58.740002,60.320000,58.630001,60.160000,5343000.000000
2026-06-03,60.220001,61.240002,60.060001,60.599998,3336700.000000
2026-06-04,61.119999,61.709999,60.459999,61.470001,3340200.000000
