date,open,high,low,close,volume
2016-11-01,16.272334,16.565001,13.718805,13.843189,0.000000
2016-11-02,13.799288,13.879772,12.899335,13.126153,0.000000
2016-11-03,12.972502,13.206636,12.745684,12.796901,0.000000
2016-11-04,12.877383,13.023717,12.811532,12.935916,0.000000
2016-11-07,13.096884,13.170052,12.643250,12.687150,0.000000
2016-11-08,12.768052,12.907794,12.665083,12.804826,8524770.000000
2016-11-09,12.466502,13.018118,12.319405,12.893085,0.000000
2016-11-10,12.907794,13.628572,12.907794,13.569733,0.000000
2016-11-11,13.555023,13.930121,13.466764,13.871282,6987745.000000
2016-11-14,13.930121,14.062508,13.849217,14.040444,0.000000
2016-11-15,14.091927,14.680317,14.091927,14.643542,0.000000
2016-11-16,14.525869,14.562642,14.305222,14.422901,0.000000
2016-11-17,14.378769,14.430253,14.239027,14.341995,0.000000
2016-11-18,14.312573,14.643542,14.246379,14.643542,0.000000
2016-11-21,14.628831,14.849478,14.577348,14.842123,0.000000
2016-11-22,14.761217,14.915670,14.562636,14.628830,0.000000
2016-11-23,14.569995,15.003932,14.496447,14.915673,0.000000
2016-11-25,14.945090,15.187801,14.886251,15.099543,0.000000
2016-11-28,15.003935,15.026000,14.650902,14.820063,0.000000
2016-11-29,14.739156,14.739156,14.349348,14.467027,0.000000
2016-11-30,14.408188,14.599415,14.158122,14.180187,0.000000
2016-12-01,14.224317,14.577351,14.165479,14.341995,0.000000
2016-12-02,14.261090,14.503800,14.231670,14.481736,0.000000
2016-12-05,14.444962,14.915673,14.422898,14.900964,0.000000
2016-12-06,14.628834,14.959803,14.489091,14.945093,0.000000
2016-12-07,15.011288,15.371676,14.989223,15.356967,0.000000
2016-12-08,15.452580,15.599677,15.364322,15.379031,0.000000
2016-12-09,15.540835,16.048322,15.526126,16.033611,0.000000
2016-12-12,15.982134,16.327813,15.820327,15.871811,0.000000
2016-12-13,15.864448,16.004191,15.379028,15.584964,0.000000
2016-12-14,15.379029,15.732062,15.224576,15.261351,0.000000
2016-12-15,15.231934,15.452581,15.025998,15.121612,0.000000
2016-12-16,15.070126,15.349610,14.805350,14.900964,0.000000
2016-12-19,14.746512,14.856836,14.599415,14.724448,0.000000
2016-12-20,14.709738,14.981868,14.709738,14.783286,0.000000
2016-12-21,14.724448,14.856836,14.658254,14.724448,0.000000
2016-12-22,14.650898,14.805350,14.569994,14.761220,0.000000
2016-12-23,14.709736,14.775930,14.467026,14.547929,2820291.000000
2016-12-27,14.562638,14.805349,14.437606,14.547929,3161287.000000
2016-12-28,14.481736,14.606768,14.143413,14.158122,4229394.000000
2016-12-29,14.165477,14.194895,13.738894,13.753604,6064252.000000
2016-12-30,13.812445,14.033091,13.584444,13.635927,6590416.000000
2017-01-03,13.783024,14.121346,13.709475,14.113993,5587901.000000
2017-01-04,14.121345,14.511154,13.981604,14.489089,5782849.000000
2017-01-05,14.489091,14.856835,14.415543,14.783286,7053988.000000
2017-01-06,14.820060,15.231933,14.717092,15.173094,7218422.000000
2017-01-09,15.143673,15.173093,14.923028,14.996576,6366389.000000
2017-01-10,14.842127,15.393743,14.842127,15.231936,5622066.000000
2017-01-11,15.246642,15.518774,15.187804,15.518774,5475887.000000
2017-01-12,15.393743,15.467292,15.077483,15.445227,7235505.000000
2017-01-13,15.401097,15.614389,15.364323,15.540838,6019525.000000
2017-01-17,15.224579,15.371676,15.136321,15.253999,3969898.000000
2017-01-18,15.246643,15.415806,15.173095,15.356967,3360930.000000
2017-01-19,15.290774,15.702647,15.290774,15.673228,4805110.000000
2017-01-20,15.665872,15.915937,15.548193,15.658516,7332914.000000
2017-01-23,15.636452,15.717356,15.511420,15.687938,5454371.000000
2017-01-24,15.798259,16.474906,15.754129,16.305744,10834675.000000
2017-01-25,16.445486,16.710261,16.349873,16.688196,4958982.000000
2017-01-26,16.585233,16.827944,16.408716,16.813234,4269426.000000
2017-01-27,16.805875,16.827939,16.555809,16.622002,3523538.000000
2017-01-30,16.636712,16.666131,16.298387,16.548452,4940856.000000
2017-01-31,16.401359,16.761747,16.276327,16.761747,7382335.000000
2017-02-01,17.159952,18.804416,17.027213,18.642181,21366562.000000
2017-02-02,18.443083,18.804424,18.302973,18.583195,10545057.000000
2017-02-03,18.561073,19.114144,18.561073,19.099396,7777186.000000
2017-02-06,18.597944,19.401741,18.597944,19.320625,13364826.000000
2017-02-07,19.320628,19.704091,19.224760,19.630346,9796561.000000
2017-02-08,19.527090,20.212900,19.416477,20.131783,9996334.000000
2017-02-09,20.131792,20.751233,20.021178,20.618494,11826237.000000
2017-02-10,20.817605,22.012239,20.736488,21.842630,15049203.000000
2017-02-13,21.732005,22.026977,21.422285,21.864742,13249683.000000
2017-02-14,21.717267,22.240840,21.636150,21.768887,15496866.000000
2017-02-15,21.636145,21.768882,21.444414,21.540279,6616366.000000
2017-02-16,21.488668,21.746767,21.429673,21.746767,6581158.000000
2017-02-17,21.650896,22.181846,21.569780,22.056482,6065556.000000
2017-02-21,21.879501,22.403076,21.864752,22.336706,5062910.000000
2017-02-22,22.034354,22.535806,22.034354,22.528431,5890168.000000
2017-02-23,22.550560,22.631678,21.768886,21.805758,9063843.000000
2017-02-24,21.378048,21.776261,21.193692,21.621401,5881040.000000
2017-02-27,21.606657,21.857383,21.466547,21.562412,3999498.000000
2017-02-28,21.459167,21.665648,21.119950,21.230564,5402733.000000
2017-03-01,21.606649,22.041733,21.606649,21.783632,4718524.000000
2017-03-02,21.562407,21.724643,21.031459,21.046207,3909653.000000
2017-03-03,21.060953,21.230561,20.463637,20.714361,4725044.000000
2017-03-06,20.655370,20.670120,20.323528,20.426767,4628809.000000
2017-03-07,20.353020,20.382519,19.652464,19.895815,8165518.000000
2017-03-08,19.888442,20.050677,19.652466,19.799952,5336620.000000
2017-03-09,19.718832,19.910561,19.372240,19.534473,5255381.000000
2017-03-10,19.608223,19.851575,19.490235,19.785206,5169708.000000
2017-03-13,19.755707,19.932689,19.593472,19.763081,4141504.000000
2017-03-14,19.600844,19.733581,19.504978,19.667212,2488814.000000
2017-03-15,19.785203,20.227661,19.748332,20.102297,2964253.000000
2017-03-16,20.190782,20.316144,19.895810,20.146536,3481158.000000
2017-03-17,20.161289,20.507881,20.124418,20.279278,7816437.000000
2017-03-20,20.308769,20.780723,20.205529,20.552120,4938639.000000
2017-03-21,20.596370,20.640615,19.667209,19.726204,8356293.000000
2017-03-22,19.681963,19.962185,19.482859,19.541853,4547961.000000
2017-03-23,19.541848,19.792574,19.504977,19.674585,5213392.000000
2017-03-24,19.674585,19.829445,19.445983,19.674585,3822285.000000
2017-03-27,19.254252,19.659836,19.180510,19.586094,3680279.000000
2017-03-28,19.504974,19.999050,19.504974,19.940056,3320114.000000
2017-03-29,19.733585,19.917941,19.261631,19.320625,4206834.000000
2017-03-30,19.254252,19.600844,19.195258,19.586094,3326634.000000
2017-03-31,19.519730,19.578725,19.320625,19.423864,3278778.000000
2017-04-03,19.527102,19.689337,19.077271,19.305874,3058402.000000
2017-04-04,19.283746,19.527096,19.232126,19.453354,6896465.000000
2017-04-05,19.578726,19.799953,19.062526,19.092022,4870049.000000
2017-04-06,19.047775,19.350121,19.010904,19.291126,2068535.000000
2017-04-07,19.173134,19.541849,19.173134,19.475479,2363500.000000
2017-04-10,19.475478,19.792573,19.475478,19.563971,3410090.000000
2017-04-11,19.571348,19.792577,19.217383,19.608219,4193794.000000
2017-04-12,19.541850,19.541850,18.959280,19.062521,7089848.000000
2017-04-13,19.040401,19.165765,18.937162,19.099396,6053298.000000
2017-04-17,20.094926,20.972466,19.541855,19.681965,16474345.000000
2017-04-18,19.401744,19.401744,18.140741,19.025656,12056262.000000
2017-04-19,19.040400,19.527102,19.040400,19.151014,6661875.000000
2017-04-20,19.313246,19.409112,19.217380,19.254251,3008980.000000
2017-04-21,19.283748,19.327994,19.151011,19.173134,3883573.000000
2017-04-24,19.438605,19.578717,19.151008,19.246874,5968930.000000
2017-04-25,19.394365,19.910563,19.342744,19.895815,6499136.000000
2017-04-26,19.947434,20.640618,19.925313,20.279278,7444406.000000
2017-04-27,20.249779,20.279275,19.836818,20.072796,4748516.000000
2017-04-28,20.153923,20.271910,20.043307,20.153923,5689352.000000
2017-05-01,20.227658,20.301401,19.822072,20.094921,4207486.000000
2017-05-02,19.903194,20.205540,19.903194,20.021183,4294594.000000
2017-05-03,19.939882,19.939882,19.607306,19.792070,3355844.000000
2017-05-04,19.718163,19.784677,19.400365,19.673819,3841062.000000
2017-05-05,19.681209,20.176380,19.614693,20.176380,3092045.000000
2017-05-08,20.109862,20.168988,19.954659,20.013784,2429743.000000
2017-05-09,20.028570,20.242896,19.962053,20.146818,2751570.000000
2017-05-10,20.072911,20.213334,20.043350,20.161598,2603436.000000
2017-05-11,20.065521,20.146816,19.865973,20.109863,2466777.000000
2017-05-12,20.050743,20.523741,19.991616,20.472006,3719399.000000
2017-05-15,20.523742,20.915443,20.523742,20.767632,3879139.000000
2017-05-16,20.767629,20.834143,20.257677,20.257677,3165330.000000
2017-05-17,20.257683,20.257683,19.784683,19.836418,4417039.000000
2017-05-18,19.725554,19.991616,19.622087,19.895540,2515286.000000
2017-05-19,20.021176,20.538519,19.962051,20.383316,2622866.000000
2017-05-22,20.545913,21.174116,20.361148,20.420273,3510890.000000
2017-05-23,20.449827,20.715891,20.265063,20.597641,2584528.000000
2017-05-24,20.656766,20.834139,20.560688,20.752844,2576834.000000
2017-05-25,20.775018,20.856315,20.013785,20.109863,3909001.000000
2017-05-26,20.109861,20.368534,20.028566,20.265064,2857325.000000
2017-05-30,20.287240,20.294631,19.932490,20.117256,5367394.000000
2017-05-31,20.095088,20.331588,19.747730,20.302025,10558227.000000
2017-06-01,20.294628,20.738065,20.168987,20.671549,7362384.000000
2017-06-02,20.730674,20.922831,20.619816,20.811972,3160635.000000
2017-06-05,20.789807,20.885885,20.294635,20.302025,3359104.000000
2017-06-06,20.176385,20.412886,19.984229,20.302025,2380322.000000
2017-06-07,20.420272,20.420272,19.829023,19.880756,3724094.000000
2017-06-08,19.880764,20.375935,19.762516,20.287249,2112350.000000
2017-06-09,20.324190,20.464612,20.087689,20.220720,2585962.000000
2017-06-12,20.021184,20.302027,19.821638,19.821638,2727577.000000
2017-06-13,19.843805,20.449835,19.821635,20.442446,2924481.000000
2017-06-14,20.435053,20.435053,19.814242,19.880756,2723404.000000
2017-06-15,19.666428,19.895537,19.540786,19.732943,3757867.000000
2017-06-16,19.769896,19.821632,19.274725,19.533398,4224699.000000
2017-06-19,19.629473,19.718161,19.481661,19.666428,3219446.000000
2017-06-20,19.562964,19.636870,19.392980,19.518620,1831990.000000
2017-06-21,19.526008,19.540789,18.668697,18.713039,4138896.000000
2017-06-22,18.713036,18.890412,18.520880,18.698256,3689146.000000
2017-06-23,18.624348,18.956925,18.557834,18.875629,6684174.000000
2017-06-26,16.754529,18.225261,16.739748,17.744871,26356970.000000
2017-06-27,17.493590,17.670965,16.081982,16.141108,27554824.000000
2017-06-28,16.296302,17.330988,16.281521,17.072315,14174610.000000
2017-06-29,17.035361,17.212737,16.850597,16.865377,7859599.000000
2017-06-30,16.865386,16.954074,16.355434,16.739746,9985771.000000
2017-07-03,16.806259,17.138838,16.769306,16.880165,4411562.000000
2017-07-05,16.917118,17.027979,16.754525,16.991024,7358342.000000
2017-07-06,16.961465,17.183185,16.813653,16.939293,5794976.000000
2017-07-07,16.946682,17.234916,16.843213,17.094494,4078260.000000
2017-07-10,17.353165,17.848336,17.183181,17.611835,7051510.000000
2017-07-11,17.678354,17.892683,17.515762,17.752260,5650493.000000
2017-07-12,17.900075,18.070059,17.796606,17.877903,3638160.000000
2017-07-13,18.077444,18.136568,17.855725,18.070053,5811667.000000
2017-07-14,17.937024,18.151353,17.811383,18.025711,3421696.000000
2017-07-17,18.033104,18.646525,17.973979,18.439589,5603158.000000
2017-07-18,18.410022,18.506100,18.240038,18.387852,3658372.000000
2017-07-19,18.476543,18.624355,18.343512,18.565229,2918482.000000
2017-07-20,18.520886,18.713042,18.284387,18.291777,7933145.000000
2017-07-21,18.313945,18.631742,18.232649,18.631742,4952853.000000
2017-07-24,19.045614,19.215598,18.328725,18.602177,7415587.000000
2017-07-25,18.846073,19.289508,18.779556,19.156477,6073250.000000
2017-07-26,19.178648,19.178648,18.897805,18.912586,3918259.000000
2017-07-27,19.001275,19.067792,18.506104,18.565229,4363184.000000
2017-07-28,18.506103,18.764776,18.387855,18.439589,2495204.000000
2017-07-31,18.520886,18.587403,18.180918,18.321341,3201059.000000
2017-08-01,18.432197,18.594792,18.084838,18.550447,4228872.000000
2017-08-02,18.498585,18.639344,18.372645,18.431911,6563684.000000
2017-08-03,18.402285,18.787518,18.261526,18.765293,6384254.000000
2017-08-04,18.831965,18.876415,18.572674,18.617125,2951082.000000
2017-08-07,18.617120,18.943087,18.572670,18.772694,3751999.000000
2017-08-08,18.683794,18.935677,18.498587,18.513403,4665582.000000
2017-08-09,18.491178,18.543036,18.135580,18.261520,3354279.000000
2017-08-10,18.202254,18.261519,17.757754,17.794794,3593433.000000
2017-08-11,17.728123,17.965190,17.705898,17.772573,3000374.000000
2017-08-14,17.905917,18.261515,17.831834,18.194841,2427135.000000
2017-08-15,18.217070,18.357827,18.083719,18.335602,4025057.000000
2017-08-16,18.454137,18.661571,18.357828,18.402279,4596730.000000
2017-08-17,18.268931,18.498589,17.972597,17.987415,2161119.000000
2017-08-18,17.928146,18.172620,17.794794,17.994820,3400180.000000
2017-08-21,18.017048,18.335606,18.002232,18.135582,3512846.000000
2017-08-22,18.520814,19.069030,18.409688,19.031988,4621898.000000
2017-08-23,18.891229,19.194970,18.854186,18.943087,2630429.000000
2017-08-24,19.039391,19.202373,18.839365,18.868999,2973642.000000
2017-08-25,18.957904,19.002352,18.706020,18.706020,2401186.000000
2017-08-28,18.780103,18.846777,18.580079,18.646753,2124086.000000
2017-08-29,18.483770,18.831960,18.165211,18.780102,2195154.000000
2017-08-30,18.780101,18.891227,18.617119,18.817142,1885062.000000
2017-08-31,18.876407,19.039391,18.772689,18.868999,4185058.000000
2017-09-01,18.928270,19.098663,18.891231,18.898638,3814330.000000
2017-09-05,18.876413,18.876413,17.928148,18.068905,6781191.000000
2017-09-06,18.150398,18.372649,18.017048,18.031864,5978449.000000
2017-09-07,18.068907,18.113358,17.861475,17.972599,3249829.000000
2017-09-08,17.950374,18.150400,17.787392,18.091133,5446678.000000
2017-09-11,18.202258,18.654165,18.187439,18.505999,4031838.000000
2017-09-12,18.550450,18.676392,18.498592,18.639351,2531194.000000
2017-09-13,18.639346,18.831961,18.505997,18.706020,2974554.000000
2017-09-14,18.617122,18.846779,18.431915,18.787514,3099869.000000
2017-09-15,18.794919,18.891229,18.631937,18.772694,14270324.000000
2017-09-18,18.802328,18.883820,18.676387,18.772694,2477470.000000
2017-09-19,18.780101,19.232008,18.639344,19.217192,5545521.000000
2017-09-20,19.224600,19.409809,19.091250,19.409809,3971202.000000
2017-09-21,19.402401,19.883942,19.232008,19.846901,4972804.000000
2017-09-22,19.706142,19.817267,19.335725,19.417217,4887522.000000
2017-09-25,19.417211,19.624644,19.157919,19.357944,5910771.000000
2017-09-26,19.461672,19.520937,19.320913,19.461672,4418474.000000
2017-09-27,19.595015,19.676505,19.320907,19.543156,3817590.000000
2017-09-28,19.543154,19.543154,19.269048,19.276455,2539018.000000
2017-09-29,19.291275,19.291275,18.187435,18.431911,10982679.000000
2017-10-02,18.483774,19.202381,18.468956,19.202381,7399548.000000
2017-10-03,19.143103,19.676502,19.069020,19.357944,7913585.000000
2017-10-04,19.372774,19.913582,19.372774,19.832090,5070082.000000
2017-10-05,19.743186,20.076561,19.743186,19.891352,4766772.000000
2017-10-06,19.765411,20.113602,19.661694,20.076561,3666978.000000
2017-10-09,20.128417,20.484016,20.083966,20.291399,4888305.000000
2017-10-10,20.476608,20.632183,20.209907,20.291399,3325330.000000
2017-10-11,20.209909,20.624776,20.091377,20.261768,9011292.000000
2017-10-12,20.202503,20.513653,20.061744,20.417345,4723218.000000
2017-10-13,20.498830,20.506239,20.032107,20.121006,11785291.000000
2017-10-16,20.180276,20.328444,20.002475,20.128418,4455768.000000
2017-10-17,20.002481,20.172874,19.832090,19.883949,2857716.000000
2017-10-18,19.869127,19.965433,19.758000,19.920984,3161678.000000
2017-10-19,19.743184,19.772817,19.506117,19.765409,3753042.000000
2017-10-20,19.958027,20.232135,19.876535,20.128418,5524918.000000
2017-10-23,20.313632,20.409940,17.965193,18.039276,16534068.000000
2017-10-24,18.165211,18.683794,17.728120,18.024452,10369799.000000
2017-10-25,18.017049,18.498590,17.868883,18.409689,5460239.000000
2017-10-26,18.513402,18.580077,17.994819,18.217070,6581288.000000
2017-10-27,18.157803,18.276336,18.031860,18.231886,3817199.000000
2017-10-30,18.128166,18.394866,18.017042,18.357824,3812114.000000
2017-10-31,18.343013,18.631938,18.254114,18.609713,3910305.000000
2017-11-01,18.706021,18.987537,18.520813,18.609713,5475235.000000
2017-11-02,18.580007,18.802788,18.409208,18.743380,4343754.000000
2017-11-03,18.683973,18.966163,18.580007,18.817640,3540360.000000
2017-11-06,18.825063,19.136958,18.735951,19.018141,5641886.000000
2017-11-07,18.995865,19.025570,18.490894,18.624563,4940204.000000
2017-11-08,18.542879,18.631993,18.223557,18.401783,5431551.000000
2017-11-09,18.268110,18.268110,17.919085,18.156719,3883182.000000
2017-11-10,18.112167,18.245838,17.971073,18.000776,3112257.000000
2017-11-13,17.919089,18.037907,17.592343,17.666603,3696840.000000
2017-11-14,17.547784,17.666599,17.176480,17.228462,5855090.000000
2017-11-15,17.154207,17.584919,16.886868,17.347284,5541348.000000
2017-11-16,17.399263,17.755715,17.399263,17.622046,2890055.000000
2017-11-17,17.562636,17.874531,17.525506,17.711157,2492205.000000
2017-11-20,17.681455,17.755717,17.532934,17.740866,2622214.000000
2017-11-21,17.911662,18.008201,17.547786,17.629471,4271774.000000
2017-11-22,17.666607,17.815130,17.607198,17.636904,2182505.000000
2017-11-24,17.711159,17.941367,17.703734,17.815125,2536802.000000
2017-11-27,17.763138,17.822547,17.109647,17.532930,5965930.000000
2017-11-28,17.607194,18.060185,17.510657,17.993349,4545874.000000
2017-11-29,18.008202,18.171574,17.844827,17.874533,4220657.000000
2017-11-30,17.978502,18.290397,17.822554,18.275545,4320413.000000
2017-12-01,18.290394,18.401785,17.829978,18.193855,3457165.000000
2017-12-04,18.468613,18.765654,18.342368,18.364647,5313930.000000
2017-12-05,18.364653,18.364653,17.919089,17.993349,3104824.000000
2017-12-06,17.904237,18.089889,17.829976,17.919088,6614670.000000
2017-12-07,18.201280,18.372079,17.777994,18.260689,2794863.000000
2017-12-08,18.342375,18.357226,18.075037,18.171576,2087574.000000
2017-12-11,18.156722,18.238409,17.926514,18.141870,3115908.000000
2017-12-12,18.149297,18.320098,18.082463,18.305244,2765002.000000
2017-12-13,18.305242,18.966162,18.275538,18.698824,5150148.000000
2017-12-14,18.728529,18.817641,18.453764,18.557730,4002237.000000
2017-12-15,18.691398,18.862198,18.624565,18.787937,8691551.000000
2017-12-18,18.914177,19.099828,18.906750,19.018141,3746131.000000
2017-12-19,19.062700,19.062700,18.676545,19.032995,3364842.000000
2017-12-20,19.122115,19.478565,19.084984,19.404305,4180494.000000
2017-12-21,19.523121,19.916703,19.367173,19.901850,4671580.000000
2017-12-22,19.827585,20.020663,19.619656,19.924124,3583653.000000
2017-12-26,19.901844,20.228591,19.835010,20.102346,2592482.000000
2017-12-27,20.102348,20.325131,20.020663,20.302853,2443305.000000
2017-12-28,20.273149,20.533061,20.198889,20.510784,3162200.000000
2017-12-29,20.510782,20.547910,20.221166,20.236017,3508282.000000
2018-01-02,20.280576,20.622175,20.273150,20.614748,3907175.000000
2018-01-03,20.503355,20.792972,20.050364,20.778118,7297575.000000
2018-01-04,20.941495,21.869753,20.800399,21.773214,8605357.000000
2018-01-05,21.721235,22.003425,21.609842,21.988571,4825713.000000
2018-01-08,22.040559,22.159377,21.847482,22.099968,5458414.000000
2018-01-09,22.129662,22.270758,21.869751,22.137089,3121124.000000
2018-01-10,21.958864,22.226202,21.854898,22.122238,2703714.000000
2018-01-11,22.211347,22.604927,22.174217,22.575224,4059613.000000
2018-01-12,22.649491,22.946535,22.545527,22.901978,4486021.000000
2018-01-16,22.961391,23.147042,22.345028,22.582663,6490660.000000
2018-01-17,22.582660,22.790590,22.515825,22.679197,4206704.000000
2018-01-18,22.448985,22.708899,22.248483,22.538099,4312850.000000
2018-01-19,22.500973,22.612364,22.144521,22.441565,5923029.000000
2018-01-22,22.441556,22.597504,22.307887,22.597504,4670015.000000
2018-01-23,22.597512,22.597512,22.359877,22.500973,2950300.000000
2018-01-24,22.530674,22.775736,22.463840,22.634640,3307205.000000
2018-01-25,22.760880,22.872272,22.389578,22.627211,2582702.000000
2018-01-26,22.694048,22.916829,22.523247,22.901978,2983552.000000
2018-01-29,22.894549,22.953958,22.404430,22.471264,3211361.000000
2018-01-30,22.293039,22.411856,21.817771,22.218777,5778415.000000
2018-01-31,22.278189,22.656918,22.107390,22.322744,4437773.000000
2018-02-01,22.136716,22.612936,22.114393,22.404589,3662154.000000
2018-02-02,22.144159,22.144159,21.452154,21.660500,9938827.000000
2018-02-05,20.388102,20.618770,19.227319,19.733301,14247504.000000
2018-02-06,19.487756,19.644016,18.602287,18.810633,13062820.000000
2018-02-07,18.676697,18.944570,18.505556,18.676697,7236157.000000
2018-02-08,18.699018,18.743664,17.999571,18.193035,9713626.000000
2018-02-09,18.341853,18.527877,17.352213,18.349295,10710404.000000
2018-02-12,18.460906,18.736220,18.252560,18.483229,6439674.000000
2018-02-13,18.312091,18.505554,18.207917,18.438585,7071201.000000
2018-02-14,18.267445,19.123151,18.267445,18.959450,5921464.000000
2018-02-15,19.152909,19.167791,18.535313,18.765982,5887038.000000
2018-02-16,18.736221,19.249643,18.654370,18.870157,7149962.000000
2018-02-20,18.676696,18.952010,18.423705,18.498114,4344537.000000
2018-02-21,18.535317,18.907363,18.341853,18.349295,3468510.000000
2018-02-22,18.475793,18.602290,18.185597,18.260006,3318289.000000
2018-02-23,18.297209,18.706458,18.252563,18.699018,4797286.000000
2018-02-26,18.765986,18.818073,18.602287,18.699018,3289470.000000
2018-02-27,18.706457,18.855274,18.386498,18.408821,3592911.000000
2018-02-28,18.468354,18.624612,18.148394,18.148394,6868038.000000
2018-03-01,18.200474,18.349291,17.731696,17.873072,4513796.000000
2018-03-02,17.739140,17.932602,17.411738,17.791225,3655242.000000
2018-03-05,17.634963,18.185589,17.582877,18.103739,4913472.000000
2018-03-06,18.193032,18.416259,18.140946,18.267441,4494106.000000
2018-03-07,18.066537,18.401377,18.021891,18.319527,2568228.000000
2018-03-08,18.416262,18.505554,18.126068,18.453468,2966991.000000
2018-03-09,18.557638,18.743662,18.431143,18.743662,3043797.000000
2018-03-12,18.765984,18.780866,18.393938,18.550198,4123378.000000
2018-03-13,18.639491,18.765986,18.483232,18.565083,4475198.000000
2018-03-14,18.609728,18.676697,17.776347,17.902842,6700734.000000
2018-03-15,17.954923,18.096301,17.746578,18.036774,5052478.000000
2018-03-16,18.103746,18.364179,17.940047,18.274889,6951102.000000
2018-03-19,18.207916,18.267444,17.709375,17.880516,4610944.000000
2018-03-20,17.910282,18.044218,17.724258,17.925163,6214864.000000
2018-03-21,17.925161,18.267443,17.820988,17.977247,2752614.000000
2018-03-22,17.798671,17.843317,16.861116,16.875998,5973363.000000
2018-03-23,17.047137,17.285247,16.794147,16.928083,5550737.000000
2018-03-26,17.188517,17.404304,16.972730,17.396862,3980460.000000
2018-03-27,17.486150,17.501031,17.054576,17.151308,4602207.000000
2018-03-28,17.195956,17.344774,16.801586,16.890877,2916787.000000
2018-03-29,16.928082,17.292687,16.838790,17.143869,3193757.000000
2018-04-02,17.069460,17.128985,16.355130,16.429539,5951847.000000
2018-04-03,16.503951,16.675093,16.362575,16.630447,6858127.000000
2018-04-04,16.317923,16.846227,16.258396,16.838785,3507630.000000
2018-04-05,16.980164,17.277800,16.965283,17.173628,4347014.000000
2018-04-06,16.995047,17.106660,16.593238,16.771820,4484847.000000
2018-04-09,16.980169,17.307569,16.883437,16.942965,4443510.000000
2018-04-10,17.195953,17.329889,17.039693,17.136425,3257001.000000
2018-04-11,16.987607,17.240599,16.965284,17.084339,2003466.000000
2018-04-12,17.210840,17.493595,17.128990,17.471273,2873755.000000
2018-04-13,17.620082,17.768900,17.218273,17.285240,2983161.000000
2018-04-16,17.463827,17.612645,17.329891,17.530796,2151991.000000
2018-04-17,17.597767,17.858199,17.590326,17.672176,2258919.000000
2018-04-18,17.783786,17.910282,17.620087,17.620087,3555747.000000
2018-04-19,17.612646,17.694497,17.255483,17.508474,4665060.000000
2018-04-20,17.538236,17.612645,17.248040,17.307568,3575568.000000
2018-04-23,16.444420,17.091778,16.347688,16.407215,7989738.000000
2018-04-24,16.593243,16.861116,16.012851,16.355133,8054286.000000
2018-04-25,16.317925,16.526271,16.027730,16.481625,4388221.000000
2018-04-26,16.511389,16.689972,16.332809,16.548595,6280325.000000
2018-04-27,16.556031,16.749495,16.444417,16.697409,6019786.000000
2018-04-30,15.097617,15.380372,13.096011,13.252270,35281806.000000
2018-05-01,13.401087,13.691282,13.081128,13.155537,19292289.000000
2018-05-02,13.244829,13.468057,12.872784,12.924870,15012430.000000
2018-05-03,12.880068,12.939801,12.439532,12.641132,11274123.000000
2018-05-04,12.618735,12.962204,12.559002,12.857669,7474789.000000
2018-05-07,12.850200,13.208602,12.805400,13.111535,7047859.000000
2018-05-08,13.066736,13.328071,12.999535,13.290737,7064942.000000
2018-05-09,13.552071,13.693938,13.425138,13.455004,7089848.000000
2018-05-10,13.499805,13.671539,13.372871,13.544605,8559717.000000
2018-05-11,13.477405,13.619273,13.335537,13.604340,7376076.000000
2018-05-14,13.619271,13.708872,13.581937,13.679005,3919563.000000
2018-05-15,13.611806,13.626740,13.350471,13.425139,6391817.000000
2018-05-16,13.552069,13.567002,13.402735,13.447536,4169670.000000
2018-05-17,13.477404,13.581938,13.343003,13.552071,3944470.000000
2018-05-18,13.522206,13.589406,13.425140,13.499806,3780687.000000
2018-05-21,13.559538,13.820873,13.544605,13.768605,4681490.000000
2018-05-22,13.820870,13.970205,13.708870,13.865671,4428384.000000
2018-05-23,13.805941,14.134476,13.805941,13.917942,5774373.000000
2018-05-24,13.917942,13.940341,13.746207,13.798473,4524098.000000
2018-05-25,13.776069,13.873135,13.686468,13.761136,3620947.000000
2018-05-29,13.634203,13.693937,13.343002,13.387802,4546266.000000
2018-05-30,13.402738,13.581940,13.238472,13.529674,5132544.000000
2018-05-31,13.402735,13.537136,13.156334,13.178735,6570595.000000
2018-06-01,13.208604,13.335537,13.126470,13.253404,6321792.000000
2018-06-04,13.290734,13.492335,13.245934,13.245934,3683148.000000
2018-06-05,13.253405,13.305672,13.119004,13.231005,5401690.000000
2018-06-06,13.275801,13.425136,13.178735,13.387802,4270730.000000
2018-06-07,13.417670,13.596870,13.372870,13.402736,3810418.000000
2018-06-08,13.410203,13.469937,13.238469,13.395270,4142547.000000
2018-06-11,13.425137,13.641671,13.380335,13.559537,5805147.000000
2018-06-12,13.544605,13.611804,13.417671,13.440071,4458376.000000
2018-06-13,13.417668,13.469936,13.298201,13.417668,6447237.000000
2018-06-14,13.455004,13.477405,13.163803,13.440071,6599674.000000
2018-06-15,13.283269,13.402735,13.007001,13.089134,9892144.000000
2018-06-18,12.962203,13.238472,12.962203,13.171270,3620295.000000
2018-06-19,13.014466,13.104067,12.820332,12.992066,6241987.000000
2018-06-20,12.999535,13.021936,12.902469,12.932336,3438518.000000
2018-06-21,12.917401,12.969668,12.626199,12.663533,3817982.000000
2018-06-22,12.753134,12.835267,12.671000,12.723267,3793075.000000
2018-06-25,12.618735,12.656067,12.297666,12.596334,5097336.000000
2018-06-26,12.573933,12.797935,12.469399,12.715801,3245004.000000
2018-06-27,12.745667,13.029402,12.656066,12.663533,4044095.000000
2018-06-28,12.648597,12.708330,12.521662,12.685930,3443603.000000
2018-06-29,12.730736,12.909936,12.700870,12.700870,3314768.000000
2018-07-02,12.573931,12.663532,12.432064,12.588865,4086214.000000
2018-07-03,12.685932,12.812865,12.596331,12.618731,1665599.000000
2018-07-05,12.693398,12.827799,12.618731,12.745666,3033104.000000
2018-07-06,12.775533,12.947268,12.611265,12.865133,2662246.000000
2018-07-09,12.962201,13.298203,12.909934,13.283270,5732123.000000
2018-07-10,13.283268,13.335534,13.066733,13.245934,3400962.000000
2018-07-11,13.044333,13.051801,12.738199,12.760599,2915744.000000
2018-07-12,12.880069,12.984603,12.693401,12.917402,3626554.000000
2018-07-13,12.902466,13.014465,12.820332,12.977133,2457258.000000
2018-07-16,14.784078,14.784078,14.097141,14.336075,20845222.000000
2018-07-17,14.209139,14.455541,14.134472,14.365939,8999295.000000
2018-07-18,14.351009,14.716878,14.276342,14.694478,8359422.000000
2018-07-19,14.604879,14.716880,14.291276,14.313677,7115928.000000
2018-07-20,14.224075,14.336074,14.164341,14.209141,3437474.000000
2018-07-23,14.186740,14.246474,14.097140,14.179274,2888490.000000
2018-07-24,14.313675,14.567543,14.253942,14.507810,4013582.000000
2018-07-25,14.485411,14.500344,14.156875,14.380877,2782084.000000
2018-07-26,15.448612,16.090749,15.299278,15.963816,9234928.000000
2018-07-27,15.926487,16.045953,15.777152,15.993687,5657143.000000
2018-07-30,15.926484,16.113151,15.530747,15.575548,6914069.000000
2018-07-31,15.904086,16.277420,15.575551,16.195288,5232822.000000
2018-08-01,16.187819,16.195287,15.829418,15.986219,9049630.000000
2018-08-02,15.881386,15.963751,15.709170,15.776558,4822453.000000
2018-08-03,15.739123,15.933801,15.686707,15.896364,2497551.000000
2018-08-06,15.843952,15.978730,15.784050,15.858927,2319816.000000
2018-08-07,15.851442,15.911344,15.664251,15.686712,3196104.000000
2018-08-08,15.724150,15.731639,15.566910,15.656762,2989029.000000
2018-08-09,15.559421,15.873904,15.544445,15.551932,2699019.000000
2018-08-10,15.432127,15.641783,15.334786,15.581881,2738922.000000
2018-08-13,15.566907,15.619321,15.229961,15.282374,3039754.000000
2018-08-14,15.349765,15.551933,15.304839,15.492031,2371454.000000
2018-08-15,15.394691,15.394691,15.042769,15.229961,4107339.000000
2018-08-16,15.387201,15.589369,15.357251,15.499516,2169074.000000
2018-08-17,15.477053,15.701683,15.447102,15.634295,2037891.000000
2018-08-20,15.716660,15.918826,15.686708,15.873901,2558709.000000
2018-08-21,15.843951,16.173409,15.843951,16.143459,2948083.000000
2018-08-22,16.158435,16.203361,16.031145,16.046120,2910919.000000
2018-08-23,16.046117,16.046117,15.754097,15.896364,2760959.000000
2018-08-24,15.948781,16.742476,15.911342,16.645136,9627693.000000
2018-08-27,16.502868,16.727500,16.465430,16.517843,5244949.000000
2018-08-28,16.622669,16.630157,16.173407,16.398039,2803600.000000
2018-08-29,16.435480,16.660110,16.338140,16.600208,3566701.000000
2018-08-30,16.525333,16.817353,16.398043,16.525333,4553307.000000
2018-08-31,16.465430,16.794888,16.465430,16.757450,3465119.000000
2018-09-04,16.592719,16.630160,16.442966,16.540306,3299250.000000
2018-09-05,16.547793,16.622670,16.435478,16.592718,2309254.000000
2018-09-06,16.562771,16.779914,16.368091,16.413017,2311862.000000
2018-09-07,16.345629,16.547796,16.278239,16.413017,2362587.000000
2018-09-10,16.465425,16.622667,16.427987,16.465425,2899444.000000
2018-09-11,16.457943,16.742476,16.338141,16.637648,3160896.000000
2018-09-12,16.675085,17.034495,16.667599,16.989569,2742312.000000
2018-09-13,17.034493,17.191735,16.839813,16.847300,4983106.000000
2018-09-14,16.832327,17.049470,16.832327,16.989569,3281125.000000
2018-09-17,16.697548,17.109372,16.615183,17.012032,4973978.000000
2018-09-18,17.101888,17.221691,16.824843,17.214203,3301076.000000
2018-09-19,17.221687,17.319027,17.049470,17.086908,3032843.000000
2018-09-20,17.161781,17.214194,16.862275,16.922174,3237441.000000
2018-09-21,16.952127,17.296560,16.929664,17.131832,8007603.000000
2018-09-24,17.012036,17.012036,16.121001,16.188391,5641626.000000
2018-09-25,16.285723,16.645133,16.225821,16.532816,4488368.000000
2018-09-26,16.547797,16.600210,16.053608,16.128487,3436170.000000
2018-09-27,16.143461,16.472919,16.106022,16.413017,2830984.000000
2018-09-28,16.375577,16.660109,16.285724,16.480404,3051230.000000
2018-10-01,16.547794,16.630159,16.368089,16.577744,4145677.000000
2018-10-02,16.622673,16.645137,16.457943,16.615185,2064102.000000
2018-10-03,16.637643,16.772421,16.502864,16.682570,1999945.000000
2018-10-04,16.675086,16.779915,16.510358,16.630161,2140386.000000
2018-10-05,16.592716,16.794885,16.300696,16.353111,5232822.000000
2018-10-08,16.734977,17.670938,16.734977,17.521183,8985473.000000
2018-10-09,17.521193,17.558633,16.907203,17.101883,6030478.000000
2018-10-10,17.049466,17.094393,16.255771,16.285721,5064084.000000
2018-10-11,16.173414,16.383069,15.799031,15.851444,5845702.000000
2018-10-12,16.210847,16.233310,15.843950,16.180897,4775378.000000
2018-10-15,16.218337,16.368091,16.068582,16.083559,4555654.000000
2018-10-16,16.218338,16.637648,16.158436,16.615185,4488759.000000
2018-10-17,16.645136,16.907205,16.457943,16.862280,4614074.000000
2018-10-18,16.787400,16.997054,16.472917,16.495380,4290942.000000
2018-10-19,16.510358,16.577746,16.038633,16.383066,5337142.000000
2018-10-22,16.390555,16.390555,15.746613,16.061096,5920290.000000
2018-10-23,15.746612,15.866415,15.259912,15.462080,8503514.000000
2018-10-24,15.477052,15.559417,14.855574,14.878037,4968370.000000
2018-10-25,14.952915,15.065230,14.750747,14.937940,3998586.000000
2018-10-26,14.683358,14.960402,14.428775,14.855574,3437866.000000
2018-10-29,15.125131,15.125131,14.121780,14.391336,5411339.000000
2018-10-30,14.660896,14.893014,14.144245,14.750749,7328480.000000
2018-10-31,15.761588,15.761588,15.192524,15.222475,11381964.000000
2018-11-01,15.320097,16.071083,15.177409,15.973454,9617391.000000
2018-11-02,16.101124,16.311401,15.770690,15.890848,5464151.000000
2018-11-05,15.710614,15.793221,15.117335,15.590455,8621526.000000
2018-11-06,15.597963,15.958437,15.545395,15.710612,10155552.000000
2018-11-07,15.800729,16.026023,15.673060,15.875827,7306182.000000
2018-11-08,15.845792,15.943420,15.597965,15.808241,11888177.000000
2018-11-09,15.643023,15.793221,15.350140,15.597964,4423038.000000
2018-11-12,15.507845,15.530375,15.034725,15.079783,5266856.000000
2018-11-13,15.102315,15.500338,14.959629,15.102315,6619626.000000
2018-11-14,15.327611,15.552907,15.102315,15.275043,6962447.000000
2018-11-15,15.087294,15.567924,14.884528,15.515356,4930163.000000
2018-11-16,15.395199,15.485317,15.027216,15.132354,6925414.000000
2018-11-19,15.132355,15.995989,14.944609,15.275043,10604650.000000
2018-11-20,15.004683,15.282548,14.831957,14.899545,5874390.000000
2018-11-21,15.004687,15.425239,14.877019,15.387689,6498875.000000
2018-11-23,15.290062,15.432749,15.237494,15.395200,1820384.000000
2018-11-26,15.552906,15.597964,15.260021,15.365159,3494329.000000
2018-11-27,15.214965,15.327612,15.027218,15.305082,6411768.000000
2018-11-28,15.357648,15.748160,15.260020,15.635513,4213094.000000
2018-11-29,15.582947,16.288874,15.432749,16.026028,10612213.000000
2018-11-30,15.965947,16.138673,15.718122,16.131165,5886908.000000
2018-12-03,16.206263,16.326421,15.815751,16.161203,8049070.000000
2018-12-04,16.161202,16.273849,15.462786,15.658042,5983404.000000
2018-12-06,15.305082,15.552908,15.147375,15.417730,6735160.000000
2018-12-07,15.432747,15.605474,15.177412,15.237492,5292936.000000
2018-12-10,15.192433,15.282550,14.629193,14.937097,7283362.000000
2018-12-11,15.260023,15.522868,14.884530,15.124846,4870310.000000
2018-12-12,15.395198,15.485317,15.147372,15.214962,5604983.000000
2018-12-13,15.245004,15.387691,14.884531,14.974649,3786034.000000
2018-12-14,14.869510,15.154885,14.756863,14.824451,8331126.000000
2018-12-17,14.764372,15.064767,14.238682,14.381370,7767667.000000
2018-12-18,14.554096,14.681763,13.975837,14.043427,5970103.000000
2018-12-19,14.020895,14.261210,13.405087,13.457655,6955927.000000
2018-12-20,13.585323,13.637892,12.984535,13.187302,7843560.000000
2018-12-21,13.142244,13.480188,12.699163,12.751732,13937804.000000
2018-12-24,12.563983,12.646591,12.090863,12.120902,3218533.000000
2018-12-26,12.233551,12.646593,11.737900,12.646593,6208214.000000
2018-12-27,12.451335,12.796789,12.203509,12.789279,4998754.000000
2018-12-28,12.841849,12.962006,12.533945,12.586514,3741176.000000
2018-12-31,12.601534,12.699162,12.278611,12.661613,6649487.000000
2019-01-02,12.503906,13.968328,12.421297,13.938288,14572070.000000
2019-01-03,13.960813,13.983343,13.517732,13.840656,7972656.000000
2019-01-04,14.020898,14.531567,13.983348,14.238683,7616142.000000
2019-01-07,14.216150,14.644212,14.103502,14.576622,6115890.000000
2019-01-08,14.741842,14.839469,14.591645,14.621684,5327101.000000
2019-01-09,14.809430,14.884529,14.621684,14.659233,4124030.000000
2019-01-10,14.591645,14.809430,14.231173,14.726823,5019226.000000
2019-01-11,14.531565,14.861998,14.531565,14.779390,3602300.000000
2019-01-14,14.486509,14.666745,14.298762,14.546587,4984540.000000
2019-01-15,14.516548,15.245003,14.291252,15.072276,16491297.000000
2019-01-16,15.094805,15.297572,14.892039,15.094805,7249327.000000
2019-01-17,15.019707,15.297572,15.019707,15.154884,7015911.000000
2019-01-18,15.297572,15.477808,15.184924,15.275043,8194075.000000
2019-01-22,12.541456,13.134734,12.105884,12.834340,55218793.000000
2019-01-23,12.977025,13.743029,12.977025,13.555284,17022286.000000
2019-01-24,13.555286,13.938288,13.209832,13.818130,9590529.000000
2019-01-25,13.968327,14.193622,13.893228,13.923266,10278780.000000
2019-01-28,13.743028,13.908245,13.562792,13.712989,4928077.000000
2019-01-29,13.818128,14.028405,13.758050,13.810619,7247371.000000
2019-01-30,14.005873,14.216150,13.743028,14.050933,5987838.000000
2019-01-31,13.998366,14.231171,13.983346,14.133542,4855053.000000
2019-02-01,14.178603,14.261211,13.825640,13.893229,6919676.000000
2019-02-04,13.900738,14.073466,13.773071,14.065955,6119672.000000
2019-02-05,14.088487,14.261213,14.028408,14.126036,4241130.000000
2019-02-06,13.788089,14.171090,13.405086,13.758049,13746638.000000
2019-02-07,13.735446,13.773120,13.064874,13.321048,9058106.000000
2019-02-08,13.637498,13.712843,12.552526,12.884045,13017962.000000
2019-02-11,13.034736,13.516946,13.034736,13.177892,11771208.000000
2019-02-12,13.260773,13.599827,13.260773,13.501877,7829216.000000
2019-02-13,13.562153,13.750517,13.471738,13.479273,6181221.000000
2019-02-14,13.441600,13.471738,13.155289,13.177892,5186660.000000
2019-02-15,13.283379,13.441603,13.192963,13.223102,6403292.000000
2019-02-19,13.351188,13.750519,13.336120,13.607363,8581233.000000
2019-02-20,13.607361,13.984087,13.547085,13.856001,6719642.000000
2019-02-21,13.825863,13.991623,13.697776,13.742983,5853917.000000
2019-02-22,13.825863,13.863535,13.509412,13.773121,5308714.000000
2019-02-25,13.825864,13.938882,13.742984,13.871071,6520522.000000
2019-02-26,13.825861,14.082034,13.750516,13.878602,7011608.000000
2019-02-27,13.848464,14.142310,13.848464,14.036827,5267378.000000
2019-02-28,13.969017,14.074501,13.871069,13.931345,4304113.000000
2019-03-01,14.021757,14.112172,13.848463,14.089569,6189175.000000
2019-03-04,14.225192,14.436158,13.901207,13.931345,5137369.000000
2019-03-05,13.969017,14.179984,13.901207,14.021759,6287627.000000
2019-03-06,14.021759,14.277934,13.953948,14.021759,6291409.000000
2019-03-07,13.984084,14.029292,13.584754,13.803256,5810102.000000
2019-03-08,13.720378,14.104639,13.645033,13.931345,3735047.000000
2019-03-11,13.742984,14.262867,13.727915,14.172452,6515827.000000
2019-03-12,14.164916,14.277934,14.044364,14.217657,6652226.000000
2019-03-13,14.255327,14.398484,14.202585,14.277932,5236082.000000
2019-03-14,14.247794,14.466294,14.247794,14.277932,4869918.000000
2019-03-15,14.262863,14.406019,14.210121,14.308070,8152738.000000
2019-03-18,14.338209,14.571780,14.277934,14.488900,5622587.000000
2019-03-19,14.526575,14.677265,14.330677,14.406022,5671096.000000
2019-03-20,14.375879,14.473828,14.285465,14.375879,4658801.000000
2019-03-21,14.277933,14.541640,14.277933,14.466294,5106986.000000
2019-03-22,14.360813,14.481366,13.886139,14.104640,5691308.000000
2019-03-25,14.074500,14.308070,13.999154,14.014224,5100335.000000
2019-03-26,14.149847,14.262866,14.014227,14.164917,4455638.000000
2019-03-27,14.202587,14.368348,14.112173,14.255329,4129377.000000
2019-03-28,14.300536,14.473830,14.240259,14.413553,3812635.000000
2019-03-29,14.503968,14.684797,14.360812,14.398485,6082899.000000
2019-04-01,14.579312,14.827952,14.519036,14.812882,8734974.000000
2019-04-02,14.797818,14.986181,14.745077,14.880698,4540006.000000
2019-04-03,14.978644,15.008783,14.662194,14.752607,5715823.000000
2019-04-04,14.730002,15.001246,14.722469,14.971107,4843056.000000
2019-04-05,15.023851,15.197144,14.993713,15.151937,11605600.000000
2019-04-08,15.038923,15.317701,14.895767,15.264959,5605896.000000
2019-04-09,15.136870,15.144404,14.918368,15.069059,5378870.000000
2019-04-10,15.069059,15.280025,15.061525,15.129335,5221086.000000
2019-04-11,15.151939,15.423182,15.129336,15.347837,5442505.000000
2019-04-12,15.475922,15.671818,15.438248,15.604008,4726739.000000
2019-04-15,15.596476,15.671821,15.468389,15.483458,5200222.000000
2019-04-16,15.581406,15.701958,15.490991,15.581406,4536877.000000
2019-04-17,15.069061,15.204682,14.827956,15.008785,13506702.000000
2019-04-18,15.053992,15.189614,15.023854,15.099199,5796932.000000
2019-04-22,15.016318,15.325234,14.986180,15.280026,4395132.000000
2019-04-23,15.370438,15.656751,15.347835,15.581406,5228910.000000
2019-04-24,15.649218,16.018410,15.619080,15.897859,7018780.000000
2019-04-25,15.822511,15.867718,15.528665,15.551269,4887392.000000
2019-04-26,15.521129,15.611544,15.453319,15.581406,3838976.000000
2019-04-29,15.581408,15.739633,15.566338,15.596477,3714574.000000
2019-04-30,16.048548,16.214307,15.611546,16.184170,9291782.000000
2019-05-01,16.199239,16.696517,16.154031,16.169100,9593137.000000
2019-05-02,16.531096,16.749802,16.417971,16.523554,7618359.000000
2019-05-03,16.576347,16.923260,16.417974,16.900635,5939329.000000
2019-05-06,16.500927,16.945878,16.448136,16.885546,4250258.000000
2019-05-07,16.795050,16.991131,16.621595,16.810133,4493714.000000
2019-05-08,16.772425,17.096711,16.689467,16.885546,3892570.000000
2019-05-09,16.719632,16.772425,16.500927,16.659300,4511449.000000
2019-05-10,16.546179,17.021297,16.410431,16.953423,4899258.000000
2019-05-13,16.516010,16.659299,16.169097,16.221889,4989104.000000
2019-05-14,16.319930,16.666842,16.244515,16.485844,3649505.000000
2019-05-15,16.319928,16.674380,16.319928,16.598965,4717350.000000
2019-05-16,16.681923,16.862921,16.621590,16.681923,4320543.000000
2019-05-17,16.455680,16.832756,16.402887,16.561260,5740208.000000
2019-05-20,16.523549,16.719630,16.455676,16.598965,4785810.000000
2019-05-21,16.674383,16.878006,16.651758,16.878006,4637937.000000
2019-05-22,16.893089,17.074087,16.855382,16.870464,4263167.000000
2019-05-23,16.644215,16.847838,16.583883,16.749798,3587565.000000
2019-05-24,16.840297,16.983587,16.697007,16.779964,4182319.000000
2019-05-28,16.772418,16.908166,16.689460,16.697001,4153631.000000
2019-05-29,16.546177,16.697008,16.365179,16.614052,4262776.000000
2019-05-30,16.606506,16.719629,16.531090,16.591423,2547364.000000
2019-05-31,16.470758,16.629131,16.463218,16.516008,4355230.000000
2019-06-03,16.500925,16.704548,16.410427,16.681923,6404596.000000
2019-06-04,16.757341,17.036380,16.697009,17.006214,4787897.000000
2019-06-05,17.043919,17.330500,17.036379,17.330500,3951381.000000
2019-06-06,17.345584,17.624622,17.262627,17.556747,5070604.000000
2019-06-07,17.586913,17.805617,17.549206,17.752827,4995102.000000
2019-06-10,17.881029,18.016779,17.541660,17.564285,4324977.000000
2019-06-11,17.677411,17.722661,17.149502,17.353125,4743952.000000
2019-06-12,17.345582,17.375749,17.013753,17.089169,4931858.000000
2019-06-13,17.194752,17.496413,17.111794,17.488873,3333285.000000
2019-06-14,17.436080,17.436080,17.277707,17.330500,4133419.000000
2019-06-17,17.322956,17.345581,17.104251,17.255083,2646729.000000
2019-06-18,17.345583,17.798077,17.285251,17.745287,3488461.000000
2019-06-19,17.767911,17.918742,17.700036,17.865950,4599860.000000
2019-06-20,18.084656,18.220404,18.001701,18.212864,7157134.000000
2019-06-21,18.197774,18.627642,18.160066,18.348604,9969602.000000
2019-06-24,18.393860,18.529610,18.303362,18.325987,4182058.000000
2019-06-25,18.393860,18.559775,18.220404,18.393860,5060954.000000
2019-06-26,18.491897,18.831268,18.408939,18.770935,3782643.000000
2019-06-27,18.770932,19.170633,18.665349,19.148010,5216522.000000
2019-06-28,19.170646,19.479851,19.125398,19.472309,6993352.000000
2019-07-01,19.758881,19.909711,19.638213,19.668381,6825136.000000
2019-07-02,19.691013,19.864468,19.562805,19.721178,3720442.000000
2019-07-03,19.789048,19.789048,19.487385,19.510010,2907007.000000
2019-07-05,19.427049,19.691004,19.291301,19.683462,4278424.000000
2019-07-08,19.555267,19.645765,19.389351,19.472309,4398262.000000
2019-07-09,19.396889,19.517554,19.329014,19.487387,3131034.000000
2019-07-10,19.608051,19.683467,19.419513,19.449678,2054582.000000
2019-07-11,19.442133,19.472298,19.336550,19.396883,1531548.000000
2019-07-12,19.479846,19.615594,19.396888,19.608051,2099962.000000
2019-07-15,19.608057,19.645765,19.283771,19.472309,2740747.000000
2019-07-16,19.442135,19.585423,19.381802,19.442135,2926567.000000
2019-07-17,19.434589,19.434589,19.027345,19.080135,2558187.000000
2019-07-18,18.884061,18.959476,18.680440,18.959476,2530803.000000
2019-07-19,19.140470,19.148012,18.951932,18.989639,2480078.000000
2019-07-22,18.967019,19.095225,18.921771,18.951937,2465994.000000
2019-07-23,19.095223,19.117848,18.868977,18.974560,3033104.000000
2019-07-24,18.929311,19.389345,18.861436,19.344095,4106687.000000
2019-07-25,19.336552,19.396884,19.102763,19.313927,2740878.000000
2019-07-26,19.261141,19.442139,19.261141,19.411972,2218626.000000
2019-07-29,19.411968,19.449675,18.944391,18.967016,3381402.000000
2019-07-30,18.929311,18.982101,18.695523,18.959476,2860976.000000
2019-07-31,18.974556,19.178177,18.740766,18.884056,2755352.000000
2019-08-01,18.801037,18.801037,18.333087,18.385921,4906822.000000
2019-08-02,19.442581,19.623724,17.495305,17.933065,6400554.000000
2019-08-05,17.608516,18.129299,17.472660,17.782112,5245340.000000
2019-08-06,17.978346,18.634987,17.812300,18.544416,4326411.000000
2019-08-07,18.574610,19.042561,18.197230,19.027466,5824577.000000
2019-08-08,19.193516,19.495420,18.967089,19.193516,5348226.000000
2019-08-09,19.253890,19.404841,18.936893,19.035009,2823030.000000
2019-08-12,18.876514,19.155775,18.785943,19.019918,2447086.000000
2019-08-13,18.921797,19.397296,18.823678,19.163321,3603604.000000
2019-08-14,18.891603,18.997270,18.612344,18.695368,4019580.000000
2019-08-15,18.733105,18.733105,18.416106,18.544416,3766474.000000
2019-08-16,18.650083,18.846320,18.567059,18.748201,2415921.000000
2019-08-19,18.921797,19.012369,18.808583,18.891605,3646766.000000
2019-08-20,18.816132,19.080298,18.657632,19.042561,2230753.000000
2019-08-21,19.291631,19.291631,18.997275,19.019918,1889887.000000
2019-08-22,19.027467,19.193513,18.838776,18.944443,2081575.000000
2019-08-23,18.793486,19.072745,18.197226,18.348177,10181371.000000
2019-08-26,18.544419,19.012369,18.408560,18.906702,9535109.000000
2019-08-27,18.936894,19.231249,18.853871,19.004822,11972546.000000
2019-08-28,19.012375,19.314278,18.695376,19.193516,8820256.000000
2019-08-29,19.435032,19.623721,19.291627,19.480318,3608038.000000
2019-08-30,19.623724,19.684105,19.389749,19.502962,3953598.000000
2019-09-03,19.404845,19.623726,19.253894,19.608631,3875488.000000
2019-09-04,19.691655,19.729393,19.525607,19.608631,3257522.000000
2019-09-05,19.676556,19.774676,19.525604,19.631271,4507798.000000
2019-09-06,19.714295,19.812412,19.502961,19.616177,3818242.000000
2019-09-09,19.699200,19.948272,19.616178,19.850153,3990631.000000
2019-09-10,19.827507,20.182244,19.774675,20.159601,3136511.000000
2019-09-11,20.069027,20.310551,19.925624,20.295456,3946165.000000
2019-09-12,20.378479,20.506789,20.257719,20.393576,2922003.000000
2019-09-13,20.514338,20.567173,20.325649,20.446411,3226357.000000
2019-09-16,20.378485,20.657746,20.378485,20.529438,2692499.000000
2019-09-17,20.453961,20.650196,20.242628,20.559626,3738698.000000
2019-09-18,20.499242,20.635098,20.318101,20.612457,4099385.000000
2019-09-19,20.627551,20.687932,20.431312,20.484146,3695145.000000
2019-09-20,20.552079,20.612460,19.993556,20.167152,7737284.000000
2019-09-23,20.076577,20.227529,19.970910,20.204885,5208828.000000
2019-09-24,20.227530,20.386030,19.993555,20.023746,4352491.000000
2019-09-25,19.986005,20.114315,19.797316,19.993553,5295935.000000
2019-09-26,20.038842,20.076580,19.789772,19.850153,2904008.000000
2019-09-27,19.872791,19.986004,19.669007,19.706745,3254654.000000
2019-09-30,19.699202,19.767131,19.548250,19.623726,6057862.000000
2019-10-01,19.646362,19.714292,18.899151,19.065199,6737898.000000
2019-10-02,18.868964,18.906702,18.091563,18.265158,5278722.000000
2019-10-03,18.242519,18.325543,17.917972,18.302900,3688364.000000
2019-10-04,18.272711,18.491591,18.084022,18.484045,2934652.000000
2019-10-07,18.755747,18.853867,18.521772,18.680271,3818242.000000
2019-10-08,18.604796,18.997270,18.529320,18.770844,4579387.000000
2019-10-09,18.974626,19.389744,18.868961,19.314268,2302342.000000
2019-10-10,19.306725,19.699200,19.178417,19.638819,2275480.000000
2019-10-11,19.887884,20.219980,19.887884,19.963362,3260522.000000
2019-10-14,20.219983,20.370934,20.144506,20.257721,2852109.000000
2019-10-15,20.378484,21.072863,20.310556,21.027576,4238391.000000
2019-10-16,21.012479,21.072859,20.733217,20.763409,3750826.000000
2019-10-17,20.853980,20.967194,20.710577,20.906813,3029714.000000
2019-10-18,20.891718,20.891718,20.378482,20.386030,3921519.000000
2019-10-21,20.476598,20.650190,20.340739,20.408669,3185020.000000
2019-10-22,20.431314,20.559624,20.287911,20.438862,2147558.000000
2019-10-23,20.408674,20.650196,20.318104,20.559626,3296512.000000
2019-10-24,20.612454,20.718119,20.423763,20.703024,3025802.000000
2019-10-25,20.703027,20.891716,20.657741,20.861526,2305863.000000
2019-10-28,20.906815,21.080411,20.831339,20.876625,3943296.000000
2019-10-29,20.801143,21.080404,20.755857,20.899261,2489206.000000
2019-10-30,20.831336,20.869074,20.529434,20.778503,2438871.000000
2019-10-31,20.748314,20.748314,20.484149,20.733219,2649076.000000
2019-11-01,20.937003,21.540810,20.846433,21.540810,5168534.000000
2019-11-04,21.759690,21.820069,21.608737,21.721952,5615937.000000
2019-11-05,21.337028,22.303120,20.786055,22.272928,8143480.000000
2019-11-06,22.272921,22.272921,21.933281,22.220089,4750863.000000
2019-11-07,22.235193,22.295615,21.774478,21.834898,3918129.000000
2019-11-08,21.865110,21.978400,21.721609,21.880215,2696150.000000
2019-11-11,21.902879,22.318279,21.827352,22.288067,4136810.000000
2019-11-12,22.235191,22.371140,22.137006,22.280508,3977330.000000
2019-11-13,22.114347,22.401352,22.053925,22.280508,2188894.000000
2019-11-14,22.356040,22.899835,22.257855,22.824308,5079732.000000
2019-11-15,22.952708,23.337896,22.809206,23.307684,6473708.000000
2019-11-18,23.247266,23.587139,23.141529,23.458742,5946240.000000
2019-11-19,23.443631,23.481397,23.345446,23.420975,4696617.000000
2019-11-20,23.322786,23.436077,23.133967,23.285021,5032397.000000
2019-11-21,23.186836,23.496497,23.081097,23.118860,2869582.000000
2019-11-22,23.171733,23.277472,22.998020,23.073547,3649766.000000
2019-11-25,23.171732,23.398314,23.141522,23.383207,2692238.000000
2019-11-26,23.398312,23.639998,23.277468,23.632446,4682534.000000
2019-11-27,23.632451,23.715532,23.473844,23.609793,2330639.000000
2019-11-29,23.564473,23.587131,23.360549,23.383207,3044970.000000
2019-12-02,23.473844,23.556924,23.081102,23.081102,2810642.000000
2019-12-03,22.854519,23.269919,22.665701,23.186840,4009800.000000
2019-12-04,23.307686,23.353003,22.884734,22.899839,3382185.000000
2019-12-05,23.028229,23.073544,22.862068,23.020676,2245618.000000
2019-12-06,23.232153,23.451182,23.126415,23.428524,2876754.000000
2019-12-09,23.269919,23.451185,23.164182,23.254814,2152774.000000
2019-12-10,23.375658,23.526712,23.345446,23.420975,3384532.000000
2019-12-11,23.556920,23.647551,23.458732,23.587130,2124607.000000
2019-12-12,23.609791,23.979874,23.526711,23.881689,3813026.000000
2019-12-13,23.813715,24.010085,23.715531,23.904348,2813902.000000
2019-12-16,23.859034,24.161143,23.859034,24.017641,5156146.000000
2019-12-17,23.979874,24.025191,23.564474,23.775949,3500327.000000
2019-12-18,23.662661,23.677766,23.232156,23.239710,5627542.000000
2019-12-19,23.262370,23.466292,23.141526,23.413424,6282802.000000
2019-12-20,23.587132,23.707975,23.420973,23.707975,8422536.000000
2019-12-23,23.655110,23.911900,23.647556,23.813715,4470373.000000
2019-12-24,23.843929,23.851481,23.624900,23.647558,729588.000000
2019-12-26,23.692873,23.730639,23.428529,23.564478,5644494.000000
2019-12-27,23.587129,23.670209,23.436075,23.519154,5160058.000000
2019-12-30,23.504054,23.587135,23.239710,23.315237,1906187.000000
2019-12-31,23.300130,23.360552,23.133971,23.239710,1945177.000000
2020-01-02,23.345444,23.821266,23.277471,23.821266,3960248.000000
2020-01-03,23.488948,23.813714,23.353000,23.783504,2589614.000000
2020-01-06,23.677766,23.821268,23.413422,23.572029,3143814.000000
2020-01-07,23.624896,23.798608,23.375657,23.723082,2503289.000000
2020-01-08,23.617342,23.640001,23.186839,23.201944,3608559.000000
2020-01-09,23.043338,23.149075,22.348487,22.484438,5825750.000000
2020-01-10,22.454226,22.454226,21.714060,21.789587,5197222.000000
2020-01-13,21.910433,22.280516,21.721615,22.242752,3953598.000000
2020-01-14,22.159669,22.454225,22.106801,22.340935,4834971.000000
2020-01-15,22.204990,22.401361,21.902881,22.046383,3210709.000000
2020-01-16,21.865110,22.665697,21.865110,22.658146,6128409.000000
2020-01-17,22.741229,22.756334,22.069037,22.144566,5656491.000000
2020-01-21,21.955749,22.340937,21.933091,22.204988,11169282.000000
2020-01-22,21.427060,21.955750,21.268452,21.782036,9595354.000000
2020-01-23,21.691399,22.356038,21.593213,22.303169,5188094.000000
2020-01-24,22.424016,22.514648,21.721614,21.985958,6917068.000000
2020-01-27,21.578112,23.405868,21.517690,23.164183,13069210.000000
2020-01-28,23.436081,23.843927,23.413422,23.768400,7075765.000000
2020-01-29,23.700425,23.806163,23.149076,23.526712,4875656.000000
2020-01-30,23.277477,23.413426,22.688365,22.998026,7750063.000000
2020-01-31,22.884734,22.952709,22.552415,22.620388,3751999.000000
2020-02-03,22.763888,22.937601,22.635493,22.703466,3357409.000000
2020-02-04,22.945149,23.081098,22.854515,23.020676,3193105.000000
2020-02-05,23.171734,23.670215,23.133971,23.609793,3491199.000000
2020-02-06,23.670250,23.828957,23.269699,23.730711,3386879.000000
2020-02-07,23.692928,23.700486,23.398183,23.655140,2392449.000000
2020-02-10,23.655138,23.942326,23.511545,23.919653,5554518.000000
2020-02-11,24.055686,24.637617,23.995225,24.199280,3370970.000000
2020-02-12,24.214400,24.909694,24.214400,24.796331,4727782.000000
2020-02-13,24.720758,25.280016,24.562049,24.902140,4786854.000000
2020-02-14,24.826558,25.227109,24.750982,25.211994,4788549.000000
2020-02-18,25.181761,25.181761,24.871902,25.075954,2922003.000000
2020-02-19,25.166648,25.899731,25.143975,25.748579,5361526.000000
2020-02-20,25.771249,25.771249,24.849228,25.468946,4942942.000000
2020-02-21,25.295126,25.431164,25.098630,25.295126,4331366.000000
2020-02-24,24.486467,25.113744,24.365546,24.992823,6138580.000000
2020-02-25,25.091073,25.166648,23.715598,23.964998,13339790.000000
2020-02-26,24.063246,24.637621,23.919654,24.070805,9501466.000000
2020-02-27,23.299931,23.723155,22.854036,22.959843,12184706.000000
2020-02-28,22.120953,22.498831,21.690171,22.181414,16131914.000000
2020-03-02,22.279669,22.634872,21.901791,22.634872,9613088.000000
2020-03-03,22.574411,23.194130,21.712850,21.758194,8315738.000000
2020-03-04,22.204086,22.272103,21.584365,22.037819,5373002.000000
2020-03-05,21.425658,21.440772,20.140873,20.216448,6465623.000000
2020-03-06,19.490926,20.118203,19.120606,19.611847,5979883.000000
2020-03-09,18.236375,18.379969,17.269009,17.412603,5447330.000000
2020-03-10,18.123009,18.523560,17.578865,18.364851,5842833.000000
2020-03-11,17.699788,17.820709,16.377215,16.709747,5204264.000000
2020-03-12,15.349386,15.916202,14.850588,15.024412,11166152.000000
2020-03-13,15.991780,16.014452,14.684323,15.508096,8020774.000000
2020-03-16,13.603595,14.495386,12.968760,13.180372,7779273.000000
2020-03-17,13.512902,13.928569,12.742033,13.339080,6887076.000000
2020-03-18,12.228117,12.349038,10.300941,11.850240,5675138.000000
2020-03-19,11.547938,12.197889,10.686378,11.978720,7519516.000000
2020-03-20,12.001390,12.092082,9.824816,10.013755,10740657.000000
2020-03-23,9.975967,9.998641,8.600493,9.061503,8984430.000000
2020-03-24,9.620762,11.585726,9.522514,11.449690,9667856.000000
2020-03-25,11.532824,12.757147,11.185177,12.220561,10764390.000000
2020-03-26,12.409502,13.475117,12.001393,13.391983,14385598.000000
2020-03-27,12.598439,12.998989,11.925817,12.605997,8342992.000000
2020-03-30,12.658898,12.696686,11.835124,12.394383,5632758.000000
2020-03-31,12.265907,12.485076,11.842685,12.137429,6619365.000000
2020-04-01,15.176771,15.176771,12.525764,13.008661,2531000.000000
2020-04-02,12.781997,13.511270,11.826057,12.318810,4431900.000000
2020-04-03,11.924606,12.506053,11.678230,12.358228,4053100.000000
2020-04-06,12.850983,13.797068,12.151274,12.506056,6035400.000000
2020-04-07,13.264894,13.767502,11.835913,11.934463,5686200.000000
2020-04-08,12.318809,13.195909,12.131564,12.890402,6590900.000000
2020-04-09,13.688660,13.954746,13.018517,13.057937,3293300.000000
2020-04-13,12.969243,13.186055,12.033014,12.417361,4059700.000000
2020-04-14,12.644026,12.870693,11.796492,12.023158,4926000.000000
2020-04-15,11.895043,11.924609,10.190120,11.205190,7531900.000000
2020-04-16,10.771566,11.185478,10.249247,10.584319,8193100.000000
2020-04-17,11.086928,11.530405,10.929248,11.481130,10288300.000000
2020-04-20,11.451565,12.387794,11.224899,11.471275,6322600.000000
2020-04-21,11.205192,11.333308,10.426643,10.436499,3304900.000000
2020-04-22,10.781422,11.136204,10.505481,10.673017,2777800.000000
2020-04-23,10.653307,11.224900,10.613887,10.840552,4681000.000000
2020-04-24,10.909539,11.165771,10.426642,10.653309,6716800.000000
2020-04-27,10.742000,11.392434,10.702580,11.244608,2776700.000000
2020-04-28,11.510694,12.072432,11.402288,11.816200,2876900.000000
2020-04-29,12.220260,13.728083,12.151275,13.688663,4141600.000000
2020-04-30,13.363444,13.452138,12.624315,12.880546,3240800.000000
2020-05-01,12.732720,12.772140,12.023156,12.358228,2455800.000000
2020-05-04,12.121709,12.180839,11.254465,11.776782,3015700.000000
2020-05-05,12.269535,12.850983,11.983739,12.033014,3118900.000000
2020-05-06,12.092142,12.170983,11.284028,11.323448,2303900.000000
2020-05-07,11.333303,12.121707,11.333303,11.697940,3471900.000000
2020-05-08,11.786635,12.456779,11.786635,12.437068,2154300.000000
2020-05-11,12.082287,12.299097,11.540259,11.589535,1769500.000000
2020-05-12,11.678232,11.924608,10.948957,10.958813,2564200.000000
2020-05-13,10.840551,10.899681,10.357654,10.495624,2261600.000000
2020-05-14,10.249250,11.136205,9.726933,11.086929,3399300.000000
2020-05-15,10.899683,11.037653,10.584321,10.613887,2882200.000000
2020-05-18,11.136201,12.239966,11.136201,12.161126,3465000.000000
2020-05-19,12.111853,12.289244,11.727506,11.875332,1630800.000000
2020-05-20,12.101997,12.811561,12.082288,12.565185,2594600.000000
2020-05-21,12.437069,12.781996,12.190693,12.249824,2369600.000000
2020-05-22,12.269532,12.486344,11.895040,12.190692,2002100.000000
2020-05-26,12.979096,13.205762,12.752430,12.870691,2550400.000000
2020-05-27,13.136778,13.954746,12.713010,13.816776,6213100.000000
2020-05-28,14.141995,14.151850,13.077650,13.087504,2955000.000000
2020-05-29,13.038227,13.245183,12.614461,12.890402,6797400.000000
2020-06-01,12.969242,13.560545,12.910112,13.215618,2301800.000000
2020-06-02,13.215618,13.994166,13.166342,13.787210,2832100.000000
2020-06-03,14.230687,14.969815,14.102572,14.950106,2698800.000000
2020-06-04,14.950107,15.423149,14.792427,15.304889,4154000.000000
2020-06-05,16.566335,17.009813,16.093294,16.911263,4226600.000000
2020-06-08,17.758795,18.113575,17.404013,17.472998,5243900.000000
2020-06-09,16.783144,16.950680,15.827204,15.984884,3309500.000000
2020-06-10,15.797642,15.797642,14.516485,14.753007,4739400.000000
2020-06-11,13.668948,14.063150,12.791848,12.791848,3176100.000000
2020-06-12,13.846340,13.954745,13.087501,13.797065,4051300.000000
2020-06-15,12.949534,14.447500,12.890403,14.309530,2997400.000000
2020-06-16,15.157065,15.403441,14.585472,15.009238,4129700.000000
2020-06-17,15.176772,15.235903,14.575615,14.585470,5765700.000000
2020-06-18,14.319385,14.703732,14.210979,14.368660,4538200.000000
2020-06-19,14.782573,15.028949,13.619677,13.737937,9255700.000000
2020-06-22,13.708372,14.486920,13.373300,14.437645,3850600.000000
2020-06-23,14.447500,14.940252,13.885763,14.821992,4986400.000000
2020-06-24,14.555905,14.743151,14.122283,14.408079,6634200.000000
2020-06-25,14.082861,15.038801,13.984311,14.979671,4384600.000000
2020-06-26,15.137352,15.265468,14.753006,15.196483,9079100.000000
2020-06-29,15.551263,16.073580,15.285177,15.984884,4908700.000000
2020-06-30,15.787787,16.053873,15.511845,15.620251,5495400.000000
2020-07-01,15.699091,16.004597,15.019093,15.058513,4367800.000000
2020-07-02,15.403439,15.639960,14.940251,15.088078,4617200.000000
2020-07-06,15.541409,15.649815,15.196482,15.511844,2362100.000000
2020-07-07,15.334457,15.393587,14.841704,14.920545,3194500.000000
2020-07-08,14.821990,15.206337,14.743150,15.107786,3232800.000000
2020-07-09,14.831844,14.999380,14.526338,14.555903,2791800.000000
2020-07-10,14.555904,15.127497,14.427788,15.107786,1489200.000000
2020-07-13,15.157065,15.472426,14.841703,15.009238,2583200.000000
2020-07-14,14.861412,15.472425,14.831847,15.462569,2020400.000000
2020-07-15,15.886335,16.487492,15.738509,16.457928,3045200.000000
2020-07-16,16.369234,16.369234,15.817350,15.965178,2671200.000000
2020-07-17,15.975033,16.300251,15.708947,16.211555,3018700.000000
2020-07-20,15.984888,16.113005,15.147210,15.452717,2826700.000000
2020-07-21,15.669528,16.024310,15.570978,15.866630,2661600.000000
2020-07-22,15.689235,15.945466,15.551264,15.906045,2026100.000000
2020-07-23,15.817351,15.945467,15.393584,15.521700,2544700.000000
2020-07-24,15.570976,15.630106,15.226049,15.324600,1841900.000000
2020-07-27,15.235904,15.314744,14.900832,15.019093,3077700.000000
2020-07-28,14.979672,15.492135,14.969817,15.097933,2404000.000000
2020-07-29,15.038803,15.127499,14.546051,15.048658,2688700.000000
2020-07-30,14.772715,15.137352,14.447499,14.910686,3385200.000000
2020-07-31,14.831847,14.900832,14.309530,14.565761,3004400.000000
2020-08-03,14.585470,15.078222,14.398224,14.910686,3047000.000000
2020-08-04,14.900833,15.068369,14.703732,14.802283,2164500.000000
2020-08-05,14.920544,15.915903,14.920544,15.846918,2677400.000000
2020-08-06,15.097928,17.108358,15.097928,17.029518,3926700.000000
2020-08-07,16.881695,16.881695,16.280538,16.714159,2394700.000000
2020-08-10,16.724016,17.689812,16.724016,17.650391,2932900.000000
2020-08-11,18.074156,18.714734,17.955894,18.015026,4807500.000000
2020-08-12,18.330389,18.389519,17.571550,17.827782,3093000.000000
2020-08-13,17.532135,17.758801,17.216772,17.226627,1713500.000000
2020-08-14,17.216768,17.581406,17.029524,17.295609,1326400.000000
2020-08-17,17.325169,17.384298,16.940823,17.098503,1849800.000000
2020-08-18,16.832419,17.039375,16.645172,16.684593,2481100.000000
2020-08-19,16.891550,17.187203,16.743725,16.871841,1422200.000000
2020-08-20,16.605753,16.921114,16.448072,16.694448,1389800.000000
2020-08-21,16.635319,16.881695,16.526915,16.664885,1260300.000000
2020-08-24,16.684595,17.246332,16.674740,17.187202,2349400.000000
2020-08-25,17.246332,17.335028,16.743725,17.187202,2234600.000000
2020-08-26,17.216768,17.285755,16.930973,16.940828,2428400.000000
2020-08-27,17.108362,17.472998,17.019667,17.177347,1973800.000000
2020-08-28,17.305458,17.778502,17.246328,17.748936,1456800.000000
2020-08-31,17.610976,17.739090,17.108368,17.266048,2653300.000000
2020-09-01,17.118215,17.561691,16.999954,17.285751,1640200.000000
2020-09-02,17.315317,18.093866,17.177347,18.074156,2105500.000000
2020-09-03,18.054446,18.438792,17.315317,17.472998,2316600.000000
2020-09-04,17.808071,18.103724,17.226623,17.443436,2447000.000000
2020-09-08,17.325171,17.423721,16.861984,17.049229,2390900.000000
2020-09-09,17.246332,17.335028,16.753580,16.871841,2978700.000000
2020-09-10,17.847495,17.847495,16.684599,16.733873,5113600.000000
2020-09-11,16.783149,17.817929,16.763439,17.541986,4054200.000000
2020-09-14,17.709520,18.162853,17.463144,18.123432,3723900.000000
2020-09-15,18.093870,18.221985,17.739088,17.946043,2473600.000000
2020-09-16,17.886911,18.744301,17.630680,18.507780,3704800.000000
2020-09-17,18.241694,18.793576,18.044592,18.221983,6219600.000000
2020-09-18,18.034737,18.468360,17.315319,17.443436,7148300.000000
2020-09-21,16.950680,16.960533,16.497347,16.635317,3738400.000000
2020-09-22,16.536772,16.990103,16.388944,16.832422,2753500.000000
2020-09-23,16.861989,17.315320,16.191845,16.201700,2669700.000000
2020-09-24,16.152426,16.536774,15.915905,16.231266,2349700.000000
2020-09-25,16.063724,16.536768,16.024305,16.428362,1935800.000000
2020-09-28,16.684597,17.305464,16.684597,16.940828,1820800.000000
2020-09-29,17.256186,17.315315,16.901403,17.049229,1806400.000000
2020-09-30,17.039381,17.137930,16.359383,16.477642,2483800.000000
2020-10-01,16.694446,16.990097,16.586040,16.980242,2578000.000000
2020-10-02,16.398796,17.709517,16.270681,17.620821,1925300.000000
2020-10-05,17.768656,18.044596,17.739090,17.916481,2331500.000000
2020-10-06,18.103728,18.162858,17.236483,17.275904,2488100.000000
2020-10-07,17.670099,18.044590,17.354738,17.847490,1953100.000000
2020-10-08,17.975605,18.517633,17.916475,18.458502,1480800.000000
2020-10-09,18.596478,18.626042,18.005175,18.034739,1822600.000000
2020-10-12,17.936192,18.113581,17.551843,17.926336,1999100.000000
2020-10-13,17.679953,17.689808,17.285751,17.591257,1887700.000000
2020-10-14,17.679956,18.084013,17.620825,17.995317,1328500.000000
2020-10-15,17.748939,18.231836,17.482853,18.231836,1692800.000000
2020-10-16,18.478216,18.557057,18.231840,18.320536,2241500.000000
2020-10-19,18.330383,18.576759,17.985456,18.340239,2065400.000000
2020-10-20,18.488070,18.488070,17.946041,17.955896,2509700.000000
2020-10-21,17.877058,18.054449,17.670103,17.877058,1314800.000000
2020-10-22,17.975605,18.606327,17.926330,18.576763,2288000.000000
2020-10-23,18.724588,18.882269,18.379661,18.675314,1610800.000000
2020-10-26,18.290966,18.350098,17.739084,18.015026,1954500.000000
2020-10-27,17.857352,17.975611,17.206917,17.275904,1920300.000000
2020-10-28,16.763436,16.970391,16.349523,16.438219,2485700.000000
2020-10-29,16.418510,17.088654,16.329814,16.960537,2072400.000000
2020-10-30,16.891548,17.049229,16.595897,16.999954,2732700.000000
2020-11-02,17.285751,17.709517,17.088650,17.591257,2237700.000000
2020-11-03,17.995317,18.478214,17.808071,18.359953,2975500.000000
2020-11-04,18.123432,18.428940,17.670101,17.906622,1879400.000000
2020-11-05,18.113578,18.832998,17.788362,18.566912,4703200.000000
2020-11-06,18.566908,18.783718,18.399372,18.576763,2833400.000000
2020-11-09,19.788939,24.105449,19.710098,22.104876,9779400.000000
2020-11-10,22.223135,23.799943,22.124586,22.666613,7638700.000000
2020-11-11,23.543704,23.543704,21.750086,21.957043,4887500.000000
2020-11-12,21.513569,21.779656,20.843426,21.129223,4710000.000000
2020-11-13,21.523426,22.223133,21.513570,22.035889,3384100.000000
2020-11-16,23.100231,23.592984,22.548347,22.844000,6375900.000000
2020-11-17,22.400524,23.307188,22.380813,23.159363,4094900.000000
2020-11-18,23.553561,23.671822,22.834143,22.853853,4464400.000000
2020-11-19,22.607477,23.277620,22.351245,23.228344,4361100.000000
2020-11-20,23.139648,23.612690,22.972112,23.602837,4930700.000000
2020-11-23,23.937914,24.341971,23.701391,23.967478,4430900.000000
2020-11-24,24.637615,25.031817,24.391239,24.874136,4040800.000000
2020-11-25,24.391245,24.992404,24.095594,24.194143,4581000.000000
2020-11-27,24.263130,24.430666,23.967478,24.243420,1795000.000000
2020-11-30,24.006894,24.203993,23.090374,23.119938,6963100.000000
2020-12-01,23.987185,24.184287,23.326897,23.425447,6321800.000000
2020-12-02,23.267770,23.997044,23.179075,23.908348,3345900.000000
2020-12-03,23.918201,25.150082,23.908346,24.686893,6150300.000000
2020-12-04,24.982546,25.278197,24.824865,25.002256,5239300.000000
2020-12-07,25.002258,25.426024,24.755882,25.209213,2834100.000000
2020-12-08,24.864284,25.140226,24.548923,25.081097,2381500.000000
2020-12-09,25.189501,25.445732,24.716459,25.081097,2473700.000000
2020-12-10,24.775587,26.056744,24.775587,25.751236,3436900.000000
2020-12-11,25.485155,26.283413,25.396459,26.046892,3822400.000000
2020-12-14,26.933846,27.012686,26.135587,26.421383,3583300.000000
2020-12-15,26.756453,26.874714,26.056745,26.549498,2411200.000000
2020-12-16,26.549501,26.657906,25.662547,26.441095,3198000.000000
2020-12-17,26.490366,26.579062,25.632978,26.569206,4039000.000000
2020-12-18,26.460804,26.973267,26.391819,26.874716,7408000.000000
2020-12-21,26.165150,26.381962,25.810369,26.076454,3672200.000000
2020-12-22,26.125731,26.234137,25.800514,26.076454,1872000.000000
2020-12-23,26.322831,27.505438,26.312978,27.367468,3266600.000000
2020-12-24,27.357611,27.416741,26.717033,26.983118,878600.000000
2020-12-28,27.071812,27.663115,27.071812,27.328043,1590800.000000
2020-12-29,27.416740,27.663117,27.081669,27.564566,2718200.000000
2020-12-30,27.466017,28.343115,27.466017,27.948914,2684200.000000
2020-12-31,28.047461,28.264273,27.830650,28.126303,2288900.000000
2021-01-04,28.077033,28.086889,26.441095,26.480516,3203100.000000
2021-01-05,26.579065,27.603991,26.431239,27.505440,3658800.000000
2021-01-06,27.682829,28.224856,27.259062,27.623699,3137000.000000
2021-01-07,27.751814,27.810944,27.298483,27.337902,2321700.000000
2021-01-08,27.436455,27.574425,26.923992,27.505440,2027100.000000
2021-01-11,27.071815,27.958771,27.002830,27.801088,3090400.000000
2021-01-12,27.801088,28.678188,27.594133,28.451523,2367900.000000
2021-01-13,28.323407,28.461377,27.682829,27.722248,1666700.000000
2021-01-14,28.116451,28.579638,27.751814,28.175581,6029900.000000
2021-01-15,27.850367,27.850367,27.219644,27.544861,2117800.000000
2021-01-19,27.840510,27.840510,27.130947,27.347757,2658900.000000
2021-01-20,27.535004,27.584278,26.943701,27.002831,4955400.000000
2021-01-21,26.815584,26.953556,26.243992,26.529789,7578800.000000
2021-01-22,26.322834,26.638197,25.987764,26.372110,2339600.000000
2021-01-25,26.096167,26.224284,24.972692,25.455589,7595900.000000
2021-01-26,25.761094,25.899066,24.548923,24.637619,7258600.000000
2021-01-27,24.036461,24.095593,22.577915,23.257914,8144000.000000
2021-01-28,23.740816,24.519364,23.652120,24.401104,4724500.000000
2021-01-29,24.282839,25.041678,23.750667,24.223709,5861000.000000
2021-02-01,24.608053,24.972691,24.184288,24.686893,2450700.000000
2021-02-02,25.159937,26.175005,24.864284,25.731529,4358000.000000
2021-02-03,24.933270,26.835295,24.736171,26.470659,4079500.000000
2021-02-04,26.657905,27.544861,26.421384,26.943703,5251100.000000
2021-02-05,27.278773,27.387179,26.608629,26.736744,2430300.000000
2021-02-08,26.953556,27.367468,26.855005,27.337902,1917300.000000
2021-02-09,27.101381,27.515293,26.973266,27.357613,2922200.000000
2021-02-10,27.495586,28.037615,27.249210,27.919353,2981100.000000
2021-02-11,27.850366,28.402248,27.505439,28.333263,3034200.000000
2021-02-12,28.008051,28.293847,27.692690,27.870081,1850400.000000
2021-02-16,27.988331,28.352968,27.702535,27.968620,2773600.000000
2021-02-17,28.333265,28.333265,27.939064,28.224859,1581600.000000
2021-02-18,27.810946,28.136162,27.259064,27.406889,1994400.000000
2021-02-19,27.653263,28.392391,27.574422,28.264277,1925700.000000
2021-02-22,27.820797,28.776737,27.820797,28.234709,2592200.000000
2021-02-23,28.293838,28.747171,27.801086,28.658476,1765300.000000
2021-02-24,28.648620,30.077603,28.481084,29.703110,3631100.000000
2021-02-25,29.565139,29.722819,27.751810,27.939056,2886600.000000
2021-02-26,27.948908,28.175574,27.387171,27.702532,3186200.000000
2021-03-01,28.490942,28.973839,28.402246,28.530363,2866300.000000
2021-03-02,28.441666,28.914707,28.195289,28.559925,2272800.000000
2021-03-03,28.757028,30.117024,28.579637,29.860792,4466100.000000
2021-03-04,29.929780,30.402821,28.293840,29.121664,6978900.000000
2021-03-05,29.584854,30.077606,28.106597,29.929781,3592200.000000
2021-03-08,30.412680,30.668912,29.318769,29.377899,3668900.000000
2021-03-09,29.634131,30.048043,28.806306,29.328625,5612300.000000
2021-03-10,29.643987,31.319346,29.545436,30.994129,4037500.000000
2021-03-11,31.043394,31.999335,31.043394,31.171509,5601800.000000
2021-03-12,31.102533,31.398186,30.639347,31.092678,3352300.000000
2021-03-15,31.260210,31.477022,30.599922,31.358761,2038400.000000
2021-03-16,31.486876,31.575572,30.580212,30.688616,3649100.000000
2021-03-17,30.688621,31.733257,30.590072,31.693836,3269100.000000
2021-03-18,31.546005,32.482236,31.279921,31.299631,4661500.000000
2021-03-19,31.348906,31.703686,30.205720,31.358761,3535900.000000
2021-03-22,31.348910,31.526301,30.688621,31.092678,3971200.000000
2021-03-23,30.580214,31.102530,29.772098,29.929781,3850200.000000
2021-03-24,30.353548,30.925141,29.910072,29.910072,2697400.000000
2021-03-25,29.525718,31.013830,29.161082,30.895571,2649000.000000
2021-03-26,31.013836,31.782530,30.856155,31.526299,2890900.000000
2021-03-29,31.546008,31.881079,30.905432,31.063112,2420200.000000
2021-03-30,31.181370,31.605137,30.806879,31.299631,4104700.000000
2021-03-31,31.693834,32.078181,31.260212,31.664270,3185700.000000
2021-04-01,31.546005,31.831803,31.191225,31.358761,3011000.000000
2021-04-05,31.821949,32.028904,31.506586,31.605137,3309300.000000
2021-04-06,31.427744,31.654410,30.698471,30.944847,4111500.000000
2021-04-07,31.082823,31.565718,30.954706,31.339052,2676400.000000
2021-04-08,31.161659,31.437599,30.619630,31.348904,1818300.000000
2021-04-09,31.447456,31.831802,31.043399,31.762817,1537400.000000
2021-04-12,31.821947,31.940207,31.329195,31.851511,2355500.000000
2021-04-13,31.723396,31.900787,31.309486,31.674122,1902400.000000
2021-04-14,31.841663,32.935570,31.841663,32.078182,4282600.000000
2021-04-15,32.176725,32.176725,31.457306,31.881071,2142200.000000
2021-04-16,32.334412,32.423107,31.782528,32.226006,1784200.000000
2021-04-19,32.068333,32.314709,31.733261,32.097897,1827000.000000
2021-04-20,31.821952,31.881080,30.333839,30.550650,3703100.000000
2021-04-21,30.412679,31.496733,30.107171,31.467169,1542800.000000
2021-04-22,31.634701,31.821950,30.964560,30.964560,3119200.000000
2021-04-23,31.102533,31.703690,30.984274,31.496735,2649400.000000
2021-04-26,31.802244,31.999346,31.555868,31.752970,3867300.000000
2021-04-27,31.920498,31.979630,31.348905,31.565716,1615300.000000
2021-04-28,31.358763,31.821951,31.230648,31.654413,4477100.000000
2021-04-29,31.959919,32.117600,31.289776,31.674122,1814100.000000
2021-04-30,31.536156,31.831806,31.319345,31.496735,1853000.000000
2021-05-03,31.634701,31.959919,31.457312,31.565716,2262100.000000
2021-05-04,31.605141,32.048619,31.191228,31.723400,2487200.000000
2021-05-05,31.940203,32.294985,31.743101,31.881071,3795500.000000
2021-05-06,31.654407,31.871220,30.363397,31.743103,4166900.000000
2021-05-07,31.831805,33.201656,31.378474,33.083397,4696900.000000
2021-05-10,33.369187,33.398751,32.078175,32.107742,2593300.000000
2021-05-11,31.634701,32.620205,31.408037,31.930355,3896100.000000
2021-05-12,31.733252,32.009192,31.053253,31.417889,4508700.000000
2021-05-13,31.683973,32.413244,31.624842,31.881071,3087200.000000
2021-05-14,32.186592,32.945431,31.900794,32.768040,5161200.000000
2021-05-17,32.511806,33.280499,32.245719,33.221367,4119000.000000
2021-05-18,33.379040,33.694401,33.024258,33.231216,6696300.000000
2021-05-19,32.846874,33.122814,32.334411,33.103104,4490400.000000
2021-05-20,33.053825,33.418461,32.777881,33.300201,3144900.000000
2021-05-21,33.704258,34.049183,33.191795,33.270634,4480700.000000
2021-05-24,33.566292,33.654987,33.162235,33.546581,4785100.000000
2021-05-25,33.556439,33.970353,33.260788,33.280499,3306600.000000
2021-05-26,33.379040,33.704258,33.339622,33.526867,2900800.000000
2021-05-27,34.679905,35.034687,34.167442,34.965702,7790700.000000
2021-05-28,34.945992,34.995266,34.512371,34.965702,2585800.000000
2021-06-01,35.458450,35.488014,34.975555,35.093815,3491300.000000
2021-06-02,35.133240,35.241642,34.601066,34.896717,2761700.000000
2021-06-03,34.620777,34.748890,34.147736,34.325127,3109900.000000
2021-06-04,34.482803,34.729179,34.226570,34.689758,2516200.000000
2021-06-07,34.739040,34.916431,34.472954,34.788315,2046400.000000
2021-06-08,34.798168,35.507729,34.798168,35.212078,3703300.000000
2021-06-09,34.975563,35.172661,34.512375,34.522228,2051000.000000
2021-06-10,34.877018,35.044556,34.423687,34.502525,4648500.000000
2021-06-11,34.758751,35.034691,34.453243,34.857300,2025800.000000
2021-06-14,34.788327,34.955864,34.246300,34.453255,1652200.000000
2021-06-15,34.364555,34.650353,34.226585,34.502525,2011000.000000
2021-06-16,34.433533,35.064259,34.177303,34.423679,2758700.000000
2021-06-17,34.334980,34.394112,33.024257,33.526867,3171500.000000
2021-06-18,32.955284,33.428326,32.649780,32.708908,4716900.000000
2021-06-21,33.034126,33.635284,32.994705,33.576153,3652700.000000
2021-06-22,33.497311,33.595860,32.708904,33.319920,3652200.000000
2021-06-23,33.319920,33.595860,33.132671,33.319920,1876500.000000
2021-06-24,33.674694,34.098461,33.280494,34.078754,1976200.000000
2021-06-25,34.236446,34.551808,34.039345,34.334995,5229700.000000
2021-06-28,34.177300,34.384255,33.122810,33.388897,2249000.000000
2021-06-29,33.586006,33.852089,33.122818,33.181946,3339200.000000
2021-06-30,33.270630,34.029469,33.270630,33.970341,2644500.000000
2021-07-01,34.078754,34.285709,33.871796,34.118172,2130600.000000
2021-07-02,34.285706,34.295559,33.812664,33.940777,1691500.000000
2021-07-06,33.743687,33.852089,32.620208,33.024265,3327100.000000
2021-07-07,32.817307,33.290348,32.176731,32.758179,3078000.000000
2021-07-08,32.117607,32.935574,31.743114,32.462532,2816900.000000
2021-07-09,32.984844,33.477596,32.817306,33.457886,1802800.000000
2021-07-12,33.103107,33.566296,32.856731,33.379047,2552300.000000
2021-07-13,33.024262,33.241074,32.363975,32.413250,2295100.000000
2021-07-14,32.630066,33.142529,32.196442,32.324558,1940100.000000
2021-07-15,31.920502,32.600502,31.644562,31.940212,4087800.000000
2021-07-16,32.255568,32.413249,31.112383,31.201078,6108400.000000
2021-07-19,30.442242,30.491518,29.496158,30.048040,4668400.000000
2021-07-20,30.067752,31.654413,29.910071,31.427748,3306600.000000
2021-07-21,31.743110,32.561081,31.703689,32.393543,1903300.000000
2021-07-22,32.294987,32.304840,31.723392,31.861366,3796200.000000
2021-07-23,32.245714,32.354120,31.772673,31.910643,2189900.000000
2021-07-26,31.890941,32.363983,31.802246,32.038765,2340800.000000
2021-07-27,31.851516,32.363979,31.683982,32.255573,2399300.000000
2021-07-28,32.974987,33.083394,32.028904,32.334412,3406100.000000
2021-07-29,32.728607,33.053826,32.452667,32.620201,1839000.000000
2021-07-30,32.324551,32.620201,32.028900,32.344261,1729500.000000
2021-08-02,32.748326,33.517018,32.147167,32.255573,1853600.000000
2021-08-03,32.363972,32.590637,31.250350,32.521652,2423700.000000
2021-08-04,31.536151,32.216148,30.235285,30.254995,5556500.000000
2021-08-05,30.452224,31.507403,30.422640,31.211557,5523100.000000
2021-08-06,31.704634,32.039924,31.211559,31.300312,4706000.000000
2021-08-09,31.034047,31.379199,30.590282,31.122801,2840200.000000
2021-08-10,31.191828,32.217420,31.063630,31.852547,2001700.000000
2021-08-11,31.822972,32.572443,31.369344,32.552719,2045900.000000
2021-08-12,32.463960,32.523131,32.030057,32.227287,1303600.000000
2021-08-13,32.266737,32.325904,31.665187,31.675047,994300.000000
2021-08-16,31.329895,31.744075,30.935437,31.536985,1763400.000000
2021-08-17,31.122805,31.300311,30.679039,31.043913,1715100.000000
2021-08-18,31.379205,32.463966,30.945300,31.783525,3637100.000000
2021-08-19,31.300315,31.744080,30.679043,31.310177,3758800.000000
2021-08-20,31.201700,31.546852,31.034054,31.369345,1687300.000000
2021-08-23,31.704634,31.990614,31.645464,31.753941,1808800.000000
2021-08-24,31.980754,32.513275,31.970891,32.069508,1685700.000000
2021-08-25,32.227292,32.700642,32.049785,32.483688,1805700.000000
2021-08-26,32.473825,32.473825,31.744074,31.763798,1223000.000000
2021-08-27,32.000472,32.621746,31.941302,32.335762,2083700.000000
2021-08-30,32.355492,32.444246,31.329898,31.339760,1522000.000000
2021-08-31,31.241147,31.911727,31.142532,31.310177,3454000.000000
2021-09-01,31.527126,31.675047,30.974884,31.458096,2006300.000000
2021-09-02,31.507405,31.921585,31.329898,31.448235,1338500.000000
2021-09-03,31.300313,31.438374,30.698763,30.935440,1411600.000000
2021-09-07,30.748070,31.083360,30.471948,30.826962,1633800.000000
2021-09-08,30.649459,30.886134,30.442369,30.659321,1288500.000000
2021-09-09,30.669180,31.458097,30.560703,31.231283,1535600.000000
2021-09-10,31.467960,31.556713,30.767796,30.787518,1509600.000000
2021-09-13,31.122809,31.951175,31.004472,31.803251,2404600.000000
2021-09-14,32.000469,32.000469,31.063629,31.152382,1693300.000000
2021-09-15,31.053779,31.606021,30.925581,31.566574,1396700.000000
2021-09-16,31.586292,31.753939,30.945297,31.004467,1318100.000000
2021-09-17,30.817102,31.122807,30.324028,30.560703,4280300.000000
2021-09-20,29.791504,30.540976,29.623861,30.511393,2585500.000000
2021-09-21,30.777652,30.915714,29.988735,30.176104,2635400.000000
2021-09-22,30.619869,31.053774,30.136657,30.679039,3354800.000000
2021-09-23,30.915715,31.635604,30.886130,31.270727,3017300.000000
2021-09-24,31.132667,31.507404,30.965021,31.093222,3183300.000000
2021-09-27,31.369342,32.730225,31.320036,32.542858,4630800.000000
2021-09-28,32.749952,33.154272,31.793392,31.961035,3728200.000000
2021-09-29,32.138537,32.296320,31.428512,31.467957,2547500.000000
2021-09-30,31.556707,31.615877,30.748066,30.767790,2626100.000000
2021-10-01,30.994611,32.207572,30.895996,31.980759,5084500.000000
2021-10-04,31.931445,32.148395,31.379201,31.438370,4333100.000000
2021-10-05,31.517270,31.921590,31.112950,31.665194,1990100.000000
2021-10-06,31.310177,31.625744,30.393060,31.517267,2058900.000000
2021-10-07,31.744077,32.266738,31.645464,31.694771,1578800.000000
2021-10-08,31.773666,31.892002,31.162253,31.201698,1120800.000000
2021-10-11,31.112947,31.684914,30.895995,30.984749,2315500.000000
2021-10-12,30.965019,31.398924,30.925574,30.974880,1115000.000000
2021-10-13,30.955159,31.172113,30.304302,30.915714,1602800.000000
2021-10-14,31.251001,31.251001,30.432499,30.462082,3263200.000000
2021-10-15,31.162251,31.418649,30.836822,30.895990,2913000.000000
2021-10-18,30.619866,30.994603,30.422638,30.471945,2339100.000000
2021-10-19,30.570567,30.777657,30.136662,30.452229,1576100.000000
2021-10-20,30.205686,30.876266,30.028181,30.511393,2045800.000000
2021-10-21,30.373335,30.501535,29.959153,30.294443,1081700.000000
2021-10-22,30.333887,30.570562,29.860537,30.038042,2546500.000000
2021-10-25,30.018323,30.097215,29.406911,29.949293,2901900.000000
2021-10-26,29.821086,30.274714,29.535104,29.544964,4585500.000000
2021-10-27,29.643584,30.195828,28.953282,28.973003,3616600.000000
2021-10-28,28.933562,29.485804,28.884256,29.288576,4465200.000000
2021-10-29,29.268850,29.594278,29.012451,29.278711,2975400.000000
2021-11-01,29.268848,30.156380,29.219539,30.077488,2479000.000000
2021-11-02,30.057763,30.521254,29.811226,30.254993,3214200.000000
2021-11-03,29.959154,30.412783,29.712618,30.008463,3418600.000000
2021-11-04,29.761763,31.241957,29.297969,30.590672,4901300.000000
2021-11-05,31.478785,33.185943,31.330766,32.958981,4394900.000000
2021-11-08,33.107004,33.393176,32.090606,32.327435,3035800.000000
2021-11-09,32.534658,32.909638,32.278089,32.653072,2611400.000000
2021-11-10,32.534657,32.988583,31.843900,31.863636,1718600.000000
2021-11-11,31.863639,32.080731,31.567599,31.577467,1517300.000000
2021-11-12,31.636675,31.814298,31.419578,31.547861,1585000.000000
2021-11-15,31.982045,32.722142,31.745213,32.613594,4154000.000000
2021-11-16,32.574128,32.593864,31.103804,31.291294,3593600.000000
2021-11-17,31.528124,31.656409,30.936047,31.064329,1602700.000000
2021-11-18,31.182748,31.192616,30.482122,30.906445,1490400.000000
2021-11-19,30.610407,30.679482,29.524931,29.781498,3956400.000000
2021-11-22,29.978855,30.156478,29.623609,29.880177,2228000.000000
2021-11-23,30.176217,30.491992,30.038066,30.373577,1577700.000000
2021-11-24,30.107140,30.570933,29.939384,30.324234,2231600.000000
2021-11-26,28.617076,28.656548,27.580941,28.370377,2382900.000000
2021-11-29,28.804572,28.932854,27.975663,28.123682,3218200.000000
2021-11-30,27.719091,28.064470,27.413185,27.758562,4977900.000000
2021-12-01,28.478923,28.607206,27.048069,27.048069,3771000.000000
2021-12-02,27.442792,28.597343,27.324378,28.419720,3673400.000000
2021-12-03,28.617079,28.982195,28.360512,28.676287,4616900.000000
2021-12-06,28.932854,30.511728,28.853911,30.028198,4473500.000000
2021-12-07,30.501860,31.054465,30.284766,30.422916,3942500.000000
2021-12-08,30.580801,31.232086,30.413046,30.669613,2024600.000000
2021-12-09,30.117007,30.778161,30.047932,30.442650,2294000.000000
2021-12-10,30.709086,30.768293,30.304498,30.452518,1807500.000000
2021-12-13,30.304496,30.452517,28.982191,29.682816,2953500.000000
2021-12-14,29.564401,30.274895,29.219024,29.288099,2089300.000000
2021-12-15,29.455857,29.633480,28.952591,29.594007,2049500.000000
2021-12-16,29.870312,30.245293,28.992062,29.090742,2002600.000000
2021-12-17,29.110478,29.682820,28.597344,29.564404,4169000.000000
2021-12-20,28.774960,28.942715,28.133543,28.873640,1752100.000000
2021-12-21,29.021664,30.649876,28.903249,30.186083,2950100.000000
2021-12-22,30.186082,30.343969,29.653211,29.899910,3817200.000000
2021-12-23,29.988722,30.817630,29.919646,30.718950,2557600.000000
2021-12-27,30.590670,30.995256,30.363707,30.936049,1125900.000000
2021-12-28,30.748558,31.291295,30.748558,31.222219,1293000.000000
2021-12-29,31.005123,31.311029,30.827499,31.212349,1226000.000000
2021-12-30,31.133408,31.597203,31.113673,31.222219,1127400.000000
2021-12-31,31.232084,31.537991,31.005122,31.409708,1270400.000000
2022-01-03,31.577462,32.337295,31.567594,31.903107,2015600.000000
2022-01-04,32.258349,33.245145,32.021520,33.087257,2892100.000000
2022-01-05,33.363563,33.847091,32.840559,32.880032,3357200.000000
2022-01-06,33.333958,33.639866,32.919505,33.205677,2997900.000000
2022-01-07,33.333958,34.162867,32.899769,33.560921,3595000.000000
2022-01-10,33.659603,33.935905,32.998448,33.531319,5001400.000000
2022-01-11,33.511583,33.906303,32.899771,33.472111,2696500.000000
2022-01-12,33.728685,34.034593,33.363572,33.462250,1861800.000000
2022-01-13,33.610270,34.458911,33.580664,33.926044,2598800.000000
2022-01-14,33.560925,34.626666,33.363569,34.606930,2453500.000000
2022-01-18,34.340490,34.587189,33.580657,33.866829,2414700.000000
2022-01-19,33.886565,33.896431,33.225410,33.383301,2097300.000000
2022-01-20,33.422776,33.926044,33.097135,33.136608,2650300.000000
2022-01-21,33.037917,33.037917,31.912971,32.199142,2816300.000000
2022-01-24,31.468911,32.583991,30.718946,32.386631,2627700.000000
2022-01-25,31.745219,32.248487,30.718952,31.804428,3943600.000000
2022-01-26,32.169540,32.564260,30.797894,31.202482,3066900.000000
2022-01-27,31.616936,32.070861,29.998589,30.235420,3769500.000000
2022-01-28,30.067666,30.472252,28.962456,30.353838,4743600.000000
2022-01-31,29.998590,30.758423,29.791364,30.679480,4605900.000000
2022-02-01,30.709084,31.232085,30.442649,31.202482,6089400.000000
2022-02-02,31.656412,32.435978,31.488655,32.179413,5159700.000000
2022-02-03,32.673109,32.752099,32.011548,32.110291,3291400.000000
2022-02-04,31.912814,32.100419,31.241380,31.774578,4698400.000000
2022-02-07,31.883199,32.919970,31.754836,32.416397,4858000.000000
2022-02-08,32.732361,33.147067,32.337398,33.087822,3374300.000000
2022-02-09,33.561780,34.262834,33.463038,34.035732,3098300.000000
2022-02-10,33.729630,35.092245,33.601267,34.124592,2426600.000000
2022-02-11,33.996230,34.697284,33.502529,33.907364,2930500.000000
2022-02-14,33.917230,34.252946,33.512395,33.640759,2353900.000000
2022-02-15,33.818493,35.102114,33.818493,34.549171,3309800.000000
2022-02-16,34.440557,35.477327,34.361563,35.279846,2682000.000000
2022-02-17,34.726904,34.924385,34.331946,34.539299,1920900.000000
2022-02-18,34.489929,34.904636,33.996229,34.124592,3063600.000000
2022-02-22,34.203584,34.667664,33.690135,33.976482,3305300.000000
2022-02-23,34.213454,34.371438,33.364289,33.384037,2743700.000000
2022-02-24,32.603995,33.986354,32.268278,33.946861,4188800.000000
2022-02-25,34.065347,35.477331,34.065347,35.299599,3493000.000000
2022-02-28,34.855276,36.217892,34.845404,35.467464,6708600.000000
2022-03-01,35.368712,35.556317,32.465754,32.692856,6908400.000000
2022-03-02,33.137192,35.062622,33.117444,34.687412,4966000.000000
2022-03-03,34.914511,35.023126,33.798747,34.410934,3488300.000000
2022-03-04,33.976488,34.331953,32.890348,33.423542,3408600.000000
2022-03-07,33.581523,33.848122,31.942437,32.011555,4347500.000000
2022-03-08,32.406507,33.788870,31.991800,32.515121,3188600.000000
2022-03-09,33.235931,34.006103,33.147065,33.551899,2609700.000000
2022-03-10,32.979204,34.173958,32.890337,33.848114,1873700.000000
2022-03-11,34.114715,34.717030,33.235928,33.305046,2563800.000000
2022-03-14,33.384037,33.561769,32.673107,32.998947,2330800.000000
2022-03-15,33.245797,33.867861,33.058192,33.670380,2826400.000000
2022-03-16,34.124588,34.628161,33.670381,34.489925,3011800.000000
2022-03-17,33.976480,34.756528,33.976480,34.499802,2161200.000000
2022-03-18,35.032996,35.358840,34.124589,35.279846,6526100.000000
2022-03-21,35.141620,35.447716,34.529432,35.427967,2398600.000000
2022-03-22,35.546450,37.185536,35.536577,36.849819,4712100.000000
2022-03-23,36.622719,36.859697,35.872296,36.267254,2184500.000000
2022-03-24,36.454854,36.622714,35.921660,36.553596,2370900.000000
2022-03-25,36.622729,36.968318,36.326510,36.533863,1231900.000000
2022-03-28,36.326497,36.365994,35.536577,36.030277,1686700.000000
2022-03-29,36.287000,36.543723,35.921663,36.415363,2106300.000000
2022-03-30,36.346260,36.435127,35.595833,35.980919,2309200.000000
2022-03-31,35.753804,36.464735,35.457585,35.487206,2318000.000000
2022-04-01,35.655066,35.941413,35.329221,35.862419,1676500.000000
2022-04-04,35.990789,36.030286,35.269986,35.368725,1757700.000000
2022-04-05,35.230487,35.506958,33.857999,34.015984,3241000.000000
2022-04-06,33.788879,34.134468,33.423538,33.729633,2353300.000000
2022-04-07,33.542023,34.075217,33.048323,33.986351,2184200.000000
2022-04-08,34.114723,34.618300,33.788882,34.085102,1908600.000000
2022-04-11,34.065343,34.588664,33.709878,33.798744,1617700.000000
2022-04-12,33.927112,34.499803,33.798749,34.243080,1832100.000000
2022-04-13,34.420815,35.013254,34.361569,34.835522,1812000.000000
2022-04-14,34.963883,35.467456,34.894765,35.033001,2242300.000000
2022-04-18,34.973759,35.427966,34.726909,34.993507,1728400.000000
2022-04-19,35.102119,36.326498,35.042877,36.178387,2149100.000000
2022-04-20,36.306744,36.731327,36.119139,36.375862,1713800.000000
2022-04-21,36.731339,37.057179,35.082376,35.220612,2232600.000000
2022-04-22,35.052752,35.319351,34.430688,34.519554,1802800.000000
2022-04-25,34.252950,34.410934,33.334667,34.381313,3184800.000000
2022-04-26,34.193714,34.519555,33.818501,33.828373,3203700.000000
2022-04-27,33.788885,34.134474,32.949591,33.966618,3115700.000000
2022-04-28,34.331942,34.717027,33.502524,34.509674,1892500.000000
2022-04-29,34.489929,34.766400,33.542024,33.690132,2090200.000000
2022-05-02,33.690141,33.907370,32.495386,33.413670,3492500.000000
2022-05-03,33.917231,35.250225,33.068070,34.549171,3962800.000000
2022-05-04,34.489930,36.138889,34.124593,36.099396,3614500.000000
2022-05-05,35.822764,36.059872,34.449526,34.992893,2463700.000000
2022-05-06,34.844709,34.884227,33.807371,34.607601,3061100.000000
2022-05-09,34.103755,34.271704,32.651479,32.868828,3675500.000000
2022-05-10,33.264003,34.093875,32.770032,33.570267,4580500.000000
2022-05-11,33.619660,34.271701,32.878704,33.135571,2327000.000000
2022-05-12,32.947859,33.115811,31.554863,32.453888,3072100.000000
2022-05-13,32.928101,33.659176,32.878701,33.382553,2323700.000000
2022-05-16,33.283758,34.163030,33.234362,33.649300,2083100.000000
2022-05-17,34.321108,34.903994,34.103759,34.815079,1828700.000000
2022-05-18,34.390257,34.824950,33.017015,33.184967,2277500.000000
2022-05-19,32.799672,33.767855,32.602083,33.046658,3319400.000000
2022-05-20,33.343037,33.372674,31.841365,32.760151,2852300.000000
2022-05-23,33.234364,34.064236,32.681119,33.886406,2246000.000000
2022-05-24,33.649298,33.748091,32.355093,33.303516,1509100.000000
2022-05-25,33.056537,33.807375,32.918226,33.540630,1636500.000000
2022-05-26,34.014831,34.508802,33.886398,34.192661,2090700.000000
2022-05-27,34.508797,35.595531,34.469279,35.595531,1874500.000000
2022-05-31,35.279402,35.595543,34.795313,35.338680,5121800.000000
2022-06-01,35.635060,35.664697,34.321100,35.249763,2435000.000000
2022-06-02,35.388074,36.563724,34.992896,36.543968,3513700.000000
2022-06-03,36.178420,36.613116,35.674571,36.188301,1900700.000000
2022-06-06,36.553851,36.652644,36.069758,36.208073,1818100.000000
2022-06-07,35.882045,36.998420,35.664696,36.978661,1656900.000000
2022-06-08,36.484691,36.899625,35.951202,36.030239,1963100.000000
2022-06-09,35.615304,35.694342,34.716277,34.745914,1922000.000000
2022-06-10,33.827134,34.291464,33.323281,33.570267,3181400.000000
2022-06-13,32.661358,32.661358,31.574619,31.801846,2575000.000000
2022-06-14,31.999439,32.483532,31.209086,31.811731,3513400.000000
2022-06-15,32.276056,32.967616,31.900641,32.315575,3476600.000000
2022-06-16,31.367151,31.535102,30.329813,30.428606,2989300.000000
2022-06-17,30.576800,31.377033,30.181622,31.139927,4905400.000000
2022-06-21,31.890767,31.950045,31.209088,31.278244,2409500.000000
2022-06-22,30.507637,31.406666,30.398965,31.051006,1754200.000000
2022-06-23,31.080649,31.189323,29.480184,30.329815,2668400.000000
2022-06-24,30.645959,31.841368,30.468129,31.791971,2736500.000000
2022-06-27,31.989564,32.108116,31.288124,31.416555,1890700.000000
2022-06-28,31.712929,32.384730,31.386910,31.495583,1728800.000000
2022-06-29,31.594380,31.752451,30.547163,30.942339,1431800.000000
2022-06-30,30.359451,31.357272,30.092706,31.070770,2869300.000000
2022-07-01,31.011499,31.712937,30.596564,31.416555,3909100.000000
2022-07-05,30.655835,30.794146,29.687651,30.724991,3444700.000000
2022-07-06,30.804027,31.772210,30.566921,31.554863,2540100.000000
2022-07-07,32.019190,32.503283,31.851242,32.157501,1812200.000000
2022-07-08,32.473648,32.760152,32.108111,32.345219,2562800.000000
2022-07-11,32.029074,32.542805,31.979678,32.542805,2641000.000000
2022-07-12,32.266181,33.412193,32.197025,33.007137,3367100.000000
2022-07-13,32.414370,32.967615,32.256299,32.779907,2849500.000000
2022-07-14,32.068588,32.700870,31.900640,32.651474,2398800.000000
2022-07-15,33.293643,33.372677,32.700876,32.918224,2074500.000000
2022-07-18,33.412201,34.024724,32.414381,32.602089,2877400.000000
2022-07-19,32.849060,34.133384,32.849060,34.064228,2814200.000000
2022-07-20,34.044475,34.637242,33.827130,34.429771,2191600.000000
2022-07-21,34.064237,34.419897,33.906167,34.330982,2456900.000000
2022-07-22,34.380376,34.617483,33.669060,33.945683,1845100.000000
2022-07-25,34.093870,34.568086,33.935800,34.410015,2450000.000000
2022-07-26,34.380374,34.686638,34.093870,34.410015,3012400.000000
2022-07-27,35.012659,35.496752,34.311221,34.745914,3038300.000000
2022-07-28,34.913859,35.644938,34.637237,35.605419,2431500.000000
2022-07-29,35.743743,36.702048,35.437480,36.682289,4008000.000000
2022-08-01,36.514335,37.186136,36.405661,36.899632,5957900.000000
2022-08-02,36.771197,37.235528,36.484693,36.751438,3503600.000000
2022-08-03,37.028064,37.028064,36.435300,36.781078,5317700.000000
2022-08-04,36.336260,37.631161,36.227531,36.682228,3053800.000000
2022-08-05,36.276958,36.741538,35.861797,36.632809,1792500.000000
2022-08-08,36.949123,37.364280,36.761311,37.127048,5912800.000000
2022-08-09,37.136925,37.295081,36.741535,37.008423,3157000.000000
2022-08-10,37.561966,37.907930,37.393928,37.473003,4122900.000000
2022-08-11,37.799205,38.174822,37.611393,37.789318,3013900.000000
2022-08-12,38.006779,38.214358,37.739891,38.105625,4392500.000000
2022-08-15,37.818974,38.540562,37.739898,38.273674,3293400.000000
2022-08-16,38.303332,38.510910,38.174829,38.283562,2658600.000000
2022-08-17,37.730008,38.056205,37.502659,38.006783,3410200.000000
2022-08-18,37.977125,38.382402,37.848626,37.996895,2449400.000000
2022-08-19,37.789323,37.878286,36.978775,37.166584,1992900.000000
2022-08-22,36.425232,36.711890,36.029845,36.059498,1870100.000000
2022-08-23,36.227526,36.711876,36.089137,36.257179,2563200.000000
2022-08-24,36.346152,36.781079,36.276959,36.603153,1636100.000000
2022-08-25,36.830503,37.384049,36.682234,37.344509,1736200.000000
2022-08-26,37.552086,37.552086,36.237415,36.237415,1398600.000000
2022-08-29,36.010070,36.553729,35.762951,36.178108,1751700.000000
2022-08-30,36.237422,36.385695,35.001831,35.456528,2335700.000000
2022-08-31,35.515835,35.683874,34.991946,35.021599,2433100.000000
2022-09-01,34.675630,34.843669,34.062774,34.645973,2884100.000000
2022-09-02,35.130316,35.476280,34.507578,34.616310,1866200.000000
2022-09-06,34.774472,34.982050,34.151733,34.329659,2037000.000000
2022-09-07,34.220932,35.061137,34.062777,34.952404,3059200.000000
2022-09-08,34.764583,35.496054,34.428506,35.436745,2117400.000000
2022-09-09,35.733298,36.069379,35.456523,35.990299,2290600.000000
2022-09-12,36.207769,36.642696,35.921111,36.593273,3904500.000000
2022-09-13,35.753063,35.950758,34.616321,34.794247,2271500.000000
2022-09-14,34.893095,35.308255,33.845316,34.912865,3310500.000000
2022-09-15,34.497702,34.873319,33.766231,33.894733,2992500.000000
2022-09-16,33.321418,33.440038,32.609720,33.222572,5014500.000000
2022-09-19,33.024878,34.122084,33.014995,33.825542,2523100.000000
2022-09-20,33.617958,34.092428,33.341186,33.884846,2752600.000000
2022-09-21,34.379080,34.458160,33.044643,33.044643,2789300.000000
2022-09-22,33.183029,33.202799,32.164903,32.412022,2482900.000000
2022-09-23,31.878250,31.986982,31.047932,31.463091,2890200.000000
2022-09-26,31.295050,31.522398,30.583350,30.682198,2466200.000000
2022-09-27,31.136895,31.324706,30.336233,30.741507,2407400.000000
2022-09-28,30.968856,31.680556,30.692083,31.482862,2062300.000000
2022-09-29,31.107237,31.156661,30.247266,30.583347,2609900.000000
2022-09-30,30.425195,31.304935,30.296692,30.573465,4017300.000000
2022-10-03,31.077586,31.907901,30.820583,31.720093,2266700.000000
2022-10-04,32.323065,33.183036,32.323065,33.123726,2083400.000000
2022-10-05,32.599837,33.341192,32.441681,32.945805,2426100.000000
2022-10-06,32.678917,33.271999,32.500992,32.817303,1778700.000000
2022-10-07,32.550409,32.629485,31.888131,32.164906,2232100.000000
2022-10-10,32.580065,33.143494,32.253871,32.560295,2883100.000000
2022-10-11,32.491103,33.103959,32.135253,32.619606,2395400.000000
2022-10-12,32.342837,32.471336,31.344477,31.739868,3847600.000000
2022-10-13,31.215969,32.698680,30.939196,32.510868,2607100.000000
2022-10-14,32.817300,32.945802,31.759634,31.917789,1819000.000000
2022-10-17,32.619604,33.005108,32.273640,32.550411,3282600.000000
2022-10-18,33.341188,33.519113,32.926031,33.222572,2343700.000000
2022-10-19,33.074310,33.944167,32.975464,33.845322,4675400.000000
2022-10-20,33.904621,34.557013,33.598197,33.627850,5165300.000000
2022-10-21,33.608074,35.011703,33.598191,34.962280,3365900.000000
2022-10-24,35.239058,35.476289,34.596549,34.991940,4108900.000000
2022-10-25,34.843670,35.258827,34.477936,35.159981,3021600.000000
2022-10-26,35.456523,35.634448,34.220932,34.309895,4502900.000000
2022-10-27,34.675626,35.298361,34.616316,34.685509,2976200.000000
2022-10-28,34.833787,35.762950,34.616322,35.753063,7638700.000000
2022-10-31,34.300005,35.189628,33.785999,35.140205,6714200.000000
2022-11-01,35.525715,36.108914,35.189634,36.069378,4343400.000000
2022-11-02,35.990294,36.385685,34.893089,34.932629,4384100.000000
2022-11-03,34.586273,35.536281,34.338875,34.863358,2788100.000000
2022-11-04,35.229509,36.169623,35.041488,35.664932,5309400.000000
2022-11-07,35.922221,36.258683,35.783679,36.228996,2440900.000000
2022-11-08,36.446714,36.921718,36.070667,36.456608,2574300.000000
2022-11-09,36.189417,36.931612,35.922226,35.961811,3608700.000000
2022-11-10,36.822756,37.990476,36.743591,37.901413,4263800.000000
2022-11-11,38.030059,38.831631,36.990987,37.040466,3631900.000000
2022-11-14,36.802955,37.218586,36.258680,36.268578,3018700.000000
2022-11-15,36.733692,36.872234,36.100353,36.169624,4320200.000000
2022-11-16,36.011290,36.654527,35.843061,36.456608,4513400.000000
2022-11-17,35.823260,36.130031,34.437828,36.090450,2295700.000000
2022-11-18,36.664419,36.852444,36.357647,36.713898,2542900.000000
2022-11-21,36.614924,36.911801,36.278462,36.882114,1865600.000000
2022-11-22,37.238384,37.911307,37.119630,37.832138,2621300.000000
2022-11-23,37.931096,38.049846,37.376923,37.624321,1479400.000000
2022-11-25,37.673802,37.851929,37.485781,37.644115,713900.000000
2022-11-28,37.218592,37.297758,36.436813,36.644627,1957300.000000
2022-11-29,36.763382,36.961297,36.575357,36.832653,1344100.000000
2022-11-30,36.842542,37.347237,36.446707,37.277962,4229100.000000
2022-12-01,37.475884,38.089435,37.119630,38.010265,2629700.000000
2022-12-02,37.465986,38.742561,37.426401,38.673290,3722100.000000
2022-12-05,38.425887,38.841515,37.921193,38.138905,2296900.000000
2022-12-06,38.376417,38.643607,37.228489,37.475887,2116900.000000
2022-12-07,37.376930,37.940997,37.347243,37.475887,1266300.000000
2022-12-08,37.871720,37.990470,37.139420,37.248276,1344800.000000
2022-12-09,37.248269,37.762857,37.089934,37.604523,3043300.000000
2022-12-12,37.931105,38.475380,37.525368,38.475380,2956400.000000
2022-12-13,39.197776,39.366005,38.495166,38.801937,3236300.000000
2022-12-14,38.851412,39.029540,38.356616,38.594120,3362900.000000
2022-12-15,37.980569,38.109213,37.426396,37.535252,2437600.000000
2022-12-16,37.277965,37.891516,36.862338,37.733181,4267600.000000
2022-12-19,37.733179,37.970679,36.872231,37.188904,1875600.000000
2022-12-20,37.218593,38.148809,37.218593,37.881618,2648100.000000
2022-12-21,38.366519,38.900901,38.198287,38.643604,3264100.000000
2022-12-22,38.267549,38.415989,37.564939,38.138905,2499400.000000
2022-12-23,38.020157,38.712873,38.020157,38.653500,2059600.000000
2022-12-27,38.841531,39.276950,38.712883,38.989971,2134100.000000
2022-12-28,38.940484,39.187882,38.317043,38.317043,2265900.000000
2022-12-29,38.505060,39.079026,38.445683,38.980064,2210300.000000
2022-12-30,38.762351,39.069126,38.584228,38.999855,1572300.000000
2023-01-03,38.989961,39.197775,38.435788,38.653500,2088500.000000
2023-01-04,38.702970,39.316517,38.673284,39.138390,2553300.000000
2023-01-05,38.960276,39.138403,38.673297,38.910797,1523900.000000
2023-01-06,39.336323,40.187373,39.286844,40.038933,2511500.000000
2023-01-09,40.306113,40.563409,39.583711,39.662880,1943600.000000
2023-01-10,39.445173,40.147783,39.237359,40.127991,1615300.000000
2023-01-11,40.296225,40.543624,39.880594,39.969658,2372900.000000
2023-01-12,40.078513,40.593102,39.969657,40.246742,2736300.000000
2023-01-13,39.771743,40.424874,39.514450,40.325916,1518800.000000
2023-01-17,40.266532,40.553515,39.959761,40.187366,1900300.000000
2023-01-18,40.484242,40.484242,39.079022,39.118603,2708300.000000
2023-01-19,38.811831,38.910789,38.000366,38.030052,2456300.000000
2023-01-20,38.227978,38.356622,37.911308,38.297249,1698000.000000
2023-01-23,38.406099,39.088917,38.297243,39.019646,2483500.000000
2023-01-24,38.980063,39.346211,38.435787,38.999855,2589500.000000
2023-01-25,38.564434,39.257146,38.326930,39.197773,1781300.000000
2023-01-26,39.504552,40.414980,39.079031,40.395187,2243800.000000
2023-01-27,40.296230,40.672273,39.870705,39.979561,1720700.000000
2023-01-30,39.662880,40.137884,39.613398,39.771732,1487000.000000
2023-01-31,39.801431,40.276435,39.435278,40.266537,1823400.000000
2023-02-01,40.048826,40.345703,39.524339,40.167576,2352300.000000
2023-02-02,40.197262,40.296223,39.445173,39.811321,2309300.000000
2023-02-03,39.682679,40.078518,39.257154,39.445179,2086600.000000
2023-02-06,39.296734,39.554030,39.079026,39.544132,1744600.000000
2023-02-07,39.494658,40.553523,39.385803,40.434772,2267000.000000
2023-02-08,40.147784,40.523830,40.147784,40.414974,1979300.000000
2023-02-09,40.682423,41.029119,40.068275,40.068275,2302100.000000
2023-02-10,40.028656,40.197054,39.612622,40.137619,2981900.000000
2023-02-13,40.236671,40.939974,40.236671,40.692333,4347900.000000
2023-02-14,39.919696,42.792331,38.909321,42.614029,5376000.000000
2023-02-15,42.098935,43.020159,41.920633,43.000347,3132000.000000
2023-02-16,42.564497,43.416382,42.435723,42.544685,2836500.000000
2023-02-17,42.524878,42.752707,42.247522,42.614029,2012500.000000
2023-02-21,42.614034,42.703185,41.593755,41.692810,2345100.000000
2023-02-22,41.514507,42.287145,41.445168,41.593754,2293500.000000
2023-02-23,41.841391,42.267329,41.356013,41.633369,4853500.000000
2023-02-24,41.187615,41.663084,40.870631,41.564026,2847700.000000
2023-02-27,41.910731,42.089033,41.623467,41.920635,1995200.000000
2023-02-28,41.851291,43.951284,41.504595,41.781952,4889400.000000
2023-03-01,41.791855,42.485250,41.544214,42.396099,3331800.000000
2023-03-02,42.178173,43.000338,41.841381,42.940903,3253300.000000
2023-03-03,43.218273,43.485725,42.643744,43.337139,3189000.000000
2023-03-06,43.366854,43.763081,43.039970,43.347042,3575600.000000
2023-03-07,43.347033,43.495619,42.930999,42.940903,4328400.000000
2023-03-08,43.020154,43.327230,42.703174,43.317322,3865600.000000
2023-03-09,43.564961,43.564961,41.484780,41.663082,5598200.000000
2023-03-10,41.564031,41.603654,39.929604,40.454601,4154100.000000
2023-03-13,39.889978,40.236673,39.236206,39.652241,4438200.000000
2023-03-14,40.414976,40.880542,39.909791,40.395164,3872200.000000
2023-03-15,39.394700,39.523474,37.809797,39.008381,5743300.000000
2023-03-16,38.641862,40.236669,38.463564,40.068275,4912300.000000
2023-03-17,39.820632,40.018746,38.602240,38.839973,7541300.000000
2023-03-20,38.879604,39.632431,38.879604,39.107433,5920100.000000
2023-03-21,39.989034,40.741864,39.781016,40.167336,5558200.000000
2023-03-22,40.236667,40.939970,40.097989,40.127705,4331000.000000
2023-03-23,39.989028,40.613084,39.533370,39.810726,3417200.000000
2023-03-24,39.384785,39.989029,38.869696,39.870163,2387400.000000
2023-03-27,40.385263,40.593280,40.088094,40.375355,1963000.000000
2023-03-28,40.345630,40.811196,40.296102,40.731949,2825800.000000
2023-03-29,41.247046,41.455063,40.910254,41.415443,1851100.000000
2023-03-30,41.623463,41.672990,41.207425,41.544216,2144100.000000
2023-03-31,42.495159,42.495159,41.583839,41.970158,2712300.000000
2023-04-03,41.861204,42.633846,41.861204,42.564507,2904600.000000
2023-04-04,42.396098,42.505061,41.256953,41.722515,2611100.000000
2023-04-05,41.583842,41.831482,41.286673,41.712616,5486000.000000
2023-04-06,41.544213,41.801762,41.128178,41.157894,2736800.000000
2023-04-10,41.009312,41.742327,41.009312,41.722515,2641400.000000
2023-04-11,41.980063,42.604115,41.871101,42.257420,3548000.000000
2023-04-12,42.524877,43.257892,42.524877,43.000347,3075100.000000
2023-04-13,42.970632,43.297516,42.673464,43.109310,2258500.000000
2023-04-14,42.138554,42.346571,41.722515,42.138554,3880800.000000
2023-04-17,42.584309,42.584309,42.089028,42.465439,2138400.000000
2023-04-18,42.564502,43.119215,42.227710,42.950821,3079400.000000
2023-04-19,42.881475,43.079588,42.475344,42.871567,1802300.000000
2023-04-20,42.713077,43.109304,42.564495,42.792324,1898700.000000
2023-04-21,42.901287,42.911191,42.217796,42.524872,1666700.000000
2023-04-24,42.594215,42.871572,42.415913,42.861668,3138100.000000
2023-04-25,42.683360,43.129114,42.316852,42.584305,2392300.000000
2023-04-26,42.643737,42.752699,41.831475,42.009777,2428800.000000
2023-04-27,42.277231,43.337133,42.069214,43.317322,2663100.000000
2023-04-28,43.109313,43.911671,43.039974,43.872047,3270300.000000
2023-05-01,43.872039,44.882414,43.832415,43.881943,4126200.000000
2023-05-02,44.922032,45.268732,43.327229,44.535713,4539700.000000
2023-05-03,44.575340,44.892320,44.080058,44.278172,3174500.000000
2023-05-04,44.218686,44.278174,42.572878,42.900059,2952000.000000
2023-05-05,43.336296,43.722961,43.088433,43.623817,3155400.000000
2023-05-08,43.881586,44.119536,43.207403,43.435436,2162200.000000
2023-05-09,43.742780,44.397137,43.594065,44.377308,5901000.000000
2023-05-10,44.615263,44.833383,43.683301,43.881588,3308600.000000
2023-05-11,43.504846,43.683307,43.038863,43.584160,1681700.000000
2023-05-12,43.861769,44.208775,43.316468,43.584160,1834600.000000
2023-05-15,43.802274,44.258341,43.524670,44.149281,1724900.000000
2023-05-16,43.941081,44.089800,43.663476,43.861767,1987400.000000
2023-05-17,44.555774,44.625175,44.000564,44.288082,1777500.000000
2023-05-18,44.129454,44.823470,43.861766,44.793728,1596400.000000
2023-05-19,45.061416,45.200218,44.218681,44.575603,1744000.000000
2023-05-22,44.456631,44.754066,44.337658,44.436802,1946200.000000
2023-05-23,44.050140,44.288086,43.385866,43.395782,2162200.000000
2023-05-24,43.138000,43.177659,42.642275,42.870312,1641200.000000
2023-05-25,42.870311,43.167745,42.533218,42.890137,2388600.000000
2023-05-26,42.900053,43.346206,42.890136,43.128086,2731800.000000
2023-05-30,43.128087,43.296631,42.473730,43.108257,2919500.000000
2023-05-31,42.959545,43.019030,41.819376,42.384502,7281800.000000
2023-06-01,42.771173,43.663480,42.344849,43.356129,3480400.000000
2023-06-02,43.802274,44.882955,43.703130,44.744152,4483100.000000
2023-06-05,45.061417,45.061417,43.911335,44.416973,2398400.000000
2023-06-06,44.416974,45.041589,44.307914,44.902786,1996000.000000
2023-06-07,44.972185,45.973548,44.972185,45.775257,2273300.000000
2023-06-08,45.666202,46.270984,45.666202,45.953720,1965300.000000
2023-06-09,46.122265,46.152007,45.279530,45.547222,1929300.000000
2023-06-12,45.576968,45.933891,45.329105,45.785172,1568700.000000
2023-06-13,45.686032,46.112352,45.428253,45.616627,2328200.000000
2023-06-14,45.844661,45.844661,45.180387,45.309277,2063900.000000
2023-06-15,45.200224,45.894240,45.150652,45.646378,1949500.000000
2023-06-16,45.914068,46.300733,45.418343,45.586887,2980200.000000
2023-06-20,45.557139,46.479188,45.557139,46.171837,3457800.000000
2023-06-21,46.221421,46.905525,46.003305,46.756805,2582000.000000
2023-06-22,46.469266,46.568413,45.775250,46.161919,2811600.000000
2023-06-23,45.705858,46.231329,45.567055,45.953720,4689200.000000
2023-06-26,46.132184,46.409792,46.042953,46.280903,1764700.000000
2023-06-27,46.370136,47.728422,46.310647,47.688763,3096100.000000
2023-06-28,47.768071,47.926703,47.549950,47.698669,2135100.000000
2023-06-29,47.649105,48.491836,47.589616,48.343117,2473200.000000
2023-06-30,49.056958,49.255249,48.590976,49.136276,2480400.000000
2023-07-03,48.769434,49.175929,48.670291,48.709949,877400.000000
2023-07-05,48.362945,48.561236,48.105170,48.481922,2975700.000000
2023-07-06,48.224143,48.600895,47.956451,48.531494,2699100.000000
2023-07-07,48.521580,49.403974,48.491837,48.977650,2145600.000000
2023-07-10,48.838835,49.820372,48.828922,49.810459,3504200.000000
2023-07-11,49.820376,50.335930,49.453540,50.266529,2504000.000000
2023-07-12,50.881224,50.901053,49.205674,49.235416,4557400.000000
2023-07-13,49.235424,49.493200,48.928073,49.284996,2552600.000000
2023-07-14,49.195766,49.195766,48.501750,48.977650,1358000.000000
2023-07-17,48.918161,49.780722,48.858673,49.770809,2671600.000000
2023-07-18,49.532851,49.929433,49.364307,49.671654,1809000.000000
2023-07-19,49.473375,49.780722,48.937991,49.314743,1791100.000000
2023-07-20,49.691479,49.979001,49.493189,49.959171,1549600.000000
2023-07-21,50.236777,50.266523,49.463447,49.483276,1449500.000000
2023-07-24,49.522945,49.770808,49.215594,49.641918,1332800.000000
2023-07-25,49.354397,49.850123,48.967732,49.790638,3176200.000000
2023-07-26,49.741061,50.197131,49.701406,50.048412,1926600.000000
2023-07-27,50.197134,50.266535,49.522947,49.750980,2214400.000000
2023-07-28,50.038499,50.177302,49.493199,49.998840,2095500.000000
2023-07-31,50.226867,50.752334,50.048406,50.702763,3182800.000000
2023-08-01,49.304819,49.304819,47.341748,48.571148,5537100.000000
2023-08-02,48.234055,48.243968,47.510293,47.639183,2846400.000000
2023-08-03,47.579646,48.125397,47.172813,47.807869,2595700.000000
2023-08-04,48.016252,49.008528,47.897180,48.671154,5030800.000000
2023-08-07,49.038294,50.268718,48.671153,50.060341,6148900.000000
2023-08-08,49.961108,50.268715,49.633659,50.109951,4376200.000000
2023-08-09,50.149645,50.149645,49.355824,49.405437,3011400.000000
2023-08-10,49.524507,49.901573,49.276438,49.455048,1822300.000000
2023-08-11,49.385585,49.455044,48.800142,49.058132,2761600.000000
2023-08-14,48.939070,49.256598,48.780306,48.839844,1847300.000000
2023-08-15,48.621545,48.790230,48.313938,48.393322,2281800.000000
2023-08-16,48.353622,48.998603,48.343701,48.472694,2317000.000000
2023-08-17,48.720764,48.909299,48.224626,48.234550,2121200.000000
2023-08-18,47.788022,48.581843,47.629258,48.403233,1859400.000000
2023-08-21,48.542161,48.542161,47.817800,48.194866,1677600.000000
2023-08-22,48.482623,48.581849,48.115482,48.313934,1951900.000000
2023-08-23,48.413161,48.948991,48.224626,48.760456,2088600.000000
2023-08-24,48.561999,48.819993,47.718566,47.748333,2714800.000000
2023-08-25,47.917020,48.105551,47.291885,47.807869,2429300.000000
2023-08-28,47.907102,48.581850,47.668958,48.482624,1634000.000000
2023-08-29,48.313928,48.958909,47.956712,48.929142,2133100.000000
2023-08-30,49.068064,49.554278,48.948992,49.335979,2230800.000000
2023-08-31,49.345900,49.593969,49.077985,49.087910,2878500.000000
2023-09-01,49.544361,49.613820,49.077990,49.306213,2001600.000000
2023-09-05,49.236746,49.296284,47.887250,47.936867,3137900.000000
2023-09-06,48.006326,48.333775,47.668952,48.055939,2214600.000000
2023-09-07,47.996402,48.234550,47.688799,47.827717,2373900.000000
2023-09-08,47.728488,47.986482,47.232350,47.281967,2043800.000000
2023-09-11,47.520110,47.559802,46.894975,47.470497,2511000.000000
2023-09-12,47.162890,47.639182,47.043818,47.351425,1610600.000000
2023-09-13,47.262125,47.589574,46.567530,46.716373,2504100.000000
2023-09-14,47.014053,47.351427,46.319459,46.726292,2970500.000000
2023-09-15,46.656836,46.775908,46.091239,46.319462,6907200.000000
2023-09-18,46.309534,46.855289,46.249999,46.726292,3361500.000000
2023-09-19,46.726287,47.053736,46.408759,46.756054,2001600.000000
2023-09-20,47.093434,47.301812,46.150771,46.180542,1525400.000000
2023-09-21,46.031697,46.428609,45.634788,45.714169,2144500.000000
2023-09-22,45.674474,46.031694,45.317254,45.446251,2026800.000000
2023-09-25,45.198187,46.091237,45.148574,45.942394,1519100.000000
2023-09-26,45.743930,45.962232,45.406556,45.456173,1859700.000000
2023-09-27,45.773711,46.041626,45.436337,45.724098,1778900.000000
2023-09-28,45.962238,46.904901,45.793553,46.121002,2203900.000000
2023-09-29,46.488141,46.765981,45.704245,45.892776,2331700.000000
2023-10-02,45.595092,45.872928,44.950111,45.069183,1826800.000000
2023-10-03,44.811195,45.396638,44.702044,45.168415,2374900.000000
2023-10-04,44.960038,45.624861,44.801274,45.366871,2546200.000000
2023-10-05,45.158493,45.833241,45.158493,45.277569,2430300.000000
2023-10-06,45.138648,46.051540,44.850887,45.605015,2021000.000000
2023-10-09,46.180538,46.249997,45.396639,46.061462,2109200.000000
2023-10-10,46.498066,46.527833,46.021774,46.101154,1918900.000000
2023-10-11,46.140847,46.170614,45.823319,46.111080,2166500.000000
2023-10-12,46.111075,46.170610,44.672274,45.098953,1887700.000000
2023-10-13,45.009653,45.485945,43.828842,44.027298,3683700.000000
2023-10-16,44.374600,44.761587,44.205911,44.255524,2062600.000000
2023-10-17,44.066988,45.009651,43.997529,44.890579,2054000.000000
2023-10-18,44.751657,44.761582,43.967762,44.007450,2225900.000000
2023-10-19,43.898311,44.295220,43.253330,43.372402,1641600.000000
2023-10-20,43.441855,43.531160,42.925871,43.104481,2560800.000000
2023-10-23,43.025103,43.590701,42.935798,43.213634,1548500.000000
2023-10-24,43.759377,43.759377,42.876252,43.164013,2815400.000000
2023-10-25,43.312861,43.521238,42.846490,42.896103,2214000.000000
2023-10-26,43.015171,43.818916,43.015171,43.134247,2307800.000000
2023-10-27,43.074715,43.223558,42.608344,42.757187,1354300.000000
2023-10-30,43.164022,43.342632,42.856415,43.263248,2147800.000000
2023-10-31,43.164024,43.809005,43.164024,43.759388,2651500.000000
2023-11-01,43.967759,44.434126,43.610539,44.374592,3014000.000000
2023-11-02,47.738401,49.484805,47.351414,47.877319,4694300.000000
2023-11-03,48.403237,48.403237,47.569725,47.609417,2954700.000000
2023-11-06,47.817796,48.433010,47.539960,48.353626,2459700.000000
2023-11-07,48.006330,48.165094,47.668956,47.897179,1738800.000000
2023-11-08,48.204788,48.413166,47.510194,47.966640,2041100.000000
2023-11-09,48.244761,48.900341,48.065966,48.433487,3726800.000000
2023-11-10,48.761274,49.327457,48.493082,49.218193,2132200.000000
2023-11-13,49.267860,50.241301,49.029470,50.002907,4508400.000000
2023-11-14,50.509497,51.224677,50.231373,51.165077,4064500.000000
2023-11-15,51.274342,51.721330,51.105482,51.204811,3511500.000000
2023-11-16,51.204803,51.592191,50.926679,51.184937,2641200.000000
2023-11-17,51.363730,51.780920,51.035942,51.125340,2113700.000000
2023-11-20,51.214743,51.314072,50.877019,51.135277,2628200.000000
2023-11-21,51.045879,51.770990,50.946550,51.671661,1430200.000000
2023-11-22,51.612063,52.059051,51.413402,51.929920,1591800.000000
2023-11-24,52.039178,52.198107,51.810719,51.919983,776300.000000
2023-11-27,51.681590,52.357037,51.651792,52.267639,1984800.000000
2023-11-28,52.406701,52.605362,51.602127,51.602127,2083100.000000
2023-11-29,51.880255,51.999450,51.125346,51.244541,1955000.000000
2023-11-30,51.492863,52.317303,51.443199,52.247772,3258100.000000
2023-12-01,52.267634,52.883484,52.267634,52.545761,2005400.000000
2023-12-04,52.287510,52.585500,51.751125,52.555702,2722300.000000
2023-12-05,52.396768,52.486166,51.711390,51.830585,2116100.000000
2023-12-06,52.098779,52.535831,51.880251,51.959717,1523200.000000
2023-12-07,51.910052,52.476238,51.910052,52.386841,1988000.000000
2023-12-08,52.366974,53.002687,52.366974,52.903355,1634800.000000
2023-12-11,52.823889,53.539069,52.684827,53.300674,1464400.000000
2023-12-12,53.320539,53.866856,53.181478,53.777458,1455800.000000
2023-12-13,54.005917,54.135048,53.340405,53.846989,2626200.000000
2023-12-14,54.015859,54.164852,52.009385,52.426571,5529000.000000
2023-12-15,52.098783,52.903357,52.029252,52.446438,5428500.000000
2023-12-18,52.635166,53.121883,52.545769,52.833824,1922000.000000
2023-12-19,53.002686,53.519204,52.873555,53.290745,2697000.000000
2023-12-20,52.972882,53.370201,52.327233,52.366966,2075200.000000
2023-12-21,52.953029,53.320550,52.764299,53.111958,1694800.000000
2023-12-22,53.211277,53.549000,53.072215,53.211277,1352700.000000
2023-12-26,53.211277,53.707929,53.062280,53.479469,1067000.000000
2023-12-27,53.330471,53.717862,53.270875,53.688061,1491200.000000
2023-12-28,53.668199,53.856929,53.409942,53.747665,1527900.000000
2023-12-29,53.837057,54.045650,53.707927,53.757591,1964500.000000
2024-01-02,53.479469,53.767528,52.843755,53.370205,2344100.000000
2024-01-03,53.231148,53.439741,52.376906,52.406704,3080000.000000
2024-01-04,52.684828,53.062281,52.208043,52.247772,1695700.000000
2024-01-05,52.575572,53.886733,52.257715,53.469547,4007100.000000
2024-01-08,53.171543,53.767528,52.376901,53.727795,2524900.000000
2024-01-09,53.330475,53.578801,53.052351,53.350342,2656600.000000
2024-01-10,54.631701,55.307148,54.383375,55.197884,4226300.000000
2024-01-11,55.307150,55.376681,54.472775,55.138287,2361100.000000
2024-01-12,55.297218,55.525681,54.880032,55.168091,2259200.000000
2024-01-16,54.870096,54.989291,52.933153,53.300674,4604300.000000
2024-01-17,52.943085,53.797326,52.823889,53.211277,2264600.000000
2024-01-18,53.588736,54.909828,53.439739,54.820431,3098200.000000
2024-01-19,54.880028,55.555475,54.572103,55.366749,2045900.000000
2024-01-22,55.436281,56.161392,55.376681,55.694538,2003700.000000
2024-01-23,55.724332,56.379912,55.595205,56.052124,3870700.000000
2024-01-24,56.300454,56.658044,55.922997,55.962730,2420700.000000
2024-01-25,55.962733,56.191193,54.691306,54.899899,8717000.000000
2024-01-26,55.108487,55.237618,54.631702,55.058823,4240100.000000
2024-01-29,55.038958,55.416414,54.959495,55.406479,3034600.000000
2024-01-30,55.376681,55.793867,55.287284,55.605141,2936200.000000
2024-01-31,55.734269,56.509045,55.515741,55.883263,4398500.000000
2024-02-01,56.220990,57.035499,55.913068,56.995770,2302900.000000
2024-02-02,57.055357,57.552009,56.618305,57.333485,3097600.000000
2024-02-05,56.866642,57.581822,56.737511,57.403027,2611200.000000
2024-02-06,57.422891,58.098338,57.273894,58.038738,2144200.000000
2024-02-07,58.336723,59.022101,58.187730,58.694313,3043200.000000
2024-02-08,58.803672,58.972674,58.515369,58.823551,2165000.000000
2024-02-09,59.032325,59.052208,58.217126,58.256889,2449600.000000
2024-02-12,58.296652,58.525305,57.998410,58.485542,3656200.000000
2024-02-13,59.648693,61.617100,58.207182,61.617100,6244900.000000
2024-02-14,62.203641,63.058606,62.024695,63.008900,3361300.000000
2024-02-15,63.088434,63.317087,62.889604,62.899548,3241400.000000
2024-02-16,63.158021,63.545737,62.352766,62.452179,2686700.000000
2024-02-20,62.472067,63.287265,62.332887,62.740486,3710000.000000
2024-02-21,62.879663,63.625272,62.780250,63.148083,5369200.000000
2024-02-22,63.595463,64.738731,63.396633,64.679077,2705800.000000
2024-02-23,64.798367,65.553919,64.689010,65.484329,4349000.000000
2024-02-26,65.693101,65.901871,65.265619,65.474388,2650100.000000
2024-02-27,65.534022,65.802446,64.997183,65.583733,1981200.000000
2024-02-28,65.593678,66.508290,65.355078,66.369110,2343200.000000
2024-02-29,66.398940,66.528176,65.852157,66.160347,3676100.000000
2024-03-01,66.249804,66.846289,66.110624,66.607697,2172700.000000
2024-03-04,66.657432,67.572043,66.558011,67.393097,1922800.000000
2024-03-05,67.243962,67.929924,67.035192,67.562088,2954600.000000
2024-03-06,67.741037,68.864418,67.691326,68.377289,4685300.000000
2024-03-07,68.715298,69.083127,68.337518,68.973770,2510900.000000
2024-03-08,68.973781,69.142791,66.935788,67.343384,3655200.000000
2024-03-11,67.074962,67.552148,64.390766,64.619423,6437500.000000
2024-03-12,64.669127,65.812387,64.012988,65.683151,5843600.000000
2024-03-13,65.603620,65.703033,64.679065,65.245728,4389700.000000
2024-03-14,65.245722,65.404789,64.798360,65.116486,3675800.000000
2024-03-15,64.619427,65.852165,64.619427,65.852165,6494400.000000
2024-03-18,66.369107,66.756823,65.901858,66.349220,4039500.000000
2024-03-19,66.538118,66.995424,66.070869,66.776711,4269100.000000
2024-03-20,66.717066,67.562088,66.677300,67.134605,4558300.000000
2024-03-21,67.412966,67.572032,66.756834,67.283730,3789100.000000
2024-03-22,67.243965,67.969694,67.124665,67.701271,3035200.000000
2024-03-25,67.890154,67.979623,66.896009,66.965599,1764200.000000
2024-03-26,67.074960,67.482555,66.886070,67.253906,1903300.000000
2024-03-27,67.671453,67.880222,67.104791,67.681396,2345900.000000
2024-03-28,67.979617,68.337510,67.611788,68.029327,2893100.000000
2024-04-01,67.949798,68.158567,65.255666,65.722916,3389100.000000
2024-04-02,65.374956,65.474369,64.450401,64.877884,4960300.000000
2024-04-03,64.828188,66.269703,64.798365,65.613564,3707900.000000
2024-04-04,66.150405,66.438708,64.967370,65.146317,3506700.000000
2024-04-05,65.464444,66.717069,65.205964,66.667358,2421500.000000
2024-04-08,66.876126,67.025249,66.229938,66.339294,4441100.000000
2024-04-09,66.388994,66.398938,64.927600,65.464439,4819400.000000
2024-04-10,64.639286,65.275546,64.281401,64.867943,2813800.000000
2024-04-11,64.818247,65.613566,64.181995,65.205963,2296700.000000
2024-04-12,64.917666,65.255672,63.158025,63.625275,2998000.000000
2024-04-15,64.957426,65.146316,62.740487,63.118263,2729400.000000
2024-04-16,63.327031,64.370882,63.108318,63.645153,2640700.000000
2024-04-17,64.062698,64.062698,62.561537,63.088432,3088800.000000
2024-04-18,63.118257,63.973218,62.998957,63.128197,2294300.000000
2024-04-19,63.674979,63.963274,62.601301,63.038723,3072300.000000
2024-04-22,63.128201,63.386677,62.432299,62.561539,2394300.000000
2024-04-23,63.038738,64.400716,62.462136,64.380836,3002400.000000
2024-04-24,64.718826,65.106542,63.694858,64.321167,2836800.000000
2024-04-25,63.913577,64.559773,63.267382,64.420593,2279700.000000
2024-04-26,64.480239,66.180226,64.331116,66.011223,4071600.000000
2024-04-29,65.941632,67.452729,65.941632,66.717064,3792700.000000
2024-04-30,66.369105,67.939848,66.190159,66.359161,4954800.000000
2024-05-01,66.468533,67.482558,65.981404,66.389000,4581700.000000
2024-05-02,73.566727,77.424007,73.487194,76.648575,8863900.000000
2024-05-03,77.752074,79.004699,76.499449,78.428093,6147900.000000
2024-05-06,79.253235,79.730420,78.308793,79.710541,3253200.000000
2024-05-07,79.790077,79.879547,79.143881,79.362595,4329900.000000
2024-05-08,79.760248,80.992986,79.660828,80.943275,4103000.000000
2024-05-09,81.132287,81.599823,80.495643,81.599823,2359600.000000
2024-05-10,82.286204,82.375729,80.316584,80.445908,3147600.000000
2024-05-13,80.565267,81.022854,79.530720,79.799309,2537800.000000
2024-05-14,79.689882,80.654797,79.540668,80.455841,2029900.000000
2024-05-15,80.575225,82.405572,80.525484,82.316048,2695000.000000
2024-05-16,82.325996,82.733842,82.097198,82.097198,2620900.000000
2024-05-17,82.574677,82.634359,81.828610,82.495094,1332700.000000
2024-05-20,82.773623,83.688796,82.773623,83.619164,1541100.000000
2024-05-21,83.479904,84.424927,83.072058,84.345345,1589200.000000
2024-05-22,84.066820,84.156345,82.733843,83.022324,2659300.000000
2024-05-23,83.529645,83.529645,81.778872,81.987770,2392200.000000
2024-05-24,82.813419,85.031728,82.564730,84.275711,2719800.000000
2024-05-28,84.673607,85.071503,83.629110,84.832764,2496400.000000
2024-05-29,84.245871,84.753191,83.569437,83.629120,1886600.000000
2024-05-30,83.778335,84.096656,83.241166,83.788284,1510200.000000
2024-05-31,83.778332,84.255811,82.495096,84.206078,3389600.000000
2024-06-03,84.842723,84.981988,83.072058,84.186180,2019000.000000
2024-06-04,83.967337,83.967337,81.729136,81.858452,2504600.000000
2024-06-05,81.967879,84.206079,81.967879,84.186180,1947500.000000
2024-06-06,83.977268,84.603969,82.723882,82.833298,1734900.000000
2024-06-07,83.072041,84.225954,82.902927,83.340622,2064000.000000
2024-06-10,82.873106,83.957393,82.873106,83.211327,2034400.000000
2024-06-11,82.942738,83.221276,81.898249,82.743790,1446300.000000
2024-06-12,83.052153,83.728587,82.117087,82.992470,2249900.000000
2024-06-13,82.922837,83.091943,81.361071,82.365776,2128400.000000
2024-06-14,81.261610,81.311343,77.332320,78.526031,4958700.000000
2024-06-17,78.396690,79.779400,78.128110,79.580452,2863600.000000
2024-06-18,79.600363,79.968425,78.864245,79.779419,1974100.000000
2024-06-20,79.928616,80.366311,78.814495,79.093025,3237100.000000
2024-06-21,79.033343,79.739626,78.476282,79.719727,4992700.000000
2024-06-24,79.510837,80.923389,77.700382,78.217651,4212200.000000
2024-06-25,78.496185,78.824449,77.083626,77.789902,4855500.000000
2024-06-26,77.730226,78.784664,77.292531,78.585716,2504300.000000
2024-06-27,78.685178,79.441195,78.585704,79.182556,2749900.000000
2024-06-28,79.361627,80.048011,76.427100,77.222900,6548900.000000
2024-07-01,78.337023,78.545921,76.516618,76.894630,3021300.000000
2024-07-02,76.655878,78.078379,76.446980,77.660583,2421200.000000
2024-07-03,78.088322,79.043286,77.590944,78.913971,1712900.000000
2024-07-05,79.043292,79.232298,77.590949,78.386757,1880200.000000
2024-07-08,78.854278,80.087780,78.854278,80.047989,2150100.000000
2024-07-09,80.107686,80.823912,79.749574,79.819206,1840500.000000
2024-07-10,80.117627,80.764219,79.689881,79.759514,2683500.000000
2024-07-11,79.669986,80.455844,79.003502,79.242249,2603100.000000
2024-07-12,79.829154,79.888837,78.685183,78.814507,2129200.000000
2024-07-15,79.222346,79.441194,78.386755,78.486229,2703100.000000
2024-07-16,78.983619,81.102447,78.983619,80.953232,3374300.000000
2024-07-17,79.809249,80.286727,77.431776,77.451675,2558700.000000
2024-07-18,77.590951,78.526024,76.815043,78.366859,4132700.000000
2024-07-19,78.416596,78.486229,77.083620,77.620789,1882400.000000
2024-07-22,78.118166,79.849039,77.929160,79.829147,4039700.000000
2024-07-23,79.769470,82.425466,79.490939,81.977829,3515100.000000
2024-07-24,81.520247,81.709253,79.073149,79.172623,2670100.000000
2024-07-25,79.580463,83.211323,79.212401,81.908188,5342500.000000
2024-07-26,82.375722,82.853208,80.983070,82.246407,2903000.000000
2024-07-29,83.241169,83.519699,81.778877,82.415520,3834900.000000
2024-07-30,92.064645,94.392369,90.612295,93.318031,7825600.000000
2024-07-31,93.885043,96.421673,92.174069,95.198120,4050600.000000
2024-08-01,96.143139,96.779782,93.606509,94.372475,3140500.000000
2024-08-02,92.959919,93.258349,89.339009,89.687180,4454800.000000
2024-08-05,85.678300,86.961536,84.942183,86.295052,6636700.000000
2024-08-06,87.956304,90.522776,87.548458,88.612846,3275200.000000
2024-08-07,89.846339,90.343717,87.180393,87.458923,2290000.000000
2024-08-08,88.413881,92.034791,88.055768,91.477730,3333300.000000
2024-08-09,91.746562,92.772052,90.790766,92.682442,1961000.000000
2024-08-12,92.722266,93.120516,91.806296,92.423584,2236500.000000
2024-08-13,92.991084,93.548630,92.224451,93.508804,3058900.000000
2024-08-14,93.548630,94.653771,92.533099,93.468979,1983100.000000
2024-08-15,94.832980,95.420393,93.498851,95.161537,2144700.000000
2024-08-16,95.081899,95.798748,94.773258,95.400497,1351000.000000
2024-08-19,95.161547,96.027734,94.982335,95.948090,1971400.000000
2024-08-20,96.027729,96.286592,94.504428,95.211319,1367800.000000
2024-08-21,95.380584,96.187036,95.131679,95.838570,1322900.000000
2024-08-22,95.828599,96.664918,95.649387,96.127289,1437600.000000
2024-08-23,96.376211,97.142836,95.987919,96.654984,1158200.000000
2024-08-26,96.485734,97.431571,96.157176,96.216911,1677200.000000
2024-08-27,95.967990,96.764490,95.002235,96.525536,1961800.000000
2024-08-28,97.122924,97.720296,95.758920,96.097427,1947400.000000
2024-08-29,96.416030,97.322049,95.241203,96.535507,1949300.000000
2024-08-30,96.734627,97.063177,94.892721,96.236816,3188800.000000
2024-09-03,96.734629,97.471387,92.045243,92.612747,3271300.000000
2024-09-04,92.493279,94.295352,92.174680,93.936928,2147700.000000
2024-09-05,93.668103,94.394903,92.642614,93.797531,3001800.000000
2024-09-06,93.588463,93.737807,90.322824,91.039673,4137000.000000
2024-09-09,92.692395,94.205744,92.124891,93.279816,1803400.000000
2024-09-10,93.678059,93.678059,91.796335,92.742180,2120900.000000
2024-09-11,92.772043,93.837358,90.631454,93.678055,1440600.000000
2024-09-12,93.688016,94.693596,93.190205,93.817451,1842300.000000
2024-09-13,93.090641,95.549828,92.363833,94.862846,2815600.000000
2024-09-16,95.290969,96.127295,93.717885,94.723465,2284500.000000
2024-09-17,94.823021,94.842938,93.100599,94.175865,2040800.000000
2024-09-18,94.524344,95.539875,93.847321,94.265480,1714700.000000
2024-09-19,96.515596,97.093051,95.042072,97.003448,2520100.000000
2024-09-20,96.824225,97.859672,96.097417,97.023346,6550200.000000
2024-09-23,97.112957,98.536697,96.804317,98.198181,2082900.000000
2024-09-24,98.188245,99.163951,97.610783,98.885178,3043100.000000
2024-09-25,99.213716,100.069951,98.944894,99.283409,1547400.000000
2024-09-26,99.850921,100.179478,98.586477,98.865257,1454600.000000
2024-09-27,98.865252,99.273453,98.158354,98.775642,1543600.000000
2024-09-30,98.118542,99.930574,97.431560,99.811096,2004900.000000
2024-10-01,99.542285,101.254749,98.467012,100.478165,2084300.000000
2024-10-02,100.498076,101.682861,99.592057,100.846542,1762900.000000
2024-10-03,101.035722,101.812305,99.701584,100.308914,2418700.000000
2024-10-04,101.364260,102.549052,100.587676,101.583298,2063100.000000
2024-10-07,101.304533,102.927394,100.946108,102.379807,1778800.000000
2024-10-08,103.375419,103.783620,102.489316,102.539093,1494300.000000
2024-10-09,102.658574,103.644237,102.150804,103.245987,1498000.000000
2024-10-10,102.847743,102.877611,101.175098,101.652992,1460700.000000
2024-10-11,101.712735,103.962835,101.692818,103.365463,1624000.000000
2024-10-14,103.365468,103.554638,101.752558,102.200592,2571700.000000
2024-10-15,102.449498,103.833412,101.762516,103.455078,2479600.000000
2024-10-16,103.554634,104.988324,103.465024,104.848938,1511000.000000
2024-10-17,105.555817,106.272666,105.117749,105.744987,2450600.000000
2024-10-18,106.292586,106.292586,104.281426,105.077927,1706500.000000
2024-10-21,105.645443,106.461853,105.257151,105.854523,1724400.000000
2024-10-22,105.087897,105.366670,101.384182,102.200592,2807700.000000
2024-10-23,102.240420,103.355512,102.051249,102.379807,1851400.000000
2024-10-24,99.761322,101.623138,98.715924,100.179489,1983300.000000
2024-10-25,100.557806,101.394125,100.239208,100.946098,1397900.000000
2024-10-28,101.633081,102.150801,100.866448,101.931763,2230900.000000
2024-10-29,100.617557,100.776860,98.397324,99.651802,2844600.000000
2024-10-30,99.661749,100.906277,99.373018,100.697197,3434800.000000
2024-10-31,100.418417,101.035706,98.666121,99.283409,2673600.000000
2024-11-01,100.159568,100.557818,99.363075,99.592064,1523000.000000
2024-11-04,99.721492,100.607595,98.964817,99.402885,1728600.000000
2024-11-05,99.850922,101.712738,99.462630,101.712738,2556900.000000
2024-11-06,110.563808,114.874844,105.715127,114.357124,5796300.000000
2024-11-07,113.849364,114.496520,110.653419,110.733070,2607800.000000
2024-11-08,111.589919,113.662305,110.603546,113.233879,2012900.000000
2024-11-11,114.828014,115.555344,113.622445,114.260101,1534500.000000
2024-11-12,114.578930,115.087065,111.908742,113.164131,2177200.000000
2024-11-13,114.299957,116.163105,113.751967,115.346107,2331700.000000
2024-11-14,115.346109,116.312559,112.028308,112.805450,2687700.000000
2024-11-15,111.888823,112.665966,110.733067,111.599884,2221700.000000
2024-11-18,111.629778,113.024654,111.320916,112.755638,1817400.000000
2024-11-19,112.775570,115.605168,112.586263,115.575279,2488800.000000
2024-11-20,116.641360,117.767220,114.668606,117.667587,3650100.000000
2024-11-21,117.667583,118.843263,116.511835,116.551689,2592700.000000
2024-11-22,117.438443,118.365038,115.943935,118.006355,5093300.000000
2024-11-25,117.159448,117.906702,114.638713,115.415855,2907200.000000
2024-11-26,115.575274,117.129560,115.485607,116.750954,1947700.000000
2024-11-27,116.740985,117.129557,115.415853,116.272705,1766600.000000
2024-11-29,117.807069,118.464656,116.950218,117.946556,1352000.000000
2024-12-02,118.255425,118.255425,116.860550,117.259087,2926400.000000
2024-12-03,117.817045,118.962836,117.209278,118.673897,2251700.000000
2024-12-04,118.673884,119.799744,118.374979,119.650291,2313300.000000
2024-12-05,119.560628,120.258062,118.813374,119.630371,2472500.000000
2024-12-06,119.660255,120.268022,117.139520,117.876808,1912900.000000
2024-12-09,117.328839,117.767223,112.486633,113.333519,3015100.000000
2024-12-10,113.343480,114.837988,113.104353,113.662308,2009100.000000
2024-12-11,114.997404,115.904076,114.489277,115.654991,2399400.000000
2024-12-12,115.724725,115.963845,113.283691,113.283691,2119100.000000
2024-12-13,113.821711,114.379665,112.705816,113.014679,1565500.000000
2024-12-16,113.582599,113.891462,112.147869,112.865234,1917600.000000
2024-12-17,111.579958,112.167801,110.115339,111.520180,2764700.000000
2024-12-18,111.789181,111.898779,107.136282,107.295700,2448500.000000
2024-12-19,109.168811,110.394311,108.132618,108.949615,2915800.000000
2024-12-20,107.933356,110.982149,107.933356,110.424202,5806200.000000
2024-12-23,109.627134,110.374388,108.481343,110.135269,1537000.000000
2024-12-24,110.145226,111.689546,109.657015,111.629768,616900.000000
2024-12-26,111.241198,112.277391,110.563688,112.117973,755300.000000
2024-12-27,111.291019,112.108016,109.816442,110.822746,1363200.000000
2024-12-30,108.929702,110.354467,107.763988,109.876221,1199800.000000
2024-12-31,110.224924,110.364411,108.471374,108.969543,1330300.000000
2025-01-02,109.796502,112.048230,109.099068,110.384346,2068800.000000
2025-01-03,110.762955,113.263767,110.185077,112.347137,2132600.000000
2025-01-06,113.303620,113.941276,111.579951,112.058197,2115600.000000
2025-01-07,112.108011,112.466694,109.388011,111.251167,2574400.000000
2025-01-08,111.400611,114.738352,110.703177,114.628754,2318800.000000
2025-01-10,113.383341,114.309937,112.108021,112.227585,2474000.000000
2025-01-13,110.593587,114.568976,110.384357,114.329857,2205600.000000
2025-01-14,115.854245,118.843260,115.376006,118.753593,3202300.000000
2025-01-15,122.360337,123.695435,120.008977,121.413818,4736700.000000
2025-01-16,122.549648,123.097637,121.035216,122.529724,2895900.000000
2025-01-17,123.575870,125.797709,122.250738,124.841225,3921400.000000
2025-01-21,127.182631,128.627327,125.668192,126.694427,3341000.000000
2025-01-22,127.561222,127.860127,125.379238,126.246056,2605800.000000
2025-01-23,126.993319,128.627322,126.465261,127.272293,3093100.000000
2025-01-24,126.534999,127.082988,125.777780,126.564888,2102600.000000
2025-01-27,122.250736,124.263344,119.451027,121.633011,3448800.000000
2025-01-28,124.064079,126.176320,123.545987,125.947166,3629400.000000
2025-01-29,125.917262,126.684447,125.319461,125.897339,1958700.000000
2025-01-30,126.455291,127.282254,125.050458,126.903648,2419400.000000
2025-01-31,127.531338,127.840200,125.468917,126.116539,2361100.000000
2025-02-03,123.894701,126.584819,123.047814,125.917267,1907500.000000
2025-02-04,126.933537,127.202545,124.283273,125.020569,1901100.000000
2025-02-05,125.767826,127.820273,125.389212,127.332077,1838600.000000
2025-02-06,127.531326,128.527664,126.554911,128.527664,2342600.000000
2025-02-07,128.886638,129.315404,126.972185,127.331146,1560700.000000
2025-02-10,128.049062,128.358165,126.353976,127.829697,1759900.000000
2025-02-11,128.009185,129.195750,126.443712,128.946472,1522400.000000
2025-02-12,127.321170,129.574637,127.241400,127.720009,3334400.000000
2025-02-13,125.277090,128.318283,122.365527,127.710045,4829400.000000
2025-02-14,128.497747,133.533163,126.523470,133.034607,4278500.000000
2025-02-18,135.856453,137.013106,133.712669,136.275238,3219000.000000
2025-02-19,136.135641,140.144034,136.135641,138.987381,2902900.000000
2025-02-20,138.897632,139.126963,134.729698,138.040115,3030100.000000
2025-02-21,138.369198,138.468900,129.165846,129.455017,3518800.000000
2025-02-24,131.000526,132.825242,127.311209,129.185776,3562500.000000
2025-02-25,129.584627,131.229855,126.324068,129.853836,2614800.000000
2025-02-26,131.249805,134.839398,130.801093,131.598785,2720300.000000
2025-02-27,133.144290,135.198337,131.459169,133.034607,2760100.000000
2025-02-28,133.004695,136.374936,132.216983,136.205429,4362900.000000
2025-03-03,137.531569,138.847763,130.491965,130.641541,3224100.000000
2025-03-04,127.291273,129.564686,122.674641,126.653114,5528600.000000
2025-03-05,127.241397,131.339526,126.413793,129.923630,3285000.000000
2025-03-06,127.241408,128.747041,123.372618,124.130417,3090100.000000
2025-03-07,123.103400,124.648926,118.686195,124.040688,5132400.000000
2025-03-10,120.650505,122.953830,119.972468,121.956718,4430500.000000
2025-03-11,122.116250,126.523481,122.026506,125.137497,4067200.000000
2025-03-12,128.627387,128.996314,124.728678,127.560478,2474000.000000
2025-03-13,126.633168,127.630279,121.248764,122.415382,3882500.000000
2025-03-14,124.638944,126.383889,122.774343,126.144585,2564100.000000
2025-03-17,125.336926,129.774070,124.948053,128.896622,2275600.000000
2025-03-18,127.769879,128.627396,123.980852,127.879562,2595500.000000
2025-03-19,128.507749,132.615843,128.378119,131.598785,2427200.000000
2025-03-20,129.943581,132.974794,129.524781,131.289673,2075000.000000
2025-03-21,130.791114,131.160040,128.437930,130.472046,3841400.000000
2025-03-24,132.885051,136.095752,131.997623,135.706879,2406600.000000
2025-03-25,136.155586,137.411941,134.510343,137.322205,2661600.000000
2025-03-26,137.471755,137.661208,133.443431,133.752533,2732000.000000
2025-03-27,133.194157,134.290971,130.352384,132.047470,1543000.000000
2025-03-28,131.249813,132.625817,128.168727,129.315414,1945700.000000
2025-03-31,127.091816,130.292542,123.811318,129.355255,3282000.000000
2025-04-01,128.557579,131.608753,127.650219,131.399353,2241400.000000
2025-04-02,128.796896,133.742576,128.627389,133.513229,1749400.000000
2025-04-03,127.430862,129.624504,124.439527,124.638947,2372600.000000
2025-04-04,115.615078,116.881414,109.103941,112.005539,6664400.000000
2025-04-07,107.099760,118.905558,104.736603,115.445580,5805500.000000
2025-04-08,121.876944,122.594858,112.364500,114.288925,4241900.000000
2025-04-09,112.952790,129.086062,111.756259,127.720009,5275000.000000
2025-04-10,124.519285,127.081862,119.992398,123.831284,3076400.000000
2025-04-11,123.013662,125.985051,121.577819,125.307014,2036000.000000
2025-04-14,128.078981,128.707166,125.895312,127.091843,2011400.000000
2025-04-15,123.242991,126.204414,122.694585,124.110481,3606700.000000
2025-04-16,123.542125,125.935194,121.896889,123.572037,2864000.000000
2025-04-17,123.223041,124.778533,122.604830,122.874054,2189000.000000
2025-04-21,122.136190,122.634745,117.748897,119.124916,2008200.000000
2025-04-22,120.939656,124.658878,120.720290,123.940964,2234600.000000
2025-04-23,128.816827,131.927809,127.141679,129.325348,2931400.000000
2025-04-24,128.906585,133.951967,128.906585,133.104431,2224200.000000
2025-04-25,133.912085,136.065849,133.353705,135.367859,1603300.000000
2025-04-28,137.870645,139.206771,134.669909,135.956192,2878600.000000
2025-04-29,135.607192,138.010235,135.357914,137.102859,2450100.000000
2025-04-30,134.709774,138.568591,134.420603,138.179718,3140900.000000
2025-05-01,146.036960,150.045337,144.292015,147.602417,4819600.000000
2025-05-02,149.776134,154.283067,149.776134,153.624985,3651800.000000
2025-05-05,152.627860,155.140570,152.378582,153.894180,1881900.000000
2025-05-06,150.882935,156.347102,150.194926,155.349991,2646400.000000
2025-05-07,155.180467,156.975255,153.864272,156.666153,2908100.000000
2025-05-08,158.231640,158.580620,156.596377,157.045074,2806200.000000
2025-05-09,157.543939,158.611534,154.371117,157.055054,2232500.000000
2025-05-12,160.257799,161.215641,155.259102,156.606064,4990400.000000
2025-05-13,156.266804,159.778871,154.869968,157.943024,3635300.000000
2025-05-14,158.431931,160.467339,157.763443,159.100433,3504800.000000
2025-05-15,158.641455,161.355323,158.641455,160.926285,4660500.000000
2025-05-16,160.766659,162.542644,160.227869,162.432892,1839400.000000
2025-05-19,162.133556,166.004811,160.038285,165.865128,2585400.000000
2025-05-20,165.366278,166.124559,163.710018,164.727722,1836100.000000
2025-05-21,163.969414,165.326348,161.794337,162.392975,1858600.000000
2025-05-22,162.193428,163.979400,161.165752,162.642410,2073200.000000
2025-05-23,161.215633,165.655595,159.649166,164.717712,2045900.000000
2025-05-27,166.892817,169.427082,166.763105,169.307358,2845100.000000
2025-05-28,169.367222,171.133235,168.968130,169.935944,2781500.000000
2025-05-29,169.726411,170.913730,167.910507,169.706451,3285500.000000
2025-05-30,169.157680,170.404861,167.521379,169.506897,4750300.000000
2025-06-02,169.856112,172.370418,169.536826,172.260666,2287800.000000
2025-06-03,172.170889,174.266160,169.786279,172.220779,2764300.000000
2025-06-04,172.909219,174.864791,172.370428,173.547775,2118700.000000
2025-06-05,174.585410,175.044379,172.789466,174.615341,1984500.000000
2025-06-06,175.443490,176.850314,174.206296,174.974548,1655800.000000
2025-06-09,176.171848,176.471159,172.400357,172.480179,2277600.000000
2025-06-10,171.113272,173.018969,166.493708,168.239761,5076900.000000
2025-06-11,168.688733,171.711899,165.136749,170.354965,2979900.000000
2025-06-12,168.299632,171.632112,168.120045,171.133240,2280600.000000
2025-06-13,170.534582,172.160911,169.716439,170.813950,2418300.000000
2025-06-16,172.400362,173.996760,170.903745,171.213058,2340000.000000
2025-06-17,171.083360,172.530087,170.484706,171.731888,1965400.000000
2025-06-18,171.622115,173.238473,169.546804,169.846130,2343400.000000
2025-06-20,171.322798,173.068852,168.678765,172.949112,4597400.000000
2025-06-23,172.510108,175.383619,172.001264,175.233963,2427100.000000
2025-06-24,176.600868,177.099740,173.388127,176.171844,2509400.000000
2025-06-25,177.329195,178.287037,174.884723,175.682922,2692900.000000
2025-06-26,178.177312,178.915649,175.453473,176.451218,4390800.000000
2025-06-27,177.079781,185.101660,177.079781,184.483047,23827800.000000
2025-06-30,182.627253,187.087174,181.749247,185.710297,4564700.000000
2025-07-01,183.465347,185.929778,175.623071,175.822617,6061300.000000
2025-07-02,174.974529,176.560955,173.108751,175.553223,3249700.000000
2025-07-03,176.291577,180.651718,175.672980,180.651718,1766400.000000
2025-07-07,180.541955,181.908876,178.376850,179.843536,2865100.000000
2025-07-08,179.584132,180.931079,173.747318,179.055328,3288700.000000
2025-07-09,180.990951,182.028614,178.596369,181.010910,2306100.000000
2025-07-10,181.519753,182.288021,176.231717,178.127426,2824000.000000
2025-07-11,177.987742,179.903410,177.598622,179.274826,1748300.000000
2025-07-14,179.793653,184.243603,178.955551,183.904373,2084900.000000
2025-07-15,184.083948,184.702545,181.739241,184.263535,1918600.000000
2025-07-16,184.652683,185.261292,180.591853,183.884415,1843800.000000
2025-07-17,185.570613,189.052734,184.832276,188.404205,3041000.000000
2025-07-18,188.693534,191.177925,188.074937,190.060455,2265100.000000
2025-07-21,190.070426,190.240041,186.877645,187.406448,2098300.000000
2025-07-22,184.592792,186.468557,179.863490,182.926559,3283100.000000
2025-07-23,183.395504,186.358808,182.687114,185.979660,2769800.000000
2025-07-24,186.927532,187.905318,185.680350,186.378769,2903300.000000
2025-07-25,187.206899,190.509432,186.588286,189.092636,1915600.000000
2025-07-28,189.691297,190.010583,186.727993,187.745697,2337900.000000
2025-07-29,190.379725,190.768845,188.304413,188.743423,2289500.000000
2025-07-30,188.603738,192.824196,188.054976,191.706726,2971700.000000
2025-07-31,187.356556,188.374260,171.392636,179.364624,8508800.000000
2025-08-01,176.600874,185.949740,173.627598,183.844498,5089200.000000
2025-08-04,185.081690,186.129325,180.332429,180.751480,3729100.000000
2025-08-05,181.589599,182.567385,177.269361,178.915649,2986700.000000
2025-08-06,178.995439,182.268042,177.648493,181.649445,2018100.000000
2025-08-07,181.230394,182.557397,177.598603,181.170532,1889900.000000
2025-08-08,182.478452,183.117430,178.504790,180.461670,1588800.000000
2025-08-11,180.381796,181.579879,177.875806,179.593063,1449700.000000
2025-08-12,180.521567,181.010791,178.095451,180.611420,1256100.000000
2025-08-13,181.280370,181.519978,172.244803,176.517975,3174700.000000
2025-08-14,176.118593,177.126992,173.892155,175.709259,2004000.000000
2025-08-15,175.719260,175.719260,170.068285,170.976837,3265000.000000
2025-08-18,171.685714,173.203278,170.527561,172.773972,2241000.000000
2025-08-19,171.975241,173.912149,170.767165,171.625793,2274200.000000
2025-08-20,171.226425,172.384578,169.179692,171.665726,2762800.000000
2025-08-21,171.575872,174.211660,170.996796,172.973633,2261500.000000
2025-08-22,173.822280,174.800712,169.968436,170.727219,2996400.000000
2025-08-25,171.076668,174.451266,170.577465,170.966843,1945800.000000
2025-08-26,171.825475,175.948877,171.136574,175.639374,4060100.000000
2025-08-27,175.220042,176.388174,174.660938,175.369797,1926600.000000
2025-08-28,175.469648,177.176927,175.020369,175.878998,2313300.000000
2025-08-29,175.868999,176.258376,172.244799,173.822281,1665700.000000
2025-09-02,172.035128,173.313085,170.537521,172.943680,1995200.000000
2025-09-03,173.123397,174.231627,172.134986,174.211670,1678700.000000
2025-09-04,174.591052,180.661355,174.381395,179.243622,2265600.000000
2025-09-05,179.962474,181.100655,173.103438,177.915741,2016700.000000
2025-09-08,177.995594,180.261977,177.995594,179.143753,1777300.000000
2025-09-09,178.494795,179.203669,176.038728,178.694473,1399600.000000
2025-09-10,179.712864,183.936112,179.333465,183.506805,1995500.000000
2025-09-11,184.095859,185.363837,181.070693,183.916153,2000200.000000
2025-09-12,184.704903,186.961292,184.205700,185.473679,1817100.000000
2025-09-15,185.703289,189.197706,185.703289,188.948105,1813200.000000
2025-09-16,189.197719,189.986453,186.172554,187.160980,3287800.000000
2025-09-17,187.280762,187.949692,182.947689,185.094254,2227600.000000
2025-09-18,184.375406,191.943316,182.488421,191.533966,2223200.000000
2025-09-19,192.592283,192.682151,186.002821,189.926544,4621000.000000
2025-09-22,192.192923,192.492448,189.696911,191.843475,2111200.000000
2025-09-23,192.142992,194.039970,189.417351,193.271194,2224900.000000
2025-09-24,194.249638,194.379436,189.786767,189.916565,1772200.000000
2025-09-25,189.227668,190.066324,186.432131,189.547165,1326900.000000
2025-09-26,191.693729,194.579118,190.825122,192.841888,2339400.000000
2025-09-29,194.379431,196.076716,189.617036,191.613846,2485200.000000
2025-09-30,192.083106,196.346299,191.623833,195.916977,2384800.000000
2025-10-01,193.850298,198.163399,192.732074,194.539200,2267200.000000
2025-10-02,194.808741,195.817140,189.846668,190.775192,2133100.000000
2025-10-03,191.663767,191.713690,186.591869,188.948105,1617500.000000
2025-10-06,188.189332,190.675350,186.292353,190.176147,1751200.000000
2025-10-07,190.116237,191.214489,188.548750,191.154587,1489300.000000
2025-10-08,192.242842,193.520799,189.956487,191.344269,1265400.000000
2025-10-09,192.262817,192.622229,188.289155,188.528778,1121000.000000
2025-10-10,188.448911,189.836693,183.536761,183.796341,1726300.000000
2025-10-13,185.783184,190.485662,185.533583,189.686951,1671700.000000
2025-10-14,187.700102,194.639012,186.581893,192.722076,1884500.000000
2025-10-15,194.169753,195.757228,188.728450,191.963287,1212700.000000
2025-10-16,192.672151,194.139807,190.076308,191.374222,1351900.000000
2025-10-17,189.537159,191.044760,187.160966,189.377411,1522700.000000
2025-10-20,191.324326,193.191338,190.285977,192.212906,1044900.000000
2025-10-21,192.931746,197.524399,192.771998,196.865448,2022600.000000
2025-10-22,197.474475,199.680956,188.558728,190.924942,2251000.000000
2025-10-23,191.304345,199.880639,191.194520,199.780807,2300800.000000
2025-10-24,201.378243,202.176969,197.933749,198.193329,2142300.000000
2025-10-27,200.849106,202.516441,199.680975,201.518036,1665600.000000
2025-10-28,202.676179,204.962520,200.529615,200.719299,2499900.000000
2025-10-29,200.749252,204.822730,199.341497,203.155396,2517400.000000
2025-10-30,200.799163,211.611889,199.680955,201.448135,3983100.000000
2025-10-31,202.546386,209.465340,202.546386,205.621475,3401800.000000
2025-11-03,207.768048,210.164214,206.210524,206.410217,3134400.000000
2025-11-04,202.746061,205.212107,200.270006,204.692947,1917800.000000
2025-11-05,202.706129,207.109098,202.706129,205.980896,1406300.000000
2025-11-06,205.791186,207.907815,204.343502,205.391830,1935700.000000
2025-11-07,204.482753,207.190001,201.116170,206.450760,2282400.000000
2025-11-10,208.618567,211.565577,206.660544,209.527649,1413700.000000
2025-11-11,208.059125,209.747416,204.592637,208.688477,1435300.000000
2025-11-12,208.358837,210.107066,204.542698,204.862381,2144500.000000
2025-11-13,205.651556,205.651556,200.057221,201.096176,3006400.000000
2025-11-14,199.797505,204.792443,196.800543,203.084167,1573800.000000
2025-11-17,203.763491,204.492748,198.798522,200.077225,1469200.000000
2025-11-18,200.606677,202.155111,196.440901,201.016266,2035200.000000
2025-11-19,201.016262,205.142085,200.456831,201.855408,2152000.000000
2025-11-20,206.510698,207.639558,197.369968,197.719604,2487100.000000
2025-11-21,196.800531,198.448854,192.564818,197.080246,2927600.000000
2025-11-24,197.409921,200.966314,196.780554,199.917374,3086400.000000
2025-11-25,201.765510,204.193042,198.528785,203.473770,3035700.000000
2025-11-26,203.993248,207.229974,203.993248,204.422821,1968200.000000
2025-11-28,205.941261,207.559631,202.474773,204.382843,688600.000000
2025-12-01,202.794454,203.363884,198.299010,198.538773,1832500.000000
2025-12-02,200.456833,201.016264,194.772592,196.061279,2551800.000000
2025-12-03,196.450888,196.680666,191.855555,194.093277,1851400.000000
2025-12-04,193.753631,197.549786,193.004390,196.071289,1976900.000000
2025-12-05,196.800530,196.960372,188.638804,190.786621,2754300.000000
2025-12-08,191.495917,194.492879,190.616803,193.443939,2661600.000000
2025-12-09,193.403982,194.852511,191.056355,191.166245,2234600.000000
2025-12-10,191.775633,194.173197,190.127309,192.195206,2296000.000000
2025-12-11,191.455953,196.051302,188.998452,195.691666,1970900.000000
2025-12-12,197.979349,201.455837,195.501864,198.109222,2466100.000000
2025-12-15,197.999333,201.006296,195.541832,197.040314,2231500.000000
2025-12-16,194.472898,196.021332,192.315081,194.982376,3017500.000000
2025-12-17,195.002364,197.709627,190.856572,190.996429,2645100.000000
2025-12-18,193.503881,199.857442,193.384007,197.799530,2899900.000000
2025-12-19,198.768538,203.593650,198.299013,203.283966,3462500.000000
2025-12-22,204.792440,209.028152,201.216063,207.959229,1919500.000000
2025-12-23,207.829354,210.216933,207.689496,209.357819,1479300.000000
2025-12-24,210.376783,212.244900,209.527653,211.955185,835700.000000
2025-12-26,211.355786,212.304821,209.807352,211.006134,953900.000000
2025-12-29,210.286865,211.145995,208.668510,209.277893,1760700.000000
2025-12-30,209.078091,209.267901,206.920290,207.599594,1043400.000000
2025-12-31,207.829355,208.129054,204.622614,204.812424,1211500.000000
2026-01-02,205.281948,211.515620,203.943293,211.495651,1672900.000000
2026-01-05,211.895245,215.371717,208.928250,212.704422,2736900.000000
2026-01-06,213.373733,216.160917,211.016122,214.472626,2451300.000000
2026-01-07,215.221859,216.130941,210.496652,210.686447,2128400.000000
2026-01-08,215.261821,216.780286,205.671550,209.807358,3240600.000000
2026-01-09,211.815324,219.167872,211.815324,218.049011,2343500.000000
2026-01-12,217.939118,221.215796,216.370700,219.927094,2076400.000000
2026-01-13,221.115894,223.383599,218.858187,219.417618,2487500.000000
2026-01-14,219.077973,221.535474,215.661437,220.027008,2143100.000000
2026-01-15,222.234763,226.640286,222.234763,224.032928,2099600.000000
2026-01-16,224.262719,225.571390,222.824174,224.662308,1671700.000000
2026-01-20,222.814166,226.390543,217.629433,220.136887,2489100.000000
2026-01-21,221.725286,226.510445,220.286742,224.772202,2288700.000000
2026-01-22,224.112845,225.771168,215.901166,217.479568,3862700.000000
2026-01-23,217.589466,218.778264,213.583532,214.672424,3492900.000000
2026-01-26,214.222886,217.799263,213.723392,215.171921,2798700.000000
2026-01-27,216.430644,218.258793,214.023096,215.311783,2625900.000000
2026-01-28,214.103013,214.932160,208.089104,210.626526,3925400.000000
2026-01-29,211.545581,213.373730,207.929251,208.718445,3235800.000000
2026-01-30,207.569624,211.785353,207.569624,207.869324,4293100.000000
2026-02-02,206.600609,208.988189,204.342903,207.000214,2359600.000000
2026-02-03,210.656492,214.093011,209.927235,213.273849,3488600.000000
2026-02-04,212.824280,213.783315,204.642586,208.398773,3692100.000000
2026-02-05,206.830366,212.414718,206.021188,209.417755,2323000.000000
2026-02-06,213.875796,223.601508,213.875796,223.061752,2905300.000000
2026-02-09,222.382035,226.020432,220.282969,225.050858,3054200.000000
2026-02-10,225.600624,227.409825,223.941351,224.371170,2503800.000000
2026-02-11,229.229032,233.497157,226.900056,230.748367,4381000.000000
2026-02-12,235.706164,256.586980,235.686168,244.682205,5210500.000000
2026-02-13,248.720441,255.787320,246.591374,250.099838,3423600.000000
2026-02-17,247.081172,254.457927,245.911688,252.438812,3357700.000000
2026-02-18,253.918151,254.168041,246.991210,249.240219,3187200.000000
2026-02-19,246.661357,251.569184,244.892132,251.189362,2435600.000000
2026-02-20,252.018986,258.716018,251.279307,257.986359,3136300.000000
2026-02-23,255.967220,258.386167,255.157594,256.926819,2184400.000000
2026-02-24,256.387061,261.574778,253.038530,260.835114,1593400.000000
2026-02-25,259.865542,261.714703,255.707370,259.525696,1923600.000000
2026-02-26,259.635623,260.825101,254.747776,260.195374,1617500.000000
2026-02-27,258.366194,262.514360,257.376609,262.414398,3401200.000000
2026-03-02,262.884199,267.192299,258.885961,264.993256,2240500.000000
2026-03-03,259.415742,260.925087,252.398829,258.726044,2178500.000000
2026-03-04,260.205374,260.645182,256.017216,259.975464,1511700.000000
2026-03-05,257.886400,259.525693,248.910358,252.278870,3215500.000000
2026-03-06,249.650019,253.138488,246.241533,250.019867,2299000.000000
2026-03-09,247.241103,254.128069,243.512734,254.028107,2647400.000000
2026-03-10,253.298423,257.266676,251.569173,253.798203,1967200.000000
2026-03-11,252.408827,253.798215,247.920798,251.539200,1970200.000000
2026-03-12,251.429233,251.429233,239.494503,243.712646,2870400.000000
2026-03-13,245.151999,246.261511,232.717490,236.645752,2637600.000000
2026-03-16,241.123788,242.493195,238.424980,240.624008,2982600.000000
2026-03-17,241.543599,242.513173,234.156853,240.134232,2329900.000000
2026-03-18,242.173323,245.122021,240.873892,241.823471,2521400.000000
2026-03-19,237.765255,239.194633,230.878289,232.837433,3028500.000000
2026-03-20,231.278123,232.897405,227.579740,231.108200,4337300.000000
2026-03-23,234.906520,241.743520,232.497593,235.936066,2226900.000000
2026-03-24,233.547120,239.464527,231.657953,239.404541,1937400.000000
2026-03-25,241.893448,243.552721,240.663994,241.513611,1601700.000000
2026-03-26,237.395436,238.564919,229.678834,230.408508,1604500.000000
2026-03-27,230.128628,230.878298,227.269887,227.799652,1655700.000000
2026-03-30,230.408509,230.788346,220.412911,222.891830,2405600.000000
2026-03-31,227.030000,233.117315,224.900933,230.358536,3431200.000000
2026-04-01,233.916960,240.274160,233.527132,238.934738,2650800.000000
2026-04-02,234.446732,237.655310,230.868307,232.577545,1756600.000000
2026-04-06,232.297673,236.505827,231.048224,236.465851,1499000.000000
2026-04-07,233.157297,236.815690,231.977824,235.916092,1311800.000000
2026-04-08,245.811718,252.888602,245.811718,249.889923,2106200.000000
2026-04-09,249.150246,257.256676,249.150246,253.948135,1890000.000000
2026-04-10,253.248445,254.527880,249.180230,252.558746,1187100.000000
2026-04-13,251.319274,256.187124,249.270189,256.027222,1975500.000000
2026-04-14,257.166712,259.705602,255.787315,257.916382,1632400.000000
2026-04-15,257.006792,257.956386,252.308864,253.928146,1685700.000000
2026-04-16,254.257990,255.427473,246.251523,247.490982,1867900.000000
2026-04-17,251.219342,258.626068,251.219342,255.577423,2276400.000000
2026-04-20,255.507446,257.036771,252.288863,255.507446,1841700.000000
2026-04-21,254.317968,255.087634,245.611812,247.610931,2039900.000000
2026-04-22,249.889920,250.109825,233.217272,240.773941,3630300.000000
2026-04-23,242.243300,251.129386,241.623563,246.051620,2462400.000000
2026-04-24,244.322366,245.152002,239.624439,242.333252,1452300.000000
2026-04-27,241.823477,242.353257,237.905204,241.593582,1862900.000000
2026-04-28,241.653543,245.251964,237.175520,240.324127,2728200.000000
2026-04-29,240.893886,241.683532,234.506700,236.415863,2699400.000000
2026-04-30,236.185955,243.952539,235.766142,242.932983,2540700.000000
2026-05-01,243.462766,244.492312,237.765264,239.404541,2026700.000000
2026-05-04,239.884333,242.293260,238.245055,239.594452,1886300.000000
2026-05-05,242.922992,245.631805,241.903437,242.583145,1775700.000000
2026-05-06,250.609600,258.186249,249.530074,256.317078,4287800.000000
2026-05-07,275.678557,280.616385,265.942855,272.420013,5794000.000000
2026-05-08,273.420013,275.820007,269.209991,270.559998,3186500.000000
2026-05-11,269.350006,275.160004,266.029999,273.579987,2979700.000000
2026-05-12,273.609985,274.950012,266.839996,269.760010,2303500.000000
2026-05-13,270.679993,276.670013,267.600006,273.100006,2442700.000000
2026-05-14,274.519989,274.730011,267.000000,272.369995,1701300.000000
2026-05-15,266.220001,268.339996,260.000000,260.350006,2392900.000000
2026-05-18,260.000000,263.820007,255.789993,256.989990,1760200.000000
2026-05-19,254.710007,256.000000,250.850006,253.119995,2016800.000000
2026-05-20,256.260010,262.700012,255.330002,261.209991,2514500.000000
2026-05-21,259.500000,262.089996,257.329987,259.890015,1633100.000000
2026-05-22,261.880005,261.899994,255.449997,256.549988,1694800.000000
2026-05-26,260.720001,263.190002,258.929993,261.890015,1777900.000000
2026-05-27,262.500000,263.480011,255.500000,258.019989,1999800.000000
2026-05-28,260.000000,262.480011,255.529999,259.890015,2037600.000000
2026-05-29,258.839996,259.579987,254.339996,258.250000,6630900.000000
2026-06-01,253.619995,257.279999,249.029999,255.520004,2928400.000000
2026-06-02,254.119995,256.570007,249.009995,250.720001,2813300.000000
2026-06-03,249.539993,252.080002,246.199997,248.630005,1950800.000000
2026-06-04,248.220001,251.059998,244.630005,249.330002,2181600.000000
