date,open,high,low,close,volume
2017-05-12,19.658601,19.704856,18.751993,19.519835,10933700.000000
2017-05-15,19.436579,20.629971,19.436579,20.370941,3487300.000000
2017-05-16,20.528210,20.731734,20.398694,20.444950,1289300.000000
2017-05-17,20.491205,20.824245,20.047152,20.444950,1583700.000000
2017-05-18,20.528207,21.860365,20.333933,20.814991,4075200.000000
2017-05-19,20.870497,21.730850,20.648471,21.018515,1248600.000000
2017-05-22,21.092523,21.360806,20.833493,21.175783,383100.000000
2017-05-23,21.268296,21.841865,20.953758,21.693848,704000.000000
2017-05-24,21.777105,21.826136,21.286796,21.601334,408800.000000
2017-05-25,21.666092,22.036136,20.639219,20.824242,1080700.000000
2017-05-26,20.861243,21.499570,20.680847,21.305298,721100.000000
2017-05-30,21.277546,21.545829,20.898250,21.231291,843100.000000
2017-05-31,21.249791,21.444065,20.972259,21.212788,484400.000000
2017-06-01,21.194285,21.679968,21.101774,21.212788,486400.000000
2017-06-02,21.175783,21.370057,20.907502,20.953756,546600.000000
2017-06-05,20.916750,21.194283,20.278424,20.935251,422200.000000
2017-06-06,20.195164,21.009261,20.195164,20.620716,1089500.000000
2017-06-07,20.722481,21.083276,19.954640,20.130411,733500.000000
2017-06-08,20.121154,20.287674,19.991639,20.028643,432600.000000
2017-06-09,20.056396,21.111021,20.056396,20.805735,565900.000000
2017-06-12,20.777983,21.814108,20.250671,21.305298,826200.000000
2017-06-13,21.268299,22.424687,21.092527,21.730854,927300.000000
2017-06-14,21.804859,21.934373,20.861245,21.508823,1988500.000000
2017-06-15,21.351557,22.711470,21.064773,21.268297,1510300.000000
2017-06-16,21.277547,22.202658,21.277547,22.128649,2465600.000000
2017-06-19,22.258164,22.396930,21.777107,22.128649,460200.000000
2017-06-20,21.943625,21.943625,20.546707,20.926004,1043700.000000
2017-06-21,20.851996,21.041644,19.085033,19.168293,1275400.000000
2017-06-22,19.168290,19.492079,18.418951,19.482828,1321900.000000
2017-06-23,19.455079,19.524461,18.724240,18.937016,3690400.000000
2017-06-26,18.890759,19.473578,18.576221,18.964767,790800.000000
2017-06-27,19.020270,20.010138,18.890756,19.695602,1029100.000000
2017-06-28,19.686354,20.019393,19.556838,19.677103,737600.000000
2017-06-29,19.732611,19.926886,19.464330,19.825123,796200.000000
2017-06-30,19.926883,20.111904,19.649348,19.991640,250800.000000
2017-07-03,20.121156,20.722477,19.788115,20.666971,396500.000000
2017-07-05,20.703976,20.731730,20.130409,20.185915,765800.000000
2017-07-06,19.991641,19.991641,19.330186,19.399569,1184400.000000
2017-07-07,19.418071,19.630846,19.038776,19.122036,953900.000000
2017-07-10,19.085030,19.871374,19.011021,19.741859,826900.000000
2017-07-11,19.640100,20.167413,19.445828,20.102655,656100.000000
2017-07-12,20.148907,20.666969,20.102651,20.472694,1091800.000000
2017-07-13,20.454198,20.592965,20.222921,20.407942,1577700.000000
2017-07-14,20.472700,20.620719,20.343185,20.426445,211300.000000
2017-07-17,20.407940,21.388558,20.281200,21.249790,1357100.000000
2017-07-18,21.120278,21.471819,21.101775,21.314552,962700.000000
2017-07-19,21.305297,21.666090,21.277543,21.666090,742400.000000
2017-07-20,21.656841,21.851115,21.277546,21.786356,454400.000000
2017-07-21,21.684596,21.915874,21.111027,21.286798,1163200.000000
2017-07-24,21.212784,21.416308,21.009259,21.407057,724400.000000
2017-07-25,21.536579,21.795609,21.268296,21.693848,1832300.000000
2017-07-26,21.832610,21.832610,20.944503,21.111023,781200.000000
2017-07-27,21.101776,21.508825,21.041645,21.490322,314200.000000
2017-07-28,21.351554,21.481069,21.166531,21.360806,260800.000000
2017-07-31,21.490316,21.490316,21.194281,21.240536,536900.000000
2017-08-01,21.277546,21.277546,20.713228,20.814991,998200.000000
2017-08-02,20.814993,21.397812,20.814993,21.296051,1444100.000000
2017-08-03,22.045393,22.199886,21.240545,21.518080,2650300.000000
2017-08-04,21.703102,22.276671,21.545834,22.267420,809600.000000
2017-08-07,22.285921,22.517199,21.962132,22.239666,1039100.000000
2017-08-08,22.258162,22.470939,21.952876,22.322920,626700.000000
2017-08-09,22.239662,22.261863,21.721599,21.832613,296800.000000
2017-08-10,21.638335,21.638335,20.833490,20.963005,1247900.000000
2017-08-11,20.611468,21.194287,20.611468,20.981512,605300.000000
2017-08-14,21.175787,21.453321,20.500456,20.898254,970300.000000
2017-08-15,20.990765,21.092526,20.861248,20.990765,1061900.000000
2017-08-16,21.092523,21.157283,20.898251,21.046268,536300.000000
2017-08-17,20.907497,21.101769,20.333928,20.352430,417900.000000
2017-08-18,20.269176,20.518956,20.130410,20.324682,506400.000000
2017-08-21,20.963007,21.185033,20.477324,20.713226,714000.000000
2017-08-22,20.833497,21.138784,20.722483,21.074026,245100.000000
2017-08-23,20.888995,21.337674,20.888995,21.240536,612400.000000
2017-08-24,21.259045,21.259045,20.939883,21.000015,230300.000000
2017-08-25,21.111029,21.314554,21.009266,21.259047,572300.000000
2017-08-28,21.342303,21.342303,21.041643,21.231291,355200.000000
2017-08-29,21.101774,21.444066,20.981510,21.333052,262200.000000
2017-08-30,21.231291,21.564330,21.175783,21.555079,368500.000000
2017-08-31,21.712351,22.045392,21.545833,21.730854,382200.000000
2017-09-01,21.925125,22.156403,21.897371,21.925125,465500.000000
2017-09-05,21.999130,22.082390,21.222037,21.388557,450300.000000
2017-09-06,21.573580,21.730849,21.203536,21.601334,400600.000000
2017-09-07,21.675340,21.906617,21.444062,21.841860,247300.000000
2017-09-08,21.767856,22.137900,21.740102,21.980631,404100.000000
2017-09-11,22.156401,22.572700,22.054638,22.100893,386700.000000
2017-09-12,22.258163,23.174023,22.082394,22.692966,655500.000000
2017-09-13,22.739223,22.942747,22.683717,22.822483,331100.000000
2017-09-14,22.831734,23.192527,22.729972,23.100016,480400.000000
2017-09-15,23.127769,23.275787,22.905743,23.211029,517200.000000
2017-09-18,23.285038,24.052879,23.285038,23.849356,703900.000000
2017-09-19,23.951114,24.219397,23.664330,23.886356,421300.000000
2017-09-20,23.923364,24.089884,23.710587,24.034376,561000.000000
2017-09-21,24.080632,24.136138,23.849355,23.914112,432800.000000
2017-09-22,23.941863,24.330410,23.775345,24.311909,269600.000000
2017-09-25,24.348913,24.658826,24.293407,24.422922,485600.000000
2017-09-26,24.524685,24.737460,24.237902,24.339663,660800.000000
2017-09-27,24.422921,25.051997,24.247150,25.042746,557800.000000
2017-09-28,25.024240,25.431289,25.024240,25.283272,694400.000000
2017-09-29,25.366532,25.579307,25.283272,25.459044,298400.000000
2017-10-02,25.403541,25.755084,25.181515,25.486801,473700.000000
2017-10-03,25.856843,25.856843,25.505300,25.560806,400200.000000
2017-10-04,25.440548,25.533060,24.802221,24.876230,665700.000000
2017-10-05,24.903982,25.135259,24.737462,24.783718,417900.000000
2017-10-06,24.617200,24.829975,24.515437,24.607948,414100.000000
2017-10-09,24.607947,24.839225,24.262880,24.774467,372900.000000
2017-10-10,24.839226,25.246275,24.774469,24.885481,257500.000000
2017-10-11,24.866979,24.968742,24.765218,24.848478,273900.000000
2017-10-12,24.700460,24.959490,24.607949,24.876230,269600.000000
2017-10-13,25.079753,25.218519,24.543189,24.940985,379600.000000
2017-10-16,24.977989,25.070500,24.811469,24.903980,399200.000000
2017-10-17,24.885478,25.181514,24.774466,24.968739,545300.000000
2017-10-18,24.903979,25.264771,24.617195,24.746710,566400.000000
2017-10-19,24.487682,24.663454,24.145392,24.385921,495500.000000
2017-10-20,24.506181,24.802216,24.422921,24.589441,796300.000000
2017-10-23,24.589445,24.681956,24.237903,24.441427,467500.000000
2017-10-24,24.543191,24.746715,24.441428,24.607948,608200.000000
2017-10-25,24.459929,24.765216,24.302660,24.626450,527600.000000
2017-10-26,26.347152,27.263011,25.523804,26.920721,2409000.000000
2017-10-27,27.808826,28.363893,26.966976,28.141867,1434000.000000
2017-10-30,28.151117,28.151117,26.643185,26.939222,1344900.000000
2017-10-31,26.948475,27.300018,26.643189,26.689445,647600.000000
2017-11-01,26.976229,27.013234,26.707948,26.772705,837500.000000
2017-11-02,26.726442,27.281508,26.670936,27.114988,738300.000000
2017-11-03,27.161252,27.161252,26.069621,26.439665,924900.000000
2017-11-06,26.411910,26.411910,25.838342,25.866095,659100.000000
2017-11-07,25.949354,26.097371,25.718076,25.903099,568300.000000
2017-11-08,25.903102,26.439666,25.764336,25.967859,838500.000000
2017-11-09,25.792081,26.097367,25.348028,26.032610,1080000.000000
2017-11-10,26.097374,26.680195,26.069622,26.606186,792600.000000
2017-11-13,26.430406,27.300010,25.995604,27.207499,883300.000000
2017-11-14,26.421159,26.717194,26.060366,26.513670,1090100.000000
2017-11-15,26.171386,26.541429,25.468301,25.477552,870400.000000
2017-11-16,25.792088,26.929975,25.542309,26.726450,7596800.000000
2017-11-17,26.828214,27.966100,26.569182,27.799580,2588000.000000
2017-11-20,27.947590,28.622922,27.577546,28.280630,2904300.000000
2017-11-21,28.502663,28.760770,27.956847,28.428654,1687000.000000
2017-11-22,28.724691,29.492532,28.498039,28.659933,1223000.000000
2017-11-24,28.798698,29.154866,28.669183,28.807949,391800.000000
2017-11-27,28.983716,29.214993,28.881953,29.103979,1307800.000000
2017-11-28,29.224247,29.326010,28.789446,28.891207,965700.000000
2017-11-29,28.780194,29.214996,28.706186,28.817198,892800.000000
2017-11-30,29.085481,30.075347,29.039224,29.982838,2112800.000000
2017-12-01,30.112347,30.297370,29.205739,29.677547,2144300.000000
2017-12-04,30.010590,30.297375,28.928212,29.094732,785800.000000
2017-12-05,29.214991,29.372260,28.770938,28.826445,630900.000000
2017-12-06,28.696935,29.187242,28.679357,29.113234,463600.000000
2017-12-07,29.289004,29.816316,29.270501,29.770061,845800.000000
2017-12-08,29.973586,30.066096,29.483277,29.908829,637600.000000
2017-12-11,29.927331,30.066099,29.566539,29.631296,331100.000000
2017-12-12,29.649798,29.803367,29.289006,29.307508,435100.000000
2017-12-13,29.353762,29.548037,29.242750,29.446274,1003100.000000
2017-12-14,29.446272,29.594290,29.289003,29.316757,467500.000000
2017-12-15,29.566539,30.436145,29.511032,30.167862,1606700.000000
2017-12-18,30.343635,31.055971,30.343635,30.880201,947600.000000
2017-12-19,30.870943,31.102221,30.676671,30.796936,977500.000000
2017-12-20,30.898702,31.592535,30.565661,31.463017,645000.000000
2017-12-21,31.555524,31.971824,31.327020,31.851559,333700.000000
2017-12-22,31.851558,32.031954,31.472262,31.638783,323400.000000
2017-12-26,31.860809,31.860809,31.277992,31.481514,148700.000000
2017-12-27,31.527775,31.749799,31.435261,31.555527,311200.000000
2017-12-28,31.694288,31.694288,31.111470,31.426008,282500.000000
2017-12-29,31.555518,31.860803,31.379745,31.388998,442300.000000
2018-01-02,31.629535,31.703545,30.907950,31.185482,814700.000000
2018-01-03,31.185482,31.518522,31.009712,31.370504,806600.000000
2018-01-04,31.518518,32.018079,31.453761,31.518518,488400.000000
2018-01-05,31.222488,32.184604,31.222488,31.962576,416900.000000
2018-01-08,32.045840,32.526898,31.925574,32.295620,573600.000000
2018-01-09,32.462132,32.758167,32.341866,32.462132,418800.000000
2018-01-10,32.341869,32.656406,31.722046,31.870064,424900.000000
2018-01-11,32.101345,32.314120,31.976453,32.277115,248100.000000
2018-01-12,32.378876,32.415881,31.962575,31.971828,542100.000000
2018-01-16,32.193838,33.377982,32.193838,32.471371,974600.000000
2018-01-17,32.711907,32.989440,32.249352,32.341862,868400.000000
2018-01-18,32.332622,32.647160,32.008831,32.563900,443100.000000
2018-01-19,32.388137,33.257744,32.388137,33.229988,518500.000000
2018-01-22,33.211468,33.526006,32.961688,33.479748,660400.000000
2018-01-23,34.774911,35.154207,33.646275,33.942310,927900.000000
2018-01-24,34.071824,34.228166,33.470500,33.553761,435900.000000
2018-01-25,33.683289,33.757299,32.859941,33.248486,660400.000000
2018-01-26,33.489012,33.627776,33.072711,33.563019,229500.000000
2018-01-29,33.414997,33.692529,33.137464,33.526012,414500.000000
2018-01-30,33.442750,33.442750,31.870062,32.813675,795800.000000
2018-01-31,33.072702,33.109707,31.920940,31.990324,756200.000000
2018-02-01,32.471375,32.628646,31.426003,32.415871,680900.000000
2018-02-02,32.027331,32.037509,31.481516,31.611031,637000.000000
2018-02-05,31.296496,32.267862,30.130855,31.000458,827500.000000
2018-02-06,30.426897,31.287250,30.177116,30.889452,633800.000000
2018-02-07,30.778436,31.333501,30.315881,30.352886,790800.000000
2018-02-08,30.288121,30.593406,29.187237,29.205740,873000.000000
2018-02-09,29.575789,29.770063,28.188123,29.372265,1100500.000000
2018-02-12,29.501782,30.565661,29.437025,30.251123,658100.000000
2018-02-13,29.945826,30.833935,29.511025,30.602657,875300.000000
2018-02-14,30.306625,31.111474,29.881999,31.000458,727700.000000
2018-02-15,31.213236,32.008828,30.695173,31.944071,1298200.000000
2018-02-16,31.925561,31.925561,29.575781,30.389877,2623800.000000
2018-02-20,30.140108,30.944953,29.353762,29.353762,1042900.000000
2018-02-21,29.372263,29.927328,28.659927,29.400017,1865800.000000
2018-02-22,29.381514,30.075345,29.381514,29.659048,588500.000000
2018-02-23,29.696054,30.454644,29.548038,30.417643,500700.000000
2018-02-26,30.482399,30.750682,30.093851,30.528654,478600.000000
2018-02-27,30.593411,30.796936,30.195613,30.232618,461600.000000
2018-02-28,30.436143,30.718302,29.612791,29.612791,644900.000000
2018-03-01,29.631299,29.686807,28.447159,28.576674,936600.000000
2018-03-02,28.373146,29.548037,28.095613,29.418520,675200.000000
2018-03-05,29.252000,29.723807,28.770942,29.640547,592500.000000
2018-03-06,29.696048,29.945828,29.390763,29.427767,877300.000000
2018-03-07,29.039218,29.645164,29.039218,29.437016,638800.000000
2018-03-08,29.418520,30.204867,29.418520,29.945833,533300.000000
2018-03-09,30.140109,30.741429,30.075348,30.528654,814800.000000
2018-03-12,30.482399,30.833943,30.066099,30.195614,485300.000000
2018-03-13,30.251120,30.389884,29.973587,30.093849,381100.000000
2018-03-14,30.306621,30.547152,30.149354,30.491644,428900.000000
2018-03-15,30.491646,30.639663,30.140106,30.214113,579400.000000
2018-03-16,30.177106,30.852436,30.103099,30.491644,997400.000000
2018-03-19,30.343632,30.343632,29.733059,30.260372,309100.000000
2018-03-20,29.344507,30.482394,29.344507,30.112349,611000.000000
2018-03-21,30.158605,30.764555,29.899575,30.648916,502800.000000
2018-03-22,30.297377,30.426892,28.798697,28.872705,908000.000000
2018-03-23,28.983715,29.372261,28.040101,28.049353,1004900.000000
2018-03-26,28.456408,28.461032,27.734821,28.428654,674800.000000
2018-03-27,28.437903,28.928213,27.873585,28.123365,489200.000000
2018-03-28,28.354646,28.905089,27.688567,27.799580,739600.000000
2018-03-29,27.855084,28.687683,27.716316,28.382397,665400.000000
2018-04-02,28.104857,28.146487,26.800452,26.948469,923000.000000
2018-04-03,27.207505,27.503540,26.939224,27.503540,583600.000000
2018-04-04,26.957722,27.642304,26.957722,27.559046,291900.000000
2018-04-05,27.651557,28.974465,27.512791,28.502659,1149700.000000
2018-04-06,28.141864,28.209397,27.161247,27.596048,847400.000000
2018-04-09,27.956847,28.132619,27.161253,27.161253,459500.000000
2018-04-10,27.596057,28.641431,27.337025,28.576674,738300.000000
2018-04-11,28.225128,28.955965,27.993851,28.678432,733900.000000
2018-04-12,28.770942,29.321382,28.604422,29.187241,644300.000000
2018-04-13,29.298254,29.538783,28.983716,29.251999,469900.000000
2018-04-16,29.612791,29.890327,29.191868,29.640547,685200.000000
2018-04-17,29.751557,30.010587,29.705302,29.871822,408800.000000
2018-04-18,30.019838,30.500896,29.751555,30.223360,557600.000000
2018-04-19,30.075347,30.380635,29.795965,30.093849,409700.000000
2018-04-20,30.149348,30.306615,29.520272,29.760799,477100.000000
2018-04-23,29.205743,29.862570,29.159488,29.400017,492100.000000
2018-04-24,29.686803,29.965260,28.632177,28.891207,1029300.000000
2018-04-25,28.928213,29.372266,28.590548,29.307508,616500.000000
2018-04-26,29.363018,29.404648,28.493414,28.548922,1026000.000000
2018-04-27,30.251122,30.676672,29.270503,29.455526,3195500.000000
2018-04-30,29.455522,29.857946,29.034597,29.261248,1283800.000000
2018-05-01,28.104858,29.117855,27.873580,28.826445,1656600.000000
2018-05-02,28.817196,29.511029,28.622923,29.048473,1200700.000000
2018-05-03,29.002222,29.881076,28.678433,29.307508,12585800.000000
2018-05-04,29.233488,30.010579,29.140977,29.668289,2271200.000000
2018-05-07,29.816318,30.500901,29.566537,29.649797,3971800.000000
2018-05-08,29.649793,29.992083,29.085477,29.150234,2357100.000000
2018-05-09,29.437022,29.890328,29.140987,29.649797,2248000.000000
2018-05-10,29.797819,31.129981,29.686807,30.963461,2354900.000000
2018-05-11,30.963455,31.231735,30.584160,30.935699,1448400.000000
2018-05-14,31.129982,31.203989,30.907954,30.954208,1517900.000000
2018-05-15,30.769185,31.315001,30.658173,31.111479,1185200.000000
2018-05-16,31.148474,31.444513,30.981957,31.222485,1358100.000000
2018-05-17,31.166984,32.147603,31.015268,31.731302,1633500.000000
2018-05-18,31.555527,32.198479,31.166979,31.879314,1356500.000000
2018-05-21,32.092085,32.628650,31.814552,31.842304,759800.000000
2018-05-22,31.833057,32.637903,31.565699,31.833057,1534900.000000
2018-05-23,31.629532,32.212353,31.296495,31.703543,941000.000000
2018-05-24,31.435267,31.666545,31.176237,31.324255,665400.000000
2018-05-25,31.129978,31.129978,30.075349,30.417643,993000.000000
2018-05-29,29.992089,30.325129,29.733059,30.167862,897400.000000
2018-05-30,30.389891,31.185487,30.371392,30.889452,820900.000000
2018-05-31,30.796940,30.889450,30.093854,30.408392,1066400.000000
2018-06-01,30.528648,30.912570,29.871821,29.918076,672500.000000
2018-06-04,30.056850,30.186365,29.797816,30.066099,975600.000000
2018-06-05,30.056848,30.177110,29.122485,29.955086,1661000.000000
2018-06-06,30.093846,30.408384,29.566534,30.362129,1053400.000000
2018-06-07,30.510153,30.972709,30.352886,30.630419,858800.000000
2018-06-08,30.528655,30.584163,29.381518,29.455526,1388100.000000
2018-06-11,28.891203,29.270498,27.433228,27.596048,3923100.000000
2018-06-12,27.642307,28.151119,26.929973,27.244511,2215200.000000
2018-06-13,27.346276,27.845836,27.050241,27.189007,1699800.000000
2018-06-14,27.568297,28.021603,27.327770,27.808826,1934900.000000
2018-06-15,27.855085,28.197375,27.226009,27.457287,1388000.000000
2018-06-18,27.170503,27.818080,27.105744,27.734819,1309500.000000
2018-06-19,27.392529,27.438783,27.124246,27.263012,1129500.000000
2018-06-20,27.438781,27.529442,26.092745,26.125124,2044200.000000
2018-06-21,25.930853,26.217637,25.412790,25.829090,1984500.000000
2018-06-22,26.458165,27.105742,26.240764,26.670940,3038700.000000
2018-06-25,25.727328,26.583056,25.671821,26.180632,2100900.000000
2018-06-26,26.199128,27.040978,26.199128,26.855957,1953200.000000
2018-06-27,27.022486,27.577553,26.809711,27.068743,1885700.000000
2018-06-28,26.763451,27.337018,26.421159,27.170500,1634200.000000
2018-06-29,27.198258,27.966100,27.133501,27.189007,2230500.000000
2018-07-02,26.800455,26.976226,26.273142,26.421160,1625000.000000
2018-07-03,26.606182,26.744948,26.374905,26.578428,592800.000000
2018-07-05,26.781957,26.888345,26.402662,26.633940,1614100.000000
2018-07-06,26.569182,26.569182,26.125129,26.236143,1053800.000000
2018-07-09,26.245390,27.346271,26.236139,27.309267,2222200.000000
2018-07-10,27.216752,27.457281,26.837457,27.077986,1211200.000000
2018-07-11,26.735698,26.828209,26.476668,26.670940,1313900.000000
2018-07-12,26.809704,26.809704,25.404462,25.893845,2447700.000000
2018-07-13,25.949355,26.596933,25.912351,26.069620,1189500.000000
2018-07-16,25.829088,26.374904,25.819837,26.004860,1221800.000000
2018-07-17,25.986359,26.300897,25.764333,25.977108,1281800.000000
2018-07-18,25.986360,26.069620,25.597813,25.718077,897000.000000
2018-07-19,25.514551,26.078869,25.412788,26.078869,507700.000000
2018-07-20,25.940105,26.088122,25.736579,25.745831,647700.000000
2018-07-23,25.736578,25.745829,25.116754,25.126005,706900.000000
2018-07-24,25.246273,25.283276,24.644949,24.691206,1087500.000000
2018-07-25,24.617193,24.783713,24.293404,24.496927,1570100.000000
2018-07-26,24.533937,25.116756,24.487681,24.635698,2625600.000000
2018-07-27,24.903979,25.126006,24.385918,25.070499,1992800.000000
2018-07-30,25.246273,25.949355,25.246273,25.274025,2493500.000000
2018-07-31,25.422044,26.569182,25.422044,26.467421,2492400.000000
2018-08-01,26.467417,26.592307,25.320280,25.597813,2417400.000000
2018-08-02,25.588563,26.495171,25.079753,25.653320,2705600.000000
2018-08-03,25.903097,26.559925,25.773582,26.337898,1655700.000000
2018-08-06,26.365658,27.133500,26.078874,26.976231,1427400.000000
2018-08-07,27.253757,27.605300,27.003979,27.281511,881600.000000
2018-08-08,27.263006,27.383271,26.920716,27.087236,870100.000000
2018-08-09,27.022478,27.438779,26.559923,26.615431,1436700.000000
2018-08-10,26.550682,26.920726,26.467422,26.698700,1093100.000000
2018-08-13,26.643189,26.781957,26.221339,26.356405,583900.000000
2018-08-14,26.448915,26.596933,26.032615,26.069620,657300.000000
2018-08-15,25.903094,25.903094,24.903975,25.005737,785800.000000
2018-08-16,24.903981,25.537682,24.903981,25.320282,881800.000000
2018-08-17,25.385034,25.893844,25.144505,25.847589,1229500.000000
2018-08-20,26.041867,26.448916,25.907725,26.189884,849600.000000
2018-08-21,26.208389,26.448918,25.921605,26.106627,483600.000000
2018-08-22,26.060370,26.152881,25.699577,25.856846,965000.000000
2018-08-23,25.838340,25.866092,25.246270,25.292524,739900.000000
2018-08-24,25.329529,25.597812,25.209266,25.449795,1129000.000000
2018-08-27,25.551558,26.254640,25.422041,26.134377,1200300.000000
2018-08-28,26.134377,26.439664,25.986360,26.152880,822400.000000
2018-08-29,26.282397,26.698697,26.180634,26.606186,777600.000000
2018-08-30,26.550677,26.698695,25.847593,25.977108,631500.000000
2018-08-31,25.884597,26.069620,25.727328,25.866095,453100.000000
2018-09-04,25.866095,25.866095,25.237021,25.301779,609400.000000
2018-09-05,25.181514,25.338782,24.811470,24.968739,1445300.000000
2018-09-06,24.755962,24.755962,22.896489,23.063009,4134900.000000
2018-09-07,22.748470,23.405298,22.526444,23.109262,2984600.000000
2018-09-10,23.220276,23.923361,23.220276,23.719835,1543900.000000
2018-09-11,23.645829,24.358165,23.377548,24.219398,1637200.000000
2018-09-12,24.385919,24.626448,24.163892,24.598694,1961600.000000
2018-09-13,24.737457,26.166753,24.737457,25.755079,3199200.000000
2018-09-14,25.718077,26.726448,25.634817,26.476669,2025900.000000
2018-09-17,26.578429,27.392527,26.467417,26.569178,1449900.000000
2018-09-18,26.578425,27.087237,26.559923,27.077986,979600.000000
2018-09-19,27.031733,27.411029,26.809707,26.920721,785700.000000
2018-09-20,27.105744,27.327772,26.888344,27.179752,1086600.000000
2018-09-21,27.272264,27.350899,26.966977,27.179752,3654800.000000
2018-09-24,27.253760,27.461910,26.717196,27.327770,1476200.000000
2018-09-25,27.457284,27.466535,26.865214,26.939222,1162500.000000
2018-09-26,26.717193,26.985476,26.310146,26.337898,1365900.000000
2018-09-27,26.883719,26.883719,25.662573,25.940107,1694000.000000
2018-09-28,25.829088,26.245388,25.755079,26.217634,1010600.000000
2018-10-01,26.356402,26.467416,25.866093,25.912350,1846300.000000
2018-10-02,25.930853,26.097372,25.708827,25.977108,2083900.000000
2018-10-03,26.134377,26.168606,25.829090,25.903099,2164400.000000
2018-10-04,25.903102,26.051119,25.505304,25.690327,720100.000000
2018-10-05,25.616313,25.921600,24.996489,25.394287,677600.000000
2018-10-08,25.209263,25.366531,24.774461,25.033491,776700.000000
2018-10-09,24.894732,25.375790,24.876229,25.218521,1381700.000000
2018-10-10,25.283273,25.283273,24.182391,24.228647,1231200.000000
2018-10-11,23.581072,24.663451,23.581072,23.682835,1182100.000000
2018-10-12,24.672705,24.672705,23.451559,23.830854,1084400.000000
2018-10-15,23.766094,24.367415,23.312790,24.099133,1411700.000000
2018-10-16,24.293407,25.153760,24.173141,25.116755,801600.000000
2018-10-17,24.950239,25.005747,24.339666,24.876230,811100.000000
2018-10-18,24.293402,24.783712,23.900229,24.080627,929000.000000
2018-10-19,24.099131,24.191642,23.460806,23.590321,1219800.000000
2018-10-22,23.608828,23.710589,23.164776,23.294291,1517300.000000
2018-10-23,22.757722,23.331289,22.373800,23.053757,1455600.000000
2018-10-24,23.137018,23.266533,21.582832,21.619837,2160700.000000
2018-10-25,21.878864,23.016750,21.730847,22.720715,2835900.000000
2018-10-26,23.562568,24.783716,22.942744,24.154640,3224300.000000
2018-10-29,24.589440,24.931732,23.322038,23.664330,1412500.000000
2018-10-30,23.599574,24.672703,23.599574,24.598694,1086600.000000
2018-10-31,25.209263,25.533052,24.922479,25.033491,1257900.000000
2018-11-01,24.432171,24.436798,23.821598,23.867853,10006200.000000
2018-11-02,24.043627,24.385919,23.867855,23.914112,2608500.000000
2018-11-05,24.052879,24.718959,23.867857,24.533937,4353000.000000
2018-11-06,24.506180,25.445167,24.247149,25.338779,1999400.000000
2018-11-07,25.533052,26.421157,25.357280,25.847589,2013500.000000
2018-11-08,25.588562,26.134378,24.977989,25.079752,3269700.000000
2018-11-09,25.921599,25.921599,24.358162,24.561686,3314900.000000
2018-11-12,24.617197,24.802218,24.219399,24.339663,1157400.000000
2018-11-13,24.302658,24.506182,23.585698,23.618076,1295800.000000
2018-11-14,23.793843,23.858602,23.127764,23.331287,1320600.000000
2018-11-15,23.127767,24.043626,22.665212,24.025124,1383100.000000
2018-11-16,24.015871,24.071379,23.525564,23.581070,933000.000000
2018-11-19,23.377543,23.400670,22.595823,22.609701,1895700.000000
2018-11-20,22.202657,22.813230,21.804860,22.433935,1062000.000000
2018-11-21,22.757726,23.285039,22.695744,22.896492,953800.000000
2018-11-23,22.480189,22.628207,22.285917,22.369177,253700.000000
2018-11-26,22.646710,23.386800,22.618958,23.090763,1373100.000000
2018-11-27,22.905736,23.164768,22.600450,22.609701,1250800.000000
2018-11-28,22.637463,23.599579,22.632838,23.442310,1316000.000000
2018-11-29,23.414556,23.599579,22.637463,23.442310,2197700.000000
2018-11-30,23.312793,23.692088,22.831735,22.896492,1081900.000000
2018-12-03,23.507062,24.085256,23.340542,23.470058,1090100.000000
2018-12-04,23.368296,23.470059,21.425563,21.536577,1732900.000000
2018-12-06,20.370941,21.185038,19.815874,21.185038,3272100.000000
2018-12-07,21.314550,21.925123,20.537457,20.629967,1572900.000000
2018-12-10,20.426445,20.602217,20.056401,20.426445,2086100.000000
2018-12-11,20.814986,20.916749,19.908378,19.963884,1080300.000000
2018-12-12,20.370936,20.722478,20.037896,20.204416,2509700.000000
2018-12-13,20.287672,20.583707,19.455073,19.751108,1715200.000000
2018-12-14,19.455078,19.843625,19.353315,19.630848,1356100.000000
2018-12-17,19.399569,19.584592,18.742741,18.964767,1188700.000000
2018-12-18,19.242303,19.653978,19.029528,19.057281,1623000.000000
2018-12-19,18.502214,19.186796,18.058161,18.252434,1658500.000000
2018-12-20,18.150674,18.317192,17.466090,17.762127,1294800.000000
2018-12-21,17.817633,18.594726,17.780628,18.372700,3130600.000000
2018-12-24,18.085913,18.307941,17.503094,17.503094,687800.000000
2018-12-26,17.484592,18.724241,17.300496,18.705738,981500.000000
2018-12-27,18.002655,18.863008,18.002655,18.863008,917300.000000
2018-12-28,19.048026,19.186792,18.627101,18.853752,1394400.000000
2018-12-31,19.029530,19.100764,18.585478,18.918518,907100.000000
2019-01-02,18.520716,19.445827,18.224681,19.427324,1602200.000000
2019-01-03,19.251555,19.538341,18.594727,19.038780,1246300.000000
2019-01-04,19.427327,19.667856,19.085035,19.371820,2041900.000000
2019-01-07,19.556837,20.389438,19.279305,19.991640,2296100.000000
2019-01-08,20.296928,20.666972,19.954637,20.222919,1387600.000000
2019-01-09,20.491204,21.018517,20.333936,20.703979,1224000.000000
2019-01-10,20.444942,20.893619,20.370933,20.805735,1007700.000000
2019-01-11,20.611466,21.037016,20.509703,21.009262,679600.000000
2019-01-14,20.805734,20.814986,20.315425,20.352430,1200200.000000
2019-01-15,20.444949,20.620721,20.130411,20.278429,1721100.000000
2019-01-16,20.213668,20.583711,20.158161,20.204416,1185000.000000
2019-01-17,20.074901,20.662345,20.047147,20.565208,840100.000000
2019-01-18,20.740978,21.518071,20.481946,21.481066,2099500.000000
2019-01-22,20.953761,21.365435,20.831646,21.074026,2240500.000000
2019-01-23,21.185032,21.425561,20.509702,20.750231,1039900.000000
2019-01-24,20.796487,21.203537,20.704902,20.953756,745100.000000
2019-01-25,21.175783,22.461688,21.138780,22.369177,2219800.000000
2019-01-28,22.045387,22.253537,21.758603,22.174902,1828500.000000
2019-01-29,22.378424,23.026000,22.276661,22.609701,2079300.000000
2019-01-30,22.979747,23.109262,22.433932,22.785473,1604100.000000
2019-01-31,22.831734,23.183276,22.531073,22.822483,1637300.000000
2019-02-01,22.933495,23.183273,22.549573,22.933495,1231200.000000
2019-02-04,22.868735,23.137018,22.628206,23.035255,1009400.000000
2019-02-05,23.035259,23.331294,22.979753,23.164776,953300.000000
2019-02-06,23.081510,23.451554,23.016751,23.266531,1146600.000000
2019-02-07,23.026003,23.257280,22.517193,23.053757,1801500.000000
2019-02-08,22.887240,22.933497,22.156404,22.544950,1073400.000000
2019-02-11,22.535701,22.739224,22.396933,22.600458,1284400.000000
2019-02-12,22.914990,23.137016,22.757721,22.785473,1457100.000000
2019-02-13,23.007502,23.599572,23.007502,23.405298,2274500.000000
2019-02-14,23.294286,23.766092,23.220277,23.460806,1654300.000000
2019-02-15,23.692085,24.199970,23.676358,24.154640,1428200.000000
2019-02-19,24.006624,24.964114,23.220280,23.978870,2895800.000000
2019-02-20,24.691210,25.153766,24.385924,24.580196,2435700.000000
2019-02-21,24.654198,25.098251,24.543186,25.024242,1459000.000000
2019-02-22,25.051995,25.246269,24.672700,24.737457,1350500.000000
2019-02-25,24.829967,25.116751,24.728205,25.033491,1709700.000000
2019-02-26,24.931735,24.991866,24.589443,24.663452,1396600.000000
2019-02-27,24.663453,24.839224,24.450678,24.654202,973800.000000
2019-02-28,24.617197,24.913233,24.321162,24.839224,1331300.000000
2019-03-01,24.940981,25.486797,24.792964,25.292524,1068600.000000
2019-03-04,25.403539,25.551558,24.866975,24.959486,1085700.000000
2019-03-05,24.968734,25.107501,24.820717,24.922480,864700.000000
2019-03-06,24.811469,24.987241,24.274905,24.339663,973000.000000
2019-03-07,24.783402,24.840049,24.339662,24.632341,1670600.000000
2019-03-08,24.113075,24.788126,24.113075,24.736200,1119300.000000
2019-03-11,24.792842,25.623675,24.792842,25.604794,1513900.000000
2019-03-12,25.633117,25.718089,25.397085,25.548145,1379400.000000
2019-03-13,25.774738,26.303452,25.661443,26.171272,1656600.000000
2019-03-14,26.048534,26.322330,25.340436,25.491497,1734300.000000
2019-03-15,25.491499,26.445070,25.434851,26.350657,2031600.000000
2019-03-18,26.435628,26.681102,26.057976,26.624454,1505900.000000
2019-03-19,26.530042,26.718867,26.048536,26.190155,2120300.000000
2019-03-20,26.029650,26.586686,25.774734,26.265682,1631000.000000
2019-03-21,26.199600,26.530046,26.133512,26.426191,1205500.000000
2019-03-22,26.284572,26.284572,25.170498,25.264912,1126800.000000
2019-03-25,25.274348,25.689764,25.076080,25.585911,1198800.000000
2019-03-26,25.850266,26.072137,25.567028,25.803061,859500.000000
2019-03-27,25.736970,25.963561,25.340436,25.538702,1057500.000000
2019-03-28,25.519829,25.973011,25.463180,25.736979,1026400.000000
2019-03-29,25.963567,26.331777,25.935242,26.256247,1581300.000000
2019-04-01,26.435626,26.784954,26.237359,26.397860,863900.000000
2019-04-02,26.435630,26.530043,26.124067,26.275127,501100.000000
2019-04-03,26.341220,26.577252,26.289292,26.426191,1215800.000000
2019-04-04,26.397864,26.605574,26.388424,26.473396,553700.000000
2019-04-05,26.624459,26.681107,26.473399,26.681107,804900.000000
2019-04-08,26.558366,26.784958,26.378982,26.747192,634400.000000
2019-04-09,26.577245,26.577245,26.171269,26.284565,899100.000000
2019-04-10,26.397865,26.586691,26.175995,26.445072,633100.000000
2019-04-11,26.435629,26.718867,26.341216,26.662220,937100.000000
2019-04-12,26.907696,26.907696,26.010772,26.180716,1878200.000000
2019-04-15,26.180713,26.445070,25.703928,25.746414,1444600.000000
2019-04-16,26.001329,26.209037,25.831386,25.888033,1259200.000000
2019-04-17,26.105188,26.256249,25.359327,25.387650,1152900.000000
2019-04-18,25.491503,25.689770,25.274354,25.567034,1302600.000000
2019-04-22,25.869149,26.086299,25.538704,25.793619,1219200.000000
2019-04-23,25.793623,26.393146,25.765301,26.246805,1073200.000000
2019-04-24,26.397860,26.766072,26.237359,26.265682,1470000.000000
2019-04-25,25.699209,26.350659,25.699209,26.227922,1544000.000000
2019-04-26,26.209037,26.501717,25.935239,26.482834,2633300.000000
2019-04-29,29.268017,31.316776,29.268017,30.731417,9869800.000000
2019-04-30,30.646446,32.714092,30.259353,31.864374,7293300.000000
2019-05-01,31.977669,32.959565,31.892697,32.676327,4704000.000000
2019-05-02,32.062643,34.139729,32.024877,33.016216,4847200.000000
2019-05-03,33.176707,33.450506,32.553582,32.761292,2637600.000000
2019-05-06,31.703876,32.770740,30.825835,32.194820,2183700.000000
2019-05-07,31.637787,32.213707,31.354549,32.090973,1875300.000000
2019-05-08,31.996549,32.090964,31.335657,31.458395,1438000.000000
2019-05-09,31.194042,31.930462,30.731417,31.562252,2166400.000000
2019-05-10,31.335654,32.393082,31.156271,32.393082,1306200.000000
2019-05-13,31.590571,31.958781,31.430071,31.892693,1666500.000000
2019-05-14,31.977673,32.648008,31.977673,32.534710,1693700.000000
2019-05-15,32.175943,33.601577,31.840773,33.290012,2176400.000000
2019-05-16,33.214472,33.459944,32.921790,33.101177,1766300.000000
2019-05-17,32.789623,33.733753,32.652724,32.789623,2737600.000000
2019-05-20,32.374205,33.365541,32.270350,33.186157,2102400.000000
2019-05-21,33.271122,34.092513,33.233356,33.884804,1724500.000000
2019-05-22,33.620456,34.196375,33.460899,33.677101,1741500.000000
2019-05-23,33.318337,33.327776,32.468619,32.950127,1589600.000000
2019-05-24,33.393869,33.573256,33.223925,33.299458,1278300.000000
2019-05-28,33.308891,33.601572,33.148391,33.327774,915800.000000
2019-05-29,33.176715,33.271130,32.817945,32.987888,1451600.000000
2019-05-30,33.016207,33.261679,32.699921,32.780174,1268000.000000
2019-05-31,32.223147,32.648006,31.703876,32.072086,1659700.000000
2019-06-03,32.062640,32.846270,31.769962,31.873814,2627200.000000
2019-06-04,32.411974,32.563035,32.034321,32.279793,1209000.000000
2019-06-05,32.364756,32.591349,31.618897,31.722748,1733600.000000
2019-06-06,32.106461,32.437404,31.674793,32.423016,1541400.000000
2019-06-07,32.614878,32.691621,32.048914,32.259953,1039400.000000
2019-06-10,32.394236,32.912237,32.279125,32.653236,822300.000000
2019-06-11,32.941017,33.161647,32.346277,32.375053,1238800.000000
2019-06-12,32.288726,32.451802,31.617242,31.741947,1105000.000000
2019-06-13,31.789902,32.144827,31.789902,32.116051,821900.000000
2019-06-14,32.202389,32.202389,31.530906,32.058498,789600.000000
2019-06-17,32.068091,32.379852,31.943386,32.221573,922600.000000
2019-06-18,32.442204,33.267169,32.240760,33.180836,1159900.000000
2019-06-19,33.334315,33.554944,33.123276,33.401463,762300.000000
2019-06-20,33.574132,33.957838,33.219206,33.468613,1491100.000000
2019-06-21,33.372685,33.372685,32.614868,32.710793,1622100.000000
2019-06-24,32.749167,32.960205,32.336684,32.394241,750500.000000
2019-06-25,32.355864,32.816308,32.164011,32.470974,742900.000000
2019-06-26,32.490168,32.845097,32.116056,32.327095,727200.000000
2019-06-27,32.403830,32.710793,32.360665,32.518944,1081500.000000
2019-06-28,32.634056,33.305540,32.528537,33.190426,1481600.000000
2019-07-01,33.622091,33.944405,33.113684,33.411057,681100.000000
2019-07-02,33.363090,33.545352,32.614868,33.084908,993100.000000
2019-07-03,33.152058,33.516575,32.825909,33.190426,593300.000000
2019-07-05,32.893055,33.387073,32.797126,33.084908,2283100.000000
2019-07-08,33.046536,33.574129,32.413424,32.710793,965200.000000
2019-07-09,32.384638,32.720381,31.646010,31.703564,1793600.000000
2019-07-10,31.693980,32.018207,31.108830,31.713165,1624300.000000
2019-07-11,31.646018,31.902139,30.562053,30.974535,3126100.000000
2019-07-12,31.032091,32.048908,30.984128,31.905018,790900.000000
2019-07-15,31.828279,32.058500,31.128019,31.175982,981600.000000
2019-07-16,31.060863,32.173606,31.060863,32.000938,1347400.000000
2019-07-17,32.000943,32.192796,31.569275,31.588461,1634400.000000
2019-07-18,31.511703,31.727539,31.367816,31.444555,656800.000000
2019-07-19,31.578863,32.183199,31.463753,32.164013,1115400.000000
2019-07-22,32.087280,32.499763,32.039318,32.087280,795000.000000
2019-07-23,32.288716,32.509345,31.981753,32.470974,729500.000000
2019-07-24,32.288718,32.797126,32.231162,32.624458,756600.000000
2019-07-25,32.614869,32.662831,31.837866,32.135239,907400.000000
2019-07-26,32.144826,32.327088,31.482938,31.751530,1161400.000000
2019-07-29,31.751534,32.000944,30.926573,30.974535,1293000.000000
2019-07-30,30.773098,31.876246,30.696355,31.847469,1658500.000000
2019-07-31,31.722754,32.231161,31.463753,31.626829,2816100.000000
2019-08-01,29.976903,31.473352,29.209495,29.938532,4026300.000000
2019-08-02,29.698712,30.542862,29.535639,29.785046,2714800.000000
2019-08-05,28.844972,29.190306,28.585971,28.950491,4331700.000000
2019-08-06,29.257460,29.804238,29.094385,29.631571,1379000.000000
2019-08-07,29.123158,29.593196,28.734657,29.439714,1517500.000000
2019-08-08,29.948124,30.293459,29.449310,29.689125,1339300.000000
2019-08-09,29.689117,29.761061,28.998449,29.171116,942900.000000
2019-08-12,28.921715,29.267049,28.787419,28.969679,815000.000000
2019-08-13,28.758640,29.689124,28.662714,29.324604,1505000.000000
2019-08-14,28.739455,28.960086,28.087159,28.192677,1727200.000000
2019-08-15,28.288601,28.470861,28.029600,28.240639,1107200.000000
2019-08-16,28.355751,28.854567,28.183083,28.758640,1195300.000000
2019-08-19,29.209492,29.391750,28.720269,29.017639,1265800.000000
2019-08-20,28.912121,29.113567,28.307787,28.538010,686800.000000
2019-08-21,28.921715,28.921715,28.183083,28.384529,867700.000000
2019-08-22,28.528414,28.681896,28.231044,28.288599,449100.000000
2019-08-23,28.020004,28.135116,26.945633,27.079929,1473200.000000
2019-08-26,27.348526,27.530786,26.792155,27.070339,1084200.000000
2019-08-27,27.262196,27.415678,26.523565,26.600306,858000.000000
2019-08-28,26.648265,27.223820,26.494783,26.868895,1493100.000000
2019-08-29,27.185455,27.502011,27.051159,27.329344,721200.000000
2019-08-30,27.540377,27.684268,27.281378,27.511600,830500.000000
2019-09-03,27.137489,27.319747,26.322117,26.341301,1171100.000000
2019-09-04,26.504376,26.595507,25.257338,25.679413,3811000.000000
2019-09-05,26.481895,27.969423,26.447643,27.656260,2558300.000000
2019-09-06,27.489893,28.008571,26.971215,27.558397,1343500.000000
2019-09-09,27.812840,28.390236,27.631793,28.155363,1693200.000000
2019-09-10,28.223866,29.775003,28.018351,29.721180,1973400.000000
2019-09-11,29.750538,29.838615,29.104638,29.574383,1663100.000000
2019-09-12,29.349298,30.337720,29.036134,30.083275,1434400.000000
2019-09-13,30.279004,30.807466,30.279004,30.562807,1281800.000000
2019-09-16,30.562804,31.433790,30.435582,31.169559,2385300.000000
2019-09-17,30.885753,31.032548,30.186028,30.396435,1184500.000000
2019-09-18,30.298580,30.308366,29.760331,30.093067,1016000.000000
2019-09-19,30.073489,30.102849,29.349299,29.388445,1087700.000000
2019-09-20,29.408013,29.427587,28.807132,28.869764,1424500.000000
2019-09-23,28.644678,28.869764,28.263009,28.674036,1317200.000000
2019-09-24,28.664255,28.771903,27.969422,28.311945,983600.000000
2019-09-25,28.174933,28.742542,27.754119,28.683823,597700.000000
2019-09-26,28.537031,28.762117,28.204295,28.556604,1192300.000000
2019-09-27,28.654466,28.908911,27.969420,28.067284,935000.000000
2019-09-30,28.116216,28.116216,27.519249,27.685617,1756300.000000
2019-10-01,27.822624,27.969419,26.149155,26.481892,1882800.000000
2019-10-02,26.188302,26.648260,25.924069,26.540611,1861300.000000
2019-10-03,26.315526,27.431173,26.315526,27.235445,1514600.000000
2019-10-04,27.225659,27.636686,27.029933,27.617113,972200.000000
2019-10-07,27.431169,27.460527,26.980995,26.980995,1024900.000000
2019-10-08,26.609113,26.746122,26.139367,26.432959,2736800.000000
2019-10-09,26.706980,26.873346,26.452534,26.746124,604300.000000
2019-10-10,26.804845,27.607326,26.569973,27.529036,1474100.000000
2019-10-11,27.832413,29.300367,27.817732,28.938271,2271800.000000
2019-10-14,28.644678,28.899123,28.360872,28.448950,826000.000000
2019-10-15,28.458739,29.114425,28.302157,28.762115,1417400.000000
2019-10-16,28.771904,29.222078,28.654469,28.820837,831600.000000
2019-10-17,29.045921,29.261221,28.448953,29.026348,1189500.000000
2019-10-18,28.996992,30.445375,28.889343,30.190929,2546200.000000
2019-10-21,30.337721,31.052125,30.239857,30.445372,2451900.000000
2019-10-22,30.582381,31.746957,29.985413,31.296785,4127700.000000
2019-10-23,31.198924,32.030765,30.499201,31.864399,3299000.000000
2019-10-24,31.864393,32.089479,31.257637,31.570799,1517200.000000
2019-10-25,31.619748,32.236286,31.414231,32.089493,3739200.000000
2019-10-28,32.294995,32.578801,31.629522,31.629522,2321800.000000
2019-10-29,31.198921,32.598373,30.190927,32.314568,4255100.000000
2019-10-30,32.109050,32.246058,30.641094,31.424004,2745900.000000
2019-10-31,30.474731,31.174456,30.425800,31.149990,1643700.000000
2019-11-01,31.433789,32.148193,31.198917,32.148193,1306400.000000
2019-11-04,32.490723,32.945789,32.353714,32.725594,2329600.000000
2019-11-05,32.823458,33.077902,31.903538,31.942684,1165900.000000
2019-11-06,31.786095,32.265628,31.639302,32.030754,691600.000000
2019-11-07,32.363495,32.950675,32.324349,32.529865,1027700.000000
2019-11-08,32.500501,33.033859,32.118833,33.009392,893700.000000
2019-11-11,32.676667,33.156200,32.559232,33.097481,841200.000000
2019-11-12,33.058334,33.283420,32.862610,32.911541,849800.000000
2019-11-13,32.549446,32.764748,32.157994,32.666885,666300.000000
2019-11-14,32.569015,32.676666,32.177563,32.294998,876400.000000
2019-11-15,32.500508,33.048546,32.441792,32.931110,833500.000000
2019-11-18,32.862599,33.068111,32.480928,33.019180,806800.000000
2019-11-19,33.126831,33.479140,32.803883,32.940891,2363500.000000
2019-11-20,32.843033,33.351924,32.627732,32.862606,766700.000000
2019-11-21,32.872398,32.872398,32.353722,32.490730,976700.000000
2019-11-22,32.598370,32.989822,32.441788,32.940891,573200.000000
2019-11-25,32.950684,33.410644,32.676667,33.224705,1081100.000000
2019-11-26,33.195332,33.273624,32.647298,33.214905,963400.000000
2019-11-27,33.234478,33.498710,32.862599,33.391060,815600.000000
2019-11-29,33.351917,33.567214,33.126827,33.146400,383700.000000
2019-12-02,33.283416,33.518290,32.823460,32.823460,952000.000000
2019-12-03,32.383068,32.686447,32.177556,32.559223,642300.000000
2019-12-04,32.725601,33.136630,32.598381,32.666885,890200.000000
2019-12-05,33.323195,33.661300,33.144202,33.333141,672800.000000
2019-12-06,33.591686,33.939737,33.571797,33.899960,530700.000000
2019-12-09,33.790573,33.899961,33.601634,33.661297,618100.000000
2019-12-10,32.865760,33.581748,32.865760,33.253586,1121400.000000
2019-12-11,33.661293,34.228115,33.561852,34.098843,699300.000000
2019-12-12,34.049133,34.874504,33.989466,34.824783,1253200.000000
2019-12-13,34.735284,35.689932,34.735284,35.341885,2092700.000000
2019-12-16,35.630258,35.988248,35.312039,35.978306,1340300.000000
2019-12-17,36.018087,36.167249,35.530817,35.878868,1779500.000000
2019-12-18,36.008140,36.455632,35.630261,35.958420,1757500.000000
2019-12-19,36.286579,36.634626,36.008137,36.286579,816000.000000
2019-12-20,36.346251,36.833521,36.137422,36.435749,1967500.000000
2019-12-23,36.525246,36.843462,36.147364,36.674412,749600.000000
2019-12-24,36.793734,37.032397,36.505349,36.574959,268500.000000
2019-12-26,36.674405,36.952843,36.505351,36.744015,494400.000000
2019-12-27,36.793735,36.923012,36.714179,36.744015,714300.000000
2019-12-30,36.763903,36.783792,36.207023,36.286579,1058400.000000
2019-12-31,36.256750,36.753963,36.057864,36.475525,1035500.000000
2020-01-02,36.674412,36.823573,36.207031,36.674412,917100.000000
2020-01-03,36.306469,36.634631,36.087698,36.515301,694500.000000
2020-01-06,36.296526,36.395967,35.908701,36.077751,807300.000000
2020-01-07,35.968377,36.197098,35.704855,35.809269,839500.000000
2020-01-08,35.868932,36.326367,35.481107,35.550716,1131700.000000
2020-01-09,35.769488,35.858986,35.396578,35.600433,648800.000000
2020-01-10,35.530818,35.679984,34.675612,34.944107,985700.000000
2020-01-13,35.093278,35.351827,34.934170,35.242439,508800.000000
2020-01-14,35.152932,35.326960,34.584122,34.735275,911100.000000
2020-01-15,34.665660,34.944098,34.073976,34.307667,2567000.000000
2020-01-16,34.546336,35.063434,34.546336,34.914272,762400.000000
2020-01-17,35.003770,35.525841,34.775052,35.282207,578900.000000
2020-01-21,34.904331,35.262325,34.357398,34.367344,1096400.000000
2020-01-22,34.596051,34.784990,34.277835,34.307667,443600.000000
2020-01-23,33.979519,34.864560,33.740859,34.675617,884200.000000
2020-01-24,34.705445,34.705445,34.078956,34.466782,773800.000000
2020-01-27,33.870122,35.142985,33.740846,34.327557,1406200.000000
2020-01-28,34.506565,35.570600,34.407120,35.381660,1319400.000000
2020-01-29,35.550711,36.137422,35.272273,35.898758,906400.000000
2020-01-30,35.600430,36.326360,35.401544,36.008144,740500.000000
2020-01-31,35.689928,35.888814,34.899361,35.113163,936000.000000
2020-02-03,35.371713,36.226919,35.192716,35.570599,583700.000000
2020-02-04,36.306469,37.012514,36.102614,36.356194,1085500.000000
2020-02-05,36.873298,36.873298,36.266698,36.545135,842200.000000
2020-02-06,36.584916,36.873300,36.097645,36.813633,1152000.000000
2020-02-07,37.002566,37.410280,36.425801,36.883236,2812100.000000
2020-02-10,36.753959,37.370505,36.654518,37.350616,1764600.000000
2020-02-11,37.589280,37.996995,37.330731,37.529617,1272000.000000
2020-02-12,37.788160,38.663255,37.748382,38.265484,1770800.000000
2020-02-13,38.066602,38.354986,37.251173,37.340672,1065200.000000
2020-02-14,37.440120,37.499783,36.535193,36.624691,2220300.000000
2020-02-18,36.266694,37.708608,35.948478,37.340672,3619600.000000
2020-02-19,37.489844,37.996999,37.002573,37.450066,1948400.000000
2020-02-20,37.241225,38.474310,37.161669,38.434536,1834100.000000
2020-02-21,38.166054,38.742819,38.066609,38.394772,2869900.000000
2020-02-24,37.072177,37.211396,36.356194,36.356194,2042300.000000
2020-02-25,36.624693,36.684356,35.202664,35.530823,3193200.000000
2020-02-26,35.868932,36.092677,35.252389,35.550716,2791500.000000
2020-02-27,34.407121,35.411493,33.402753,33.422642,3235300.000000
2020-02-28,32.736485,33.402752,30.876910,32.607212,9109500.000000
2020-03-02,32.875710,34.556288,32.398386,32.617157,38314900.000000
2020-03-03,32.418271,32.716602,30.499032,31.523291,18033500.000000
2020-03-04,31.642615,31.821612,29.623933,30.777466,25202700.000000
2020-03-05,29.743263,29.971981,26.630713,26.680433,15758700.000000
2020-03-06,25.208686,28.629510,24.542420,27.635084,17039700.000000
2020-03-09,25.407565,26.014165,22.742507,23.199942,11306200.000000
2020-03-10,24.114819,24.373370,21.738143,23.726994,10318500.000000
2020-03-11,23.050781,24.005429,22.334794,23.359053,10683700.000000
2020-03-12,20.853097,22.702728,19.779118,21.221035,10578900.000000
2020-03-13,22.314907,23.428662,20.092365,22.871784,8556200.000000
2020-03-16,20.226611,21.917135,19.580235,21.131538,6441600.000000
2020-03-17,21.380146,22.483959,20.634327,21.419924,7718300.000000
2020-03-18,19.719454,20.296221,16.915175,19.112854,8292600.000000
2020-03-19,18.804590,22.225415,18.715091,19.898458,5737500.000000
2020-03-20,20.107285,21.270763,19.262025,19.500687,5900000.000000
2020-03-23,19.381352,20.097338,18.178098,19.391296,6477500.000000
2020-03-24,20.475220,22.444182,19.679681,22.285074,4696900.000000
2020-03-25,22.573458,25.089353,21.400036,23.150225,5175600.000000
2020-03-26,22.464072,23.995487,22.404407,23.279501,5518500.000000
2020-03-27,22.255241,22.931450,21.569089,22.503847,4304400.000000
2020-03-30,22.613232,23.796598,22.056354,23.617601,3760200.000000
2020-03-31,23.398832,24.999856,23.398832,24.661751,6458500.000000
2020-04-01,23.806544,24.960078,23.468440,23.657381,7902900.000000
2020-04-02,23.398828,24.552361,22.464068,22.911560,6383200.000000
2020-04-03,22.921505,23.756822,22.444181,23.359053,3826800.000000
2020-04-06,24.512584,25.894837,24.413141,25.288237,5045100.000000
2020-04-07,26.312492,26.670485,24.497667,24.681635,4253100.000000
2020-04-08,24.761189,25.705894,24.288837,25.556730,3268900.000000
2020-04-09,26.004225,27.356644,25.725787,26.352274,3299800.000000
2020-04-13,26.332382,26.789819,25.487120,26.073832,3164100.000000
2020-04-14,26.730154,27.306921,25.954503,26.203110,2551400.000000
2020-04-15,25.377736,25.427457,24.015373,24.224203,2597100.000000
2020-04-16,24.055153,24.641865,23.080615,24.462868,3761900.000000
2020-04-17,25.268352,26.839544,25.168909,26.660547,3811400.000000
2020-04-20,26.103668,26.970807,25.487124,26.282665,4002900.000000
2020-04-21,25.556731,26.392049,25.457288,26.232939,3174100.000000
2020-04-22,26.660544,26.948928,25.805339,26.670488,2641900.000000
2020-04-23,26.849484,27.933408,26.680431,27.207478,2991100.000000
2020-04-24,27.475974,27.943355,27.088148,27.664915,3126100.000000
2020-04-27,27.923465,29.265940,27.704692,28.609619,3505500.000000
2020-04-28,29.226162,29.832763,28.569842,29.106833,2800800.000000
2020-04-29,29.832762,30.310086,29.549351,30.150978,2132600.000000
2020-04-30,29.743262,29.783040,28.709060,28.917889,2507200.000000
2020-05-01,28.490286,28.594700,27.456085,27.973185,1507800.000000
2020-05-04,27.595305,27.605250,26.630713,27.217424,1763500.000000
2020-05-05,27.356643,28.221792,27.356643,27.436197,2074000.000000
2020-05-06,27.585361,27.635083,26.938985,27.127926,1515600.000000
2020-05-07,27.585359,28.107432,27.426251,27.525694,1705700.000000
2020-05-08,28.052736,29.031252,27.794187,29.007385,1869500.000000
2020-05-11,28.728952,29.166499,27.993077,28.927837,2878100.000000
2020-05-12,27.356645,29.236109,27.247258,27.306923,5602100.000000
2020-05-13,26.879322,26.909153,25.226586,25.775509,4952200.000000
2020-05-14,25.278296,26.988707,24.671696,26.561104,3223900.000000
2020-05-15,26.292609,26.730155,26.073834,26.272720,3029200.000000
2020-05-18,27.157761,28.798563,27.157761,28.540014,2445800.000000
2020-05-19,28.361012,28.957667,27.923464,28.321234,4322000.000000
2020-05-20,28.709061,29.494657,28.525091,28.858225,2766600.000000
2020-05-21,28.788611,29.246046,28.490283,29.246046,2218200.000000
2020-05-22,29.295771,29.295771,28.271514,28.380901,2312000.000000
2020-05-26,29.335550,30.678024,29.126721,30.240477,3931800.000000
2020-05-27,30.837134,31.513343,29.733321,29.832764,3437200.000000
2020-05-28,27.843916,29.206280,27.774306,28.589735,6700100.000000
2020-05-29,28.400789,28.520121,27.595305,28.042797,5718600.000000
2020-06-01,28.032852,28.723977,27.560500,28.599674,2916700.000000
2020-06-02,28.878116,29.186387,28.430624,28.689175,2427800.000000
2020-06-03,29.166500,30.687972,28.957672,30.618362,3020200.000000
2020-06-04,30.459252,31.105630,30.260368,30.508974,3246100.000000
2020-06-05,31.901166,33.780629,31.821610,33.054699,6281700.000000
2020-06-08,34.655731,34.904338,33.233702,34.834728,6190800.000000
2020-06-09,34.118737,34.297734,32.825981,32.905537,3333300.000000
2020-06-10,32.746429,33.089507,32.378492,32.597263,3277800.000000
2020-06-11,31.085742,31.354237,30.489086,30.578585,5547600.000000
2020-06-12,31.791780,31.980722,30.349865,31.045961,3081900.000000
2020-06-15,29.872540,31.045960,29.425048,30.847076,4265500.000000
2020-06-16,32.458042,32.885646,30.946517,31.195124,4575600.000000
2020-06-17,30.329976,30.787411,29.315662,29.385271,11689000.000000
2020-06-18,29.246050,30.091312,29.156552,29.216217,5166200.000000
2020-06-19,29.663711,29.683600,28.629510,28.649397,6945900.000000
2020-06-22,28.450508,29.285825,28.271511,29.007385,4126000.000000
2020-06-23,29.345491,29.474766,28.699115,28.818445,4871200.000000
2020-06-24,28.530066,28.530066,26.571046,27.346699,10711200.000000
2020-06-25,27.207481,27.525697,26.660546,27.416309,6608200.000000
2020-06-26,27.356643,27.615194,26.929040,27.078203,9657300.000000
2020-06-29,27.336754,28.142238,27.117981,27.953299,3721700.000000
2020-06-30,27.754415,28.211852,27.396421,27.963245,3384400.000000
2020-07-01,28.022909,28.490288,27.754414,27.883690,3287100.000000
2020-07-02,28.450515,29.057113,28.191964,28.301350,3861400.000000
2020-07-06,28.758781,29.236105,28.455481,29.146606,2797600.000000
2020-07-07,28.947724,28.977555,27.913520,27.943354,2380700.000000
2020-07-08,27.923467,28.251628,27.565474,27.963245,2630400.000000
2020-07-09,27.843912,27.953299,27.008594,27.704693,2904900.000000
2020-07-10,27.664917,28.251628,27.625141,28.152185,3594500.000000
2020-07-13,28.390844,29.146608,28.241681,28.470398,3655000.000000
2020-07-14,28.520118,29.594098,28.271512,29.564264,3045400.000000
2020-07-15,30.001816,30.876909,30.001816,30.787411,3462000.000000
2020-07-16,30.717803,31.145406,30.280257,30.508974,2676800.000000
2020-07-17,30.638249,30.966410,30.240479,30.479141,2905600.000000
2020-07-20,30.439361,31.205067,30.240475,31.125513,3138600.000000
2020-07-21,31.324403,31.821615,31.224960,31.473566,3143700.000000
2020-07-22,31.543173,31.970778,31.334345,31.722170,2453500.000000
2020-07-23,31.622732,31.931006,31.234907,31.453680,2109800.000000
2020-07-24,31.503394,31.612781,31.105624,31.423840,2427600.000000
2020-07-27,31.602838,31.776862,31.244845,31.642614,1862200.000000
2020-07-28,31.692343,31.791784,31.006189,31.175241,3074800.000000
2020-07-29,31.453665,31.980711,31.224948,31.980711,1957800.000000
2020-07-30,31.493452,31.732114,31.065849,31.632671,1930000.000000
2020-07-31,31.483510,31.901171,30.837134,31.413900,2658200.000000
2020-08-03,31.662500,32.477929,31.473559,32.448097,2969600.000000
2020-08-04,32.756368,33.323190,31.911108,32.467987,5173500.000000
2020-08-05,32.756376,33.412697,32.602242,32.716602,2362900.000000
2020-08-06,32.656930,33.000008,32.358603,32.855816,1847800.000000
2020-08-07,32.756374,33.730910,32.577377,33.711025,2916200.000000
2020-08-10,33.770693,34.844675,33.621532,34.834728,3477500.000000
2020-08-11,35.162879,36.040956,35.162879,35.660091,3626000.000000
2020-08-12,35.868934,35.988264,35.182782,35.411499,1977300.000000
2020-08-13,35.172827,35.262326,34.849638,34.924221,1710000.000000
2020-08-14,34.655723,35.401542,34.327564,35.202660,1572700.000000
2020-08-17,35.252379,35.341878,34.486671,34.615948,1595500.000000
2020-08-18,34.536389,34.814827,34.407113,34.427002,1917900.000000
2020-08-19,34.486674,34.785001,34.108791,34.238068,1363000.000000
2020-08-20,33.810465,34.506564,33.641415,34.436954,1647600.000000
2020-08-21,34.407115,34.725331,34.238065,34.516502,1364700.000000
2020-08-24,34.745227,35.252386,34.516509,35.242439,1304500.000000
2020-08-25,35.361768,35.441320,34.745222,35.043552,1303300.000000
2020-08-26,34.973939,35.192714,34.695502,34.963997,1202800.000000
2020-08-27,35.192714,35.307075,34.884445,35.093273,1421600.000000
2020-08-28,35.192706,35.640198,35.008740,35.560642,2421100.000000
2020-08-31,35.640206,35.640206,34.864555,34.864555,1779900.000000
2020-09-01,34.725335,36.028033,34.407119,36.008144,1895400.000000
2020-09-02,36.057866,36.152337,35.481101,35.898758,2314700.000000
2020-09-03,35.898764,36.137427,34.834728,35.192722,2030600.000000
2020-09-04,35.689928,35.998201,34.993829,35.113163,2199100.000000
2020-09-08,34.874505,34.914283,33.860190,34.277851,3055700.000000
2020-09-09,34.665670,35.471152,34.466784,35.222546,2028000.000000
2020-09-10,35.222554,35.562650,34.765119,34.834728,2172200.000000
2020-09-11,35.033604,35.903726,34.834718,35.779423,2233100.000000
2020-09-14,35.809265,36.187148,35.620326,36.117538,1947400.000000
2020-09-15,36.167250,36.395967,35.789371,36.127476,1992800.000000
2020-09-16,36.356196,37.181567,36.256751,36.724133,2970600.000000
2020-09-17,36.296529,37.420231,35.898757,36.982681,3151600.000000
2020-09-18,36.853408,37.131846,35.620319,35.699875,8420100.000000
2020-09-21,34.944105,35.242432,33.830350,34.466782,2536000.000000
2020-09-22,34.337509,35.008749,34.287789,34.904331,2757000.000000
2020-09-23,35.033614,35.587508,34.814839,34.834728,2097200.000000
2020-09-24,34.993828,35.769482,34.009349,35.172825,2025200.000000
2020-09-25,34.844666,35.416462,34.645781,35.172825,1787200.000000
2020-09-28,35.829144,36.565021,35.679983,35.849033,2406100.000000
2020-09-29,35.978317,36.346254,35.471158,35.670044,1470000.000000
2020-09-30,35.709812,36.221940,35.013714,35.401539,2069400.000000
2020-10-01,35.689928,35.888813,34.934166,35.371712,1420800.000000
2020-10-02,34.794944,36.376081,34.665668,35.878868,1920700.000000
2020-10-05,36.386027,36.903129,36.246808,36.704243,2247500.000000
2020-10-06,36.803683,37.221344,36.177198,36.246807,2281000.000000
2020-10-07,36.714184,36.942905,36.236860,36.455635,4214800.000000
2020-10-08,36.694302,37.102017,36.286588,37.022461,2165800.000000
2020-10-09,37.370512,37.569394,36.893184,36.923019,1914900.000000
2020-10-12,37.092070,37.201457,36.699271,37.002571,2034800.000000
2020-10-13,36.883232,37.430165,36.853401,37.320778,2597600.000000
2020-10-14,37.360568,37.887612,37.092073,37.161682,2631900.000000
2020-10-15,36.356195,36.942906,36.107588,36.863350,2636400.000000
2020-10-16,37.251184,37.768285,36.997608,37.012524,1611800.000000
2020-10-19,36.952845,37.251172,36.316414,36.395966,2084100.000000
2020-10-20,36.734079,37.583318,36.729110,37.032410,1932800.000000
2020-10-21,37.072185,37.698674,37.037380,37.052296,1648900.000000
2020-10-22,36.962786,37.832908,36.863345,37.718552,1392500.000000
2020-10-23,37.967161,38.166047,37.251174,38.056660,1827400.000000
2020-10-26,37.539558,37.539558,35.824176,36.356194,2390300.000000
2020-10-27,36.296530,36.594857,35.739650,35.898758,1882000.000000
2020-10-28,35.152936,35.699873,34.954054,35.043552,1918000.000000
2020-10-29,34.864556,35.262324,34.496616,34.884445,1865300.000000
2020-10-30,34.755170,35.083329,34.178402,34.745224,2369300.000000
2020-11-02,35.361766,35.928588,35.162880,35.779423,2145500.000000
2020-11-03,36.117531,38.772649,35.839093,38.533985,3722000.000000
2020-11-04,38.474319,38.504155,36.793742,37.857777,3710900.000000
2020-11-05,38.354990,39.985847,37.947275,39.578133,2432600.000000
2020-11-06,39.448855,40.239425,39.423996,40.025623,1899000.000000
2020-11-09,41.775811,45.276189,41.775811,42.541519,4984900.000000
2020-11-10,42.263074,43.610520,42.233243,42.511681,3268400.000000
2020-11-11,42.909458,42.929343,41.964753,42.372467,1440600.000000
2020-11-12,41.915029,42.631013,41.785753,42.263077,1609700.000000
2020-11-13,42.740404,43.526001,42.282969,42.521629,2822900.000000
2020-11-16,43.366896,44.749147,42.989013,44.739204,3257500.000000
2020-11-17,44.311607,44.719321,43.506121,44.391159,1725200.000000
2020-11-18,44.719315,44.739203,43.645333,43.665222,1458700.000000
2020-11-19,43.466328,44.062985,43.187890,43.953598,1525800.000000
2020-11-20,44.023218,44.202215,43.664230,44.013271,1433400.000000
2020-11-23,44.540310,44.828694,44.212148,44.232037,1773800.000000
2020-11-24,45.037522,45.325906,44.689470,45.216518,2076300.000000
2020-11-25,45.077309,45.077309,44.480652,44.560207,1006400.000000
2020-11-27,44.938088,44.938088,44.381212,44.550262,594900.000000
2020-11-30,44.331482,44.639751,43.784545,44.023209,2517300.000000
2020-12-01,44.778980,45.385580,44.510485,44.550262,2909300.000000
2020-12-02,44.192269,44.649708,43.778588,44.082886,1760500.000000
2020-12-03,43.963540,44.729248,43.764655,44.212147,1720600.000000
2020-12-04,44.550262,45.196640,44.550262,44.938087,1578800.000000
2020-12-07,44.848590,44.997755,43.923774,44.082886,1992700.000000
2020-12-08,43.794497,44.331488,43.764662,44.291710,2148800.000000
2020-12-09,44.550261,44.828703,44.420985,44.739204,2161900.000000
2020-12-10,44.460754,44.679529,44.182316,44.540310,2208200.000000
2020-12-11,44.053040,44.381203,43.834269,44.072929,2631600.000000
2020-12-14,44.997748,45.206577,43.506110,43.615498,2269800.000000
2020-12-15,44.251934,44.679537,43.620475,44.510483,1716700.000000
2020-12-16,44.580088,44.604947,43.585663,44.072929,1526500.000000
2020-12-17,44.192262,45.320937,43.714938,45.186687,2312200.000000
2020-12-18,45.286134,45.634182,44.649703,44.967918,5238800.000000
2020-12-21,44.033160,45.445246,43.764664,45.405468,1579300.000000
2020-12-22,45.554637,45.723687,45.246363,45.306030,1523400.000000
2020-12-23,45.524795,45.733627,45.077306,45.504906,859600.000000
2020-12-24,45.524797,45.783350,44.938086,45.773403,609700.000000
2020-12-28,46.031956,46.559994,44.798867,44.848587,1106000.000000
2020-12-29,44.938078,45.176741,43.903878,44.232037,1010300.000000
2020-12-30,44.251932,45.127027,44.251932,44.987808,1439800.000000
2020-12-31,44.997757,45.385582,44.182328,45.306030,1506100.000000
2021-01-04,45.425346,45.504898,43.595603,44.062984,2232100.000000
2021-01-05,44.122661,45.161838,44.122661,44.948036,1797500.000000
2021-01-06,45.604345,47.384367,45.539705,46.419773,1968300.000000
2021-01-07,46.747927,47.145699,46.320328,46.757874,990800.000000
2021-01-08,46.867272,47.195431,45.574520,46.141342,1659000.000000
2021-01-11,45.654070,46.419778,45.335854,46.230839,739800.000000
2021-01-12,46.728048,47.513641,46.280555,46.797657,1245200.000000
2021-01-13,46.608713,46.907040,45.823120,45.823120,1577100.000000
2021-01-14,46.131401,46.519226,45.673966,46.081680,1799100.000000
2021-01-15,46.907050,47.036326,45.286139,45.654076,4578000.000000
2021-01-19,46.101558,46.330275,45.673954,46.031948,1642900.000000
2021-01-20,46.191062,46.449611,45.568552,45.733627,1367100.000000
2021-01-21,45.673960,45.972287,45.455185,45.504906,1101900.000000
2021-01-22,45.176742,45.460153,44.759081,44.977856,1319600.000000
2021-01-25,44.749138,44.967912,43.913820,44.261868,1826100.000000
2021-01-26,44.649703,44.992777,43.337061,43.347004,1485600.000000
2021-01-27,42.322745,42.362519,40.413446,40.582500,2178400.000000
2021-01-28,41.248768,42.750353,40.980273,42.402302,2174600.000000
2021-01-29,42.133798,42.412240,41.169209,41.606754,3165200.000000
2021-02-01,42.153690,42.471906,41.447649,42.362518,3118900.000000
2021-02-02,42.889573,43.421591,42.382414,43.138180,1257200.000000
2021-02-03,42.879620,43.501135,42.601182,43.317169,1255900.000000
2021-02-04,43.535944,43.794497,42.611128,42.750351,4587700.000000
2021-02-05,43.307225,43.864104,42.949231,43.535942,1357100.000000
2021-02-08,43.595607,43.953601,43.446442,43.804436,1275400.000000
2021-02-09,43.535941,44.281760,43.436500,43.824326,1339100.000000
2021-02-10,43.963540,44.391144,43.555826,44.212147,1534000.000000
2021-02-11,44.192268,45.017643,43.257509,43.784554,1743700.000000
2021-02-12,43.645336,44.122659,43.168012,43.675167,1683300.000000
2021-02-16,44.023217,44.251934,43.058623,43.327118,1338600.000000
2021-02-17,43.197839,43.337062,42.591243,42.750351,1001600.000000
2021-02-18,42.461969,42.770238,41.765870,42.531578,1250200.000000
2021-02-19,42.810011,44.062989,42.810011,43.645329,1610100.000000
2021-02-22,43.247567,44.570151,43.088459,43.526005,3412600.000000
2021-02-23,44.430924,46.728048,43.710961,45.325909,4562700.000000
2021-02-24,45.584460,47.990967,45.206577,47.831860,4067000.000000
2021-02-25,47.742356,48.647283,45.942448,46.091610,3534000.000000
2021-02-26,46.111512,46.672367,45.462152,46.081680,2381200.000000
2021-03-01,46.777766,47.702582,46.728046,47.195423,1978400.000000
2021-03-02,47.006489,47.235207,46.489388,46.539108,1548500.000000
2021-03-03,46.449612,47.235209,46.340225,46.549057,2813300.000000
2021-03-04,46.379996,47.473867,45.743565,46.797657,3444900.000000
2021-03-05,47.354541,49.403058,46.549058,49.214119,3619300.000000
2021-03-08,49.542274,51.322296,49.214115,50.268204,6393300.000000
2021-03-09,50.248307,50.268196,47.811968,47.821911,2216300.000000
2021-03-10,48.448408,49.164391,47.642922,48.697014,1454000.000000
2021-03-11,48.746735,49.671551,48.460338,48.746735,1405000.000000
2021-03-12,48.856124,49.432889,48.587629,49.323502,2124900.000000
2021-03-15,49.253885,50.506863,48.905838,50.477028,2007000.000000
2021-03-16,50.029541,50.228423,48.667175,48.667175,1398700.000000
2021-03-17,48.816343,49.741159,48.289298,49.502495,1286300.000000
2021-03-18,49.502489,50.616248,49.184273,49.462715,2024600.000000
2021-03-19,49.353332,49.711326,48.239573,49.174335,6270400.000000
2021-03-22,49.124610,49.124610,47.752302,48.537899,1880400.000000
2021-03-23,47.971083,48.451388,46.678327,46.877213,1574900.000000
2021-03-24,47.274990,48.677130,47.274990,48.070530,1788200.000000
2021-03-25,47.623026,48.711923,46.678321,48.458344,1630300.000000
2021-03-26,48.985392,49.681491,48.518015,49.432884,970700.000000
2021-03-29,49.313564,49.691447,49.094789,49.313564,1149300.000000
2021-03-30,49.472659,50.107103,49.144497,49.761044,2069000.000000
2021-03-31,49.820711,50.636139,48.895895,48.935673,2105100.000000
2021-04-01,49.134561,49.442834,48.657237,49.333447,1857300.000000
2021-04-05,49.741159,50.287098,49.582051,49.810768,1839800.000000
2021-04-06,50.079270,50.486984,49.631777,49.949993,1249000.000000
2021-04-07,49.800826,50.069317,49.243946,49.860489,1494200.000000
2021-04-08,49.770987,50.119038,49.055003,50.039482,1515800.000000
2021-04-09,50.288088,50.447196,49.452771,50.298035,1296100.000000
2021-04-12,51.153244,51.202968,49.641716,49.870438,2920100.000000
2021-04-13,49.591994,49.641715,48.358909,48.955563,2750000.000000
2021-04-14,49.084841,49.835633,49.045063,49.124619,1989800.000000
2021-04-15,49.243946,49.462721,48.746733,49.064949,2174100.000000
2021-04-16,49.532335,50.099157,49.243950,49.959938,2722900.000000
2021-04-19,49.800827,50.675918,49.731213,50.626198,2344800.000000
2021-04-20,50.576474,50.616252,49.204166,50.059372,3009000.000000
2021-04-21,49.840599,50.844971,49.532329,50.665974,2139100.000000
2021-04-22,50.675927,51.824491,50.307990,50.954369,2674900.000000
2021-04-23,51.222850,51.600733,50.795250,51.332237,1873100.000000
2021-04-26,51.292456,51.710112,50.924516,50.944405,2059700.000000
2021-04-27,51.173136,51.173136,50.367654,50.924530,1330000.000000
2021-04-28,50.765421,51.829456,50.685869,51.650459,3508000.000000
2021-04-29,50.029552,51.411803,49.492562,50.954369,3276100.000000
2021-04-30,50.437262,50.700784,49.015233,49.134563,3399200.000000
2021-05-03,49.253885,49.512438,47.981022,48.030743,2870300.000000
2021-05-04,47.821917,48.995340,47.349567,48.935673,1974400.000000
2021-05-05,49.194230,49.388143,48.309192,49.134563,1431400.000000
2021-05-06,49.144507,49.413003,48.716908,49.253895,1355500.000000
2021-05-07,48.995332,50.407414,48.592591,50.248306,1704400.000000
2021-05-10,50.576483,51.312356,49.830664,49.840607,1495400.000000
2021-05-11,47.623034,48.647291,46.946824,47.891529,6767300.000000
2021-05-12,48.020797,48.239568,46.767819,46.867264,2345700.000000
2021-05-13,46.807597,47.692635,46.807597,47.304810,1474700.000000
2021-05-14,47.672759,48.488188,47.483820,48.269417,2554000.000000
2021-05-17,48.090407,48.687060,47.563362,48.488174,2894100.000000
2021-05-18,48.478236,48.503098,47.762249,48.150074,3407600.000000
2021-05-19,47.473877,47.642927,46.499337,47.473877,3195300.000000
2021-05-20,47.941241,48.189847,47.324698,48.000908,4055500.000000
2021-05-21,48.488177,49.134555,48.269406,48.597565,2453400.000000
2021-05-24,48.856129,49.502504,48.587634,49.313564,2018000.000000
2021-05-25,49.273783,49.616861,48.398688,48.408634,1642400.000000
2021-05-26,48.498137,48.915794,48.368860,48.895905,1228000.000000
2021-05-27,49.373223,49.701382,49.055007,49.393108,3278600.000000
2021-05-28,49.522378,49.522378,48.955556,49.363270,1423400.000000
2021-06-01,50.049433,50.327871,49.741160,49.751102,1421100.000000
2021-06-02,49.761051,49.979822,49.238976,49.452778,1467700.000000
2021-06-03,49.184278,49.253887,48.746732,48.866062,1226600.000000
2021-06-04,49.084838,49.412996,48.776565,48.935673,1268000.000000
2021-06-07,49.114664,49.144496,47.856717,47.941242,1569100.000000
2021-06-08,47.802034,48.448412,47.404262,48.229637,1323300.000000
2021-06-09,48.070530,48.070530,47.374431,47.404263,1334700.000000
2021-06-10,47.772195,47.792084,47.076096,47.095985,1292000.000000
2021-06-11,47.404263,47.692648,47.265044,47.682705,1394200.000000
2021-06-14,47.702595,47.727453,47.095995,47.265045,1652100.000000
2021-06-15,47.394311,47.493752,46.936876,47.056206,2345000.000000
2021-06-16,46.897108,47.672759,46.499337,47.473877,4026400.000000
2021-06-17,48.020805,48.236594,45.693849,45.733627,5377400.000000
2021-06-18,44.908252,46.141341,44.759087,45.246357,4236600.000000
2021-06-21,45.693846,46.737992,45.693846,46.658436,2250100.000000
2021-06-22,46.787714,46.787714,45.962342,46.340221,1342900.000000
2021-06-23,46.370060,46.777774,46.061787,46.549057,1670000.000000
2021-06-24,46.887165,47.637954,46.504309,47.374432,2688600.000000
2021-06-25,47.712537,48.856128,47.623039,48.706963,4384400.000000
2021-06-28,48.826283,48.866061,47.842798,48.567734,1941100.000000
2021-06-29,48.756683,49.035125,48.234612,48.269417,1443000.000000
2021-06-30,48.150070,48.756670,48.150070,48.537899,1635300.000000
2021-07-01,48.866064,49.114670,48.259464,48.339020,2471900.000000
2021-07-02,48.408625,48.561765,48.130187,48.319126,1451300.000000
2021-07-06,48.905848,48.950595,47.563375,47.990974,1674800.000000
2021-07-07,47.811977,49.151464,47.752310,49.074894,5212800.000000
2021-07-08,48.339026,48.617464,47.811981,47.990974,3432000.000000
2021-07-09,48.726854,49.293676,48.577688,49.104736,2387800.000000
2021-07-12,49.224066,49.422952,48.876019,49.104736,1382900.000000
2021-07-13,48.945617,49.025169,48.174935,48.309185,1358300.000000
2021-07-14,48.348962,48.736787,47.642921,47.802029,1616400.000000
2021-07-15,47.583256,48.398685,47.384374,47.861698,2133100.000000
2021-07-16,48.050637,48.627406,47.826893,47.891529,1987500.000000
2021-07-19,46.419783,46.787720,45.589439,45.992180,2869400.000000
2021-07-20,46.240784,47.971086,46.071734,47.881588,2019600.000000
2021-07-21,48.179913,48.697014,48.070525,48.358910,1470800.000000
2021-07-22,48.518021,48.697018,48.070529,48.229637,1927200.000000
2021-07-23,48.587626,48.786512,47.851750,48.339020,1902400.000000
2021-07-26,48.478241,48.786515,48.289302,48.577682,961400.000000
2021-07-27,48.020798,48.667172,47.811970,47.941242,1464800.000000
2021-07-28,47.851758,48.060590,47.086050,47.205383,2343300.000000
2021-07-29,46.986599,48.348961,46.986599,47.911415,2535700.000000
2021-07-30,47.971079,48.647285,47.732416,48.597565,2133400.000000
2021-08-02,48.687072,49.582057,48.040698,48.100361,1876900.000000
2021-08-03,48.428518,49.527358,47.652864,49.393108,2547900.000000
2021-08-04,49.442828,50.735581,49.094777,50.039482,10410400.000000
2021-08-05,50.437256,51.103519,49.616854,49.820709,6823600.000000
2021-08-06,50.128993,50.601344,49.502504,49.542282,4598800.000000
2021-08-09,49.323506,49.512449,48.766630,49.243954,2136400.000000
2021-08-10,49.283726,50.825084,49.194227,50.775364,2676100.000000
2021-08-11,50.914590,51.242748,50.387542,51.242748,2295900.000000
2021-08-12,51.312348,51.779729,51.163186,51.720062,2286000.000000
2021-08-13,51.710119,52.361466,51.560953,52.137722,2799100.000000
2021-08-16,51.948779,52.177496,51.381953,52.008442,1677300.000000
2021-08-17,51.680291,51.799621,50.387535,50.566532,2778100.000000
2021-08-18,50.437257,50.805193,50.128984,50.198593,1544500.000000
2021-08-19,49.721264,49.930092,49.035112,49.462715,2231600.000000
2021-08-20,49.472669,49.860494,49.174342,49.800831,1489300.000000
2021-08-23,50.298037,50.984189,50.208539,50.665974,1637600.000000
2021-08-24,50.805193,51.710120,50.805193,51.511234,1540500.000000
2021-08-25,51.700169,52.107883,51.372007,51.799610,2112900.000000
2021-08-26,51.700175,51.909003,51.043854,51.531120,2154800.000000
2021-08-27,51.789670,53.092365,51.471450,52.555374,3400700.000000
2021-08-30,52.595154,53.241532,52.157608,52.953148,2042900.000000
2021-08-31,52.923320,53.122202,52.356498,52.724434,2159100.000000
2021-09-01,53.012817,53.012817,52.088002,52.445995,1991900.000000
2021-09-02,53.132149,54.151437,52.605105,53.490143,3856500.000000
2021-09-03,53.579645,53.902834,52.336613,52.644882,3760300.000000
2021-09-07,52.446003,52.784107,51.193024,51.471462,2502300.000000
2021-09-08,51.272580,52.565332,51.123414,52.426113,2777900.000000
2021-09-09,52.426112,53.848141,52.426112,53.589588,3864200.000000
2021-09-10,54.146462,54.932059,53.818300,54.424900,3696100.000000
2021-09-13,55.001669,55.309939,53.107286,53.698971,3969100.000000
2021-09-14,54.007246,54.017188,52.575271,53.251480,2652900.000000
2021-09-15,53.142095,54.713289,52.933267,54.673512,3058900.000000
2021-09-16,54.444790,54.872393,53.897857,54.265793,2961300.000000
2021-09-17,53.659187,54.405006,53.510025,53.997292,8807300.000000
2021-09-20,52.833822,53.231590,52.058168,52.694603,2795100.000000
2021-09-21,53.032714,53.122209,51.869234,52.624996,2089700.000000
2021-09-22,53.152036,53.430474,52.545436,52.605103,2314600.000000
2021-09-23,52.863653,53.480196,52.734377,53.340977,2461000.000000
2021-09-24,53.301195,53.669135,52.913370,53.211697,1516000.000000
2021-09-27,53.331042,54.434855,53.032715,53.082436,2819000.000000
2021-09-28,52.545450,52.873609,51.033923,51.272587,2336900.000000
2021-09-29,51.461514,51.710120,50.954359,51.123409,1972400.000000
2021-09-30,51.282520,51.352129,50.099155,50.128986,2892700.000000
2021-10-01,50.347758,50.884745,49.741158,50.586418,1209300.000000
2021-10-04,50.685863,51.073688,50.258260,50.457146,1620600.000000
2021-10-05,50.576483,51.466494,50.218489,50.924530,1613200.000000
2021-10-06,50.158816,51.023969,49.770991,50.884747,3167400.000000
2021-10-07,51.511234,52.157612,51.381957,51.411793,2244900.000000
2021-10-08,51.123402,51.476423,50.417361,50.705746,1342700.000000
2021-10-11,50.546644,50.884745,49.780936,49.790878,1379300.000000
2021-10-12,49.900273,50.298045,49.437865,49.611889,1563300.000000
2021-10-13,49.840599,50.561560,49.472663,50.457146,1651600.000000
2021-10-14,50.904637,52.008450,50.616257,51.978619,1756700.000000
2021-10-15,52.371416,52.784104,52.177503,52.217278,1229900.000000
2021-10-18,51.769793,52.784108,51.615655,52.624996,1640300.000000
2021-10-19,53.062534,53.599524,53.002867,53.271362,1691800.000000
2021-10-20,53.460315,53.770576,53.176904,53.261433,1412800.000000
2021-10-21,52.764219,54.037082,52.764219,53.808365,2410100.000000
2021-10-22,54.037084,54.345358,53.430484,53.897865,1050100.000000
2021-10-25,53.738744,54.733169,53.549801,54.245899,1625900.000000
2021-10-26,54.464688,54.494519,53.592578,53.639313,1348600.000000
2021-10-27,53.569691,54.141486,52.878566,52.923317,1511100.000000
2021-10-28,52.953160,54.037084,52.605113,54.027142,1561900.000000
2021-10-29,53.708914,54.176296,53.201759,53.460308,2133800.000000
2021-11-01,53.619408,54.489530,53.579634,54.186234,1614000.000000
2021-11-02,54.196179,55.936423,53.698966,55.916534,2100200.000000
2021-11-03,55.707716,56.015989,54.971839,55.747494,2096300.000000
2021-11-04,56.722026,58.104277,56.214867,56.831413,2183000.000000
2021-11-05,57.368404,57.726398,56.364036,56.930859,2939100.000000
2021-11-08,57.507625,57.945171,57.268961,57.587177,2282800.000000
2021-11-09,57.507601,59.248446,57.487705,59.188759,3092700.000000
2021-11-10,58.790842,59.178805,57.985081,58.084557,1820900.000000
2021-11-11,58.253666,58.358116,57.631935,57.945286,1083900.000000
2021-11-12,58.223825,58.290476,57.577227,58.144245,1369400.000000
2021-11-15,58.283511,59.089276,58.243720,58.741104,2400700.000000
2021-11-16,58.910214,60.670955,58.850526,59.984562,2147000.000000
2021-11-17,59.865201,59.870175,58.253676,59.029594,1913000.000000
2021-11-18,59.686139,60.939546,59.507080,60.581432,3510100.000000
2021-11-19,61.556302,61.735361,59.974620,61.128551,2734700.000000
2021-11-22,61.417039,61.725415,59.566768,59.606556,1954500.000000
2021-11-23,59.397655,60.442162,59.139017,60.372528,1908500.000000
2021-11-24,59.706033,60.720698,59.686137,60.700802,1370700.000000
2021-11-26,58.184040,59.596610,57.885607,58.631683,1882400.000000
2021-11-29,59.566766,60.243209,58.969902,59.487183,1999400.000000
2021-11-30,58.940056,59.825400,57.716491,58.034817,2563700.000000
2021-12-01,59.119121,59.526976,56.771466,56.801308,1463700.000000
2021-12-02,57.189258,59.268325,57.089779,58.930103,2415500.000000
2021-12-03,59.298179,59.298179,57.268850,58.193985,2174100.000000
2021-12-06,59.019642,59.397651,58.412832,58.432728,2623700.000000
2021-12-07,59.019648,60.103942,58.910222,59.417553,2201800.000000
2021-12-08,59.198699,59.895038,58.611785,59.835354,2614800.000000
2021-12-09,59.477239,60.108915,59.248442,59.606556,1162100.000000
2021-12-10,59.686141,59.875146,58.940064,59.278286,1676500.000000
2021-12-13,59.248439,59.984566,59.163880,59.328018,1983300.000000
2021-12-14,58.920162,59.268334,57.134554,57.776180,3232400.000000
2021-12-15,58.174090,59.288230,57.517542,59.228546,2478300.000000
2021-12-16,59.407603,60.362580,58.462571,59.109169,1976200.000000
2021-12-17,58.870424,59.178804,57.855760,57.915447,3680200.000000
2021-12-20,57.119625,57.636906,56.602349,57.567272,2193300.000000
2021-12-21,58.223826,59.218595,57.796075,58.860477,1711500.000000
2021-12-22,58.910216,59.178805,58.024873,58.432728,1148200.000000
2021-12-23,58.731163,59.735878,58.651579,59.427502,1140200.000000
2021-12-27,59.566764,61.118601,59.477235,60.889805,1197400.000000
2021-12-28,60.959440,61.377245,60.581430,61.048969,1244100.000000
2021-12-29,60.959444,61.267824,60.760493,61.078819,754500.000000
2021-12-30,61.098697,61.675665,60.929588,60.929588,757300.000000
2021-12-31,60.830118,61.904466,60.830118,61.546349,966200.000000
2022-01-03,61.874625,62.312322,59.009690,59.318069,1892100.000000
2022-01-04,59.835362,60.750547,59.417557,60.422276,1837800.000000
2022-01-05,60.432210,61.029070,58.840581,58.900265,2537700.000000
2022-01-06,59.417544,60.183516,58.799794,59.984562,1367400.000000
2022-01-07,60.014406,60.551579,58.940054,58.989792,1917900.000000
2022-01-10,58.174085,58.780895,57.656805,58.681419,2101600.000000
2022-01-11,59.009694,59.775667,58.074613,59.656296,1543500.000000
2022-01-12,59.904991,60.342688,59.487186,59.666245,1085800.000000
2022-01-13,59.536920,60.133784,58.994773,59.208649,1370600.000000
2022-01-14,58.452624,59.188755,57.985086,59.049488,1947700.000000
2022-01-18,58.233780,58.810744,57.855767,58.303413,1756300.000000
2022-01-19,58.701310,59.119114,57.955233,58.074608,1429600.000000
2022-01-20,57.945290,59.069380,57.209160,57.348431,1650700.000000
2022-01-21,56.851050,57.597126,56.313873,56.970421,1983700.000000
2022-01-24,55.945814,56.960475,54.135331,56.861000,2971100.000000
2022-01-25,55.915966,56.333771,54.214912,55.289265,2617300.000000
2022-01-26,55.826428,57.035072,55.040564,55.647369,2665300.000000
2022-01-27,56.393445,56.920676,54.324328,54.543179,2858800.000000
2022-01-28,54.314385,54.851561,53.056003,54.831665,2409000.000000
2022-01-31,54.791865,56.065168,54.443693,55.915951,1855500.000000
2022-02-01,55.945803,56.771459,55.314123,56.512821,1465200.000000
2022-02-02,56.671987,56.940575,56.134811,56.453136,1425000.000000
2022-02-03,55.995553,56.244245,54.632716,54.811775,2492900.000000
2022-02-04,54.334278,54.796846,53.150504,54.334278,2240500.000000
2022-02-07,54.403913,54.762031,54.125379,54.284542,1796400.000000
2022-02-08,54.453643,55.294220,53.980131,54.911236,2988500.000000
2022-02-09,55.726964,56.269112,55.637435,56.025394,2468300.000000
2022-02-10,55.070406,56.333763,54.722235,55.050510,1872800.000000
2022-02-11,55.219635,55.289272,52.682974,53.041092,3235600.000000
2022-02-14,53.011247,53.906537,52.921718,53.518578,3217800.000000
2022-02-15,54.413869,55.040574,54.214914,54.821724,2739800.000000
2022-02-16,54.533227,54.891344,53.901550,54.632702,1769000.000000
2022-02-17,54.155222,54.214909,53.001290,53.031136,1578400.000000
2022-02-18,52.881914,53.677729,52.503901,52.792385,1827600.000000
2022-02-22,52.852067,53.538456,52.424316,52.812275,2016000.000000
2022-02-23,53.140552,53.140552,51.538977,51.727982,2683700.000000
2022-02-24,50.205994,50.971966,48.743682,50.066727,4031900.000000
2022-02-25,50.026940,51.330085,49.360443,51.160976,2025700.000000
2022-02-28,50.186092,51.131124,49.653891,50.255726,3193000.000000
2022-03-01,49.977194,50.056773,48.594462,48.992371,3589300.000000
2022-03-02,49.529535,50.643675,49.360422,50.176132,2231700.000000
2022-03-03,50.325355,50.623785,49.290794,49.430061,1859600.000000
2022-03-04,48.504932,48.773520,46.003088,46.087646,5095000.000000
2022-03-07,46.366185,46.774040,44.615389,44.665131,4854400.000000
2022-03-08,45.112967,47.352194,45.053253,45.720043,6545800.000000
2022-03-09,47.212865,49.238122,46.844637,48.337456,6328200.000000
2022-03-10,47.372099,48.596213,47.292484,48.337456,5216500.000000
2022-03-11,48.894780,49.183389,47.312392,47.362152,2740400.000000
2022-03-14,48.038900,48.038900,47.173066,47.431820,2372500.000000
2022-03-15,47.829902,48.407123,47.561194,48.168274,2128400.000000
2022-03-16,48.745496,50.666256,48.745496,49.959656,3148400.000000
2022-03-17,49.153526,50.616489,49.153526,50.576679,2438200.000000
2022-03-18,50.566729,51.303183,49.720796,51.153904,3274000.000000
2022-03-21,51.034475,51.512177,50.029313,50.646343,2068800.000000
2022-03-22,50.875247,51.253429,50.218407,50.526924,2210200.000000
2022-03-23,50.118888,50.357737,49.058984,49.083866,2444000.000000
2022-03-24,49.382432,49.496883,48.825116,49.153534,2124700.000000
2022-03-25,49.123677,49.800421,48.636021,49.740707,2214700.000000
2022-03-28,49.661104,49.899953,49.083879,49.561581,2354700.000000
2022-03-29,50.457265,51.223579,50.238317,50.516975,1424700.000000
2022-03-30,50.188551,50.775726,50.098981,50.556778,2749200.000000
2022-03-31,50.188551,50.666253,49.929794,50.108932,3593000.000000
2022-04-01,50.735919,51.143956,49.939750,50.009415,3672300.000000
2022-04-04,49.342636,49.676031,48.576322,48.725601,3118200.000000
2022-04-05,48.536504,49.083870,47.959279,48.218037,3241600.000000
2022-04-06,46.924252,47.700516,46.476406,47.630852,3498400.000000
2022-04-07,47.451724,47.750287,46.844644,47.521389,2376500.000000
2022-04-08,47.571139,47.700517,46.466452,46.605785,2521000.000000
2022-04-11,46.406740,46.799849,46.028558,46.197742,3263600.000000
2022-04-12,46.486369,47.123304,45.739960,46.028572,1938200.000000
2022-04-13,45.859386,47.178039,45.859386,47.103401,1955000.000000
2022-04-14,47.083493,47.322341,46.187800,46.217655,1583600.000000
2022-04-18,45.859378,46.944155,45.719050,46.396790,1568900.000000
2022-04-19,46.297275,47.924445,46.297275,47.720428,1670800.000000
2022-04-20,48.078700,49.526732,47.819943,49.123672,2400000.000000
2022-04-21,49.611330,49.860133,47.392007,47.541290,1974300.000000
2022-04-22,46.983963,47.232766,45.580714,45.720043,2305800.000000
2022-04-25,45.282163,45.471252,44.252118,45.451347,2258800.000000
2022-04-26,45.043301,45.391628,43.505700,43.600246,2311000.000000
2022-04-27,43.669910,44.714882,43.520627,44.048088,1771000.000000
2022-04-28,44.456122,45.122916,43.341485,44.864162,2746000.000000
2022-04-29,44.754697,45.461297,43.610202,43.749531,2136100.000000
2022-05-02,43.560444,44.585511,43.087716,44.336708,2782400.000000
2022-05-03,44.217274,45.257269,43.943589,44.993538,2554100.000000
2022-05-04,45.232395,47.063585,44.829331,46.765022,3178700.000000
2022-05-05,46.575932,48.566356,44.714886,45.312012,3485800.000000
2022-05-06,45.033352,45.132872,42.883694,43.590294,2856800.000000
2022-05-09,42.923502,43.659957,42.704554,43.042927,2607100.000000
2022-05-10,43.570392,43.898814,41.400829,42.157192,3823600.000000
2022-05-11,42.067622,43.998332,41.669535,42.475658,3639500.000000
2022-05-12,42.187045,43.620153,41.798913,42.724461,3328800.000000
2022-05-13,43.082740,44.182449,42.933457,43.441017,2592900.000000
2022-05-16,43.062843,43.595281,42.694615,43.222076,2260000.000000
2022-05-17,44.267040,44.675076,43.600249,44.625317,1678500.000000
2022-05-18,44.117765,44.714891,43.142454,43.421116,2440400.000000
2022-05-19,43.092527,44.615903,42.973048,44.088196,2516900.000000
2022-05-20,44.516352,44.924576,43.371335,44.755314,3338000.000000
2022-05-23,45.302930,45.551847,44.775227,45.143623,3879000.000000
2022-05-24,44.944486,45.073924,44.038428,44.844921,3615600.000000
2022-05-25,44.546220,45.830630,44.347086,45.681282,4066800.000000
2022-05-26,46.199033,47.553139,45.870460,47.134960,3769100.000000
2022-05-27,47.722396,48.319796,47.304214,48.279972,2672400.000000
2022-05-31,47.493406,47.871762,46.637131,46.945789,9592400.000000
2022-06-01,46.806379,47.473479,46.139283,47.045341,1625000.000000
2022-06-02,47.493400,48.459196,47.144914,48.359631,1343000.000000
2022-06-03,47.772186,48.703137,47.523268,48.638416,2275200.000000
2022-06-06,48.976940,49.415037,48.737982,49.116337,2907700.000000
2022-06-07,48.747936,50.365898,48.489064,50.181702,3085000.000000
2022-06-08,49.604211,50.470442,49.415035,50.062218,3557400.000000
2022-06-09,49.803347,49.912871,48.359627,48.389496,3393500.000000
2022-06-10,47.423698,47.423698,46.039719,46.238850,2464500.000000
2022-06-13,44.999243,45.083874,43.610285,43.988640,3599400.000000
2022-06-14,44.137993,44.496431,43.107473,43.580418,3001800.000000
2022-06-15,43.998593,45.024134,43.600328,44.366993,2754600.000000
2022-06-16,43.351415,43.361370,41.653798,41.897739,3153200.000000
2022-06-17,41.857920,42.251210,40.976751,41.061386,5401600.000000
2022-06-21,41.728475,42.266137,41.121116,41.678692,1922300.000000
2022-06-22,40.902077,41.838004,40.822422,41.579128,1634900.000000
2022-06-23,41.409854,41.549247,40.225009,40.782581,2629400.000000
2022-06-24,41.320258,43.271768,41.220693,43.142334,3161400.000000
2022-06-27,43.441019,43.580412,42.694268,43.202057,1800200.000000
2022-06-28,43.580418,43.849249,42.574790,42.624577,1871100.000000
2022-06-29,42.634532,42.634532,41.360078,42.096870,1714900.000000
2022-06-30,41.379991,42.281070,41.350119,41.897739,2838900.000000
2022-07-01,41.837990,42.629544,41.290373,42.116776,3883200.000000
2022-07-05,41.210719,41.360071,40.384316,41.260502,3185600.000000
2022-07-06,41.150989,41.559213,40.603369,41.290382,2643300.000000
2022-07-07,41.638867,43.022846,41.638867,42.963108,2368000.000000
2022-07-08,43.002933,43.002933,41.927612,42.266140,1518600.000000
2022-07-11,41.907699,42.495143,41.569171,41.788219,1929500.000000
2022-07-12,41.599042,42.485187,41.479563,41.549259,2980000.000000
2022-07-13,40.772632,40.991676,40.085618,40.653152,3077900.000000
2022-07-14,39.757050,39.936271,39.114843,39.677395,4739300.000000
2022-07-15,40.523718,41.071335,40.025884,40.822418,3678100.000000
2022-07-18,41.320252,41.977393,40.742762,41.041466,3052700.000000
2022-07-19,41.648823,43.620246,41.648823,43.082584,4499400.000000
2022-07-20,43.102496,44.048382,42.953144,43.879116,2715700.000000
2022-07-21,43.879118,44.795135,43.540591,44.765263,1633400.000000
2022-07-22,44.805087,44.994263,43.988639,44.347080,2200200.000000
2022-07-25,44.297311,44.566139,43.809432,44.167873,1401900.000000
2022-07-26,44.088209,44.576089,43.879120,44.496433,1693700.000000
2022-07-27,44.944488,46.756605,44.675657,46.657040,4165300.000000
2022-07-28,47.055305,48.230194,46.786478,47.951408,2729400.000000
2022-07-29,47.941454,49.733657,47.871757,49.584305,2896400.000000
2022-08-01,48.976947,49.218895,48.553789,48.917210,2451100.000000
2022-08-02,48.658325,49.524560,48.439281,48.489063,2478200.000000
2022-08-03,49.046636,49.683867,48.688198,49.673908,3062000.000000
2022-08-04,47.961365,49.743613,47.802058,49.564392,4849000.000000
2022-08-05,48.807676,49.634079,48.618500,49.574341,3524300.000000
2022-08-08,49.783432,50.530183,49.673908,49.783432,2728900.000000
2022-08-09,49.584298,49.584298,48.986898,49.335381,2255700.000000
2022-08-10,50.480402,51.296850,50.241440,51.087761,2565600.000000
2022-08-11,51.675204,52.322386,51.396414,51.635376,2735500.000000
2022-08-12,51.705075,53.397712,51.565682,53.367840,3699700.000000
2022-08-15,52.760483,53.437534,52.645979,53.268272,2434200.000000
2022-08-16,52.919662,53.925661,52.820055,53.756336,2806000.000000
2022-08-17,52.909699,52.929621,51.933579,52.361877,3117600.000000
2022-08-18,52.471444,52.590968,52.053105,52.371841,2196800.000000
2022-08-19,51.804088,51.843930,51.027177,51.614841,3849200.000000
2022-08-22,50.608852,50.768218,49.164592,49.393681,6503900.000000
2022-08-23,49.383714,50.090902,49.055019,49.234306,2796500.000000
2022-08-24,48.965381,49.871779,48.875737,49.463402,2301600.000000
2022-08-25,49.802054,50.897698,49.727350,50.608849,3244600.000000
2022-08-26,50.778165,50.862827,48.068932,48.098816,2813900.000000
2022-08-29,47.630684,47.869736,46.873695,47.660564,4018800.000000
2022-08-30,47.809973,47.959381,47.072901,47.511162,4777400.000000
2022-08-31,47.760170,47.780092,47.018121,47.182465,6680100.000000
2022-09-01,46.983253,48.228304,46.485232,48.188465,3937800.000000
2022-09-02,48.905615,49.234311,47.341831,47.551003,3518000.000000
2022-09-06,47.819928,47.879692,47.122702,47.481274,3307600.000000
2022-09-07,47.451398,48.691468,47.321911,48.537083,3564900.000000
2022-09-08,48.128702,49.154623,47.660561,49.114784,3094300.000000
2022-09-09,49.453445,50.158642,49.323959,50.031147,1780500.000000
2022-09-12,50.429565,51.505287,50.429565,51.345921,2232900.000000
2022-09-13,49.752259,50.469406,49.144674,49.363804,1966300.000000
2022-09-14,49.453438,49.463397,48.467356,49.403633,2203600.000000
2022-09-15,49.453438,50.329952,48.925534,49.114784,3242000.000000
2022-09-16,48.298030,48.347831,46.226263,47.003174,6046200.000000
2022-09-19,46.544996,48.427513,46.544996,48.268147,2655200.000000
2022-09-20,47.809968,47.899612,46.455352,47.003174,2852700.000000
2022-09-21,47.341823,47.959371,45.957326,45.967289,4115500.000000
2022-09-22,45.897571,46.186420,44.602715,44.632599,4080600.000000
2022-09-23,44.034972,44.288964,42.889527,43.895527,2907300.000000
2022-09-26,43.576793,44.373625,43.118615,43.148495,2831300.000000
2022-09-27,43.795928,43.945332,42.032935,42.760044,2765000.000000
2022-09-28,43.138536,44.338763,42.779960,43.935368,2275000.000000
2022-09-29,43.138540,43.566838,42.411430,43.517033,2517200.000000
2022-09-30,43.586758,44.194344,42.999094,43.088737,2220600.000000
2022-10-03,43.925412,45.553941,43.347710,44.851730,2948100.000000
2022-10-04,45.977255,46.943416,45.837809,46.883652,1852400.000000
2022-10-05,46.076865,46.988244,45.907540,46.754173,2082600.000000
2022-10-06,46.564922,47.600805,46.545000,46.823891,1987800.000000
2022-10-07,46.106746,46.286034,45.140585,45.469280,1638400.000000
2022-10-10,45.927448,45.977250,44.567851,44.981209,2065600.000000
2022-10-11,44.742160,45.947373,44.373626,45.240181,2279500.000000
2022-10-12,45.389593,45.728247,44.114661,44.951336,1730800.000000
2022-10-13,43.855691,46.963342,43.397513,46.604767,2283200.000000
2022-10-14,46.993216,47.321908,44.851727,44.931412,2282300.000000
2022-10-17,46.256153,47.003184,45.817896,46.545006,2226000.000000
2022-10-18,47.740248,48.288070,46.405553,46.833851,3752500.000000
2022-10-19,45.917488,46.754162,45.434411,46.126659,3048000.000000
2022-10-20,46.246195,46.655567,44.961301,45.021065,1874800.000000
2022-10-21,45.289993,46.644609,44.961297,46.604767,3317600.000000
2022-10-24,47.072899,47.630683,46.694406,47.600803,1384900.000000
2022-10-25,47.590839,48.810992,47.570918,48.696445,2518400.000000
2022-10-26,49.005225,49.413602,48.098828,48.417561,2368000.000000
2022-10-27,48.885700,49.343878,48.298036,48.437481,2656600.000000
2022-10-28,48.636689,50.339919,48.278114,50.250275,2289900.000000
2022-10-31,49.971373,50.798088,49.841890,50.300068,2373600.000000
2022-11-01,50.897696,51.435560,49.941498,50.100864,2054000.000000
2022-11-02,49.602839,50.917613,48.646641,48.855808,3045100.000000
2022-11-03,49.224345,52.023222,47.441435,51.166626,4467300.000000
2022-11-04,52.501327,53.377845,51.465444,52.710495,2539000.000000
2022-11-07,52.979431,53.467493,52.341965,53.029236,2640500.000000
2022-11-08,53.347958,53.387797,51.744331,52.033184,4688400.000000
2022-11-09,51.594922,52.262272,51.281171,51.525200,2039100.000000
2022-11-10,53.626848,54.114910,53.098948,53.666691,4798600.000000
2022-11-11,53.786219,55.509369,53.572070,55.091034,6675600.000000
2022-11-14,54.961542,56.047226,54.911740,54.971500,2762800.000000
2022-11-15,55.798519,56.505963,54.846953,55.310280,2065300.000000
2022-11-16,55.091080,55.678957,54.567967,54.792160,1970300.000000
2022-11-17,53.875465,54.174385,52.600072,53.596474,1909500.000000
2022-11-18,54.303915,54.513158,52.958774,53.506794,2725700.000000
2022-11-21,53.317478,53.755897,53.148091,53.407154,1902800.000000
2022-11-22,53.805717,54.054818,53.168020,53.596474,2734900.000000
2022-11-23,53.676182,54.004997,53.317477,53.447010,1968000.000000
2022-11-25,53.606436,53.835608,53.158054,53.227802,1213100.000000
2022-11-28,52.769442,53.332412,52.610018,52.968723,2490000.000000
2022-11-29,53.048454,53.566580,52.430682,52.629963,1796000.000000
2022-11-30,52.789386,53.950195,52.116815,53.775826,5157500.000000
2022-12-01,54.144493,54.931651,53.526724,54.094673,2856400.000000
2022-12-02,53.297553,54.642694,53.118200,54.353737,2476900.000000
2022-12-05,53.666213,53.745923,52.859126,53.128155,2717000.000000
2022-12-06,53.118191,53.616392,52.191536,52.540276,1715500.000000
2022-12-07,52.500424,53.347368,52.500424,52.619995,2460600.000000
2022-12-08,52.869109,53.556625,52.719647,53.068386,2339200.000000
2022-12-09,53.307511,53.437044,52.948806,53.058411,2313100.000000
2022-12-12,53.407156,54.064782,52.908955,54.044857,2701400.000000
2022-12-13,55.878232,56.047619,54.772225,55.330208,3686500.000000
2022-12-14,55.419890,55.848343,54.074748,54.533092,3028800.000000
2022-12-15,53.716040,53.825644,52.350970,52.410751,3079100.000000
2022-12-16,51.743169,52.141732,51.085544,51.613636,3750100.000000
2022-12-19,51.723243,52.081948,50.716878,50.886265,2479800.000000
2022-12-20,50.906185,51.932478,50.776652,51.713272,1873500.000000
2022-12-21,52.281226,52.879066,52.012197,52.530327,1703100.000000
2022-12-22,52.091907,52.091907,50.567413,51.812916,1572800.000000
2022-12-23,51.842799,52.211471,51.454203,52.091900,2037000.000000
2022-12-27,52.231393,52.694720,51.812906,52.400784,1717700.000000
2022-12-28,52.500431,52.595091,51.543886,51.553852,1045600.000000
2022-12-29,51.982299,52.948810,51.922517,52.600071,1732000.000000
2022-12-30,52.281218,52.490461,51.673412,52.062008,1518200.000000
2023-01-03,52.480508,52.908961,51.788008,52.809322,2099500.000000
2023-01-04,53.207874,53.636327,52.789383,53.456974,2564500.000000
2023-01-05,53.177982,53.556616,52.719638,53.197910,2092000.000000
2023-01-06,53.975094,55.091067,53.377254,54.921677,2983600.000000
2023-01-09,55.439819,56.326617,55.250504,55.579315,2042300.000000
2023-01-10,55.459744,56.446184,55.409925,56.226974,1577800.000000
2023-01-11,56.665387,57.014130,56.047618,56.575710,1683100.000000
2023-01-12,56.725170,57.392757,56.246897,57.183514,2091400.000000
2023-01-13,56.974274,57.472475,56.804884,57.323013,1260600.000000
2023-01-17,57.293124,57.562153,56.376436,56.595642,1754100.000000
2023-01-18,56.834777,57.103806,55.589274,55.698879,1659300.000000
2023-01-19,55.429853,55.559383,53.586507,53.686150,1885700.000000
2023-01-20,53.935255,55.170792,53.706083,55.150864,1801300.000000
2023-01-23,55.280394,56.007767,55.061185,55.688919,2648200.000000
2023-01-24,55.300308,56.406315,54.712431,56.177143,1705000.000000
2023-01-25,55.519531,55.868270,54.692515,55.748703,1429500.000000
2023-01-26,56.037656,56.087476,53.651273,55.330208,3741500.000000
2023-01-27,55.120970,55.828415,54.752303,55.459747,2107900.000000
2023-01-30,55.140891,55.529487,54.931647,55.111000,1718700.000000
2023-01-31,55.340171,56.024700,55.031285,55.798515,2633100.000000
2023-02-01,55.549424,55.967911,54.652660,55.459747,3451000.000000
2023-02-02,55.918084,56.386394,55.310278,55.808479,2822200.000000
2023-02-03,55.250502,57.213412,55.180754,56.904530,3437400.000000
2023-02-06,56.236934,56.575711,55.788556,56.187115,1690000.000000
2023-02-07,55.828410,57.293123,55.668986,57.093842,2152500.000000
2023-02-08,56.784957,57.661788,56.784957,57.173553,2167500.000000
2023-02-09,57.751474,57.890970,55.947989,56.236942,2125100.000000
2023-02-10,56.087480,56.650445,55.888198,56.486038,1263000.000000
2023-02-13,56.745107,57.602013,56.406330,57.213413,1830800.000000
2023-02-14,56.914491,57.482440,56.446185,57.223377,1204500.000000
2023-02-15,56.974264,58.194855,56.974264,58.070305,2029400.000000
2023-02-16,57.352904,57.781357,56.904522,57.183514,1606700.000000
2023-02-17,56.904531,57.621941,56.715212,57.372841,1935100.000000
2023-02-21,57.841133,58.359262,55.589266,56.177143,3334300.000000
2023-02-22,56.635493,57.771391,56.386393,57.253262,3178400.000000
2023-02-23,58.110170,58.110170,56.555781,57.681717,1907600.000000
2023-02-24,57.053986,57.671758,56.466109,57.472477,1480300.000000
2023-02-27,57.791330,58.518703,57.602015,58.169964,1976100.000000
2023-02-28,58.159984,58.734109,57.870932,57.880898,3272700.000000
2023-03-01,57.761291,58.329434,57.412428,57.850998,2076400.000000
2023-03-02,57.542011,58.379276,57.213088,58.100189,1727900.000000
2023-03-03,58.558691,59.455762,58.299540,59.276348,1908900.000000
2023-03-06,59.176669,60.158462,59.176669,59.675041,2133900.000000
2023-03-07,59.714913,60.189364,59.000248,59.176670,2556000.000000
2023-03-08,59.216536,59.575365,58.648393,59.266373,2792700.000000
2023-03-09,59.395951,59.574369,57.731387,57.950672,4290900.000000
2023-03-10,58.010475,58.249691,55.359137,55.558487,4381100.000000
2023-03-13,54.631522,55.229566,53.893930,54.531845,3391100.000000
2023-03-14,55.757832,56.425652,54.800959,55.518616,3038700.000000
2023-03-15,54.212886,54.252756,51.970212,52.757641,4200900.000000
2023-03-16,52.234355,53.759376,51.671196,53.345726,4558200.000000
2023-03-17,52.912134,53.066632,51.671189,52.289169,4162300.000000
2023-03-20,52.687867,53.948748,52.358940,53.734447,3032100.000000
2023-03-21,54.840836,55.906356,54.800966,55.717972,3367300.000000
2023-03-22,55.717974,56.724684,54.771067,54.781033,2189000.000000
2023-03-23,54.820897,56.171484,54.242784,54.771061,2469600.000000
2023-03-24,54.093280,55.020252,53.206179,54.850803,1982400.000000
2023-03-27,55.618296,55.698037,54.920574,55.608330,1893700.000000
2023-03-28,55.598353,56.116660,55.438874,55.777767,1886800.000000
2023-03-29,56.455560,56.704746,55.917317,56.515366,4620100.000000
2023-03-30,57.073539,57.586865,56.829338,57.143314,2278700.000000
2023-03-31,57.412426,58.030410,57.302788,57.990540,2175900.000000
2023-04-03,57.905824,58.409177,57.178202,58.100189,2038500.000000
2023-04-04,57.980567,57.980567,54.706265,55.080044,3569000.000000
2023-04-05,54.541813,54.800965,53.943765,54.711258,6584900.000000
2023-04-06,54.422205,55.159797,54.187973,54.282661,1887500.000000
2023-04-10,54.093282,55.458820,53.953739,55.289375,1839400.000000
2023-04-11,55.598359,56.076796,55.329238,55.418945,1233900.000000
2023-04-12,56.246248,56.525335,55.638234,56.236279,1957000.000000
2023-04-13,56.016988,56.276139,54.063371,55.797703,2984300.000000
2023-04-14,55.837573,56.839302,55.259460,55.518616,2110400.000000
2023-04-17,55.797712,56.021981,55.389047,55.897388,1519700.000000
2023-04-18,56.335950,56.814386,55.717970,56.136600,1622400.000000
2023-04-19,55.698038,55.857517,54.860773,55.428917,2524800.000000
2023-04-20,54.920578,55.538562,54.825890,55.179733,2179300.000000
2023-04-21,55.418942,55.418942,54.651452,55.159790,1878100.000000
2023-04-24,55.050150,55.508651,54.950477,55.189693,1232500.000000
2023-04-25,54.890668,55.399009,54.252752,54.262718,1748500.000000
2023-04-26,53.714509,54.222850,53.066628,53.236073,1721100.000000
2023-04-27,54.372369,56.874198,54.362403,56.814392,6102700.000000
2023-04-28,56.694780,57.422403,56.674845,56.834324,2479800.000000
2023-05-01,56.654911,57.422404,56.654911,56.933998,1807000.000000
2023-05-02,56.754580,57.013735,55.678099,56.914059,2297000.000000
2023-05-03,57.282856,57.551977,56.156534,56.445591,2454200.000000
2023-05-04,57.811135,59.077000,56.615042,56.904099,4120900.000000
2023-05-05,58.060316,59.455758,57.811130,58.977318,3022100.000000
2023-05-08,59.635179,59.704950,58.189900,58.748074,1793300.000000
2023-05-09,59.366048,59.694972,58.558685,58.777969,2063000.000000
2023-05-10,59.067022,59.121843,57.482200,58.219791,1575100.000000
2023-05-11,57.771253,58.100181,57.183175,57.761288,1572200.000000
2023-05-12,58.130090,58.508853,57.601817,58.060318,1446800.000000
2023-05-15,57.860967,58.877645,57.860967,58.738102,1143300.000000
2023-05-16,58.219797,58.528789,57.960645,58.339405,1527000.000000
2023-05-17,58.967358,59.326186,58.110158,58.837780,1876400.000000
2023-05-18,58.678298,59.894327,58.678298,59.734848,1438700.000000
2023-05-19,60.452496,60.861161,59.106890,59.565392,1647000.000000
2023-05-22,59.734840,60.233211,59.007217,59.545460,1917100.000000
2023-05-23,59.076843,59.086812,57.670964,57.840466,2445400.000000
2023-05-24,57.521398,57.780641,56.494410,56.743679,1854600.000000
2023-05-25,57.142517,57.950147,56.893247,57.411728,1972600.000000
2023-05-26,57.760706,58.917316,57.222283,58.717899,2068000.000000
2023-05-30,59.066872,59.359015,58.084750,58.269207,1565300.000000
2023-05-31,57.930198,58.159529,56.324906,56.494408,3338900.000000
2023-06-01,56.753644,58.089728,56.444553,57.980053,2153100.000000
2023-06-02,58.827568,61.414985,58.503517,61.180672,3217200.000000
2023-06-05,61.320270,61.320270,59.924360,60.502666,2281700.000000
2023-06-06,60.303241,61.798857,60.303241,61.310291,1486300.000000
2023-06-07,61.569535,62.626438,61.041085,62.506786,1724300.000000
2023-06-08,62.436986,62.736108,62.038157,62.576576,1270900.000000
2023-06-09,62.815877,62.815877,61.798858,62.277454,1215700.000000
2023-06-12,62.088017,62.935531,61.749010,62.646381,1696300.000000
2023-06-13,62.706192,64.012361,62.706192,63.912655,1765400.000000
2023-06-14,64.191844,64.261639,63.533777,63.932610,1915700.000000
2023-06-15,63.683336,64.670445,63.533777,64.520882,1961600.000000
2023-06-16,64.810052,65.053342,63.852858,64.331451,4462600.000000
2023-06-20,63.633483,64.201817,63.304450,63.932610,2438700.000000
2023-06-21,63.593594,64.520876,63.254588,63.942570,2810700.000000
2023-06-22,63.882750,63.882750,62.975410,63.334358,2803900.000000
2023-06-23,62.526728,63.344331,61.838746,63.184799,5020500.000000
2023-06-26,63.115001,63.832894,62.975410,63.035236,2882100.000000
2023-06-27,63.334366,63.822936,62.965449,63.743168,3152300.000000
2023-06-28,64.112078,64.401224,63.364266,63.473946,2829800.000000
2023-06-29,63.264575,64.401239,62.815889,64.211800,2852100.000000
2023-06-30,64.969579,65.537913,64.462063,65.168991,1880700.000000
2023-07-03,64.720294,65.129092,64.311489,65.049324,702300.000000
2023-07-05,64.431148,64.859892,63.812958,63.932610,1450400.000000
2023-07-06,63.384218,63.498883,62.736116,63.374249,1796100.000000
2023-07-07,63.234640,64.735247,63.144907,64.072189,1271700.000000
2023-07-10,64.780142,65.702434,64.461077,65.617683,1395200.000000
2023-07-11,65.817085,66.544947,65.677495,66.056381,1701200.000000
2023-07-12,66.684532,66.824123,65.866929,65.916786,1333800.000000
2023-07-13,66.026476,66.714461,65.657554,66.485130,1069900.000000
2023-07-14,66.435285,66.475169,65.707422,65.926781,1475800.000000
2023-07-17,65.837018,66.529986,65.757250,66.096260,1985200.000000
2023-07-18,65.846981,66.983648,65.767213,66.824112,2535600.000000
2023-07-19,66.166045,66.176018,64.670429,65.527916,2943300.000000
2023-07-20,65.827044,65.876901,65.039359,65.398300,2048700.000000
2023-07-21,65.498011,65.617655,64.889793,65.069267,1483700.000000
2023-07-24,65.238775,65.757252,64.780120,65.079239,1546000.000000
2023-07-25,64.700355,65.667522,64.560765,64.879829,1791700.000000
2023-07-26,64.650516,65.144072,63.872797,64.331451,2205600.000000
2023-07-27,64.680419,64.829975,63.683338,63.862816,2450700.000000
2023-07-28,64.520879,64.660469,63.793013,64.012367,2456800.000000
2023-07-31,64.441110,65.134078,64.161930,65.079239,2150900.000000
2023-08-01,64.580696,65.866927,64.520874,65.817078,2872000.000000
2023-08-02,65.428239,65.707420,64.879844,65.298615,3487800.000000
2023-08-03,66.325576,67.193036,65.049318,66.923828,3897000.000000
2023-08-04,67.203028,67.542031,66.375452,66.714462,2857600.000000
2023-08-07,67.322658,67.801258,66.933798,67.711525,1669600.000000
2023-08-08,67.212994,68.718575,66.784250,68.419456,2451000.000000
2023-08-09,68.429423,68.678692,67.721499,67.940857,2853300.000000
2023-08-10,68.180159,68.539107,67.193054,67.721504,2419900.000000
2023-08-11,67.561961,68.120322,67.462255,67.890991,1522900.000000
2023-08-14,67.711542,68.000687,67.447309,67.701569,1723900.000000
2023-08-15,67.312696,67.636743,66.564888,66.804184,1638600.000000
2023-08-16,66.734388,67.183070,66.435262,66.515030,1505000.000000
2023-08-17,66.844054,67.173092,65.886861,65.906799,1814600.000000
2023-08-18,65.208851,66.963709,64.810019,66.295662,3796400.000000
2023-08-21,66.604772,66.774273,65.916786,66.505058,1553700.000000
2023-08-22,67.123438,67.522382,66.574878,66.674614,1408300.000000
2023-08-23,66.824225,68.499818,66.754409,68.320290,1880900.000000
2023-08-24,68.300342,68.968583,67.991150,68.060966,3185100.000000
2023-08-25,68.400086,69.123182,67.901397,68.719246,2648200.000000
2023-08-28,68.669372,69.257828,68.420028,68.918716,1993300.000000
2023-08-29,68.769110,70.135518,68.559661,69.786438,1993200.000000
2023-08-30,69.946026,70.464666,69.487233,69.706657,1978100.000000
2023-08-31,69.676728,70.025808,69.138143,69.427383,3960900.000000
2023-09-01,69.806398,70.335007,69.377526,69.766502,2936200.000000
2023-09-05,69.776453,69.816349,68.120813,68.260445,3946200.000000
2023-09-06,68.120819,69.866228,68.070947,69.826332,3655300.000000
2023-09-07,69.437355,70.045755,68.559658,69.367538,2989500.000000
2023-09-08,69.337613,69.796413,69.138141,69.237877,2458600.000000
2023-09-11,69.636823,70.055719,67.876454,68.469894,2885900.000000
2023-09-12,68.110861,68.988550,67.773750,68.150757,2752300.000000
2023-09-13,67.841534,68.300333,65.028933,65.557549,3511000.000000
2023-09-14,66.255727,66.814256,65.557567,66.385384,2405900.000000
2023-09-15,66.116088,66.445224,65.313200,65.727112,2848100.000000
2023-09-18,65.707156,66.325532,65.447844,66.215820,2039900.000000
2023-09-19,65.996404,66.574884,65.108739,66.056252,4075000.000000
2023-09-20,66.475147,66.829212,64.779603,64.849419,2642200.000000
2023-09-21,64.620023,64.620023,63.567790,63.871990,2343300.000000
2023-09-22,63.891947,64.769643,63.642607,64.330795,1473800.000000
2023-09-25,64.011643,64.211116,63.114003,64.151276,2701500.000000
2023-09-26,63.423179,64.046536,62.435774,62.625278,2125500.000000
2023-09-27,63.243651,63.622655,62.774883,63.104019,2107100.000000
2023-09-28,63.193763,64.610036,63.009247,64.101372,2109800.000000
2023-09-29,64.610054,64.974094,63.263597,63.552837,3366600.000000
2023-10-02,63.403231,64.091423,63.113991,63.433151,2576900.000000
2023-10-03,63.084068,63.248636,61.976979,62.685116,3038200.000000
2023-10-04,62.635240,63.273560,62.176448,63.094032,1797700.000000
2023-10-05,63.213722,63.413198,62.036817,62.655190,3373000.000000
2023-10-06,62.296132,63.752301,61.976972,63.253613,1825000.000000
2023-10-09,63.104015,64.091419,62.346006,63.931835,1572200.000000
2023-10-10,63.981710,65.098767,63.622654,64.520294,1644800.000000
2023-10-11,64.699815,65.901648,64.659919,65.816872,2251100.000000
2023-10-12,65.966488,66.614784,65.273311,65.886696,2763900.000000
2023-10-13,66.036298,66.275667,63.213725,64.051521,2504000.000000
2023-10-16,64.729745,65.412946,64.300873,64.779610,1342800.000000
2023-10-17,64.510307,66.165948,64.270939,65.487740,1500400.000000
2023-10-18,64.610052,64.610052,62.116610,62.226322,3784900.000000
2023-10-19,62.246275,63.158876,60.815039,61.059399,3395500.000000
2023-10-20,61.039442,61.278811,60.042066,60.261486,3182800.000000
2023-10-23,60.181700,60.610573,59.114508,59.154404,3409200.000000
2023-10-24,60.371210,60.500870,59.294045,59.523441,3476500.000000
2023-10-25,59.194290,60.321326,59.094554,59.204266,4150400.000000
2023-10-26,59.583280,60.610576,59.284064,59.722912,2972500.000000
2023-10-27,59.842593,60.131833,59.044692,59.224220,2497100.000000
2023-10-30,59.862535,60.630515,59.350880,60.411091,4833600.000000
2023-10-31,60.071993,60.800077,60.022125,60.520813,3751100.000000
2023-11-01,60.590625,61.857294,60.181701,61.827374,5497300.000000
2023-11-02,62.086675,66.086156,61.957015,65.417908,5300500.000000
2023-11-03,66.704547,67.003763,65.128697,65.188538,3155500.000000
2023-11-06,65.168580,65.358083,64.520291,65.078819,3379700.000000
2023-11-07,64.739715,65.836828,64.430523,65.806908,2530500.000000
2023-11-08,66.136014,66.405310,65.328141,65.876701,2593100.000000
2023-11-09,66.594829,67.642077,66.126068,66.854149,4077500.000000
2023-11-10,66.814241,68.180650,66.814241,68.160698,2537300.000000
2023-11-13,67.971208,69.158081,67.881440,68.679344,4608500.000000
2023-11-14,69.586961,69.936049,69.138145,69.477257,2643900.000000
2023-11-15,69.477251,70.035779,69.108219,69.527115,2574000.000000
2023-11-16,69.696671,70.424759,69.576990,70.015831,1820000.000000
2023-11-17,70.484732,70.484732,69.680618,70.155502,1943000.000000
2023-11-20,70.255280,70.454816,69.796356,70.255280,2069300.000000
2023-11-21,70.085662,70.654329,70.080677,70.374985,1573900.000000
2023-11-22,70.494723,70.803995,70.265258,70.544601,1698300.000000
2023-11-24,70.664324,71.163155,70.434859,71.163155,674900.000000
2023-11-27,71.133221,71.133221,70.484740,70.614433,1807000.000000
2023-11-28,70.694237,71.073346,69.477090,69.497047,2904600.000000
2023-11-29,70.045753,70.235311,69.297508,69.437180,2064700.000000
2023-11-30,69.776404,71.352702,69.347410,71.262917,3532500.000000
2023-12-01,71.193068,72.559866,71.193068,72.071007,2451500.000000
2023-12-04,71.402580,71.991204,71.123236,71.851524,2320600.000000
2023-12-05,71.622064,72.270545,71.372648,71.791664,1748300.000000
2023-12-06,72.100930,72.809276,71.043412,71.213013,1905600.000000
2023-12-07,71.562213,72.390266,71.367670,72.380295,2302600.000000
2023-12-08,72.320430,73.248255,72.225651,73.138512,2723600.000000
2023-12-11,73.208351,74.315755,73.208351,73.806953,2004300.000000
2023-12-12,74.036402,74.674905,73.892742,74.086288,2094800.000000
2023-12-13,74.046383,74.585121,73.348016,73.527596,2115600.000000
2023-12-14,73.956587,75.396212,73.916680,75.133827,2590300.000000
2023-12-15,74.684897,75.448107,74.525268,74.664940,4784500.000000
2023-12-18,75.014111,75.101903,74.295794,74.644974,1751900.000000
2023-12-19,74.954246,76.221279,74.654952,76.151443,2263200.000000
2023-12-20,75.822232,76.630335,74.664941,74.694878,2029100.000000
2023-12-21,75.463059,75.682546,74.874443,75.622688,1392700.000000
2023-12-22,75.902036,76.685196,75.732435,76.301102,1433700.000000
2023-12-26,76.311066,77.248869,76.281137,77.218941,1346300.000000
2023-12-27,77.298755,77.687842,77.054326,77.667885,1823000.000000
2023-12-28,77.558146,77.977169,77.388545,77.598053,1110000.000000
2023-12-29,77.747697,77.837482,77.099216,77.159073,1618100.000000
2024-01-02,76.819879,77.428453,76.081612,76.550514,1790100.000000
2024-01-03,76.031732,76.291126,74.495333,74.545219,2629500.000000
2024-01-04,74.724794,75.592755,74.545215,74.764702,1475700.000000
2024-01-05,74.625031,75.113882,74.415515,74.625031,2066600.000000
2024-01-08,74.634995,75.562819,73.836871,75.542870,1882800.000000
2024-01-09,74.794618,75.732422,74.405531,75.732422,2100100.000000
2024-01-10,75.712461,76.206305,75.562810,76.111526,1386100.000000
2024-01-11,76.151451,77.558149,75.362301,77.508270,3222000.000000
2024-01-12,77.907338,77.987153,76.550526,77.238907,2961900.000000
2024-01-16,76.949580,77.827527,76.460729,77.767662,2610700.000000
2024-01-17,76.979522,77.568138,76.789964,77.268837,2589500.000000
2024-01-18,77.578100,78.186674,76.980503,77.997116,1579200.000000
2024-01-19,78.386208,78.735388,77.687848,78.695480,2149400.000000
2024-01-22,78.835153,79.265144,78.645602,79.154404,1820300.000000
2024-01-23,79.333976,79.333976,78.176694,79.024704,2153100.000000
2024-01-24,79.563438,79.643253,78.431091,78.655563,4113100.000000
2024-01-25,79.154399,79.563444,78.505926,79.064613,2688400.000000
2024-01-26,79.174367,79.447728,78.845137,79.114510,2170200.000000
2024-01-29,78.895006,80.361569,78.855099,80.291733,2658200.000000
2024-01-30,79.962517,80.640927,79.932588,80.421440,2156000.000000
2024-01-31,80.172018,80.660869,79.543494,79.673187,2470900.000000
2024-02-01,80.172026,82.037654,80.172026,81.798210,4281300.000000
2024-02-02,81.678500,83.813493,81.399148,83.544121,2395600.000000
2024-02-05,82.765951,83.324638,82.317006,82.716072,2464700.000000
2024-02-06,82.666165,83.204902,82.017684,83.045273,7467000.000000
2024-02-07,83.364530,84.771235,83.179965,84.372169,2846300.000000
2024-02-08,84.471937,85.299997,84.212550,85.180275,2500800.000000
2024-02-09,85.449651,86.307640,85.070535,85.699066,4011700.000000
2024-02-12,85.539438,86.038268,85.130401,85.270073,1683500.000000
2024-02-13,83.963129,85.180269,83.544106,84.910904,2129400.000000
2024-02-14,85.788851,86.636861,85.389785,86.287682,2309800.000000
2024-02-15,86.726637,87.699354,86.317592,87.584625,2854600.000000
2024-02-16,91.505448,92.104043,89.150968,89.260712,5024800.000000
2024-02-20,88.063522,88.283008,86.392444,86.537102,3452800.000000
2024-02-21,87.195535,88.801770,87.025935,88.731934,3305100.000000
2024-02-22,90.068812,90.707315,89.649797,90.577621,2486000.000000
2024-02-23,90.827046,90.896882,89.470227,90.318237,2064900.000000
2024-02-26,90.118697,90.926800,89.988996,90.547691,2037100.000000
2024-02-27,90.737245,90.896875,89.330548,90.168579,2167300.000000
2024-02-28,90.118712,90.567656,89.540067,89.639832,2105400.000000
2024-02-29,89.849330,91.236078,89.560007,91.116364,4062400.000000
2024-03-01,90.727276,92.222770,90.552683,91.415657,2726200.000000
2024-03-04,91.455567,92.143956,91.126338,91.325874,1913300.000000
2024-03-05,90.946771,91.046535,89.320579,89.759552,4325500.000000
2024-03-06,90.487998,90.976958,89.889270,90.048927,2578900.000000
2024-03-07,90.717525,91.206485,90.073886,90.966995,2339300.000000
2024-03-08,91.086719,91.475893,89.500089,90.178650,1962000.000000
2024-03-11,89.270581,89.669736,88.641918,89.330452,2126900.000000
2024-03-12,89.160813,90.827275,88.522169,90.667618,1810200.000000
2024-03-13,90.877168,90.927065,89.909220,90.338310,2311300.000000
2024-03-14,90.757421,91.206472,90.038952,90.817299,2036900.000000
2024-03-15,89.909223,91.066771,89.909223,90.278442,2658100.000000
2024-03-18,90.867185,91.565707,90.268457,91.016869,1472800.000000
2024-03-19,91.076748,91.575689,90.517936,91.366135,1626900.000000
2024-03-20,91.485878,93.521560,91.186511,93.481644,2647400.000000
2024-03-21,93.900761,95.083257,93.631336,94.898643,2453000.000000
2024-03-22,94.748968,94.888671,93.791001,94.539413,1574500.000000
2024-03-25,95.048319,95.966369,94.160204,94.279953,2405000.000000
2024-03-26,94.120286,94.848743,93.990564,94.250008,1945400.000000
2024-03-27,94.599279,95.207988,93.601396,95.058304,2460800.000000
2024-03-28,94.968490,95.207987,94.299911,94.748955,2557100.000000
2024-04-01,94.729007,94.738988,93.202248,93.421783,1331100.000000
2024-04-02,93.621365,93.621365,92.184411,92.354057,3435400.000000
2024-04-03,92.354043,93.761054,92.144481,93.192261,2720800.000000
2024-04-04,94.200120,94.564345,92.084607,92.104568,2866500.000000
2024-04-05,92.683332,94.848743,92.518680,94.609245,2125600.000000
2024-04-08,94.858716,95.212967,93.711157,93.810944,1878200.000000
2024-04-09,94.289934,94.369767,92.144485,93.302032,2259500.000000
2024-04-10,91.964869,93.601396,91.256366,92.793106,1628600.000000
2024-04-11,92.513692,93.661259,92.174416,92.972717,1542200.000000
2024-04-12,91.685456,92.523681,91.276328,91.725372,1509200.000000
2024-04-15,93.182275,93.321978,90.737466,91.086723,1562100.000000
2024-04-16,90.996925,91.533780,90.276454,90.687576,1836800.000000
2024-04-17,91.286308,91.312246,88.631936,89.380348,1836200.000000
2024-04-18,90.108802,90.567827,88.661868,88.781616,1195300.000000
2024-04-19,89.080975,89.809433,87.274810,88.212822,2490000.000000
2024-04-22,88.691815,89.140867,87.913468,88.442345,2250400.000000
2024-04-23,89.140855,90.423130,89.001152,90.378227,1530000.000000
2024-04-24,91.745326,93.022615,90.697547,92.304138,4269100.000000
2024-04-25,91.096705,92.443845,90.308377,91.835136,2567400.000000
2024-04-26,92.274215,93.761058,92.114550,93.302032,1973900.000000
2024-04-29,93.272093,94.005538,92.254249,93.192261,2663200.000000
2024-04-30,93.012646,93.920723,92.154466,93.122414,3619500.000000
2024-05-01,92.982705,94.070393,92.024738,92.803085,3435100.000000
2024-05-02,93.082486,93.651279,91.416024,92.653397,4134500.000000
2024-05-03,87.813681,89.310505,85.720123,86.536392,6849000.000000
2024-05-06,87.883520,89.345422,87.474393,88.292656,4549400.000000
2024-05-07,88.482265,90.068903,87.733853,89.659767,2983300.000000
2024-05-08,89.460177,90.592776,88.771635,90.557846,3647900.000000
2024-05-09,90.667624,91.136630,90.004031,90.807327,2390600.000000
2024-05-10,91.695420,92.004762,90.737454,91.066757,1844400.000000
2024-05-13,90.947019,91.016871,89.744569,90.647652,3208000.000000
2024-05-14,90.597757,91.490858,90.097818,91.346169,1886600.000000
2024-05-15,91.835252,92.763486,91.545802,92.613770,1430400.000000
2024-05-16,92.284394,92.593803,90.487817,91.226410,4941800.000000
2024-05-17,91.815279,92.523930,91.436004,92.474030,3170900.000000
2024-05-20,92.763487,94.350463,92.563862,93.961205,2741600.000000
2024-05-21,93.661770,95.128980,93.631829,95.019188,3793600.000000
2024-05-22,95.218812,96.176987,94.909395,96.097137,3007800.000000
2024-05-23,96.077188,96.486406,94.560071,94.919388,5266600.000000
2024-05-24,95.288677,95.787727,94.959302,95.318619,3633000.000000
2024-05-28,95.488303,95.488303,92.913201,93.282501,5145200.000000
2024-05-29,92.673659,92.673659,90.837158,90.917000,2629700.000000
2024-05-30,90.687430,91.905114,90.462859,91.825264,1658400.000000
2024-05-31,91.905124,92.953126,90.607590,92.873283,3551400.000000
2024-06-03,93.182690,93.591907,88.830970,89.868996,3608200.000000
2024-06-04,89.749207,90.088565,86.784847,87.792931,4105900.000000
2024-06-05,88.092384,89.709302,87.423650,89.559593,2221500.000000
2024-06-06,89.220219,89.479727,87.643218,88.212135,3528800.000000
2024-06-07,88.471649,89.779159,87.453590,88.960716,2142000.000000
2024-06-10,88.860914,91.066716,88.860914,91.016815,2296600.000000
2024-06-11,90.697418,91.885153,89.824080,91.206444,3293900.000000
2024-06-12,91.905130,95.119016,91.585738,94.560074,3601800.000000
2024-06-13,94.150847,94.809590,93.082880,94.270615,2979600.000000
2024-06-14,92.823361,93.122795,89.829059,91.286285,2804100.000000
2024-06-17,90.936952,93.611862,90.268227,93.122795,1907000.000000
2024-06-18,93.122815,94.609983,92.843340,94.400383,2305400.000000
2024-06-20,94.180788,94.869480,92.324320,93.003029,2799400.000000
2024-06-21,93.172703,93.172703,91.745418,92.713577,3619700.000000
2024-06-24,92.943140,93.751599,92.563857,92.743515,2070700.000000
2024-06-25,92.503978,92.503978,89.160342,89.739243,3975500.000000
2024-06-26,89.240189,89.978782,88.282006,89.629448,2786500.000000
2024-06-27,90.058626,90.827160,89.669360,90.797218,1951700.000000
2024-06-28,90.827165,91.750411,90.008723,90.667465,2875800.000000
2024-07-01,91.885152,92.124702,88.870891,89.369942,1338400.000000
2024-07-02,89.320025,90.527726,88.880866,90.487808,1111900.000000
2024-07-03,90.647501,91.605677,90.028676,90.877068,651700.000000
2024-07-05,90.767285,91.281306,89.829067,91.206444,1378100.000000
2024-07-08,91.455967,92.563859,91.331204,91.935059,1359900.000000
2024-07-09,92.144647,92.723547,91.515846,91.555771,1668000.000000
2024-07-10,92.434125,94.250669,92.104750,94.120918,1486300.000000
2024-07-11,94.520135,96.815770,94.435298,95.318619,2005700.000000
2024-07-12,96.127079,98.093338,95.817670,97.095238,2807600.000000
2024-07-15,97.913677,99.251135,97.724043,98.472618,2817100.000000
2024-07-16,99.091437,100.458838,98.762062,100.149422,3024300.000000
2024-07-17,99.670333,99.670333,97.833824,97.833824,2623000.000000
2024-07-18,97.554370,99.400854,97.155128,97.724052,2313600.000000
2024-07-19,98.063385,98.362818,96.606159,96.676025,1549000.000000
2024-07-22,97.714068,99.949812,96.895626,99.760170,2042900.000000
2024-07-23,99.460727,101.107594,99.320993,100.059586,1419400.000000
2024-07-24,99.201232,99.600474,95.388487,95.568146,3511200.000000
2024-07-25,95.917474,98.582401,94.779640,96.755882,2901600.000000
2024-07-26,97.903693,99.420810,97.654168,98.512535,1803600.000000
2024-07-29,98.542492,99.330985,97.898713,98.552467,2290900.000000
2024-07-30,99.360937,100.473817,98.183178,98.682228,2526400.000000
2024-07-31,100.029639,100.977831,98.667234,100.209297,3310700.000000
2024-08-01,91.825266,95.198844,90.223311,91.056732,7445600.000000
2024-08-02,89.330019,89.529636,86.515375,87.253967,6031700.000000
2024-08-05,84.579045,88.401772,83.560986,86.874680,4558000.000000
2024-08-06,87.144166,89.859001,86.894641,87.982574,2968200.000000
2024-08-07,89.010636,89.509686,86.864717,87.134209,2845200.000000
2024-08-08,88.531533,90.432921,87.842849,90.308159,2580800.000000
2024-08-09,89.883960,90.577639,88.431721,89.300072,2674900.000000
2024-08-12,89.519653,89.789137,87.792936,88.092369,2064800.000000
2024-08-13,88.781059,89.873981,87.912716,89.739243,2074700.000000
2024-08-14,89.799125,90.946942,89.559583,90.857109,1463600.000000
2024-08-15,92.384549,92.694025,91.091726,92.065086,1859200.000000
2024-08-16,92.055098,92.359586,90.837146,90.857117,2260400.000000
2024-08-19,91.216511,91.685715,90.517682,90.797211,1676800.000000
2024-08-20,90.747299,91.081735,89.928676,90.347969,1305200.000000
2024-08-21,90.527669,91.306358,90.367935,91.006866,1079200.000000
2024-08-22,91.166589,91.555933,89.828844,89.988571,1201400.000000
2024-08-23,90.547623,91.850431,90.168264,91.486046,1824800.000000
2024-08-26,91.845457,92.085052,90.577594,90.647476,1677600.000000
2024-08-27,89.878755,90.747296,89.619189,90.477745,1136900.000000
2024-08-28,90.847128,91.156604,88.850487,89.249817,1853100.000000
2024-08-29,90.128345,91.935303,89.529355,90.647476,2024500.000000
2024-08-30,90.976902,91.406180,89.798884,91.296364,2153600.000000
2024-09-03,90.437816,90.847131,87.382959,88.181618,2557200.000000
2024-09-04,87.852158,88.560964,86.853838,87.113403,1619400.000000
2024-09-05,86.973647,87.537693,85.346381,87.462822,2919900.000000
2024-09-06,87.273134,88.650821,86.234881,86.694107,2539700.000000
2024-09-09,87.842179,88.461140,87.213240,87.303085,2439300.000000
2024-09-10,87.802236,87.912051,86.754004,87.882103,2492400.000000
2024-09-11,87.812238,89.719033,86.219917,89.479431,2259100.000000
2024-09-12,89.599222,90.567594,87.961978,89.709038,2468800.000000
2024-09-13,90.128328,91.664744,89.359625,90.877068,2523300.000000
2024-09-16,91.655757,92.015153,90.382905,90.787224,2293800.000000
2024-09-17,91.525980,93.877027,91.031809,93.812134,2156200.000000
2024-09-18,94.021790,95.763862,93.078378,93.582527,2213600.000000
2024-09-19,95.838732,97.555844,94.715622,97.485962,2253400.000000
2024-09-20,96.946862,97.835367,95.828741,96.607430,3738400.000000
2024-09-23,97.176468,98.094928,96.677308,97.326218,1479100.000000
2024-09-24,98.035020,99.402721,97.426044,97.845345,1775300.000000
2024-09-25,98.294600,98.294600,94.351238,94.870361,3078500.000000
2024-09-26,96.707273,97.376146,94.860375,96.248047,2765500.000000
2024-09-27,96.427735,98.983440,96.078324,97.915237,3873200.000000
2024-09-30,97.475979,98.114903,96.747209,97.995110,3253600.000000
2024-10-01,98.184783,98.514231,96.667340,97.835373,2761600.000000
2024-10-02,97.336199,100.570754,97.036700,99.772102,3412300.000000
2024-10-03,99.282932,99.602394,98.015069,98.763809,2118800.000000
2024-10-04,99.832007,100.990062,99.023370,100.960106,2268600.000000
2024-10-07,100.071606,101.239646,99.402733,99.851974,2466800.000000
2024-10-08,100.141494,100.141494,97.495952,98.703918,2051800.000000
2024-10-09,98.703913,99.592417,98.064989,99.262970,1350300.000000
2024-10-10,98.843673,99.602391,98.164815,98.394424,1827500.000000
2024-10-11,98.354486,100.700545,98.354486,100.590729,2254400.000000
2024-10-14,100.970087,102.507501,100.610691,102.267906,1361100.000000
2024-10-15,102.327813,102.567407,100.341158,100.500885,1932400.000000
2024-10-16,100.341153,100.840313,100.051639,100.221352,1556700.000000
2024-10-17,100.790393,101.728816,100.790393,100.860275,1257500.000000
2024-10-18,101.279555,101.279555,99.901876,100.231323,1536300.000000
2024-10-21,100.321180,100.910193,99.572440,99.861954,1842500.000000
2024-10-22,99.412715,99.861956,98.284608,98.294594,1611200.000000
2024-10-23,97.475966,97.875295,95.818758,96.228065,2986600.000000
2024-10-24,96.517585,96.517585,95.279670,95.768845,1841900.000000
2024-10-25,96.737215,97.096611,95.509278,95.958527,1904900.000000
2024-10-28,96.847023,97.885277,96.422734,96.946854,2803200.000000
2024-10-29,96.377812,97.615726,95.698954,97.096603,1424000.000000
2024-10-30,96.866997,97.650682,96.577483,97.116577,1659600.000000
2024-10-31,96.327897,97.236372,95.788803,95.838722,3327400.000000
2024-11-01,93.842082,97.650675,93.343920,93.812134,3880800.000000
2024-11-04,93.842089,96.053365,93.642428,94.451065,2520300.000000
2024-11-05,94.650714,97.630700,94.481001,97.535858,2082100.000000
2024-11-06,101.828642,103.076542,100.830322,102.806999,3745600.000000
2024-11-07,102.757089,103.785357,102.367744,103.356079,2009600.000000
2024-11-08,102.797026,103.715478,102.252943,102.437630,3035300.000000
2024-11-11,103.236283,105.153056,102.457587,104.623947,2766100.000000
2024-11-12,104.544068,105.452535,103.865210,104.054893,1707300.000000
2024-11-13,104.214624,105.013283,103.970033,104.174690,1720000.000000
2024-11-14,103.965016,104.634016,102.636994,102.836693,1594800.000000
2024-11-15,102.537142,103.515679,101.898095,102.277527,1937400.000000
2024-11-18,101.548616,102.307487,101.059348,101.498695,1829200.000000
2024-11-19,99.831186,102.287524,99.691388,102.227608,1975800.000000
2024-11-20,102.627017,103.036410,101.348923,102.956528,1990000.000000
2024-11-21,103.176189,103.714388,102.257560,102.886620,2180900.000000
2024-11-22,103.196158,104.803762,102.407333,103.845192,2163700.000000
2024-11-25,104.554137,105.872172,104.399369,105.193184,3004100.000000
2024-11-26,104.803757,105.018441,104.079838,104.584084,1426700.000000
2024-11-27,104.524171,105.023426,103.415822,103.895111,1170900.000000
2024-11-29,103.895129,104.399375,103.435807,104.014946,907100.000000
2024-12-02,104.594072,105.213152,103.875142,104.963524,1777200.000000
2024-12-03,105.043401,105.492736,103.615530,104.084831,1775400.000000
2024-12-04,104.174712,104.574118,103.455783,103.795273,1588000.000000
2024-12-05,103.715381,104.024917,102.457255,102.806732,1632100.000000
2024-12-06,103.345939,103.420825,102.002940,102.127754,1557200.000000
2024-12-09,102.766784,103.041376,101.288991,102.387352,2296700.000000
2024-12-10,102.237592,103.016430,100.724848,101.688408,1416800.000000
2024-12-11,102.716879,102.826716,101.169184,101.528648,1748400.000000
2024-12-12,101.528643,101.888108,100.869622,101.269028,1217200.000000
2024-12-13,101.179162,101.893094,100.580057,100.949501,1441900.000000
2024-12-16,100.949510,100.969484,99.601521,99.701370,1956100.000000
2024-12-17,98.912547,99.521640,97.135198,97.404800,3065600.000000
2024-12-18,97.424759,97.524608,92.661863,92.731758,2789500.000000
2024-12-19,93.870067,94.579010,91.054265,91.124161,3183200.000000
2024-12-20,90.754709,93.650394,90.275428,92.142639,5175400.000000
2024-12-23,91.813132,92.172596,90.744725,91.653374,1571400.000000
2024-12-24,91.383766,92.433204,91.124158,92.212532,592100.000000
2024-12-26,91.992861,92.527068,91.443684,92.142639,850000.000000
2024-12-27,91.443680,92.492113,90.859552,91.433693,1153300.000000
2024-12-30,90.365287,90.924451,89.316847,90.385254,1113300.000000
2024-12-31,90.974382,91.263951,90.025799,90.325348,1257900.000000
2025-01-02,91.164099,91.543531,90.095692,90.385254,2149100.000000
2025-01-03,90.704772,92.571992,90.395236,92.352318,2473200.000000
2025-01-06,92.941451,93.450686,90.844578,91.134140,1833700.000000
2025-01-07,90.984356,91.144114,88.178534,89.027275,3893100.000000
2025-01-08,88.418195,89.316849,87.364765,89.097183,2441300.000000
2025-01-10,88.118645,88.253446,86.610890,86.890472,2452200.000000
2025-01-13,86.001785,88.258423,85.871981,88.048737,2969300.000000
2025-01-14,88.787633,90.095688,88.692773,89.266922,1919100.000000
2025-01-15,90.525052,91.613426,90.305378,90.395241,2139200.000000
2025-01-16,90.694804,91.114177,90.150617,90.614922,2132200.000000
2025-01-17,91.593454,92.492109,91.094199,91.743225,2556800.000000
2025-01-21,92.691825,94.509116,92.472151,93.939964,2989100.000000
2025-01-22,94.359324,94.529069,93.510591,94.089729,2400400.000000
2025-01-23,94.059766,94.648892,92.736742,93.919975,2067300.000000
2025-01-24,93.850077,93.942941,92.711775,92.971390,1691500.000000
2025-01-27,91.793159,92.791671,90.974380,91.793159,2127600.000000
2025-01-28,91.673334,91.673334,90.435182,90.804634,2561600.000000
2025-01-29,90.814619,92.112687,90.734744,91.064247,1667000.000000
2025-01-30,92.182569,94.239500,91.343824,93.870056,2534900.000000
2025-01-31,94.139666,95.707329,93.355839,93.660385,2857300.000000
2025-02-03,91.263943,92.811631,90.175562,92.372292,1830700.000000
2025-02-04,93.550545,93.959931,92.442197,92.522079,1388000.000000
2025-02-05,92.871549,93.121177,91.253958,92.322365,1669100.000000
2025-02-06,92.921466,93.510592,91.643372,92.232498,2277100.000000
2025-02-07,92.601942,92.601942,90.465128,90.814606,2379700.000000
2025-02-10,91.463647,92.312380,90.355299,92.042786,2253900.000000
2025-02-11,91.463655,92.142643,90.964399,92.032806,1953900.000000
2025-02-12,90.495098,91.413734,90.175574,91.214027,2054700.000000
2025-02-13,91.024301,92.601943,90.714758,92.412231,2619000.000000
2025-02-14,87.869004,89.087190,85.442621,85.592400,7442400.000000
2025-02-18,85.871981,86.970342,85.562445,86.620865,3974800.000000
2025-02-19,86.121611,87.040239,85.262890,85.562447,2217600.000000
2025-02-20,85.442628,87.060219,85.222954,86.640839,3180000.000000
2025-02-21,86.740697,86.760663,83.136069,83.565430,2647900.000000
2025-02-24,83.815055,84.124592,82.277347,82.806557,2744900.000000
2025-02-25,82.656777,83.575405,81.585376,83.265869,2369700.000000
2025-02-26,83.954846,84.743671,83.106112,83.235916,2033500.000000
2025-02-27,83.275860,84.543966,82.696721,82.966316,2466000.000000
2025-02-28,83.485544,84.873475,82.956335,84.653801,3844800.000000
2025-03-03,85.332794,85.842037,81.788083,82.477051,2886800.000000
2025-03-04,81.268850,82.726676,79.845968,81.328758,3079200.000000
2025-03-05,81.748241,84.484832,81.393686,84.325035,3466400.000000
2025-03-06,83.366231,85.403695,82.557240,84.644638,3910600.000000
2025-03-07,84.125282,85.293826,82.197681,85.124039,4479400.000000
2025-03-10,83.595929,85.039133,82.257599,83.416153,4090500.000000
2025-03-11,83.106543,83.975464,81.728262,82.786942,2482900.000000
2025-03-12,83.426144,83.770716,80.989175,81.388680,2542800.000000
2025-03-13,81.148981,81.957972,79.690798,79.900536,2181200.000000
2025-03-14,81.238864,82.157726,80.359961,81.768211,1923900.000000
2025-03-17,81.738244,83.456107,81.508534,82.866844,1968500.000000
2025-03-18,82.507286,82.697052,80.989172,81.508530,1849600.000000
2025-03-19,81.848117,82.437387,80.829388,82.027893,2361000.000000
2025-03-20,80.979196,82.213659,80.783440,81.568459,1473100.000000
2025-03-21,80.539735,81.019142,79.750716,80.859337,2946300.000000
2025-03-24,81.878080,82.786945,81.228887,82.127769,3134500.000000
2025-03-25,82.597185,82.946756,81.288816,82.267601,1984000.000000
2025-03-26,82.217658,83.056617,81.053107,81.278824,1782000.000000
2025-03-27,80.979201,81.493560,79.750727,81.198929,1963500.000000
2025-03-28,80.899298,81.668337,78.931746,79.341240,1769100.000000
2025-03-31,78.102770,80.454845,77.084041,79.930496,2928000.000000
2025-04-01,79.610898,80.779442,78.861831,80.509781,2016700.000000
2025-04-02,79.321255,81.967962,79.321255,81.598419,1683600.000000
2025-04-03,77.843099,78.262575,72.914230,73.428589,4805000.000000
2025-04-04,70.652050,70.672030,67.106468,69.613342,6552900.000000
2025-04-07,68.175139,71.920477,65.558394,67.855537,6227400.000000
2025-04-08,70.552162,71.570898,65.528418,66.667000,4638500.000000
2025-04-09,65.808074,74.047816,65.618308,73.228836,7395500.000000
2025-04-10,71.291247,73.069040,69.323703,70.851799,7486400.000000
2025-04-11,70.861794,73.348704,69.034075,72.909248,4559400.000000
2025-04-14,73.927979,74.037843,72.589649,73.278793,1751800.000000
2025-04-15,73.238827,74.267545,72.589634,72.739449,1727500.000000
2025-04-16,71.800618,72.599627,70.672026,71.271278,1353700.000000
2025-04-17,71.780653,72.889273,71.610858,71.950439,1891000.000000
2025-04-21,70.801860,71.171402,68.884249,69.633316,2308000.000000
2025-04-22,70.682016,72.529722,70.227587,72.160179,2011000.000000
2025-04-23,75.106513,76.484802,73.113998,73.278793,2032800.000000
2025-04-24,73.258808,76.045340,72.971164,75.645836,1802000.000000
2025-04-25,75.186402,75.953445,74.517237,74.886780,3403600.000000
2025-04-28,75.126484,76.025367,74.052816,74.707008,7044300.000000
2025-04-29,74.007872,75.266308,73.798134,74.766930,7168700.000000
2025-04-30,73.878043,75.535976,72.639587,75.336227,4848400.000000
2025-05-01,75.955453,77.288792,75.256318,76.115250,4644700.000000
2025-05-02,75.895520,78.292538,75.106501,76.634605,4538900.000000
2025-05-05,76.215121,77.883050,75.890528,76.854324,3667200.000000
2025-05-06,76.005391,76.809391,75.535975,75.825615,3216700.000000
2025-05-07,76.334984,78.052847,76.165197,77.763206,5279800.000000
2025-05-08,78.761958,79.780686,77.783173,79.131500,3707500.000000
2025-05-09,79.521012,80.220139,78.969697,79.221382,3023700.000000
2025-05-12,82.956734,84.564733,82.577209,84.115295,7019400.000000
2025-05-13,84.394943,85.263864,83.935516,84.394943,2783700.000000
2025-05-14,84.005426,84.444882,83.066592,83.136505,2857600.000000
2025-05-15,82.916740,83.456200,82.587070,82.916740,2732400.000000
2025-05-16,82.826825,83.995650,82.567084,83.925720,2206500.000000
2025-05-19,82.756885,83.865771,82.627018,83.466179,2818300.000000
2025-05-20,82.946690,83.406227,82.497144,82.836800,2362200.000000
2025-05-21,81.937713,82.547101,80.983676,81.108551,3765800.000000
2025-05-22,80.698953,81.697950,80.499157,81.118530,3892500.000000
2025-05-23,79.640028,80.878782,79.380287,80.299362,3790800.000000
2025-05-27,81.528129,82.637016,80.728928,82.507141,3025700.000000
2025-05-28,82.627019,82.886760,81.508140,81.757889,2367200.000000
2025-05-29,82.487158,82.487158,81.358294,82.067581,2455700.000000
2025-05-30,81.648012,81.817839,80.878780,81.558098,5060200.000000
2025-06-02,81.328331,81.508143,79.545118,80.978676,2418400.000000
2025-06-03,81.168488,82.137516,80.728927,81.867783,1970600.000000
2025-06-04,82.347303,82.487162,81.523134,81.797852,1762900.000000
2025-06-05,82.157489,82.187457,81.158492,81.787865,1961200.000000
2025-06-06,83.116527,83.456190,82.766880,83.036613,2139400.000000
2025-06-09,83.616031,83.915733,83.136517,83.376274,1689800.000000
2025-06-10,83.695946,84.814825,83.166479,84.615021,2804100.000000
2025-06-11,84.814823,84.814823,82.801845,83.116524,2777100.000000
2025-06-12,82.217437,82.686959,81.528127,82.437210,1820300.000000
2025-06-13,81.298350,81.847801,80.136522,80.419235,2209700.000000
2025-06-16,81.408255,82.207455,80.898772,81.528137,1564100.000000
2025-06-17,80.748901,81.692953,80.339309,80.559090,1655900.000000
2025-06-18,80.898758,81.578076,80.559095,80.708946,1778000.000000
2025-06-20,81.618032,81.648009,79.974686,80.309349,2896000.000000
2025-06-23,80.319337,81.987660,79.659996,81.847801,1707100.000000
2025-06-24,82.567076,84.015618,82.067578,83.606033,2657800.000000
2025-06-25,83.875767,84.075571,83.166481,83.196449,1650300.000000
2025-06-26,83.566075,85.074563,83.246397,84.854782,1679000.000000
2025-06-27,84.804828,85.364264,83.675965,84.185448,2878100.000000
2025-06-30,83.885766,83.885766,82.996659,83.096558,2641700.000000
2025-07-01,82.776870,86.083546,82.497152,85.214424,2776100.000000
2025-07-02,85.374262,86.503126,84.984654,86.463173,2594500.000000
2025-07-03,86.942691,87.342291,86.807825,86.892746,1240600.000000
2025-07-07,86.553080,87.434199,85.778856,86.752876,5127200.000000
2025-07-08,86.982644,87.681939,86.642989,86.922707,2050000.000000
2025-07-09,87.731889,88.021599,86.962665,87.612007,1783700.000000
2025-07-10,87.761867,90.349273,87.412220,88.601028,3712500.000000
2025-07-11,87.651972,89.065554,87.622004,88.930687,2286800.000000
2025-07-14,87.981640,88.411208,86.652972,87.552071,2635500.000000
2025-07-15,88.031591,88.151465,86.193433,86.213417,2182800.000000
2025-07-16,86.183446,86.433195,84.340303,86.043587,2654300.000000
2025-07-17,86.243391,87.743883,85.998634,87.661964,2493900.000000
2025-07-18,86.243396,87.292338,84.605042,85.464180,4273700.000000
2025-07-21,86.293339,86.293339,83.805840,83.805840,2569500.000000
2025-07-22,83.755885,85.434200,83.486159,85.354286,2593400.000000
2025-07-23,86.313313,87.172451,85.673956,86.742882,2834600.000000
2025-07-24,86.233391,87.382238,85.933688,86.802818,2749500.000000
2025-07-25,87.172461,88.271356,86.752877,88.181442,2081200.000000
2025-07-28,88.181436,88.576044,87.562063,87.741882,1947600.000000
2025-07-29,88.241381,88.381240,86.613012,86.982643,2309200.000000
2025-07-30,87.212421,87.412218,85.244397,85.673965,2826100.000000
2025-07-31,85.284360,86.613020,84.325324,84.545097,4827900.000000
2025-08-01,79.120545,79.270396,73.795898,74.904785,12246100.000000
2025-08-04,75.604072,78.950710,75.304370,78.521141,6799300.000000
2025-08-05,78.361306,78.431236,76.672999,77.572098,4172600.000000
2025-08-06,77.532146,77.771903,76.313368,76.403282,4007100.000000
2025-08-07,77.342324,77.352316,76.033641,76.203468,2403500.000000
2025-08-08,76.443216,76.782878,75.614054,75.813850,1773600.000000
2025-08-11,76.133542,76.663009,75.549129,76.373299,2539000.000000
2025-08-12,77.022651,79.160503,76.722956,78.351318,2759900.000000
2025-08-13,78.641026,80.728926,77.811857,80.688965,3312100.000000
2025-08-14,79.819624,80.279275,79.160126,80.139381,3142200.000000
2025-08-15,80.339241,80.374210,77.656265,78.260811,2918000.000000
2025-08-18,78.160884,79.070192,77.751190,78.830376,2316000.000000
2025-08-19,78.800393,80.509099,78.660499,79.779648,1754600.000000
2025-08-20,79.479877,79.549824,78.580556,78.980255,2989500.000000
2025-08-21,78.850360,79.060200,77.211592,77.391457,1849000.000000
2025-08-22,78.390709,81.358465,77.931057,80.569061,2184400.000000
2025-08-25,80.698967,80.938784,79.619781,79.619781,1437600.000000
2025-08-26,79.639753,81.208566,79.359966,81.068672,4712800.000000
2025-08-27,80.778886,81.428396,80.379195,80.579041,1693200.000000
2025-08-28,80.808873,80.808873,79.634758,80.199333,1431300.000000
2025-08-29,79.889568,80.449150,79.000242,79.369965,1923000.000000
2025-09-02,78.540593,78.865352,77.171633,77.881096,2228700.000000
2025-09-03,77.521364,78.045968,76.811901,77.321510,1567300.000000
2025-09-04,77.331507,79.639759,77.091691,79.140137,2898000.000000
2025-09-05,79.869591,81.438404,79.462901,80.888817,3149700.000000
2025-09-08,80.888813,81.218566,79.150131,80.319244,4536500.000000
2025-09-09,79.989489,80.469122,78.960262,79.599785,3291700.000000
2025-09-10,79.619777,81.058692,79.310014,80.179352,2742800.000000
2025-09-11,79.989495,82.297747,79.889565,80.958755,4317800.000000
2025-09-12,80.748916,81.238551,78.700470,78.730446,3643400.000000
2025-09-15,79.190103,80.029465,78.390705,78.990257,3002800.000000
2025-09-16,78.880334,79.339985,77.436427,77.641266,3499700.000000
2025-09-17,78.170878,80.139382,77.791160,78.940292,5521200.000000
2025-09-18,79.699717,81.528328,79.285030,81.468376,4119700.000000
2025-09-19,81.708200,82.167859,80.309264,81.548325,13598000.000000
2025-09-22,80.569053,81.868073,79.759668,81.738174,3649800.000000
2025-09-23,82.127875,82.327721,80.698955,81.258530,4315100.000000
2025-09-24,81.008722,81.768149,80.564058,80.848846,3747500.000000
2025-09-25,80.079427,80.678972,79.310012,80.439156,3363400.000000
2025-09-26,81.108642,82.516581,80.319238,82.237793,3010400.000000
2025-09-29,82.857325,82.967243,81.588289,82.487610,3073100.000000
2025-09-30,82.297751,82.937266,81.308501,82.557556,3569800.000000
2025-10-01,81.798130,83.731665,81.568300,83.436890,3552800.000000
2025-10-02,83.406909,84.516070,82.487606,84.116371,2870500.000000
2025-10-03,83.766646,84.536061,83.316982,83.886551,2801600.000000
2025-10-06,83.936512,84.556047,83.296997,83.346962,3621900.000000
2025-10-07,83.736658,84.236280,80.898801,81.288506,3699400.000000
2025-10-08,81.458378,81.818106,80.189341,80.928780,3190100.000000
2025-10-09,81.208569,81.348471,78.200850,78.420685,2556600.000000
2025-10-10,78.880330,79.404927,75.862609,76.042473,2238600.000000
2025-10-13,76.831877,77.731198,76.022491,76.042473,2754600.000000
2025-10-14,74.723478,77.531352,74.363749,77.181618,4094600.000000
2025-10-15,77.641266,78.200847,75.922572,76.612045,2629700.000000
2025-10-16,76.911828,77.551343,74.923334,75.752701,2549600.000000
2025-10-17,74.553608,77.271554,74.553608,77.161636,2923000.000000
2025-10-20,77.911068,78.790400,77.736197,78.410690,1826300.000000
2025-10-21,77.721209,80.549072,77.701228,79.499863,1848800.000000
2025-10-22,79.569812,80.509104,78.040970,78.070946,3114000.000000
2025-10-23,78.860349,80.569056,78.440668,80.299263,1800100.000000
2025-10-24,81.128634,81.128634,79.639755,79.719696,1724400.000000
2025-10-27,80.928785,81.238556,79.899565,80.179352,3377300.000000
2025-10-28,80.688971,80.688971,78.380719,78.790405,3927000.000000
2025-10-29,79.260045,81.343468,78.770418,79.639755,4414600.000000
2025-10-30,79.290028,81.018724,78.470648,78.670502,5546600.000000
2025-10-31,76.372239,79.150137,74.943319,76.272316,6946200.000000
2025-11-03,75.942558,76.701986,74.643538,75.942558,5061000.000000
2025-11-04,75.362994,77.561335,75.233095,77.181618,4103200.000000
2025-11-05,76.871861,79.774665,76.871861,78.340752,4141000.000000
2025-11-06,78.380712,79.489874,77.261556,77.621284,3060500.000000
2025-11-07,76.811900,77.831126,75.987519,77.441422,2576900.000000
2025-11-10,77.881101,78.050971,75.952559,77.191620,2764800.000000
2025-11-11,77.091689,77.451417,76.537108,77.271553,2784000.000000
2025-11-12,77.501372,78.860345,77.361479,77.651260,2857000.000000
2025-11-13,77.191503,78.181007,75.707243,76.162010,2396900.000000
2025-11-14,74.942612,75.862151,74.602777,75.432365,2165900.000000
2025-11-17,74.962609,75.112536,73.323427,73.633270,2939000.000000
2025-11-18,73.153512,74.192995,72.413876,73.523323,1928100.000000
2025-11-19,73.693243,73.893140,72.853657,73.673248,4479300.000000
2025-11-20,73.273448,75.516333,73.273448,74.502838,4222900.000000
2025-11-21,74.342917,79.355416,74.342917,78.500847,3894100.000000
2025-11-24,78.550808,78.725723,76.751710,77.701233,5826200.000000
2025-11-25,78.410881,79.830179,77.761211,79.420380,2269700.000000
2025-11-26,79.210484,80.389896,79.045565,79.830177,2230100.000000
2025-11-28,79.760218,80.679757,79.710240,80.299942,1043900.000000
2025-12-01,79.640274,80.829683,79.090545,79.150520,2145600.000000
2025-12-02,79.250464,79.700237,78.131020,79.140518,2103100.000000
2025-12-03,79.440374,80.120035,78.970607,79.710236,1525000.000000
2025-12-04,79.770208,80.209992,79.400398,79.950119,2120300.000000
2025-12-05,79.810186,80.075053,79.325427,79.820183,1621000.000000
2025-12-08,79.730224,80.180004,78.850666,79.270454,2839100.000000
2025-12-09,79.220486,79.670258,78.280952,78.340919,2324900.000000
2025-12-10,78.500843,81.034575,78.440875,80.939629,2243000.000000
2025-12-11,81.429380,83.498348,80.569809,83.398399,2535800.000000
2025-12-12,83.728231,84.427886,81.374409,81.719238,3541900.000000
2025-12-15,82.089045,82.328931,80.939625,81.589294,3538900.000000
2025-12-16,81.839170,81.869161,79.450362,79.570305,2411300.000000
2025-12-17,79.350418,80.329933,77.641272,78.081055,3235300.000000
2025-12-18,79.020579,79.930129,78.560809,78.810684,3291700.000000
2025-12-19,78.770704,79.510341,78.270953,79.240471,6617900.000000
2025-12-22,79.950118,81.359419,79.110540,81.079559,1901100.000000
2025-12-23,80.729724,81.429380,80.259965,81.409386,1514800.000000
2025-12-24,81.399403,81.664270,81.235483,81.529335,633000.000000
2025-12-26,81.179504,81.679254,80.839669,81.239471,900200.000000
2025-12-29,81.319435,81.779204,80.769706,80.859665,1452400.000000
2025-12-30,80.739719,81.114532,80.449863,80.609787,1182100.000000
2025-12-31,80.629778,80.734729,79.100542,79.180504,1306700.000000
2026-01-02,79.790203,80.090048,78.610791,79.720238,1647600.000000
2026-01-05,79.110535,82.718735,78.920627,82.169006,2348700.000000
2026-01-06,82.039079,83.428386,81.051573,83.388405,2625700.000000
2026-01-07,83.418387,83.758221,80.849669,81.289452,2059100.000000
2026-01-08,81.259473,84.502850,80.859671,84.327942,2432400.000000
2026-01-09,84.677762,85.817193,84.347925,85.467369,2502300.000000
2026-01-12,85.257472,86.376909,84.907640,85.997101,2134300.000000
2026-01-13,86.206997,87.136534,84.908641,85.787209,2403000.000000
2026-01-14,85.487351,86.037080,84.217988,85.947121,2764100.000000
2026-01-15,86.356919,87.626283,86.356919,87.276459,1858000.000000
2026-01-16,86.986609,88.395910,86.986609,88.116051,2535900.000000
2026-01-20,87.006603,87.106552,84.617795,85.117546,5000900.000000
2026-01-21,86.316941,90.804700,85.887155,89.775215,3672900.000000
2026-01-22,90.304955,90.754735,87.166521,87.506355,5614600.000000
2026-01-23,87.606295,87.886154,86.766709,87.166512,2290200.000000
2026-01-26,87.206497,87.321437,86.177011,86.746727,2423800.000000
2026-01-27,86.746727,87.306445,86.167014,86.226982,3504200.000000
2026-01-28,85.827183,86.481855,84.887649,85.207489,2932000.000000
2026-01-29,86.276967,88.825699,85.367425,88.825699,8478000.000000
2026-01-30,88.136035,88.181011,85.147528,86.047073,3674300.000000
2026-02-02,86.047075,89.115552,85.997105,88.895660,3417000.000000
2026-02-03,89.205499,93.973117,88.855675,93.673271,6447900.000000
2026-02-04,94.952633,99.390422,94.592812,97.361435,13512500.000000
2026-02-05,96.611808,97.951136,95.022597,95.952133,5365300.000000
2026-02-06,97.361437,99.260483,96.891670,98.450890,6260100.000000
2026-02-09,97.861186,99.485376,97.601313,98.340942,4794500.000000
2026-02-10,98.640799,99.460390,97.521355,97.751244,6858500.000000
2026-02-11,98.380922,99.950139,96.631795,96.701759,9183100.000000
2026-02-12,97.821204,99.370426,93.923147,94.163025,8677100.000000
2026-02-13,96.411901,100.909657,94.662773,98.470871,6975400.000000
2026-02-17,97.061576,99.690261,97.061576,98.710754,4708000.000000
2026-02-18,99.590321,99.950142,96.891670,97.151535,2957600.000000
2026-02-19,96.621798,97.391418,95.087567,96.152031,2846200.000000
2026-02-20,95.812203,97.611308,94.842685,95.552330,3696100.000000
2026-02-23,95.312448,96.157028,93.708245,93.893158,2916700.000000
2026-02-24,94.013099,95.371423,93.773221,94.592812,2507900.000000
2026-02-25,94.882669,95.282471,92.134040,92.973618,4850900.000000
2026-02-26,93.443390,94.502866,92.441890,94.482872,2929800.000000
2026-02-27,93.163527,94.123047,92.243987,94.093063,3201000.000000
2026-03-02,92.703756,94.502862,91.554328,93.923149,2856300.000000
2026-03-03,91.264473,92.618801,89.745234,91.494362,2567900.000000
2026-03-04,91.844268,92.169174,90.424660,91.814270,2608900.000000
2026-03-05,91.184451,91.924241,89.254991,90.484650,3231800.000000
2026-03-06,88.495195,89.354955,86.010899,86.405785,2660000.000000
2026-03-09,84.536309,86.995619,82.926760,86.635727,2748400.000000
2026-03-10,86.575740,88.095318,85.496041,86.395790,2824700.000000
2026-03-11,85.486050,85.805960,84.196410,85.146141,2170200.000000
2026-03-12,83.866502,84.436342,80.997303,81.147263,3345500.000000
2026-03-13,81.967027,82.186966,79.737656,82.106987,8087000.000000
2026-03-16,82.986751,84.786242,82.966752,83.786522,4302700.000000
2026-03-17,84.636284,84.686265,82.047005,84.036446,2360700.000000
2026-03-18,83.826509,84.546308,81.917048,82.007019,2822700.000000
2026-03-19,80.657397,82.986746,80.087557,82.136986,4070600.000000
2026-03-20,81.877054,82.796795,80.637404,81.367195,4280300.000000
2026-03-23,83.926476,84.706264,82.246946,82.266945,2072500.000000
2026-03-24,81.107271,83.636568,80.542434,83.126709,2776900.000000
2026-03-25,84.276383,84.756245,82.466885,83.626564,2052900.000000
2026-03-26,82.636844,84.076435,81.212240,81.367195,1731800.000000
2026-03-27,80.917330,81.037292,78.767931,79.427742,3016000.000000
2026-03-30,79.287781,79.637689,76.683515,76.918449,3951700.000000
2026-03-31,78.507999,80.608408,77.538269,80.097557,2975800.000000
2026-04-01,80.227515,81.692101,79.947594,79.977585,2395900.000000
2026-04-02,77.728217,79.467728,75.988707,77.888176,3190800.000000
2026-04-06,77.428298,78.677948,76.778486,78.677948,2044700.000000
2026-04-07,78.378038,79.577699,78.008139,79.527718,3055500.000000
2026-04-08,81.907048,85.196127,81.907048,84.646278,3156700.000000
2026-04-09,83.956474,87.595454,83.956474,87.005615,2984000.000000
2026-04-10,87.295538,87.295538,85.136147,85.356079,3172300.000000
2026-04-13,84.956196,88.154297,84.906207,87.665436,2966300.000000
2026-04-14,86.235837,89.075038,86.235837,88.295258,3668000.000000
2026-04-15,87.675428,88.045327,82.486887,83.366638,5978100.000000
2026-04-16,83.476610,84.711265,83.031735,83.646561,3300900.000000
2026-04-17,84.816233,87.215562,84.506322,85.775970,6630800.000000
2026-04-20,85.306099,86.115869,85.146140,85.985909,2107000.000000
2026-04-21,86.195848,87.495480,84.751253,84.786240,2406800.000000
2026-04-22,85.745972,86.120867,83.096720,83.676552,2608600.000000
2026-04-23,84.236399,85.526039,83.406630,84.926201,3898100.000000
2026-04-24,84.066442,85.286102,83.186692,83.786522,4511000.000000
2026-04-27,83.126706,85.036167,83.116706,83.986465,5005000.000000
2026-04-28,83.436620,83.436620,80.457459,81.167259,5395200.000000
2026-04-29,79.547711,80.227520,76.788482,77.438301,6022200.000000
2026-04-30,76.938442,79.987591,76.938442,79.837631,3752200.000000
2026-05-01,80.067557,80.377476,77.218357,77.968147,3472700.000000
2026-05-04,77.508283,78.223087,75.288904,75.538834,4421400.000000
2026-05-05,76.388598,76.853464,75.658799,75.798759,2650500.000000
2026-05-06,78.078119,80.107549,77.563264,78.627968,4848700.000000
2026-05-07,79.117827,79.857617,76.968427,77.478287,3832900.000000
2026-05-08,78.038133,78.118113,75.458862,75.728783,2808200.000000
2026-05-11,75.718779,75.761766,74.629088,74.679070,2855900.000000
2026-05-12,75.098960,75.188931,72.169780,73.189491,3693500.000000
2026-05-13,73.119513,73.129512,70.950122,71.370003,5484500.000000
2026-05-14,72.160004,72.459999,70.260002,71.820000,3520500.000000
2026-05-15,70.760002,71.125000,70.230003,70.349998,2870700.000000
2026-05-18,70.529999,71.125000,69.629997,69.970001,3167600.000000
2026-05-19,69.519997,69.589996,68.070000,68.540001,2380800.000000
2026-05-20,68.949997,70.654999,68.410004,70.370003,5200800.000000
2026-05-21,69.610001,70.370003,68.279999,70.279999,5171500.000000
2026-05-22,70.699997,71.529999,69.639999,70.910004,4447800.000000
2026-05-26,71.559998,72.510002,71.110001,72.430000,4309500.000000
2026-05-27,72.680000,72.949997,70.889999,70.959999,3810100.000000
2026-05-28,70.610001,71.110001,69.160004,70.989998,4192200.000000
2026-05-29,70.559998,72.669998,69.720001,71.639999,5366800.000000
2026-06-01,70.570000,71.480003,69.709999,70.959999,3493400.000000
2026-06-02,71.550003,72.250000,70.964996,71.620003,3235600.000000
2026-06-03,71.209999,72.160004,69.900002,70.070000,4248400.000000
2026-06-04,71.290001,72.559998,70.570000,72.010002,3430300.000000
