date,open,high,low,close,volume
2020-03-19,36.345808,41.797680,36.345808,41.116196,7000.000000
2020-03-20,40.898127,41.806772,40.889042,40.889042,3600.000000
2020-03-23,38.163096,38.163096,36.327633,36.345806,11900.000000
2020-03-24,36.345806,36.345806,35.437161,36.345806,77800.000000
2020-03-25,36.345808,40.707305,34.528518,37.263538,7000.000000
2020-03-26,40.889042,43.160655,40.207558,40.889042,29100.000000
2020-03-27,40.889034,43.160647,40.879949,41.102566,263200.000000
2020-03-30,40.207552,45.432262,40.207552,45.432262,118100.000000
2020-03-31,42.252004,45.432262,40.689133,45.432262,210300.000000
2020-04-01,41.788605,44.069304,39.980399,42.433743,1206100.000000
2020-04-02,40.910836,44.214671,39.253469,39.980385,9264200.000000
2020-04-03,39.753230,44.796210,37.981371,42.997093,22551600.000000
2020-04-06,42.706325,43.478672,40.616442,41.743160,10294200.000000
2020-04-07,41.025334,42.697241,39.008140,40.234810,12146500.000000
2020-04-08,38.353925,41.070777,37.490711,40.062180,22265800.000000
2020-04-09,40.025821,45.659422,39.980390,44.650826,17355600.000000
2020-04-13,44.114716,44.223753,41.543253,41.797672,8545100.000000
2020-04-14,41.715908,42.070279,39.953137,41.697735,10152100.000000
2020-04-15,40.153028,40.752734,38.890012,40.480141,7935500.000000
2020-04-16,40.053085,42.167503,39.571501,41.452396,8740200.000000
2020-04-17,42.706326,44.123814,41.724988,41.933979,7878100.000000
2020-04-20,40.889041,42.688158,40.798178,41.243412,5407500.000000
2020-04-21,40.434724,42.888068,40.434724,41.706829,6939700.000000
2020-04-22,42.988008,45.023372,41.797682,42.751759,6801900.000000
2020-04-23,43.106134,43.651324,42.233836,43.133396,5174800.000000
2020-04-24,43.633151,44.069301,42.079368,43.478680,6446900.000000
2020-04-27,43.687659,44.160152,43.260595,43.814869,5541100.000000
2020-04-28,44.587219,46.295473,44.205590,45.305050,5368200.000000
2020-04-29,46.131917,47.004216,45.168752,46.477203,4343900.000000
2020-04-30,46.313641,46.886085,45.886577,46.259121,6123800.000000
2020-05-01,45.732129,45.913855,43.896664,45.168766,3089700.000000
2020-05-04,44.387317,45.132405,43.169732,45.005196,5676600.000000
2020-05-05,45.005202,46.013799,43.578630,43.696754,4103600.000000
2020-05-06,44.169241,44.523612,43.515016,43.896648,2931800.000000
2020-05-07,44.541798,48.421714,44.514540,47.076920,4803200.000000
2020-05-08,47.358589,49.221311,47.349504,48.112766,4289400.000000
2020-05-11,47.249561,47.613020,46.395436,47.076920,3150600.000000
2020-05-12,47.422189,47.513055,45.150576,45.177837,3059800.000000
2020-05-13,44.523605,45.704843,43.510464,43.805775,4567000.000000
2020-05-14,43.260596,43.978427,42.915310,43.614967,4849900.000000
2020-05-15,42.997088,44.723515,42.888051,44.423660,2981400.000000
2020-05-18,45.541290,47.558483,45.541290,47.367668,4452600.000000
2020-05-19,46.958791,48.092781,46.390888,47.531239,2050300.000000
2020-05-20,47.749311,49.702900,47.681162,48.321758,4755100.000000
2020-05-21,47.756267,48.841635,47.309348,47.455280,3813100.000000
2020-05-22,47.847474,48.084616,46.442877,47.163418,2134300.000000
2020-05-26,48.367349,49.242944,46.242215,46.415508,6247000.000000
2020-05-27,47.053977,48.020778,46.306075,47.774517,5202300.000000
2020-05-28,48.221422,48.294390,46.451998,46.479359,4260700.000000
2020-05-29,46.005089,48.221433,45.767951,48.020779,7522700.000000
2020-06-01,47.838348,49.653375,47.528242,49.325031,3073300.000000
2020-06-02,49.398005,49.936129,48.604500,49.388885,2638100.000000
2020-06-03,50.164146,50.693152,49.753712,50.592823,4134500.000000
2020-06-04,50.437774,51.678198,49.881408,50.528984,3281300.000000
2020-06-05,52.745316,53.547028,51.076217,53.420250,4615100.000000
2020-06-08,53.520566,55.928444,53.228703,55.873718,5966500.000000
2020-06-09,55.089360,56.056158,54.031353,55.317379,4610200.000000
2020-06-10,55.280894,55.600119,53.830694,53.839813,2658300.000000
2020-06-11,51.076230,52.964226,50.807169,51.304249,3293900.000000
2020-06-12,52.654115,53.794210,50.255356,51.112709,4313000.000000
2020-06-15,49.717230,52.717959,49.097022,52.599388,4464300.000000
2020-06-16,54.268495,54.542117,52.330334,52.763569,3510300.000000
2020-06-17,53.009821,53.073666,51.495776,51.751160,2441500.000000
2020-06-18,51.477537,52.608512,51.295125,52.435219,2137500.000000
2020-06-19,53.775963,53.775963,51.030618,51.988297,7096100.000000
2020-06-22,51.878860,53.064557,51.659960,52.043034,2027000.000000
2020-06-23,52.617628,52.781802,51.614347,51.805882,2386900.000000
2020-06-24,51.213036,51.960938,50.392167,50.656670,3022000.000000
2020-06-25,50.209752,51.532262,49.945249,51.258640,2942900.000000
2020-06-26,51.286001,51.514020,49.655212,50.884689,6634300.000000
2020-06-29,50.975881,51.805869,50.465121,51.596092,2257300.000000
2020-06-30,51.048857,52.079499,50.629300,51.860603,2518100.000000
2020-07-01,51.988302,51.988302,50.848207,50.875568,2400200.000000
2020-07-02,51.468404,52.207187,50.866435,51.532249,3162900.000000
2020-07-06,52.334883,52.517299,51.468411,51.860603,1999100.000000
2020-07-07,51.468411,52.271038,51.185666,51.824120,2537900.000000
2020-07-08,52.015662,52.125113,51.322486,51.915333,6694900.000000
2020-07-09,51.860597,52.845636,51.140057,51.176540,2424200.000000
2020-07-10,51.285998,52.271041,51.112705,51.970055,2137300.000000
2020-07-13,51.586983,52.845645,51.500335,51.887966,2882500.000000
2020-07-14,51.276875,52.398728,51.103579,52.325760,2755100.000000
2020-07-15,52.909486,53.812442,52.772677,53.082783,2358400.000000
2020-07-16,52.900366,53.411130,52.588438,53.192230,2628800.000000
2020-07-17,53.566182,53.839804,53.037180,53.402008,2983100.000000
2020-07-20,53.283436,54.405291,52.891246,53.411129,2407800.000000
2020-07-21,53.246963,53.757723,52.991580,53.301685,2314000.000000
2020-07-22,52.863889,53.748604,52.608509,53.338169,2034300.000000
2020-07-23,53.356416,54.239304,53.210484,53.867180,2566500.000000
2020-07-24,53.976626,53.990307,52.562910,53.018948,3142100.000000
2020-07-27,52.772676,53.301678,52.535535,53.192230,2670300.000000
2020-07-28,54.560343,56.393616,54.450895,54.979897,4473600.000000
2020-07-29,55.600118,58.701176,55.600118,58.646454,4885400.000000
2020-07-30,57.862059,58.847098,57.597560,57.816456,2307000.000000
2020-07-31,57.862068,57.862068,56.712854,57.223618,3156100.000000
2020-08-03,57.478982,58.208642,57.223602,57.652275,3200500.000000
2020-08-04,57.077680,57.369544,56.521314,57.105042,1739400.000000
2020-08-05,57.223610,58.053599,56.858779,57.542835,2645000.000000
2020-08-06,57.360416,57.935024,57.337616,57.898540,1557400.000000
2020-08-07,57.606679,58.801499,57.606679,58.746777,1169100.000000
2020-08-10,58.637325,59.558523,58.637325,59.476433,1572700.000000
2020-08-11,59.759170,60.151363,58.673805,58.710289,2787700.000000
2020-08-12,59.257532,59.713570,58.573476,59.193687,1496600.000000
2020-08-13,59.248417,59.248417,58.217774,58.372826,1436200.000000
2020-08-14,58.108321,58.837984,58.007992,58.436668,1633900.000000
2020-08-17,58.792368,58.856213,58.108312,58.336330,1785500.000000
2020-08-18,58.236017,58.737662,57.802783,57.871189,1680200.000000
2020-08-19,57.898550,57.998879,57.086804,57.387787,1549000.000000
2020-08-20,56.875393,57.872726,56.555150,57.616531,1291500.000000
2020-08-21,57.671425,58.321066,57.268833,58.220417,2649500.000000
2020-08-24,58.202116,58.769408,57.680575,58.375961,3199900.000000
2020-08-25,58.934111,59.300099,58.472040,58.824310,1604100.000000
2020-08-26,58.815153,59.281796,58.328383,58.723656,1161900.000000
2020-08-27,58.989009,59.387025,57.799527,57.854427,1341700.000000
2020-08-28,57.891028,58.220423,57.323739,58.183823,1129900.000000
2020-08-31,58.202120,58.412566,57.497582,57.552483,1736400.000000
2020-09-01,57.204786,58.815156,57.026364,58.604713,2334100.000000
2020-09-02,58.311924,59.986343,58.238728,59.785046,1827200.000000
2020-09-03,59.364139,59.885680,55.868905,56.591740,3096800.000000
2020-09-04,57.186484,57.277981,55.292468,56.262352,2697000.000000
2020-09-08,56.207446,56.500241,55.319911,55.475460,2137900.000000
2020-09-09,55.841468,57.213944,55.814020,56.802204,1888500.000000
2020-09-10,56.710690,56.710690,54.651977,54.807526,3828900.000000
2020-09-11,55.136935,55.548678,54.693171,55.027138,2273400.000000
2020-09-14,55.420562,55.420562,54.045343,54.889874,2420100.000000
2020-09-15,54.926469,56.381294,54.926469,55.173515,1629400.000000
2020-09-16,55.685915,55.823160,54.350039,54.706882,2457000.000000
2020-09-17,53.755295,55.896357,53.105658,55.850609,2219900.000000
2020-09-18,55.960407,57.314582,55.255869,55.704212,3806500.000000
2020-09-21,54.899033,55.100330,53.682102,54.359192,2512100.000000
2020-09-22,53.929147,55.923812,53.855950,55.804867,1841500.000000
2020-09-23,55.603568,56.518552,55.082028,55.274174,1733700.000000
2020-09-24,55.676771,57.415242,55.319928,56.802204,2374800.000000
2020-09-25,56.372161,57.049247,55.987866,56.317261,1557600.000000
2020-09-28,56.976043,57.534183,56.637500,57.195637,1233900.000000
2020-09-29,57.113290,57.424384,56.619201,57.104141,1435400.000000
2020-09-30,57.378635,58.192970,56.683249,57.113289,2494000.000000
2020-10-01,57.525031,58.760261,56.509399,57.067539,2342500.000000
2020-10-02,56.381303,58.046573,56.280654,57.790379,1447800.000000
2020-10-05,58.321068,59.135400,57.859001,59.053055,1447700.000000
2020-10-06,58.952408,59.473949,58.087749,58.403419,2107000.000000
2020-10-07,59.135408,60.041247,58.902090,59.519707,1648100.000000
2020-10-08,59.281803,59.940593,58.998161,59.208603,1213200.000000
2020-10-09,59.492236,60.086976,58.833453,59.794182,1187000.000000
2020-10-12,60.251683,60.375208,59.629494,60.105289,1185800.000000
2020-10-13,59.620343,60.205932,59.122586,59.592888,1415900.000000
2020-10-14,59.931440,60.388932,59.043905,60.032089,1633600.000000
2020-10-15,59.172000,59.871962,58.568114,59.656940,982100.000000
2020-10-16,59.748453,60.215090,59.300106,59.501404,1047500.000000
2020-10-19,59.382447,59.876539,58.632161,58.888355,910500.000000
2020-10-20,59.181148,60.151029,58.870050,58.915802,720000.000000
2020-10-21,58.787717,59.318409,58.293625,58.302776,1082600.000000
2020-10-22,58.549817,58.549817,57.625681,57.863579,4980300.000000
2020-10-23,58.074025,58.577262,57.753779,58.055725,2308600.000000
2020-10-26,58.412569,58.458318,56.152558,57.836128,3026000.000000
2020-10-27,57.561633,57.863579,56.600901,56.701550,1973200.000000
2020-10-28,55.823156,56.051902,53.773594,53.974892,2570900.000000
2020-10-29,53.883394,55.987856,53.801045,55.621864,2122600.000000
2020-10-30,55.219267,56.088502,54.716026,56.070202,2036100.000000
2020-11-02,56.902838,57.433531,55.896358,56.857090,1819100.000000
2020-11-03,57.579929,58.421713,56.802194,57.378632,1545600.000000
2020-11-04,57.351178,58.234137,56.683240,57.003483,2042700.000000
2020-11-05,57.936769,58.513210,57.268831,57.305431,1495700.000000
2020-11-06,57.616534,58.385121,57.342036,58.174675,1145800.000000
2020-11-09,61.303922,61.569268,58.037430,58.101479,2420100.000000
2020-11-10,57.991669,60.313896,57.936769,60.151028,2174600.000000
2020-11-11,60.260824,60.690868,59.236040,60.498722,1319500.000000
2020-11-12,60.553629,60.809823,59.858239,60.379780,1774700.000000
2020-11-13,60.608529,61.066020,59.684400,59.995491,1438500.000000
2020-11-16,60.590230,61.889505,60.096137,61.660759,2338900.000000
2020-11-17,61.450307,62.173138,60.667993,61.486900,1465000.000000
2020-11-18,61.587559,62.200604,60.855577,60.965370,2182800.000000
2020-11-19,61.148922,61.662860,60.203652,60.717590,1809900.000000
2020-11-20,60.653350,61.249882,60.570757,60.864433,1811200.000000
2020-11-23,61.158086,61.974873,61.075493,61.717907,1885500.000000
2020-11-24,62.442935,62.442935,61.378355,61.855583,4738800.000000
2020-11-25,61.892300,61.919831,60.956202,61.837231,1125400.000000
2020-11-27,61.993234,62.598938,61.396703,61.800503,1645000.000000
2020-11-30,61.341631,62.130887,60.919472,61.433411,1831000.000000
2020-12-01,61.873925,62.553056,61.277393,61.332462,2928100.000000
2020-12-02,61.415058,61.736265,60.166933,60.286243,1379600.000000
2020-12-03,60.359661,61.350820,59.983392,60.102695,1061900.000000
2020-12-04,60.249540,60.610210,59.542878,59.799850,2054300.000000
2020-12-07,59.634646,59.937494,58.744438,59.515335,1917600.000000
2020-12-08,59.451094,60.708398,59.359322,60.671688,2641500.000000
2020-12-09,60.341309,60.763468,59.827378,60.102695,1668600.000000
2020-12-10,59.845727,60.699224,58.597602,58.735264,2056600.000000
2020-12-11,58.120375,58.625131,57.771634,58.487469,2023900.000000
2020-12-14,59.184948,59.184948,57.377005,57.615616,1377800.000000
2020-12-15,57.918477,60.194465,57.780815,59.405216,2041100.000000
2020-12-16,59.588756,59.955853,59.047287,59.873253,1760600.000000
2020-12-17,60.341299,60.864410,60.111865,60.378010,1873700.000000
2020-12-18,60.561560,60.754284,59.230842,60.212822,4028700.000000
2020-12-21,59.597938,61.011256,59.285903,60.708401,2201300.000000
2020-12-22,60.423883,60.561545,59.740173,60.029263,1151500.000000
2020-12-23,60.102680,60.790984,59.928315,60.231163,972500.000000
2020-12-24,60.065975,60.552382,59.919141,60.378010,992100.000000
2020-12-28,60.735929,61.121378,60.148577,60.570736,786400.000000
2020-12-29,60.855237,61.121382,59.772305,60.286243,1008400.000000
2020-12-30,60.378028,61.332477,60.378028,61.231525,1082200.000000
2020-12-31,61.359995,62.121719,61.093850,61.993237,1238200.000000
2021-01-04,61.993239,62.424571,60.157762,60.194466,2569600.000000
2021-01-05,60.405551,60.956192,59.431833,59.744778,1366100.000000
2021-01-06,60.405541,61.791328,59.882431,61.405880,1596000.000000
2021-01-07,61.763793,62.364911,61.346221,62.204304,1542500.000000
2021-01-08,61.919814,62.378684,60.433076,61.332462,1914000.000000
2021-01-11,60.772659,61.295770,60.396383,60.901142,1506200.000000
2021-01-12,60.818516,61.304924,59.717233,59.864075,1722000.000000
2021-01-13,59.827371,60.143992,58.597598,58.707729,3172600.000000
2021-01-14,58.918807,59.992566,58.551714,59.597939,3088300.000000
2021-01-15,59.478624,60.286238,58.285565,60.139397,1841100.000000
2021-01-19,60.570730,60.983710,59.579571,59.992558,2489200.000000
2021-01-20,60.387210,61.029624,59.552064,59.827389,1737200.000000
2021-01-21,59.873270,59.873270,58.230520,58.294762,3945600.000000
2021-01-22,58.294752,59.845729,58.001076,59.542873,3546500.000000
2021-01-25,58.735268,59.295089,56.899791,58.937172,4500200.000000
2021-01-26,59.285899,59.735589,57.147571,58.285564,2742100.000000
2021-01-27,57.523860,57.826712,56.239024,57.120056,3241300.000000
2021-01-28,57.450433,59.487813,57.202646,58.579254,3235000.000000
2021-01-29,59.753950,60.561557,58.230504,59.331791,10353200.000000
2021-02-01,60.561567,60.579926,57.817531,59.240028,3731500.000000
2021-02-02,59.698900,61.286584,59.194141,59.322624,4327800.000000
2021-02-03,59.322613,59.533696,57.771636,58.781151,3542100.000000
2021-02-04,58.634313,58.854569,57.817527,58.083672,2303900.000000
2021-02-05,57.578913,58.918807,57.477961,58.671021,3697900.000000
2021-02-08,58.505824,59.221659,57.955182,58.487469,1787100.000000
2021-02-09,58.313102,59.279482,58.010247,59.065647,2819100.000000
2021-02-10,59.597937,60.478966,59.285903,59.937496,1934100.000000
2021-02-11,59.873067,60.025880,57.889263,58.390968,4298900.000000
2021-02-12,57.893865,59.412787,57.893865,58.851246,2021600.000000
2021-02-16,59.201052,59.228668,57.608492,58.170029,3228400.000000
2021-02-17,58.280503,58.335734,57.644396,57.709755,2178600.000000
2021-02-18,57.498029,58.529056,57.359947,58.050365,2258400.000000
2021-02-19,58.289699,58.413976,57.939886,58.031944,3852700.000000
2021-02-22,57.857039,58.542857,57.553257,58.206852,2560000.000000
2021-02-23,57.847835,58.519842,57.590080,58.206852,2571200.000000
2021-02-24,58.077976,59.293115,58.022741,59.237877,2257300.000000
2021-02-25,59.173437,59.753393,58.924890,59.339138,2431700.000000
2021-02-26,59.734974,59.734974,58.538250,58.648716,3278300.000000
2021-03-01,59.026152,60.526658,58.980121,59.771801,1896000.000000
2021-03-02,59.587682,60.614101,59.219458,60.213661,2657500.000000
2021-03-03,60.305717,62.275709,59.900669,61.677345,3210800.000000
2021-03-04,61.520858,61.585297,58.308111,58.869652,3634400.000000
2021-03-05,59.394360,59.937492,57.774180,59.716560,2168000.000000
2021-03-08,59.808618,61.060577,59.458802,60.038757,1636700.000000
2021-03-09,60.471427,61.355161,59.762593,59.771801,2547300.000000
2021-03-10,59.532456,61.212478,59.477225,60.986938,1814900.000000
2021-03-11,60.848849,62.266508,60.655532,61.953522,2214700.000000
2021-03-12,62.275711,62.275711,60.747583,60.756790,1938200.000000
2021-03-15,60.701568,61.345956,60.310329,61.318340,1495700.000000
2021-03-16,61.787810,62.570282,61.290708,62.321728,2371800.000000
2021-03-17,62.588703,63.196275,62.008755,63.131836,1729500.000000
2021-03-18,62.735985,63.187056,62.100798,62.735985,2752800.000000
2021-03-19,62.496650,62.496650,61.235484,61.548477,3149000.000000
2021-03-22,61.502443,61.622120,60.425392,61.511650,1391500.000000
2021-03-23,61.143420,62.330940,60.940896,61.640522,1364500.000000
2021-03-24,61.566885,62.561088,61.566885,61.833847,1378000.000000
2021-03-25,62.054777,62.726780,61.456413,62.469025,1738900.000000
2021-03-26,62.745213,63.868288,62.248111,63.555302,1989400.000000
2021-03-29,64.282509,65.055774,63.978724,64.356155,2038300.000000
2021-03-30,64.503462,64.890095,63.905098,64.199677,2604800.000000
2021-03-31,64.457432,64.457432,62.846457,63.012157,3783100.000000
2021-04-01,63.417200,64.107618,62.892482,63.757809,1579200.000000
2021-04-05,63.592120,64.162862,63.444828,63.730206,1126600.000000
2021-04-06,63.978743,64.867078,63.417202,64.181267,1972800.000000
2021-04-07,64.310166,64.687591,63.895918,64.098434,7225700.000000
2021-04-08,63.969540,64.112225,63.444822,63.895901,1881700.000000
2021-04-09,64.144437,65.313541,63.932705,65.129433,3557700.000000
2021-04-12,65.009791,65.456262,64.733621,65.037407,1986000.000000
2021-04-13,64.853276,65.575917,64.615776,65.470055,1513400.000000
2021-04-14,65.359584,65.428623,64.494258,64.807251,3099700.000000
2021-04-15,65.028185,65.580518,64.540290,65.331970,1495600.000000
2021-04-16,65.737018,65.737018,64.300944,64.972954,2548500.000000
2021-04-19,65.092629,65.714008,64.761228,65.387207,2641300.000000
2021-04-20,65.948739,65.994770,64.742811,64.871689,3682300.000000
2021-04-21,64.853275,65.433231,64.282534,65.396408,3080300.000000
2021-04-22,65.571338,66.050025,65.000589,65.313576,2415600.000000
2021-04-23,65.424031,66.261742,65.120246,65.617348,2574700.000000
2021-04-26,70.367407,70.772448,68.627554,70.210907,6077800.000000
2021-04-27,70.422658,72.963399,70.072849,72.724052,6143800.000000
2021-04-28,72.889756,73.184334,71.794290,71.803497,3492300.000000
2021-04-29,71.821911,72.834530,71.821911,72.438690,2492200.000000
2021-04-30,72.033624,72.420257,71.389237,71.683815,3659500.000000
2021-05-03,72.254554,72.816095,71.720636,72.171707,2739900.000000
2021-05-04,72.153308,73.239566,72.153308,72.466301,3402100.000000
2021-05-05,72.622791,72.944985,71.582563,71.858727,2075500.000000
2021-05-06,72.199319,72.612647,71.527309,72.134880,2983500.000000
2021-05-07,71.877132,72.678012,71.720639,71.978394,2780700.000000
2021-05-10,72.420255,72.816095,71.831099,72.033623,4867400.000000
2021-05-11,71.610160,71.904738,70.744834,71.453667,2939200.000000
2021-05-12,71.582568,71.766676,70.063646,70.082054,2392700.000000
2021-05-13,69.953169,71.366228,69.796676,71.021019,2658300.000000
2021-05-14,71.481297,73.129096,71.260365,72.613579,3255300.000000
2021-05-17,72.475483,72.889731,71.895528,72.733238,2234000.000000
2021-05-18,73.230361,73.359239,72.328212,72.355827,2941000.000000
2021-05-19,71.748268,71.803500,70.910558,71.315605,5465700.000000
2021-05-20,71.214028,71.897355,70.973937,71.435646,6751500.000000
2021-05-21,71.675721,72.303645,71.361755,71.629547,2245000.000000
2021-05-24,71.657249,72.331348,71.297117,72.146660,1547500.000000
2021-05-25,72.285185,72.589915,71.712670,71.740372,2288600.000000
2021-05-26,71.814232,72.239010,71.611086,71.814232,1890100.000000
2021-05-27,72.165139,73.033147,71.740367,72.682251,2818900.000000
2021-05-28,72.469859,72.682241,71.869636,72.331345,1915000.000000
2021-06-01,73.107020,73.716480,72.280564,72.405228,2207600.000000
2021-06-02,72.414446,72.728412,71.814223,72.275932,1898600.000000
2021-06-03,72.257481,73.347115,71.721897,73.079323,1949900.000000
2021-06-04,73.180889,73.799577,73.153187,73.753410,1644000.000000
2021-06-07,74.242845,74.616829,73.384066,73.513344,1723600.000000
2021-06-08,73.651833,74.750696,73.296315,74.658356,2647600.000000
2021-06-09,74.602962,74.963095,74.178191,74.566025,1947300.000000
2021-06-10,74.843049,75.313988,73.679541,74.261292,1753200.000000
2021-06-11,74.658374,74.787652,73.596441,74.372116,1527800.000000
2021-06-14,74.399801,74.612190,73.993495,74.612190,1232700.000000
2021-06-15,74.769178,75.046199,74.264064,74.787643,1341500.000000
2021-06-16,74.806104,75.083125,74.141241,74.455200,2578100.000000
2021-06-17,74.723008,74.972335,73.360967,74.307472,3734700.000000
2021-06-18,73.651842,74.030439,72.880788,73.411751,4490800.000000
2021-06-21,73.956557,74.889212,73.568723,74.833809,2582700.000000
2021-06-22,74.833820,75.544849,74.566028,75.138550,1757800.000000
2021-06-23,75.387864,75.406336,74.556786,74.630661,1276400.000000
2021-06-24,74.695306,75.443272,74.510625,75.138550,1679100.000000
2021-06-25,75.267817,75.637185,75.055427,75.397095,2532100.000000
2021-06-28,75.350916,75.489431,74.556776,75.406326,1940000.000000
2021-06-29,75.434034,76.154299,75.332457,75.794167,1844000.000000
2021-06-30,75.581794,76.098914,75.009280,75.507919,1981700.000000
2021-07-01,75.895743,76.080424,75.443263,75.794167,1576100.000000
2021-07-02,75.895742,76.588306,75.581777,76.329750,1113100.000000
2021-07-06,75.969614,76.246643,75.443266,75.951149,1570300.000000
2021-07-07,76.514435,78.167355,76.015788,77.641006,1645300.000000
2021-07-08,76.569842,77.502497,76.145071,76.726822,1478100.000000
2021-07-09,77.419398,77.576384,76.856119,77.400932,1073300.000000
2021-07-12,77.077737,77.465571,76.865348,77.400932,1506700.000000
2021-07-13,77.576369,77.927266,76.920743,77.133125,1683000.000000
2021-07-14,77.013077,78.473925,77.013077,78.287392,1772100.000000
2021-07-15,78.028851,78.878394,78.028851,78.702950,1769100.000000
2021-07-16,78.555178,78.998422,78.370497,78.416664,1654800.000000
2021-07-19,77.853383,77.945730,76.662172,77.622528,2534100.000000
2021-07-20,77.982661,79.681754,77.696403,79.506302,1839200.000000
2021-07-21,79.644822,80.254281,79.550636,80.161934,1447700.000000
2021-07-22,80.337391,80.937614,79.986494,80.642120,2123200.000000
2021-07-23,81.334690,82.016172,80.937620,81.740990,1648700.000000
2021-07-26,83.052237,83.292320,80.198871,82.239624,3098600.000000
2021-07-27,82.207311,82.328275,80.817562,81.463959,1701900.000000
2021-07-28,81.279287,81.667128,80.586723,81.196182,1670200.000000
2021-07-29,81.583997,82.128817,81.140760,82.064178,2009900.000000
2021-07-30,82.036460,82.913711,81.897953,82.692093,1545200.000000
2021-08-02,82.812137,83.726319,82.812137,83.042992,1441000.000000
2021-08-03,83.209222,84.788266,83.199986,84.289619,1683700.000000
2021-08-04,84.031063,84.649752,83.633993,83.846382,1214800.000000
2021-08-05,84.169557,84.409648,83.135326,83.781723,1547000.000000
2021-08-06,84.058773,84.326565,83.070715,83.236931,1938600.000000
2021-08-09,82.941434,83.163052,82.128828,82.858330,1867200.000000
2021-08-10,83.006075,83.624764,82.544366,82.987610,1269500.000000
2021-08-11,83.024533,83.606284,82.932186,83.504707,1539600.000000
2021-08-12,83.504710,83.504710,82.701333,83.292320,1344100.000000
2021-08-13,83.347718,84.058747,83.199968,83.717087,2823900.000000
2021-08-16,83.800204,85.046818,83.532412,84.862137,2660100.000000
2021-08-17,84.428131,84.723624,83.264622,83.790970,1821700.000000
2021-08-18,83.541673,84.695946,83.384693,83.569374,2377400.000000
2021-08-19,82.930496,84.152649,82.689767,83.513794,1343500.000000
2021-08-20,83.171226,83.708235,82.837911,83.347137,3291500.000000
2021-08-23,83.828607,84.245247,83.199012,83.254562,2037500.000000
2021-08-24,83.198998,84.032286,83.009193,83.671196,2585500.000000
2021-08-25,84.041540,84.689656,83.902665,84.374855,2034500.000000
2021-08-26,84.180413,85.180359,84.171160,85.004440,1527800.000000
2021-08-27,85.282215,85.809037,84.958160,85.189629,1195500.000000
2021-08-30,85.189642,85.958112,84.972061,85.522957,867900.000000
2021-08-31,85.522946,85.777556,85.050749,85.384064,2124700.000000
2021-09-01,85.356293,85.365546,84.212838,84.717438,1711600.000000
2021-09-02,85.087803,85.606290,84.856334,85.235939,1547000.000000
2021-09-03,85.078529,85.601649,84.791510,85.013718,1313400.000000
2021-09-07,84.782235,84.782235,82.643470,82.754570,2056300.000000
2021-09-08,82.523127,84.310063,82.441652,83.995270,2312400.000000
2021-09-09,84.106349,84.495221,83.439726,83.773041,1610300.000000
2021-09-10,84.282283,84.476716,83.513806,83.837868,1494900.000000
2021-09-13,84.560036,84.911865,82.777726,83.282326,2013200.000000
2021-09-14,83.523051,84.097096,82.648101,83.661934,2113700.000000
2021-09-15,83.865633,83.865633,82.828652,83.652679,2868600.000000
2021-09-16,83.652670,83.652670,81.129666,81.662041,3171200.000000
2021-09-17,80.791728,80.967639,78.597405,78.717766,11037500.000000
2021-09-20,77.773376,78.143727,76.171612,77.014160,4458100.000000
2021-09-21,77.143776,77.884477,75.856812,75.921623,4208800.000000
2021-09-22,77.643752,79.208480,76.958607,78.041878,3488600.000000
2021-09-23,78.264086,80.375076,77.801149,79.384392,4250200.000000
2021-09-24,79.088120,79.759377,78.291869,78.569633,1874200.000000
2021-09-27,78.282615,78.824250,77.819678,77.986336,1614400.000000
2021-09-28,77.375238,77.917799,76.588247,77.504860,2440600.000000
2021-09-29,77.680800,78.134476,76.949359,77.143791,1784600.000000
2021-09-30,77.662266,77.847445,76.171609,76.180870,2354800.000000
2021-10-01,76.532710,76.847504,75.042053,76.384567,2530400.000000
2021-10-04,76.023490,76.963251,75.532778,75.838318,2474600.000000
2021-10-05,76.180879,77.537288,75.782753,77.180824,2080900.000000
2021-10-06,76.653078,77.310448,75.190196,76.727150,1916800.000000
2021-10-07,77.717842,78.801112,77.569698,78.125221,2487900.000000
2021-10-08,77.690053,78.129841,76.523450,77.264145,1942600.000000
2021-10-11,77.060451,77.310433,75.514236,75.569794,2134100.000000
2021-10-12,75.745713,76.092916,75.255001,75.866081,2368900.000000
2021-10-13,76.143835,76.190131,75.069825,75.254997,1519300.000000
2021-10-14,75.884606,77.301192,75.875345,77.227127,2166500.000000
2021-10-15,77.699309,78.412236,77.301183,77.865967,1681400.000000
2021-10-18,77.458592,77.652099,76.822513,77.143791,1452300.000000
2021-10-19,77.773389,78.458534,77.560435,78.162254,1388000.000000
2021-10-20,78.356676,80.051026,77.986332,79.125153,2339900.000000
2021-10-21,77.940045,79.060351,77.301190,79.023315,1917700.000000
2021-10-22,79.495516,80.282508,79.078876,79.282562,2678500.000000
2021-10-25,75.079081,77.727080,75.079081,75.792007,3623700.000000
2021-10-26,76.231809,76.477165,73.847687,74.319878,3657600.000000
2021-10-27,74.690215,74.838359,73.597684,73.810638,2896600.000000
2021-10-28,73.699547,74.218042,72.773674,73.995827,2435300.000000
2021-10-29,73.662505,75.440188,73.643991,74.356911,2870500.000000
2021-11-01,74.495791,75.143907,74.190251,74.921692,1846100.000000
2021-11-02,75.301311,75.412412,74.208780,75.097618,1465500.000000
2021-11-03,75.255000,75.754973,73.713420,74.634666,2306700.000000
2021-11-04,74.940203,75.792005,74.801320,75.773483,1943200.000000
2021-11-05,76.041995,76.579003,75.514247,75.653130,1500900.000000
2021-11-08,76.023484,76.281802,75.359630,76.143845,2422400.000000
2021-11-09,76.291985,77.467842,75.986445,77.347481,3078900.000000
2021-11-10,77.727086,78.190023,77.023427,77.180824,2986300.000000
2021-11-11,77.264154,77.495623,76.634560,77.217865,1743500.000000
2021-11-12,77.717841,79.301084,77.134536,79.282562,1737600.000000
2021-11-15,79.162215,79.245540,77.715070,77.921547,1319100.000000
2021-11-16,78.291873,78.689999,77.977079,78.254837,1532800.000000
2021-11-17,78.106706,79.666801,77.861350,79.227013,2657800.000000
2021-11-18,78.725627,80.239043,78.623494,80.062637,2586400.000000
2021-11-19,80.257603,81.548186,79.914064,80.090477,2901700.000000
2021-11-22,80.081193,80.211179,77.871418,78.177811,1770400.000000
2021-11-23,77.992133,78.340312,77.546460,77.815720,1683000.000000
2021-11-24,77.667163,78.502794,76.942951,78.419228,1024700.000000
2021-11-26,76.998653,78.205677,76.599407,77.240059,1170100.000000
2021-11-29,78.094250,78.307795,77.054352,77.602158,1934300.000000
2021-11-30,77.137925,77.602164,74.417485,74.649605,2602300.000000
2021-12-01,75.856627,77.379330,74.668176,74.696030,2247400.000000
2021-12-02,75.076709,77.127716,75.072069,76.924377,2224700.000000
2021-12-03,77.388626,77.620746,76.060903,76.877968,2236400.000000
2021-12-06,77.435039,78.447077,76.766534,78.001411,2046200.000000
2021-12-07,79.050581,80.090478,78.660622,79.570526,2093000.000000
2021-12-08,79.524115,80.328174,78.642056,80.044060,2923600.000000
2021-12-09,79.886202,80.415433,79.078424,80.025475,2406900.000000
2021-12-10,80.146211,80.378330,79.658758,79.923378,2379000.000000
2021-12-13,80.081200,80.443306,78.734911,79.273422,2502400.000000
2021-12-14,78.985600,79.292000,78.061762,78.744194,2178600.000000
2021-12-15,78.967012,79.278052,77.510231,78.846306,2011900.000000
2021-12-16,79.579816,80.652207,79.115578,80.322601,3345100.000000
2021-12-17,79.319850,80.471160,78.010693,78.140686,2875700.000000
2021-12-20,77.295772,77.295772,74.812091,76.441574,2440500.000000
2021-12-21,77.370044,78.252095,76.887231,78.159248,1415100.000000
2021-12-22,78.112819,78.512065,77.657867,78.279945,1014500.000000
2021-12-23,78.781333,79.466548,78.391374,79.152725,933100.000000
2021-12-27,79.598380,80.350445,79.468387,80.331871,674400.000000
2021-12-28,80.304037,80.508304,79.969785,80.276184,730200.000000
2021-12-29,80.053365,80.993914,80.053365,80.610451,1229700.000000
2021-12-30,80.656852,81.031957,80.127620,80.183327,864300.000000
2021-12-31,80.006913,81.305855,80.006913,80.842545,985600.000000
2022-01-03,80.963268,81.910320,78.530661,79.449852,2209600.000000
2022-01-04,79.291993,80.276177,78.892748,80.053345,1739200.000000
2022-01-05,80.341177,80.875056,77.741443,77.834290,2656900.000000
2022-01-06,78.168516,78.902014,77.787837,78.651321,1641400.000000
2022-01-07,78.363510,79.171281,78.187097,78.326370,2351500.000000
2022-01-10,77.815708,78.632773,76.562264,78.604919,1940000.000000
2022-01-11,79.106289,80.118334,78.159245,80.071907,2334200.000000
2022-01-12,80.517587,81.093238,79.969781,80.731133,2864100.000000
2022-01-13,80.861121,81.408927,79.421985,79.626251,3365800.000000
2022-01-14,78.790613,79.519465,77.100784,78.159248,2870400.000000
2022-01-18,77.110066,78.131390,75.838050,77.889984,2640500.000000
2022-01-19,78.177826,78.400666,76.924382,77.156502,2632200.000000
2022-01-20,77.620738,78.084977,75.986615,76.330154,3534500.000000
2022-01-21,76.330163,77.899293,75.735938,77.165794,2844000.000000
2022-01-24,75.838048,77.388604,74.408192,77.277191,4451900.000000
2022-01-25,75.884479,77.648581,75.132408,77.035789,4027200.000000
2022-01-26,77.592889,78.567793,75.206701,75.689507,3633100.000000
2022-01-27,76.413712,77.453603,75.485235,76.701538,3093400.000000
2022-01-28,76.330130,76.896501,75.058113,76.850075,4367500.000000
2022-01-31,75.485244,79.565901,74.761026,79.319855,4710600.000000
2022-02-01,79.709810,80.192622,75.735927,77.583595,4970900.000000
2022-02-02,77.825004,78.281812,76.534421,77.314339,2889900.000000
2022-02-03,76.757247,77.648584,75.903049,75.995895,2902900.000000
2022-02-04,75.448097,77.277199,75.178838,76.543701,3508500.000000
2022-02-07,76.692245,76.970791,75.670921,75.819481,1790200.000000
2022-02-08,76.172313,78.233534,76.037679,78.057121,3294300.000000
2022-02-09,78.837043,79.026448,77.444327,77.778572,2132000.000000
2022-02-10,76.952239,77.370058,75.392396,75.717369,1926400.000000
2022-02-11,75.763770,75.986602,73.451862,73.943954,2494800.000000
2022-02-14,73.869676,74.510328,73.043332,74.046089,3899000.000000
2022-02-15,75.373808,75.838047,72.927267,73.154747,4126300.000000
2022-02-16,73.294043,73.646862,71.919893,73.229050,3305200.000000
2022-02-17,72.670230,72.735421,70.929612,70.984558,2253500.000000
2022-02-18,70.826270,71.636507,70.165033,71.105659,6320300.000000
2022-02-22,70.872808,72.185961,70.667918,71.059074,2481400.000000
2022-02-23,71.496792,71.524738,69.066075,69.559669,2771000.000000
2022-02-24,68.288416,71.645797,68.078872,71.329147,3807000.000000
2022-02-25,71.412977,73.368730,71.208087,73.117279,3005300.000000
2022-02-28,71.860006,73.508424,71.860006,72.949638,3918500.000000
2022-03-01,72.958930,73.089320,71.301197,72.316330,3501600.000000
2022-03-02,72.809928,73.578257,72.688860,73.368713,3266200.000000
2022-03-03,74.197605,75.007849,73.294232,73.741264,2660900.000000
2022-03-04,72.837885,73.182473,71.394356,72.605057,2967900.000000
2022-03-07,72.456032,72.726106,69.149873,69.196442,2768400.000000
2022-03-08,69.112647,70.062589,68.432793,68.451416,3249800.000000
2022-03-09,69.792488,70.965936,69.624852,70.090508,3050200.000000
2022-03-10,69.196460,69.429288,68.265149,68.730804,3981100.000000
2022-03-11,68.907738,69.024152,67.305881,67.426956,3290800.000000
2022-03-14,68.293082,68.334989,66.188315,67.035812,4014900.000000
2022-03-15,67.520108,68.833261,67.007883,68.591118,4655600.000000
2022-03-16,69.392037,71.552680,68.917066,70.314034,2692800.000000
2022-03-17,69.885629,71.189467,69.839061,71.142899,1868200.000000
2022-03-18,71.385042,72.986899,71.263966,72.623688,3822500.000000
2022-03-21,72.195270,72.795970,71.170829,72.018326,1805000.000000
2022-03-22,71.990392,73.182470,71.990392,72.204590,2601700.000000
2022-03-23,71.832076,72.279109,71.012524,71.189476,1675300.000000
2022-03-24,71.133577,72.148711,70.733113,72.102142,1837900.000000
2022-03-25,72.279082,72.409465,71.357085,71.934494,1531900.000000
2022-03-28,71.673746,72.688880,71.077708,72.651627,2218200.000000
2022-03-29,73.294227,74.029964,72.726126,73.247665,1812200.000000
2022-03-30,72.642313,73.247667,72.362916,72.409485,1261600.000000
2022-03-31,72.279098,72.963612,71.617867,71.664429,2413400.000000
2022-04-01,71.627174,71.947540,70.546849,71.040443,2591900.000000
2022-04-04,71.059082,71.478170,70.602734,71.375725,1872600.000000
2022-04-05,71.114954,71.310528,69.764555,69.988068,1582900.000000
2022-04-06,69.224395,71.105642,69.066074,70.993889,2666000.000000
2022-04-07,70.574795,72.632993,70.574795,72.213905,3012100.000000
2022-04-08,71.953124,72.828552,71.813426,71.934494,2107000.000000
2022-04-11,71.711007,71.953150,70.928708,71.124283,1750400.000000
2022-04-12,71.263962,71.887946,70.304712,70.677238,2814200.000000
2022-04-13,70.090506,71.245330,70.090506,70.630661,1592600.000000
2022-04-14,70.807648,71.231397,69.569002,69.615570,1717000.000000
2022-04-18,69.559667,69.913563,68.097508,68.563164,1517100.000000
2022-04-19,68.945009,70.295415,68.796003,70.192970,1380400.000000
2022-04-20,70.761051,71.124262,70.118444,70.332642,2107800.000000
2022-04-21,70.872828,71.366422,69.699373,70.043961,2256200.000000
2022-04-22,68.768049,69.503786,68.283770,68.376900,2115500.000000
2022-04-25,70.109138,70.807621,68.041625,69.475845,4038900.000000
2022-04-26,68.330337,68.889122,67.231389,67.399025,2231400.000000
2022-04-27,67.343139,69.243016,67.343139,68.516594,2499900.000000
2022-04-28,68.535223,71.263967,68.395532,70.844879,2837400.000000
2022-04-29,70.388530,70.705172,67.585280,67.836731,2808100.000000
2022-05-02,67.985747,68.954312,66.430458,67.939178,2627400.000000
2022-05-03,67.911249,68.572480,67.490300,68.283775,2297000.000000
2022-05-04,68.861193,71.552683,68.227900,71.338478,2700800.000000
2022-05-05,70.304706,70.872807,68.856517,69.550346,2377800.000000
2022-05-06,69.131264,69.727303,67.771543,69.457222,2470400.000000
2022-05-09,68.255837,69.094019,67.771551,68.274460,2718000.000000
2022-05-10,68.796002,69.662122,66.560852,67.771553,2771000.000000
2022-05-11,67.715680,68.898450,67.371092,67.892632,3214400.000000
2022-05-12,67.538723,69.196464,66.365276,67.985756,2482100.000000
2022-05-13,68.758736,70.304709,68.437432,69.950813,2601200.000000
2022-05-16,69.438609,69.718005,68.525927,69.233719,2101000.000000
2022-05-17,69.885630,70.276779,68.786682,70.276779,2742800.000000
2022-05-18,69.298897,69.727300,67.045118,67.250008,1899700.000000
2022-05-19,66.632877,68.718072,66.586121,67.876511,1780500.000000
2022-05-20,68.549747,69.531570,66.810522,68.671310,3017700.000000
2022-05-23,69.185606,69.919637,68.381448,69.073402,2473100.000000
2022-05-24,69.971063,70.952879,68.474957,70.588203,3071700.000000
2022-05-25,69.868187,70.055197,68.049482,68.755455,2854900.000000
2022-05-26,69.550275,70.663007,69.269759,70.204826,3380100.000000
2022-05-27,70.924827,71.644833,70.485345,71.345612,2837700.000000
2022-05-31,70.644313,70.742491,68.942492,69.568985,9765400.000000
2022-06-01,69.494188,70.288994,68.802240,69.166916,2384000.000000
2022-06-02,69.194958,70.466649,68.867686,70.354439,2133600.000000
2022-06-03,69.886894,70.429234,69.279099,70.307678,1415400.000000
2022-06-06,70.625606,71.121190,70.204828,70.317032,1019900.000000
2022-06-07,69.886902,71.588724,69.550278,71.523270,1582500.000000
2022-06-08,70.906132,71.944057,70.307690,71.383011,1926900.000000
2022-06-09,71.242751,72.149767,70.840672,71.065086,2505100.000000
2022-06-10,69.933644,70.158058,68.512339,68.531044,2314500.000000
2022-06-13,66.791835,67.511833,65.875466,66.483261,1860400.000000
2022-06-14,66.314944,66.581442,64.182993,64.715981,1859400.000000
2022-06-15,64.903014,66.174698,64.295219,65.230286,1629300.000000
2022-06-16,63.977286,64.038068,62.621442,63.537804,1818700.000000
2022-06-17,63.528437,64.276486,62.864541,63.472328,3669400.000000
2022-06-21,64.332616,65.557552,63.734174,65.333138,2506000.000000
2022-06-22,64.033387,64.631829,63.462995,64.295204,2621800.000000
2022-06-23,64.220405,65.005858,63.509753,64.136246,1791000.000000
2022-06-24,64.472861,66.296246,64.024033,66.258842,3453500.000000
2022-06-27,66.670280,66.735734,64.636506,65.379883,2327700.000000
2022-06-28,65.641690,66.249485,64.977793,65.258316,1877800.000000
2022-06-29,64.987160,65.641704,64.070791,65.248978,2728700.000000
2022-06-30,64.491573,66.305606,64.285857,66.081184,2822500.000000
2022-07-01,66.371041,67.553900,65.669741,67.231300,2096300.000000
2022-07-05,65.810012,66.847937,65.618328,66.735733,1936800.000000
2022-07-06,66.819876,67.119098,66.006366,66.632866,2440000.000000
2022-07-07,64.192342,65.651044,62.986105,65.538834,4386800.000000
2022-07-08,65.454687,65.800665,64.352243,65.351830,2485600.000000
2022-07-11,65.389228,65.613642,64.239092,64.519615,2116900.000000
2022-07-12,64.416751,65.641687,64.108178,64.369995,2430700.000000
2022-07-13,63.659366,64.472870,63.425600,63.958588,1635500.000000
2022-07-14,62.948702,64.538312,62.649480,64.510262,2793600.000000
2022-07-15,65.389217,65.594933,64.762724,64.996490,3010100.000000
2022-07-18,65.351828,65.907260,64.313904,64.482216,1525900.000000
2022-07-19,65.267679,67.259369,65.220922,67.175209,2450500.000000
2022-07-20,67.362220,68.035469,66.483254,67.951309,1942400.000000
2022-07-21,67.932619,68.367422,67.558591,68.213135,1520900.000000
2022-07-22,68.334679,68.531043,66.745062,67.231300,3805300.000000
2022-07-25,67.296765,67.941963,67.053646,67.689491,1620800.000000
2022-07-26,67.689488,68.063517,66.941432,67.998062,1897800.000000
2022-07-27,68.072874,71.635476,68.072874,71.476517,3786500.000000
2022-07-28,71.121190,72.458336,70.980936,71.859894,2118300.000000
2022-07-29,72.084296,73.449500,71.429752,73.094170,2183100.000000
2022-08-01,72.280675,73.917042,72.280675,73.197037,2425700.000000
2022-08-02,73.094164,73.655202,72.374166,72.430267,2146700.000000
2022-08-03,72.794953,74.524825,72.429343,74.085350,2483600.000000
2022-08-04,74.412606,74.627667,73.907669,74.337799,2129600.000000
2022-08-05,73.786129,74.538851,73.458849,74.169502,1492700.000000
2022-08-08,74.618334,74.866126,73.884303,74.132095,1882400.000000
2022-08-09,73.776799,73.945111,73.271862,73.739395,1276600.000000
2022-08-10,74.805358,75.314968,74.225614,74.711853,1419700.000000
2022-08-11,75.469244,76.245352,74.898853,75.366386,1665800.000000
2022-08-12,75.796536,76.544592,75.319657,76.441734,1758800.000000
2022-08-15,75.983545,76.619391,75.749778,76.254715,2015600.000000
2022-08-16,75.964843,76.451082,75.651596,76.039650,1862100.000000
2022-08-17,75.291593,75.609520,74.954976,75.347702,1623200.000000
2022-08-18,75.582315,75.629233,75.084940,75.460320,1183100.000000
2022-08-19,75.103689,75.263223,74.127706,74.521858,1212500.000000
2022-08-22,73.264347,73.456730,72.344669,72.569901,2493900.000000
2022-08-23,72.382197,72.879579,71.842595,72.166359,1680300.000000
2022-08-24,72.222679,72.879594,72.053759,72.607445,1676800.000000
2022-08-25,72.926514,73.423889,72.626212,73.367584,1881600.000000
2022-08-26,73.564655,73.564655,70.542863,70.599174,1482100.000000
2022-08-29,70.148709,70.195634,69.341646,69.510567,1441700.000000
2022-08-30,69.566867,69.782712,67.783829,68.375046,2247000.000000
2022-08-31,68.694116,68.966266,67.408452,67.774445,3350600.000000
2022-09-01,67.699368,68.281206,66.929844,68.243668,1653600.000000
2022-09-02,68.938120,69.078888,67.051845,67.305229,1565900.000000
2022-09-06,67.286461,67.708765,66.563862,67.643074,1597300.000000
2022-09-07,67.765082,68.985063,67.314633,68.891220,1751400.000000
2022-09-08,68.450126,68.712890,67.962131,68.421974,1883900.000000
2022-09-09,68.675347,69.013187,68.290581,68.881805,1803300.000000
2022-09-12,69.435494,69.538724,68.384441,69.257195,1693800.000000
2022-09-13,67.821370,67.971524,66.404324,66.742165,1756300.000000
2022-09-14,66.676469,66.793774,65.043570,65.550331,2097200.000000
2022-09-15,65.597250,66.122777,64.461734,64.686958,2129100.000000
2022-09-16,63.973750,64.095752,62.894537,63.626530,3782500.000000
2022-09-19,63.298077,64.142679,63.251159,64.048836,2338000.000000
2022-09-20,63.654691,63.823611,62.772551,63.457619,1842500.000000
2022-09-21,63.748517,64.602497,62.894529,62.903915,1579600.000000
2022-09-22,62.481631,62.983695,61.332038,61.421185,1981000.000000
2022-09-23,60.989490,61.871630,60.768955,61.730862,2551600.000000
2022-09-26,61.449333,62.481620,60.858109,61.346104,2415500.000000
2022-09-27,61.881021,62.171937,60.632888,61.120876,1890500.000000
2022-09-28,61.683946,62.153168,60.900339,61.721478,2264400.000000
2022-09-29,61.205340,61.336722,59.943132,60.529659,1910800.000000
2022-09-30,60.557809,60.923802,59.816441,59.872746,2625600.000000
2022-10-03,60.736116,61.946710,60.163664,61.411797,1905500.000000
2022-10-04,62.369002,63.326219,62.204778,62.922688,2424900.000000
2022-10-05,62.331462,63.701590,62.251696,63.279293,1452500.000000
2022-10-06,63.082229,63.448221,62.594233,62.688084,1670000.000000
2022-10-07,62.096851,62.415926,60.876878,61.242870,1446600.000000
2022-10-10,61.749642,61.927942,60.501509,61.008270,841300.000000
2022-10-11,60.970730,61.533795,60.510894,60.764271,1449200.000000
2022-10-12,61.064568,61.317945,60.590656,60.604733,1637600.000000
2022-10-13,59.290915,61.515031,58.643390,61.008270,1946400.000000
2022-10-14,61.402414,62.031170,59.900904,60.173054,1632800.000000
2022-10-17,61.027029,61.683944,60.820570,61.346104,1688600.000000
2022-10-18,62.800699,62.875776,61.937332,62.603626,1637200.000000
2022-10-19,62.378388,62.828837,61.618250,62.200081,1552300.000000
2022-10-20,62.350244,62.598931,60.689194,60.764271,1923200.000000
2022-10-21,61.027032,62.819464,60.341971,62.678696,2351000.000000
2022-10-24,63.035300,63.710981,62.678694,62.950844,2518300.000000
2022-10-25,62.856999,64.668197,62.856999,64.611885,2567100.000000
2022-10-26,64.461747,64.893430,62.669315,64.133286,3656700.000000
2022-10-27,64.292826,67.117539,64.189597,65.700493,3016900.000000
2022-10-28,65.803727,67.446005,65.550343,67.277084,1918400.000000
2022-10-31,66.329241,67.117531,65.916323,66.291702,2551900.000000
2022-11-01,66.882923,67.586756,66.376169,67.108154,1885200.000000
2022-11-02,66.826620,68.102905,65.878790,65.888176,1782900.000000
2022-11-03,65.193729,66.714004,64.865275,65.888176,2035000.000000
2022-11-04,66.901693,69.322881,66.901693,68.712891,2299000.000000
2022-11-07,68.590892,69.229034,68.215520,69.200882,1777400.000000
2022-11-08,69.388571,69.632561,68.131052,68.656586,1528100.000000
2022-11-09,68.468896,69.341649,68.074751,68.140442,1743200.000000
2022-11-10,69.932889,71.425020,69.932889,70.946411,2643400.000000
2022-11-11,71.002706,73.226814,70.960470,72.607445,2984500.000000
2022-11-14,72.034995,74.662635,71.997456,72.982819,4193900.000000
2022-11-15,73.639727,74.587558,73.376964,73.864952,2349100.000000
2022-11-16,73.620961,74.840942,73.508352,73.574043,2169600.000000
2022-11-17,72.528488,72.914683,71.313400,72.858162,3420800.000000
2022-11-18,73.639970,74.186290,72.924102,73.244362,3697600.000000
2022-11-21,72.971209,73.960230,72.344826,73.649399,2068800.000000
2022-11-22,73.997921,74.026177,73.093670,73.705925,1916300.000000
2022-11-23,73.442165,73.969643,73.008879,73.564613,1898000.000000
2022-11-25,73.979046,74.429284,73.677629,74.101494,971100.000000
2022-11-28,73.489255,73.809514,71.770238,71.906815,2065800.000000
2022-11-29,72.019858,73.112499,71.718441,72.415466,1869000.000000
2022-11-30,72.349531,73.625848,71.134443,73.555199,3462100.000000
2022-12-01,73.112510,74.327599,72.848764,74.252243,1776700.000000
2022-12-02,73.536372,75.505007,73.018308,75.118813,1998300.000000
2022-12-05,74.242806,74.657257,73.319713,73.922554,2100200.000000
2022-12-06,73.913119,74.619565,73.705894,74.591309,2674000.000000
2022-12-07,74.384104,74.873904,73.809527,74.412361,2151300.000000
2022-12-08,75.241237,75.354271,74.464149,75.109367,2376700.000000
2022-12-09,75.231832,75.354280,73.804811,73.903709,1417200.000000
2022-12-12,74.318168,75.938286,73.960231,75.862930,1681200.000000
2022-12-13,77.238151,77.238151,75.900614,76.249123,2600900.000000
2022-12-14,76.296206,77.181621,75.260086,75.589760,3025900.000000
2022-12-15,74.732605,74.949252,73.461003,74.242805,2119400.000000
2022-12-16,73.668224,74.158031,73.187839,74.035576,4036900.000000
2022-12-19,74.063829,74.426474,73.067270,73.347969,1532700.000000
2022-12-20,73.376222,73.715317,73.008871,73.395058,1889800.000000
2022-12-21,73.884878,74.534804,73.385657,74.440613,1621700.000000
2022-12-22,73.997911,74.205136,72.622696,73.602303,1379600.000000
2022-12-23,73.376215,74.063819,73.225504,73.809502,810400.000000
2022-12-27,73.818944,74.384100,73.479849,73.950813,955400.000000
2022-12-28,74.035585,74.176876,72.895852,72.905273,882800.000000
2022-12-29,73.508102,74.628999,73.093651,74.478287,957700.000000
2022-12-30,74.223971,74.402932,73.046560,73.762421,995900.000000
2023-01-03,74.355843,74.845643,73.856622,74.525391,1317300.000000
2023-01-04,75.147060,76.173766,74.694938,76.079567,1611900.000000
2023-01-05,75.834668,76.117242,75.316604,75.476730,2136300.000000
2023-01-06,76.286796,77.285245,75.740483,77.096855,1555400.000000
2023-01-09,77.219323,78.109445,76.592940,76.738937,1652600.000000
2023-01-10,76.654124,77.021476,76.079547,76.927284,1975300.000000
2023-01-11,77.454790,77.454790,76.428084,77.143951,2683300.000000
2023-01-12,77.238139,78.170647,76.060729,78.085876,2503600.000000
2023-01-13,77.840966,78.462642,77.447240,78.415543,1272000.000000
2023-01-17,78.424978,78.641618,78.062334,78.161240,1946300.000000
2023-01-18,78.387302,78.556850,77.021502,77.040344,1876300.000000
2023-01-19,76.795428,77.021489,74.996348,75.024605,1552100.000000
2023-01-20,75.391952,76.145490,74.563057,76.117233,1787600.000000
2023-01-23,75.938281,77.035629,75.250670,76.625885,1104400.000000
2023-01-24,75.599185,77.732652,75.599185,77.341751,1542900.000000
2023-01-25,76.767180,76.767180,75.391965,76.258537,1448800.000000
2023-01-26,76.682413,76.729505,75.505002,76.371574,1353100.000000
2023-01-27,76.220850,76.861361,75.721629,76.484589,1457100.000000
2023-01-30,76.088990,76.786015,75.702803,76.258537,1334300.000000
2023-01-31,76.786028,77.454803,76.305649,77.454803,2543400.000000
2023-02-01,77.680863,80.176975,77.313511,79.649490,3058700.000000
2023-02-02,80.468971,80.572583,78.924208,78.990143,2274200.000000
2023-02-03,78.632198,79.922635,78.589806,79.809608,1580500.000000
2023-02-06,79.093739,79.922633,78.688709,78.811157,1500100.000000
2023-02-07,78.293097,78.952444,77.435939,78.773476,1641500.000000
2023-02-08,78.566256,79.140826,78.217740,78.679283,1724200.000000
2023-02-09,79.140816,79.357462,77.709088,78.001083,1745200.000000
2023-02-10,78.010526,78.585103,77.596075,78.387299,1906000.000000
2023-02-13,78.820572,79.696566,78.509734,79.479919,1758700.000000
2023-02-14,79.479915,79.941465,78.829990,79.432823,1887400.000000
2023-02-15,79.348052,79.734246,79.084313,79.658890,1182000.000000
2023-02-16,78.874421,79.554945,78.538890,79.006744,1427500.000000
2023-02-17,79.261925,80.159834,78.798794,80.112579,1800700.000000
2023-02-21,79.299737,79.687253,78.316760,78.505791,2365600.000000
2023-02-22,79.157959,79.517121,78.496344,78.798798,1671900.000000
2023-02-23,78.864959,79.526575,78.193890,79.365898,1371600.000000
2023-02-24,79.053979,79.413141,78.496332,79.044525,1889500.000000
2023-02-27,79.167410,79.885734,79.129603,79.394249,1362400.000000
2023-02-28,79.365893,80.329963,79.337540,79.980255,2963600.000000
2023-03-01,79.838493,80.868724,79.687262,80.556824,1914600.000000
2023-03-02,80.471756,81.260971,80.046432,80.972694,1415400.000000
2023-03-03,81.284589,82.286467,80.944327,82.163597,1292300.000000
2023-03-06,82.125787,82.541664,81.785526,81.898949,1704900.000000
2023-03-07,82.050180,82.050180,80.329971,80.471748,1952400.000000
2023-03-08,80.547358,80.944328,79.866835,80.660774,1703600.000000
2023-03-09,80.963226,81.057742,79.394241,79.536018,1731600.000000
2023-03-10,79.517131,79.517131,77.305437,77.645699,1962300.000000
2023-03-13,76.898997,78.434897,76.776127,77.447197,2497000.000000
2023-03-14,78.590861,79.337545,77.967045,78.855507,2293000.000000
2023-03-15,77.796908,78.099362,75.292214,76.709969,2710400.000000
2023-03-16,76.001094,77.163649,75.623025,77.040779,1854400.000000
2023-03-17,76.719422,76.785583,75.244959,75.651382,3538700.000000
2023-03-20,76.256282,77.399936,76.029443,77.295967,1624900.000000
2023-03-21,78.118275,78.382921,77.366866,77.796913,1237300.000000
2023-03-22,77.626784,77.967045,76.190129,76.218483,1464400.000000
2023-03-23,75.897135,77.035114,75.254419,75.878227,1890300.000000
2023-03-24,74.819642,76.227943,74.224181,76.086166,1766800.000000
2023-03-27,76.643809,77.002978,76.095616,76.549294,1432800.000000
2023-03-28,76.492588,77.267627,76.341357,77.239273,1217200.000000
2023-03-29,78.004860,78.505799,77.636245,78.288414,1531400.000000
2023-03-30,78.553060,79.053999,78.158925,78.571960,1189600.000000
2023-03-31,79.006716,79.838470,78.822408,79.772308,2608900.000000
2023-04-03,79.649436,80.150382,79.176852,79.583275,1382200.000000
2023-04-04,79.488762,80.065316,75.849861,76.209023,2606800.000000
2023-04-05,75.717557,76.057818,74.734579,75.037033,1723500.000000
2023-04-06,74.753464,74.762917,73.609809,74.186363,1826200.000000
2023-04-10,73.675975,74.810182,72.674097,74.791275,1235800.000000
2023-04-11,75.197702,75.774256,74.895248,75.396187,1407100.000000
2023-04-12,75.755343,76.823382,75.481243,76.303543,1327500.000000
2023-04-13,76.237384,76.842292,75.188245,76.709969,1565200.000000
2023-04-14,76.535112,77.503913,76.331904,76.804489,926000.000000
2023-04-17,77.069129,77.891429,77.021867,77.863068,1312700.000000
2023-04-18,78.260054,78.675923,77.541723,77.778015,2024100.000000
2023-04-19,77.191994,77.985940,77.140009,77.976486,1143400.000000
2023-04-20,77.759099,78.278945,77.239260,78.212784,1905100.000000
2023-04-21,78.694817,78.893302,77.418839,78.193878,1042500.000000
2023-04-24,78.052099,78.893300,77.967030,78.496330,1715400.000000
2023-04-25,78.439625,78.879133,77.976494,78.118271,2137700.000000
2023-04-26,77.409387,78.893303,77.078580,77.390480,2947600.000000
2023-04-27,78.288395,81.208965,77.579518,81.171158,2353000.000000
2023-04-28,81.483079,81.889502,80.339424,80.622978,1973800.000000
2023-05-01,80.934874,81.643751,80.679681,81.237328,1347200.000000
2023-05-02,81.161704,81.624835,80.079481,81.530319,1290800.000000
2023-05-03,82.012378,82.154155,80.788385,80.849823,1370300.000000
2023-05-04,81.322402,81.464179,80.415040,80.622978,1857800.000000
2023-05-05,81.426357,81.946196,80.944319,81.246773,1478000.000000
2023-05-08,81.331847,81.605940,80.755293,81.057747,1546200.000000
2023-05-09,80.963232,80.963232,80.415032,80.764740,1293100.000000
2023-05-10,81.294040,81.322394,79.479309,80.764740,1871500.000000
2023-05-11,80.188187,80.367771,79.469863,79.904640,1323100.000000
2023-05-12,80.235439,80.651316,79.276093,79.772308,1437400.000000
2023-05-15,79.829020,80.036959,79.384790,79.876282,1390000.000000
2023-05-16,79.432050,79.432050,78.249643,78.392365,1812900.000000
2023-05-17,78.855497,79.469859,78.316751,79.157951,2546300.000000
2023-05-18,79.328777,80.320510,78.673956,80.192390,2172300.000000
2023-05-19,80.894664,80.894664,79.641955,80.249329,2092800.000000
2023-05-22,80.021556,80.486575,79.347751,79.793793,1553300.000000
2023-05-23,79.044068,79.338263,77.753398,78.047592,2892200.000000
2023-05-24,77.800850,77.923272,76.804374,76.965706,1987500.000000
2023-05-25,77.221946,77.392770,76.586095,77.278885,2541800.000000
2023-05-26,77.231442,77.753407,76.785407,77.620544,2736400.000000
2023-05-30,77.772371,77.848294,76.775902,77.089081,1823500.000000
2023-05-31,76.775905,76.946729,75.048684,75.456764,6744600.000000
2023-06-01,75.665561,77.573091,75.001241,77.354820,2415100.000000
2023-06-02,78.901719,81.568469,78.901719,81.236313,3155200.000000
2023-06-05,81.169886,81.169886,79.793806,80.220863,1683900.000000
2023-06-06,80.192386,81.331209,80.144932,81.160385,1431500.000000
2023-06-07,80.961088,83.010980,80.771286,82.745255,2151400.000000
2023-06-08,82.764224,83.034699,81.613063,81.701317,1503700.000000
2023-06-09,81.502038,81.587453,80.534038,81.293259,2064800.000000
2023-06-12,81.321741,82.251779,80.847229,82.090446,1570700.000000
2023-06-13,82.337173,83.248233,82.223288,82.754738,1724000.000000
2023-06-14,83.219775,83.561423,82.375145,83.048950,1854200.000000
2023-06-15,82.944559,84.206760,82.716795,84.026443,1495900.000000
2023-06-16,84.339619,84.747699,83.618360,84.102364,3054200.000000
2023-06-20,83.257735,83.575657,82.327690,82.640869,1541400.000000
2023-06-21,82.308716,83.191307,81.919614,82.564949,2063700.000000
2023-06-22,82.574433,82.574433,81.426117,81.682350,1542600.000000
2023-06-23,80.923134,82.147373,80.477099,81.967064,2143100.000000
2023-06-26,81.995536,82.928426,81.995536,82.678833,1023200.000000
2023-06-27,83.039449,83.447528,82.517483,83.267212,1052900.000000
2023-06-28,83.419068,83.419068,82.716794,83.048950,962000.000000
2023-06-29,82.612385,84.121327,82.280221,84.092857,1107000.000000
2023-06-30,84.785660,85.516412,84.472488,84.472488,2777000.000000
2023-07-03,83.922033,84.130819,83.395325,84.092857,689400.000000
2023-07-05,83.438034,83.893568,82.906584,83.077408,1549900.000000
2023-07-06,82.536481,82.811698,81.653889,81.986046,1591800.000000
2023-07-07,81.729809,82.887610,81.634901,82.432083,2034100.000000
2023-07-10,82.536479,83.120125,82.147376,82.830673,1585500.000000
2023-07-11,83.276709,83.599373,82.830668,82.973022,1337900.000000
2023-07-12,83.703756,84.871057,82.802188,84.187759,2499900.000000
2023-07-13,84.301657,84.861577,84.015050,84.519928,1250200.000000
2023-07-14,84.235227,84.425029,83.419068,84.197266,930300.000000
2023-07-17,83.950520,84.633817,83.627856,84.026443,1373700.000000
2023-07-18,84.140322,84.804635,83.684789,84.016945,1859900.000000
2023-07-19,83.086894,83.959992,82.517475,83.589874,1783000.000000
2023-07-20,82.080942,83.048949,81.435607,82.432083,2714300.000000
2023-07-21,82.830662,83.371605,82.413090,82.802193,1788400.000000
2023-07-24,83.067921,83.423804,82.564940,82.783218,1300200.000000
2023-07-25,82.090435,83.333652,81.748786,83.105888,2330300.000000
2023-07-26,81.549487,86.389500,80.885175,86.104797,4285500.000000
2023-07-27,86.674220,86.674220,84.481973,85.098839,3478200.000000
2023-07-28,85.905499,86.190209,84.572124,85.459465,2465400.000000
2023-07-31,85.582838,86.588799,85.506915,86.323074,1961900.000000
2023-08-01,85.573341,86.294600,85.279146,85.630287,1500100.000000
2023-08-02,84.956485,85.435746,84.216249,84.833115,1594600.000000
2023-08-03,84.671766,85.535372,84.368079,85.051376,1554600.000000
2023-08-04,85.317103,85.317103,83.827139,83.997963,1135000.000000
2023-08-07,84.406051,85.677738,84.406051,85.601814,1671100.000000
2023-08-08,84.956471,85.098826,83.884079,84.406044,1651500.000000
2023-08-09,84.301660,84.633816,83.447538,83.513969,1713300.000000
2023-08-10,83.637347,84.444022,83.029974,83.305191,1628800.000000
2023-08-11,82.868617,83.390582,82.574423,82.954033,1559200.000000
2023-08-14,82.764228,82.830660,82.052462,82.612389,2050800.000000
2023-08-15,82.023999,82.451056,80.970584,81.369171,2251800.000000
2023-08-16,81.245798,81.800975,80.628932,80.923126,2331600.000000
2023-08-17,81.342381,81.980769,79.941732,79.960785,2218000.000000
2023-08-18,79.255700,80.513424,79.255700,79.779755,1949600.000000
2023-08-21,79.751159,79.894084,79.065134,79.579651,1660300.000000
2023-08-22,80.037010,80.256162,78.855514,79.036545,1955700.000000
2023-08-23,79.293814,80.056067,78.798342,79.894089,1663100.000000
2023-08-24,79.532014,80.341911,78.893626,78.931732,1902000.000000
2023-08-25,79.608237,80.313323,78.926966,79.913139,2107900.000000
2023-08-28,80.189470,80.994598,80.132296,80.646820,1158000.000000
2023-08-29,80.570584,81.704444,80.294265,81.475769,1589000.000000
2023-08-30,81.875949,82.542921,81.304258,81.618690,1583400.000000
2023-08-31,81.733030,82.485760,81.494825,81.513885,1922300.000000
2023-09-01,81.904538,82.414301,81.637749,82.104630,1188600.000000
2023-09-05,82.009353,82.190391,80.198990,80.370499,1814500.000000
2023-09-06,80.256160,80.970776,80.037008,80.408607,2179300.000000
2023-09-07,79.817856,80.723041,79.017489,79.055603,2377800.000000
2023-09-08,79.093726,79.465326,78.560141,78.807877,1922700.000000
2023-09-11,79.227109,79.617762,78.626826,79.074654,1346000.000000
2023-09-12,78.541087,79.065142,78.474390,78.693535,883300.000000
2023-09-13,78.731650,78.769763,76.959401,77.454872,1579400.000000
2023-09-14,78.045622,78.436275,77.111853,77.826469,1538800.000000
2023-09-15,77.473908,77.921736,76.902217,77.292877,3555100.000000
2023-09-18,77.264283,78.055127,77.121366,77.550133,1692200.000000
2023-09-19,77.130891,78.550600,77.102307,78.302864,2322200.000000
2023-09-20,78.522014,78.836440,77.721641,77.845505,1432000.000000
2023-09-21,77.683538,77.969388,76.968922,77.111847,2768900.000000
2023-09-22,77.121368,77.683529,76.902216,77.007027,1361500.000000
2023-09-25,76.587790,77.321466,76.368645,77.130898,1074200.000000
2023-09-26,76.673562,76.906999,75.473005,75.549232,3357400.000000
2023-09-27,75.654028,76.159022,75.396762,75.606384,3145700.000000
2023-09-28,75.777899,77.159495,75.406299,76.673553,1647900.000000
2023-09-29,77.207128,77.321469,76.197139,76.521095,1763900.000000
2023-10-02,76.282899,76.730726,75.425365,75.749321,1621100.000000
2023-10-03,75.520635,76.301949,75.320544,75.654030,1645200.000000
2023-10-04,75.806480,76.359118,75.069001,76.282890,1463200.000000
2023-10-05,76.244768,76.511565,75.139499,75.406288,1197200.000000
2023-10-06,75.291951,76.301947,74.710737,75.787422,2133500.000000
2023-10-09,75.377704,76.178070,74.987043,76.178070,1506800.000000
2023-10-10,76.378187,77.102326,76.168565,76.511581,1615900.000000
2023-10-11,76.559210,77.245243,76.559210,77.216660,1576300.000000
2023-10-12,77.521560,77.540613,76.292420,76.644966,1598400.000000
2023-10-13,76.787884,76.978453,75.963696,76.225723,1767900.000000
2023-10-16,76.845057,77.219513,76.311472,76.711662,1212200.000000
2023-10-17,76.349577,77.445323,76.211421,77.245232,1172400.000000
2023-10-18,76.654487,76.702131,75.091861,75.129974,2440300.000000
2023-10-19,75.072808,76.159024,74.381061,74.482056,2441600.000000
2023-10-20,74.548756,74.739325,73.753151,73.872253,2008100.000000
2023-10-23,73.662625,74.415354,73.109994,73.281502,1822200.000000
2023-10-24,73.929414,74.329605,73.033767,73.624512,2970400.000000
2023-10-25,71.556885,73.267198,69.860864,71.909431,2910800.000000
2023-10-26,72.176222,72.862254,71.709341,71.957069,1687000.000000
2023-10-27,71.680772,72.995664,71.614075,72.547836,2331100.000000
2023-10-30,73.081410,73.343438,72.204816,72.928963,1942500.000000
2023-10-31,72.967062,73.748375,72.862251,73.567337,2165100.000000
2023-11-01,73.738856,74.024706,72.624057,73.186218,2392200.000000
2023-11-02,74.205738,75.053749,73.853199,74.939415,1974400.000000
2023-11-03,75.882692,76.787870,75.805512,76.044670,2600600.000000
2023-11-06,75.892236,76.768830,75.692144,76.530624,2205100.000000
2023-11-07,76.149489,76.559203,75.787420,76.101852,1841700.000000
2023-11-08,76.159012,77.369092,75.968451,77.035606,2355500.000000
2023-11-09,77.369110,77.674012,76.692607,76.845062,1762100.000000
2023-11-10,77.054696,78.417231,76.835544,78.159966,2053400.000000
2023-11-13,77.978912,78.274292,77.378637,77.921745,1250800.000000
2023-11-14,79.084181,80.227564,78.541073,79.979836,2133500.000000
2023-11-15,80.179939,80.646819,79.627300,79.655884,1852100.000000
2023-11-16,79.636758,80.488232,79.608058,80.287323,1426900.000000
2023-11-17,80.775239,80.995286,80.411691,80.880478,1775300.000000
2023-11-20,80.880464,81.397090,80.038560,81.129211,1667500.000000
2023-11-21,80.947444,81.588440,80.703485,81.224892,1346200.000000
2023-11-22,81.454508,81.693686,80.937882,81.263168,1003300.000000
2023-11-24,80.727392,81.559734,80.631722,81.358826,788800.000000
2023-11-27,80.784798,81.731941,80.574320,81.511894,1423100.000000
2023-11-28,81.464075,81.473645,80.593464,80.650871,1637800.000000
2023-11-29,81.205761,81.521477,80.603034,80.679573,1714500.000000
2023-11-30,80.890041,82.152901,80.354277,82.076363,2903000.000000
2023-12-01,82.085930,83.195713,81.832402,82.994804,1662500.000000
2023-12-04,82.401649,83.492300,82.387299,83.463600,1516500.000000
2023-12-05,83.147881,83.454028,81.980690,82.124191,1803700.000000
2023-12-06,82.583424,83.176589,82.248576,82.707794,2032700.000000
2023-12-07,83.061785,83.415771,82.497328,82.908714,1678700.000000
2023-12-08,82.946968,83.970650,82.946968,83.712341,3062900.000000
2023-12-11,83.855846,84.688181,83.712338,84.678619,1447900.000000
2023-12-12,84.850829,85.463124,84.458573,85.185677,1616400.000000
2023-12-13,85.204810,85.960614,84.640353,85.539665,3047400.000000
2023-12-14,86.257192,87.089527,85.912774,86.745110,3603800.000000
2023-12-15,86.362443,86.611190,85.841036,86.285912,5291100.000000
2023-12-18,86.257206,86.324176,85.013477,85.616203,3078700.000000
2023-12-19,85.998877,86.486803,85.597060,85.931908,2702800.000000
2023-12-20,85.453564,85.989321,84.401182,84.449013,1995800.000000
2023-12-21,85.099582,85.348330,84.276809,84.573395,2394000.000000
2023-12-22,84.831692,85.597064,84.487275,85.252647,1628300.000000
2023-12-26,85.310035,85.965388,84.697740,85.750122,1788800.000000
2023-12-27,85.759711,86.295467,85.563583,85.731010,1421600.000000
2023-12-28,85.673598,86.104116,85.549221,85.788399,908900.000000
2023-12-29,85.683177,86.027594,85.472699,85.597076,1091700.000000
2024-01-02,84.554250,85.290923,84.248103,84.602089,1660600.000000
2024-01-03,84.334199,84.544677,83.683634,83.855843,2146300.000000
2024-01-04,84.171576,84.592525,83.788890,83.884560,2128300.000000
2024-01-05,83.702763,84.257658,83.492285,83.721901,1930600.000000
2024-01-08,83.741045,84.133300,83.444466,83.769745,3187600.000000
2024-01-09,83.243552,83.425323,82.679088,83.138313,2953900.000000
2024-01-10,82.918269,83.468383,82.736499,83.233986,5041500.000000
2024-01-11,83.234002,83.363160,82.009411,82.392097,3190300.000000
2024-01-12,82.774758,82.925924,82.009393,82.478180,2387800.000000
2024-01-16,82.095503,83.052215,81.932863,82.908714,1929100.000000
2024-01-17,82.162462,82.583418,81.722376,81.751076,1864200.000000
2024-01-18,81.904147,83.310515,81.904147,83.205276,2168600.000000
2024-01-19,83.367922,84.200264,82.659956,83.980217,2025200.000000
2024-01-22,84.209817,84.774281,84.056747,84.133286,1599700.000000
2024-01-23,84.544691,84.869970,83.865426,84.515984,1760900.000000
2024-01-24,85.051730,85.056511,84.161987,84.200256,2174100.000000
2024-01-25,84.965634,85.453559,84.554247,85.128281,1747300.000000
2024-01-26,85.243083,85.520530,84.664276,84.793427,1640100.000000
2024-01-29,84.496855,85.549237,84.449016,85.453568,1485400.000000
2024-01-30,85.300483,86.104118,84.956066,86.104118,2581000.000000
2024-01-31,87.209111,88.137124,84.075877,84.611641,4270400.000000
2024-02-01,85.281353,85.702309,83.779314,85.702309,3526400.000000
2024-02-02,85.922353,87.304802,85.424865,87.032143,2051500.000000
2024-02-05,86.104123,87.271314,85.998884,86.955597,1580000.000000
2024-02-06,87.280879,87.998413,86.926893,87.960144,1546500.000000
2024-02-07,87.921893,88.448081,87.520076,87.797516,2226200.000000
2024-02-08,87.682697,87.835767,86.553776,86.936462,1441200.000000
2024-02-09,86.936466,87.146937,86.372002,87.137375,2087200.000000
2024-02-12,86.993860,87.687475,86.993860,87.386108,1942000.000000
2024-02-13,86.879066,87.003443,85.501404,86.190231,1871800.000000
2024-02-14,86.859924,86.984294,86.314598,86.898193,1668500.000000
2024-02-15,87.743280,88.597953,87.330348,88.559540,2604600.000000
2024-02-16,88.607546,89.106910,87.541612,87.618431,1967600.000000
2024-02-20,87.205494,87.733666,86.907801,87.407158,2790000.000000
2024-02-21,87.772070,88.098571,87.205485,88.040955,2771000.000000
2024-02-22,89.068490,89.241346,88.016953,88.741989,1785100.000000
2024-02-23,89.030076,90.110421,88.972460,89.807922,1671400.000000
2024-02-26,89.404586,90.192038,89.289354,90.096008,1613400.000000
2024-02-27,90.393709,90.547362,89.519834,90.124825,1356200.000000
2024-02-28,90.124823,91.306004,90.019189,91.152351,1501700.000000
2024-02-29,91.603697,91.776553,90.825851,91.517273,2401600.000000
2024-03-01,91.411638,92.026234,90.893072,91.882187,1698900.000000
2024-03-04,91.805355,92.035826,91.392422,91.603691,1292300.000000
2024-03-05,91.440447,91.699726,90.259266,90.787437,1491400.000000
2024-03-06,91.229176,91.891790,90.998704,91.411636,1086800.000000
2024-03-07,91.834163,93.255421,91.622902,93.092171,1659500.000000
2024-03-08,93.274630,93.802802,92.948129,93.754784,2389600.000000
2024-03-11,93.543519,93.994857,92.050241,92.487175,1880400.000000
2024-03-12,92.602407,93.769176,92.314312,93.581917,1450700.000000
2024-03-13,93.601144,94.465422,92.967338,94.398201,2716500.000000
2024-03-14,94.523034,95.051206,93.918043,94.580650,3307100.000000
2024-03-15,93.783601,94.897554,93.783601,94.590256,4137700.000000
2024-03-18,94.926353,95.248055,94.081285,94.148506,1438100.000000
2024-03-19,94.398196,94.916756,94.244544,94.916756,1596300.000000
2024-03-20,94.772718,95.492948,94.374189,95.387314,1709600.000000
2024-03-21,95.454522,96.342802,95.031025,96.241974,1816400.000000
2024-03-22,96.366816,96.366816,95.204846,95.396904,1231000.000000
2024-03-25,95.512145,95.886664,94.935962,95.108818,1658000.000000
2024-03-26,95.108825,95.627392,94.715096,94.715096,1808600.000000
2024-03-27,95.214461,95.915481,95.051211,95.896278,1501600.000000
2024-03-28,96.030709,96.073921,95.156826,95.329681,1587500.000000
2024-04-01,95.166432,95.617778,94.647866,94.657471,1226800.000000
2024-04-02,94.407795,94.614265,93.822007,93.870026,1411900.000000
2024-04-03,93.870020,94.647867,93.658752,94.350174,1374000.000000
2024-04-04,94.974377,95.156830,93.265031,93.322647,1879900.000000
2024-04-05,93.639554,94.004468,93.111382,93.889229,1595500.000000
2024-04-08,94.225340,94.436601,93.524312,94.138908,1449500.000000
2024-04-09,94.378977,95.224052,93.409065,95.185638,1718800.000000
2024-04-10,93.879630,94.441408,93.389871,93.437889,1238000.000000
2024-04-11,93.524319,94.158125,93.082578,94.081299,1475000.000000
2024-04-12,93.284229,93.459004,91.834163,92.343132,1537300.000000
2024-04-15,93.774001,93.932452,91.805368,92.237511,1475800.000000
2024-04-16,92.064638,92.583205,91.281986,92.170273,1192700.000000
2024-04-17,92.784887,92.784887,90.710619,91.190773,2506100.000000
2024-04-18,91.488454,92.467971,91.459646,91.699722,1967000.000000
2024-04-19,92.103057,92.467971,91.171558,91.334808,2339700.000000
2024-04-22,91.642107,93.024952,91.382827,92.467972,2007000.000000
2024-04-23,92.794466,93.841204,92.618731,93.601128,2074800.000000
2024-04-24,93.063368,93.063368,89.327766,89.663879,4222900.000000
2024-04-25,89.923159,90.220852,88.886026,89.327766,2219300.000000
2024-04-26,89.308562,89.971177,88.463495,88.540314,2314100.000000
2024-04-29,88.789996,90.096015,88.511506,89.663879,1714800.000000
2024-04-30,89.231747,89.587063,87.512796,87.580017,1997800.000000
2024-05-01,87.666446,89.145320,86.975023,87.800888,1937400.000000
2024-05-02,88.213812,88.434678,87.426360,88.127380,1958100.000000
2024-05-03,88.828415,89.443011,88.204214,88.463501,1788700.000000
2024-05-06,88.982064,89.423804,88.588335,89.394989,1319600.000000
2024-05-07,89.942372,90.470537,89.539037,90.163239,1705900.000000
2024-05-08,89.951967,90.902676,89.923159,90.768227,1664900.000000
2024-05-09,90.816239,92.362334,90.797036,92.314316,1800300.000000
2024-05-10,92.765666,93.322645,92.448762,93.245819,2485500.000000
2024-05-13,93.409067,93.601133,92.155866,92.756058,1746900.000000
2024-05-14,93.332250,93.927636,92.823288,93.217010,1606900.000000
2024-05-15,93.437888,94.330974,92.832890,93.409073,2144400.000000
2024-05-16,93.322296,93.717603,92.719687,93.100533,2517300.000000
2024-05-17,93.331948,93.360872,92.705234,93.322304,1627100.000000
2024-05-20,93.428370,93.712799,92.946283,93.601921,1288500.000000
2024-05-21,93.312663,94.681787,92.811297,94.633583,1869700.000000
2024-05-22,94.286486,95.173523,93.823679,95.163879,2101100.000000
2024-05-23,95.453114,95.453114,93.168022,93.650108,2439700.000000
2024-05-24,93.977940,94.161135,93.418718,94.074356,1345700.000000
2024-05-28,94.122556,94.257539,91.702480,91.837463,2176200.000000
2024-05-29,91.008281,91.900144,90.815449,91.393951,1668900.000000
2024-05-30,91.490378,93.090909,91.384319,92.936638,2657000.000000
2024-05-31,93.438008,95.896645,93.168034,95.645958,7140200.000000
2024-06-03,95.530251,95.684515,93.939364,95.289207,2469100.000000
2024-06-04,94.961396,95.925569,94.826412,95.655602,2059600.000000
2024-06-05,95.954490,97.178993,95.607394,97.169350,1740700.000000
2024-06-06,97.227195,97.227195,95.530256,95.848434,1508200.000000
2024-06-07,95.626680,96.446225,95.019253,95.125313,1916200.000000
2024-06-10,95.038523,95.313316,94.064707,94.247902,2339900.000000
2024-06-11,93.949019,93.982761,92.531684,93.042694,2041200.000000
2024-06-12,94.055072,94.479303,93.216239,93.958649,1617000.000000
2024-06-13,93.669402,94.093633,92.777539,93.949013,1307600.000000
2024-06-14,92.936622,93.736888,92.339804,93.650108,1774300.000000
2024-06-17,93.621189,94.604650,93.247090,93.977936,1590900.000000
2024-06-18,93.370509,93.997223,91.239688,93.042694,2647300.000000
2024-06-20,92.695596,93.688693,92.377417,93.139114,1557500.000000
2024-06-21,93.187317,93.216241,92.136364,92.483467,2522400.000000
2024-06-24,92.801639,93.814024,92.415969,93.399429,1355200.000000
2024-06-25,93.331945,93.491027,91.808550,92.232788,1750900.000000
2024-06-26,91.606079,92.608820,91.258976,92.319565,2094500.000000
2024-06-27,92.165293,92.878787,91.789267,92.560608,1391000.000000
2024-06-28,93.100550,93.659772,91.962825,92.811302,4754300.000000
2024-07-01,93.148756,93.269278,91.384318,91.548225,2967400.000000
2024-07-02,91.403605,92.782372,91.345749,92.512398,1793100.000000
2024-07-03,92.907710,93.707976,92.772727,93.052338,1317700.000000
2024-07-05,92.859495,93.409073,92.194220,93.409073,1640000.000000
2024-07-08,93.852591,94.479305,93.515132,93.910446,1822600.000000
2024-07-09,93.630846,93.968305,92.782376,92.859505,2927000.000000
2024-07-10,92.753428,93.514162,92.464180,93.399429,1860100.000000
2024-07-11,93.833322,96.205186,93.495863,95.684532,2191600.000000
2024-07-12,96.417298,97.216600,96.118407,96.619774,1393900.000000
2024-07-15,96.658335,96.909022,95.723086,95.877357,2214300.000000
2024-07-16,95.993056,96.571565,95.048170,96.050911,2564400.000000
2024-07-17,95.800230,96.889743,95.269932,95.385635,1881100.000000
2024-07-18,94.672149,96.687267,94.672149,95.173515,2870900.000000
2024-07-19,95.424203,95.549542,93.958655,94.228630,2410600.000000
2024-07-22,95.231370,95.944864,93.833322,95.906296,1739600.000000
2024-07-23,95.713452,96.152153,94.720355,94.855339,2340700.000000
2024-07-24,86.973225,90.246589,86.973225,88.154335,5838200.000000
2024-07-25,88.221823,91.586784,87.556541,89.697006,4281200.000000
2024-07-26,90.535841,90.641900,88.501435,90.130890,2466100.000000
2024-07-29,90.063397,90.622611,89.388471,89.697006,1466500.000000
2024-07-30,90.140523,91.008280,89.629513,90.458702,2026300.000000
2024-07-31,91.220409,91.977281,90.810633,91.114349,2060800.000000
2024-08-01,91.114356,91.528950,90.000737,90.921524,2687900.000000
2024-08-02,90.256235,91.278256,89.282418,90.911873,3107000.000000
2024-08-05,89.513822,91.635007,89.224574,90.073044,3733300.000000
2024-08-06,90.400875,91.716969,89.870577,90.044128,3123200.000000
2024-08-07,90.834733,91.779626,89.031727,89.157074,2143600.000000
2024-08-08,89.841638,90.005546,88.911208,89.311340,2477800.000000
2024-08-09,89.214931,90.174286,88.617149,90.053764,1554300.000000
2024-08-12,90.092329,90.126071,88.848545,88.983528,1499000.000000
2024-08-13,89.330634,90.024840,88.270046,89.108871,1722600.000000
2024-08-14,89.041374,89.754860,88.665347,88.809975,1830200.000000
2024-08-15,89.677736,90.169459,88.838902,89.870567,2539600.000000
2024-08-16,89.492957,90.286901,88.999161,89.192810,1675000.000000
2024-08-19,89.270278,89.725345,88.970131,89.715668,2293900.000000
2024-08-20,89.715659,90.112627,88.984645,89.802795,1521800.000000
2024-08-21,90.180399,91.003388,89.933504,90.974342,1360900.000000
2024-08-22,91.109889,91.274485,90.445690,90.741966,974700.000000
2024-08-23,91.177658,91.768275,90.761321,91.206703,1063300.000000
2024-08-26,91.526221,91.710186,90.335310,90.674187,1085700.000000
2024-08-27,90.451494,90.761325,90.054526,90.170708,1301400.000000
2024-08-28,90.257861,90.877524,89.967391,90.441826,978500.000000
2024-08-29,91.013077,91.768290,90.286908,90.848480,1194900.000000
2024-08-30,91.061474,91.685976,90.403082,91.681137,1765400.000000
2024-09-03,90.993707,92.242710,90.344991,92.010338,2363200.000000
2024-09-04,91.932871,92.639677,90.751643,91.264801,1443200.000000
2024-09-05,91.167989,91.361631,88.950755,89.492958,1153000.000000
2024-09-06,89.347731,90.340163,88.277848,88.524742,1861600.000000
2024-09-09,89.183129,89.599466,88.456961,88.766792,2121000.000000
2024-09-10,89.154087,89.560740,88.771635,89.221863,1326300.000000
2024-09-11,89.183126,89.860880,87.469365,89.551048,1486900.000000
2024-09-12,89.570416,89.851202,88.442434,89.773743,1763200.000000
2024-09-13,90.112626,91.439095,89.783433,91.187355,1306700.000000
2024-09-16,91.671466,92.446049,91.274491,91.797333,1829000.000000
2024-09-17,91.836063,93.244831,91.836063,93.036659,1901200.000000
2024-09-18,93.433632,93.433632,90.858152,91.003387,2484900.000000
2024-09-19,92.155578,93.394904,91.376157,93.317444,2244800.000000
2024-09-20,92.717151,93.114119,92.024867,92.484772,7946600.000000
2024-09-23,92.533181,93.820921,92.252395,93.191574,2607700.000000
2024-09-24,94.614865,96.590043,94.614865,95.786415,3969500.000000
2024-09-25,95.951008,96.749798,95.433012,96.377029,1982600.000000
2024-09-26,98.274750,100.671103,98.052055,100.095009,3515300.000000
2024-09-27,100.695319,101.891077,100.341920,101.111656,3657100.000000
2024-09-30,101.121342,101.363398,99.949792,100.637230,3276300.000000
2024-10-01,100.782442,100.782442,98.763696,100.472610,2712100.000000
2024-10-02,100.201520,101.760362,99.489875,101.479576,2778400.000000
2024-10-03,101.305287,102.041140,100.608172,100.985779,2843600.000000
2024-10-04,101.799082,101.818451,100.230557,101.237511,1506000.000000
2024-10-07,100.782444,101.634486,100.220879,100.714668,1451800.000000
2024-10-08,99.417249,100.598484,97.248429,97.935867,2269100.000000
2024-10-09,97.906827,99.765815,97.669609,99.630264,1591800.000000
2024-10-10,99.233298,99.949789,98.451942,99.707733,1817900.000000
2024-10-11,99.978828,102.016936,99.978828,100.724358,2408400.000000
2024-10-14,100.501668,102.731483,100.065963,101.973366,2794600.000000
2024-10-15,102.428436,102.631762,101.111651,101.160065,2350400.000000
2024-10-16,100.850235,102.128290,100.695315,101.789406,2132700.000000
2024-10-17,102.215428,102.951281,101.605450,101.866867,1657100.000000
2024-10-18,102.486530,102.767315,101.905597,102.641449,1135200.000000
2024-10-21,102.196060,102.873814,101.644173,102.167007,1091000.000000
2024-10-22,101.866859,101.866859,99.635102,99.688354,2339900.000000
2024-10-23,99.514078,100.065965,99.000920,99.591537,1722000.000000
2024-10-24,99.272021,99.983667,98.584583,99.233292,1430500.000000
2024-10-25,99.717397,99.736766,97.911661,98.042374,1505400.000000
2024-10-28,98.787913,99.252664,97.887464,98.226341,1492600.000000
2024-10-29,97.655091,98.754028,97.432396,98.148888,2162900.000000
2024-10-30,94.072668,96.541635,93.094759,95.157074,3765300.000000
2024-10-31,94.208209,96.522264,94.188841,95.079605,2425500.000000
2024-11-01,95.370072,97.054780,95.311981,96.280205,3060600.000000
2024-11-04,96.580352,97.129336,95.989735,96.280205,1613600.000000
2024-11-05,96.270526,97.722862,96.125291,96.977333,1622400.000000
2024-11-06,99.359163,99.359163,95.573403,97.364616,2935000.000000
2024-11-07,97.887456,98.778220,97.596993,97.732544,1662200.000000
2024-11-08,97.209701,98.479040,96.754635,96.851456,2689000.000000
2024-11-11,97.267790,98.574891,97.267790,98.294106,1612600.000000
2024-11-12,98.274758,98.487769,96.435131,96.561005,2451400.000000
2024-11-13,96.386723,97.616364,96.183389,97.200027,2324300.000000
2024-11-14,97.064465,97.587307,96.531939,96.551308,1980700.000000
2024-11-15,96.580472,97.416415,95.909772,96.327744,1855200.000000
2024-11-18,95.929219,98.194033,95.929219,97.951027,1851400.000000
2024-11-19,97.396975,98.349564,96.979004,97.474739,1755100.000000
2024-11-20,97.659424,97.912153,95.963236,96.901245,1881900.000000
2024-11-21,97.085920,97.727460,96.376345,97.153961,2564100.000000
2024-11-22,97.144256,98.961940,97.115097,98.369003,1820000.000000
2024-11-25,98.893883,99.967974,98.850143,99.593742,2311800.000000
2024-11-26,99.341016,99.564585,98.602282,99.117455,1179800.000000
2024-11-27,99.224383,100.123502,98.864731,99.652069,1373400.000000
2024-11-29,99.428520,100.322782,99.117472,100.099220,1060600.000000
2024-12-02,100.128367,100.342214,98.475919,98.952217,1444500.000000
2024-12-03,99.117457,99.263262,97.757591,98.232910,1352200.000000
2024-12-04,98.194033,98.612005,97.523341,98.300957,1210100.000000
2024-12-05,96.959564,97.766348,96.230545,96.347191,1989300.000000
2024-12-06,97.037331,97.630267,96.531873,97.008171,1475700.000000
2024-12-09,97.698303,98.777252,97.474734,98.048233,1864500.000000
2024-12-10,97.231728,97.980191,96.075015,97.260887,1915000.000000
2024-12-11,97.358093,98.009349,96.045853,96.220818,1587200.000000
2024-12-12,95.365445,95.734812,94.529503,95.520966,1780100.000000
2024-12-13,95.336286,95.773695,94.612124,95.054398,1471400.000000
2024-12-16,95.277955,95.345996,93.358205,93.499153,2225800.000000
2024-12-17,93.265861,94.461456,92.830396,93.644951,1851200.000000
2024-12-18,93.450557,94.208736,91.185735,91.224617,2215200.000000
2024-12-19,91.263489,92.371598,90.170932,90.272026,2299500.000000
2024-12-20,90.369235,91.428739,90.087346,90.942726,4294200.000000
2024-12-23,90.553912,90.991320,90.243835,90.894119,1220100.000000
2024-12-24,90.728874,91.467616,90.281743,91.370415,442900.000000
2024-12-26,90.913561,91.710622,90.826083,91.516220,605100.000000
2024-12-27,91.039930,91.730067,90.573354,90.903839,789700.000000
2024-12-30,90.301193,90.641401,89.377764,89.980423,1957400.000000
2024-12-31,90.203990,90.553919,89.552727,90.019302,865100.000000
2025-01-02,90.777484,91.049650,89.504132,89.659653,1278400.000000
2025-01-03,89.688807,90.660833,89.601328,90.291466,1284700.000000
2025-01-06,90.272029,90.796923,89.572169,89.708252,2037700.000000
2025-01-07,89.494403,90.612234,89.280556,89.543007,2160300.000000
2025-01-08,88.940348,89.338882,87.841962,89.222237,2814100.000000
2025-01-10,88.123858,88.993818,87.987767,88.230774,2227600.000000
2025-01-13,87.948893,88.639030,87.598963,88.609871,2870700.000000
2025-01-14,89.056989,89.382617,88.327970,89.212509,1856600.000000
2025-01-15,90.106773,90.792053,89.494400,89.669365,1773000.000000
2025-01-16,90.126228,90.787206,89.484688,90.592796,1425100.000000
2025-01-17,91.360695,92.332720,91.039932,92.118874,1869800.000000
2025-01-21,92.128601,93.061745,91.973081,92.828461,2041000.000000
2025-01-22,92.527125,93.411664,91.631884,92.721527,1927900.000000
2025-01-23,92.828458,94.072650,92.614611,93.508873,2471500.000000
2025-01-24,93.508868,94.228172,93.363070,93.965721,1557500.000000
2025-01-27,94.121251,95.209915,93.314468,95.005791,2136900.000000
2025-01-28,94.490614,94.879425,92.789569,93.188103,3229300.000000
2025-01-29,91.438459,94.169849,89.358324,92.002235,3861000.000000
2025-01-30,94.218455,94.286497,91.992515,92.692375,2499600.000000
2025-01-31,92.186918,93.197825,92.041120,92.750694,1789100.000000
2025-02-03,91.360690,92.410479,90.276883,91.905029,2002100.000000
2025-02-04,92.274404,92.371605,91.273219,91.788391,1575100.000000
2025-02-05,91.448176,92.220935,90.856211,91.905029,1421000.000000
2025-02-06,92.332730,93.372798,92.225807,93.363083,1756300.000000
2025-02-07,93.674113,93.693550,91.885582,92.177193,2284300.000000
2025-02-10,92.993698,93.406812,92.536845,93.372787,1870300.000000
2025-02-11,93.149221,94.257329,92.954811,93.975441,1710400.000000
2025-02-12,93.178395,94.121262,92.828465,94.033775,2178400.000000
2025-02-13,94.539220,95.477221,94.053207,95.277954,2142500.000000
2025-02-14,95.609772,95.687846,94.253259,94.409401,2267800.000000
2025-02-18,94.594820,95.307237,94.350843,95.258438,1647000.000000
2025-02-19,94.868079,95.970854,94.643625,95.931824,1767900.000000
2025-02-20,95.824474,96.795498,95.492661,96.644234,1757200.000000
2025-02-21,96.419778,97.346889,95.575612,96.000137,2744900.000000
2025-02-24,96.000129,97.288328,95.804943,96.302658,2247400.000000
2025-02-25,96.732068,98.664363,96.370979,97.639664,4859700.000000
2025-02-26,97.834841,97.834841,95.316995,96.351463,2457300.000000
2025-02-27,96.058696,97.141955,95.639055,95.726883,1920300.000000
2025-02-28,96.214834,97.668943,96.068453,97.376167,3727300.000000
2025-03-03,97.786038,99.542677,97.727486,98.303276,2919100.000000
2025-03-04,97.600623,99.493881,97.063871,97.210258,3177100.000000
2025-03-05,97.542071,99.191359,97.542071,98.918106,2748800.000000
2025-03-06,98.566769,100.201419,97.688450,100.098946,2251400.000000
2025-03-07,99.562201,102.011734,99.181597,101.504265,3914600.000000
2025-03-10,101.757987,104.254367,101.221241,101.416420,2896300.000000
2025-03-11,101.074855,101.357869,98.352069,98.713158,2491800.000000
2025-03-12,98.459423,99.025452,97.063873,97.503036,2619700.000000
2025-03-13,97.259057,98.313033,96.946759,97.210258,2075300.000000
2025-03-14,97.990998,98.503344,97.268820,98.195938,1613000.000000
2025-03-17,97.717733,99.230394,97.307853,98.947380,1757600.000000
2025-03-18,98.820516,99.445097,98.083700,99.220634,2183400.000000
2025-03-19,99.220638,100.333173,98.888833,100.294136,1833100.000000
2025-03-20,99.406054,100.064795,98.654600,99.445091,1812300.000000
2025-03-21,99.044959,99.854965,97.864110,98.771706,7259800.000000
2025-03-24,99.123039,99.713467,98.654600,98.937614,2161400.000000
2025-03-25,99.152317,99.220630,98.234968,98.957138,1392100.000000
2025-03-26,98.918097,100.430758,98.761948,100.216057,1779000.000000
2025-03-27,100.460045,100.730372,99.454860,100.528358,1543700.000000
2025-03-28,100.801605,100.840642,99.523167,99.650032,1327600.000000
2025-03-31,99.210875,101.026058,98.527735,100.713768,2477700.000000
2025-04-01,100.860153,101.582323,100.040393,101.553047,1970500.000000
2025-04-02,100.674751,101.528671,100.206312,101.435959,1922600.000000
2025-04-03,101.143166,103.397513,100.733287,101.787270,4133800.000000
2025-04-04,99.991599,100.421001,92.486859,92.682045,5319500.000000
2025-04-07,91.091312,93.667717,89.149255,89.744560,4484200.000000
2025-04-08,91.042526,91.998912,87.539010,88.690582,3422700.000000
2025-04-09,88.319733,93.482291,88.090394,92.008667,4818800.000000
2025-04-10,91.549991,92.916265,89.193171,92.047707,3937600.000000
2025-04-11,91.901317,95.639049,91.172312,94.750969,2941400.000000
2025-04-14,95.092539,96.790618,94.663137,96.146515,1736900.000000
2025-04-15,96.488093,97.317614,96.102605,96.410019,1566800.000000
2025-04-16,96.536892,96.995571,94.087367,94.448448,2005000.000000
2025-04-17,94.916875,96.849170,94.711935,96.146515,1964400.000000
2025-04-21,95.590249,96.000136,93.804342,94.711937,2114100.000000
2025-04-22,95.541455,96.907728,95.063262,96.566154,2921600.000000
2025-04-23,93.628677,95.033980,88.392922,90.076370,5327100.000000
2025-04-24,90.388664,91.218184,89.890948,90.505768,5064300.000000
2025-04-25,91.062028,91.442631,89.524975,90.691185,4901100.000000
2025-04-28,90.691189,91.657337,90.271548,91.393845,4346200.000000
2025-04-29,90.915652,92.984574,90.886369,92.613731,2802300.000000
2025-04-30,93.052888,94.243497,91.974513,93.950722,3275600.000000
2025-05-01,93.482289,94.477713,93.365178,94.067833,2219300.000000
2025-05-02,94.780255,95.268209,94.350852,94.975433,2397400.000000
2025-05-05,95.063263,95.482897,94.009280,95.063263,1411000.000000
2025-05-06,94.526507,94.789999,93.687225,93.872650,4212700.000000
2025-05-07,94.243502,95.248687,93.994648,94.975433,3436500.000000
2025-05-08,95.687850,95.873268,94.555792,94.975433,5228900.000000
2025-05-09,95.170601,95.492653,94.604580,94.663132,2082300.000000
2025-05-12,96.214836,96.214836,95.077909,95.639053,3758900.000000
2025-05-13,95.502417,95.531693,94.477710,94.653374,3216600.000000
2025-05-14,94.546025,94.985188,93.531079,93.726265,4297700.000000
2025-05-15,94.155675,95.619538,93.965373,95.502426,5922700.000000
2025-05-16,95.904263,96.943190,95.487719,96.923584,3716200.000000
2025-05-19,96.492337,96.962795,95.992484,96.580551,3165200.000000
2025-05-20,96.619748,96.992189,96.061083,96.257103,2410300.000000
2025-05-21,95.669038,96.551143,95.071167,95.688637,2165200.000000
2025-05-22,95.286795,95.997377,94.811438,95.247589,2368400.000000
2025-05-23,94.835946,95.218190,94.355684,94.855545,2286800.000000
2025-05-27,95.208379,95.218182,94.404685,95.159370,2192500.000000
2025-05-28,95.110375,95.237787,93.199146,93.267761,1988500.000000
2025-05-29,93.797017,93.797017,92.586574,93.267761,2121600.000000
2025-05-30,93.267763,94.081253,92.797304,93.453979,3846100.000000
2025-06-02,92.875713,93.502986,91.434943,92.336647,2208300.000000
2025-06-03,92.140629,93.120745,91.846592,93.003128,2359700.000000
2025-06-04,93.434384,94.120462,93.076637,93.375572,1496400.000000
2025-06-05,93.669610,93.855835,92.777709,93.385376,1707400.000000
2025-06-06,93.630397,94.375286,93.630397,94.149857,1669500.000000
2025-06-09,94.336091,94.522315,92.865918,93.424583,1646700.000000
2025-06-10,93.846033,93.904838,93.159956,93.424583,1852300.000000
2025-06-11,93.934229,93.934229,92.895309,93.502983,1781200.000000
2025-06-12,93.395169,95.022156,93.012924,95.022156,2406000.000000
2025-06-13,94.306682,95.061368,93.689205,93.914635,1873600.000000
2025-06-16,94.659517,95.629828,94.140057,94.532097,2252800.000000
2025-06-17,93.836224,94.306682,93.346166,93.453979,1925500.000000
2025-06-18,93.640196,94.669313,93.111913,93.767609,1918100.000000
2025-06-20,94.120450,94.664414,92.072013,92.219025,4536400.000000
2025-06-23,92.630679,94.149853,92.003406,94.071449,2378500.000000
2025-06-24,94.247871,95.571025,93.723506,95.473015,2929900.000000
2025-06-25,95.433810,95.492614,94.581107,94.708519,2146500.000000
2025-06-26,95.071162,96.110081,94.865338,95.580818,2585300.000000
2025-06-27,95.796449,96.227702,94.973156,95.659233,2998800.000000
2025-06-30,95.247587,97.305827,94.997660,97.050995,2350400.000000
2025-07-01,97.158815,98.981830,96.511943,98.432968,1853400.000000
2025-07-02,98.236941,98.491765,97.227416,97.815491,1709200.000000
2025-07-03,97.717474,98.021315,97.149013,97.531258,1052300.000000
2025-07-07,97.844900,97.913507,96.712868,97.795891,1914900.000000
2025-07-08,98.011513,98.692692,97.384239,97.697876,1809400.000000
2025-07-09,98.168333,98.168333,96.492330,97.364632,1706800.000000
2025-07-10,97.364631,98.775999,96.997088,97.972305,1590300.000000
2025-07-11,97.237219,97.624369,97.001994,97.511650,1187200.000000
2025-07-14,97.070605,98.187936,96.805970,98.050720,1897000.000000
2025-07-15,99.226854,99.403275,97.374437,97.403839,2334000.000000
2025-07-16,97.345035,98.413365,96.663856,98.344749,1899900.000000
2025-07-17,98.413362,99.344468,98.089922,99.060234,1425500.000000
2025-07-18,98.962221,98.962221,96.786365,97.462646,2211300.000000
2025-07-21,97.629272,97.786087,96.438428,96.541344,2498600.000000
2025-07-22,96.443332,99.133743,96.384520,98.981827,2773200.000000
2025-07-23,87.230253,90.052982,84.289908,86.730392,12607900.000000
2025-07-24,86.906810,88.151560,86.250134,87.426270,6741700.000000
2025-07-25,88.396587,88.631813,87.347864,88.004539,4084500.000000
2025-07-28,87.681100,87.935932,86.132516,86.152122,4694700.000000
2025-07-29,86.387350,86.485360,85.328823,85.564056,3457000.000000
2025-07-30,85.270007,85.779664,84.333995,84.711342,3237200.000000
2025-07-31,84.240893,84.873072,83.750836,83.986069,4071500.000000
2025-08-01,84.289896,84.289896,82.574694,83.241173,3897500.000000
2025-08-04,83.407799,83.721435,82.907938,83.711639,3632600.000000
2025-08-05,83.976263,84.779958,83.447000,84.564331,5447400.000000
2025-08-06,84.760354,85.377824,84.005661,85.240608,3897100.000000
2025-08-07,85.711069,86.583371,85.201413,85.593460,5760200.000000
2025-08-08,85.505237,86.132510,85.309217,85.730667,3025000.000000
2025-08-11,85.730674,85.975702,84.162491,84.319305,4171300.000000
2025-08-12,84.779957,86.524560,84.378106,86.397148,4200200.000000
2025-08-13,86.348146,87.475280,86.088416,87.455681,2417800.000000
2025-08-14,86.808796,86.985217,85.554249,85.799278,2524000.000000
2025-08-15,86.094733,86.528065,85.720497,86.104584,3697300.000000
2025-08-18,86.459117,86.951537,86.267073,86.281845,1749400.000000
2025-08-19,86.764417,87.631081,86.400031,87.246986,5778400.000000
2025-08-20,88.005319,88.803037,87.187899,87.768959,6282400.000000
2025-08-21,87.759109,87.837898,86.193210,86.242455,4050900.000000
2025-08-22,86.665935,87.768959,86.665935,87.237144,5451400.000000
2025-08-25,87.237147,87.345480,85.267466,85.543221,3300200.000000
2025-08-26,85.750036,86.390184,85.375800,86.301544,4398100.000000
2025-08-27,86.025789,86.516240,85.942078,86.390182,3144900.000000
2025-08-28,86.587148,86.695481,84.873528,84.942467,3786500.000000
2025-08-29,85.040952,85.622011,84.898153,85.070496,2154700.000000
2025-09-02,84.696258,84.903074,83.883768,84.469742,2126100.000000
2025-09-03,84.174297,84.666717,83.952709,84.371262,2058300.000000
2025-09-04,84.203842,85.198533,83.878843,85.188683,1740000.000000
2025-09-05,85.868221,86.417761,85.247767,85.681099,3034900.000000
2025-09-08,85.592468,86.060266,85.031102,86.045494,2529300.000000
2025-09-09,85.759887,86.803815,85.577687,86.675789,3176600.000000
2025-09-10,86.331096,86.946621,86.035641,86.301544,2483900.000000
2025-09-11,86.616695,88.025017,86.464046,88.025017,3628100.000000
2025-09-12,87.749264,88.379561,87.059879,87.709869,3610800.000000
2025-09-15,88.064409,88.517435,87.591690,88.271225,3109900.000000
2025-09-16,88.192439,88.724246,87.690169,87.857590,2736400.000000
2025-09-17,88.320469,89.975001,87.650777,88.281075,3800500.000000
2025-09-18,88.546984,90.437875,88.364783,88.980309,3248700.000000
2025-09-19,89.128032,89.403786,87.808350,87.808350,6994400.000000
2025-09-22,88.054566,88.487890,87.276541,87.975777,2169000.000000
2025-09-23,88.113652,88.665160,87.443960,87.768959,2640400.000000
2025-09-24,87.493198,87.896986,87.128812,87.384872,2156400.000000
2025-09-25,87.453809,88.310615,87.256837,88.084106,2089000.000000
2025-09-26,88.487893,89.019708,88.167823,89.009857,1947500.000000
2025-09-29,89.453041,90.221215,89.364402,89.906067,3035300.000000
2025-09-30,90.240910,90.240910,89.604707,90.043945,2291000.000000
2025-10-01,89.768183,91.068172,89.393939,90.959839,2540100.000000
2025-10-02,91.215904,91.718167,90.629923,90.841660,2561500.000000
2025-10-03,90.723477,90.940135,90.063628,90.152267,1892600.000000
2025-10-06,90.122725,90.373857,89.118184,89.453033,2121200.000000
2025-10-07,89.640152,89.979923,88.714408,89.029556,1789000.000000
2025-10-08,90.949991,91.009087,89.787880,89.866669,1808900.000000
2025-10-09,89.915913,90.093184,87.729566,88.359863,1940900.000000
2025-10-10,88.783348,89.049251,87.734490,88.103806,1723400.000000
2025-10-13,87.887137,88.704556,87.522751,87.828049,1746900.000000
2025-10-14,87.729564,89.531823,87.355320,89.443184,2210900.000000
2025-10-15,89.600766,90.802265,89.167434,90.083336,2397600.000000
2025-10-16,90.250760,90.250760,89.014788,89.295464,1564100.000000
2025-10-17,89.472735,90.112882,89.334858,89.906067,1435900.000000
2025-10-20,90.014393,90.565902,89.669701,90.122726,1615100.000000
2025-10-21,89.581065,91.353781,89.462882,91.294685,1714400.000000
2025-10-22,90.940147,91.403023,89.955307,90.034096,2009100.000000
2025-10-23,90.270462,91.875749,90.152278,91.560600,2550100.000000
2025-10-24,91.757559,91.757559,90.457571,90.556053,1721600.000000
2025-10-27,90.428032,91.087873,90.171972,90.654549,2821800.000000
2025-10-28,90.221215,91.063249,89.782961,89.915916,3218000.000000
2025-10-29,92.614377,92.632101,89.507207,91.964378,3921200.000000
2025-10-30,91.146963,92.407558,90.792420,91.087868,2422000.000000
2025-10-31,90.398486,91.570449,90.024250,91.353783,2303200.000000
2025-11-03,90.949991,91.009087,88.704557,88.803040,2934300.000000
2025-11-04,88.970454,89.344698,88.537129,89.324997,2318900.000000
2025-11-05,89.403794,90.531440,89.182206,89.856819,1740500.000000
2025-11-06,89.758338,90.349241,89.423496,89.768188,2445000.000000
2025-11-07,89.600765,89.896213,89.049249,89.640152,1882700.000000
2025-11-10,89.325002,89.354554,88.645468,88.891678,2021900.000000
2025-11-11,89.354556,89.610609,88.546987,88.950768,1845300.000000
2025-11-12,89.482578,90.605295,89.265912,89.600761,2429300.000000
2025-11-13,89.620463,90.014401,89.118192,89.216675,1985000.000000
2025-11-14,89.652025,89.929063,87.801793,87.831474,1901600.000000
2025-11-17,87.544547,87.970001,86.767843,87.138878,2556600.000000
2025-11-18,87.153721,87.514860,86.456173,86.772789,3360900.000000
2025-11-19,86.822263,86.822263,85.254021,85.664635,2424500.000000
2025-11-20,86.114826,86.584803,85.486538,85.941673,2159900.000000
2025-11-21,86.198926,87.495073,85.662656,87.128983,2722900.000000
2025-11-24,87.119091,87.198240,85.714098,86.040611,5058300.000000
2025-11-25,86.545221,87.712746,86.278071,87.504967,2263600.000000
2025-11-26,87.603909,88.118408,87.336759,87.633591,1682800.000000
2025-11-28,87.594013,88.217357,87.406019,87.910629,940800.000000
2025-12-01,87.227929,88.162938,87.178455,87.218033,2071100.000000
2025-12-02,87.435708,87.554434,86.015874,86.317650,2185800.000000
2025-12-03,86.584802,87.099301,85.783360,86.020828,2189600.000000
2025-12-04,85.842727,86.198921,85.634948,85.991142,2294300.000000
2025-12-05,85.842731,86.287970,85.120445,85.536003,2662400.000000
2025-12-08,85.644838,85.644838,84.912664,85.209496,2297800.000000
2025-12-09,85.585477,86.693638,85.585477,86.169235,2508200.000000
2025-12-10,86.169237,87.564333,86.119770,86.921204,2888100.000000
2025-12-11,86.921201,87.613805,86.466066,86.802475,2774200.000000
2025-12-12,87.069618,88.073887,86.975621,87.208138,2061500.000000
2025-12-15,87.465390,87.960104,87.030039,87.633591,2805200.000000
2025-12-16,88.039257,88.068939,86.555116,87.030037,3681600.000000
2025-12-17,87.030038,88.514180,86.980572,88.059044,4374400.000000
2025-12-18,87.386237,88.451854,86.129667,86.426491,3430000.000000
2025-12-19,86.159350,86.456173,85.822940,86.139557,6964300.000000
2025-12-22,86.020826,86.505643,85.723995,86.317650,2496400.000000
2025-12-23,86.614486,87.010258,86.198928,86.901421,1926800.000000
2025-12-24,86.772790,87.222982,85.308442,86.970680,687600.000000
2025-12-26,86.990465,87.178459,86.495752,86.693642,987100.000000
2025-12-29,86.762896,87.069616,86.337442,87.020142,1717600.000000
2025-12-30,86.970676,87.455493,86.733215,87.079514,1795500.000000
2025-12-31,87.059724,87.079517,86.406706,86.426491,1697400.000000
2026-01-02,86.297867,87.574230,85.902095,87.406021,2001800.000000
2026-01-05,86.792581,88.365767,86.663951,88.237144,3263800.000000
2026-01-06,87.989787,89.340353,87.791904,88.939636,2106700.000000
2026-01-07,89.384875,89.795488,87.366450,87.485176,2307500.000000
2026-01-08,87.594013,89.671810,87.514857,89.434349,2437000.000000
2026-01-09,89.444243,89.983479,89.058367,89.315613,2021400.000000
2026-01-12,88.702173,89.211728,88.247038,88.543861,2461500.000000
2026-01-13,88.880270,89.152364,87.930420,88.830795,2701700.000000
2026-01-14,88.682384,89.538244,88.276723,88.999001,2710900.000000
2026-01-15,89.285930,89.543183,88.741750,89.394768,2081800.000000
2026-01-16,89.068260,90.413882,88.811015,89.206787,3446800.000000
2026-01-20,89.048473,89.394771,86.644164,87.208138,5012900.000000
2026-01-21,87.851266,88.949531,87.406019,88.533974,2851100.000000
2026-01-22,88.900055,89.434347,88.217355,89.315613,3356800.000000
2026-01-23,89.196886,90.057683,88.256925,90.018112,2868400.000000
2026-01-26,90.235785,90.681032,88.964375,89.622345,4473600.000000
2026-01-27,89.790541,90.413878,89.528344,89.592659,4065500.000000
2026-01-28,83.943027,87.930426,83.114878,87.663277,6820700.000000
2026-01-29,87.208137,87.999682,85.189704,86.238503,5707400.000000
2026-01-30,85.545897,86.574902,83.230640,84.516891,5825400.000000
2026-02-02,84.516896,85.941674,84.408058,85.239182,4072200.000000
2026-02-03,84.803828,86.574904,84.378374,86.238503,4252700.000000
2026-02-04,86.802478,89.493715,86.569962,89.414566,5507600.000000
2026-02-05,89.404667,90.710711,88.761537,90.275360,4821700.000000
2026-02-06,90.770072,91.076800,88.593335,88.900055,4723900.000000
2026-02-09,88.811009,89.731177,88.295513,88.355873,2915700.000000
2026-02-10,88.435023,89.899379,88.415238,89.107834,3124000.000000
2026-02-11,88.850589,89.612445,88.350923,88.474602,3204300.000000
2026-02-12,89.028685,92.590622,88.890158,90.779968,6567600.000000
2026-02-13,90.610993,92.211290,88.931169,89.289001,6472100.000000
2026-02-17,90.670632,92.350456,90.670632,91.883286,4416000.000000
2026-02-18,91.426060,92.231180,90.004672,92.211296,3270900.000000
2026-02-19,91.793828,92.857384,91.565218,92.479675,3834100.000000
2026-02-20,92.738111,93.995492,91.694432,92.111900,4292400.000000
2026-02-23,92.618827,92.897140,89.855571,90.004669,5303500.000000
2026-02-24,90.133882,90.332674,89.179664,89.368523,3256000.000000
2026-02-25,89.418218,89.646836,88.041557,88.891411,3021900.000000
2026-02-26,89.467923,91.396234,89.048460,90.909187,4191100.000000
2026-02-27,90.491713,92.002556,90.024543,92.002556,3967100.000000
2026-03-02,90.809791,93.632684,90.640817,93.056183,5000800.000000
2026-03-03,92.936903,93.046242,90.919130,91.833588,3768900.000000
2026-03-04,91.664607,91.694425,90.556324,90.601051,2197400.000000
2026-03-05,89.905266,90.501658,89.552408,90.094124,3010100.000000
2026-03-06,89.517616,89.925150,87.937195,88.682678,2719800.000000
2026-03-09,87.539599,88.160835,85.939295,87.042610,3964500.000000
2026-03-10,86.714601,87.042616,85.541707,85.571526,2731400.000000
2026-03-11,85.402550,85.859779,82.917606,84.090500,3704300.000000
2026-03-12,83.712791,83.792311,81.973330,82.132362,4350000.000000
2026-03-13,82.718813,83.414595,82.331163,82.688995,3078300.000000
2026-03-16,82.987181,83.762482,82.430556,83.106461,2866200.000000
2026-03-17,83.553750,84.035830,82.510078,83.633270,3371900.000000
2026-03-18,82.987180,83.136278,77.773773,78.057053,5905900.000000
2026-03-19,78.057052,80.621516,78.057052,79.746819,8608700.000000
2026-03-20,79.746821,80.636428,78.335367,79.060974,8394000.000000
2026-03-23,80.492307,80.840197,78.544104,78.563988,3366600.000000
2026-03-24,77.758870,78.563989,77.331459,77.520309,4089800.000000
2026-03-25,78.683265,78.901933,77.271811,78.226028,3707500.000000
2026-03-26,77.967603,78.981457,76.824527,76.973625,3231000.000000
2026-03-27,76.943806,77.082962,75.442898,75.492592,4073500.000000
2026-03-30,75.601930,76.531304,74.816687,75.870308,3029700.000000
2026-03-31,76.496511,77.028293,75.209312,76.615791,4487600.000000
2026-04-01,75.969705,77.281755,75.731152,76.983559,2431600.000000
2026-04-02,76.506451,77.883112,76.118800,77.391090,2240300.000000
2026-04-06,76.784766,77.788686,76.784766,77.639587,1676100.000000
2026-04-07,77.500431,77.972569,76.943806,77.361275,1851500.000000
2026-04-08,77.719105,79.483409,77.719105,79.070915,3256200.000000
2026-04-09,78.802537,80.840194,78.713082,80.760674,2851300.000000
2026-04-10,80.939588,81.098621,78.812477,79.468498,2511500.000000
2026-04-13,79.667303,81.277542,79.374082,81.277542,2360000.000000
2026-04-14,81.088689,81.655256,80.750732,81.406761,2598600.000000
2026-04-15,80.820315,81.257667,79.975435,80.512184,3720000.000000
2026-04-16,80.442601,81.247720,79.982392,80.204048,2178300.000000
2026-04-17,80.233867,82.142302,80.074827,80.939590,3520000.000000
2026-04-20,80.581761,81.138386,80.045012,80.243813,3035200.000000
2026-04-21,80.124531,80.462479,78.280699,78.395012,3990800.000000
2026-04-22,78.862171,79.011269,75.790784,77.410965,7187400.000000
2026-04-23,77.579954,80.576795,77.435823,79.011276,5220800.000000
2026-04-24,78.544101,79.289584,77.172414,77.480545,3506800.000000
2026-04-27,77.540189,78.723017,76.834466,77.013382,4866300.000000
2026-04-28,77.679347,78.209134,76.834468,76.894104,3930700.000000
2026-04-29,76.576032,76.904046,75.154644,76.138680,3505300.000000
2026-04-30,75.959759,77.525278,75.442894,77.410965,3721400.000000
2026-05-01,77.629645,78.248894,76.526329,76.615791,2168800.000000
2026-05-04,75.959761,76.754946,74.975725,75.423012,2819100.000000
2026-05-05,75.631744,76.218195,74.926021,75.164581,4641300.000000
2026-05-06,76.347413,77.222118,75.591995,76.248016,3869300.000000
2026-05-07,76.367296,78.231004,76.287776,77.003441,5518600.000000
2026-05-08,77.082962,77.366242,74.170608,74.369400,8748400.000000
2026-05-11,74.230242,74.498612,73.276024,73.554337,4052800.000000
2026-05-12,74.289877,74.513521,72.669697,73.653732,4774000.000000
2026-05-13,73.057348,73.653733,72.073313,72.798912,3208900.000000
2026-05-14,73.116984,73.474816,72.401319,72.619995,2385200.000000
2026-05-15,72.480003,72.900002,70.650002,71.010002,3767600.000000
2026-05-18,71.150002,71.776001,70.760002,71.129997,4180200.000000
2026-05-19,70.910004,71.699997,69.724998,70.940002,4122800.000000
2026-05-20,70.720001,71.330002,69.949997,71.269997,4031500.000000
2026-05-21,70.750000,71.940002,70.349998,71.629997,5184000.000000
2026-05-22,71.830002,73.400002,71.639999,72.769997,3585600.000000
2026-05-26,73.099998,73.400002,72.209999,72.730003,2087700.000000
2026-05-27,72.510002,72.889999,71.519997,71.790001,3447700.000000
2026-05-28,71.760002,71.769997,70.660004,71.209999,2391700.000000
2026-05-29,70.930000,71.400002,70.709999,70.839996,3872600.000000
2026-06-01,70.260002,70.839996,69.160004,69.339996,4171700.000000
2026-06-02,69.440002,70.489998,69.419998,70.330002,2957000.000000
2026-06-03,70.199997,70.889999,69.919998,69.919998,2945700.000000
2026-06-04,70.940002,70.940002,69.809998,69.849998,2956500.000000
