date,open,high,low,close,volume
2016-09-21,2.875000,3.040000,2.780000,3.010000,63438000.000000
2016-09-22,3.100000,3.170000,2.841000,2.890000,22728000.000000
2016-09-23,2.885000,2.890000,2.684000,2.766000,10587000.000000
2016-09-26,2.710000,2.842000,2.700000,2.777000,3061000.000000
2016-09-27,2.833000,3.084800,2.734000,2.998000,10158000.000000
2016-09-28,3.073000,3.340000,3.002000,3.339000,20565000.000000
2016-09-29,3.260000,3.319500,2.880000,2.899000,17033000.000000
2016-09-30,2.935000,3.095000,2.919000,2.921000,9490000.000000
2016-10-03,2.912000,2.931700,2.619000,2.638000,10804000.000000
2016-10-04,2.639000,2.725000,2.363000,2.383000,13381000.000000
2016-10-05,2.442000,2.520000,2.350000,2.478000,9634000.000000
2016-10-06,2.512000,2.694000,2.461300,2.608000,8553000.000000
2016-10-07,2.528000,2.649000,2.502000,2.626000,4485000.000000
2016-10-10,2.577000,2.637000,2.510100,2.528000,3645000.000000
2016-10-11,2.506000,2.592500,2.350000,2.552000,5394000.000000
2016-10-12,2.532000,2.696000,2.532000,2.690000,3318000.000000
2016-10-13,2.640000,2.673000,2.550000,2.597000,2453000.000000
2016-10-14,2.611000,2.724000,2.605000,2.636000,2229000.000000
2016-10-17,2.702000,2.725000,2.614000,2.627000,3376000.000000
2016-10-18,2.627000,2.650800,2.581000,2.588000,1716000.000000
2016-10-19,2.575000,2.622000,2.525100,2.546000,1116000.000000
2016-10-20,2.510000,2.666000,2.505000,2.649000,1041000.000000
2016-10-21,2.651000,2.750000,2.624000,2.748000,2359000.000000
2016-10-24,2.738000,2.870000,2.705000,2.852000,2728000.000000
2016-10-25,2.861000,2.947000,2.856800,2.880000,2805000.000000
2016-10-26,2.895000,2.909000,2.789000,2.818000,1825000.000000
2016-10-27,2.816000,2.859700,2.544000,2.552000,3674000.000000
2016-10-28,2.575000,2.675500,2.550000,2.561000,1685000.000000
2016-10-31,2.601000,2.601000,2.417000,2.518000,1765000.000000
2016-11-01,2.544000,2.570000,2.500000,2.524000,889000.000000
2016-11-02,2.502000,2.600000,2.420000,2.443000,1825000.000000
2016-11-03,2.426000,2.451200,2.201000,2.290000,4019000.000000
2016-11-04,2.293000,2.418900,2.279000,2.387000,1537000.000000
2016-11-07,2.416000,2.434000,2.227500,2.290000,2068000.000000
2016-11-08,2.426000,2.430000,2.255000,2.280000,5774000.000000
2016-11-09,2.215000,2.350000,2.200000,2.295000,5573000.000000
2016-11-10,2.390000,2.434000,2.318500,2.343000,5620000.000000
2016-11-11,2.501000,2.649000,2.402000,2.545000,11264000.000000
2016-11-14,2.557000,2.735000,2.550000,2.577000,6952000.000000
2016-11-15,2.584000,2.612000,2.503000,2.525000,5441000.000000
2016-11-16,2.500000,2.597000,2.480000,2.536000,4681000.000000
2016-11-17,2.557000,2.646000,2.541000,2.593000,6080000.000000
2016-11-18,2.597000,2.925000,2.597000,2.910000,8259000.000000
2016-11-21,2.886000,3.048000,2.800000,2.933000,7483000.000000
2016-11-22,2.940000,2.960000,2.832000,2.873000,3833000.000000
2016-11-23,2.871000,3.050000,2.819000,3.019000,5275000.000000
2016-11-25,2.999000,3.048000,2.866000,2.908000,2576000.000000
2016-11-28,2.928000,2.928000,2.571000,2.670000,9057000.000000
2016-11-29,2.665000,2.778000,2.550000,2.712000,4603000.000000
2016-11-30,2.694000,2.783800,2.581500,2.658000,3137000.000000
2016-12-01,2.640000,2.700000,2.548000,2.608000,4862000.000000
2016-12-02,2.587000,2.648000,2.562000,2.620000,3055000.000000
2016-12-05,2.620000,2.721000,2.609100,2.662000,2795000.000000
2016-12-06,2.661000,2.841000,2.608000,2.810000,5033000.000000
2016-12-07,2.812000,2.852500,2.746000,2.758000,2082000.000000
2016-12-08,2.753000,2.863900,2.700000,2.741000,1664000.000000
2016-12-09,2.756000,2.843000,2.706000,2.747000,3625000.000000
2016-12-12,2.864000,2.955000,2.810000,2.936000,4978000.000000
2016-12-13,2.940000,3.038000,2.867000,2.929000,5632000.000000
2016-12-14,2.912000,2.955000,2.793000,2.800000,5030000.000000
2016-12-15,2.810000,2.965000,2.804000,2.952000,4314000.000000
2016-12-16,2.969000,2.997000,2.864000,2.923000,11764000.000000
2016-12-19,2.936000,2.990000,2.876000,2.922000,3269000.000000
2016-12-20,2.939000,3.143000,2.893000,3.110000,5311000.000000
2016-12-21,3.122000,3.122000,2.984000,3.036000,3475000.000000
2016-12-22,3.020000,3.091500,2.950000,3.032000,2712000.000000
2016-12-23,3.046000,3.074000,2.955000,3.015000,1064000.000000
2016-12-27,3.046000,3.063000,2.960000,2.994000,1709000.000000
2016-12-28,2.985000,3.022500,2.844000,2.849000,2334000.000000
2016-12-29,2.860000,2.912000,2.812000,2.838000,2070000.000000
2016-12-30,2.835000,2.873000,2.693000,2.767000,2850000.000000
2017-01-03,2.805000,2.876000,2.645000,2.693000,4430000.000000
2017-01-04,2.701000,2.865000,2.640000,2.710000,4258000.000000
2017-01-05,2.690000,2.771000,2.652000,2.745000,1615000.000000
2017-01-06,2.751000,2.790000,2.690000,2.770000,2368000.000000
2017-01-09,2.756000,2.894000,2.733000,2.844000,2490000.000000
2017-01-10,2.842000,2.900000,2.775000,2.886000,3098000.000000
2017-01-11,2.879000,3.010000,2.829000,2.975000,2555000.000000
2017-01-12,2.963000,2.974000,2.853700,2.937000,1442000.000000
2017-01-13,2.942000,3.050000,2.920000,2.935000,1628000.000000
2017-01-17,2.922000,2.952000,2.887000,2.899000,698000.000000
2017-01-18,2.911000,2.951000,2.858000,2.901000,1296000.000000
2017-01-19,2.863000,2.922000,2.860000,2.900000,992000.000000
2017-01-20,2.898000,2.960000,2.898000,2.926000,810000.000000
2017-01-23,2.929000,2.992000,2.917000,2.979000,748000.000000
2017-01-24,2.997000,3.004000,2.930000,2.965000,1546000.000000
2017-01-25,2.992000,3.125000,2.980000,3.041000,2513000.000000
2017-01-26,3.039000,3.110000,3.022000,3.078000,1532000.000000
2017-01-27,3.069000,3.105700,3.046000,3.083000,1338000.000000
2017-01-30,3.070000,3.089500,2.930000,2.975000,3095000.000000
2017-01-31,2.964000,3.012000,2.912000,2.966000,3387000.000000
2017-02-01,2.997000,3.008000,2.890000,2.959000,2558000.000000
2017-02-02,2.938000,2.950000,2.891000,2.902000,774000.000000
2017-02-03,2.923000,2.923000,2.844000,2.892000,2289000.000000
2017-02-06,2.874000,2.899000,2.828000,2.880000,848000.000000
2017-02-07,2.946000,2.946000,2.811000,2.855000,1215000.000000
2017-02-08,2.843000,2.901000,2.823000,2.834000,631000.000000
2017-02-09,2.837000,2.911000,2.836000,2.904000,1194000.000000
2017-02-10,2.912000,2.953000,2.891000,2.905000,947000.000000
2017-02-13,2.916000,3.048000,2.916000,3.006000,2087000.000000
2017-02-14,3.011000,3.219000,2.986000,3.035000,4723000.000000
2017-02-15,3.050000,3.184000,3.050000,3.167000,1362000.000000
2017-02-16,3.213000,3.350000,3.154000,3.336000,5570000.000000
2017-02-17,3.400000,3.536000,3.189000,3.241000,10482000.000000
2017-02-21,3.336000,3.571000,3.245000,3.500000,4889000.000000
2017-02-22,3.480000,3.549000,3.394000,3.430000,2010000.000000
2017-02-23,3.600000,3.687000,3.485500,3.639000,4643000.000000
2017-02-24,3.743000,3.814000,3.662300,3.732000,4877000.000000
2017-02-27,3.748000,3.748000,3.520000,3.683000,6252000.000000
2017-02-28,3.811000,4.227000,3.776000,4.221000,44078000.000000
2017-03-01,4.155000,4.400000,4.101000,4.305000,8176000.000000
2017-03-02,4.233000,4.325000,4.171000,4.244000,4527000.000000
2017-03-03,4.269000,4.515000,4.195000,4.460000,6569000.000000
2017-03-06,4.450000,4.450000,4.092000,4.234000,7248000.000000
2017-03-07,4.212000,4.440000,4.137000,4.408000,4240000.000000
2017-03-08,4.421000,4.450000,4.316000,4.331000,2637000.000000
2017-03-09,4.333000,4.438000,4.279000,4.438000,2615000.000000
2017-03-10,4.447000,4.602500,4.400000,4.579000,5095000.000000
2017-03-13,4.579000,4.621000,4.302000,4.335000,3667000.000000
2017-03-14,4.323000,4.399000,4.108000,4.122000,4793000.000000
2017-03-15,4.102000,4.220000,4.041000,4.155000,7895000.000000
2017-03-16,4.184000,4.220000,3.970000,4.018000,4591000.000000
2017-03-17,4.006000,4.020000,3.867000,3.951000,6284000.000000
2017-03-20,3.880000,3.981900,3.800000,3.810000,6816000.000000
2017-03-21,3.768000,3.875000,3.655100,3.755000,13642000.000000
2017-03-22,3.723000,3.880700,3.705000,3.864000,7840000.000000
2017-03-23,3.841000,3.878000,3.680000,3.702000,4725000.000000
2017-03-24,3.700000,3.739000,3.588000,3.602000,8435000.000000
2017-03-27,3.563000,3.793000,3.479000,3.722000,9820000.000000
2017-03-28,3.726000,3.730000,3.575000,3.649000,5386000.000000
2017-03-29,3.625000,3.833000,3.625000,3.798000,9090000.000000
2017-03-30,3.778000,3.868000,3.642000,3.673000,7199000.000000
2017-03-31,3.685000,3.780000,3.611000,3.725000,8256000.000000
2017-04-03,3.719000,3.767000,3.683000,3.702000,6111000.000000
2017-04-04,3.701000,3.738000,3.539000,3.633000,6290000.000000
2017-04-05,3.650000,3.750000,3.597000,3.705000,6405000.000000
2017-04-06,3.745000,3.830000,3.732000,3.771000,4696000.000000
2017-04-07,3.766000,3.796000,3.690000,3.699000,3379000.000000
2017-04-10,3.711000,3.772000,3.668000,3.690000,2336000.000000
2017-04-11,3.680000,3.814000,3.668000,3.755000,6296000.000000
2017-04-12,3.769000,3.770500,3.695000,3.721000,4835000.000000
2017-04-13,3.698000,3.757900,3.567000,3.685000,3788000.000000
2017-04-17,3.665000,3.744000,3.593100,3.644000,4417000.000000
2017-04-18,3.632000,3.640000,3.504000,3.519000,6662000.000000
2017-04-19,3.532000,3.605000,3.530000,3.586000,4163000.000000
2017-04-20,3.599000,3.671500,3.583000,3.623000,2553000.000000
2017-04-21,3.629000,3.649000,3.565000,3.598000,2474000.000000
2017-04-24,3.637000,3.722000,3.616000,3.647000,4538000.000000
2017-04-25,3.656000,3.690000,3.597000,3.620000,4192000.000000
2017-04-26,3.620000,3.709000,3.620000,3.633000,2612000.000000
2017-04-27,3.640000,3.807000,3.556000,3.769000,5702000.000000
2017-04-28,3.810000,3.844000,3.661000,3.735000,5302000.000000
2017-05-01,3.761000,3.793800,3.687000,3.759000,2844000.000000
2017-05-02,3.776000,3.900000,3.750000,3.828000,6404000.000000
2017-05-03,3.833000,3.877000,3.755000,3.806000,2388000.000000
2017-05-04,3.806000,4.005000,3.771000,3.985000,12119000.000000
2017-05-05,3.986000,4.028000,3.879000,4.007000,6733000.000000
2017-05-08,4.023000,4.067000,3.950000,4.039000,4349000.000000
2017-05-09,4.030000,4.163500,4.020000,4.086000,6592000.000000
2017-05-10,4.086000,4.107700,3.982000,4.005000,3580000.000000
2017-05-11,4.009000,4.022000,3.925000,3.989000,12562000.000000
2017-05-12,4.758000,5.368000,4.660000,5.190000,124614000.000000
2017-05-15,5.202000,5.450000,5.168000,5.357000,32905000.000000
2017-05-16,5.423000,5.426000,5.191000,5.220000,9825000.000000
2017-05-17,5.109000,5.253000,4.769000,4.775000,19592000.000000
2017-05-18,4.790000,5.188000,4.770000,5.138000,17028000.000000
2017-05-19,5.200000,5.246500,4.963000,5.007000,15223000.000000
2017-05-22,4.900000,5.314700,4.877000,5.251000,13188000.000000
2017-05-23,5.275000,5.438000,5.090000,5.348000,12437000.000000
2017-05-24,5.277000,5.347000,5.150000,5.150000,44220000.000000
2017-05-25,5.204000,5.305000,5.137000,5.199000,16972000.000000
2017-05-26,5.219000,5.328000,5.152000,5.224000,8963000.000000
2017-05-30,5.272000,5.517000,5.131500,5.349000,18300000.000000
2017-05-31,5.399000,5.539000,5.225000,5.500000,18680000.000000
2017-06-01,5.593000,5.648000,5.345000,5.496000,14295000.000000
2017-06-02,5.504000,5.739500,5.431000,5.696000,13774000.000000
2017-06-05,5.729000,5.757000,5.544000,5.569000,8337000.000000
2017-06-06,5.539000,5.681000,5.471000,5.584000,8108000.000000
2017-06-07,5.561000,5.655000,5.362000,5.438000,8478000.000000
2017-06-08,5.523000,5.586000,5.388000,5.544000,8004000.000000
2017-06-09,5.555000,5.645900,5.069000,5.136000,20548000.000000
2017-06-12,5.101000,5.124000,4.906000,5.005000,13164000.000000
2017-06-13,5.138000,5.200000,4.928000,5.015000,9598000.000000
2017-06-14,5.040000,5.100000,4.882000,4.924000,8387000.000000
2017-06-15,4.912000,4.976000,4.734000,4.865000,14370000.000000
2017-06-16,4.870000,5.039000,4.840500,4.993000,16122000.000000
2017-06-19,5.122000,5.225000,5.020000,5.207000,12542000.000000
2017-06-20,5.229000,5.229000,5.000000,5.089000,9163000.000000
2017-06-21,5.092000,5.250000,5.089000,5.235000,7674000.000000
2017-06-22,5.251000,5.271900,5.130000,5.185000,9536000.000000
2017-06-23,5.200000,5.430000,5.181000,5.421000,21434000.000000
2017-06-26,5.460000,5.508200,5.199000,5.308000,7457000.000000
2017-06-27,5.275000,5.310000,5.008000,5.051000,7338000.000000
2017-06-28,5.051000,5.274000,5.012000,5.254000,8281000.000000
2017-06-29,5.228000,5.228000,5.007000,5.084000,6357000.000000
2017-06-30,5.090000,5.125200,5.007000,5.011000,3994000.000000
2017-07-03,5.063000,5.063000,4.809000,4.972000,5469000.000000
2017-07-05,5.009000,5.066000,4.887400,4.988000,4517000.000000
2017-07-06,4.914000,5.033900,4.835000,4.864000,8162000.000000
2017-07-07,4.881000,5.050000,4.822000,4.990000,6094000.000000
2017-07-10,5.007000,5.064000,4.961000,5.015000,4076000.000000
2017-07-11,5.015000,5.260500,4.992000,5.117000,8952000.000000
2017-07-12,5.194000,5.280000,5.145000,5.151000,8039000.000000
2017-07-13,5.179000,5.200000,5.065000,5.080000,6127000.000000
2017-07-14,5.051000,5.146000,5.029000,5.101000,6161000.000000
2017-07-17,5.140000,5.140000,5.006000,5.039000,4640000.000000
2017-07-18,5.018000,5.039000,4.928000,4.989000,5470000.000000
2017-07-19,5.010000,5.536000,5.005000,5.469000,23354000.000000
2017-07-20,5.500000,5.575000,5.326000,5.452000,12090000.000000
2017-07-21,5.470000,5.499000,5.190000,5.233000,12478000.000000
2017-07-24,5.203000,5.450000,5.201000,5.411000,8469000.000000
2017-07-25,5.387000,5.707000,5.341000,5.568000,19295000.000000
2017-07-26,5.600000,5.670000,5.458000,5.497000,7617000.000000
2017-07-27,5.557000,5.787000,5.110000,5.310000,17632000.000000
2017-07-28,5.279000,5.390000,5.220000,5.341000,7193000.000000
2017-07-31,5.433000,5.487000,5.244500,5.331000,4881000.000000
2017-08-01,5.349000,5.388900,5.275000,5.342000,5155000.000000
2017-08-02,5.373000,5.437000,5.253000,5.301000,4133000.000000
2017-08-03,5.283000,5.513700,5.269800,5.448000,4959000.000000
2017-08-04,5.445000,5.472000,5.326000,5.339000,4007000.000000
2017-08-07,5.386000,5.682000,5.331000,5.551000,8586000.000000
2017-08-08,5.570000,5.660000,5.422000,5.452000,8595000.000000
2017-08-09,5.415000,5.483000,5.330400,5.399000,9354000.000000
2017-08-10,5.407000,5.444000,4.930000,5.006000,22467000.000000
2017-08-11,5.556000,5.658000,5.055000,5.445000,39024000.000000
2017-08-14,5.550000,5.628000,5.235000,5.364000,17186000.000000
2017-08-15,5.345000,5.375000,4.980000,5.102000,20145000.000000
2017-08-16,5.072000,5.173000,5.012000,5.057000,11871000.000000
2017-08-17,5.030000,5.190000,4.769000,4.837000,17611000.000000
2017-08-18,4.837000,5.026000,4.649000,4.951000,13717000.000000
2017-08-21,4.931000,5.020000,4.803000,5.002000,8083000.000000
2017-08-22,5.003000,5.063000,4.902000,5.028000,7365000.000000
2017-08-23,4.937000,5.022000,4.925000,4.999000,4566000.000000
2017-08-24,5.049000,5.188000,5.006000,5.100000,8849000.000000
2017-08-25,5.138000,5.168000,5.030300,5.104000,10545000.000000
2017-08-28,5.129000,5.158000,5.024000,5.140000,5865000.000000
2017-08-29,5.050000,5.219000,5.050000,5.175000,7565000.000000
2017-08-30,5.176000,5.333000,5.175000,5.300000,6090000.000000
2017-08-31,5.333000,5.398000,5.255400,5.297000,4780000.000000
2017-09-01,5.306000,5.439000,5.260000,5.369000,7912000.000000
2017-09-05,5.315000,5.363000,5.160000,5.351000,7750000.000000
2017-09-06,5.357000,5.498000,5.357000,5.485000,8428000.000000
2017-09-07,5.499000,5.757000,5.486500,5.708000,10832000.000000
2017-09-08,5.706000,5.920000,5.579000,5.623000,13719000.000000
2017-09-11,5.695000,6.089000,5.535000,6.057000,16850000.000000
2017-09-12,6.190000,6.286000,6.010000,6.168000,13370000.000000
2017-09-13,6.176000,6.255000,5.995000,6.012000,8652000.000000
2017-09-14,5.999000,6.058900,5.901000,5.970000,8137000.000000
2017-09-15,5.970000,6.079800,5.914000,5.988000,13322000.000000
2017-09-18,6.039000,6.118000,5.936000,6.009000,6441000.000000
2017-09-19,6.014000,6.204000,5.976000,6.172000,12147000.000000
2017-09-20,6.203000,6.267500,5.850000,5.981000,14447000.000000
2017-09-21,6.002000,6.170000,5.831000,5.954000,9252000.000000
2017-09-22,5.892000,6.014500,5.876000,5.980000,4949000.000000
2017-09-25,5.973000,5.980000,5.561000,5.636000,10783000.000000
2017-09-26,5.696000,5.820000,5.566600,5.601000,8064000.000000
2017-09-27,5.644000,5.863000,5.625000,5.779000,6663000.000000
2017-09-28,5.730000,5.877000,5.690100,5.832000,4185000.000000
2017-09-29,5.832000,6.172000,5.832000,6.151000,11334000.000000
2017-10-02,6.201000,6.239600,5.942000,5.956000,7308000.000000
2017-10-03,5.999000,6.054000,5.920000,6.053000,8537000.000000
2017-10-04,6.038000,6.192000,5.910000,6.014000,7888000.000000
2017-10-05,6.061000,6.117000,5.857000,6.096000,9309000.000000
2017-10-06,6.035000,6.524000,6.003000,6.428000,16123000.000000
2017-10-09,6.500000,6.642000,6.418000,6.418000,10483000.000000
2017-10-10,6.451000,6.521000,6.396000,6.412000,4879000.000000
2017-10-11,6.410000,6.525000,6.376000,6.486000,3971000.000000
2017-10-12,6.485000,6.648000,6.426000,6.531000,6756000.000000
2017-10-13,6.650000,6.730000,6.554000,6.651000,6347000.000000
2017-10-16,6.682000,6.688900,6.302000,6.453000,10556000.000000
2017-10-17,6.429000,6.490000,6.332000,6.389000,4931000.000000
2017-10-18,6.317000,6.441000,6.310000,6.407000,3607000.000000
2017-10-19,6.300000,6.336000,6.151000,6.324000,5761000.000000
2017-10-20,6.391000,6.464000,6.266000,6.362000,9789000.000000
2017-10-23,6.476000,6.480000,6.332000,6.346000,6568000.000000
2017-10-24,6.435000,6.435000,6.311100,6.331000,5179000.000000
2017-10-25,6.342000,6.478000,6.169000,6.257000,5028000.000000
2017-10-26,6.309000,6.448000,6.211000,6.268000,4897000.000000
2017-10-27,6.301000,6.413000,6.236000,6.397000,5079000.000000
2017-10-30,6.440000,6.480000,6.291000,6.420000,3796000.000000
2017-10-31,6.464000,6.678000,6.420000,6.592000,6417000.000000
2017-11-01,6.634000,6.666000,6.338000,6.507000,7136000.000000
2017-11-02,6.476000,6.476000,6.298000,6.406000,5900000.000000
2017-11-03,6.428000,6.491000,6.281000,6.462000,7705000.000000
2017-11-06,6.518000,6.558000,6.400000,6.538000,7466000.000000
2017-11-07,6.538000,6.566000,6.405000,6.466000,6599000.000000
2017-11-08,6.440000,6.477000,6.017000,6.165000,16566000.000000
2017-11-09,6.050000,6.102000,5.686500,5.928000,24684000.000000
2017-11-10,5.135000,5.347000,4.925100,5.099500,98413000.000000
2017-11-13,5.107000,5.137000,4.684000,4.840500,49058000.000000
2017-11-14,4.821000,4.930900,4.632000,4.705000,20647000.000000
2017-11-15,4.607000,4.825000,4.513000,4.824000,18245000.000000
2017-11-16,4.850000,5.014000,4.805700,4.890000,15550000.000000
2017-11-17,4.916000,5.033000,4.889000,5.001000,10877000.000000
2017-11-20,5.020000,5.105000,4.982000,5.040000,10570000.000000
2017-11-21,5.075000,5.220000,5.048000,5.192000,10030000.000000
2017-11-22,5.211000,5.231000,5.101000,5.112000,7244000.000000
2017-11-24,5.107000,5.151000,5.021000,5.119000,3777000.000000
2017-11-27,5.115000,5.126000,4.975000,4.989000,8798000.000000
2017-11-28,4.991000,5.036000,4.856300,5.014000,8936000.000000
2017-11-29,4.964000,5.000000,4.681000,4.841000,11450000.000000
2017-11-30,4.834000,4.924000,4.762800,4.914000,10838000.000000
2017-12-01,4.839000,4.941900,4.641000,4.800000,7937000.000000
2017-12-04,4.858000,4.900000,4.496000,4.525000,16978000.000000
2017-12-05,4.500000,4.650000,4.481000,4.507000,9569000.000000
2017-12-06,4.474000,4.499000,4.344000,4.418000,10604000.000000
2017-12-07,4.405000,4.553000,4.380000,4.534000,11820000.000000
2017-12-08,4.563000,4.645000,4.481700,4.525000,8912000.000000
2017-12-11,4.699000,4.929000,4.682000,4.830000,15728000.000000
2017-12-12,4.815000,4.907000,4.679000,4.686000,8463000.000000
2017-12-13,4.700000,4.909800,4.686000,4.900000,8870000.000000
2017-12-14,4.905000,4.949000,4.793000,4.897000,8876000.000000
2017-12-15,4.907000,4.991000,4.835000,4.925000,8942000.000000
2017-12-18,4.967000,5.032000,4.908000,4.980000,8036000.000000
2017-12-19,4.975000,5.038000,4.836000,4.894000,5480000.000000
2017-12-20,4.979000,5.090000,4.918000,4.959000,5595000.000000
2017-12-21,4.986000,4.986000,4.599000,4.616000,18377000.000000
2017-12-22,4.639000,4.719000,4.557000,4.622000,8866000.000000
2017-12-26,4.621000,4.649000,4.529000,4.648000,3910000.000000
2017-12-27,4.630000,4.763900,4.602000,4.701000,5698000.000000
2017-12-28,4.695000,4.714000,4.607000,4.642000,5952000.000000
2017-12-29,4.627000,4.650000,4.558000,4.573000,7743000.000000
2018-01-02,4.569000,4.671000,4.545000,4.641000,6902000.000000
2018-01-03,4.641000,4.866000,4.590000,4.791000,8218000.000000
2018-01-04,4.843000,4.859000,4.715200,4.765000,5647000.000000
2018-01-05,4.810000,4.889000,4.750000,4.835000,5841000.000000
2018-01-08,4.850000,4.878000,4.719000,4.787000,5727000.000000
2018-01-09,4.801000,4.875000,4.729000,4.742000,4435000.000000
2018-01-10,4.767000,4.845900,4.673000,4.790000,5736000.000000
2018-01-11,4.819000,4.982000,4.739000,4.896000,8776000.000000
2018-01-12,4.899000,4.999000,4.812000,4.913000,8488000.000000
2018-01-16,4.965000,5.000000,4.818000,4.833000,9061000.000000
2018-01-17,4.877000,4.966000,4.845000,4.948000,5172000.000000
2018-01-18,4.950000,5.025000,4.825000,4.836000,8649000.000000
2018-01-19,4.918000,4.986900,4.690000,4.736000,14905000.000000
2018-01-22,4.757000,4.889000,4.692000,4.865000,7145000.000000
2018-01-23,4.877000,4.979000,4.801900,4.940000,5765000.000000
2018-01-24,4.975000,5.047000,4.817000,4.880000,8770000.000000
2018-01-25,4.916000,4.979000,4.871000,4.948000,4753000.000000
2018-01-26,4.983000,5.194900,4.955000,5.124000,8967000.000000
2018-01-29,5.144000,5.149000,4.950000,5.055000,6139000.000000
2018-01-30,4.959000,5.000000,4.847000,4.869000,7174000.000000
2018-01-31,4.911000,4.936500,4.762000,4.848000,7744000.000000
2018-02-01,4.786000,4.818500,4.343000,4.583000,23680000.000000
2018-02-02,4.597000,4.736500,4.522000,4.676000,16993000.000000
2018-02-05,4.584000,4.696000,4.500000,4.510000,8309000.000000
2018-02-06,4.404000,4.593000,4.355000,4.547000,11596000.000000
2018-02-07,4.520000,4.561200,4.417000,4.420000,11578000.000000
2018-02-08,4.451000,4.499000,4.303000,4.334000,5844000.000000
2018-02-09,4.364000,4.417000,4.070000,4.280000,9703000.000000
2018-02-12,4.385000,4.433000,4.209000,4.388000,7762000.000000
2018-02-13,4.376000,4.536000,4.362000,4.522000,7144000.000000
2018-02-14,4.498000,4.790500,4.436000,4.721000,11445000.000000
2018-02-15,4.739000,4.844000,4.692000,4.831000,5516000.000000
2018-02-16,4.818000,4.911000,4.771000,4.841000,4919000.000000
2018-02-20,4.800000,5.039000,4.800000,5.020000,9635000.000000
2018-02-21,5.026000,5.174000,4.964000,4.981000,9964000.000000
2018-02-22,4.997000,5.094000,4.800000,4.840000,18809000.000000
2018-02-23,5.475000,6.019000,5.469100,5.994000,62295000.000000
2018-02-26,5.990000,6.093000,5.638000,5.737000,21588000.000000
2018-02-27,5.687000,5.758000,5.554500,5.556000,11974000.000000
2018-02-28,5.577000,5.694400,5.505000,5.626000,10046000.000000
2018-03-01,5.582000,5.645100,5.323000,5.432000,12200000.000000
2018-03-02,5.400000,5.711000,5.315000,5.691000,13658000.000000
2018-03-05,5.692000,5.880000,5.665000,5.824000,10525000.000000
2018-03-06,5.816000,5.895000,5.713000,5.799000,6247000.000000
2018-03-07,5.701000,5.912000,5.700000,5.869000,5947000.000000
2018-03-08,5.927000,5.990000,5.761000,5.792000,6316000.000000
2018-03-09,5.849000,5.911000,5.810000,5.886000,5581000.000000
2018-03-12,5.900000,5.991000,5.867000,5.953000,4982000.000000
2018-03-13,5.900000,5.991000,5.770000,5.795000,5558000.000000
2018-03-14,5.801000,5.990000,5.773000,5.857000,8232000.000000
2018-03-15,5.900000,5.930000,5.781000,5.839000,5570000.000000
2018-03-16,5.828000,5.858000,5.732000,5.791000,7691000.000000
2018-03-19,5.766000,5.826000,5.501000,5.560000,9624000.000000
2018-03-20,5.560000,5.727000,5.553000,5.700000,7379000.000000
2018-03-21,5.673000,5.745000,5.565000,5.651000,4905000.000000
2018-03-22,5.564000,5.669000,5.448000,5.452000,6327000.000000
2018-03-23,5.465000,5.487500,5.330000,5.334000,6566000.000000
2018-03-26,5.425000,5.533000,5.409000,5.522000,5919000.000000
2018-03-27,5.558000,5.623000,5.162000,5.224000,10110000.000000
2018-03-28,5.207000,5.251000,5.036000,5.096000,11189000.000000
2018-03-29,5.110000,5.150000,4.731000,4.962000,23561000.000000
2018-04-02,4.896000,4.962000,4.728000,4.801000,8606000.000000
2018-04-03,4.828000,4.871000,4.695000,4.746000,7597000.000000
2018-04-04,4.652000,4.817000,4.577200,4.790000,7718000.000000
2018-04-05,4.924000,5.049000,4.890000,4.899000,14064000.000000
2018-04-06,4.855000,4.941000,4.716000,4.768000,5130000.000000
2018-04-09,4.820000,4.926000,4.770000,4.794000,5816000.000000
2018-04-10,4.877000,5.006000,4.813000,4.974000,5372000.000000
2018-04-11,4.920000,5.126000,4.911000,5.086000,6669000.000000
2018-04-12,5.116000,5.231000,5.090000,5.209000,5353000.000000
2018-04-13,5.249000,5.300000,5.162000,5.229000,8528000.000000
2018-04-16,5.264000,5.299900,5.205000,5.256000,6275000.000000
2018-04-17,5.299000,5.501000,5.287000,5.421000,6927000.000000
2018-04-18,5.413000,5.448000,5.318000,5.405000,4357000.000000
2018-04-19,5.359000,5.423000,5.308000,5.398000,3561000.000000
2018-04-20,5.380000,5.443000,5.361500,5.413000,3485000.000000
2018-04-23,5.441000,5.443000,5.339000,5.372000,2967000.000000
2018-04-24,5.416000,5.416000,5.152000,5.250000,4954000.000000
2018-04-25,5.268000,5.278000,5.046000,5.101000,6750000.000000
2018-04-26,5.152000,5.278000,5.135000,5.211000,4744000.000000
2018-04-27,5.260000,5.288000,5.151500,5.174000,3522000.000000
2018-04-30,5.170000,5.191300,5.091000,5.117000,5773000.000000
2018-05-01,5.121000,5.132000,4.934500,4.945000,9783000.000000
2018-05-02,5.075000,5.249100,4.930000,4.934000,8745000.000000
2018-05-03,4.906000,4.959000,4.761000,4.944000,6926000.000000
2018-05-04,4.944000,4.983000,4.880800,4.943000,6859000.000000
2018-05-07,4.986000,5.147000,4.965500,5.089000,7346000.000000
2018-05-08,5.052000,5.160000,4.995000,5.094000,5762000.000000
2018-05-09,5.125000,5.176000,4.991000,5.152000,9494000.000000
2018-05-10,5.257000,5.462000,5.237000,5.273000,28046000.000000
2018-05-11,6.775000,7.580000,6.731000,7.561000,127624000.000000
2018-05-14,7.551000,7.742900,7.250000,7.492000,41209000.000000
2018-05-15,7.373000,8.097000,7.371800,8.022000,45812000.000000
2018-05-16,7.939000,8.337000,7.939000,8.075000,28294000.000000
2018-05-17,8.012000,8.306900,8.008300,8.044000,17576000.000000
2018-05-18,8.065000,8.581000,8.063000,8.563000,28689000.000000
2018-05-21,8.575000,8.780000,8.178000,8.296000,22086000.000000
2018-05-22,8.300000,8.509000,8.175000,8.223000,15089000.000000
2018-05-23,8.210000,8.371000,8.176000,8.296000,7708000.000000
2018-05-24,8.271000,8.395000,8.184400,8.299000,5829000.000000
2018-05-25,8.292000,8.487000,8.212000,8.256000,7233000.000000
2018-05-29,8.207000,8.320000,8.182000,8.273000,8021000.000000
2018-05-30,8.325000,8.541000,8.280000,8.454000,9650000.000000
2018-05-31,8.481000,8.572000,8.418000,8.553000,6884000.000000
2018-06-01,8.604000,9.137000,8.510000,8.664000,31263000.000000
2018-06-04,8.500000,8.573000,8.009000,8.320000,23859000.000000
2018-06-05,8.322000,8.836000,8.322000,8.793000,15436000.000000
2018-06-06,8.864000,8.894000,8.618000,8.627000,8422000.000000
2018-06-07,8.672000,8.705000,8.415000,8.655000,7254000.000000
2018-06-08,8.683000,8.954000,8.672000,8.862000,7559000.000000
2018-06-11,8.858000,8.975000,8.688100,8.882000,7169000.000000
2018-06-12,8.841000,9.180000,8.820100,9.077000,11557000.000000
2018-06-13,9.190000,9.253000,8.913600,9.006000,9005000.000000
2018-06-14,9.233000,9.290000,8.850000,9.053000,12579000.000000
2018-06-15,9.007000,9.038000,8.812000,9.012000,9103000.000000
2018-06-18,8.994000,9.300000,8.929000,9.292000,10207000.000000
2018-06-19,9.189000,9.291000,8.651000,9.149000,11342000.000000
2018-06-20,9.176000,9.449000,9.176000,9.336000,6417000.000000
2018-06-21,9.414000,9.435500,9.050000,9.154000,7653000.000000
2018-06-22,9.259000,9.265000,8.976000,9.206000,16171000.000000
2018-06-25,9.051000,9.149000,8.470000,8.934000,14703000.000000
2018-06-26,8.938000,9.219000,8.842600,9.165000,7473000.000000
2018-06-27,9.201000,9.333000,8.950000,8.958000,6590000.000000
2018-06-28,8.923000,9.308000,8.901000,9.221000,6208000.000000
2018-06-29,9.289000,9.464000,9.202400,9.380000,7148000.000000
2018-07-02,9.254000,9.435000,9.206000,9.420000,7303000.000000
2018-07-03,9.485000,9.508700,9.080000,9.100000,4575000.000000
2018-07-05,9.200000,9.307000,9.115400,9.277000,6333000.000000
2018-07-06,9.250000,9.481000,9.196100,9.400000,6048000.000000
2018-07-09,9.392000,9.471000,9.282000,9.455000,5477000.000000
2018-07-10,9.440000,9.596000,9.160000,9.269000,5251000.000000
2018-07-11,9.178000,9.339000,9.092000,9.164000,5413000.000000
2018-07-12,9.235000,9.495000,9.114000,9.483000,5097000.000000
2018-07-13,9.495000,9.500000,9.291500,9.414000,2888000.000000
2018-07-16,9.421000,9.446000,9.240000,9.333000,5430000.000000
2018-07-17,9.461000,9.520000,9.214000,9.490000,7249000.000000
2018-07-18,9.498000,9.536000,9.372100,9.518000,3860000.000000
2018-07-19,9.504000,9.564000,9.354000,9.470000,3276000.000000
2018-07-20,9.472000,9.787000,9.472000,9.730000,9465000.000000
2018-07-23,9.750000,9.782400,9.353000,9.488000,7594000.000000
2018-07-24,9.602000,9.700000,8.752000,9.025000,11754000.000000
2018-07-25,9.062000,9.474000,9.041000,9.314000,5945000.000000
2018-07-26,9.200000,9.438000,9.023000,9.279000,4458000.000000
2018-07-27,9.334000,9.387000,8.734000,8.950000,9957000.000000
2018-07-30,9.000000,9.030000,8.413000,8.596000,9196000.000000
2018-07-31,8.600000,8.765000,8.366000,8.432000,9192000.000000
2018-08-01,8.412000,8.817000,8.412000,8.684000,8746000.000000
2018-08-02,8.620000,8.918000,8.572300,8.849000,5099000.000000
2018-08-03,8.850000,8.928200,8.589000,8.687000,5952000.000000
2018-08-06,8.700000,8.936400,8.576300,8.914000,4181000.000000
2018-08-07,9.031000,9.154000,8.863000,9.013000,5967000.000000
2018-08-08,9.030000,9.215000,8.951000,9.137000,7260000.000000
2018-08-09,9.150000,9.484000,9.150000,9.329000,19607000.000000
2018-08-10,11.550000,13.084000,11.227000,12.793000,103549000.000000
2018-08-13,12.801000,12.970000,12.350000,12.569000,26741000.000000
2018-08-14,12.650000,13.346000,12.533000,13.300000,23240000.000000
2018-08-15,13.299000,13.384000,12.320400,12.669000,17901000.000000
2018-08-16,12.875000,13.084100,12.574000,12.724000,9592000.000000
2018-08-17,12.712000,12.800000,12.454000,12.561000,7982000.000000
2018-08-20,12.660000,12.725000,12.386000,12.536000,6463000.000000
2018-08-21,12.604000,13.021000,12.440000,12.903000,10162000.000000
2018-08-22,12.903000,13.095900,12.772000,12.968000,7533000.000000
2018-08-23,12.960000,13.683000,12.960000,13.670000,14757000.000000
2018-08-24,13.775000,14.079000,13.573000,13.835000,11622000.000000
2018-08-27,14.005000,14.215000,13.905000,13.972000,7554000.000000
2018-08-28,14.080000,14.209000,13.726000,14.009000,5439000.000000
2018-08-29,14.000000,14.347000,13.956300,14.166000,5494000.000000
2018-08-30,14.170000,14.298000,13.981000,14.078000,5234000.000000
2018-08-31,13.959000,14.237000,13.951000,14.188000,5058000.000000
2018-09-04,14.187000,14.742000,14.117100,14.669000,10704000.000000
2018-09-05,14.639000,14.749500,13.450000,14.189000,14978000.000000
2018-09-06,14.214000,14.300000,13.668000,13.925000,9140000.000000
2018-09-07,13.785000,14.646000,13.627000,14.197000,8019000.000000
2018-09-10,14.355000,14.545000,14.010000,14.244000,7162000.000000
2018-09-11,14.156000,14.901600,14.100000,14.772000,8713000.000000
2018-09-12,14.900000,14.900000,14.057000,14.584000,9048000.000000
2018-09-13,14.700000,15.176000,14.466100,14.562000,7996000.000000
2018-09-14,14.580000,14.801000,14.436000,14.609000,5699000.000000
2018-09-17,14.587000,14.820000,14.212000,14.265000,6184000.000000
2018-09-18,14.240000,14.648000,14.226000,14.473000,6048000.000000
2018-09-19,14.530000,14.617000,14.176000,14.485000,6045000.000000
2018-09-20,14.222000,14.509000,14.145000,14.323000,7980000.000000
2018-09-21,14.381000,14.423000,14.073000,14.186000,12226000.000000
2018-09-24,14.062000,14.258000,13.565000,13.934000,9283000.000000
2018-09-25,14.302000,15.589000,14.216000,15.468000,22365000.000000
2018-09-26,15.321000,15.884000,15.028000,15.575000,14789000.000000
2018-09-27,15.807000,16.150000,15.300000,15.492000,11827000.000000
2018-09-28,15.405000,15.571000,15.040000,15.091000,9515000.000000
2018-10-01,15.151000,15.276000,14.219500,14.352000,16759000.000000
2018-10-02,14.151000,14.182000,13.026000,13.337000,24175000.000000
2018-10-03,13.700000,14.054000,13.424000,13.885000,19101000.000000
2018-10-04,13.752000,13.810000,13.273000,13.623000,8300000.000000
2018-10-05,13.479000,13.877800,13.112000,13.340000,8920000.000000
2018-10-08,13.162000,13.600000,12.811000,13.190000,11707000.000000
2018-10-09,13.320000,13.595000,12.875000,12.892000,9014000.000000
2018-10-10,12.800000,12.816000,11.855000,11.865000,19673000.000000
2018-10-11,11.800000,12.437000,11.605000,11.773000,17210000.000000
2018-10-12,12.375000,12.824000,11.936000,12.306000,19998000.000000
2018-10-15,12.257000,12.565000,12.092000,12.387000,12492000.000000
2018-10-16,12.660000,13.021800,12.493000,12.989000,11497000.000000
2018-10-17,13.050000,13.200000,12.552000,12.828000,9483000.000000
2018-10-18,12.682000,12.823000,12.313000,12.472000,8916000.000000
2018-10-19,12.512000,12.647000,12.020000,12.130000,9594000.000000
2018-10-22,12.210000,12.535000,12.072700,12.440000,7501000.000000
2018-10-23,12.043000,12.459000,11.928000,12.275000,8716000.000000
2018-10-24,12.218000,12.500000,11.343000,11.380000,14164000.000000
2018-10-25,11.560000,11.863000,11.357700,11.624000,11740000.000000
2018-10-26,11.300000,11.408000,10.658400,11.031000,15623000.000000
2018-10-29,11.288000,11.468000,10.622000,10.912000,12289000.000000
2018-10-30,10.709000,11.549000,10.502500,11.528000,12672000.000000
2018-10-31,11.912000,12.575000,11.752100,12.355000,14916000.000000
2018-11-01,12.479000,12.725000,12.121000,12.660000,7723000.000000
2018-11-02,12.732000,12.943000,12.507000,12.795000,9469000.000000
2018-11-05,12.743000,12.820000,12.002200,12.300000,12931000.000000
2018-11-06,12.221000,12.569000,12.031000,12.211000,6336000.000000
2018-11-07,12.441000,13.270000,12.331000,13.188000,18020000.000000
2018-11-08,13.166000,13.187000,12.104000,12.220000,28593000.000000
2018-11-09,11.132000,13.096000,11.020000,12.257000,59331000.000000
2018-11-12,12.123000,12.148400,10.648000,11.093000,28859000.000000
2018-11-13,11.150000,11.380000,10.552500,11.206000,20366000.000000
2018-11-14,11.488000,11.915000,11.303000,11.651000,22376000.000000
2018-11-15,11.556000,12.388000,11.430000,12.334000,12869000.000000
2018-11-16,12.056000,12.733000,11.951000,12.523000,13434000.000000
2018-11-19,12.385000,12.402100,11.189000,11.373000,17476000.000000
2018-11-20,10.550000,11.603000,10.534000,11.327000,12592000.000000
2018-11-21,11.562500,11.976000,11.312000,11.853000,7632000.000000
2018-11-23,11.649000,12.061700,11.600000,11.935000,3588000.000000
2018-11-26,12.299000,13.096100,11.916000,12.940000,16540000.000000
2018-11-27,12.717000,12.947000,12.506000,12.943000,10412000.000000
2018-11-28,13.186000,13.594000,12.811000,13.566000,16127000.000000
2018-11-29,13.439500,14.347000,13.439500,14.081000,15479000.000000
2018-11-30,14.002000,14.301500,13.861000,14.245000,9912000.000000
2018-12-03,14.801000,14.899600,14.155000,14.861000,13734000.000000
2018-12-04,14.625000,14.899000,13.830000,14.011000,15121000.000000
2018-12-06,13.390000,14.198000,12.811600,14.187000,21715000.000000
2018-12-07,14.217000,14.599000,13.229500,13.357000,15011000.000000
2018-12-10,13.357000,13.849500,12.959000,13.475000,10631000.000000
2018-12-11,13.959000,13.988000,13.417000,13.781000,8362000.000000
2018-12-12,14.117000,14.800000,14.080000,14.340000,11784000.000000
2018-12-13,14.415000,14.513900,13.788500,13.900000,9519000.000000
2018-12-14,13.707000,14.324000,13.620000,13.653000,10196000.000000
2018-12-17,13.565000,13.661300,12.277400,12.448000,17149000.000000
2018-12-18,12.627000,12.748500,12.038000,12.382000,12790000.000000
2018-12-19,12.422000,12.733000,11.855100,12.155000,11432000.000000
2018-12-20,12.018000,12.324000,11.026000,11.709000,15192000.000000
2018-12-21,11.735000,11.751000,10.612000,10.655000,22281000.000000
2018-12-24,10.368000,10.875000,10.235100,10.439000,10349000.000000
2018-12-26,10.644000,11.101000,10.318000,11.081000,17039000.000000
2018-12-27,10.900000,11.398000,10.630000,11.396000,12035000.000000
2018-12-28,11.512000,11.700000,11.143000,11.445000,8424000.000000
2018-12-31,11.609000,11.698000,11.314000,11.606000,6842000.000000
2019-01-02,11.186000,11.767000,11.106000,11.616000,8393000.000000
2019-01-03,11.325000,11.621000,10.938000,10.956000,7754000.000000
2019-01-04,11.327000,12.063000,11.055000,11.792000,11460000.000000
2019-01-07,11.991000,12.628400,11.866000,12.457000,10790000.000000
2019-01-08,12.724000,12.846000,12.161000,12.805000,9501000.000000
2019-01-09,12.893000,12.994000,12.515000,12.880000,8543000.000000
2019-01-10,12.700000,13.190000,12.555000,12.967000,9205000.000000
2019-01-11,12.886000,13.047000,12.635000,12.730000,7974000.000000
2019-01-14,12.527000,12.991000,12.400000,12.849000,7785000.000000
2019-01-15,12.891000,13.340000,12.800000,13.041000,9004000.000000
2019-01-16,13.135000,13.428000,13.041000,13.051000,6300000.000000
2019-01-17,12.964000,13.476000,12.800000,13.318000,6582000.000000
2019-01-18,13.450000,13.934900,13.381000,13.899000,10931000.000000
2019-01-22,13.794000,13.820000,13.256000,13.402000,9799000.000000
2019-01-23,13.529000,13.778700,13.201000,13.384000,7156000.000000
2019-01-24,13.435000,13.574000,13.206000,13.504000,5449000.000000
2019-01-25,13.650000,13.991000,13.626000,13.778000,7556000.000000
2019-01-28,13.619000,13.658000,13.353000,13.569000,6096000.000000
2019-01-29,13.571000,13.698000,13.296500,13.456000,5475000.000000
2019-01-30,13.700000,14.179000,13.539500,14.005000,8174000.000000
2019-01-31,14.005000,14.578000,14.005000,14.268000,10216000.000000
2019-02-01,14.247000,14.600000,14.215900,14.526000,7564000.000000
2019-02-04,14.600000,15.515000,14.567000,15.167000,15938000.000000
2019-02-05,15.314000,15.750000,15.299000,15.516000,12206000.000000
2019-02-06,15.500000,15.597000,14.618000,14.750000,17402000.000000
2019-02-07,14.540000,14.540000,13.858200,14.204000,13474000.000000
2019-02-08,13.950000,14.691000,13.878000,14.618000,8589000.000000
2019-02-11,14.801000,15.000000,14.516000,14.890000,8303000.000000
2019-02-12,15.100000,15.351000,15.016000,15.298000,8447000.000000
2019-02-13,15.490000,15.658000,14.757000,15.134000,10626000.000000
2019-02-14,14.999000,15.493500,14.999000,15.343000,9669000.000000
2019-02-15,15.500000,15.827000,15.311000,15.812000,12816000.000000
2019-02-19,15.900000,16.570000,15.652000,16.170000,21537000.000000
2019-02-20,15.675000,15.679000,14.551000,15.009000,41778000.000000
2019-02-21,15.009000,15.320000,14.836000,15.049000,22960000.000000
2019-02-22,17.500000,20.014999,17.350000,19.773001,79714000.000000
2019-02-25,19.358000,20.230000,19.247000,19.761999,31954000.000000
2019-02-26,19.500000,19.782000,19.164000,19.549999,18426000.000000
2019-02-27,19.466999,19.959999,19.466999,19.500000,12362000.000000
2019-02-28,19.400000,19.895000,19.253401,19.754000,15040000.000000
2019-03-01,19.916000,20.146999,19.351000,19.511999,15741000.000000
2019-03-04,19.687000,19.771000,18.267099,18.938000,21646000.000000
2019-03-05,18.795000,19.211000,18.624100,19.122999,9928000.000000
2019-03-06,19.040001,19.049999,18.420500,18.635000,13115000.000000
2019-03-07,18.587000,19.188999,18.473700,18.879999,13886000.000000
2019-03-08,18.513000,19.476000,18.050100,19.434999,16822000.000000
2019-03-11,19.487000,20.636000,19.434999,20.438000,23273000.000000
2019-03-12,20.538000,20.858200,20.159000,20.780001,12661000.000000
2019-03-13,20.850000,20.923000,20.295000,20.518999,12166000.000000
2019-03-14,20.520000,20.986000,20.273001,20.823000,9778000.000000
2019-03-15,20.857000,21.187099,20.646000,20.700001,11668000.000000
2019-03-18,20.799999,20.974001,20.086000,20.375000,16528000.000000
2019-03-19,20.438999,20.735001,20.174999,20.566999,7479000.000000
2019-03-20,20.545000,20.819000,20.121099,20.596001,8407000.000000
2019-03-21,20.447001,21.448000,20.439699,21.357000,11256000.000000
2019-03-22,21.264999,21.469900,20.122700,20.291000,14978000.000000
2019-03-25,20.150000,20.445000,19.627001,19.704000,16799000.000000
2019-03-26,20.153000,20.250000,18.427999,18.694000,31590000.000000
2019-03-27,18.771000,18.964001,17.830000,18.038000,23282000.000000
2019-03-28,18.059999,18.990000,18.010000,18.650999,20644000.000000
2019-03-29,18.910999,19.937000,18.840000,19.795000,22979000.000000
2019-04-01,20.156000,20.623899,19.704000,20.613001,21394000.000000
2019-04-02,20.600000,20.747999,20.268101,20.684000,11414000.000000
2019-04-03,20.850000,20.969000,20.323000,20.721001,13634000.000000
2019-04-04,20.700001,20.809299,19.285000,19.799999,17032000.000000
2019-04-05,19.997999,20.000000,19.340000,19.652000,10069000.000000
2019-04-08,19.552999,19.763000,19.121000,19.750000,10035000.000000
2019-04-09,19.646999,19.962999,19.452000,19.482000,7579000.000000
2019-04-10,19.497000,20.441999,19.482000,19.988001,16545000.000000
2019-04-11,20.121000,20.354000,19.966000,20.035999,6959000.000000
2019-04-12,20.260000,20.584000,19.995001,20.049999,8903000.000000
2019-04-15,19.927999,20.268999,19.587999,20.216000,7158000.000000
2019-04-16,20.374001,20.813999,20.124001,20.326000,10159000.000000
2019-04-17,20.469999,20.556900,19.700001,19.879000,7807000.000000
2019-04-18,19.818001,19.990999,19.433001,19.874001,7253000.000000
2019-04-22,19.825001,21.200001,19.700001,21.103001,15065000.000000
2019-04-23,21.240000,21.500000,20.562599,21.073000,9940000.000000
2019-04-24,21.224001,21.382000,20.670000,20.778999,7251000.000000
2019-04-25,21.003000,21.688000,20.818001,21.475000,10263000.000000
2019-04-26,21.424000,21.730000,21.160000,21.524000,8491000.000000
2019-04-29,21.730000,22.638000,21.650000,22.589001,15626000.000000
2019-04-30,21.959000,22.478001,21.667000,22.148001,17207000.000000
2019-05-01,22.289000,22.563999,21.900000,22.122000,10321000.000000
2019-05-02,22.000000,22.733000,22.000000,22.516001,11006000.000000
2019-05-03,22.701000,23.269600,22.264400,23.195999,13170000.000000
2019-05-06,22.500000,22.962999,22.061001,22.559000,17463000.000000
2019-05-07,22.237000,22.566999,21.424000,21.764999,16899000.000000
2019-05-08,21.624001,22.577999,21.549999,22.211000,16428000.000000
2019-05-09,21.799999,21.799999,18.049999,18.992001,89636000.000000
2019-05-10,19.101000,19.267000,18.181499,18.351000,37203000.000000
2019-05-13,17.577000,18.152000,17.360001,17.676001,20945000.000000
2019-05-14,17.952000,18.716999,17.785000,18.525999,22281000.000000
2019-05-15,18.539000,20.139000,18.476000,19.988001,35029000.000000
2019-05-16,20.063999,20.938999,19.744400,20.204000,32752000.000000
2019-05-17,19.862000,20.261000,19.604500,19.802000,14971000.000000
2019-05-20,19.316999,20.152000,19.055000,19.816999,13900000.000000
2019-05-21,20.004999,20.775999,19.809999,19.903000,17819000.000000
2019-05-22,19.712999,20.599001,19.700001,19.889999,12670000.000000
2019-05-23,19.600000,19.799999,19.225000,19.528999,14847000.000000
2019-05-24,19.750000,19.974001,19.378000,19.590000,12202000.000000
2019-05-28,19.695000,20.362000,19.622999,20.209000,16896000.000000
2019-05-29,20.200001,20.472000,19.900000,20.145000,15192000.000000
2019-05-30,20.302000,20.444000,20.018000,20.188999,11554000.000000
2019-05-31,19.799999,20.160999,19.601000,19.881001,9883000.000000
2019-06-03,19.987000,20.270000,19.600000,19.742001,17046000.000000
2019-06-04,20.084000,22.337000,20.049999,22.291000,30842000.000000
2019-06-05,22.458000,23.400000,22.458000,23.230000,27099000.000000
2019-06-06,23.299999,23.802799,22.436001,23.726000,19792000.000000
2019-06-07,23.900000,25.000000,23.801001,24.504000,19434000.000000
2019-06-10,24.936001,25.712999,24.747999,24.988001,18224000.000000
2019-06-11,25.362000,25.549000,24.587000,24.936001,15235000.000000
2019-06-12,23.740000,24.579000,23.165001,24.219999,25271000.000000
2019-06-13,24.285000,24.899000,24.221001,24.688000,10809000.000000
2019-06-14,24.364000,24.688000,24.076000,24.493999,11232000.000000
2019-06-17,24.653000,25.393000,24.617001,24.811001,9853000.000000
2019-06-18,25.257000,25.549999,24.450001,24.518000,10622000.000000
2019-06-19,24.754000,25.171000,24.389999,25.129999,8149000.000000
2019-06-20,25.500000,25.799500,24.730000,25.108999,11310000.000000
2019-06-21,24.905001,25.020800,23.771999,24.134001,16360000.000000
2019-06-24,24.200001,24.290001,23.147900,23.429001,12324000.000000
2019-06-25,23.450001,23.691999,22.507999,22.688000,11136000.000000
2019-06-26,23.224001,23.474001,22.377001,22.594999,12126000.000000
2019-06-27,22.611000,23.292999,22.566000,23.145000,7733000.000000
2019-06-28,23.450001,23.450001,22.671499,22.778000,47733000.000000
2019-07-01,23.600000,23.940001,22.969000,23.377001,12103000.000000
2019-07-02,22.909000,23.438000,22.580000,23.421000,13069000.000000
2019-07-03,23.431000,23.517500,22.974001,23.382999,5304000.000000
2019-07-05,23.167000,23.923500,22.882999,23.777000,9273000.000000
2019-07-08,23.570000,24.214001,23.459999,23.968000,10450000.000000
2019-07-09,23.879000,24.169001,23.542101,24.117001,11965000.000000
2019-07-10,24.343000,24.755400,23.910999,23.943001,10754000.000000
2019-07-11,24.150000,24.302999,23.839001,24.079000,5303000.000000
2019-07-12,24.143999,24.542000,23.725000,24.405001,8476000.000000
2019-07-15,24.458000,24.968000,24.216000,24.816000,8393000.000000
2019-07-16,24.801001,24.933300,24.148300,24.354000,6871000.000000
2019-07-17,24.405001,24.775999,24.216000,24.417999,7252000.000000
2019-07-18,23.969999,24.250000,22.862000,24.156000,20381000.000000
2019-07-19,24.399000,24.450001,23.518999,23.531000,8236000.000000
2019-07-22,23.603001,25.186001,23.531500,24.903000,14512000.000000
2019-07-23,25.070000,25.103001,24.128000,24.542999,10357000.000000
2019-07-24,23.930000,24.889000,23.680000,24.837999,12709000.000000
2019-07-25,24.801001,25.765600,24.500000,25.521999,12251000.000000
2019-07-26,25.733999,27.971001,25.733999,27.855000,26299000.000000
2019-07-29,27.900000,27.921000,25.701000,26.035999,28331000.000000
2019-07-30,25.684000,26.925600,25.451900,26.513000,13308000.000000
2019-07-31,26.639999,27.153000,26.028000,26.330999,11908000.000000
2019-08-01,26.438999,27.434099,26.228001,26.464001,13278000.000000
2019-08-02,26.264000,26.798000,25.542999,26.098000,11949000.000000
2019-08-05,25.000000,25.549299,24.531000,24.978001,19902000.000000
2019-08-06,25.513000,26.049999,24.549999,25.187000,12737000.000000
2019-08-07,24.813000,25.940001,24.702200,25.723000,9988000.000000
2019-08-08,26.250000,27.391001,26.100000,27.367001,33750000.000000
2019-08-09,27.160000,28.951000,26.733999,27.194000,35699000.000000
2019-08-12,27.115000,27.184000,25.350000,25.507999,21649000.000000
2019-08-13,25.459999,26.600000,25.242001,26.464001,19415000.000000
2019-08-14,25.604000,25.900000,24.709999,25.039000,16920000.000000
2019-08-15,25.059000,25.386000,24.240999,24.351999,15060000.000000
2019-08-16,24.705999,25.229000,24.202999,24.862000,10849000.000000
2019-08-19,25.379000,25.538000,24.266001,24.292000,13760000.000000
2019-08-20,24.284000,25.278999,23.900999,25.011999,13919000.000000
2019-08-21,25.475000,26.458000,25.202101,26.011000,16601000.000000
2019-08-22,25.905001,26.461000,25.587000,25.983999,19031000.000000
2019-08-23,25.879999,26.565001,24.514000,24.643000,14746000.000000
2019-08-26,25.156000,25.198000,24.340000,25.086000,12074000.000000
2019-08-27,25.318001,25.603399,24.266001,24.611000,9428000.000000
2019-08-28,24.415001,25.033001,24.051001,24.839001,7077000.000000
2019-08-29,25.224001,25.500000,24.839001,25.007000,8729000.000000
2019-08-30,25.180000,25.246000,24.056200,24.577000,7969000.000000
2019-09-03,24.212999,24.590000,23.400000,23.497999,12633000.000000
2019-09-04,23.975000,24.368999,23.813000,24.018999,9886000.000000
2019-09-05,24.436001,24.520000,23.662001,24.371000,9300000.000000
2019-09-06,24.393999,24.548000,23.268999,23.313000,9927000.000000
2019-09-09,23.514000,23.548401,20.825001,21.367001,35075000.000000
2019-09-10,20.830999,21.767000,20.629000,21.006001,23526000.000000
2019-09-11,21.100000,21.493000,20.851000,21.171000,15009000.000000
2019-09-12,21.378000,21.962601,21.257401,21.389000,12109000.000000
2019-09-13,21.301001,21.379000,20.671000,20.749001,13563000.000000
2019-09-16,20.421000,21.197001,20.299999,21.084999,8463000.000000
2019-09-17,21.063999,21.737000,20.914000,21.325001,9188000.000000
2019-09-18,21.280001,21.600000,20.445000,20.812000,14859000.000000
2019-09-19,20.952000,21.334999,20.709999,21.038000,10807000.000000
2019-09-20,21.233999,21.448999,20.075001,20.705000,18064000.000000
2019-09-23,20.599001,20.976999,20.063000,20.292000,13011000.000000
2019-09-24,20.500000,20.583200,19.010000,19.261000,25223000.000000
2019-09-25,19.115000,19.511000,18.340000,19.458000,27955000.000000
2019-09-26,19.698999,19.936001,19.134001,19.440001,12780000.000000
2019-09-27,19.452999,19.693001,18.073000,18.476000,19842000.000000
2019-09-30,18.518000,18.947001,18.009600,18.754999,13713000.000000
2019-10-01,18.801001,18.985001,18.271000,18.358999,13767000.000000
2019-10-02,18.084000,18.716000,18.038000,18.399000,12949000.000000
2019-10-03,18.419001,19.113501,18.068001,18.959000,13376000.000000
2019-10-04,19.150000,19.368999,18.525999,18.775000,13315000.000000
2019-10-07,18.782000,19.544001,18.775000,19.403999,15399000.000000
2019-10-08,19.181999,19.364000,18.870001,19.044001,12829000.000000
2019-10-09,19.268000,19.428600,18.865999,19.103001,6647000.000000
2019-10-10,18.995001,19.361000,18.542999,18.565001,11117000.000000
2019-10-11,19.320999,20.190001,19.070999,19.843000,26318000.000000
2019-10-14,19.798000,20.155500,19.673000,20.129000,8143000.000000
2019-10-15,20.267000,21.218000,20.267000,21.200001,17277000.000000
2019-10-16,20.820000,20.990000,19.525000,19.584000,24626000.000000
2019-10-17,19.728001,20.308001,19.231001,20.149000,11459000.000000
2019-10-18,20.120001,20.234600,18.625999,19.481001,20221000.000000
2019-10-21,19.615999,20.476999,19.570999,20.084000,9292000.000000
2019-10-22,20.209000,20.243999,18.870001,18.981001,13326000.000000
2019-10-23,18.950001,19.620001,18.903999,19.211000,10535000.000000
2019-10-24,19.492001,19.750000,18.722000,19.697001,16046000.000000
2019-10-25,19.539000,20.379999,19.167999,20.261999,15090000.000000
2019-10-28,20.527000,21.665001,20.052000,20.997000,30062000.000000
2019-10-29,20.969999,21.172001,20.353001,20.731001,9148000.000000
2019-10-30,20.865000,21.065001,20.573400,20.966000,7060000.000000
2019-10-31,20.993000,21.134001,20.025000,20.080000,11339000.000000
2019-11-01,20.271000,20.688000,20.104000,20.309999,10015000.000000
2019-11-04,20.549999,20.759001,19.733999,20.289000,12275000.000000
2019-11-05,20.358999,20.455999,19.860001,19.952999,10132000.000000
2019-11-06,20.125999,20.148001,19.177999,19.441999,13927000.000000
2019-11-07,19.319000,19.500000,18.719000,19.275000,33248000.000000
2019-11-08,18.864000,20.430000,18.590000,19.552999,37055000.000000
2019-11-11,19.212000,21.778000,19.100000,21.701000,34273000.000000
2019-11-12,21.799999,22.837000,21.518999,22.385000,31951000.000000
2019-11-13,22.257999,22.936001,22.120001,22.885000,14007000.000000
2019-11-14,22.799999,23.124001,22.430000,22.808001,12164000.000000
2019-11-15,22.903000,23.337999,22.719000,22.915001,10436000.000000
2019-11-18,22.812000,23.497999,22.751499,23.174999,9770000.000000
2019-11-19,23.267000,23.708000,22.900000,23.646999,11873000.000000
2019-11-20,23.600000,24.311001,23.507000,24.047001,13423000.000000
2019-11-21,24.121000,24.596001,23.987000,24.007000,10852000.000000
2019-11-22,24.125000,24.518999,23.958000,24.371000,10149000.000000
2019-11-25,24.600000,25.739000,24.502001,25.688999,16755000.000000
2019-11-26,25.700001,26.431999,25.608999,26.330000,19168000.000000
2019-11-27,26.350000,26.709999,26.042000,26.517000,9540000.000000
2019-11-29,26.363001,26.764000,26.243999,26.334000,4836000.000000
2019-12-02,26.112000,26.250000,22.719000,22.739000,37869000.000000
2019-12-03,22.105000,23.868000,22.051001,23.750999,20391000.000000
2019-12-04,24.010000,24.676500,23.612000,24.414000,15977000.000000
2019-12-05,24.500000,24.586000,23.650000,24.042000,10176000.000000
2019-12-06,25.556999,25.740000,24.572001,24.735001,19711000.000000
2019-12-09,24.735001,25.394800,24.636000,24.948999,10104000.000000
2019-12-10,24.948000,25.271999,24.745001,25.007000,8868000.000000
2019-12-11,25.173000,25.250000,24.424999,25.048000,14038000.000000
2019-12-12,24.920000,25.200001,24.122999,24.639999,13373000.000000
2019-12-13,24.598000,25.600000,24.520800,25.245001,15525000.000000
2019-12-16,25.434000,25.923000,25.062000,25.384001,15400000.000000
2019-12-17,25.548000,25.548000,24.776501,25.003000,11039000.000000
2019-12-18,24.924999,25.982901,24.910000,25.312000,13727000.000000
2019-12-19,25.552999,26.451000,25.480600,26.271000,15611000.000000
2019-12-20,26.438999,26.497000,25.909000,26.375000,11889000.000000
2019-12-23,26.593000,27.462400,26.430000,26.865000,19460000.000000
2019-12-24,26.900000,27.099001,26.334000,26.799999,6200000.000000
2019-12-26,26.900000,27.886000,26.900000,27.351000,20552000.000000
2019-12-27,27.586000,27.780001,27.052000,27.235001,11142000.000000
2019-12-30,27.207001,27.224001,25.129999,25.271999,28854000.000000
2019-12-31,24.910999,26.061899,24.620001,25.978001,19646000.000000
2020-01-02,26.351999,27.212799,26.105499,27.145000,22197000.000000
2020-01-03,26.475000,27.339001,26.224001,27.191000,13736000.000000
2020-01-06,26.701000,28.007000,26.601000,27.791000,18238000.000000
2020-01-07,27.903999,28.559999,27.429001,28.028000,21999000.000000
2020-01-08,28.028000,28.929001,27.914000,28.520000,20523000.000000
2020-01-09,29.101000,29.141001,28.070999,28.664000,20672000.000000
2020-01-10,28.584999,28.610001,27.600000,27.775999,19620000.000000
2020-01-13,28.141001,29.389999,27.900400,28.816999,23046000.000000
2020-01-14,28.979000,29.370001,27.979000,28.416000,18658000.000000
2020-01-15,28.260000,29.073999,28.250000,28.480000,14693000.000000
2020-01-16,28.632999,28.844999,27.903000,28.100000,15080000.000000
2020-01-17,28.358999,28.563000,27.708000,28.094999,18731000.000000
2020-01-21,28.094999,28.882000,27.664000,28.002001,15690000.000000
2020-01-22,28.389000,28.815001,28.112000,28.222500,12679000.000000
2020-01-23,28.224001,28.224001,27.121000,28.039000,10772000.000000
2020-01-24,28.330000,28.660000,27.691000,28.017000,13925000.000000
2020-01-27,26.941000,27.708599,26.489000,27.323000,23745000.000000
2020-01-28,27.500999,28.414000,27.387600,28.179001,21851000.000000
2020-01-29,28.403999,28.497000,27.989000,28.103001,12249000.000000
2020-01-30,27.740999,28.103001,27.225000,27.764000,14851000.000000
2020-01-31,27.846001,27.900000,26.600000,26.917999,15751000.000000
2020-02-03,26.806999,27.531300,26.600000,27.402000,17840000.000000
2020-02-04,27.955999,30.608999,27.950001,30.313000,25938000.000000
2020-02-05,30.959000,31.399300,28.268999,28.752001,28377000.000000
2020-02-06,28.893999,29.546000,28.375999,28.871000,14216000.000000
2020-02-07,28.822001,29.825001,28.621000,29.132999,15811000.000000
2020-02-10,29.153000,29.974001,29.103001,29.811001,9970000.000000
2020-02-11,30.100000,30.351999,29.323000,29.639999,20218000.000000
2020-02-12,30.049999,30.767000,29.479200,30.479000,19197000.000000
2020-02-13,30.052000,30.777000,29.909000,30.657000,7956000.000000
2020-02-14,30.962999,31.368000,30.299999,30.530001,12044000.000000
2020-02-18,30.600000,31.149000,30.415800,30.844000,11614000.000000
2020-02-19,31.209999,31.825001,30.850000,31.542999,19120000.000000
2020-02-20,31.486000,32.377998,30.264999,31.145000,21514000.000000
2020-02-21,30.900000,31.200001,29.700001,30.190001,13401000.000000
2020-02-24,27.799999,28.898001,26.910999,28.320999,20997000.000000
2020-02-25,29.046000,29.165701,27.052000,27.351000,18786000.000000
2020-02-26,27.350000,28.288000,26.301001,26.690001,18754000.000000
2020-02-27,25.315001,26.179001,24.146000,25.000999,33457000.000000
2020-02-28,26.469999,28.763000,25.750000,28.725000,52216000.000000
2020-03-02,29.551001,29.750000,27.502001,28.811001,30320000.000000
2020-03-03,28.635000,29.080000,27.309999,27.767000,20810000.000000
2020-03-04,28.433001,28.600000,26.650000,27.497000,17685000.000000
2020-03-05,26.805000,27.758200,26.624001,27.117001,14001000.000000
2020-03-06,26.499001,26.592600,24.588499,25.294001,22486000.000000
2020-03-09,22.576000,23.797001,21.599001,21.653999,29419000.000000
2020-03-10,23.023001,23.636999,21.122000,23.570000,26180000.000000
2020-03-11,22.700001,23.600000,21.752899,22.393999,21542000.000000
2020-03-12,20.049999,20.997000,19.100000,19.264999,30180000.000000
2020-03-13,20.900000,20.900000,18.401300,20.000000,23602000.000000
2020-03-16,17.599001,18.230000,16.049000,16.049000,27825000.000000
2020-03-17,16.500000,18.344999,15.305000,17.000000,26163000.000000
2020-03-18,15.700000,16.500000,13.901000,14.439000,31626000.000000
2020-03-19,14.620000,17.000000,13.600000,16.743999,31830000.000000
2020-03-20,17.320999,18.943001,16.875999,17.000000,31360000.000000
2020-03-23,17.069000,17.969999,16.000000,17.667000,20168000.000000
2020-03-24,19.216999,20.198000,18.799999,19.400000,23940000.000000
2020-03-25,19.957001,20.724001,18.111000,19.694000,28768000.000000
2020-03-26,19.823000,21.495199,19.823000,20.905001,17430000.000000
2020-03-27,19.950001,20.658001,19.049999,19.969000,15251000.000000
2020-03-30,19.697001,20.201099,19.069000,19.750999,17093000.000000
2020-03-31,19.610001,20.100000,18.851900,19.299999,19276000.000000
2020-04-01,18.490000,18.686001,17.020000,17.230000,20772000.000000
2020-04-02,17.000000,17.438999,16.027000,16.478001,21000000.000000
2020-04-03,16.577999,16.850000,15.350000,16.039000,21384000.000000
2020-04-06,16.950001,19.049000,16.629000,19.004999,31106000.000000
2020-04-07,20.500000,21.098000,19.028999,19.134001,23772000.000000
2020-04-08,19.704000,20.899000,19.560900,20.735001,18004000.000000
2020-04-09,21.700001,22.561199,20.726999,21.375999,24676000.000000
2020-04-13,21.535000,21.993999,20.655001,21.862000,17023000.000000
2020-04-14,23.187000,24.000000,22.614401,23.341000,20471000.000000
2020-04-15,22.450001,23.100000,22.100000,22.656000,13492000.000000
2020-04-16,23.025000,23.416000,21.702000,22.073000,19971000.000000
2020-04-17,23.122000,23.174999,22.123699,22.851999,16451000.000000
2020-04-20,22.424000,24.570000,22.301001,23.299999,21194000.000000
2020-04-21,22.959999,23.385000,21.250000,21.615000,19549000.000000
2020-04-22,22.690001,24.489000,22.600000,24.419001,22085000.000000
2020-04-23,25.002001,26.632000,24.804600,25.396999,33668000.000000
2020-04-24,25.500000,25.924400,24.841999,25.663000,16929000.000000
2020-04-27,26.330000,26.878000,26.055000,26.316999,16954000.000000
2020-04-28,26.954000,27.069000,25.207399,25.794001,16849000.000000
2020-04-29,26.829000,29.500000,26.733101,29.419001,31871000.000000
2020-04-30,29.573000,30.604000,28.847000,29.257999,27146000.000000
2020-05-01,28.209999,28.788000,27.209000,27.889999,23631000.000000
2020-05-04,27.422001,29.173000,27.214001,29.052000,18056000.000000
2020-05-05,30.000000,31.180000,29.663000,30.364000,25623000.000000
2020-05-06,30.434000,31.724001,30.353001,31.224001,33083000.000000
2020-05-07,32.150002,32.734798,31.301001,32.250000,30686000.000000
2020-05-08,29.930000,31.749001,29.028000,31.549999,52253000.000000
2020-05-11,30.695000,31.216000,30.069000,30.533001,29489000.000000
2020-05-12,30.754999,32.000000,30.329300,31.063999,26907000.000000
2020-05-13,31.252001,31.598000,28.534000,29.236000,35310000.000000
2020-05-14,28.451000,29.767000,27.900000,29.730000,19090000.000000
2020-05-15,29.150000,30.443001,29.049999,30.000999,13036000.000000
2020-05-18,31.048000,31.097000,29.535000,29.673000,18929000.000000
2020-05-19,29.902000,30.170000,29.351500,29.410000,13978000.000000
2020-05-20,30.145000,30.198999,29.200001,29.710501,13156000.000000
2020-05-21,29.641001,30.850000,29.173000,30.441999,18222000.000000
2020-05-22,30.726000,31.497601,30.247999,30.760000,15648000.000000
2020-05-26,31.475000,31.475000,29.822901,29.929001,15175000.000000
2020-05-27,29.850000,29.850000,26.900000,29.423000,27629000.000000
2020-05-28,29.143999,30.431000,29.062000,29.816999,14051000.000000
2020-05-29,30.059999,31.164000,29.910999,31.156000,33064000.000000
2020-06-01,31.016001,31.416000,30.513000,31.031000,10902000.000000
2020-06-02,31.000999,32.216999,30.525000,31.826000,23015000.000000
2020-06-03,32.000000,35.623600,31.745001,35.498001,38466000.000000
2020-06-04,35.101002,35.543999,33.342999,33.723999,22372000.000000
2020-06-05,33.700001,36.042000,33.299999,35.429001,22818000.000000
2020-06-08,35.630001,36.000000,34.835999,35.831001,14452000.000000
2020-06-09,35.514000,37.027000,35.346001,36.298000,12988000.000000
2020-06-10,36.500000,37.287998,36.178799,36.852001,13410000.000000
2020-06-11,35.230000,36.437000,34.501099,34.754002,18679000.000000
2020-06-12,36.099998,36.349998,34.304001,35.451000,13015000.000000
2020-06-15,34.555000,37.331001,34.500000,37.060001,21650000.000000
2020-06-16,37.735001,37.952000,36.748001,37.202999,17620000.000000
2020-06-17,37.666000,39.504200,37.313999,38.243999,18035000.000000
2020-06-18,38.255001,39.648998,38.103001,39.438999,17922000.000000
2020-06-19,40.000000,40.654999,39.099998,39.478001,16435000.000000
2020-06-22,40.398998,40.748001,39.869999,40.279999,14669000.000000
2020-06-23,40.900002,42.105999,40.362000,41.002998,15571000.000000
2020-06-24,40.900002,41.145000,38.804001,39.637001,18340000.000000
2020-06-25,39.216000,41.009998,38.847000,40.971001,14859000.000000
2020-06-26,41.028999,41.896999,39.377300,40.702999,28566000.000000
2020-06-29,40.589001,40.771702,39.130001,40.615002,17207000.000000
2020-06-30,40.740002,41.771000,40.418201,40.650002,17047000.000000
2020-07-01,40.708000,43.324001,40.694599,42.914001,22305000.000000
2020-07-02,43.674999,45.581001,43.529499,44.292999,22737000.000000
2020-07-06,46.151001,46.599499,44.110001,44.708000,28491000.000000
2020-07-07,44.500000,46.532001,44.400299,45.070999,12714000.000000
2020-07-08,45.922001,46.535999,45.555000,46.249001,12512000.000000
2020-07-09,47.000000,47.112000,44.401001,46.299999,18245000.000000
2020-07-10,46.115002,46.278999,45.069500,46.198002,9657000.000000
2020-07-13,46.863998,47.567001,42.223999,43.063000,22733000.000000
2020-07-14,42.898998,43.500000,40.799999,43.203999,21573000.000000
2020-07-15,43.776001,44.398998,42.480000,43.637001,14427000.000000
2020-07-16,42.772999,43.275002,42.112999,42.910999,12669000.000000
2020-07-17,43.080002,43.682999,42.507198,43.303001,7623000.000000
2020-07-20,43.575001,45.865002,43.216999,45.764999,12076000.000000
2020-07-21,46.000999,46.134998,44.220001,44.408001,9098000.000000
2020-07-22,44.530998,45.398998,43.913101,44.332001,5868000.000000
2020-07-23,44.099998,45.150002,41.901001,42.438999,12993000.000000
2020-07-24,41.396000,43.340000,40.400002,42.606998,9772000.000000
2020-07-27,43.006001,43.424000,41.709000,43.216000,9015000.000000
2020-07-28,43.007000,43.570999,41.900002,41.945999,7634000.000000
2020-07-29,42.588001,43.210999,42.200001,42.784000,7012000.000000
2020-07-30,42.391998,43.290001,42.177799,43.028999,5819000.000000
2020-07-31,43.960999,45.200001,43.730000,45.132000,16618000.000000
2020-08-03,45.599998,47.820000,45.500999,47.532001,12921000.000000
2020-08-04,47.469002,48.363899,46.660400,48.111000,8199000.000000
2020-08-05,48.110001,50.000000,48.075901,49.598999,10525000.000000
2020-08-06,49.293499,49.410000,47.049999,48.075001,21366000.000000
2020-08-07,49.602001,51.000000,47.799999,49.320000,24080000.000000
2020-08-10,49.084999,49.337002,45.655998,46.573002,19588000.000000
2020-08-11,45.518002,46.339100,44.453999,44.564999,17237000.000000
2020-08-12,44.995899,46.748001,44.995899,46.002998,10050000.000000
2020-08-13,46.505001,48.186501,46.331001,47.183998,10381000.000000
2020-08-14,47.500000,48.078999,46.244999,46.560001,10328000.000000
2020-08-17,47.243999,47.700001,46.900002,47.485001,5810000.000000
2020-08-18,47.750000,48.400002,46.700001,46.908001,5493000.000000
2020-08-19,46.900002,47.055000,45.761002,46.401001,6083000.000000
2020-08-20,45.999001,47.209000,45.799999,47.026001,5436000.000000
2020-08-21,46.840000,47.401001,46.132000,46.178001,5789000.000000
2020-08-24,46.768799,47.474998,46.333000,46.666000,8367000.000000
2020-08-25,46.346001,47.077999,45.924000,46.990002,5994000.000000
2020-08-26,47.345001,49.099998,47.345001,48.104000,9380000.000000
2020-08-27,47.986000,48.487598,46.547001,47.410000,8800000.000000
2020-08-28,47.608002,49.473701,47.460999,48.570000,9950000.000000
2020-08-31,48.619999,49.034000,47.526001,48.130001,6211000.000000
2020-09-01,48.666000,50.223999,48.400002,50.139000,8185000.000000
2020-09-02,51.209999,51.520000,47.848499,51.500500,17285000.000000
2020-09-03,49.553200,50.016998,45.799999,46.465000,15207000.000000
2020-09-04,45.624001,46.762001,41.123001,44.125999,23417000.000000
2020-09-08,41.700001,43.980000,41.200001,42.008999,9198000.000000
2020-09-09,43.411701,43.971001,42.306000,43.304001,9473000.000000
2020-09-10,44.099998,45.368000,42.511002,42.710999,8801000.000000
2020-09-11,43.216000,43.586899,40.853001,41.863998,7193000.000000
2020-09-14,42.645000,43.254002,42.037998,42.750999,5656000.000000
2020-09-15,44.207001,44.900002,43.439999,44.529999,8201000.000000
2020-09-16,44.453999,45.750900,44.040501,44.131001,11311000.000000
2020-09-17,42.300999,42.948002,41.305500,42.876999,14576000.000000
2020-09-18,43.419998,43.819000,42.391998,43.575001,13714000.000000
2020-09-21,42.351002,46.248001,42.296101,46.154999,13347000.000000
2020-09-22,46.695499,46.876999,45.016998,46.771999,9679000.000000
2020-09-23,46.537998,47.249001,45.572498,45.727001,6858000.000000
2020-09-24,44.957001,46.020699,43.716999,45.320000,8627000.000000
2020-09-25,45.582001,47.620399,44.827000,47.317001,7129000.000000
2020-09-28,48.004002,48.865002,47.700001,48.763000,5780000.000000
2020-09-29,48.852001,50.674999,48.838001,49.830002,12273000.000000
2020-09-30,49.660999,52.038502,49.500999,51.877998,10812000.000000
2020-10-01,52.999001,55.674500,52.601002,55.516998,16664000.000000
2020-10-02,53.595001,56.993000,53.234001,55.647999,13515000.000000
2020-10-05,56.662998,57.549000,56.227001,57.390999,7731000.000000
2020-10-06,57.299999,59.750000,57.275002,58.525002,11523000.000000
2020-10-07,59.499001,60.840000,58.629002,59.342999,12044000.000000
2020-10-08,60.348999,60.770000,59.216999,60.555000,7004000.000000
2020-10-09,60.401001,62.089001,60.209999,61.311001,9021000.000000
2020-10-12,62.199001,62.865002,61.004002,62.666000,7618000.000000
2020-10-13,62.466000,65.264999,62.340000,65.071999,8239000.000000
2020-10-14,66.699997,67.500000,64.207497,65.396004,16800000.000000
2020-10-15,62.400002,63.210999,59.632000,60.000999,23620000.000000
2020-10-16,61.222000,61.797001,59.722000,60.500000,13654000.000000
2020-10-19,60.859001,62.776001,60.682999,61.828999,8369000.000000
2020-10-20,62.401001,62.962002,61.028099,61.229000,6107000.000000
2020-10-21,62.270000,64.599998,61.709999,62.466999,10400000.000000
2020-10-22,62.308998,62.675999,60.168201,60.691002,7806000.000000
2020-10-23,61.150002,62.049999,59.604198,61.991001,6213000.000000
2020-10-26,61.196999,63.139999,59.625000,60.832001,5480000.000000
2020-10-27,61.499001,62.138000,60.666000,61.335999,4666000.000000
2020-10-28,60.020000,60.119598,58.537998,59.648998,6019000.000000
2020-10-29,60.308998,62.398998,59.976002,61.798000,5631000.000000
2020-10-30,61.208000,61.674400,56.213001,56.645000,10829000.000000
2020-11-02,57.153999,57.160000,54.346001,55.916000,8701000.000000
2020-11-03,56.500999,58.950001,56.047001,58.608002,6101000.000000
2020-11-04,61.000000,64.794998,60.601002,63.242001,12172000.000000
2020-11-05,65.162003,66.437500,64.226997,64.730003,14041000.000000
2020-11-06,73.140999,84.750000,72.529999,81.933998,44645000.000000
2020-11-09,80.000000,81.933998,75.905998,76.137001,16339000.000000
2020-11-10,76.500000,76.997498,69.736000,70.727997,16537000.000000
2020-11-11,72.650002,74.888000,71.255997,74.204002,11846000.000000
2020-11-12,74.544998,76.192001,73.629997,74.000000,6035000.000000
2020-11-13,74.599998,75.373001,72.306999,73.476997,6287000.000000
2020-11-16,72.000999,74.934998,71.437500,74.612999,8525000.000000
2020-11-17,75.343002,79.609001,74.704002,79.505997,11543000.000000
2020-11-18,78.650002,80.402000,76.650002,77.241997,7318000.000000
2020-11-19,77.596001,82.344002,77.444000,80.592003,10220000.000000
2020-11-20,80.888000,83.702499,80.651001,82.699997,7539000.000000
2020-11-23,84.099998,84.330200,81.671997,83.964996,9135000.000000
2020-11-24,83.749001,85.873001,82.952003,84.410004,7922000.000000
2020-11-25,84.800003,86.823303,84.417000,86.226997,5930000.000000
2020-11-27,87.036003,87.972000,85.996002,87.309998,4266000.000000
2020-11-30,88.000000,90.427002,85.750000,90.107002,9661000.000000
2020-12-01,90.405998,90.500000,87.527000,89.013000,7612000.000000
2020-12-02,87.099998,87.682701,85.167000,86.692001,6233000.000000
2020-12-03,87.206001,89.875999,87.099998,88.718002,4965000.000000
2020-12-04,89.220001,91.200996,88.875000,90.377998,5054000.000000
2020-12-07,90.700996,91.500000,89.650002,91.263000,3835000.000000
2020-12-08,91.000000,92.219002,90.741997,91.500000,3775000.000000
2020-12-09,91.867996,93.457001,87.248001,88.526001,9023000.000000
2020-12-10,87.616997,91.954002,87.102501,91.758003,5446000.000000
2020-12-11,91.567001,93.000000,90.400002,92.613998,5075000.000000
2020-12-14,92.900002,93.299500,90.382004,92.241997,5767000.000000
2020-12-15,92.325996,94.792000,92.324997,93.313004,7330000.000000
2020-12-16,92.795998,94.180000,91.220001,93.972000,5168000.000000
2020-12-17,94.500000,95.449997,93.550003,94.239998,4260000.000000
2020-12-18,94.995003,95.907997,93.725998,95.150002,6252000.000000
2020-12-21,93.800003,96.339996,92.127998,93.553001,7537000.000000
2020-12-22,94.225998,97.279999,93.176498,97.112000,5960000.000000
2020-12-23,96.900002,97.000000,92.191002,92.399002,8183000.000000
2020-12-24,93.010002,94.344002,92.900002,93.177002,3181000.000000
2020-12-28,94.167999,94.167999,83.017998,83.262001,23085000.000000
2020-12-29,84.015999,84.030998,79.606003,82.028999,15876000.000000
2020-12-30,82.099998,83.400002,80.779999,81.800003,13649000.000000
2020-12-31,82.300003,82.300003,79.824997,80.099998,7900000.000000
2021-01-04,80.599998,80.650002,75.599998,77.343002,12177000.000000
2021-01-05,77.676003,80.000000,77.199203,78.853996,8202000.000000
2021-01-06,76.665398,77.278000,73.833000,74.060997,14599000.000000
2021-01-07,75.500000,76.450401,74.050499,76.303001,14377000.000000
2021-01-08,77.198997,80.193398,76.300003,79.581001,10808000.000000
2021-01-11,77.600998,79.859497,76.599998,77.929001,6510000.000000
2021-01-12,78.883003,81.458298,78.301003,80.559998,7891000.000000
2021-01-13,81.099998,81.599998,78.351997,78.544998,6738000.000000
2021-01-14,79.165001,79.978996,77.152298,77.529999,6386000.000000
2021-01-15,77.529999,79.116997,76.716698,78.536003,5218000.000000
2021-01-19,79.226997,79.615997,76.599998,78.061996,6422000.000000
2021-01-20,78.705002,81.498001,78.000000,81.098999,6973000.000000
2021-01-21,83.390999,83.928001,81.237999,81.303001,7616000.000000
2021-01-22,81.169998,82.099998,80.000000,81.295998,3781000.000000
2021-01-25,81.714996,82.643997,76.600304,78.558998,7658000.000000
2021-01-26,79.300003,79.514999,77.223000,77.628998,4511000.000000
2021-01-27,75.900002,77.940002,73.112000,75.629997,7074000.000000
2021-01-28,77.499496,80.397301,76.800003,79.452003,7933000.000000
2021-01-29,78.656998,79.792000,75.365799,76.598999,5824000.000000
2021-02-01,78.247002,79.944000,77.110001,79.320999,6812000.000000
2021-02-02,81.000000,83.500000,80.639999,83.144997,6527000.000000
2021-02-03,85.000999,87.514000,83.728996,83.915001,8364000.000000
2021-02-04,85.099998,85.981796,84.011902,85.402000,4105000.000000
2021-02-05,86.430603,87.142502,84.489998,85.505997,5764000.000000
2021-02-08,86.500000,87.801003,85.105003,85.231003,4854000.000000
2021-02-09,85.000000,87.000000,83.849998,86.460999,4265000.000000
2021-02-10,87.141998,87.823997,84.122101,86.192001,5360000.000000
2021-02-11,86.700996,87.056999,84.703003,86.683998,3960000.000000
2021-02-12,86.100998,87.415001,85.713997,86.400002,4074000.000000
2021-02-16,86.953003,88.089996,84.794998,86.898003,6879000.000000
2021-02-17,85.099998,85.653000,81.660004,84.442001,7628000.000000
2021-02-18,83.569000,84.989998,82.344002,84.650002,8884000.000000
2021-02-19,84.098999,92.112000,83.599998,90.334999,23760000.000000
2021-02-22,88.472000,90.217003,84.408997,84.522003,11643000.000000
2021-02-23,81.000000,81.000000,74.501404,79.109001,14834000.000000
2021-02-24,79.052002,79.389999,75.702003,78.103996,6837000.000000
2021-02-25,77.292999,79.599998,74.500000,75.459000,7966000.000000
2021-02-26,76.529999,81.272003,76.150002,80.539001,9060000.000000
2021-03-01,81.980003,83.400002,79.715698,83.234001,5125000.000000
2021-03-02,83.500000,83.500000,79.689003,79.791000,4627000.000000
2021-03-03,79.120003,79.168800,69.099998,69.593002,18668000.000000
2021-03-04,69.000999,69.499001,61.492001,64.015999,21327000.000000
2021-03-05,65.000000,66.500000,56.102001,65.417000,30282000.000000
2021-03-08,67.802002,72.338997,66.100998,67.893997,24636000.000000
2021-03-09,71.900002,72.777000,68.178001,71.931999,13768000.000000
2021-03-10,73.599998,74.917999,70.574997,72.261002,7753000.000000
2021-03-11,74.503998,75.903000,72.836998,75.650002,6744000.000000
2021-03-12,73.501999,75.324997,72.737999,75.122002,5833000.000000
2021-03-15,75.205002,76.199997,74.127998,75.825996,5480000.000000
2021-03-16,76.430000,80.500000,75.503098,76.891998,11218000.000000
2021-03-17,74.763000,77.971001,73.012901,77.151001,8103000.000000
2021-03-18,74.902000,75.314003,69.357002,70.010002,9635000.000000
2021-03-19,70.500000,73.800003,69.700996,73.320999,7993000.000000
2021-03-22,74.225403,75.299004,72.914001,74.084999,5633000.000000
2021-03-23,74.212997,75.000000,71.555000,72.431000,4746000.000000
2021-03-24,72.460999,72.544502,66.285500,66.806000,8322000.000000
2021-03-25,65.300003,66.542000,63.200001,65.337997,12676000.000000
2021-03-26,65.457001,67.642998,64.464996,67.121002,6772000.000000
2021-03-29,66.804001,67.698997,60.599998,61.257999,10003000.000000
2021-03-30,60.500999,63.154499,59.111000,62.588001,8824000.000000
2021-03-31,63.965000,66.456001,63.653999,65.166000,7273000.000000
2021-04-01,67.390999,68.335503,65.444000,65.884003,5643000.000000
2021-04-05,67.500000,67.500000,63.931000,65.318001,4160000.000000
2021-04-06,66.607498,68.056000,65.210999,66.962997,6996000.000000
2021-04-07,67.000000,68.497002,66.304001,67.787003,4720000.000000
2021-04-08,68.712997,70.219002,67.699997,69.040001,6782000.000000
2021-04-09,69.000000,69.625000,67.217003,69.255997,5835000.000000
2021-04-12,68.742996,71.856003,67.800003,70.585999,6075000.000000
2021-04-13,71.575996,73.500000,71.241402,72.296997,6079000.000000
2021-04-14,72.690002,73.608398,70.315002,71.610001,7662000.000000
2021-04-15,73.300003,74.287003,72.280998,73.500000,6002000.000000
2021-04-16,73.100998,73.400002,71.263000,71.886002,4994000.000000
2021-04-19,70.238998,71.774002,68.721001,69.547997,5953000.000000
2021-04-20,69.518997,69.949997,67.025002,68.607002,4711000.000000
2021-04-21,68.334000,70.797997,67.583504,70.726997,4135000.000000
2021-04-22,71.111000,72.799004,69.767998,70.023003,6987000.000000
2021-04-23,70.777000,73.080002,69.890999,72.649002,4460000.000000
2021-04-26,73.000000,75.180000,71.835999,74.764000,4315000.000000
2021-04-27,74.883003,75.599998,73.308998,74.862000,5373000.000000
2021-04-28,75.111000,75.889999,73.755997,74.637001,4003000.000000
2021-04-29,75.889000,76.866997,73.289001,74.898003,6907000.000000
2021-04-30,73.584000,75.451401,72.795998,72.931000,4556000.000000
2021-05-03,73.236000,73.574997,69.529999,70.155998,5019000.000000
2021-05-04,69.329201,69.329201,64.721100,66.654999,6144000.000000
2021-05-05,67.938004,67.938004,63.796001,63.914001,5312000.000000
2021-05-06,63.500000,64.431000,59.168999,61.230000,11225000.000000
2021-05-07,62.850201,66.702003,62.700001,66.142998,11327000.000000
2021-05-10,56.742001,56.789001,48.014999,48.959999,87309000.000000
2021-05-11,47.485500,51.553101,46.709999,51.435001,36805000.000000
2021-05-12,50.299999,52.125000,49.611000,50.476002,21363000.000000
2021-05-13,50.840000,51.730000,48.757000,49.349998,18577000.000000
2021-05-14,50.341999,52.426998,48.946999,51.749001,13961000.000000
2021-05-17,51.013000,51.900002,49.637199,50.764000,11669000.000000
2021-05-18,50.720001,52.147999,50.296902,50.849998,7280000.000000
2021-05-19,50.000000,50.910000,49.075001,50.910000,8642000.000000
2021-05-20,51.599998,54.598999,51.299999,54.330002,11388000.000000
2021-05-21,55.380199,55.500000,53.453701,53.972000,9425000.000000
2021-05-24,54.705002,56.220501,54.000000,55.556999,8550000.000000
2021-05-25,56.525002,56.666000,55.257999,56.129002,9358000.000000
2021-05-26,56.516998,58.597000,56.287998,58.146999,10411000.000000
2021-05-27,57.881001,59.020000,56.202999,58.458000,9121000.000000
2021-05-28,58.840000,59.500000,58.255501,58.813999,6430000.000000
2021-06-01,59.514999,60.273800,57.818401,58.310001,6463000.000000
2021-06-02,58.151001,58.806000,57.009998,58.188999,6689000.000000
2021-06-03,57.500999,57.840000,56.280998,56.796001,5820000.000000
2021-06-04,57.257000,58.491001,57.216000,57.474998,4894000.000000
2021-06-07,57.400002,60.243999,56.699001,59.985001,6899000.000000
2021-06-08,60.453999,62.804199,60.270699,60.487000,10906000.000000
2021-06-09,61.000000,61.366001,58.450001,58.529999,9337000.000000
2021-06-10,58.500000,59.165600,57.529999,59.027000,8994000.000000
2021-06-11,59.592999,60.759998,59.160999,59.980999,6114000.000000
2021-06-14,60.644001,61.552299,59.966999,60.155998,6242000.000000
2021-06-15,60.048000,60.094002,58.250000,58.576000,7733000.000000
2021-06-16,58.500000,60.099998,57.757000,59.020000,8644000.000000
2021-06-17,59.139999,63.340000,58.509998,62.139999,13050800.000000
2021-06-18,61.810001,62.700001,60.029999,60.880001,8938200.000000
2021-06-21,60.680000,62.249001,59.119999,61.259998,6057400.000000
2021-06-22,60.869999,64.779999,60.799999,64.500000,6670700.000000
2021-06-23,64.947998,65.980003,63.669998,65.389999,5735600.000000
2021-06-24,66.230003,77.970001,66.000000,75.879997,35328600.000000
2021-06-25,75.749001,78.699997,74.110001,76.019997,12332600.000000
2021-06-28,77.070000,80.589996,76.779999,79.889999,8575400.000000
2021-06-29,79.500000,81.250000,78.683998,79.970001,5378900.000000
2021-06-30,78.889999,78.989998,77.190002,77.360001,5376300.000000
2021-07-01,77.160004,77.650002,75.639999,76.680000,4121200.000000
2021-07-02,77.860001,78.830002,76.139999,76.620003,3093300.000000
2021-07-06,76.879997,77.781998,75.360001,76.559998,3775500.000000
2021-07-07,78.070000,81.889999,76.750000,77.639999,9143300.000000
2021-07-08,74.570000,77.570000,73.199997,76.110001,6485900.000000
2021-07-09,77.519997,78.739998,75.528999,77.949997,3663400.000000
2021-07-12,78.550003,79.417000,76.429001,77.849998,3240500.000000
2021-07-13,77.970001,79.169998,75.559998,76.500000,4259600.000000
2021-07-14,77.440002,78.228996,73.440002,73.629997,4875500.000000
2021-07-15,72.410004,74.599998,70.760002,71.989998,4643800.000000
2021-07-16,72.860001,72.864998,69.363998,70.620003,5164500.000000
2021-07-19,67.919998,71.449997,67.370003,70.940002,5635200.000000
2021-07-20,71.694000,73.830002,69.339996,73.000000,4596600.000000
2021-07-21,73.440002,74.410004,72.500000,74.150002,2759200.000000
2021-07-22,74.709999,75.300003,72.629997,74.110001,2651200.000000
2021-07-23,77.470001,82.660004,77.449997,81.150002,11687700.000000
2021-07-26,80.069000,81.906998,78.760002,81.449997,4875700.000000
2021-07-27,81.580002,84.980003,79.629997,82.680000,10167900.000000
2021-07-28,83.199997,86.150002,82.849998,85.559998,6587500.000000
2021-07-29,84.300003,85.970001,83.830002,84.099998,5015000.000000
2021-07-30,82.500000,83.849998,81.750000,81.910004,5072900.000000
2021-08-02,82.160004,84.059998,81.110001,83.190002,4491600.000000
2021-08-03,83.000000,84.614998,81.769997,83.160004,2874800.000000
2021-08-04,83.000000,86.690002,82.760002,86.440002,4350000.000000
2021-08-05,84.800003,86.260002,83.059998,83.379997,4785700.000000
2021-08-06,83.150002,84.989998,82.309998,84.040001,3502300.000000
2021-08-09,82.570000,83.879997,78.250000,81.320000,8622000.000000
2021-08-10,82.849998,90.000000,82.849998,87.529999,12900500.000000
2021-08-11,86.309998,86.660004,81.450996,82.400002,6665700.000000
2021-08-12,82.269997,85.750000,82.250000,85.610001,5309200.000000
2021-08-13,85.000000,85.000000,80.779999,80.910004,5839200.000000
2021-08-16,80.098000,80.500000,77.320000,78.959999,4698700.000000
2021-08-17,78.500000,79.690002,77.930000,79.260002,3754600.000000
2021-08-18,79.519997,80.000000,76.849998,76.900002,2683800.000000
2021-08-19,75.680000,77.550003,75.139999,75.790001,2841700.000000
2021-08-20,75.919998,77.489998,75.790001,77.180000,2150800.000000
2021-08-23,77.660004,79.769997,77.660004,79.389999,2116700.000000
2021-08-24,80.099998,81.980003,79.660004,80.620003,2766600.000000
2021-08-25,80.776001,80.989998,79.519997,80.059998,1804900.000000
2021-08-26,79.849998,81.050003,78.218002,78.419998,2024700.000000
2021-08-27,79.180000,80.980003,78.800003,80.580002,2494600.000000
2021-08-30,80.599998,81.970001,80.339996,80.709999,5011300.000000
2021-08-31,80.120003,81.019997,79.169998,80.050003,2713200.000000
2021-09-01,80.250000,80.699997,78.820000,79.510002,2523600.000000
2021-09-02,79.932999,80.000000,77.699997,78.019997,2817800.000000
2021-09-03,77.980003,78.978996,76.660004,78.199997,2415300.000000
2021-09-07,78.440002,78.440002,75.093002,75.279999,3543600.000000
2021-09-08,74.949997,75.019997,71.849998,72.300003,4783900.000000
2021-09-09,72.139999,73.599998,71.151001,72.820000,3447700.000000
2021-09-10,73.660004,74.459999,72.593002,72.779999,2619800.000000
2021-09-13,72.349998,72.389999,69.300003,71.199997,4137200.000000
2021-09-14,71.500000,72.730003,70.449997,70.830002,2881500.000000
2021-09-15,70.519997,71.019997,69.199997,70.820000,3011300.000000
2021-09-16,70.449997,73.400002,70.099998,73.199997,3244900.000000
2021-09-17,73.110001,74.099998,71.870003,72.580002,4109200.000000
2021-09-20,69.610001,71.309998,68.510002,69.709999,3316000.000000
2021-09-21,70.470001,72.739998,70.300003,72.139999,2878800.000000
2021-09-22,72.300003,75.830002,71.849998,75.580002,4015300.000000
2021-09-23,76.620003,77.230003,75.739998,76.400002,2756000.000000
2021-09-24,75.099998,76.589996,73.940002,76.459999,2252700.000000
2021-09-27,75.720001,75.949997,74.389999,75.790001,2396100.000000
2021-09-28,73.910004,74.250000,69.199997,69.269997,5598900.000000
2021-09-29,70.699997,70.989998,67.709999,67.809998,3416800.000000
2021-09-30,68.580002,70.910004,67.800003,70.300003,3745900.000000
2021-10-01,70.029999,70.760002,68.699997,70.419998,1971900.000000
2021-10-04,69.160004,69.320000,65.320000,66.029999,5402200.000000
2021-10-05,66.839996,68.389999,66.599998,67.599998,2692900.000000
2021-10-06,66.300003,69.589996,66.220001,68.290001,2604000.000000
2021-10-07,69.513000,71.070000,69.440002,70.419998,2650200.000000
2021-10-08,70.830002,71.985001,69.779999,71.000000,3482300.000000
2021-10-11,70.500000,72.199997,70.110001,70.720001,2048800.000000
2021-10-12,71.790001,73.370003,70.809998,72.750000,2702900.000000
2021-10-13,73.389999,75.940002,73.389999,75.720001,3857600.000000
2021-10-14,77.050003,79.169998,76.790001,77.089996,3545300.000000
2021-10-15,77.410004,78.940002,76.070000,78.459999,2850600.000000
2021-10-18,78.459999,81.099998,77.769997,80.820000,3106800.000000
2021-10-19,81.160004,82.720001,80.550003,81.410004,2973800.000000
2021-10-20,82.165001,82.989998,79.349998,79.559998,2523300.000000
2021-10-21,79.169998,81.389999,78.653000,81.059998,2566100.000000
2021-10-22,76.730003,78.339996,73.239998,73.959999,7445000.000000
2021-10-25,74.160004,76.650002,73.870003,76.110001,3049700.000000
2021-10-26,76.949997,78.400002,75.610001,76.779999,3023100.000000
2021-10-27,76.500000,77.690002,73.000000,73.050003,3940100.000000
2021-10-28,73.250000,75.750000,73.214996,75.430000,2337000.000000
2021-10-29,74.585999,76.040001,74.089996,74.910004,2332800.000000
2021-11-01,75.195000,76.680000,74.099998,76.489998,2631600.000000
2021-11-02,76.059998,76.349998,73.043999,75.040001,3255100.000000
2021-11-03,75.269997,76.860001,73.680000,76.709999,2718800.000000
2021-11-04,75.660004,75.660004,71.250000,72.430000,5337800.000000
2021-11-05,72.989998,72.989998,68.459999,68.550003,8623100.000000
2021-11-08,84.300003,89.760002,80.709999,88.750000,31558100.000000
2021-11-09,89.607002,98.199997,89.113998,97.089996,17242200.000000
2021-11-10,91.989998,95.870003,87.283997,88.660004,10017900.000000
2021-11-11,90.400002,92.559998,88.650002,91.550003,3865800.000000
2021-11-12,93.699997,100.589996,93.599998,100.330002,12305800.000000
2021-11-15,99.910004,108.519997,99.580002,105.449997,11751100.000000
2021-11-16,104.720001,111.820000,104.209999,111.639999,8831300.000000
2021-11-17,111.089996,114.089996,107.050003,107.500000,5411400.000000
2021-11-18,108.290001,110.303001,104.019997,105.470001,5715700.000000
2021-11-19,108.230003,110.629997,107.040001,107.790001,4363500.000000
2021-11-22,107.309998,107.790001,98.709999,103.269997,8108100.000000
2021-11-23,101.260002,105.690002,98.720001,102.739998,6011300.000000
2021-11-24,102.220001,106.459999,100.860001,106.209999,5319800.000000
2021-11-26,103.820000,108.489998,103.250000,103.980003,2548100.000000
2021-11-29,105.220001,108.199997,103.000000,107.059998,3165000.000000
2021-11-30,107.362999,110.866997,101.589996,103.419998,5772100.000000
2021-12-01,105.196999,105.853996,94.430000,95.220001,5195100.000000
2021-12-02,95.317001,98.779999,93.709999,95.889999,5205800.000000
2021-12-03,95.699997,95.754997,88.180000,89.510002,6010400.000000
2021-12-06,87.610001,91.820000,85.349998,89.629997,4806700.000000
2021-12-07,94.349998,97.588997,94.190002,95.720001,3919400.000000
2021-12-08,95.519997,99.000000,93.080002,97.900002,2607200.000000
2021-12-09,97.620003,99.497002,93.849998,94.510002,2535500.000000
2021-12-10,96.300003,98.305000,93.272003,94.059998,2643300.000000
2021-12-13,94.410004,95.209999,90.620003,92.500000,3059500.000000
2021-12-14,90.160004,91.400002,85.879997,88.330002,4165800.000000
2021-12-15,88.480003,92.160004,84.419998,91.430000,4469100.000000
2021-12-16,92.620003,92.699997,85.360001,87.110001,3559900.000000
2021-12-17,84.510002,90.180000,84.199997,89.989998,4019100.000000
2021-12-20,88.070000,89.150002,86.500000,88.040001,3936800.000000
2021-12-21,91.400002,93.750000,88.870003,93.529999,4251100.000000
2021-12-22,92.199997,94.139999,91.110001,93.489998,2401000.000000
2021-12-23,94.320000,96.620003,92.309998,96.050003,3079200.000000
2021-12-27,96.529999,98.599998,95.930000,97.680000,2118900.000000
2021-12-28,98.214996,98.214996,94.000000,94.790001,1894200.000000
2021-12-29,94.071999,94.550003,91.040001,92.570000,2085800.000000
2021-12-30,92.110001,95.550003,91.809998,94.269997,2244800.000000
2021-12-31,94.180000,94.849998,91.570000,91.639999,2294500.000000
2022-01-03,92.660004,93.260002,88.230003,90.110001,3735200.000000
2022-01-04,89.980003,90.849998,81.669998,85.360001,7467000.000000
2022-01-05,83.519997,84.480003,78.250000,79.639999,6571000.000000
2022-01-06,78.000000,81.000000,75.699997,76.930000,5358300.000000
2022-01-07,78.000000,82.400002,77.419998,78.940002,6380000.000000
2022-01-10,75.510002,81.279999,73.800003,81.000000,7083200.000000
2022-01-11,80.341003,85.849998,78.750000,84.879997,6040000.000000
2022-01-12,85.519997,87.680000,81.801003,82.389999,3478500.000000
2022-01-13,82.489998,82.595001,75.709999,75.760002,4193100.000000
2022-01-14,74.830002,76.430000,72.419998,75.470001,4793500.000000
2022-01-18,72.820000,74.889999,70.279999,71.000000,5549900.000000
2022-01-19,71.610001,72.480003,68.339996,69.000000,4991300.000000
2022-01-20,70.181999,72.339996,67.410004,67.730003,3941400.000000
2022-01-21,66.110001,66.690002,59.299999,59.450001,13187800.000000
2022-01-24,56.320000,65.489998,55.049999,65.330002,15942100.000000
2022-01-25,62.889999,65.480003,62.250000,62.669998,9275600.000000
2022-01-26,66.580002,66.989998,60.360001,61.459999,9489300.000000
2022-01-27,62.650002,64.449997,59.610001,60.169998,5788000.000000
2022-01-28,60.889999,64.099998,57.820000,63.599998,6200000.000000
2022-01-31,64.379997,69.680000,63.938000,69.540001,7080800.000000
2022-02-01,70.459999,71.300003,68.360001,71.089996,6232100.000000
2022-02-02,72.870003,74.324997,69.345001,70.010002,6771900.000000
2022-02-03,64.430000,68.250000,63.320000,65.839996,8252900.000000
2022-02-04,67.660004,73.305000,66.546997,73.040001,7950200.000000
2022-02-07,72.970001,76.699997,72.500000,73.570000,5984300.000000
2022-02-08,72.400002,76.760002,72.199997,76.489998,5551700.000000
2022-02-09,77.730003,80.010002,76.665001,79.940002,5499900.000000
2022-02-10,78.709999,85.080002,78.610001,82.139999,8586700.000000
2022-02-11,81.309998,83.330002,74.849998,76.300003,9431600.000000
2022-02-14,75.930000,79.370003,75.389999,76.510002,6342700.000000
2022-02-15,79.239998,80.849998,77.099998,80.519997,7196000.000000
2022-02-16,76.820000,81.773003,71.050003,80.910004,19244700.000000
2022-02-17,78.474998,83.669998,78.169998,79.410004,7533000.000000
2022-02-18,78.750000,81.389999,77.449997,78.050003,7191400.000000
2022-02-22,75.375000,79.397003,74.449997,74.800003,6140700.000000
2022-02-23,75.989998,76.629997,73.309998,74.120003,4995500.000000
2022-02-24,69.665001,83.220001,68.260002,82.820000,9859300.000000
2022-02-25,81.989998,84.449997,80.160004,83.629997,5456300.000000
2022-02-28,83.500000,86.879997,82.430000,85.320000,5525900.000000
2022-03-01,85.495003,86.239998,81.019997,82.080002,5086700.000000
2022-03-02,83.459999,83.459999,78.514999,82.260002,3598200.000000
2022-03-03,82.370003,82.919998,78.470001,79.279999,4114800.000000
2022-03-04,79.790001,81.190002,75.099998,75.660004,3690000.000000
2022-03-07,75.599998,76.820000,66.055000,66.110001,7883200.000000
2022-03-08,65.620003,65.699997,60.610001,62.349998,10640200.000000
2022-03-09,65.199997,67.400002,63.599998,66.400002,4988300.000000
2022-03-10,64.790001,65.150002,61.340000,63.029999,4812900.000000
2022-03-11,63.950001,63.950001,56.779999,56.799999,7767100.000000
2022-03-14,56.400002,56.889999,51.180000,52.480000,10391900.000000
2022-03-15,52.610001,54.430000,51.599998,53.869999,8935100.000000
2022-03-16,55.520000,60.770000,55.330002,60.310001,9222400.000000
2022-03-17,59.529999,65.675003,58.700001,65.410004,7499200.000000
2022-03-18,64.779999,68.989998,64.620003,68.809998,7960600.000000
2022-03-21,68.220001,69.410004,64.430000,66.959999,5576200.000000
2022-03-22,66.879997,69.315002,65.099998,67.750000,5148500.000000
2022-03-23,66.480003,70.089996,65.120003,66.639999,6276500.000000
2022-03-24,67.110001,68.540001,64.864998,68.400002,4053800.000000
2022-03-25,68.230003,68.760002,62.910000,65.449997,8411500.000000
2022-03-28,65.599998,69.129997,65.400002,68.889999,5542500.000000
2022-03-29,70.629997,73.955002,69.529999,73.330002,5641600.000000
2022-03-30,72.019997,74.050003,70.629997,71.629997,4682300.000000
2022-03-31,71.769997,72.279999,69.230003,69.250000,3089300.000000
2022-04-01,69.849998,75.349998,69.360001,72.330002,7051900.000000
2022-04-04,72.529999,75.980003,72.529999,75.220001,3640000.000000
2022-04-05,74.610001,75.349998,70.879997,71.970001,3470400.000000
2022-04-06,70.139999,70.779999,66.199997,67.730003,4597300.000000
2022-04-07,67.519997,69.980003,65.764999,68.559998,4167500.000000
2022-04-08,67.250000,69.293999,66.199997,67.790001,2898000.000000
2022-04-11,66.070000,68.478996,64.400002,67.199997,3433600.000000
2022-04-12,68.900002,70.620003,65.760002,65.839996,3244400.000000
2022-04-13,65.660004,67.879997,64.221001,67.010002,2805500.000000
2022-04-14,66.650002,67.040001,63.570000,63.580002,3693800.000000
2022-04-18,63.020000,63.639999,60.240002,62.029999,3197800.000000
2022-04-19,61.980000,67.709999,61.189999,66.889999,5730000.000000
2022-04-20,69.300003,71.599998,66.620003,66.919998,8277800.000000
2022-04-21,68.389999,69.820000,63.060001,63.470001,5747100.000000
2022-04-22,62.759998,64.489998,59.290001,59.439999,6086000.000000
2022-04-25,59.000000,63.130001,58.759998,63.020000,4150900.000000
2022-04-26,61.900002,62.610001,59.360001,59.570000,3352000.000000
2022-04-27,59.250000,62.250000,56.689999,57.029999,5188800.000000
2022-04-28,58.619999,61.855000,56.770000,60.799999,4798500.000000
2022-04-29,60.360001,63.799999,58.500000,58.919998,4340300.000000
2022-05-02,58.509998,62.119999,57.730000,62.080002,4501900.000000
2022-05-03,61.895000,63.160000,58.360001,60.299999,5955000.000000
2022-05-04,60.590000,62.790001,56.099998,62.490002,6284200.000000
2022-05-05,61.259998,61.700001,53.805000,55.160000,6786200.000000
2022-05-06,54.160000,54.470001,48.509998,48.919998,10956100.000000
2022-05-09,47.000000,47.779999,42.779999,44.990002,11856300.000000
2022-05-10,46.400002,47.200001,39.389999,43.750000,16025200.000000
2022-05-11,42.110001,44.840000,40.904999,43.340000,16938100.000000
2022-05-12,41.919998,46.959999,40.450001,44.840000,10645700.000000
2022-05-13,46.869999,52.150002,46.660000,51.919998,7664400.000000
2022-05-16,53.509998,54.400002,50.880001,50.970001,9444600.000000
2022-05-17,53.209999,54.889999,51.060001,53.369999,5087500.000000
2022-05-18,51.599998,54.639999,50.150002,50.779999,5962100.000000
2022-05-19,50.880001,54.980000,50.750000,53.680000,6511600.000000
2022-05-20,55.099998,55.279999,49.645000,52.639999,5568800.000000
2022-05-23,52.299999,53.000000,49.689999,52.500000,4245400.000000
2022-05-24,46.000000,46.250000,40.099998,42.779999,21153200.000000
2022-05-25,42.009998,46.705002,42.009998,46.330002,7976400.000000
2022-05-26,44.840000,49.750000,44.160000,49.029999,13548500.000000
2022-05-27,49.779999,52.509998,49.779999,52.490002,6251300.000000
2022-05-31,52.939999,53.889999,50.459999,52.049999,6116200.000000
2022-06-01,52.740002,54.977001,50.959999,51.560001,6043500.000000
2022-06-02,51.509998,55.139999,51.250000,54.610001,5068100.000000
2022-06-03,52.590000,53.849998,50.176998,51.150002,4895500.000000
2022-06-06,52.160000,53.310001,50.200001,52.660000,4820300.000000
2022-06-07,51.840000,53.480000,51.125000,53.209999,4570400.000000
2022-06-08,53.400002,55.860001,52.939999,54.709999,3432800.000000
2022-06-09,53.900002,54.349998,52.110001,52.509998,4557600.000000
2022-06-10,51.000000,52.060001,48.540001,49.270000,5022200.000000
2022-06-13,46.000000,47.639999,43.630001,45.580002,8091600.000000
2022-06-14,46.259998,47.430000,45.070000,45.400002,6104700.000000
2022-06-15,45.950001,49.178001,45.479000,48.139999,6395700.000000
2022-06-16,45.820000,47.619999,43.259998,44.230000,5427300.000000
2022-06-17,44.505001,47.610001,44.505001,46.299999,5562200.000000
2022-06-21,47.340000,49.660000,47.040001,47.060001,4939200.000000
2022-06-22,46.259998,47.990002,45.139999,45.380001,7202800.000000
2022-06-23,45.849998,47.860001,44.360001,47.470001,4822800.000000
2022-06-24,48.130001,49.660000,47.080002,49.490002,7069600.000000
2022-06-27,49.689999,50.200001,47.619999,47.840000,3572800.000000
2022-06-28,47.900002,48.919998,43.860001,44.150002,4147400.000000
2022-06-29,43.709999,44.160000,42.369999,43.340000,4006000.000000
2022-06-30,42.400002,42.799999,40.340000,41.889999,5452000.000000
2022-07-01,42.130001,42.520000,40.639999,41.660000,5334100.000000
2022-07-05,41.020000,44.450001,40.029999,44.290001,4205600.000000
2022-07-06,43.970001,45.259998,42.860001,42.990002,3913000.000000
2022-07-07,43.355000,45.930000,43.189999,45.529999,4759500.000000
2022-07-08,44.279999,46.810001,43.650002,45.630001,3544900.000000
2022-07-11,44.650002,45.075001,42.880001,43.509998,3103700.000000
2022-07-12,43.639999,46.150002,43.139999,45.150002,7147200.000000
2022-07-13,43.810001,46.895000,42.450001,44.160000,6932500.000000
2022-07-14,43.630001,43.724998,39.000000,41.209999,11144000.000000
2022-07-15,42.410000,43.595001,41.610001,43.099998,4986800.000000
2022-07-18,44.040001,45.840000,43.320000,43.619999,4870500.000000
2022-07-19,44.779999,46.134998,43.560001,46.020000,4461300.000000
2022-07-20,46.360001,50.939999,46.000000,49.779999,8517300.000000
2022-07-21,49.570000,51.189999,49.029999,50.990002,4967900.000000
2022-07-22,47.900002,50.599998,46.360001,47.270000,9175600.000000
2022-07-25,47.150002,47.830002,45.779999,46.560001,3391600.000000
2022-07-26,45.669998,45.669998,42.360001,42.730000,7453900.000000
2022-07-27,43.959999,47.410000,43.419998,46.630001,7836100.000000
2022-07-28,45.930000,47.549999,45.310001,47.130001,5907700.000000
2022-07-29,43.400002,45.439999,41.910000,45.000000,13536900.000000
2022-08-01,44.299999,45.950001,43.500000,45.430000,6020400.000000
2022-08-02,44.840000,49.049999,44.700001,47.700001,5878500.000000
2022-08-03,48.660000,50.584999,48.110001,50.029999,4728100.000000
2022-08-04,50.150002,50.669998,48.912998,50.459999,4393400.000000
2022-08-05,49.770000,52.980000,49.220001,52.779999,5625800.000000
2022-08-08,53.509998,57.209999,53.209999,54.970001,6819900.000000
2022-08-09,53.509998,55.570000,52.799999,54.500000,8164900.000000
2022-08-10,68.139999,74.870003,68.059998,74.239998,42341000.000000
2022-08-11,74.599998,76.339996,71.519997,71.589996,12147200.000000
2022-08-12,73.000000,75.480003,71.209999,74.489998,7796700.000000
2022-08-15,74.084999,76.750000,73.660004,75.410004,5951200.000000
2022-08-16,74.955002,75.430000,72.610001,73.739998,4770000.000000
2022-08-17,72.099998,72.360001,69.510002,70.169998,7223000.000000
2022-08-18,70.529999,70.910004,68.949997,69.120003,4170000.000000
2022-08-19,67.550003,67.940002,65.169998,65.690002,5025600.000000
2022-08-22,64.000000,64.730003,62.570000,63.939999,4766100.000000
2022-08-23,64.099998,65.404999,63.130001,63.389999,2894300.000000
2022-08-24,63.740002,65.879997,63.650002,63.900002,3728300.000000
2022-08-25,64.580002,66.309998,63.869999,66.230003,3567900.000000
2022-08-26,66.150002,66.480003,62.869999,63.410000,3687100.000000
2022-08-29,62.060001,64.199997,61.790001,62.520000,2836100.000000
2022-08-30,63.549999,64.790001,61.119999,62.820000,5077000.000000
2022-08-31,64.800003,65.589996,62.153000,62.700001,4473000.000000
2022-09-01,61.189999,62.020000,59.000000,61.889999,4708900.000000
2022-09-02,63.029999,63.389999,60.700001,61.270000,3856500.000000
2022-09-06,61.500000,61.529999,59.389999,60.029999,3171700.000000
2022-09-07,59.860001,62.619999,59.770000,62.180000,3746900.000000
2022-09-08,61.610001,64.540001,61.130001,64.389999,4127900.000000
2022-09-09,65.300003,67.224998,65.050003,66.879997,4670800.000000
2022-09-12,67.239998,67.769997,65.919998,67.430000,3681300.000000
2022-09-13,63.689999,64.930000,62.759998,63.849998,4012500.000000
2022-09-14,63.970001,64.169998,61.919998,63.610001,4149200.000000
2022-09-15,62.180000,64.699997,61.619999,62.779999,3774700.000000
2022-09-16,61.290001,62.630001,60.860001,61.889999,4104100.000000
2022-09-19,60.930000,63.500000,60.799999,63.029999,3032500.000000
2022-09-20,62.060001,63.330002,61.549999,61.570000,3028800.000000
2022-09-21,62.099998,64.455002,61.119999,61.630001,4484700.000000
2022-09-22,60.830002,61.790001,58.959000,59.240002,4102700.000000
2022-09-23,57.994999,58.630001,55.924999,57.700001,6962400.000000
2022-09-26,57.630001,60.153000,57.439999,57.450001,5856500.000000
2022-09-27,59.279999,61.000000,58.980000,59.340000,4939400.000000
2022-09-28,59.580002,63.279999,59.200001,62.959999,5209900.000000
2022-09-29,61.334999,62.279999,59.570000,60.799999,4873100.000000
2022-09-30,60.669998,63.115002,59.680000,59.750000,10174500.000000
2022-10-03,60.250000,61.689999,59.500000,61.130001,5130100.000000
2022-10-04,63.490002,64.656998,62.529999,63.660000,7026000.000000
2022-10-05,61.959999,64.000000,59.560001,61.799999,7378900.000000
2022-10-06,62.049999,64.540001,61.099998,61.169998,5310100.000000
2022-10-07,59.500000,59.502998,55.799999,56.790001,6144100.000000
2022-10-10,56.910000,56.980000,53.939999,54.830002,5448600.000000
2022-10-11,53.950001,54.310001,51.330002,52.500000,5506700.000000
2022-10-12,52.689999,53.230000,50.419998,52.619999,5042300.000000
2022-10-13,49.610001,53.270000,48.160000,52.470001,7512200.000000
2022-10-14,53.410000,53.759998,50.389999,50.599998,3357100.000000
2022-10-17,52.860001,54.939999,52.330002,54.610001,6100600.000000
2022-10-18,56.509998,57.459999,55.084999,56.389999,6265100.000000
2022-10-19,55.990002,56.700001,54.750000,55.230000,3836600.000000
2022-10-20,55.180000,58.669998,55.099998,56.480000,5732300.000000
2022-10-21,54.290001,56.994999,52.810001,56.930000,6054700.000000
2022-10-24,57.250000,57.299999,53.980000,55.669998,3750300.000000
2022-10-25,56.430000,58.529999,56.430000,57.840000,4325100.000000
2022-10-26,54.720001,57.250000,53.175999,55.360001,6901600.000000
2022-10-27,55.669998,56.375000,53.130001,53.759998,4887000.000000
2022-10-28,53.040001,53.900002,52.320000,53.709999,4369900.000000
2022-10-31,53.340000,54.459999,52.650002,53.240002,4210000.000000
2022-11-01,55.410000,56.150002,53.080002,53.080002,3310000.000000
2022-11-02,52.840000,52.860001,49.470001,49.500000,4500500.000000
2022-11-03,48.000000,50.590000,47.880001,49.169998,4842200.000000
2022-11-04,50.320000,50.450001,44.509998,46.250000,8669000.000000
2022-11-07,46.625000,47.380001,43.119999,43.720001,9266500.000000
2022-11-08,44.009998,44.400002,42.410000,43.369999,9484900.000000
2022-11-09,46.860001,47.250000,39.430000,39.889999,20870600.000000
2022-11-10,43.400002,49.029999,43.268002,47.509998,13282500.000000
2022-11-11,46.904999,49.700001,46.400002,48.770000,7504100.000000
2022-11-14,47.849998,49.500000,47.130001,47.759998,6182600.000000
2022-11-15,50.000000,54.810001,49.520000,53.560001,10762000.000000
2022-11-16,52.810001,53.820000,50.610001,51.419998,5474500.000000
2022-11-17,48.970001,50.889999,48.689999,50.060001,3503400.000000
2022-11-18,51.619999,51.790001,49.193001,49.770000,3622800.000000
2022-11-21,48.845001,49.939999,47.939999,48.320000,3152600.000000
2022-11-22,47.939999,48.599998,46.930000,48.380001,2361800.000000
2022-11-23,48.610001,50.509998,48.240002,49.540001,2464700.000000
2022-11-25,49.154999,49.549999,48.529999,49.389999,1168300.000000
2022-11-28,48.570000,49.310001,48.169998,49.009998,3044500.000000
2022-11-29,49.685001,49.764999,48.259998,48.689999,2992400.000000
2022-11-30,48.570000,52.430000,48.049999,52.139999,5222700.000000
2022-12-01,51.980000,53.380001,51.400002,51.910000,4225700.000000
2022-12-02,50.820000,54.970001,50.500000,54.490002,4552200.000000
2022-12-05,54.029999,54.919998,50.455002,50.840000,3482400.000000
2022-12-06,51.080002,51.240002,47.189999,47.450001,4085700.000000
2022-12-07,47.230000,48.169998,46.029999,47.770000,3952700.000000
2022-12-08,48.139999,49.689999,47.200001,48.509998,3178200.000000
2022-12-09,48.720001,49.180000,47.500000,47.810001,2444900.000000
2022-12-12,48.310001,49.560001,47.230000,49.220001,3609800.000000
2022-12-13,53.220001,54.470001,50.619999,51.939999,5516200.000000
2022-12-14,51.799999,53.119999,50.270000,50.939999,4288800.000000
2022-12-15,48.160000,48.959999,46.560001,46.779999,5953100.000000
2022-12-16,46.580002,47.610001,45.310001,46.150002,7885500.000000
2022-12-19,45.720001,46.029999,43.950001,44.130001,4699800.000000
2022-12-20,43.910000,46.810001,43.540001,46.590000,4536300.000000
2022-12-21,47.005001,47.389999,45.655998,46.570000,2819500.000000
2022-12-22,45.529999,45.639999,43.360001,44.900002,3661900.000000
2022-12-23,44.500000,45.029999,43.639999,44.880001,2421700.000000
2022-12-27,44.450001,44.450001,42.794998,43.820000,2639400.000000
2022-12-28,43.709999,44.220001,42.709999,43.320000,2766500.000000
2022-12-29,44.299999,45.750000,43.759998,45.340000,2946300.000000
2022-12-30,44.020000,45.009998,43.775002,44.830002,3110400.000000
2023-01-03,45.990002,46.299999,43.389999,44.020000,2855600.000000
2023-01-04,44.470001,44.680000,42.937000,44.310001,4653700.000000
2023-01-05,43.790001,43.930000,42.348000,42.590000,3908000.000000
2023-01-06,43.060001,43.060001,41.200001,42.290001,3976700.000000
2023-01-09,43.150002,44.884998,42.770000,43.990002,4005300.000000
2023-01-10,43.590000,44.849998,43.270000,44.840000,2909700.000000
2023-01-11,45.320000,47.369999,44.778000,47.310001,4579900.000000
2023-01-12,47.380001,47.529999,45.599998,46.700001,4378500.000000
2023-01-13,45.730000,47.169998,45.299999,47.029999,4198100.000000
2023-01-17,46.830002,47.599998,45.970001,47.070000,3369500.000000
2023-01-18,47.930000,48.000000,45.299999,45.680000,3543300.000000
2023-01-19,44.889999,45.500000,44.189999,44.259998,3043000.000000
2023-01-20,44.529999,45.790001,44.080002,45.570000,3157000.000000
2023-01-23,45.869999,48.119999,45.450001,47.189999,4386800.000000
2023-01-24,45.950001,47.889999,45.799999,47.619999,3936100.000000
2023-01-25,45.945000,48.750000,45.209000,48.709999,5887000.000000
2023-01-26,50.000000,50.611000,48.639999,49.750000,3787600.000000
2023-01-27,49.520000,52.599998,49.450001,51.950001,4227400.000000
2023-01-30,51.000000,51.200001,49.070000,49.220001,3588000.000000
2023-01-31,49.230000,50.770000,49.209999,50.700001,3678800.000000
2023-02-01,50.900002,52.730000,49.689999,52.310001,3936800.000000
2023-02-02,56.549999,58.389999,55.610001,57.009998,8060500.000000
2023-02-03,54.259998,55.610001,52.900002,53.099998,4539500.000000
2023-02-06,52.410000,54.049999,51.928001,52.340000,4160000.000000
2023-02-07,52.340000,53.139999,50.669998,52.700001,4210500.000000
2023-02-08,52.450001,53.570000,51.549999,51.750000,2712000.000000
2023-02-09,52.700001,53.200001,49.799999,49.880001,3587900.000000
2023-02-10,48.939999,49.590000,48.279999,48.689999,3560000.000000
2023-02-13,48.849998,49.470001,47.950001,48.630001,4577300.000000
2023-02-14,48.180000,50.709999,47.680000,49.919998,6354500.000000
2023-02-15,58.099998,66.349998,57.049999,66.300003,33413700.000000
2023-02-16,64.900002,65.792000,62.630001,63.070000,11457100.000000
2023-02-17,62.119999,64.300003,60.119999,60.299999,8217300.000000
2023-02-21,58.400002,59.939999,55.901001,56.750000,6998600.000000
2023-02-22,56.799999,57.799999,55.590000,56.410000,5325800.000000
2023-02-23,57.020000,57.790001,54.830002,56.250000,4683400.000000
2023-02-24,54.330002,55.549999,54.099998,54.970001,3960500.000000
2023-02-27,55.369999,55.540001,54.419998,55.080002,3238200.000000
2023-02-28,55.380001,57.055000,55.200001,55.959999,4048500.000000
2023-03-01,55.750000,56.502998,55.138000,55.410000,2983100.000000
2023-03-02,54.820000,56.410000,54.500000,56.389999,3184800.000000
2023-03-03,56.810001,57.770000,56.060001,57.290001,3818600.000000
2023-03-06,57.950001,58.630001,56.810001,56.830002,3461000.000000
2023-03-07,56.889999,58.869999,56.590000,57.639999,3546500.000000
2023-03-08,57.500000,59.189999,57.424999,58.220001,4304800.000000
2023-03-09,57.000000,59.665001,55.369999,55.759998,6017000.000000
2023-03-10,55.395000,55.590000,52.384998,53.349998,4469800.000000
2023-03-13,52.099998,55.055000,50.325001,54.250000,3518400.000000
2023-03-14,55.869999,56.955002,55.369999,56.529999,3729400.000000
2023-03-15,55.224998,56.340000,54.580002,55.090000,3713200.000000
2023-03-16,55.180000,59.130001,54.900002,58.880001,4157200.000000
2023-03-17,57.770000,59.200001,56.889999,58.509998,4666100.000000
2023-03-20,58.049999,58.230000,56.299999,56.840000,2970800.000000
2023-03-21,57.349998,59.509998,57.340000,59.240002,2755500.000000
2023-03-22,59.500000,60.400002,57.810001,57.889999,2384800.000000
2023-03-23,59.310001,62.532001,59.000000,60.189999,4035300.000000
2023-03-24,59.669998,60.520000,58.820000,60.450001,2808100.000000
2023-03-27,61.000000,61.660000,59.549999,59.900002,4109700.000000
2023-03-28,59.630001,59.650002,58.209999,58.240002,2829100.000000
2023-03-29,59.540001,59.990002,58.296001,59.840000,2476000.000000
2023-03-30,61.230000,61.439999,59.630001,60.090000,2505500.000000
2023-03-31,60.099998,61.340000,59.570000,60.910000,3407200.000000
2023-04-03,60.000000,60.639999,59.200001,60.459999,2104300.000000
2023-04-04,61.110001,61.889999,60.119999,60.580002,2121200.000000
2023-04-05,59.730000,59.840000,57.520000,58.639999,2923100.000000
2023-04-06,58.000000,60.959999,57.169998,60.849998,3240600.000000
2023-04-10,59.840000,61.755001,59.660000,61.520000,3286400.000000
2023-04-11,61.490002,61.939999,60.520000,61.509998,2544200.000000
2023-04-12,62.595001,63.080002,59.990002,60.020000,2257100.000000
2023-04-13,61.029999,61.889999,60.844002,61.330002,1949900.000000
2023-04-14,61.000000,61.700001,60.084999,60.689999,1501400.000000
2023-04-17,60.700001,61.360001,60.044998,61.200001,1525300.000000
2023-04-18,62.509998,63.389999,61.490002,62.119999,3209000.000000
2023-04-19,60.930000,62.150002,60.849998,61.610001,1510600.000000
2023-04-20,60.525002,63.180000,60.520000,62.220001,3290600.000000
2023-04-21,62.209999,62.840000,61.740002,62.189999,2106300.000000
2023-04-24,62.259998,62.916000,60.810001,61.459999,1990200.000000
2023-04-25,61.270000,61.990002,59.360001,59.369999,3198400.000000
2023-04-26,60.500000,61.990002,59.980000,60.000000,4191200.000000
2023-04-27,61.730000,64.790001,61.680000,64.220001,5890000.000000
2023-04-28,64.220001,65.665001,63.200001,64.339996,4235400.000000
2023-05-01,63.860001,64.519997,62.480000,62.939999,5457700.000000
2023-05-02,62.939999,63.369999,61.430000,62.580002,3797100.000000
2023-05-03,63.349998,63.955002,62.410000,62.509998,5232000.000000
2023-05-04,62.790001,63.619999,61.380001,61.439999,3346000.000000
2023-05-05,62.009998,62.840000,61.369999,62.700001,2431800.000000
2023-05-08,62.549999,65.033997,62.119999,64.669998,4371600.000000
2023-05-09,63.849998,64.555000,63.209999,64.120003,3468100.000000
2023-05-10,65.550003,66.419998,64.500000,64.970001,9553500.000000
2023-05-11,67.730003,68.250000,60.560001,64.529999,17176500.000000
2023-05-12,64.160004,65.080002,61.299999,62.299999,6962400.000000
2023-05-15,62.270000,64.120003,61.580002,63.980000,3714400.000000
2023-05-16,63.639999,64.830002,63.380001,64.139999,3297400.000000
2023-05-17,64.470001,66.269997,63.610001,66.160004,3801900.000000
2023-05-18,66.300003,68.260002,66.190002,67.519997,3433800.000000
2023-05-19,67.589996,67.699997,66.309998,66.820000,2235600.000000
2023-05-22,66.760002,69.370003,66.709999,68.519997,3085900.000000
2023-05-23,67.769997,69.139999,66.739998,66.820000,2655600.000000
2023-05-24,66.080002,66.820000,64.559998,66.300003,3208600.000000
2023-05-25,67.260002,67.599998,65.680000,66.260002,2006400.000000
2023-05-26,66.500000,68.260002,66.339996,67.669998,2337100.000000
2023-05-30,69.010002,70.040001,68.709999,69.980003,3280000.000000
2023-05-31,69.550003,70.389999,68.529999,70.080002,3585900.000000
2023-06-01,70.120003,73.629997,69.845001,73.260002,4517500.000000
2023-06-02,75.739998,78.599998,74.080002,74.239998,7146200.000000
2023-06-05,73.489998,76.059998,72.699997,75.370003,4527000.000000
2023-06-06,75.129997,76.509003,74.320000,74.879997,4312000.000000
2023-06-07,75.940002,77.139999,73.580002,73.660004,4507200.000000
2023-06-08,73.410004,75.300003,72.789001,74.540001,3109400.000000
2023-06-09,74.849998,75.440002,74.080002,74.580002,2412200.000000
2023-06-12,74.750000,75.610001,73.900002,75.480003,2908300.000000
2023-06-13,76.379997,77.720001,75.559998,77.519997,3063200.000000
2023-06-14,77.330002,77.364998,75.809998,76.809998,2958600.000000
2023-06-15,76.000000,77.739998,75.860001,77.269997,2508200.000000
2023-06-16,77.589996,77.750000,76.059998,76.430000,2921900.000000
2023-06-20,75.629997,76.699997,74.220001,75.680000,2928500.000000
2023-06-21,75.970001,77.074997,75.230003,76.459999,3166600.000000
2023-06-22,75.879997,77.525002,75.419998,76.800003,2408800.000000
2023-06-23,75.470001,76.589996,75.080002,76.239998,3799700.000000
2023-06-26,76.040001,77.690002,75.144997,75.230003,1950600.000000
2023-06-27,76.250000,77.239998,75.449997,76.769997,2048300.000000
2023-06-28,76.580002,79.379997,76.339996,78.250000,3425100.000000
2023-06-29,78.290001,79.355003,77.029999,77.370003,3809400.000000
2023-06-30,78.370003,78.830002,77.040001,77.220001,2746800.000000
2023-07-03,77.239998,77.540001,76.408997,77.449997,1410000.000000
2023-07-05,76.910004,77.760002,76.199997,77.169998,1780600.000000
2023-07-06,75.760002,75.849998,73.910004,75.349998,4003800.000000
2023-07-07,75.400002,76.470001,75.129997,75.800003,2312300.000000
2023-07-10,75.489998,76.227997,74.989998,75.910004,2544000.000000
2023-07-11,76.470001,83.040001,76.389999,82.690002,6828900.000000
2023-07-12,83.709999,84.919998,82.900002,84.510002,4477200.000000
2023-07-13,87.599998,90.500000,86.650002,87.010002,10621000.000000
2023-07-14,87.720001,91.150002,87.660004,88.000000,31357400.000000
2023-07-17,87.739998,91.660004,86.570000,90.690002,7272400.000000
2023-07-18,90.400002,91.199997,86.400002,88.529999,6810800.000000
2023-07-19,87.650002,89.720001,86.870003,88.309998,6503500.000000
2023-07-20,86.900002,87.339996,83.699997,84.400002,5253600.000000
2023-07-21,84.885002,85.879997,83.839996,84.160004,8187600.000000
2023-07-24,84.440002,84.440002,81.910004,82.070000,4072000.000000
2023-07-25,82.620003,84.504997,82.559998,83.230003,2884100.000000
2023-07-26,82.519997,84.620003,82.419998,84.589996,3176300.000000
2023-07-27,87.830002,89.500000,85.010002,85.379997,5763700.000000
2023-07-28,89.019997,90.845001,88.105003,90.449997,5267700.000000
2023-07-31,90.834999,91.849998,89.290001,91.260002,3855200.000000
2023-08-01,90.339996,90.669998,88.919998,90.050003,2353800.000000
2023-08-02,88.320000,88.555000,85.290001,86.639999,3588300.000000
2023-08-03,85.669998,86.879997,84.470001,84.760002,2714300.000000
2023-08-04,85.529999,86.500000,83.669998,84.839996,2271100.000000
2023-08-07,85.360001,85.980003,84.154999,85.800003,2717400.000000
2023-08-08,84.699997,85.540001,83.750000,85.300003,3969500.000000
2023-08-09,84.650002,85.000000,80.699997,80.930000,8054000.000000
2023-08-10,79.120003,81.500000,76.400002,77.089996,8956400.000000
2023-08-11,76.510002,76.680000,74.058998,74.620003,5820100.000000
2023-08-14,74.050003,75.360001,73.839996,75.260002,3748000.000000
2023-08-15,74.745003,74.745003,73.360001,73.690002,2511300.000000
2023-08-16,73.739998,74.239998,72.419998,72.739998,2965500.000000
2023-08-17,72.739998,72.949997,70.480003,71.190002,4117900.000000
2023-08-18,70.080002,72.720001,69.720001,72.180000,3603000.000000
2023-08-21,72.220001,73.800003,72.110001,73.339996,3219500.000000
2023-08-22,73.589996,74.900002,73.388000,74.589996,2818900.000000
2023-08-23,75.029999,78.190002,74.970001,77.669998,3839900.000000
2023-08-24,78.199997,78.790001,74.470001,74.510002,2605100.000000
2023-08-25,74.510002,76.239998,73.550003,75.910004,2439600.000000
2023-08-28,76.779999,77.040001,75.550003,76.209999,1898600.000000
2023-08-29,76.000000,78.889999,75.680000,78.800003,2436100.000000
2023-08-30,78.699997,80.410004,78.345001,80.279999,2358700.000000
2023-08-31,79.589996,80.639999,79.150002,80.029999,3362100.000000
2023-09-01,80.870003,81.480003,79.519997,79.930000,3050800.000000
2023-09-05,79.190002,81.875000,78.669998,81.419998,3212100.000000
2023-09-06,82.500000,83.559998,81.519997,83.470001,3885800.000000
2023-09-07,81.870003,84.739998,81.559998,84.309998,3038700.000000
2023-09-08,84.250000,85.949997,83.489998,83.889999,2934400.000000
2023-09-11,84.790001,86.959999,84.331001,86.529999,2991000.000000
2023-09-12,85.580002,87.739998,85.500000,85.800003,2822100.000000
2023-09-13,85.750000,86.980003,84.910004,85.330002,2531600.000000
2023-09-14,85.680000,85.885002,83.760002,85.370003,3139000.000000
2023-09-15,85.230003,85.239998,82.309998,83.379997,4216600.000000
2023-09-18,82.720001,83.070000,80.370003,80.709999,3255500.000000
2023-09-19,80.459999,80.959999,78.650002,79.059998,4049000.000000
2023-09-20,79.199997,79.894997,78.250000,78.290001,3017600.000000
2023-09-21,77.250000,77.779999,75.440002,75.720001,3147100.000000
2023-09-22,76.720001,77.389000,75.660004,76.349998,2929500.000000
2023-09-25,75.709999,76.449997,74.269997,75.099998,2704000.000000
2023-09-26,74.639999,74.910004,73.760002,74.370003,2588900.000000
2023-09-27,74.519997,76.389999,74.449997,75.430000,3804900.000000
2023-09-28,76.519997,78.730003,75.790001,77.690002,3064900.000000
2023-09-29,78.980003,79.459999,77.790001,78.150002,2643700.000000
2023-10-02,78.154999,79.190002,77.459999,78.309998,2525400.000000
2023-10-03,77.040001,78.919998,75.940002,76.400002,2549500.000000
2023-10-04,77.150002,79.750000,76.959999,79.370003,3209100.000000
2023-10-05,79.190002,79.300003,76.620003,78.160004,2565300.000000
2023-10-06,77.250000,83.320000,77.120003,82.150002,4823600.000000
2023-10-09,81.190002,84.699997,80.910004,83.959999,3615200.000000
2023-10-10,84.370003,86.040001,83.820000,85.160004,2961000.000000
2023-10-11,86.010002,86.425003,84.180000,84.769997,3104900.000000
2023-10-12,85.379997,85.980003,83.760002,84.489998,3141900.000000
2023-10-13,85.059998,85.260002,79.870003,80.239998,5060000.000000
2023-10-16,77.739998,81.430000,76.849998,80.870003,4892300.000000
2023-10-17,80.000000,81.160004,79.410004,79.589996,4247400.000000
2023-10-18,78.820000,79.470001,76.370003,76.769997,3511200.000000
2023-10-19,77.500000,78.339996,75.415001,75.870003,3439100.000000
2023-10-20,75.889999,76.339996,73.199997,74.059998,3778600.000000
2023-10-23,73.599998,74.580002,72.190002,73.639999,4548200.000000
2023-10-24,75.029999,76.529999,74.769997,76.519997,3196000.000000
2023-10-25,74.889999,75.172997,71.400002,71.669998,3587900.000000
2023-10-26,70.750000,70.919998,64.690002,66.220001,9263700.000000
2023-10-27,67.169998,68.338997,66.370003,66.860001,3958900.000000
2023-10-30,67.970001,68.220001,66.519997,67.949997,3029000.000000
2023-10-31,68.220001,71.070000,68.169998,70.959999,4152900.000000
2023-11-01,70.389999,71.339996,69.209999,70.760002,3078000.000000
2023-11-02,75.000000,76.129997,74.339996,75.680000,4675300.000000
2023-11-03,76.639999,80.070000,76.498001,79.080002,4709300.000000
2023-11-06,79.400002,79.769997,76.470001,77.470001,3047800.000000
2023-11-07,78.209999,79.849998,77.000000,77.699997,3074100.000000
2023-11-08,77.599998,78.889999,77.160004,78.839996,3857500.000000
2023-11-09,79.699997,80.379997,76.470001,76.809998,12310100.000000
2023-11-10,61.665001,65.599998,60.230000,64.010002,42618700.000000
2023-11-13,64.150002,65.000000,61.740002,63.459999,11521800.000000
2023-11-14,65.989998,68.379997,65.699997,67.629997,10281700.000000
2023-11-15,68.150002,69.250000,66.599998,68.050003,6301300.000000
2023-11-16,67.720001,68.040001,65.919998,66.300003,4581300.000000
2023-11-17,66.480003,66.650002,64.769997,66.470001,5549500.000000
2023-11-20,66.349998,67.980003,66.129997,67.290001,4830100.000000
2023-11-21,66.830002,66.930000,65.529999,65.849998,3681600.000000
2023-11-22,66.430000,67.559998,66.050003,66.830002,4554400.000000
2023-11-24,66.660004,67.459999,66.400002,67.269997,1933900.000000
2023-11-27,67.000000,70.110001,66.980003,69.190002,5790100.000000
2023-11-28,68.720001,70.019997,68.470001,69.029999,3845200.000000
2023-11-29,70.000000,72.339996,69.919998,70.370003,4645800.000000
2023-11-30,70.900002,71.790001,69.430000,70.459999,5980900.000000
2023-12-01,70.139999,71.910004,69.199997,71.599998,5422700.000000
2023-12-04,70.190002,70.775002,67.349998,68.760002,6863300.000000
2023-12-05,68.349998,69.264999,67.830002,68.330002,3343300.000000
2023-12-06,69.230003,69.720001,68.279999,68.309998,3203000.000000
2023-12-07,68.570000,69.250000,68.169998,68.779999,2740000.000000
2023-12-08,68.180000,70.720001,68.019997,70.629997,4209300.000000
2023-12-11,71.019997,72.694000,70.279999,71.629997,4116400.000000
2023-12-12,71.750000,71.809998,70.150002,71.349998,3960700.000000
2023-12-13,71.599998,74.379997,71.190002,74.010002,4131600.000000
2023-12-14,74.995003,77.320000,74.699997,76.080002,5174200.000000
2023-12-15,76.830002,76.940002,74.360001,74.889999,6464000.000000
2023-12-18,75.349998,76.055000,74.379997,75.629997,3437000.000000
2023-12-19,75.800003,77.790001,75.800003,77.650002,3330500.000000
2023-12-20,77.389999,78.339996,75.300003,75.470001,4329900.000000
2023-12-21,76.750000,77.489998,75.459999,76.379997,2266100.000000
2023-12-22,75.550003,75.643997,72.790001,73.430000,7140700.000000
2023-12-26,73.680000,73.820000,72.269997,73.589996,3697200.000000
2023-12-27,73.849998,74.489998,73.349998,74.080002,2541100.000000
2023-12-28,73.790001,74.339996,73.220001,73.400002,2571600.000000
2023-12-29,73.300003,73.481003,71.639999,71.959999,3768600.000000
2024-01-02,71.650002,71.650002,69.910004,70.589996,4800600.000000
2024-01-03,69.500000,70.083000,68.230003,69.320000,3721900.000000
2024-01-04,68.750000,69.165001,68.070000,68.400002,4219400.000000
2024-01-05,67.851997,68.949997,67.540001,67.639999,4536900.000000
2024-01-08,67.889999,69.629997,67.169998,68.989998,5640900.000000
2024-01-09,68.330002,69.433998,67.690002,68.449997,4344500.000000
2024-01-10,68.440002,69.080002,67.309998,68.480003,5070000.000000
2024-01-11,68.595001,69.019997,66.970001,68.080002,5622500.000000
2024-01-12,68.129997,69.160004,66.449997,66.959999,6357700.000000
2024-01-16,66.269997,66.269997,63.450001,63.759998,7784700.000000
2024-01-17,62.759998,64.540001,61.474998,64.500000,6107100.000000
2024-01-18,65.769997,66.334999,63.625000,65.050003,5002900.000000
2024-01-19,65.360001,67.010002,64.449997,66.849998,4024000.000000
2024-01-22,68.089996,70.849998,67.900002,69.389999,4968900.000000
2024-01-23,70.190002,71.680000,69.459999,70.180000,4002800.000000
2024-01-24,71.500000,72.150002,69.500000,69.650002,3520400.000000
2024-01-25,70.870003,70.900002,68.290001,69.120003,4156200.000000
2024-01-26,69.129997,69.610001,67.800003,68.010002,3517100.000000
2024-01-29,68.389999,71.519997,68.245003,71.510002,4079800.000000
2024-01-30,71.000000,71.519997,69.199997,69.279999,3629500.000000
2024-01-31,67.910004,70.670998,67.556999,68.430000,3113600.000000
2024-02-01,68.750000,69.660004,66.870003,67.209999,5561300.000000
2024-02-02,68.489998,70.610001,67.330002,70.000000,8032200.000000
2024-02-05,68.989998,69.360001,66.559998,67.500000,4717400.000000
2024-02-06,68.029999,68.980003,67.769997,68.599998,3469100.000000
2024-02-07,68.849998,70.449997,68.320000,69.599998,4261200.000000
2024-02-08,69.699997,71.028000,68.650002,70.169998,4089100.000000
2024-02-09,71.160004,72.570000,70.760002,71.309998,5434900.000000
2024-02-12,70.800003,75.790001,70.709999,73.910004,7225000.000000
2024-02-13,71.389999,73.769997,71.110001,72.940002,5011700.000000
2024-02-14,74.300003,74.430000,72.209999,74.309998,3975200.000000
2024-02-15,73.680000,76.169998,73.680000,75.709999,9616800.000000
2024-02-16,89.500000,94.000000,85.680000,88.930000,29562200.000000
2024-02-20,85.610001,86.459999,80.665001,82.559998,11845800.000000
2024-02-21,81.220001,82.190002,80.019997,82.080002,5733300.000000
2024-02-22,83.610001,84.370003,81.870003,83.500000,5515000.000000
2024-02-23,83.919998,84.040001,80.970001,81.440002,4517100.000000
2024-02-26,81.500000,82.379997,80.290001,82.190002,4563500.000000
2024-02-27,82.980003,85.650002,82.300003,85.599998,5089400.000000
2024-02-28,84.559998,85.690002,84.089996,84.900002,3933300.000000
2024-02-29,85.500000,85.970001,84.570000,85.430000,4771300.000000
2024-03-01,85.900002,86.000000,83.540001,83.889999,4647100.000000
2024-03-04,82.959999,83.650002,81.919998,83.449997,3449100.000000
2024-03-05,82.269997,82.496002,80.709999,81.449997,2974500.000000
2024-03-06,82.599998,83.010002,81.209999,82.180000,3481100.000000
2024-03-07,82.599998,83.300003,81.599998,81.830002,2935300.000000
2024-03-08,81.769997,83.739998,81.320000,81.589996,3545700.000000
2024-03-11,81.010002,82.160004,80.639999,81.449997,2340600.000000
2024-03-12,82.000000,82.250000,80.010002,80.430000,2943600.000000
2024-03-13,80.139999,81.510002,80.029999,80.160004,3319900.000000
2024-03-14,80.349998,80.410004,76.989998,77.529999,5793100.000000
2024-03-15,77.529999,78.050003,76.419998,76.720001,4366900.000000
2024-03-18,77.760002,79.019997,77.019997,78.349998,3047300.000000
2024-03-19,78.370003,80.080002,77.949997,79.760002,3581300.000000
2024-03-20,80.650002,84.480003,80.543999,83.470001,6542800.000000
2024-03-21,84.730003,85.419998,84.290001,85.059998,4484600.000000
2024-03-22,85.269997,85.529999,84.059998,85.059998,3026500.000000
2024-03-25,85.000000,87.610001,84.919998,87.550003,3426300.000000
2024-03-26,88.000000,89.879997,86.889999,87.050003,4727600.000000
2024-03-27,87.980003,88.339996,86.029999,87.209999,2795200.000000
2024-03-28,87.510002,88.190002,86.820000,87.419998,3053100.000000
2024-04-01,87.400002,88.610001,86.779999,87.309998,1821500.000000
2024-04-02,85.160004,87.349998,84.330002,87.089996,2587500.000000
2024-04-03,86.519997,87.905998,86.209999,86.940002,2126600.000000
2024-04-04,87.849998,88.190002,84.519997,84.559998,3812300.000000
2024-04-05,84.580002,86.930000,84.120003,85.830002,1939100.000000
2024-04-08,86.120003,87.000000,85.300003,86.680000,1644200.000000
2024-04-09,87.050003,87.750000,86.410004,86.839996,1714800.000000
2024-04-10,84.559998,86.779999,84.110001,86.440002,2260900.000000
2024-04-11,86.900002,87.980003,85.849998,87.699997,2674000.000000
2024-04-12,86.790001,87.220001,85.599998,86.370003,2349900.000000
2024-04-15,86.464996,86.500000,80.639999,80.989998,3833700.000000
2024-04-16,81.000000,82.419998,79.300003,82.129997,2872100.000000
2024-04-17,82.559998,82.639999,80.099998,80.129997,1861900.000000
2024-04-18,80.370003,81.989998,79.940002,80.809998,1916100.000000
2024-04-19,80.599998,80.669998,76.830002,77.300003,3113800.000000
2024-04-22,78.099998,78.968002,76.120003,77.839996,2535800.000000
2024-04-23,78.000000,82.169998,77.910004,81.070000,3251400.000000
2024-04-24,84.500000,85.430000,82.769997,83.790001,6568200.000000
2024-04-25,80.000000,83.519997,79.629997,83.339996,4238700.000000
2024-04-26,84.870003,85.750000,84.519997,84.730003,2944900.000000
2024-04-29,84.500000,85.239998,83.779999,84.500000,1757100.000000
2024-04-30,84.730003,84.800003,82.849998,82.849998,2442200.000000
2024-05-01,83.139999,87.379997,83.139999,85.410004,3352000.000000
2024-05-02,88.160004,88.769997,85.699997,88.120003,4148600.000000
2024-05-03,89.269997,90.690002,87.769997,88.589996,3778000.000000
2024-05-06,89.000000,91.580002,89.000000,91.360001,3560900.000000
2024-05-07,90.629997,92.184998,89.589996,89.639999,4950400.000000
2024-05-08,87.489998,88.239998,85.709999,86.019997,6603700.000000
2024-05-09,88.000000,89.860001,85.800003,88.669998,8744600.000000
2024-05-10,88.750000,88.989998,86.744003,87.260002,4294700.000000
2024-05-13,87.910004,89.330002,87.474998,87.529999,2694300.000000
2024-05-14,87.529999,87.790001,85.580002,86.180000,3271700.000000
2024-05-15,87.739998,91.500000,85.110001,90.250000,7631100.000000
2024-05-16,90.250000,95.349998,90.010002,93.190002,10923900.000000
2024-05-17,93.669998,94.959999,93.449997,94.779999,4700200.000000
2024-05-20,94.480003,97.650002,94.199997,97.500000,3793300.000000
2024-05-21,97.000000,97.000000,94.889999,95.650002,2713900.000000
2024-05-22,95.739998,96.169998,94.529999,95.320000,1940500.000000
2024-05-23,95.320000,96.190002,92.120003,92.510002,2535900.000000
2024-05-24,93.239998,95.303001,92.610001,94.750000,2000200.000000
2024-05-28,94.500000,95.680000,94.099998,95.089996,1904300.000000
2024-05-29,93.029999,96.089996,93.029999,95.449997,2570400.000000
2024-05-30,95.290001,95.660004,93.074997,93.709999,2348100.000000
2024-05-31,93.699997,94.805000,91.464996,92.779999,3071100.000000
2024-06-03,93.290001,94.290001,91.540001,93.110001,1940800.000000
2024-06-04,92.339996,95.160004,92.250000,94.480003,3023000.000000
2024-06-05,95.269997,97.849998,94.690002,97.410004,4674300.000000
2024-06-06,97.430000,98.180000,96.500000,97.190002,1837800.000000
2024-06-07,96.230003,97.088997,94.099998,94.169998,3268800.000000
2024-06-10,93.900002,94.035004,90.760002,92.650002,5001500.000000
2024-06-11,93.190002,94.449997,92.010002,92.190002,5523200.000000
2024-06-12,94.584999,98.099998,94.168999,97.459999,4466100.000000
2024-06-13,97.779999,98.000000,94.870003,95.620003,2501700.000000
2024-06-14,95.070000,95.750000,94.680000,95.660004,2012900.000000
2024-06-17,95.250000,99.029999,94.660004,97.680000,3162500.000000
2024-06-18,98.019997,99.540001,97.281998,99.250000,2781700.000000
2024-06-20,99.010002,99.180000,96.599998,97.279999,2987000.000000
2024-06-21,98.065002,98.065002,96.400002,97.709999,3997800.000000
2024-06-24,97.019997,97.589996,95.720001,95.760002,3374500.000000
2024-06-25,96.050003,98.750000,95.180000,97.730003,2597300.000000
2024-06-26,97.160004,98.860001,97.139999,97.709999,2404100.000000
2024-06-27,97.500000,99.320000,97.169998,98.220001,2644600.000000
2024-06-28,98.480003,98.660004,96.099998,97.669998,6329000.000000
2024-07-01,97.430000,98.400002,96.139999,97.970001,2085800.000000
2024-07-02,97.629997,99.000000,96.930000,98.339996,2444000.000000
2024-07-03,98.480003,100.250000,97.959999,99.470001,2281000.000000
2024-07-05,99.199997,100.290001,98.760002,99.900002,2439200.000000
2024-07-08,99.980003,99.980003,98.402000,99.080002,2005100.000000
2024-07-09,99.480003,101.620003,98.510002,101.519997,4147300.000000
2024-07-10,102.180000,102.669998,98.099998,99.820000,4390300.000000
2024-07-11,101.050003,101.135002,98.279999,98.570000,3405000.000000
2024-07-12,98.000000,100.660004,96.550003,99.480003,3159500.000000
2024-07-15,99.800003,102.139999,99.139999,100.089996,3362100.000000
2024-07-16,100.900002,101.588997,99.379997,100.949997,2283700.000000
2024-07-17,98.639999,99.379997,94.839996,95.239998,5465200.000000
2024-07-18,96.250000,97.864998,94.629997,95.720001,2806900.000000
2024-07-19,95.349998,97.195000,95.290001,96.010002,2093300.000000
2024-07-22,98.269997,100.800003,97.269997,100.440002,4749900.000000
2024-07-23,100.699997,102.389999,99.570000,100.900002,2694500.000000
2024-07-24,97.500000,97.750000,89.260002,89.320000,8057800.000000
2024-07-25,90.199997,93.105003,88.820000,90.879997,4904700.000000
2024-07-26,92.980003,93.014999,90.750999,92.430000,2699800.000000
2024-07-29,93.070000,94.290001,91.470001,92.209999,2363400.000000
2024-07-30,92.419998,93.169998,88.260002,89.839996,3452800.000000
2024-07-31,90.739998,91.474998,89.029999,89.879997,4521800.000000
2024-08-01,90.519997,91.935997,85.660004,87.750000,3724300.000000
2024-08-02,84.599998,85.760002,81.779999,83.080002,4948900.000000
2024-08-05,77.320000,84.699997,77.110001,83.220001,5742300.000000
2024-08-06,84.360001,86.129997,83.199997,84.790001,3644200.000000
2024-08-07,86.349998,87.320000,84.330002,84.910004,4381900.000000
2024-08-08,86.614998,88.650002,84.419998,88.269997,6289500.000000
2024-08-09,90.070000,99.550003,90.000000,99.300003,13299300.000000
2024-08-12,99.690002,99.690002,96.879997,97.040001,4915600.000000
2024-08-13,98.080002,98.820000,96.379997,98.320000,3648500.000000
2024-08-14,98.550003,100.330002,97.430000,98.690002,3552900.000000
2024-08-15,100.220001,101.580002,99.300003,100.500000,2818500.000000
2024-08-16,99.000000,102.430000,98.750000,101.430000,3519200.000000
2024-08-19,101.400002,102.769997,100.500000,102.639999,2505400.000000
2024-08-20,102.550003,103.349998,101.699997,102.139999,1924400.000000
2024-08-21,102.489998,104.440002,101.910004,104.360001,2087700.000000
2024-08-22,104.690002,104.690002,102.910004,103.169998,2159600.000000
2024-08-23,104.809998,105.389999,103.440002,105.000000,2060900.000000
2024-08-26,104.699997,105.389999,103.330002,103.970001,2110800.000000
2024-08-27,103.010002,104.559998,102.150002,103.919998,2570200.000000
2024-08-28,103.879997,103.980003,101.529999,102.180000,1943500.000000
2024-08-29,102.900002,105.220001,102.780998,103.510002,2106000.000000
2024-08-30,104.000000,105.080002,103.440002,104.529999,2143100.000000
2024-09-03,103.930000,103.930000,100.160004,100.970001,2762200.000000
2024-09-04,102.190002,103.599998,101.038002,101.349998,2513300.000000
2024-09-05,100.760002,103.839996,100.739998,103.540001,2801700.000000
2024-09-06,103.680000,104.930000,99.129997,100.309998,3847300.000000
2024-09-09,99.839996,101.459999,97.839996,99.320000,3253700.000000
2024-09-10,100.089996,100.639999,98.139999,99.709999,1940800.000000
2024-09-11,100.139999,101.940002,98.620003,101.610001,2906300.000000
2024-09-12,101.620003,104.500000,101.160004,104.500000,2973200.000000
2024-09-13,105.000000,107.644997,104.855003,106.059998,3314700.000000
2024-09-16,105.970001,106.919998,105.000000,105.370003,2147200.000000
2024-09-17,106.440002,107.209999,105.169998,105.839996,2286400.000000
2024-09-18,106.500000,109.500000,106.410004,108.019997,3786200.000000
2024-09-19,110.910004,111.800003,109.106003,110.139999,3166000.000000
2024-09-20,109.599998,110.260002,108.500000,109.510002,3261200.000000
2024-09-23,110.000000,110.230003,107.900002,108.529999,2392200.000000
2024-09-24,109.000000,110.809998,108.239998,110.790001,2383400.000000
2024-09-25,110.750000,111.345001,109.910004,110.720001,2050700.000000
2024-09-26,112.209999,112.220001,108.148003,109.360001,3096000.000000
2024-09-27,109.599998,110.449997,108.959999,109.449997,1700400.000000
2024-09-30,109.000000,109.760002,108.120003,109.650002,2154500.000000
2024-10-01,110.584999,110.750000,106.699997,108.720001,2306900.000000
2024-10-02,108.389999,109.449997,107.874001,108.709999,1715700.000000
2024-10-03,108.370003,111.580002,108.000000,111.459999,2258900.000000
2024-10-04,113.059998,113.839996,111.849998,113.000000,2937300.000000
2024-10-07,112.779999,113.680000,111.160004,111.800003,2112800.000000
2024-10-08,111.800003,114.580002,111.250000,114.529999,2411100.000000
2024-10-09,114.400002,116.309998,114.260002,115.570000,2544400.000000
2024-10-10,114.760002,116.589996,114.760002,115.709999,2025300.000000
2024-10-11,115.309998,118.339996,114.410004,117.900002,2712800.000000
2024-10-14,118.820000,118.820000,117.099998,117.970001,2641200.000000
2024-10-15,118.480003,118.540001,115.919998,117.680000,2352800.000000
2024-10-16,118.000000,118.599998,116.738998,117.940002,1288800.000000
2024-10-17,118.739998,118.900002,117.019997,117.629997,1635500.000000
2024-10-18,117.430000,119.430000,115.300003,118.760002,2627600.000000
2024-10-21,117.889999,119.500000,116.849998,118.209999,1916400.000000
2024-10-22,116.879997,120.779999,116.610001,118.940002,2859200.000000
2024-10-23,117.809998,119.349998,115.860001,117.169998,2177600.000000
2024-10-24,117.529999,118.459999,116.589996,118.209999,1372900.000000
2024-10-25,119.790001,121.440002,118.190002,119.470001,2881100.000000
2024-10-28,120.180000,120.239998,118.480003,118.980003,3063600.000000
2024-10-29,119.349998,121.889999,118.820000,121.620003,3042100.000000
2024-10-30,121.620003,123.849998,121.129997,121.980003,2602100.000000
2024-10-31,121.000000,121.559998,117.792000,120.209999,3454800.000000
2024-11-01,119.860001,120.809998,118.879997,119.190002,3333900.000000
2024-11-04,119.180000,120.360001,117.889999,118.269997,3396800.000000
2024-11-05,119.029999,120.420998,118.489998,119.940002,2243800.000000
2024-11-06,122.550003,124.980003,122.500000,124.809998,3891100.000000
2024-11-07,127.550003,132.649994,127.485001,132.529999,8526500.000000
2024-11-08,116.110001,126.949997,116.000000,125.129997,13646200.000000
2024-11-11,125.370003,131.800003,125.129997,129.339996,6755600.000000
2024-11-12,128.360001,131.330002,128.360001,131.199997,3241100.000000
2024-11-13,130.899994,132.559998,127.129997,127.250000,4263500.000000
2024-11-14,127.470001,127.470001,123.300003,125.879997,2680500.000000
2024-11-15,124.245003,124.500000,117.739998,118.150002,5125100.000000
2024-11-18,117.970001,119.059998,116.589996,117.260002,4680900.000000
2024-11-19,116.230003,119.610001,116.040001,119.419998,3757800.000000
2024-11-20,121.849998,125.404999,120.757004,123.900002,5988400.000000
2024-11-21,125.339996,128.550003,122.309998,127.349998,4378100.000000
2024-11-22,127.029999,129.809998,126.379997,129.699997,3683400.000000
2024-11-25,131.490005,131.850006,128.380005,129.350006,5323200.000000
2024-11-26,129.240005,131.949997,128.589996,128.979996,3505400.000000
2024-11-27,128.679993,128.679993,125.599998,128.149994,2944700.000000
2024-11-29,128.130005,129.179993,127.510002,128.550003,2214200.000000
2024-12-02,128.589996,136.139999,127.500000,135.160004,5673500.000000
2024-12-03,135.000000,139.229996,134.000000,139.160004,3908300.000000
2024-12-04,140.544998,141.529999,138.860001,139.509995,2940600.000000
2024-12-05,139.029999,139.029999,135.210007,136.360001,3764000.000000
2024-12-06,136.460007,139.339996,135.720001,139.110001,3242100.000000
2024-12-09,136.600006,137.190002,131.699997,134.770004,4523700.000000
2024-12-10,133.500000,137.029999,131.039993,132.660004,3868600.000000
2024-12-11,133.929993,135.000000,133.160004,134.100006,2743700.000000
2024-12-12,133.589996,134.399994,132.869995,133.570007,2664000.000000
2024-12-13,132.649994,133.729996,131.570007,132.419998,3166100.000000
2024-12-16,132.910004,133.503998,131.550003,132.649994,3731700.000000
2024-12-17,131.860001,136.419998,131.339996,135.020004,4719600.000000
2024-12-18,134.660004,135.699997,126.650002,127.930000,5438000.000000
2024-12-19,130.160004,130.399994,125.779999,126.230003,4225200.000000
2024-12-20,124.269997,127.355003,122.050003,125.010002,6300600.000000
2024-12-23,124.820000,125.160004,121.459999,121.669998,2803600.000000
2024-12-24,122.089996,124.070000,121.349998,123.959999,1388700.000000
2024-12-26,123.000000,124.150002,122.519997,123.459999,1314400.000000
2024-12-27,122.680000,123.019997,119.580002,121.389999,2125900.000000
2024-12-30,119.650002,121.010002,118.500000,120.169998,2499100.000000
2024-12-31,119.760002,119.940002,117.360001,117.529999,2423300.000000
2025-01-02,119.070000,119.610001,116.671997,117.730003,2243500.000000
2025-01-03,118.970001,121.919998,118.959999,121.839996,2498800.000000
2025-01-06,123.730003,127.589996,123.555000,126.580002,3901700.000000
2025-01-07,126.290001,126.300003,120.434998,121.410004,4164300.000000
2025-01-08,122.080002,122.599998,120.470001,121.519997,2833900.000000
2025-01-10,119.250000,120.023003,116.750000,118.800003,2926000.000000
2025-01-13,117.300003,119.394997,116.610001,117.889999,2708500.000000
2025-01-14,119.389999,120.144997,115.849998,116.760002,2558700.000000
2025-01-15,120.720001,120.800003,118.010002,119.680000,3693600.000000
2025-01-16,120.010002,122.559998,119.768997,120.839996,2547200.000000
2025-01-17,125.000000,125.410004,122.830002,124.419998,3094800.000000
2025-01-21,126.070000,126.175003,123.199997,124.500000,4083800.000000
2025-01-22,125.000000,126.199997,120.500000,120.690002,4642600.000000
2025-01-23,120.209999,120.209999,117.300003,119.139999,5641300.000000
2025-01-24,119.139999,120.654999,118.800003,119.959999,3609100.000000
2025-01-27,116.989998,120.279999,116.519997,119.099998,3501400.000000
2025-01-28,118.949997,121.919998,117.779999,120.559998,4597400.000000
2025-01-29,121.059998,124.029999,118.900002,122.589996,3597200.000000
2025-01-30,124.019997,124.519997,118.580002,118.940002,3207000.000000
2025-01-31,120.269997,121.449997,118.019997,118.680000,3100600.000000
2025-02-03,115.790001,119.790001,115.000000,117.940002,3545100.000000
2025-02-04,113.760002,115.760002,112.489998,113.540001,6181300.000000
2025-02-05,113.290001,114.459999,113.059998,114.339996,4497300.000000
2025-02-06,114.599998,116.540001,113.419998,114.650002,3378500.000000
2025-02-07,115.099998,117.629997,115.050003,117.290001,4548200.000000
2025-02-10,120.220001,125.800003,119.599998,122.540001,6186700.000000
2025-02-11,120.699997,122.489998,119.400002,120.209999,4968700.000000
2025-02-12,118.529999,122.459999,118.000000,122.230003,11504200.000000
2025-02-13,85.095001,85.180000,80.654999,81.919998,56006000.000000
2025-02-14,82.550003,83.610001,80.099998,80.160004,19341800.000000
2025-02-18,80.699997,80.750000,77.610001,80.029999,16258100.000000
2025-02-19,79.660004,79.680000,76.635002,76.750000,14396700.000000
2025-02-20,76.364998,76.490997,74.099998,75.730003,13591700.000000
2025-02-21,75.800003,75.820000,71.610001,72.059998,12870000.000000
2025-02-24,72.290001,75.190002,70.440002,74.199997,13954900.000000
2025-02-25,73.885002,75.445000,72.339996,74.980003,11113200.000000
2025-02-26,75.059998,75.480003,72.254997,72.430000,9109000.000000
2025-02-27,73.065002,73.540001,70.919998,71.489998,7538500.000000
2025-02-28,70.940002,73.080002,69.370003,70.320000,10460200.000000
2025-03-03,71.000000,72.070000,66.820000,67.169998,11719500.000000
2025-03-04,65.970001,68.849998,64.555000,67.599998,12833200.000000
2025-03-05,66.870003,67.320000,65.010002,66.540001,11006700.000000
2025-03-06,65.019997,66.849998,64.779999,64.980003,9677700.000000
2025-03-07,65.220001,67.199997,63.820000,64.910004,11486700.000000
2025-03-10,64.040001,64.599998,60.200001,60.310001,13483000.000000
2025-03-11,60.630001,62.580002,58.570000,58.840000,16122200.000000
2025-03-12,60.189999,60.630001,57.860001,60.200001,12516800.000000
2025-03-13,57.580002,58.720001,53.740002,53.880001,20891400.000000
2025-03-14,55.009998,55.400002,53.419998,53.939999,22269800.000000
2025-03-17,54.320000,56.680000,54.049999,56.500000,17828200.000000
2025-03-18,55.970001,56.290001,53.389999,53.590000,11594200.000000
2025-03-19,54.055000,56.169998,53.950001,55.320000,9520800.000000
2025-03-20,55.099998,57.230000,54.880001,55.849998,8171200.000000
2025-03-21,54.740002,56.794998,54.150002,56.310001,9045600.000000
2025-03-24,57.549999,59.470001,56.939999,59.340000,10048400.000000
2025-03-25,60.625000,62.049999,60.360001,62.000000,12831700.000000
2025-03-26,62.490002,62.500000,58.500000,58.799999,10490300.000000
2025-03-27,58.660000,59.084999,57.220001,57.259998,6746800.000000
2025-03-28,57.000000,57.759998,55.560001,55.849998,6445600.000000
2025-03-31,54.430000,55.029999,52.900002,54.720001,8359300.000000
2025-04-01,54.540001,57.549999,54.366001,57.099998,9738800.000000
2025-04-02,55.500000,57.678001,55.480000,56.299999,10036300.000000
2025-04-03,52.910000,52.970001,48.855000,49.080002,15236300.000000
2025-04-04,46.980000,48.025002,45.020000,46.240002,15320600.000000
2025-04-07,44.334999,49.330002,42.959999,46.340000,15371300.000000
2025-04-08,48.689999,48.840000,44.689999,45.270000,11143500.000000
2025-04-09,45.000000,54.720001,44.950001,54.119999,16387200.000000
2025-04-10,52.645000,53.290001,48.669998,49.270000,11727400.000000
2025-04-11,48.619999,49.820000,48.330002,49.779999,7147200.000000
2025-04-14,51.400002,51.730000,47.714001,48.639999,11666800.000000
2025-04-15,48.910000,49.360001,47.779999,49.240002,9762600.000000
2025-04-16,48.299999,49.105000,47.759998,48.450001,6085400.000000
2025-04-17,48.320000,52.200001,48.009998,50.259998,13961600.000000
2025-04-21,48.700001,48.939999,46.820000,47.560001,6885000.000000
2025-04-22,48.195000,49.770000,47.680000,48.660000,8006200.000000
2025-04-23,51.000000,52.669998,49.941002,50.080002,8850900.000000
2025-04-24,50.320000,53.410000,50.150002,53.270000,6880800.000000
2025-04-25,53.660000,54.330002,53.049999,53.970001,6294400.000000
2025-04-28,54.110001,55.150002,53.320000,54.400002,5186900.000000
2025-04-29,54.599998,55.189999,54.047001,54.669998,5684400.000000
2025-04-30,52.570000,53.740002,51.730000,53.630001,5451600.000000
2025-05-01,54.099998,55.189999,53.009998,53.060001,8839200.000000
2025-05-02,53.590000,55.340000,53.529999,54.090000,10786400.000000
2025-05-05,53.799999,56.835999,53.349998,55.500000,11724900.000000
2025-05-06,54.700001,56.570000,54.290001,55.630001,9570300.000000
2025-05-07,56.070000,57.060001,55.474998,56.459999,8543000.000000
2025-05-08,57.685001,61.049999,57.610001,59.900002,26502000.000000
2025-05-09,69.750000,75.769997,68.980003,71.040001,48903700.000000
2025-05-12,75.074997,80.169998,75.074997,79.400002,32485900.000000
2025-05-13,80.019997,80.550003,78.029999,78.139999,14240800.000000
2025-05-14,77.680000,79.949997,77.260002,79.139999,11980500.000000
2025-05-15,78.025002,78.290001,75.019997,77.500000,9364000.000000
2025-05-16,77.500000,77.504997,76.134003,76.309998,6568300.000000
2025-05-19,74.199997,76.889999,74.110001,76.320000,4819500.000000
2025-05-20,76.199997,77.442001,75.870003,77.059998,4918900.000000
2025-05-21,76.000000,76.790001,74.120003,74.470001,6323000.000000
2025-05-22,74.400002,75.162003,73.839996,74.330002,4805700.000000
2025-05-23,72.089996,74.349998,71.849998,73.889999,4840700.000000
2025-05-27,75.559998,76.555000,74.449997,76.059998,4619500.000000
2025-05-28,76.169998,77.120003,75.839996,76.940002,6569700.000000
2025-05-29,77.790001,78.029999,74.550003,74.879997,5412700.000000
2025-05-30,74.300003,75.589996,73.244003,75.220001,6880600.000000
2025-06-02,74.660004,75.570000,73.290001,74.769997,3911100.000000
2025-06-03,75.430000,75.708000,73.485001,74.400002,4236300.000000
2025-06-04,74.349998,76.519997,74.345001,76.050003,4943000.000000
2025-06-05,76.180000,77.570000,70.995003,71.110001,12282200.000000
2025-06-06,72.160004,72.403999,70.341003,71.459999,9061400.000000
2025-06-09,71.650002,72.199997,70.550003,71.489998,5838300.000000
2025-06-10,72.014999,72.660004,71.309998,72.370003,4055600.000000
2025-06-11,72.589996,74.010002,72.129997,72.370003,5057700.000000
2025-06-12,71.620003,72.455002,70.260002,70.570000,7536600.000000
2025-06-13,68.925003,70.049004,67.775002,67.959999,6705000.000000
2025-06-16,66.820000,70.980003,66.589996,70.250000,8309800.000000
2025-06-17,69.690002,69.699997,66.959999,67.639999,8412900.000000
2025-06-18,67.589996,69.419998,67.544998,68.660004,6321600.000000
2025-06-20,69.239998,70.239998,67.889999,68.230003,7823500.000000
2025-06-23,68.080002,69.500000,67.000000,68.870003,6037000.000000
2025-06-24,70.150002,72.128998,69.940002,71.839996,6210200.000000
2025-06-25,72.739998,72.739998,69.080002,69.800003,5808500.000000
2025-06-26,67.504997,68.370003,65.550003,68.019997,9593400.000000
2025-06-27,70.595001,70.900002,68.989998,69.330002,9297600.000000
2025-06-30,70.695000,73.760002,70.349998,71.989998,7881000.000000
2025-07-01,73.434998,74.879997,72.570999,73.489998,8385400.000000
2025-07-02,72.970001,74.099998,72.374001,73.580002,4755200.000000
2025-07-03,73.919998,75.300003,73.860001,74.410004,3176400.000000
2025-07-07,73.800003,74.839996,73.050003,73.559998,5057900.000000
2025-07-08,73.980003,74.440002,73.000000,74.029999,4648200.000000
2025-07-09,74.000000,76.160004,73.750000,75.629997,4757400.000000
2025-07-10,76.339996,77.120003,75.610001,76.849998,6698900.000000
2025-07-11,76.199997,77.180000,74.720001,75.379997,5951400.000000
2025-07-14,76.110001,77.769997,75.300003,75.430000,8323000.000000
2025-07-15,85.260002,86.000000,80.320000,80.400002,43674100.000000
2025-07-16,82.029999,82.489998,80.239998,81.129997,22421000.000000
2025-07-17,81.650002,83.940002,80.980003,81.440002,111506800.000000
2025-07-18,81.070000,81.294998,79.709999,80.209999,11405000.000000
2025-07-21,80.000000,82.154999,79.089996,80.029999,9536500.000000
2025-07-22,80.239998,82.099998,80.000000,81.669998,6889600.000000
2025-07-23,81.779999,85.044998,81.660004,84.629997,8909600.000000
2025-07-24,84.769997,85.410004,83.665001,85.000000,6984400.000000
2025-07-25,85.300003,86.305000,83.750000,86.139999,6043300.000000
2025-07-28,86.599998,88.650002,86.400002,88.459999,7514900.000000
2025-07-29,89.000000,89.134003,83.599998,84.529999,10444200.000000
2025-07-30,84.739998,87.010002,84.439003,86.419998,6020400.000000
2025-07-31,86.845001,88.574997,86.000999,86.959999,7577100.000000
2025-08-01,84.000000,86.360001,81.870003,86.080002,9977400.000000
2025-08-04,87.029999,89.809998,86.760002,89.760002,8305700.000000
2025-08-05,89.739998,90.500000,87.120003,87.699997,8530200.000000
2025-08-06,88.160004,90.660004,88.125000,89.580002,8653800.000000
2025-08-07,90.750000,91.449997,87.440002,88.330002,21958000.000000
2025-08-08,56.639999,57.000000,53.180000,54.230000,105358400.000000
2025-08-11,53.799999,56.770000,52.790001,53.174999,37670400.000000
2025-08-12,53.500000,54.450001,52.174999,53.270000,24988600.000000
2025-08-13,53.500000,54.525002,52.514999,54.360001,19490800.000000
2025-08-14,53.299999,53.490002,50.209999,50.759998,34084000.000000
2025-08-15,51.029999,53.060001,50.470001,52.119999,17870800.000000
2025-08-18,52.125000,55.400002,52.000000,54.950001,16702700.000000
2025-08-19,55.150002,55.169998,52.299999,52.529999,13601600.000000
2025-08-20,52.564999,52.814999,51.290001,52.529999,9001100.000000
2025-08-21,52.570000,52.700001,51.720001,52.299999,6558100.000000
2025-08-22,52.189999,54.189999,52.020000,53.200001,10237200.000000
2025-08-25,53.189999,53.619999,52.369999,52.369999,7639100.000000
2025-08-26,52.570000,53.000000,52.049999,52.220001,7241600.000000
2025-08-27,52.209999,53.025002,51.930000,52.650002,7614400.000000
2025-08-28,52.840000,55.560001,52.674000,55.360001,12371400.000000
2025-08-29,54.919998,55.529999,54.360001,54.660000,8738500.000000
2025-09-02,53.450001,54.250000,52.698002,54.180000,7788300.000000
2025-09-03,53.889999,54.299999,53.209999,53.770000,7132700.000000
2025-09-04,53.880001,54.075001,51.730000,51.919998,11413400.000000
2025-09-05,52.000000,52.570000,51.009998,52.070000,11342800.000000
2025-09-08,52.310001,52.480000,50.639999,52.029999,10656900.000000
2025-09-09,51.779999,52.830002,51.520000,52.400002,7883400.000000
2025-09-10,51.549999,51.560001,45.310001,46.139999,48170700.000000
2025-09-11,46.299999,46.790001,45.220001,45.240002,26904000.000000
2025-09-12,45.400002,46.180000,45.049999,45.150002,19764800.000000
2025-09-15,45.279999,46.270000,45.200001,45.540001,15374300.000000
2025-09-16,44.000000,46.334999,43.509998,44.895000,24134800.000000
2025-09-17,44.900002,46.279999,44.349998,45.369999,17544200.000000
2025-09-18,45.375000,45.680000,43.889999,43.930000,22314400.000000
2025-09-19,43.869999,44.575001,43.099998,44.470001,52978400.000000
2025-09-22,43.880001,46.674999,43.660000,46.150002,23599800.000000
2025-09-23,46.205002,47.590000,45.880001,46.860001,20024000.000000
2025-09-24,47.095001,47.750000,46.430000,46.869999,15392200.000000
2025-09-25,45.959999,47.290001,45.470001,46.759998,14285900.000000
2025-09-26,46.669998,47.200001,46.025002,47.139999,9250500.000000
2025-09-29,47.580002,50.540001,47.220001,49.639999,21147100.000000
2025-09-30,50.000000,50.740002,48.520000,49.009998,26414900.000000
2025-10-01,48.820000,49.689999,48.134998,49.320000,13061000.000000
2025-10-02,49.750000,51.139999,48.700001,50.880001,15268100.000000
2025-10-03,51.044998,51.689999,50.650002,51.549999,11935900.000000
2025-10-06,52.389999,53.740002,50.889999,53.139999,12580000.000000
2025-10-07,54.705002,56.389999,52.799999,53.490002,17831500.000000
2025-10-08,53.689999,54.973999,52.597000,54.070000,10859200.000000
2025-10-09,54.080002,54.259998,52.889999,54.090000,9949100.000000
2025-10-10,54.189999,54.990002,51.414001,52.360001,12452900.000000
2025-10-13,52.595001,53.410000,50.939999,51.275002,10294600.000000
2025-10-14,50.299999,51.259998,49.450001,50.730000,8133800.000000
2025-10-15,51.165001,51.669998,50.209999,51.099998,7470300.000000
2025-10-16,51.110001,51.880001,49.599998,49.900002,8541300.000000
2025-10-17,49.169998,50.820000,48.480000,49.980000,9224200.000000
2025-10-20,50.369999,53.080002,50.299999,52.494999,8558800.000000
2025-10-21,52.880001,54.705002,52.450001,53.919998,13123200.000000
2025-10-22,53.459999,54.259998,52.650002,53.889999,7354500.000000
2025-10-23,53.790001,54.630001,53.270000,54.130001,5152500.000000
2025-10-24,54.790001,55.110001,51.119999,52.000000,12294500.000000
2025-10-27,52.689999,54.044998,52.044998,53.610001,10851100.000000
2025-10-28,53.599998,53.939999,51.410000,51.669998,6958300.000000
2025-10-29,51.619999,51.619999,49.230000,49.959999,11888300.000000
2025-10-30,49.555000,50.570000,48.779999,48.970001,7389700.000000
2025-10-31,49.080002,50.790001,48.869999,50.279999,10012700.000000
2025-11-03,49.919998,50.055000,48.049999,49.119999,9623200.000000
2025-11-04,48.375000,48.465000,47.090000,47.240002,8540900.000000
2025-11-05,47.009998,48.299999,47.009998,47.700001,9982300.000000
2025-11-06,47.720001,47.959999,45.595001,45.900002,24102100.000000
2025-11-07,46.000000,46.000000,41.772999,43.000000,34336200.000000
2025-11-10,44.049999,44.869999,42.009998,43.259998,23444600.000000
2025-11-11,43.310001,44.490002,43.049999,44.200001,13144600.000000
2025-11-12,44.889999,45.500000,43.529999,43.790001,10335800.000000
2025-11-13,43.500000,43.860001,42.490002,42.869999,9301200.000000
2025-11-14,42.145000,42.689999,41.500000,41.930000,11493500.000000
2025-11-17,41.910000,41.910000,39.750000,40.209999,14631400.000000
2025-11-18,39.764999,41.191002,39.689999,40.470001,10171600.000000
2025-11-19,40.599998,41.160000,39.794998,40.189999,11633300.000000
2025-11-20,40.735001,41.146000,38.279999,38.349998,14808900.000000
2025-11-21,38.360001,40.009998,38.224998,39.650002,15475400.000000
2025-11-24,39.720001,39.750000,38.500000,39.060001,15322400.000000
2025-11-25,38.945000,39.389999,38.459999,39.090000,13823600.000000
2025-11-26,39.174999,39.540001,38.750000,39.110001,12017400.000000
2025-11-28,39.230000,40.005001,39.029999,39.560001,5248900.000000
2025-12-01,38.974998,40.181000,38.580002,39.580002,11119200.000000
2025-12-02,39.910000,40.710999,39.825001,39.950001,9365700.000000
2025-12-03,39.715000,40.080002,38.560001,38.610001,12875800.000000
2025-12-04,38.980000,39.465000,38.250000,39.349998,13044900.000000
2025-12-05,39.639999,41.005001,39.570000,40.049999,11322800.000000
2025-12-08,40.200001,40.290001,39.320000,39.349998,10925300.000000
2025-12-09,39.205002,39.849998,38.810001,39.400002,8764800.000000
2025-12-10,39.259998,39.799999,38.779999,39.220001,9120600.000000
2025-12-11,38.415001,38.487000,36.779999,37.020000,21472800.000000
2025-12-12,37.189999,37.835999,36.509998,36.650002,13651000.000000
2025-12-15,36.695000,36.700001,35.650002,36.189999,17389400.000000
2025-12-16,36.099998,36.770000,35.720001,36.639999,13116400.000000
2025-12-17,36.570000,37.959999,36.360001,37.169998,14206300.000000
2025-12-18,37.630001,37.730000,36.889999,37.290001,10653500.000000
2025-12-19,37.150002,37.605000,36.810001,37.259998,63754500.000000
2025-12-22,37.529999,38.000000,37.049999,37.290001,11795000.000000
2025-12-23,37.130001,37.616001,36.790001,37.439999,9550200.000000
2025-12-24,37.400002,38.139999,37.169998,38.119999,4208600.000000
2025-12-26,38.049999,38.416000,37.790001,38.310001,6307500.000000
2025-12-29,38.090000,38.759998,37.959999,38.389999,9907300.000000
2025-12-30,38.220001,38.900002,38.099998,38.119999,8090200.000000
2025-12-31,38.064999,38.470001,37.835999,37.959999,7624600.000000
2026-01-02,38.195000,38.240002,36.794998,37.680000,9782600.000000
2026-01-05,37.950001,40.200001,37.849998,40.110001,14290500.000000
2026-01-06,40.110001,40.900002,39.505001,39.740002,12163500.000000
2026-01-07,39.759998,39.990002,38.290001,38.650002,10377300.000000
2026-01-08,38.439999,38.451000,37.040001,37.299999,12829100.000000
2026-01-09,37.540001,37.650002,36.630001,37.290001,10244800.000000
2026-01-12,37.349998,37.770000,36.740002,36.900002,11020900.000000
2026-01-13,36.910000,37.299999,36.250000,37.139999,11829400.000000
2026-01-14,37.130001,37.250000,36.320000,37.130001,9994500.000000
2026-01-15,37.200001,37.224998,35.880001,36.230000,11334100.000000
2026-01-16,36.259998,36.349998,35.235001,35.480000,12520600.000000
2026-01-20,34.810001,35.081001,34.000000,34.150002,10964400.000000
2026-01-21,34.430000,35.535000,34.349998,35.330002,9366600.000000
2026-01-22,35.744999,36.955002,35.630001,36.820000,8293100.000000
2026-01-23,36.235001,36.695000,36.060001,36.549999,6203300.000000
2026-01-26,36.360001,36.380001,33.430000,33.810001,24784700.000000
2026-01-27,33.520000,33.570000,31.830000,32.189999,18874800.000000
2026-01-28,32.485001,32.775002,31.840000,31.870001,9848700.000000
2026-01-29,31.549999,31.629999,30.820000,31.250000,13680700.000000
2026-01-30,31.330000,31.340000,30.129999,30.330000,14739700.000000
2026-02-02,30.129999,30.889999,29.690001,29.750000,14344500.000000
2026-02-03,28.504999,28.531000,26.570000,27.180000,29647500.000000
2026-02-04,27.035000,27.495001,26.040001,27.270000,19189500.000000
2026-02-05,27.000000,27.780001,26.010000,26.240000,22379300.000000
2026-02-06,26.330000,27.059999,26.059999,27.040001,13597700.000000
2026-02-09,27.120001,27.260000,26.670000,27.040001,8224900.000000
2026-02-10,27.340000,28.540001,27.299999,28.129999,13246100.000000
2026-02-11,28.242001,28.365000,26.945000,27.230000,10270300.000000
2026-02-12,27.330000,27.480000,25.934999,26.139999,16259300.000000
2026-02-13,26.415001,26.815001,25.639999,25.809999,13286200.000000
2026-02-17,25.889999,26.260000,24.840000,25.260000,13547700.000000
2026-02-18,25.129999,25.840000,24.940001,25.500000,17331300.000000
2026-02-19,25.370001,25.820000,25.135000,25.240000,20280400.000000
2026-02-20,25.150000,26.120001,24.910000,25.100000,15338900.000000
2026-02-23,24.910000,25.000000,24.049999,24.170000,14439000.000000
2026-02-24,24.110001,24.980000,23.780001,24.940001,11968400.000000
2026-02-25,24.930000,25.740000,24.544001,25.160000,29451300.000000
2026-02-26,21.100000,24.330000,21.080000,23.950001,52998600.000000
2026-02-27,23.510000,24.090000,22.469999,23.820000,23911200.000000
2026-03-02,23.075001,24.340000,22.879999,24.320000,20259800.000000
2026-03-03,24.059999,25.245001,23.530001,25.000000,19617000.000000
2026-03-04,25.035000,25.590000,24.570000,25.170000,22542800.000000
2026-03-05,31.489000,32.900002,29.252001,29.790001,82707400.000000
2026-03-06,29.165001,29.510000,28.035000,29.280001,29201000.000000
2026-03-09,28.770000,28.966000,27.980000,28.559999,16131100.000000
2026-03-10,28.629999,28.629999,27.120001,27.660000,16188600.000000
2026-03-11,28.090000,28.290001,26.830000,27.280001,12777800.000000
2026-03-12,27.420000,28.080000,26.469999,26.525000,11827100.000000
2026-03-13,26.645000,27.546000,26.200001,27.340000,12999500.000000
2026-03-16,27.879999,27.999001,26.930000,27.080000,10875300.000000
2026-03-17,27.160000,28.639999,24.820000,25.070000,40427200.000000
2026-03-18,23.340000,24.500000,23.000000,23.549999,36151500.000000
2026-03-19,23.205000,24.000000,22.950001,23.510000,17502900.000000
2026-03-20,23.490000,24.490000,23.200001,24.110001,24215600.000000
2026-03-23,24.330000,24.650000,23.730000,23.950001,14636700.000000
2026-03-24,23.820000,23.879999,21.570000,22.340000,30889600.000000
2026-03-25,22.680000,23.129999,21.540001,21.969999,15947700.000000
2026-03-26,21.760000,22.360001,21.549999,21.740000,14263300.000000
2026-03-27,21.610001,21.639999,21.030001,21.280001,14842000.000000
2026-03-30,21.200001,22.570000,21.200001,22.010000,21062700.000000
2026-03-31,22.000000,23.299999,21.980000,22.690001,42271400.000000
2026-04-01,22.639999,22.820000,21.719999,21.980000,16654900.000000
2026-04-02,21.740000,22.525000,21.455000,22.049999,12607200.000000
2026-04-06,21.889999,22.540001,21.889999,22.209999,8187900.000000
2026-04-07,22.110001,22.540001,20.375000,20.700001,22385900.000000
2026-04-08,21.520000,21.725000,20.110001,20.250000,21288600.000000
2026-04-09,20.209999,20.690001,19.740000,20.610001,19660000.000000
2026-04-10,20.700001,21.020000,19.969999,20.090000,12841900.000000
2026-04-13,20.150000,21.285000,20.120001,21.219999,14529400.000000
2026-04-14,21.330000,21.920000,20.924999,21.020000,12569100.000000
2026-04-15,21.430000,22.549999,21.299999,22.379999,15488600.000000
2026-04-16,22.770000,23.389999,22.620001,22.760000,17676500.000000
2026-04-17,23.066000,23.420000,22.299999,22.469999,19586700.000000
2026-04-20,22.270000,24.315001,22.250000,24.049999,21010700.000000
2026-04-21,23.924999,24.063999,22.924999,23.200001,19405900.000000
2026-04-22,23.430000,23.670000,23.200001,23.559999,11892000.000000
2026-04-23,23.260000,23.270000,22.129999,22.620001,13287500.000000
2026-04-24,23.639999,24.170000,22.980000,23.969999,21016200.000000
2026-04-27,23.250000,23.910000,22.860001,23.139999,15602800.000000
2026-04-28,23.040001,23.690001,22.910000,23.230000,10842700.000000
2026-04-29,23.590000,24.507999,23.450001,24.370001,20333400.000000
2026-04-30,23.870001,23.910000,23.150000,23.590000,14696500.000000
2026-05-01,24.309999,24.870001,24.020000,24.240000,17025200.000000
2026-05-04,24.580000,24.836000,23.910000,24.100000,12388800.000000
2026-05-05,24.010000,24.719999,23.370001,24.610001,19634400.000000
2026-05-06,24.820000,24.850000,23.870001,24.010000,15459500.000000
2026-05-07,24.080000,24.660000,23.370001,23.490000,43042300.000000
2026-05-08,20.975000,23.105000,20.725000,23.080000,41292200.000000
2026-05-11,22.750000,22.889999,20.834999,21.520000,21721400.000000
2026-05-12,21.764999,21.879999,21.035000,21.139999,16822600.000000
2026-05-13,20.895000,20.895000,19.830000,20.490000,18832000.000000
2026-05-14,20.440001,20.639999,20.035000,20.410000,14035300.000000
2026-05-15,20.459999,21.170000,20.400000,21.150000,17607700.000000
2026-05-18,20.990000,22.577999,20.990000,22.270000,20491900.000000
2026-05-19,22.570000,23.240000,21.110001,21.160000,19886400.000000
2026-05-20,20.764999,21.040001,20.219999,21.020000,21267300.000000
2026-05-21,20.879999,21.410000,20.620001,21.280001,10602000.000000
2026-05-22,21.350000,22.507999,21.309999,22.379999,16293600.000000
2026-05-26,22.000000,22.559999,21.750000,22.180000,16671300.000000
2026-05-27,22.125000,23.360001,22.125000,22.290001,17333900.000000
2026-05-28,21.240000,21.760000,20.799999,21.150000,21718000.000000
2026-05-29,21.200001,22.155001,20.965000,21.559999,48457400.000000
2026-06-01,21.990000,23.570000,21.785000,23.219999,22967900.000000
2026-06-02,22.530001,22.600000,21.000000,21.100000,21905500.000000
2026-06-03,21.000000,21.030001,20.049999,20.559999,17598000.000000
2026-06-04,20.950001,21.910000,20.540001,21.030001,19800500.000000
