date,open,high,low,close,volume
2019-05-10,42.000000,45.000000,41.060001,41.570000,186322500.000000
2019-05-13,38.790001,39.240002,36.080002,37.099998,79442400.000000
2019-05-14,38.310001,39.959999,36.849998,39.959999,46661100.000000
2019-05-15,39.369999,41.880001,38.950001,41.290001,36086100.000000
2019-05-16,41.480000,44.060001,41.250000,43.000000,38115500.000000
2019-05-17,41.980000,43.290001,41.270000,41.910000,20225700.000000
2019-05-20,41.189999,41.680000,39.459999,41.590000,29222300.000000
2019-05-21,42.000000,42.240002,41.250000,41.500000,10802900.000000
2019-05-22,41.049999,41.279999,40.500000,41.250000,9089500.000000
2019-05-23,40.799999,41.090000,40.020000,40.470001,11119900.000000
2019-05-24,41.279999,41.509998,40.500000,41.509998,8786800.000000
2019-05-28,41.700001,41.799999,40.599998,40.950001,13391600.000000
2019-05-29,40.520000,40.709999,39.146999,39.939999,14060400.000000
2019-05-30,40.070000,40.380001,39.500000,39.799999,26451900.000000
2019-05-31,41.150002,41.570000,39.410000,40.410000,23209800.000000
2019-06-03,40.743999,41.849998,40.240002,41.250000,16605300.000000
2019-06-04,42.560001,42.880001,40.700001,42.750000,23432100.000000
2019-06-05,42.869999,45.660000,42.500000,45.000000,28609600.000000
2019-06-06,45.000000,45.750000,44.279999,44.919998,16403700.000000
2019-06-07,44.919998,45.669998,44.130001,44.160000,12654700.000000
2019-06-10,44.020000,44.590000,42.529999,42.610001,11618700.000000
2019-06-11,43.220001,43.650002,41.799999,42.450001,9095000.000000
2019-06-12,42.520000,42.650002,41.709999,42.169998,5965300.000000
2019-06-13,43.049999,44.349998,42.799999,44.310001,10178900.000000
2019-06-14,44.750000,44.799999,43.110001,43.230000,7902200.000000
2019-06-17,43.279999,44.078999,42.930000,43.779999,6557600.000000
2019-06-18,44.299999,44.889999,43.750000,43.860001,7313600.000000
2019-06-19,44.459999,45.500000,43.950001,44.860001,10331500.000000
2019-06-20,45.029999,45.290001,43.509998,43.860001,9567400.000000
2019-06-21,43.849998,44.139999,43.380001,44.000000,4974000.000000
2019-06-24,44.000000,44.070000,42.820000,43.090000,5985100.000000
2019-06-25,43.279999,43.790001,42.443001,43.090000,5753300.000000
2019-06-26,43.250000,43.400002,42.360001,42.500000,8109100.000000
2019-06-27,43.349998,45.299999,43.200001,45.130001,20155100.000000
2019-06-28,45.099998,47.080002,45.080002,46.380001,28657000.000000
2019-07-01,46.980000,47.040001,44.060001,44.270000,17660500.000000
2019-07-02,44.549999,44.680000,43.750000,44.000000,11881300.000000
2019-07-03,44.000000,44.459999,43.790001,44.230000,3380000.000000
2019-07-05,44.310001,44.549999,43.009998,43.529999,8239500.000000
2019-07-08,43.590000,43.849998,42.750000,42.950001,9304100.000000
2019-07-09,43.180000,44.230000,42.980000,44.200001,5251600.000000
2019-07-10,44.480000,44.799999,43.560001,43.700001,9746500.000000
2019-07-11,44.099998,44.290001,43.310001,43.990002,8050900.000000
2019-07-12,44.160000,44.240002,43.389999,43.990002,8760500.000000
2019-07-15,44.200001,44.700001,43.970001,44.529999,5811200.000000
2019-07-16,44.599998,44.980000,44.020000,44.130001,5613300.000000
2019-07-17,44.060001,44.349998,43.520000,43.619999,5854100.000000
2019-07-18,43.500000,43.849998,43.189999,43.709999,4078700.000000
2019-07-19,43.900002,44.085999,43.160000,43.180000,4021000.000000
2019-07-22,43.250000,43.720001,43.009998,43.689999,3815300.000000
2019-07-23,43.750000,44.310001,43.110001,43.360001,5110100.000000
2019-07-24,43.360001,43.869999,43.360001,43.759998,3775700.000000
2019-07-25,43.720001,43.959999,43.209999,43.400002,4412000.000000
2019-07-26,43.419998,44.959999,43.389999,44.520000,7598800.000000
2019-07-29,45.000000,45.626999,43.119999,43.880001,8652200.000000
2019-07-30,43.709999,43.740002,42.490002,42.590000,7686300.000000
2019-07-31,42.599998,42.980000,41.840000,42.139999,5970800.000000
2019-08-01,42.139999,42.535999,41.000000,41.310001,7349700.000000
2019-08-02,41.029999,41.060001,39.950001,40.400002,8225700.000000
2019-08-05,39.349998,39.419998,38.432999,39.049999,9799300.000000
2019-08-06,39.680000,40.807999,38.360001,39.150002,8570300.000000
2019-08-07,39.060001,39.990002,38.320000,39.700001,8896000.000000
2019-08-08,41.980000,43.000000,41.250000,42.970001,29610500.000000
2019-08-09,39.560001,40.680000,38.709999,40.049999,35138800.000000
2019-08-12,39.830002,39.950001,37.000000,37.000000,21231300.000000
2019-08-13,37.000000,37.459999,36.119999,36.450001,18990600.000000
2019-08-14,36.000000,36.299999,33.360001,33.959999,24481600.000000
2019-08-15,34.520000,34.549999,32.919998,33.220001,13265800.000000
2019-08-16,33.459999,35.480000,33.400002,35.230000,13883200.000000
2019-08-19,35.529999,35.799999,34.369999,34.610001,10853100.000000
2019-08-20,34.480000,36.070000,34.389999,35.290001,10760700.000000
2019-08-21,35.500000,35.830002,34.750000,34.910000,7923000.000000
2019-08-22,34.799999,34.910000,33.520000,34.000000,8513300.000000
2019-08-23,33.650002,34.230000,33.119999,33.430000,8160600.000000
2019-08-26,33.669998,33.830002,33.060001,33.310001,5662500.000000
2019-08-27,33.689999,34.240002,32.980000,33.110001,6574800.000000
2019-08-28,32.560001,33.049999,32.259998,32.590000,6245500.000000
2019-08-29,32.900002,33.299999,32.599998,32.759998,5772200.000000
2019-08-30,33.000000,33.130001,32.040001,32.570000,6628700.000000
2019-09-03,32.099998,32.529999,30.665001,30.700001,12154000.000000
2019-09-04,30.910000,32.360001,30.850000,31.990000,10357600.000000
2019-09-05,32.330002,33.029999,32.250000,32.509998,7933300.000000
2019-09-06,32.709999,32.740002,31.410000,31.860001,7036000.000000
2019-09-09,32.049999,32.389999,31.459999,32.240002,7448400.000000
2019-09-10,32.000000,33.740002,31.650000,33.509998,10817100.000000
2019-09-11,33.380001,35.139999,33.020000,34.000000,14715800.000000
2019-09-12,34.139999,34.486000,33.330002,34.070000,7734800.000000
2019-09-13,34.250000,34.435001,32.939999,33.250000,9428600.000000
2019-09-16,33.599998,34.799999,33.470001,34.430000,7942600.000000
2019-09-17,34.750000,34.750000,33.549999,34.290001,5561300.000000
2019-09-18,34.349998,34.889999,33.750000,34.259998,6608300.000000
2019-09-19,34.200001,34.639999,33.680000,33.820000,6869600.000000
2019-09-20,33.980000,34.216999,32.500000,32.599998,11935400.000000
2019-09-23,32.520000,33.009998,32.060001,33.000000,5513000.000000
2019-09-24,33.000000,33.145000,31.010000,31.299999,10579900.000000
2019-09-25,31.270000,31.719999,30.760000,31.680000,7875000.000000
2019-09-26,31.719999,32.130001,31.129999,31.570000,6058700.000000
2019-09-27,31.709999,31.900000,30.129999,30.290001,11846700.000000
2019-09-30,30.400000,30.735001,30.170000,30.469999,4986600.000000
2019-10-01,30.370001,30.510000,28.650000,29.150000,13380200.000000
2019-10-02,28.670000,29.549999,28.309999,29.000000,8782400.000000
2019-10-03,28.969999,29.879999,28.520000,29.719999,9412000.000000
2019-10-04,29.900000,30.180000,28.900000,29.670000,8597700.000000
2019-10-07,30.600000,30.750000,29.830000,30.370001,10083800.000000
2019-10-08,30.010000,30.150000,29.170000,29.280001,7769100.000000
2019-10-09,29.620001,29.620001,28.809999,29.070000,7112900.000000
2019-10-10,29.209999,29.280001,28.580000,28.870001,7716300.000000
2019-10-11,28.950001,30.400000,28.940001,30.129999,10216900.000000
2019-10-14,30.219999,31.540001,29.819000,31.120001,7945400.000000
2019-10-15,31.200001,32.169998,31.195000,32.000000,7843800.000000
2019-10-16,31.799999,32.380001,31.438000,31.870001,7781600.000000
2019-10-17,31.799999,32.930000,31.450001,32.619999,7200800.000000
2019-10-18,32.549999,32.660000,31.270000,32.060001,7844500.000000
2019-10-21,31.950001,32.283001,31.184999,31.410000,7203400.000000
2019-10-22,31.410000,33.889999,30.219999,32.529999,19214800.000000
2019-10-23,32.869999,33.270000,32.169998,33.049999,6709800.000000
2019-10-24,33.000000,33.419998,32.509998,33.279999,6729300.000000
2019-10-25,33.200001,33.480000,32.610001,32.709999,8077300.000000
2019-10-28,32.900002,33.355000,32.500000,33.220001,7532800.000000
2019-10-29,32.369999,32.919998,31.815001,32.419998,9319200.000000
2019-10-30,32.509998,33.799999,32.110001,33.750000,10732700.000000
2019-10-31,33.230000,33.360001,31.260000,31.500000,15912400.000000
2019-11-01,31.450001,31.700001,30.740999,31.370001,10434300.000000
2019-11-04,31.450001,31.750000,30.120001,31.080000,28787400.000000
2019-11-05,29.129999,29.299999,27.969999,28.020000,51963500.000000
2019-11-06,26.059999,27.549999,25.580000,26.940001,130965700.000000
2019-11-07,26.799999,27.420000,26.450001,27.379999,65861400.000000
2019-11-08,27.480000,27.620001,26.915001,27.010000,44923600.000000
2019-11-11,27.030001,27.209999,26.230000,27.139999,41138100.000000
2019-11-12,27.379999,27.660000,26.660000,26.700001,37095400.000000
2019-11-13,26.469999,26.820000,26.139999,26.709999,32678300.000000
2019-11-14,26.799999,26.860001,25.665001,25.990000,27893900.000000
2019-11-15,26.180000,26.799999,25.955000,26.790001,41236200.000000
2019-11-18,26.799999,27.000000,26.299999,26.750000,35916100.000000
2019-11-19,26.770000,27.219999,26.610001,27.049999,31793500.000000
2019-11-20,27.059999,28.400000,26.945000,28.030001,52746600.000000
2019-11-21,28.670000,29.600000,28.500000,29.459999,54551400.000000
2019-11-22,29.840000,30.129999,29.209999,29.559999,42302900.000000
2019-11-25,28.690001,29.600000,28.379999,29.110001,36967500.000000
2019-11-26,29.490000,30.150000,29.360001,29.530001,28746600.000000
2019-11-27,29.420000,29.590000,28.879999,29.490000,22421400.000000
2019-11-29,29.410000,29.850000,29.250000,29.600000,8115100.000000
2019-12-02,29.320000,29.525000,28.700001,28.980000,16927100.000000
2019-12-03,28.200001,29.330000,28.150000,29.020000,25252400.000000
2019-12-04,29.100000,29.200001,28.700001,29.059999,22517600.000000
2019-12-05,28.940001,28.990000,28.180000,28.650000,22504300.000000
2019-12-06,28.400000,28.924999,27.799999,27.860001,32816100.000000
2019-12-09,27.959999,28.360001,27.680000,27.680000,20977300.000000
2019-12-10,27.730000,27.993000,27.605000,27.889999,23602700.000000
2019-12-11,27.990000,28.545000,27.850000,28.420000,23281700.000000
2019-12-12,28.290001,28.750000,28.190001,28.690001,23569900.000000
2019-12-13,28.580000,28.840000,28.270000,28.490000,25431600.000000
2019-12-16,29.110001,30.129999,29.100000,30.049999,57382500.000000
2019-12-17,30.370001,30.420000,29.530001,29.750000,38250700.000000
2019-12-18,29.620001,30.139999,29.340000,30.129999,35375100.000000
2019-12-19,29.840000,30.170000,29.530001,29.990000,33799700.000000
2019-12-20,30.100000,31.030001,29.850000,30.450001,95455100.000000
2019-12-23,30.490000,30.940001,29.830000,30.330000,31209100.000000
2019-12-24,30.330000,30.840000,30.110001,30.440001,12938600.000000
2019-12-26,30.469999,30.790001,30.030001,30.670000,22200800.000000
2019-12-27,30.799999,31.059999,30.170000,30.170000,18462200.000000
2019-12-30,30.129999,30.200001,29.350000,29.740000,18805900.000000
2019-12-31,29.110001,29.950001,28.900000,29.740000,16228400.000000
2020-01-02,29.940001,31.000000,29.790001,30.990000,20578900.000000
2020-01-03,30.620001,31.430000,30.480000,31.370001,18822700.000000
2020-01-06,31.010000,32.060001,31.000000,31.580000,21204700.000000
2020-01-07,31.790001,32.840000,31.360001,32.810001,30119600.000000
2020-01-08,32.730000,34.520000,32.459999,33.930000,43944400.000000
2020-01-09,34.450001,34.470001,33.220001,33.970001,29385500.000000
2020-01-10,34.080002,34.990002,33.834999,34.009998,34266400.000000
2020-01-13,34.290001,34.340000,33.549999,34.139999,16915800.000000
2020-01-14,34.200001,35.020000,33.919998,34.840000,26019000.000000
2020-01-15,34.900002,35.148998,34.509998,35.009998,20762200.000000
2020-01-16,35.029999,35.060001,34.180000,34.680000,21947800.000000
2020-01-17,34.970001,35.250000,34.650002,35.130001,17251200.000000
2020-01-21,35.500000,37.799999,35.410000,37.599998,48746700.000000
2020-01-22,37.939999,37.939999,36.919998,37.040001,29765200.000000
2020-01-23,36.970001,37.950001,36.724998,37.400002,21366000.000000
2020-01-24,37.500000,37.665001,36.250000,36.799999,21598000.000000
2020-01-27,35.230000,36.650002,34.189999,36.299999,18818000.000000
2020-01-28,37.139999,37.330002,36.040001,37.009998,28974000.000000
2020-01-29,36.980000,37.564999,36.799999,36.990002,16863000.000000
2020-01-30,36.820000,37.132000,35.950001,36.680000,22847000.000000
2020-01-31,37.000000,37.040001,35.689999,36.290001,21553700.000000
2020-02-03,36.750000,37.639999,36.529999,37.590000,23494600.000000
2020-02-04,37.869999,38.990002,37.259998,38.529999,32425900.000000
2020-02-05,38.889999,38.970001,36.735001,36.810001,38413300.000000
2020-02-06,37.299999,37.389999,36.730000,37.090000,52699300.000000
2020-02-07,39.980000,41.000000,38.860001,40.630001,112325800.000000
2020-02-10,40.650002,41.340000,39.959999,40.009998,60840800.000000
2020-02-11,40.250000,41.465000,40.049999,41.270000,33896000.000000
2020-02-12,41.500000,41.860001,41.064999,41.250000,26444900.000000
2020-02-13,40.930000,41.549999,40.000000,40.090000,23850900.000000
2020-02-14,40.020000,40.310001,38.700001,39.660000,32014200.000000
2020-02-18,39.490002,40.270000,39.450001,40.180000,22149300.000000
2020-02-19,40.419998,41.230000,40.115002,41.049999,23287300.000000
2020-02-20,41.000000,41.189999,39.849998,40.919998,25446400.000000
2020-02-21,40.889999,40.889999,40.049999,40.720001,20595500.000000
2020-02-24,38.209999,39.139999,37.750000,38.310001,37123200.000000
2020-02-25,38.900002,39.150002,35.500000,35.889999,49281600.000000
2020-02-26,35.529999,36.165001,33.889999,34.450001,44051400.000000
2020-02-27,32.029999,34.160000,30.670000,32.450001,66557200.000000
2020-02-28,31.809999,34.290001,31.000000,33.869999,52049300.000000
2020-03-02,34.049999,34.080002,31.740000,32.849998,46662000.000000
2020-03-03,34.020000,34.180000,31.900000,33.040001,35182400.000000
2020-03-04,33.930000,35.340000,32.279999,34.529999,44738600.000000
2020-03-05,33.470001,33.570000,31.969999,32.209999,32764500.000000
2020-03-06,31.230000,32.410000,30.450001,31.680000,34808700.000000
2020-03-09,28.500000,30.320000,28.150000,28.170000,37439200.000000
2020-03-10,29.469999,29.860001,27.000000,28.969999,36308300.000000
2020-03-11,27.910000,28.139999,25.610001,26.240000,43067800.000000
2020-03-12,23.260000,24.690001,22.110001,22.610001,54042000.000000
2020-03-13,24.010000,24.809999,21.129999,22.600000,53844400.000000
2020-03-16,20.150000,21.490000,19.100000,20.290001,56914000.000000
2020-03-17,20.180000,20.309999,18.010000,18.910000,60003900.000000
2020-03-18,17.760000,17.799999,13.710000,14.820000,78286200.000000
2020-03-19,15.960000,21.260000,15.700000,20.490000,83988700.000000
2020-03-20,22.530001,23.889999,20.610001,21.330000,76529700.000000
2020-03-23,21.070000,22.730000,19.730000,22.400000,47787100.000000
2020-03-24,24.410000,26.840000,23.590000,26.389999,58505000.000000
2020-03-25,26.180000,28.450001,25.309999,26.190001,52473900.000000
2020-03-26,26.600000,28.440001,25.780001,28.120001,41336400.000000
2020-03-27,25.820000,28.030001,25.070000,27.280001,40292200.000000
2020-03-30,26.330000,28.389999,25.309999,27.830000,37725700.000000
2020-03-31,27.750000,28.250000,26.920000,27.920000,43126400.000000
2020-04-01,26.500000,26.767000,24.809999,25.420000,38538400.000000
2020-04-02,25.010000,25.200001,23.000000,23.680000,35838200.000000
2020-04-03,23.730000,23.790001,21.670000,22.820000,40572000.000000
2020-04-06,24.129999,26.090000,23.930000,25.990000,34692600.000000
2020-04-07,27.950001,28.110001,25.500000,25.740000,36433800.000000
2020-04-08,26.000000,27.878000,25.790001,26.940001,36166900.000000
2020-04-09,27.879999,28.889999,26.459999,27.110001,36190200.000000
2020-04-13,27.040001,28.080000,26.469999,27.990000,24671600.000000
2020-04-14,28.000000,28.770000,27.013000,27.750000,32625300.000000
2020-04-15,26.820000,27.790001,26.440001,27.410000,18720900.000000
2020-04-16,27.209999,28.049999,26.459999,27.030001,24088700.000000
2020-04-17,28.690001,28.790001,27.260000,28.000000,34129800.000000
2020-04-20,27.070000,28.760000,26.900000,28.190001,32224000.000000
2020-04-21,27.500000,28.150000,26.600000,27.190001,20969100.000000
2020-04-22,27.969999,28.559999,27.510000,28.240000,21199400.000000
2020-04-23,28.750000,29.250000,28.240999,28.330000,26992400.000000
2020-04-24,28.510000,29.590000,28.139999,29.490000,20634900.000000
2020-04-27,29.740000,30.490000,29.410999,30.080000,31705800.000000
2020-04-28,31.000000,31.830000,29.360001,30.120001,27383200.000000
2020-04-29,31.000000,32.000000,30.330000,31.370001,28288100.000000
2020-04-30,30.500000,31.049999,29.750000,30.270000,20095400.000000
2020-05-01,29.129999,29.719999,28.325001,28.389999,19290200.000000
2020-05-04,27.559999,28.070000,26.580000,27.420000,23428300.000000
2020-05-05,28.250000,28.909000,27.440001,28.070000,30725400.000000
2020-05-06,27.500000,28.059999,26.809999,27.820000,31076500.000000
2020-05-07,29.600000,31.650000,29.580000,30.930000,62229500.000000
2020-05-08,32.590000,33.299999,31.639999,32.790001,69458100.000000
2020-05-11,31.980000,32.384998,31.410000,31.639999,26439200.000000
2020-05-12,31.420000,34.450001,30.410000,32.400002,89586000.000000
2020-05-13,32.299999,33.060001,30.830000,33.020000,47279500.000000
2020-05-14,32.529999,33.040001,31.240000,32.790001,32912600.000000
2020-05-15,32.259998,32.889999,31.590000,32.470001,25950000.000000
2020-05-18,33.700001,36.000000,32.990002,33.619999,47534600.000000
2020-05-19,33.680000,34.000000,32.860001,33.400002,20223600.000000
2020-05-20,34.119999,34.770000,33.820000,34.480000,21386700.000000
2020-05-21,34.450001,35.009998,33.470001,34.259998,24075300.000000
2020-05-22,34.150002,34.930000,33.570000,34.830002,18675700.000000
2020-05-26,35.970001,36.000000,34.500000,34.560001,23483200.000000
2020-05-27,34.419998,35.000000,33.099998,34.880001,27514600.000000
2020-05-28,34.900002,35.099998,33.820000,34.150002,21951900.000000
2020-05-29,34.180000,36.450001,34.000000,36.320000,72393800.000000
2020-06-01,35.639999,36.389999,35.160000,35.820000,21893800.000000
2020-06-02,36.160000,36.419998,35.259998,35.810001,19328400.000000
2020-06-03,36.200001,37.368000,36.139999,36.750000,23051800.000000
2020-06-04,36.419998,37.299999,36.279999,36.430000,17423600.000000
2020-06-05,37.529999,38.783001,36.919998,37.209999,30393400.000000
2020-06-08,37.869999,37.900002,36.090000,37.080002,30099500.000000
2020-06-09,36.700001,37.330002,36.250000,36.590000,15127300.000000
2020-06-10,36.689999,36.799999,34.264999,34.830002,43473700.000000
2020-06-11,32.630001,33.244999,30.889999,31.100000,45298700.000000
2020-06-12,32.730000,32.740002,31.040001,32.240002,27685200.000000
2020-06-15,31.160000,32.680000,31.020000,32.669998,21350300.000000
2020-06-16,34.000000,34.169998,32.430000,33.490002,21377100.000000
2020-06-17,33.500000,33.595001,33.011002,33.290001,14827700.000000
2020-06-18,33.000000,33.439999,32.799999,33.400002,15495800.000000
2020-06-19,33.980000,34.020000,32.270000,32.299999,29426300.000000
2020-06-22,32.430000,32.849998,31.430000,32.680000,17790300.000000
2020-06-23,32.880001,33.209999,32.590000,33.049999,13622100.000000
2020-06-24,32.750000,32.930000,30.455000,30.459999,29477200.000000
2020-06-25,30.000000,30.855000,29.559999,30.580000,19142800.000000
2020-06-26,30.440001,30.440001,29.209999,29.610001,46482300.000000
2020-06-29,29.510000,29.750000,28.389999,29.629999,20795400.000000
2020-06-30,30.830000,31.250000,30.129999,31.080000,21282800.000000
2020-07-01,30.959999,31.264999,30.162001,30.430000,13611500.000000
2020-07-02,31.020000,31.570000,30.510000,30.680000,14981100.000000
2020-07-06,33.099998,33.200001,31.760000,32.520000,42392200.000000
2020-07-07,32.459999,33.560001,32.389999,32.820000,34874700.000000
2020-07-08,33.209999,33.970001,32.680000,33.930000,24602400.000000
2020-07-09,34.240002,34.459999,32.259998,33.150002,25061800.000000
2020-07-10,33.139999,33.549999,32.650002,33.139999,13586300.000000
2020-07-13,33.209999,33.599998,31.660000,31.719999,19604800.000000
2020-07-14,31.350000,31.379999,30.480000,30.930000,21781800.000000
2020-07-15,32.099998,32.970001,31.680000,32.810001,20976500.000000
2020-07-16,32.049999,32.590000,31.549999,32.349998,11090800.000000
2020-07-17,32.580002,32.816002,31.850000,32.549999,13658700.000000
2020-07-20,32.480000,33.924999,32.349998,33.660000,16213600.000000
2020-07-21,34.160000,34.230000,32.529999,32.549999,16725100.000000
2020-07-22,32.439999,32.880001,32.330002,32.660000,12128400.000000
2020-07-23,32.330002,33.020000,31.983000,32.169998,12749800.000000
2020-07-24,31.740000,31.799999,30.469999,31.180000,16896100.000000
2020-07-27,31.209999,31.600000,30.750000,30.990000,10182300.000000
2020-07-28,30.790001,31.240000,30.350000,30.809999,12977100.000000
2020-07-29,30.920000,31.260000,30.770000,31.020000,8215900.000000
2020-07-30,30.650000,30.680000,29.969999,30.240000,13062900.000000
2020-07-31,30.400000,30.420000,29.785000,30.260000,16346800.000000
2020-08-03,30.240000,31.295000,30.059999,31.190001,17078900.000000
2020-08-04,31.170000,32.845001,31.170000,32.680000,21958100.000000
2020-08-05,33.099998,33.320000,32.500000,33.200001,16987800.000000
2020-08-06,33.270000,34.794998,33.209999,34.709999,38601500.000000
2020-08-07,33.090000,33.700001,32.450001,32.900002,39071200.000000
2020-08-10,33.040001,33.180000,31.510000,32.270000,21347600.000000
2020-08-11,31.660000,32.209999,30.650000,31.209999,31569900.000000
2020-08-12,31.459999,32.220001,30.690001,30.840000,23375900.000000
2020-08-13,30.520000,31.330000,30.320000,30.459999,21976800.000000
2020-08-14,30.400000,30.490000,29.815001,29.990000,17631600.000000
2020-08-17,30.049999,30.120001,29.139999,29.480000,18544700.000000
2020-08-18,29.500000,30.459999,29.410000,30.080000,29398200.000000
2020-08-19,30.150000,30.349001,29.389999,29.420000,14050300.000000
2020-08-20,29.129999,31.700001,28.480000,31.410000,56663300.000000
2020-08-21,31.389999,31.820000,30.714001,30.830000,20217000.000000
2020-08-24,30.969999,31.299999,30.370001,31.040001,17406200.000000
2020-08-25,31.040001,31.190001,30.600000,31.190001,10056800.000000
2020-08-26,31.010000,32.709999,30.950001,32.299999,20599800.000000
2020-08-27,32.400002,33.070000,32.270000,32.799999,21306500.000000
2020-08-28,33.000000,33.939999,32.820000,33.799999,17825600.000000
2020-08-31,33.619999,33.919998,33.139999,33.630001,14980600.000000
2020-09-01,33.450001,34.509998,33.145000,34.299999,16013900.000000
2020-09-02,34.209999,34.505001,33.290001,34.369999,16552700.000000
2020-09-03,34.080002,34.740002,32.950001,33.410000,17288800.000000
2020-09-04,33.330002,33.650002,31.549999,33.240002,17480600.000000
2020-09-08,32.360001,35.099998,32.160000,34.320000,33683500.000000
2020-09-09,34.110001,35.500000,34.110001,35.009998,22803500.000000
2020-09-10,35.200001,36.779999,35.189999,35.980000,35468300.000000
2020-09-11,36.299999,37.145000,36.254002,36.980000,27130900.000000
2020-09-14,37.099998,38.000000,37.080002,37.950001,28016000.000000
2020-09-15,37.950001,38.480000,37.270000,37.470001,23532600.000000
2020-09-16,37.389999,38.520000,37.389999,37.660000,21787100.000000
2020-09-17,36.680000,37.445000,36.139999,37.060001,23534800.000000
2020-09-18,37.150002,37.564999,36.389999,37.119999,68428600.000000
2020-09-21,35.860001,36.580002,35.119999,36.490002,19100800.000000
2020-09-22,36.529999,36.549999,34.099998,34.400002,28242800.000000
2020-09-23,34.450001,34.805000,33.400002,33.549999,15796900.000000
2020-09-24,33.660000,34.000000,32.889999,33.349998,16404100.000000
2020-09-25,33.200001,34.500000,33.200001,34.459999,10736300.000000
2020-09-28,35.799999,36.625000,35.259998,35.560001,22878400.000000
2020-09-29,35.560001,35.650002,34.595001,35.430000,16488700.000000
2020-09-30,35.279999,36.500000,35.279999,36.480000,21386300.000000
2020-10-01,36.860001,37.827999,36.580002,37.139999,19187500.000000
2020-10-02,36.000000,37.990002,35.939999,37.720001,20123400.000000
2020-10-05,37.700001,38.000000,36.880001,37.139999,13093100.000000
2020-10-06,37.169998,37.369999,36.040001,36.259998,13074700.000000
2020-10-07,36.590000,37.110001,36.365002,36.779999,13782100.000000
2020-10-08,37.000000,37.830002,36.959999,37.340000,12212400.000000
2020-10-09,37.910000,38.349998,37.189999,37.270000,13172000.000000
2020-10-12,37.560001,37.560001,36.174999,36.259998,16569400.000000
2020-10-13,36.220001,36.230000,35.020000,35.560001,15463100.000000
2020-10-14,35.689999,36.090000,35.075001,35.110001,15397200.000000
2020-10-15,34.680000,34.810001,34.020000,34.259998,15443800.000000
2020-10-16,34.779999,34.799999,33.610001,33.720001,14899700.000000
2020-10-19,34.160000,34.590000,34.000000,34.220001,19278600.000000
2020-10-20,34.529999,36.759998,34.529999,36.310001,29820700.000000
2020-10-21,36.250000,36.250000,34.875000,35.200001,19058700.000000
2020-10-22,35.419998,36.889999,34.915001,36.700001,14243600.000000
2020-10-23,36.500000,36.990002,35.924000,36.750000,15960600.000000
2020-10-26,36.500000,36.740002,35.119999,35.490002,12511700.000000
2020-10-27,35.509998,35.700001,34.020000,34.160000,13692100.000000
2020-10-28,33.619999,33.660000,32.900002,33.650002,15787900.000000
2020-10-29,33.709999,34.935001,33.330002,34.060001,13735300.000000
2020-10-30,33.910000,34.389999,33.154999,33.410000,13506200.000000
2020-11-02,34.150002,35.049999,34.060001,34.810001,18350500.000000
2020-11-03,35.270000,36.150002,35.150002,35.770000,16208800.000000
2020-11-04,40.660000,42.150002,39.000000,40.990002,101818200.000000
2020-11-05,40.330002,42.049999,40.009998,41.959999,34177600.000000
2020-11-06,42.090000,45.380001,41.619999,44.869999,57670700.000000
2020-11-09,48.009998,49.619999,47.299999,48.180000,61632300.000000
2020-11-10,46.740002,49.360001,46.044998,47.000000,33079800.000000
2020-11-11,46.720001,47.520000,45.910000,46.230000,19213700.000000
2020-11-12,45.389999,47.470001,45.049999,46.400002,16251600.000000
2020-11-13,47.110001,47.790001,45.930000,47.610001,15552400.000000
2020-11-16,48.740002,50.090000,48.480000,49.209999,29301700.000000
2020-11-17,48.720001,49.619999,48.500000,48.889999,16638300.000000
2020-11-18,48.770000,49.950001,48.330002,49.110001,17783500.000000
2020-11-19,49.099998,49.910000,48.650002,49.259998,13480300.000000
2020-11-20,49.980000,50.750000,48.270000,48.430000,17330400.000000
2020-11-23,48.660000,50.880001,48.509998,50.040001,17147100.000000
2020-11-24,50.619999,52.150002,50.484001,51.259998,16216200.000000
2020-11-25,51.270000,51.450001,49.919998,50.799999,11641600.000000
2020-11-27,50.930000,51.189999,50.200001,50.720001,8339200.000000
2020-11-30,50.220001,51.005001,48.529999,49.660000,17221500.000000
2020-12-01,50.000000,51.410000,49.070000,49.630001,20605500.000000
2020-12-02,49.259998,53.450001,48.529999,53.090000,30381500.000000
2020-12-03,53.299999,53.490002,52.119999,52.520000,13122400.000000
2020-12-04,52.709999,54.860001,52.709999,54.860001,22207900.000000
2020-12-07,54.590000,54.869999,53.650002,53.799999,13764400.000000
2020-12-08,52.400002,54.220001,52.349998,53.009998,26167300.000000
2020-12-09,53.980000,56.020000,53.060001,53.790001,46777900.000000
2020-12-10,52.330002,54.619999,51.299999,54.349998,20207700.000000
2020-12-11,54.470001,55.025002,52.330002,52.630001,16817900.000000
2020-12-14,53.270000,53.439999,51.240002,51.459999,19048500.000000
2020-12-15,52.119999,52.825001,50.869999,51.000000,17504700.000000
2020-12-16,51.180000,51.680000,50.290001,50.490002,19577800.000000
2020-12-17,50.590000,51.299999,50.169998,50.630001,19688300.000000
2020-12-18,50.810001,50.950001,49.520000,50.619999,24355200.000000
2020-12-21,49.000000,52.349998,48.790001,51.799999,23562900.000000
2020-12-22,52.110001,54.360001,51.919998,53.779999,23871800.000000
2020-12-23,53.799999,54.090000,52.990002,53.709999,12671100.000000
2020-12-24,53.599998,53.625000,52.290001,52.880001,6316800.000000
2020-12-28,53.020000,53.130001,51.560001,51.970001,12059000.000000
2020-12-29,52.330002,52.990002,51.470001,52.270000,10140600.000000
2020-12-30,52.720001,53.849998,52.220001,53.150002,9518600.000000
2020-12-31,53.279999,53.279999,51.000000,51.000000,13282800.000000
2021-01-04,52.220001,52.320000,49.634998,51.139999,17291800.000000
2021-01-05,51.000000,54.189999,50.759998,54.009998,21403200.000000
2021-01-06,53.310001,54.070000,52.000000,52.480000,17738100.000000
2021-01-07,53.369999,56.250000,53.200001,56.130001,23737500.000000
2021-01-08,54.395000,54.790001,52.580002,53.279999,37999400.000000
2021-01-11,53.110001,55.000000,52.990002,54.590000,23213800.000000
2021-01-12,55.500000,59.389999,55.000000,58.540001,52128200.000000
2021-01-13,58.540001,59.880001,57.529999,59.400002,24178500.000000
2021-01-14,60.000000,60.029999,56.700001,56.910000,26561000.000000
2021-01-15,57.490002,57.900002,55.000000,55.520000,23708800.000000
2021-01-19,56.389999,56.841999,55.000000,56.299999,16953700.000000
2021-01-20,57.000000,57.980000,55.470001,56.380001,16904300.000000
2021-01-21,56.570000,57.000000,55.313999,55.790001,13432000.000000
2021-01-22,55.250000,55.470001,54.009998,54.310001,19570500.000000
2021-01-25,54.500000,54.520000,49.650002,54.290001,40890100.000000
2021-01-26,54.619999,55.520000,51.529999,51.919998,25677000.000000
2021-01-27,49.970001,50.860001,47.150002,48.110001,33283400.000000
2021-01-28,50.119999,52.520000,49.880001,51.580002,28114700.000000
2021-01-29,50.630001,51.490002,49.634998,50.930000,18743200.000000
2021-02-01,52.119999,52.900002,51.349998,52.759998,15570900.000000
2021-02-02,55.110001,58.029999,54.889999,56.459999,30286800.000000
2021-02-03,57.869999,58.130001,56.740002,57.119999,13519000.000000
2021-02-04,56.450001,57.849998,56.110001,57.849998,13841600.000000
2021-02-05,58.160000,58.708000,57.369999,58.580002,15729200.000000
2021-02-08,59.700001,60.110001,58.689999,59.290001,18403700.000000
2021-02-09,58.910000,61.060001,58.619999,59.610001,23510700.000000
2021-02-10,62.000000,63.500000,60.799999,63.180000,36972900.000000
2021-02-11,63.250000,64.050003,60.395000,60.709999,41363400.000000
2021-02-12,60.119999,60.930000,59.314999,60.630001,14607800.000000
2021-02-16,61.020000,61.310001,59.840000,60.520000,15413100.000000
2021-02-17,60.330002,60.950001,58.950001,60.810001,12670000.000000
2021-02-18,60.000000,60.290001,58.230000,59.000000,15135600.000000
2021-02-19,58.360001,60.457001,58.112999,58.389999,28097000.000000
2021-02-22,57.759998,58.099998,54.816002,55.310001,25565400.000000
2021-02-23,53.500000,56.369999,51.889999,56.000000,23947500.000000
2021-02-24,54.950001,55.150002,53.660000,53.910000,24627000.000000
2021-02-25,54.580002,54.599998,50.860001,51.450001,27049100.000000
2021-02-26,52.070000,52.750000,50.610001,51.750000,16349800.000000
2021-03-01,53.669998,54.759998,53.299999,54.400002,18481100.000000
2021-03-02,55.540001,55.619999,54.188999,54.650002,15199500.000000
2021-03-03,55.930000,57.799999,54.650002,56.110001,28485400.000000
2021-03-04,55.750000,57.160000,51.610001,53.070000,27409600.000000
2021-03-05,54.279999,55.830002,50.810001,55.540001,31576200.000000
2021-03-08,55.500000,56.450001,52.889999,53.200001,19912100.000000
2021-03-09,56.000000,56.150002,54.720001,55.250000,17192900.000000
2021-03-10,57.209999,58.900002,56.270000,57.680000,27997000.000000
2021-03-11,58.799999,59.480000,58.220001,58.950001,17293800.000000
2021-03-12,58.970001,60.590000,57.619999,60.349998,14839300.000000
2021-03-15,60.349998,60.529999,59.119999,60.189999,14985000.000000
2021-03-16,59.990002,61.020000,58.380001,58.849998,12885700.000000
2021-03-17,57.070000,57.570000,55.540001,56.360001,25509900.000000
2021-03-18,56.630001,57.480000,55.209999,55.689999,15737000.000000
2021-03-19,55.480000,57.180000,54.340000,57.080002,17396300.000000
2021-03-22,57.250000,57.610001,55.470001,55.689999,14149400.000000
2021-03-23,55.630001,55.630001,53.110001,53.490002,14513500.000000
2021-03-24,54.459999,54.959999,52.540001,52.570000,13700800.000000
2021-03-25,52.000000,54.279999,51.799999,53.889999,13210700.000000
2021-03-26,54.410000,55.250000,53.520000,54.709999,13528200.000000
2021-03-29,54.799999,54.799999,52.849998,53.349998,9724800.000000
2021-03-30,52.990002,54.119999,52.639999,53.459999,9497200.000000
2021-03-31,53.959999,55.180000,53.580002,54.509998,14760500.000000
2021-04-01,55.610001,57.630001,54.810001,57.599998,18703400.000000
2021-04-05,58.099998,58.419998,56.639999,57.400002,13490200.000000
2021-04-06,57.340000,58.990002,57.160000,58.049999,13579200.000000
2021-04-07,58.020000,58.130001,55.950001,56.889999,12921900.000000
2021-04-08,56.650002,57.939999,56.540001,57.830002,9498500.000000
2021-04-09,57.320000,57.880001,56.400002,57.680000,10228500.000000
2021-04-12,59.049999,60.770000,58.750000,59.439999,36041300.000000
2021-04-13,59.650002,61.009998,58.529999,60.639999,21006100.000000
2021-04-14,60.110001,61.500000,59.180000,59.230000,18959800.000000
2021-04-15,59.880001,61.090000,59.549999,60.740002,17500200.000000
2021-04-16,60.740002,60.849998,59.540001,60.349998,11856100.000000
2021-04-19,60.000000,60.220001,57.520000,57.849998,16956900.000000
2021-04-20,58.000000,58.119999,55.243999,55.480000,19081100.000000
2021-04-21,55.000000,56.200001,54.610001,55.770000,11523900.000000
2021-04-22,55.849998,57.219002,55.189999,56.279999,16936200.000000
2021-04-23,56.560001,57.950001,56.389999,57.930000,8758800.000000
2021-04-26,58.049999,58.360001,57.330002,57.610001,8361600.000000
2021-04-27,58.320000,58.400002,57.049999,57.160000,12926800.000000
2021-04-28,56.880001,58.480000,56.660000,58.439999,9269700.000000
2021-04-29,59.000000,59.220001,53.110001,54.930000,43408000.000000
2021-04-30,54.299999,55.650002,54.110001,54.770000,16736600.000000
2021-05-03,55.119999,56.130001,54.840000,54.849998,13903300.000000
2021-05-04,54.520000,54.720001,52.009998,52.990002,19336600.000000
2021-05-05,53.869999,54.070000,50.630001,51.180000,43970500.000000
2021-05-06,48.389999,49.810001,45.720001,46.650002,79242400.000000
2021-05-07,47.220001,48.599998,46.535000,47.029999,27933900.000000
2021-05-10,47.709999,47.849998,45.599998,45.790001,28309800.000000
2021-05-11,44.500000,46.790001,44.181999,46.209999,29106900.000000
2021-05-12,45.900002,46.105000,43.169998,43.810001,32117400.000000
2021-05-13,44.990002,46.099998,43.560001,44.480000,36205100.000000
2021-05-14,45.029999,47.709999,44.849998,47.419998,25323300.000000
2021-05-17,47.240002,47.939999,46.509998,47.509998,17475300.000000
2021-05-18,49.669998,50.290001,48.525002,49.169998,28244400.000000
2021-05-19,47.529999,49.830002,47.369999,49.470001,16517500.000000
2021-05-20,49.570000,49.950001,48.759998,49.330002,18822300.000000
2021-05-21,49.570000,49.950001,48.759998,48.820000,20013200.000000
2021-05-24,49.330002,50.400002,48.849998,50.029999,16768400.000000
2021-05-25,50.740002,51.590000,50.439999,50.459999,16930900.000000
2021-05-26,50.320000,51.360001,49.759998,51.119999,16393700.000000
2021-05-27,51.439999,51.689999,48.720001,50.709999,51346000.000000
2021-05-28,50.674999,51.740002,50.470001,50.830002,14226800.000000
2021-06-01,51.619999,51.660000,49.840000,50.980000,16583800.000000
2021-06-02,51.189999,51.410000,50.549999,50.790001,13484200.000000
2021-06-03,50.430000,50.500000,48.529999,48.700001,14712900.000000
2021-06-04,49.560001,50.220001,49.070000,50.180000,10409800.000000
2021-06-07,50.490002,51.220001,49.750000,50.759998,16466200.000000
2021-06-08,50.700001,51.400002,48.660000,49.880001,19672700.000000
2021-06-09,50.000000,50.169998,49.110001,49.139999,12615200.000000
2021-06-10,49.689999,49.895000,48.424999,49.549999,14926500.000000
2021-06-11,50.029999,50.360001,49.535000,50.009998,12127100.000000
2021-06-14,50.060001,51.490002,49.560001,50.770000,15437300.000000
2021-06-15,49.549999,49.955002,49.090000,49.299999,20358600.000000
2021-06-16,49.349998,49.660000,48.290001,48.889999,18975800.000000
2021-06-17,48.959999,49.834999,48.310001,49.700001,18911400.000000
2021-06-18,49.310001,50.389999,48.775002,49.700001,20633500.000000
2021-06-21,49.720001,49.860001,47.900002,48.119999,30752200.000000
2021-06-22,48.299999,49.340000,47.750000,49.049999,19472500.000000
2021-06-23,49.060001,50.770000,49.009998,50.509998,19843300.000000
2021-06-24,51.299999,51.549999,50.220001,50.820000,12403300.000000
2021-06-25,51.180000,51.830002,50.529999,51.730000,25727800.000000
2021-06-28,51.750000,52.360001,50.365002,51.110001,22518000.000000
2021-06-29,51.000000,51.299999,50.240002,50.759998,14104200.000000
2021-06-30,51.020000,51.130001,49.709999,50.119999,18069400.000000
2021-07-01,50.880001,51.599998,50.020000,50.590000,17727600.000000
2021-07-02,50.570000,51.825001,50.389999,51.709999,13690400.000000
2021-07-06,50.599998,52.029999,50.400002,50.799999,21357800.000000
2021-07-07,50.799999,51.029999,48.540001,48.680000,24559500.000000
2021-07-08,47.160000,48.209999,46.570000,47.549999,24930200.000000
2021-07-09,47.840000,49.250000,47.709999,49.070000,15401000.000000
2021-07-12,48.869999,49.290001,48.090000,48.410000,14142300.000000
2021-07-13,48.490002,48.590000,47.750000,48.080002,11283600.000000
2021-07-14,48.279999,48.590000,47.110001,47.150002,15837000.000000
2021-07-15,46.860001,47.459999,46.150002,46.419998,17225300.000000
2021-07-16,46.400002,47.090000,46.009998,46.189999,18224500.000000
2021-07-19,45.000000,45.747002,44.435001,45.560001,20890600.000000
2021-07-20,45.459999,46.660000,45.070000,46.320000,13851400.000000
2021-07-21,46.529999,47.939999,46.349998,47.520000,14953700.000000
2021-07-22,47.700001,48.169998,47.240002,47.570000,11560800.000000
2021-07-23,47.610001,47.689999,46.779999,47.459999,9540700.000000
2021-07-26,47.040001,47.599998,46.369999,46.810001,12498000.000000
2021-07-27,46.540001,46.660000,44.764999,45.820000,16874200.000000
2021-07-28,45.880001,46.963001,45.810001,46.139999,19510300.000000
2021-07-29,44.119999,45.209999,44.000000,44.689999,51033700.000000
2021-07-30,44.380001,44.730000,43.340000,43.459999,22194900.000000
2021-08-02,44.099998,44.290001,43.445000,43.490002,26579900.000000
2021-08-03,43.560001,43.680000,41.619999,42.790001,37622200.000000
2021-08-04,42.700001,42.820000,41.369999,41.810001,42969100.000000
2021-08-05,40.500000,44.650002,40.150002,43.070000,60871500.000000
2021-08-06,43.740002,44.935001,43.650002,44.279999,25514900.000000
2021-08-09,44.189999,44.270000,43.209999,43.250000,19238400.000000
2021-08-10,43.700001,44.240002,43.250000,43.500000,26675200.000000
2021-08-11,43.410000,43.500000,42.000000,43.080002,21766100.000000
2021-08-12,42.860001,42.965000,42.180000,42.730000,16549100.000000
2021-08-13,42.799999,43.029999,42.200001,42.220001,8598800.000000
2021-08-16,41.759998,41.790001,40.860001,41.500000,19223500.000000
2021-08-17,41.000000,41.480000,40.580002,41.000000,20364400.000000
2021-08-18,40.970001,41.529999,40.799999,40.880001,13682300.000000
2021-08-19,40.279999,40.599998,39.509998,39.860001,22471400.000000
2021-08-20,39.689999,40.080002,39.240002,39.950001,18080700.000000
2021-08-23,39.000000,41.080002,38.840000,41.000000,33901300.000000
2021-08-24,41.099998,41.209999,39.970001,40.169998,44872800.000000
2021-08-25,40.439999,42.110001,40.040001,41.549999,26498400.000000
2021-08-26,41.490002,41.939999,40.540001,40.619999,17473400.000000
2021-08-27,40.529999,41.310001,40.500000,40.689999,13612500.000000
2021-08-30,40.580002,40.740002,39.110001,39.590000,29516300.000000
2021-08-31,39.810001,40.275002,39.125000,39.139999,26396000.000000
2021-09-01,39.980000,41.665001,39.869999,40.619999,27788600.000000
2021-09-02,40.750000,41.860001,40.536999,41.400002,20645400.000000
2021-09-03,41.220001,41.575001,40.230000,40.320000,15444900.000000
2021-09-07,40.490002,41.080002,40.310001,40.950001,15708600.000000
2021-09-08,40.849998,41.340000,39.830002,40.070000,16219900.000000
2021-09-09,40.099998,40.950001,39.840000,40.349998,14260300.000000
2021-09-10,40.619999,40.830002,39.865002,39.889999,14230600.000000
2021-09-13,40.259998,41.189999,39.259998,40.070000,28868800.000000
2021-09-14,39.900002,40.099998,38.549999,39.009998,36717300.000000
2021-09-15,39.000000,39.000000,38.080002,38.480000,30368800.000000
2021-09-16,38.299999,39.669998,38.090000,39.520000,25374000.000000
2021-09-17,39.900002,40.224998,39.290001,39.750000,32165000.000000
2021-09-20,38.880001,40.220001,38.730000,39.790001,35417600.000000
2021-09-21,42.340000,45.000000,42.180000,44.360001,106631700.000000
2021-09-22,44.900002,46.619999,44.610001,44.869999,56455100.000000
2021-09-23,45.349998,45.840000,44.709999,45.480000,26232800.000000
2021-09-24,45.459999,47.044998,45.291000,46.630001,29458300.000000
2021-09-27,46.770000,47.430000,46.189999,47.250000,23034800.000000
2021-09-28,46.700001,47.000000,45.759998,45.980000,23707900.000000
2021-09-29,46.000000,46.529999,44.299999,44.520000,24599500.000000
2021-09-30,44.709999,45.365002,43.860001,44.799999,16650600.000000
2021-10-01,45.915001,47.250000,45.790001,47.049999,25428300.000000
2021-10-04,46.470001,46.830002,45.200001,45.720001,21588200.000000
2021-10-05,45.910000,46.080002,45.345001,45.610001,12433900.000000
2021-10-06,45.330002,47.180000,45.000000,47.009998,24868700.000000
2021-10-07,47.639999,48.237999,46.889999,47.910000,25961600.000000
2021-10-08,48.080002,48.880001,47.605000,47.770000,17980400.000000
2021-10-11,47.700001,47.869999,46.279999,46.290001,16336800.000000
2021-10-12,46.330002,47.049999,46.154999,46.720001,12404200.000000
2021-10-13,46.259998,47.000000,45.939999,46.410000,13754400.000000
2021-10-14,46.980000,47.939999,46.840000,47.279999,18514000.000000
2021-10-15,47.910000,48.840000,47.340000,48.360001,20581700.000000
2021-10-18,47.680000,47.950001,46.750000,47.070000,19806700.000000
2021-10-19,47.200001,47.689999,46.740002,47.049999,16500200.000000
2021-10-20,47.150002,47.540001,45.930000,46.000000,15570900.000000
2021-10-21,45.970001,47.540001,45.520000,46.470001,15741000.000000
2021-10-22,46.000000,46.500000,45.230000,45.509998,19259200.000000
2021-10-25,45.669998,46.070000,45.016998,45.720001,12955500.000000
2021-10-26,46.279999,47.689999,45.860001,46.020000,19491800.000000
2021-10-27,46.470001,46.549999,44.165001,44.730000,26999800.000000
2021-10-28,45.000000,45.411999,44.382999,44.619999,14768800.000000
2021-10-29,44.490002,44.799999,43.570000,43.820000,18283200.000000
2021-11-01,44.070000,45.025002,43.650002,44.360001,20983900.000000
2021-11-02,44.340000,44.349998,42.331001,42.889999,28002600.000000
2021-11-03,45.330002,46.259998,44.709999,45.720001,38499600.000000
2021-11-04,45.540001,46.529999,44.990002,45.270000,31903000.000000
2021-11-05,47.500000,48.740002,46.610001,47.189999,45641500.000000
2021-11-08,47.080002,47.645000,45.820000,45.889999,25257900.000000
2021-11-09,45.910000,45.980000,43.680000,45.509998,33588900.000000
2021-11-10,44.900002,45.250000,42.599998,43.380001,33712200.000000
2021-11-11,43.320000,43.720001,42.439999,43.279999,27307800.000000
2021-11-12,43.570000,45.130001,43.570000,45.119999,29804600.000000
2021-11-15,45.110001,45.259998,43.560001,43.610001,19690000.000000
2021-11-16,45.540001,46.660000,44.861000,45.759998,46219700.000000
2021-11-17,45.360001,45.639999,43.900002,44.110001,25036400.000000
2021-11-18,44.529999,45.325001,43.575001,45.000000,27839900.000000
2021-11-19,43.930000,44.720001,43.500000,44.230000,21465500.000000
2021-11-22,43.959999,44.400002,41.805000,42.599998,31355200.000000
2021-11-23,42.380001,43.139999,41.599998,42.680000,18099400.000000
2021-11-24,42.000000,42.369999,41.240002,42.080002,17118200.000000
2021-11-26,39.610001,40.619999,38.770000,40.520000,35453600.000000
2021-11-29,41.060001,41.250000,38.779999,39.700001,27724400.000000
2021-11-30,39.250000,39.950001,37.035000,38.000000,55268500.000000
2021-12-01,39.450001,39.500000,35.799999,36.020000,47316400.000000
2021-12-02,36.549999,38.395000,36.450001,38.119999,32267000.000000
2021-12-03,37.419998,37.840000,35.259998,35.849998,47392700.000000
2021-12-06,35.950001,38.689999,35.439999,38.490002,36689200.000000
2021-12-07,39.400002,40.220001,37.759998,38.080002,40443300.000000
2021-12-08,38.299999,39.410000,38.009998,38.810001,29688600.000000
2021-12-09,38.439999,38.700001,37.474998,37.540001,22994800.000000
2021-12-10,37.410000,37.869999,36.610001,36.669998,25760600.000000
2021-12-13,36.180000,36.307999,34.880001,35.730000,38394700.000000
2021-12-14,35.250000,38.450001,35.209999,37.259998,45491700.000000
2021-12-15,36.910000,38.375000,36.240002,37.830002,37612600.000000
2021-12-16,38.250000,38.577000,37.125000,37.700001,31478400.000000
2021-12-17,37.200001,40.000000,36.740002,39.680000,51048100.000000
2021-12-20,38.450001,40.148998,38.080002,39.700001,28153700.000000
2021-12-21,39.820000,42.080002,39.820000,41.970001,28385200.000000
2021-12-22,41.950001,43.230000,41.450001,43.020000,27675700.000000
2021-12-23,43.029999,44.349998,42.759998,43.910000,21763400.000000
2021-12-27,43.439999,44.240002,42.820000,42.959999,28285000.000000
2021-12-28,42.599998,43.740002,42.299999,42.540001,21481000.000000
2021-12-29,42.720001,42.930000,41.814999,42.459999,15908600.000000
2021-12-30,42.290001,43.340000,42.200001,42.660000,13516300.000000
2021-12-31,42.529999,43.119999,41.930000,41.930000,13746900.000000
2022-01-03,42.480000,44.404999,41.889999,43.950001,26089000.000000
2022-01-04,44.230000,44.799999,42.580002,44.419998,30845300.000000
2022-01-05,44.290001,45.900002,42.860001,43.240002,28498700.000000
2022-01-06,43.110001,44.080002,40.970001,42.029999,32434300.000000
2022-01-07,42.000000,42.650002,41.200001,41.509998,24875800.000000
2022-01-10,41.480000,42.810001,40.160000,42.599998,29783800.000000
2022-01-11,42.360001,44.169998,42.189999,43.619999,22161000.000000
2022-01-12,43.990002,44.099998,42.535000,43.040001,18993900.000000
2022-01-13,43.340000,43.919998,42.724998,42.869999,17190100.000000
2022-01-14,42.400002,42.720001,40.355000,41.509998,25817800.000000
2022-01-18,40.959999,40.959999,38.369999,38.410000,36873700.000000
2022-01-19,38.209999,38.889999,37.115002,37.860001,35552500.000000
2022-01-20,38.290001,39.639999,37.750000,37.820000,21720100.000000
2022-01-21,37.410000,37.599998,35.845001,35.939999,41836800.000000
2022-01-24,34.910000,36.419998,33.509998,36.279999,49261600.000000
2022-01-25,35.470001,36.090000,34.514999,34.820000,29577000.000000
2022-01-26,36.070000,36.680000,34.450001,34.799999,29495900.000000
2022-01-27,35.369999,35.790001,33.939999,34.090000,26086700.000000
2022-01-28,34.169998,35.220001,32.810001,35.209999,28007100.000000
2022-01-31,35.340000,37.540001,35.299999,37.400002,22899300.000000
2022-02-01,37.630001,38.705002,37.200001,38.610001,19669900.000000
2022-02-02,38.529999,38.619999,37.029999,37.169998,19591100.000000
2022-02-03,36.080002,36.740002,34.299999,34.540001,32192100.000000
2022-02-04,35.000000,37.355000,34.360001,37.049999,33082100.000000
2022-02-07,36.985001,39.049999,36.985001,37.540001,30303200.000000
2022-02-08,37.250000,38.570000,36.950001,38.340000,25857600.000000
2022-02-09,38.810001,40.400002,38.160000,40.189999,52614100.000000
2022-02-10,41.000000,42.560001,37.349998,37.750000,113915000.000000
2022-02-11,37.959999,38.650002,34.480000,35.290001,72568400.000000
2022-02-14,35.200001,35.990002,34.320000,34.590000,44556700.000000
2022-02-15,35.439999,37.209999,35.110001,37.090000,38183500.000000
2022-02-16,36.630001,37.389999,36.270000,36.580002,33165900.000000
2022-02-17,36.130001,37.430000,35.410000,35.709999,28432100.000000
2022-02-18,35.520000,36.325001,34.669998,34.680000,28199900.000000
2022-02-22,34.209999,35.099998,33.279999,33.680000,28731300.000000
2022-02-23,33.889999,34.209999,32.299999,32.389999,27254800.000000
2022-02-24,29.969999,34.950001,29.709999,34.869999,42978100.000000
2022-02-25,34.840000,35.271999,34.009998,34.980000,23691500.000000
2022-02-28,35.259998,36.310001,34.985001,36.029999,44865200.000000
2022-03-01,35.450001,35.599998,33.650002,33.889999,31436200.000000
2022-03-02,34.000000,34.220001,32.970001,34.040001,26112500.000000
2022-03-03,34.220001,34.291000,31.415001,31.719999,38337600.000000
2022-03-04,31.500000,31.730000,29.270000,29.830000,52098700.000000
2022-03-07,31.480000,31.938000,28.549999,28.570000,60265800.000000
2022-03-08,28.510000,31.570000,28.278000,30.740000,55014700.000000
2022-03-09,31.750000,32.730000,31.200001,31.500000,33734500.000000
2022-03-10,30.860001,31.145000,29.840000,30.410000,30785900.000000
2022-03-11,31.299999,31.389999,30.420000,30.760000,29454700.000000
2022-03-14,30.510000,30.549999,28.799999,29.270000,41897400.000000
2022-03-15,29.520000,30.410000,29.059999,29.799999,33060500.000000
2022-03-16,30.530001,32.634998,30.270000,32.610001,34688800.000000
2022-03-17,32.340000,32.919998,31.570000,32.849998,27278600.000000
2022-03-18,32.520000,33.419998,32.330002,33.360001,35827800.000000
2022-03-21,32.820000,32.820000,31.250000,31.980000,35200600.000000
2022-03-22,31.930000,33.599998,31.840000,33.349998,21852800.000000
2022-03-23,32.709999,33.680000,32.570000,33.060001,19024700.000000
2022-03-24,34.740002,34.950001,33.439999,34.700001,52533600.000000
2022-03-25,34.549999,34.919998,33.549999,34.060001,28078800.000000
2022-03-28,34.139999,34.910000,33.730000,34.770000,22175200.000000
2022-03-29,35.570000,37.450001,35.570000,37.189999,37969000.000000
2022-03-30,36.660000,37.089001,36.205002,36.580002,22306500.000000
2022-03-31,36.500000,36.730000,35.369999,35.680000,20608700.000000
2022-04-01,35.680000,36.480000,35.400002,35.980000,16793300.000000
2022-04-04,36.400002,36.930000,36.215000,36.509998,20217800.000000
2022-04-05,36.349998,36.610001,34.720001,34.959999,20984200.000000
2022-04-06,33.855000,34.000000,32.549999,33.410000,28854800.000000
2022-04-07,33.340000,33.340000,31.020000,32.270000,34581000.000000
2022-04-08,31.920000,32.550999,31.580000,32.049999,17991000.000000
2022-04-11,31.360001,32.689999,31.110001,32.040001,19680300.000000
2022-04-12,32.400002,33.095001,31.709999,31.990000,32619800.000000
2022-04-13,32.000000,33.110001,31.930000,32.630001,20186400.000000
2022-04-14,32.860001,33.465000,32.639999,32.680000,18763000.000000
2022-04-18,32.549999,32.605000,31.420000,31.790001,24413800.000000
2022-04-19,32.160000,33.990002,31.969999,33.799999,23319600.000000
2022-04-20,33.990002,34.320000,33.180000,33.209999,21330500.000000
2022-04-21,34.250000,34.410000,31.370001,31.680000,32937100.000000
2022-04-22,31.620001,32.224998,30.799999,30.830000,22748900.000000
2022-04-25,30.590000,32.500000,30.459999,32.439999,29416300.000000
2022-04-26,32.040001,32.200001,31.000000,31.330000,26981900.000000
2022-04-27,31.100000,31.980000,30.160000,30.680000,30762600.000000
2022-04-28,31.000000,32.869999,30.980000,32.820000,30251600.000000
2022-04-29,32.520000,33.150002,31.410000,31.480000,24948600.000000
2022-05-02,31.240000,31.350000,29.510000,30.389999,45651000.000000
2022-05-03,30.150000,30.590000,28.850000,29.469999,58340700.000000
2022-05-04,27.410000,28.400000,25.900000,28.100000,115601800.000000
2022-05-05,27.870001,28.830000,26.200001,26.830000,52804200.000000
2022-05-06,26.840000,26.840000,24.750000,26.070000,56575100.000000
2022-05-09,25.410000,26.065001,22.799999,23.049999,58095900.000000
2022-05-10,23.850000,24.549999,22.799999,23.670000,47982500.000000
2022-05-11,23.280001,24.150000,22.500000,22.570000,51137700.000000
2022-05-12,22.150000,24.059999,21.690001,23.290001,63999300.000000
2022-05-13,23.879999,24.871000,23.680000,24.389999,53577600.000000
2022-05-16,24.309999,24.459999,23.400000,23.590000,27285200.000000
2022-05-17,24.320000,24.900000,23.590000,24.200001,33859400.000000
2022-05-18,23.980000,24.188000,22.340000,22.459999,35747300.000000
2022-05-19,22.290001,23.809999,22.200001,23.240000,36461200.000000
2022-05-20,23.809999,24.100000,22.410000,23.350000,32104700.000000
2022-05-23,23.320000,23.830000,22.709999,23.780001,35204800.000000
2022-05-24,23.690001,23.740000,21.410000,21.549999,40726100.000000
2022-05-25,21.709999,22.355000,21.275000,22.040001,31270800.000000
2022-05-26,22.150000,23.280001,21.924999,23.100000,30199400.000000
2022-05-27,23.490000,24.129999,23.330000,23.670000,29710200.000000
2022-05-31,23.500000,23.900000,23.034000,23.200001,33194800.000000
2022-06-01,23.530001,23.870001,22.565001,22.940001,26383600.000000
2022-06-02,23.070000,24.830000,22.940001,24.740000,30691100.000000
2022-06-03,24.170000,24.495001,23.725000,24.150000,24283600.000000
2022-06-06,24.860001,25.434999,24.280001,24.730000,29834700.000000
2022-06-07,24.200001,25.700001,24.070000,25.299999,27453700.000000
2022-06-08,25.700001,26.549999,25.299999,25.830000,31225300.000000
2022-06-09,25.940001,26.690001,25.355000,25.440001,42063600.000000
2022-06-10,24.799999,24.971001,23.650000,23.719999,29868000.000000
2022-06-13,22.219999,22.584999,21.343000,21.570000,33130300.000000
2022-06-14,21.719999,21.952000,20.893999,21.090000,43006300.000000
2022-06-15,21.340000,22.389999,21.240000,22.030001,36073700.000000
2022-06-16,21.040001,21.400000,20.155001,20.469999,55312400.000000
2022-06-17,20.370001,21.959999,20.370001,21.809999,46728400.000000
2022-06-21,22.000000,22.459999,21.690001,21.760000,35257700.000000
2022-06-22,21.410000,22.209999,21.299999,21.500000,32314400.000000
2022-06-23,21.629999,22.440001,21.389999,22.370001,27010500.000000
2022-06-24,22.480000,23.190001,22.299999,23.030001,38140100.000000
2022-06-27,23.450001,23.639999,22.344999,22.860001,27153400.000000
2022-06-28,22.969999,23.459999,22.040001,22.080000,24350100.000000
2022-06-29,22.110001,22.150000,21.080000,21.469999,30704800.000000
2022-06-30,21.110001,21.125999,19.895000,20.459999,30882500.000000
2022-07-01,20.700001,21.370001,20.430000,21.340000,20693300.000000
2022-07-05,21.170000,22.549999,20.830000,22.520000,24500300.000000
2022-07-06,21.500000,22.080000,21.320000,21.500000,32689400.000000
2022-07-07,21.639999,22.759001,21.610001,22.740000,23121900.000000
2022-07-08,22.430000,22.959999,21.832001,22.340000,20231300.000000
2022-07-11,21.950001,22.250000,21.139999,21.190001,17546900.000000
2022-07-12,21.280001,21.780001,20.975000,21.570000,17373500.000000
2022-07-13,20.930000,21.610001,20.719999,21.500000,18994900.000000
2022-07-14,21.250000,21.465000,20.591000,20.650000,31561700.000000
2022-07-15,21.000000,21.780001,20.764999,21.670000,24503600.000000
2022-07-18,22.170000,23.200001,22.110001,22.580000,30935900.000000
2022-07-19,22.750000,23.080000,22.190001,22.670000,23148900.000000
2022-07-20,22.889999,24.219999,22.805000,24.120001,27844600.000000
2022-07-21,24.020000,24.250000,23.600000,24.230000,18425400.000000
2022-07-22,24.330000,24.809999,23.084999,23.299999,20209400.000000
2022-07-25,23.270000,23.540001,22.629999,23.350000,12923000.000000
2022-07-26,23.150000,23.150000,22.450001,22.549999,24402800.000000
2022-07-27,23.000000,23.320000,22.490000,23.090000,28384300.000000
2022-07-28,22.889999,23.420000,22.139999,23.309999,22886100.000000
2022-07-29,23.180000,23.485001,22.389999,23.450001,29406600.000000
2022-08-01,23.430000,24.620001,22.885000,24.600000,46960700.000000
2022-08-02,28.490000,29.430000,27.100000,29.250000,107926300.000000
2022-08-03,29.719999,31.430000,29.360001,30.190001,62061200.000000
2022-08-04,29.780001,32.230000,29.600000,31.850000,55573600.000000
2022-08-05,31.200001,32.630001,31.040001,32.009998,39963600.000000
2022-08-08,32.330002,32.955002,31.660000,31.850000,28064900.000000
2022-08-09,31.370001,31.549999,30.719999,31.059999,27042900.000000
2022-08-10,32.439999,33.189999,32.230000,32.799999,31318100.000000
2022-08-11,33.160000,33.360001,32.042000,32.240002,24624600.000000
2022-08-12,32.590000,32.759998,31.700001,32.470001,21950700.000000
2022-08-15,32.099998,32.910000,31.930000,32.490002,14149200.000000
2022-08-16,32.080002,32.724998,31.330000,32.380001,28072300.000000
2022-08-17,31.650000,31.709999,30.440001,30.719999,24239400.000000
2022-08-18,30.559999,30.620001,29.860001,30.150000,20831600.000000
2022-08-19,29.500000,29.570000,28.629999,29.010000,24180900.000000
2022-08-22,28.340000,28.805000,27.870001,28.000000,20233100.000000
2022-08-23,28.059999,28.674999,27.750000,27.809999,24298300.000000
2022-08-24,27.930000,29.219999,27.850000,28.709999,20022500.000000
2022-08-25,28.889999,29.639999,28.809999,29.620001,15470900.000000
2022-08-26,29.510000,29.709999,28.360001,28.580000,16490800.000000
2022-08-29,28.100000,29.190001,28.059999,28.740000,17245100.000000
2022-08-30,29.180000,29.290001,28.120001,28.709999,24409300.000000
2022-08-31,29.110001,29.879999,28.750000,28.760000,20740700.000000
2022-09-01,28.170000,28.950001,27.690001,28.920000,17828100.000000
2022-09-02,29.500000,29.635000,28.650000,29.049999,14604400.000000
2022-09-06,29.340000,29.370001,28.280001,28.889999,20422800.000000
2022-09-07,28.910000,30.150000,28.820000,30.030001,20632200.000000
2022-09-08,29.420000,30.900000,29.290001,30.680000,29393500.000000
2022-09-09,31.000000,32.049999,30.889999,31.780001,28055900.000000
2022-09-12,31.950001,32.619999,31.850000,32.500000,29349900.000000
2022-09-13,30.690001,31.780001,30.219999,31.320000,29364700.000000
2022-09-14,31.250000,33.139999,31.100000,33.049999,34493400.000000
2022-09-15,32.950001,34.325001,32.740002,33.130001,41849100.000000
2022-09-16,30.959999,32.145000,30.879999,31.930000,50970700.000000
2022-09-19,31.440001,31.980000,31.059999,31.490000,22867600.000000
2022-09-20,31.490000,32.560001,31.190001,31.490000,23652400.000000
2022-09-21,31.450001,31.674999,30.350000,30.469999,22328400.000000
2022-09-22,30.190001,30.190001,28.530001,28.580000,29038100.000000
2022-09-23,28.010000,28.340000,27.360001,27.820000,26472600.000000
2022-09-26,27.709999,28.160000,26.820000,26.889999,24953800.000000
2022-09-27,27.670000,28.490000,27.160000,27.570000,22392800.000000
2022-09-28,27.430000,28.160000,27.190001,28.040001,21290400.000000
2022-09-29,27.660000,27.719999,26.000000,26.420000,26160700.000000
2022-09-30,26.160000,27.309999,26.160000,26.500000,23894900.000000
2022-10-03,26.760000,26.900000,25.959999,26.719999,19940800.000000
2022-10-04,27.625000,29.250000,27.600000,29.190001,25462200.000000
2022-10-05,28.480000,29.650000,28.309999,29.180000,21458500.000000
2022-10-06,29.200001,30.240000,28.959999,29.730000,25399500.000000
2022-10-07,28.830000,28.860001,27.920000,28.070000,19690200.000000
2022-10-10,28.240000,28.450001,27.230000,27.530001,13413500.000000
2022-10-11,25.545000,26.049999,22.940001,24.660000,92468800.000000
2022-10-12,25.049999,26.115000,24.559999,25.980000,30945900.000000
2022-10-13,24.469999,26.025000,24.190001,25.000000,32838500.000000
2022-10-14,25.650000,26.070000,24.660000,24.709999,22540000.000000
2022-10-17,25.260000,26.264999,25.080000,25.940001,25074900.000000
2022-10-18,27.070000,27.709999,26.495001,27.610001,25643300.000000
2022-10-19,27.059999,27.730000,26.850000,27.530001,15428500.000000
2022-10-20,27.320000,28.680000,27.240000,27.870001,20835300.000000
2022-10-21,27.500000,28.434999,27.160000,28.020000,20651600.000000
2022-10-24,27.709999,27.980000,26.510000,27.650000,19194200.000000
2022-10-25,28.000000,28.545000,27.330000,28.360001,17366400.000000
2022-10-26,28.170000,28.980000,27.865000,28.200001,17315900.000000
2022-10-27,28.400000,28.760000,27.660000,27.820000,16768600.000000
2022-10-28,27.809999,27.879999,26.490000,27.500000,27116700.000000
2022-10-31,27.610001,27.730000,26.299999,26.570000,37327000.000000
2022-11-01,30.070000,31.000000,29.120001,29.750000,87994000.000000
2022-11-02,29.570000,30.160000,28.629999,28.809999,37083500.000000
2022-11-03,28.030001,29.520000,27.709999,28.730000,28033200.000000
2022-11-04,29.440001,29.725000,28.040001,28.389999,22304200.000000
2022-11-07,28.705000,28.825001,27.615000,27.690001,19204100.000000
2022-11-08,27.570000,28.330000,26.820000,27.440001,27033900.000000
2022-11-09,27.309999,28.004999,26.440001,26.549999,21186300.000000
2022-11-10,28.379999,29.320000,28.100000,28.850000,35196900.000000
2022-11-11,28.950001,30.434999,28.700001,29.150000,35861100.000000
2022-11-14,28.850000,29.700001,28.790001,29.070000,24426200.000000
2022-11-15,30.250000,31.815001,30.000000,31.570000,43066500.000000
2022-11-16,30.950001,31.160000,29.830000,30.040001,26540200.000000
2022-11-17,29.100000,29.500000,28.400000,28.879999,22684100.000000
2022-11-18,29.209999,29.405001,28.700001,28.959999,15676300.000000
2022-11-21,28.520000,28.709999,28.010000,28.250000,16159400.000000
2022-11-22,28.270000,28.330000,27.312000,28.080000,20368600.000000
2022-11-23,28.360001,28.940001,28.139999,28.790001,12964900.000000
2022-11-25,28.709999,28.879999,28.240000,28.500000,5200400.000000
2022-11-28,28.110001,28.655001,27.730000,27.760000,11120000.000000
2022-11-29,28.049999,28.230000,27.580000,27.760000,15007800.000000
2022-11-30,27.799999,29.139999,27.639999,29.139999,18177000.000000
2022-12-01,29.219999,29.600000,28.299999,28.340000,18066600.000000
2022-12-02,27.379999,28.780001,27.190001,28.750000,15980500.000000
2022-12-05,28.410000,28.860001,27.650000,27.700001,17486300.000000
2022-12-06,27.700001,27.860001,26.700001,26.920000,19772900.000000
2022-12-07,26.610001,26.870001,26.020000,26.400000,21193900.000000
2022-12-08,26.520000,27.030001,26.275999,26.450001,14909600.000000
2022-12-09,26.400000,26.959999,26.240000,26.549999,14253500.000000
2022-12-12,26.420000,27.230000,26.110001,27.030001,16483600.000000
2022-12-13,28.030001,28.455000,26.910000,26.980000,27635400.000000
2022-12-14,27.070000,27.820000,26.770000,27.469999,19427300.000000
2022-12-15,26.980000,27.110001,25.879999,26.240000,19377800.000000
2022-12-16,26.059999,26.450001,25.660000,25.969999,22684200.000000
2022-12-19,26.020000,26.020000,24.690001,24.950001,35616100.000000
2022-12-20,24.719999,25.280001,24.610001,24.959999,28536500.000000
2022-12-21,25.150000,25.670000,24.871000,25.360001,20444500.000000
2022-12-22,24.930000,25.100000,24.042000,24.639999,23752700.000000
2022-12-23,24.459999,24.725000,24.162001,24.639999,11610000.000000
2022-12-27,24.290001,24.700001,23.900000,24.400000,15258600.000000
2022-12-28,24.209999,24.719999,24.020000,24.590000,15669200.000000
2022-12-29,24.750000,25.375000,24.290001,24.910000,17828300.000000
2022-12-30,24.420000,24.850000,24.240000,24.730000,20474100.000000
2023-01-03,25.370001,25.750000,25.020000,25.360001,22155300.000000
2023-01-04,25.730000,25.969999,25.320000,25.910000,14816000.000000
2023-01-05,25.730000,26.010000,25.549999,25.549999,9942000.000000
2023-01-06,25.860001,26.540001,25.400000,26.400000,19443800.000000
2023-01-09,27.299999,28.049999,27.150000,27.400000,24962100.000000
2023-01-10,27.400000,28.250000,27.150000,28.040001,15413700.000000
2023-01-11,28.240000,28.520000,27.920000,28.350000,15421700.000000
2023-01-12,28.850000,29.184999,28.200001,29.030001,17513400.000000
2023-01-13,28.680000,29.500000,28.660000,29.440001,16940700.000000
2023-01-17,29.440001,29.780001,28.955000,29.200001,20816500.000000
2023-01-18,29.950001,30.090000,28.885000,28.959999,25257200.000000
2023-01-19,28.469999,29.285000,28.340000,29.030001,15651500.000000
2023-01-20,29.299999,30.389999,29.120001,30.360001,23008700.000000
2023-01-23,30.629999,31.110001,30.264999,30.530001,22041100.000000
2023-01-24,28.510000,31.200001,28.510000,29.930000,14464400.000000
2023-01-25,29.219999,30.400000,28.799999,30.290001,14488100.000000
2023-01-26,30.530001,30.646999,29.309999,30.020000,25383600.000000
2023-01-27,29.700001,30.597000,29.500000,30.360001,18224000.000000
2023-01-30,30.200001,30.540001,29.590000,29.629999,17969700.000000
2023-01-31,29.750000,30.959999,29.740000,30.930000,15611500.000000
2023-02-01,30.879999,31.850000,30.639999,31.490000,21206400.000000
2023-02-02,32.419998,33.470001,32.419998,33.049999,32045500.000000
2023-02-03,32.169998,33.950001,32.150002,33.090000,25804900.000000
2023-02-06,33.529999,34.209999,32.900002,33.900002,33594900.000000
2023-02-07,33.660000,35.060001,33.410000,34.900002,59374000.000000
2023-02-08,37.430000,37.580002,34.500000,36.830002,109597800.000000
2023-02-09,36.889999,37.360001,35.650002,35.889999,44068500.000000
2023-02-10,34.400002,35.398998,34.049999,34.299999,41936400.000000
2023-02-13,34.500000,34.520000,33.349998,33.439999,35043700.000000
2023-02-14,33.110001,35.360001,32.723999,35.230000,38856500.000000
2023-02-15,35.009998,36.240002,34.715000,36.230000,31443800.000000
2023-02-16,35.599998,36.730000,35.452000,36.220001,28202700.000000
2023-02-17,35.959999,36.230000,34.570000,34.770000,27946700.000000
2023-02-21,33.779999,34.389999,33.490002,34.200001,24696800.000000
2023-02-22,34.349998,35.169998,34.220001,34.540001,23294000.000000
2023-02-23,34.790001,34.799999,33.700001,34.470001,23661700.000000
2023-02-24,33.700001,33.919998,33.020000,33.400002,19101000.000000
2023-02-27,33.674999,33.849998,33.060001,33.549999,19079100.000000
2023-02-28,33.750000,34.000000,33.165001,33.259998,17144000.000000
2023-03-01,33.430000,33.580002,32.889999,32.990002,14404700.000000
2023-03-02,32.540001,33.799999,32.230000,33.689999,17967400.000000
2023-03-03,34.000000,34.590000,33.799999,34.570000,14990400.000000
2023-03-06,34.584999,35.110001,33.849998,33.880001,18903000.000000
2023-03-07,33.849998,35.000000,33.599998,34.139999,25538400.000000
2023-03-08,34.009998,34.630001,33.520000,34.009998,16174300.000000
2023-03-09,34.410000,34.520000,32.279999,32.320000,27629700.000000
2023-03-10,32.000000,32.035000,30.770000,31.110001,32553600.000000
2023-03-13,30.584999,31.084999,29.969999,30.820000,24302600.000000
2023-03-14,32.939999,33.419998,32.160000,32.360001,34241800.000000
2023-03-15,31.830000,32.235001,31.385000,31.969999,28434900.000000
2023-03-16,31.590000,32.900002,31.549999,32.730000,20044700.000000
2023-03-17,32.380001,32.470001,31.510000,31.780001,27102500.000000
2023-03-20,31.600000,32.360001,31.459999,31.930000,14157800.000000
2023-03-21,32.330002,33.139999,32.230000,32.860001,19780200.000000
2023-03-22,32.580002,32.720001,31.500000,31.520000,24636400.000000
2023-03-23,31.879999,32.200001,30.750000,31.180000,16806900.000000
2023-03-24,30.940001,31.150000,30.290001,30.750000,14775300.000000
2023-03-27,31.030001,31.040001,30.139999,30.620001,17918000.000000
2023-03-28,30.530001,30.860001,29.980000,30.070000,23087300.000000
2023-03-29,30.620001,30.900000,30.200001,30.870001,18917500.000000
2023-03-30,31.500000,31.850000,30.879999,31.190001,16261300.000000
2023-03-31,31.420000,31.844999,31.209999,31.700001,14824600.000000
2023-04-03,31.500000,31.754999,31.167000,31.459999,23529100.000000
2023-04-04,31.940001,32.130001,31.285000,31.389999,15146900.000000
2023-04-05,30.950001,31.235001,30.469999,31.120001,17243300.000000
2023-04-06,30.930000,31.490000,30.500000,31.180000,14486900.000000
2023-04-10,30.959999,31.785000,30.610001,31.740000,16463100.000000
2023-04-11,31.750000,31.799999,30.879999,31.120001,16906500.000000
2023-04-12,31.190001,31.450001,30.400000,30.590000,15964900.000000
2023-04-13,30.834999,31.590000,30.690001,31.440001,15079600.000000
2023-04-14,31.309999,31.620001,30.930000,31.480000,11851900.000000
2023-04-17,32.189999,32.189999,31.629999,32.080002,25206200.000000
2023-04-18,32.369999,32.930000,31.610001,31.730000,18698600.000000
2023-04-19,31.350000,32.369999,31.160000,32.040001,13822000.000000
2023-04-20,31.520000,32.040001,31.400000,31.500000,12747100.000000
2023-04-21,31.360001,31.459999,29.709999,30.830000,40543100.000000
2023-04-24,30.680000,31.059999,30.230000,30.680000,14596200.000000
2023-04-25,30.340000,30.469999,29.554001,29.590000,20399200.000000
2023-04-26,29.700001,30.120001,29.465000,29.680000,14277100.000000
2023-04-27,30.070000,30.170000,29.219999,29.700001,27293700.000000
2023-04-28,29.620001,31.270000,29.415001,31.049999,28516100.000000
2023-05-01,32.000000,33.000000,31.760000,32.740002,49867100.000000
2023-05-02,35.020000,36.625000,34.230000,36.520000,102993500.000000
2023-05-03,36.750000,38.349998,36.349998,37.840000,68580800.000000
2023-05-04,37.480000,37.799999,36.685001,37.490002,44819400.000000
2023-05-05,37.480000,37.950001,36.869999,37.750000,24682900.000000
2023-05-08,37.820000,38.930000,37.480000,38.830002,30992100.000000
2023-05-09,38.490002,38.580002,37.904999,38.189999,19387000.000000
2023-05-10,38.599998,38.950001,38.169998,38.790001,19531500.000000
2023-05-11,38.639999,39.180000,38.340000,38.419998,16515600.000000
2023-05-12,38.639999,39.230000,38.200001,38.450001,21626000.000000
2023-05-15,38.340000,38.480000,37.990002,38.139999,17826600.000000
2023-05-16,37.930000,38.150002,37.439999,37.439999,21829100.000000
2023-05-17,37.730000,37.955002,37.360001,37.840000,19534400.000000
2023-05-18,37.980000,39.490002,37.759998,39.250000,27828100.000000
2023-05-19,39.250000,39.490002,38.915001,39.180000,19785500.000000
2023-05-22,39.130001,40.500000,39.076000,39.169998,27581600.000000
2023-05-23,38.990002,39.650002,38.509998,38.660000,18679400.000000
2023-05-24,38.049999,38.660000,37.770000,37.959999,22074700.000000
2023-05-25,38.480000,38.584999,37.525002,37.950001,18634200.000000
2023-05-26,38.240002,38.759998,38.220001,38.450001,14427900.000000
2023-05-30,38.730000,39.060001,37.560001,37.560001,18143200.000000
2023-05-31,37.250000,38.049999,37.070000,37.930000,34506300.000000
2023-06-01,37.500000,38.500000,37.264999,38.480000,17115300.000000
2023-06-02,39.000000,39.889999,39.000000,39.730000,21219000.000000
2023-06-05,39.500000,40.790001,39.500000,40.419998,24218600.000000
2023-06-06,40.249001,40.730000,39.930000,40.250000,14570100.000000
2023-06-07,40.240002,40.250000,38.610001,38.990002,23653900.000000
2023-06-08,39.180000,40.630001,39.040001,40.259998,20301800.000000
2023-06-09,40.049999,41.000000,40.020000,40.990002,21980700.000000
2023-06-12,41.259998,41.744999,41.060001,41.740002,15987700.000000
2023-06-13,41.750000,41.830002,40.889999,41.410000,16659600.000000
2023-06-14,41.299999,41.590000,40.570000,41.270000,15077600.000000
2023-06-15,41.020000,43.750000,40.939999,43.360001,41477800.000000
2023-06-16,43.070000,43.665001,42.529999,43.520000,27986400.000000
2023-06-20,42.770000,43.470001,42.020000,42.169998,19931300.000000
2023-06-21,42.500000,43.217999,41.770000,42.660000,21916500.000000
2023-06-22,42.299999,43.869999,42.209999,42.810001,19542100.000000
2023-06-23,42.590000,43.755001,42.330002,43.340000,23186600.000000
2023-06-26,43.750000,45.040001,43.680000,44.419998,33693000.000000
2023-06-27,44.689999,44.830002,43.750000,43.830002,29652100.000000
2023-06-28,43.500000,45.240002,43.320000,44.240002,28187400.000000
2023-06-29,44.090000,44.279999,42.110001,42.580002,28595300.000000
2023-06-30,43.110001,43.430000,42.919998,43.169998,17589200.000000
2023-07-03,43.169998,43.400002,42.580002,43.090000,7578100.000000
2023-07-05,42.889999,43.880001,42.889999,43.660000,15730400.000000
2023-07-06,42.990002,43.000000,41.869999,42.110001,17983600.000000
2023-07-07,42.070000,43.119999,41.941002,42.910000,14937600.000000
2023-07-10,42.580002,43.200001,42.439999,42.779999,15821800.000000
2023-07-11,42.099998,44.669998,41.745998,44.360001,32165000.000000
2023-07-12,45.000000,45.220001,43.970001,44.520000,21830100.000000
2023-07-13,45.209999,45.935001,44.622002,45.639999,21193200.000000
2023-07-14,45.904999,46.400002,44.560001,44.750000,22054800.000000
2023-07-17,44.680000,45.650002,44.500000,45.509998,21937900.000000
2023-07-18,45.340000,47.750000,45.340000,47.410000,42599100.000000
2023-07-19,47.099998,47.900002,46.549999,47.119999,21990900.000000
2023-07-20,46.070000,47.500000,45.860001,46.570000,23085300.000000
2023-07-21,46.549999,47.340000,46.279999,47.230000,20181200.000000
2023-07-24,47.060001,47.549999,46.840000,47.320000,16669800.000000
2023-07-25,47.200001,47.730000,46.930000,47.169998,14188200.000000
2023-07-26,47.049999,47.555000,46.619999,47.310001,16666200.000000
2023-07-27,48.000000,48.090000,46.355000,46.610001,17992000.000000
2023-07-28,47.139999,48.430000,46.709999,48.139999,17154600.000000
2023-07-31,48.849998,49.490002,48.150002,49.459999,38736800.000000
2023-08-01,48.669998,49.029999,46.009998,46.650002,82097500.000000
2023-08-02,46.055000,47.705002,45.669998,46.959999,36303800.000000
2023-08-03,46.220001,47.849998,45.790001,45.910000,25248800.000000
2023-08-04,46.000000,46.380001,45.020000,45.200001,25657600.000000
2023-08-07,45.009998,45.529999,44.380001,44.950001,22122500.000000
2023-08-08,44.500000,45.240002,44.084999,45.160000,14742200.000000
2023-08-09,45.250000,45.459999,43.840000,44.110001,20113000.000000
2023-08-10,44.130001,45.180000,44.090000,44.599998,16908200.000000
2023-08-11,44.000000,44.299999,43.310001,43.709999,16181100.000000
2023-08-14,43.500000,44.884998,42.950001,44.849998,15828800.000000
2023-08-15,44.700001,44.880001,44.009998,44.080002,13404700.000000
2023-08-16,43.980000,44.330002,43.400002,43.650002,14980800.000000
2023-08-17,44.180000,44.860001,43.910000,43.970001,21326600.000000
2023-08-18,43.270000,44.840000,43.189999,44.689999,17138000.000000
2023-08-21,44.980000,45.299999,44.009998,44.630001,15362100.000000
2023-08-22,44.939999,45.180000,44.020000,44.349998,13593100.000000
2023-08-23,44.000000,45.615002,44.000000,45.139999,14625800.000000
2023-08-24,45.240002,45.720001,44.639999,44.680000,18129600.000000
2023-08-25,44.709999,44.840000,43.080002,43.959999,19132500.000000
2023-08-28,44.110001,44.520000,43.709999,44.150002,10424100.000000
2023-08-29,44.209999,45.584999,44.119999,45.349998,11335400.000000
2023-08-30,45.349998,46.750000,45.299999,46.509998,19869400.000000
2023-08-31,46.689999,47.570000,46.520000,47.230000,19263800.000000
2023-09-01,47.509998,47.700001,46.830002,47.040001,14614500.000000
2023-09-05,46.869999,47.139999,46.299999,46.549999,16461700.000000
2023-09-06,46.340000,46.849998,45.610001,45.900002,14262700.000000
2023-09-07,45.500000,46.680000,45.250000,46.270000,14972200.000000
2023-09-08,46.340000,47.250000,46.270000,47.240002,15956900.000000
2023-09-11,47.740002,48.970001,47.650002,48.939999,19007300.000000
2023-09-12,48.340000,49.188000,47.900002,47.919998,18809000.000000
2023-09-13,47.509998,48.360001,47.279999,48.160000,12691800.000000
2023-09-14,48.630001,48.695000,47.805000,48.320000,13068200.000000
2023-09-15,48.189999,48.490002,47.270000,47.520000,16130100.000000
2023-09-18,47.299999,47.348000,46.480000,46.509998,15025500.000000
2023-09-19,46.400002,47.755001,46.209999,47.590000,19180200.000000
2023-09-20,46.865002,47.540001,46.400002,46.549999,22582000.000000
2023-09-21,45.790001,45.790001,43.930000,44.599998,27865700.000000
2023-09-22,45.160000,45.345001,44.029999,44.410000,16158700.000000
2023-09-25,44.139999,45.110001,44.110001,44.910000,9175400.000000
2023-09-26,44.500000,45.389000,44.044998,44.270000,11283600.000000
2023-09-27,44.509998,45.473000,44.439999,45.139999,16835100.000000
2023-09-28,44.919998,46.580002,44.919998,46.139999,22199200.000000
2023-09-29,46.750000,46.919998,45.849998,45.990002,14247000.000000
2023-10-02,45.570000,46.290001,45.102001,45.680000,14976700.000000
2023-10-03,45.360001,45.605000,44.325001,44.509998,11033400.000000
2023-10-04,44.790001,45.485001,44.180000,44.939999,12476100.000000
2023-10-05,44.840000,44.930000,43.650002,44.610001,14518800.000000
2023-10-06,44.060001,45.945000,44.060001,45.779999,14754800.000000
2023-10-09,45.150002,45.599998,44.580002,45.450001,11422300.000000
2023-10-10,45.750000,47.275002,45.549999,46.630001,14538600.000000
2023-10-11,46.900002,47.209999,46.264999,46.639999,12985500.000000
2023-10-12,46.540001,47.040001,45.599998,45.950001,15983600.000000
2023-10-13,45.820000,46.290001,42.700001,43.480000,28195100.000000
2023-10-16,43.764999,45.000000,43.465000,44.709999,20447100.000000
2023-10-17,44.410000,45.259998,44.049999,44.380001,17337800.000000
2023-10-18,43.900002,44.200001,42.910000,43.000000,15388000.000000
2023-10-19,43.020000,43.270000,42.185001,42.720001,16090000.000000
2023-10-20,42.720001,43.349998,42.259998,42.959999,13966100.000000
2023-10-23,42.529999,43.970001,42.250000,43.040001,11277100.000000
2023-10-24,43.500000,44.325001,43.384998,44.189999,17566500.000000
2023-10-25,43.299999,43.490002,42.064999,42.349998,16495900.000000
2023-10-26,42.139999,42.299999,40.090000,40.619999,23465500.000000
2023-10-27,41.209999,42.145000,40.799999,41.230000,17098600.000000
2023-10-30,42.009998,43.000000,42.009998,42.730000,21292700.000000
2023-10-31,42.820000,43.529999,42.200001,43.279999,18414000.000000
2023-11-01,43.250000,44.000000,42.910000,43.830002,18989300.000000
2023-11-02,45.349998,46.860001,45.250000,46.480000,25816900.000000
2023-11-03,46.919998,48.150002,46.630001,47.750000,21960700.000000
2023-11-06,47.939999,48.299999,47.430000,48.139999,27843100.000000
2023-11-07,47.000000,50.040001,46.680000,49.919998,81365400.000000
2023-11-08,50.040001,50.299999,48.900002,49.500000,37726700.000000
2023-11-09,49.299999,50.680000,49.020000,50.049999,29962300.000000
2023-11-10,50.009998,52.099998,49.900002,51.580002,27228600.000000
2023-11-13,51.169998,52.419998,50.720001,52.240002,21026900.000000
2023-11-14,52.900002,54.310001,52.389999,53.880001,30621900.000000
2023-11-15,53.919998,54.259998,53.160000,53.759998,22419700.000000
2023-11-16,53.500000,54.509998,53.150002,54.419998,20810800.000000
2023-11-17,54.130001,54.509998,54.009998,54.439999,16119500.000000
2023-11-20,53.830002,55.355000,53.759998,54.750000,28511600.000000
2023-11-21,54.230000,55.080002,53.889999,54.849998,34115500.000000
2023-11-22,55.099998,55.820000,54.959999,55.369999,18459700.000000
2023-11-24,55.150002,55.936001,55.070000,55.320000,10696800.000000
2023-11-27,55.470001,56.455002,55.290001,56.060001,19101900.000000
2023-11-28,55.980000,56.450001,55.689999,56.209999,20457500.000000
2023-11-29,56.490002,57.130001,56.145000,56.400002,23496200.000000
2023-11-30,56.610001,56.770000,55.529999,56.380001,32769800.000000
2023-12-01,56.669998,57.865002,56.250000,57.349998,28539900.000000
2023-12-04,60.009998,60.919998,58.570000,58.630001,85417300.000000
2023-12-05,58.009998,58.660000,57.701000,57.970001,39170600.000000
2023-12-06,58.369999,59.980000,58.360001,59.750000,33835000.000000
2023-12-07,59.669998,60.994999,59.525002,60.980000,34410200.000000
2023-12-08,60.509998,62.250000,60.509998,61.700001,28852100.000000
2023-12-11,61.529999,62.990002,60.939999,62.459999,30389700.000000
2023-12-12,62.064999,63.025002,61.830002,62.720001,27144300.000000
2023-12-13,62.709999,62.880001,61.450001,61.970001,41661700.000000
2023-12-14,62.009998,62.810001,60.610001,62.500000,44818100.000000
2023-12-15,62.160000,63.529999,61.410000,61.860001,364261200.000000
2023-12-18,62.009998,62.490002,61.330002,61.730000,28614000.000000
2023-12-19,61.880001,62.700001,61.689999,62.119999,26813800.000000
2023-12-20,61.490002,62.279999,60.619999,60.680000,28286100.000000
2023-12-21,61.240002,61.759998,60.825001,61.459999,19999600.000000
2023-12-22,61.700001,62.235001,61.279999,61.709999,14715600.000000
2023-12-26,61.709999,62.200001,61.313999,61.980000,16077200.000000
2023-12-27,62.000000,63.430000,62.000000,63.279999,20806000.000000
2023-12-28,63.450001,63.529999,62.834999,63.139999,13795600.000000
2023-12-29,62.360001,63.139999,61.299999,61.570000,21615400.000000
2024-01-02,60.730000,60.910000,57.930000,58.380001,41978600.000000
2024-01-03,57.480000,58.895000,57.330002,58.250000,31800600.000000
2024-01-04,58.250000,58.985001,57.730000,57.799999,20370700.000000
2024-01-05,58.110001,58.509998,57.220001,57.580002,17886300.000000
2024-01-08,58.090000,59.160000,57.849998,59.009998,21213000.000000
2024-01-09,58.500000,60.540001,58.450001,60.299999,22319900.000000
2024-01-10,60.279999,62.610001,60.279999,62.410000,30788900.000000
2024-01-11,62.990002,63.610001,61.860001,63.470001,28888900.000000
2024-01-12,63.200001,64.919998,63.000000,63.200001,26374700.000000
2024-01-16,63.000000,64.000000,62.919998,63.650002,19511800.000000
2024-01-17,62.950001,63.419998,61.680000,63.119999,19971600.000000
2024-01-18,64.000000,65.000000,63.384998,64.879997,24149900.000000
2024-01-19,64.900002,65.385002,64.410004,65.110001,20339400.000000
2024-01-22,65.440002,65.610001,64.150002,64.550003,17851700.000000
2024-01-23,64.500000,64.809998,63.689999,64.320000,13619600.000000
2024-01-24,64.000000,64.397003,63.220001,63.759998,17238100.000000
2024-01-25,64.279999,66.029999,63.709999,66.000000,21963000.000000
2024-01-26,65.650002,66.044998,65.290001,65.519997,13099600.000000
2024-01-29,65.599998,67.099998,65.559998,66.980003,15902000.000000
2024-01-30,66.900002,67.690002,66.220001,66.839996,17562100.000000
2024-01-31,65.699997,66.250000,64.845001,65.269997,17026400.000000
2024-02-01,66.120003,66.849998,65.589996,66.730003,12504200.000000
2024-02-02,66.980003,68.250000,66.510002,68.070000,18671800.000000
2024-02-05,68.239998,69.989998,67.855003,68.989998,26079500.000000
2024-02-06,69.059998,70.680000,68.440002,70.470001,34464000.000000
2024-02-07,67.595001,71.900002,67.239998,70.650002,43367000.000000
2024-02-08,71.930000,73.050003,71.195000,71.610001,21618200.000000
2024-02-09,71.430000,72.040001,69.690002,70.910004,20858700.000000
2024-02-12,71.000000,71.379997,68.735001,69.120003,19554900.000000
2024-02-13,67.894997,69.550003,66.709999,68.989998,22857100.000000
2024-02-14,74.599998,79.199997,74.309998,79.150002,69846700.000000
2024-02-15,79.000000,81.864998,78.279999,81.389999,40330200.000000
2024-02-16,80.550003,80.879997,78.110001,78.410004,24457500.000000
2024-02-20,78.230003,78.419998,75.820000,76.599998,24203100.000000
2024-02-21,76.320000,77.489998,75.875000,76.440002,15073500.000000
2024-02-22,79.589996,79.720001,77.510002,78.029999,16766400.000000
2024-02-23,78.500000,78.970001,77.720001,78.199997,15648800.000000
2024-02-26,78.279999,78.500000,77.300003,78.360001,16617300.000000
2024-02-27,78.639999,79.750000,77.813004,78.750000,13707300.000000
2024-02-28,78.599998,78.660004,77.419998,77.730003,11853100.000000
2024-02-29,78.349998,79.680000,77.930000,79.500000,19405500.000000
2024-03-01,79.500000,81.470001,79.320000,81.029999,18528700.000000
2024-03-04,81.940002,82.139999,80.790001,81.300003,15989200.000000
2024-03-05,80.830002,80.849998,77.430000,79.089996,19761600.000000
2024-03-06,80.169998,80.989998,78.529999,78.639999,13734700.000000
2024-03-07,79.400002,80.074997,78.260002,79.410004,13873300.000000
2024-03-08,79.940002,81.980003,78.209999,78.699997,16414900.000000
2024-03-11,78.699997,78.889999,76.529999,77.470001,13781400.000000
2024-03-12,78.010002,78.480003,77.480003,78.320000,11303800.000000
2024-03-13,78.000000,79.691002,77.930000,78.250000,12065100.000000
2024-03-14,78.339996,78.480003,76.900002,77.650002,12737200.000000
2024-03-15,77.000000,77.839996,75.769997,76.070000,24554900.000000
2024-03-18,77.000000,77.000000,73.660004,75.699997,18936700.000000
2024-03-19,75.379997,77.180000,74.190002,77.080002,13035200.000000
2024-03-20,77.089996,78.949997,76.750000,78.639999,11490400.000000
2024-03-21,79.599998,81.230003,79.089996,80.250000,16191100.000000
2024-03-22,79.800003,80.449997,79.199997,80.230003,8872400.000000
2024-03-25,79.989998,81.040001,79.389999,79.410004,10254300.000000
2024-03-26,79.800003,80.180000,77.779999,77.910004,12438300.000000
2024-03-27,78.959999,79.000000,76.849998,78.110001,13157000.000000
2024-03-28,77.900002,78.050003,76.894997,76.989998,13421900.000000
2024-04-01,77.000000,77.779999,76.000000,76.400002,12201800.000000
2024-04-02,75.660004,77.330002,74.970001,76.980003,15838800.000000
2024-04-03,76.839996,78.849998,76.540001,76.809998,19883100.000000
2024-04-04,77.239998,77.669998,74.480003,74.919998,17191300.000000
2024-04-05,75.339996,78.394997,74.919998,77.160004,21572000.000000
2024-04-08,76.699997,76.860001,73.949997,75.029999,22867600.000000
2024-04-09,74.769997,75.500000,73.330002,75.139999,13756300.000000
2024-04-10,74.400002,75.305000,73.535004,74.349998,12533900.000000
2024-04-11,74.800003,76.559998,74.705002,76.180000,13653600.000000
2024-04-12,75.050003,75.820000,74.489998,75.279999,11590800.000000
2024-04-15,76.379997,76.680000,72.879997,73.400002,16093400.000000
2024-04-16,73.389999,74.699997,72.699997,74.129997,14513100.000000
2024-04-17,75.000000,75.614998,71.040001,71.940002,15363100.000000
2024-04-18,72.260002,72.855003,70.639999,71.300003,20426000.000000
2024-04-19,71.150002,71.150002,68.379997,69.199997,23186000.000000
2024-04-22,70.480003,70.889999,68.480003,68.980003,26804900.000000
2024-04-23,70.019997,71.139999,69.620003,70.800003,16814200.000000
2024-04-24,70.150002,70.220001,67.364998,69.360001,27515600.000000
2024-04-25,67.860001,70.290001,67.379997,69.309998,20545200.000000
2024-04-26,69.974998,70.150002,68.699997,69.050003,16187600.000000
2024-04-29,68.500000,68.660004,67.199997,67.400002,20102600.000000
2024-04-30,67.224998,68.598999,66.070000,66.269997,22707300.000000
2024-05-01,66.040001,69.410004,65.860001,67.790001,21266700.000000
2024-05-02,68.400002,69.036003,67.625000,68.570000,18229300.000000
2024-05-03,69.845001,70.338997,69.029999,69.230003,15557700.000000
2024-05-06,71.000000,73.820000,70.832001,71.510002,25001900.000000
2024-05-07,72.639999,72.639999,69.800003,70.430000,24427300.000000
2024-05-08,64.500000,67.199997,63.834999,66.400002,84220000.000000
2024-05-09,66.809998,68.570000,66.750000,67.930000,27965500.000000
2024-05-10,67.820000,67.900002,66.400002,66.989998,18924400.000000
2024-05-13,67.000000,67.064003,64.720001,66.019997,18983100.000000
2024-05-14,65.849998,66.099998,64.750000,65.320000,19462300.000000
2024-05-15,66.000000,66.660004,65.220001,66.620003,16308700.000000
2024-05-16,66.970001,67.330002,66.000000,66.050003,19923500.000000
2024-05-17,66.500000,66.639999,65.519997,65.669998,15703300.000000
2024-05-20,65.639999,65.870003,64.305000,64.650002,15864400.000000
2024-05-21,64.129997,64.650002,63.810001,63.970001,16592500.000000
2024-05-22,64.820000,66.089996,64.519997,65.480003,22562100.000000
2024-05-23,65.559998,65.800003,63.250000,63.599998,20115000.000000
2024-05-24,63.779999,64.760002,63.619999,64.260002,10385900.000000
2024-05-28,64.610001,64.610001,63.099998,63.520000,14213300.000000
2024-05-29,63.009998,65.364998,62.910000,64.930000,16987900.000000
2024-05-30,64.790001,65.410004,63.720001,64.120003,12689100.000000
2024-05-31,64.199997,64.629997,63.139999,64.559998,17322400.000000
2024-06-03,64.779999,64.959999,62.935001,63.790001,14922200.000000
2024-06-04,64.059998,65.190002,63.700001,64.550003,12689200.000000
2024-06-05,64.940002,66.279999,64.209999,65.820000,19513500.000000
2024-06-06,67.449997,69.690002,67.330002,68.900002,25871500.000000
2024-06-07,68.900002,69.709999,68.110001,69.309998,13932600.000000
2024-06-10,69.279999,69.691002,66.559998,68.599998,19152300.000000
2024-06-11,68.599998,69.599998,67.760002,69.589996,12741200.000000
2024-06-12,71.309998,73.599998,71.000000,73.150002,24435500.000000
2024-06-13,73.160004,73.160004,70.239998,70.860001,17109400.000000
2024-06-14,70.910004,71.000000,69.320000,70.059998,11601100.000000
2024-06-17,69.910004,70.830002,69.830002,70.489998,14760500.000000
2024-06-18,70.599998,71.209999,69.889999,70.330002,9511600.000000
2024-06-20,70.510002,71.120003,69.730003,70.300003,10662400.000000
2024-06-21,70.040001,70.250000,69.230003,70.209999,20757700.000000
2024-06-24,69.830002,71.230003,69.750000,70.540001,12479300.000000
2024-06-25,71.860001,72.940002,70.220001,71.379997,18888700.000000
2024-06-26,70.940002,71.599998,70.550003,70.849998,10232600.000000
2024-06-27,70.980003,71.320000,70.070000,70.339996,9650500.000000
2024-06-28,70.809998,73.260002,70.769997,72.680000,21375900.000000
2024-07-01,72.199997,72.580002,69.400002,71.099998,13438700.000000
2024-07-02,71.250000,71.260002,68.879997,70.669998,14319000.000000
2024-07-03,70.660004,72.139999,70.500000,71.300003,7869800.000000
2024-07-05,70.989998,71.417999,70.385002,71.059998,6599200.000000
2024-07-08,71.309998,71.779999,70.750000,71.250000,7231100.000000
2024-07-09,71.400002,72.279999,71.129997,71.320000,8757900.000000
2024-07-10,71.500000,71.500000,68.379997,69.269997,14638800.000000
2024-07-11,69.510002,73.644997,68.849998,73.529999,26702500.000000
2024-07-12,72.110001,73.800003,72.110001,72.430000,14683700.000000
2024-07-15,73.059998,73.250000,70.761002,72.290001,13472600.000000
2024-07-16,73.110001,75.400002,73.110001,74.300003,17529000.000000
2024-07-17,73.379997,73.410004,68.555000,68.620003,27884400.000000
2024-07-18,69.000000,69.341003,65.809998,66.260002,21988900.000000
2024-07-19,66.779999,67.440002,66.099998,67.309998,12809600.000000
2024-07-22,67.529999,68.779999,67.084999,67.730003,13408000.000000
2024-07-23,68.050003,69.099998,67.279999,67.519997,9539800.000000
2024-07-24,67.269997,67.790001,65.779999,66.139999,15187100.000000
2024-07-25,66.000000,69.370003,64.400002,65.739998,22596900.000000
2024-07-26,66.099998,66.260002,64.180000,64.400002,17379400.000000
2024-07-29,64.834999,65.254997,63.720001,63.759998,16907000.000000
2024-07-30,64.150002,64.769997,62.610001,63.090000,16506200.000000
2024-07-31,63.880001,65.181999,63.660000,64.470001,18209700.000000
2024-08-01,64.860001,65.000000,60.759998,61.020000,18967900.000000
2024-08-02,59.380001,59.580002,56.860001,58.990002,27654600.000000
2024-08-05,55.529999,58.650002,54.840000,58.480000,32063700.000000
2024-08-06,62.549999,65.820000,60.500000,64.870003,53336900.000000
2024-08-07,65.559998,68.400002,65.489998,65.540001,31493600.000000
2024-08-08,66.525002,69.165001,65.949997,69.010002,21779100.000000
2024-08-09,69.139999,69.379997,67.750000,68.540001,12770300.000000
2024-08-12,68.610001,69.309998,68.019997,69.260002,10826100.000000
2024-08-13,69.769997,71.190002,69.379997,71.059998,15472500.000000
2024-08-14,71.599998,72.000000,70.610001,71.930000,12337000.000000
2024-08-15,72.510002,73.419998,72.290001,72.730003,13711300.000000
2024-08-16,72.500000,73.349998,71.754997,72.040001,11548300.000000
2024-08-19,72.000000,74.220001,71.794998,74.180000,13821300.000000
2024-08-20,74.269997,74.480003,73.279999,73.309998,10246500.000000
2024-08-21,73.720001,74.290001,73.059998,73.480003,9290200.000000
2024-08-22,73.550003,74.120003,72.669998,73.309998,9571900.000000
2024-08-23,72.849998,74.455002,72.349998,74.300003,13065600.000000
2024-08-26,74.300003,74.300003,72.110001,72.610001,10999900.000000
2024-08-27,72.489998,73.089996,71.800003,72.559998,7294100.000000
2024-08-28,72.500000,72.550003,71.019997,71.849998,9529400.000000
2024-08-29,72.500000,73.279999,72.129997,72.239998,9300800.000000
2024-08-30,72.889999,73.418999,72.059998,73.129997,12676900.000000
2024-09-03,72.570000,73.610001,71.209999,71.889999,13053300.000000
2024-09-04,71.519997,72.690002,71.300003,71.559998,7995800.000000
2024-09-05,71.080002,72.620003,70.919998,71.250000,8890900.000000
2024-09-06,71.129997,72.019997,68.728996,69.580002,11449800.000000
2024-09-09,70.949997,71.190002,69.633003,69.800003,8804600.000000
2024-09-10,70.000000,70.459999,67.639999,68.989998,20227200.000000
2024-09-11,68.830002,70.220001,67.120003,70.110001,14671900.000000
2024-09-12,70.059998,70.489998,67.849998,68.089996,16357900.000000
2024-09-13,72.400002,72.754997,70.940002,72.480003,30376500.000000
2024-09-16,72.360001,72.500000,71.040001,71.519997,12016700.000000
2024-09-17,71.970001,73.730003,71.309998,72.779999,14639800.000000
2024-09-18,72.769997,74.739998,72.192001,73.500000,11720900.000000
2024-09-19,74.980003,76.459999,74.559998,75.279999,17698400.000000
2024-09-20,74.820000,75.050003,73.450996,73.940002,17472700.000000
2024-09-23,75.110001,75.269997,73.779999,74.709999,8285300.000000
2024-09-24,76.000000,77.510002,75.970001,77.440002,16099200.000000
2024-09-25,77.510002,78.279999,77.080002,77.139999,12552600.000000
2024-09-26,78.360001,78.449997,75.129997,76.690002,14788600.000000
2024-09-27,77.029999,77.080002,75.699997,75.750000,7580100.000000
2024-09-30,75.320000,75.720001,74.254997,75.160004,12991100.000000
2024-10-01,75.769997,75.769997,73.839996,74.239998,8980500.000000
2024-10-02,74.089996,74.309998,72.790001,72.870003,11323400.000000
2024-10-03,72.559998,73.209999,71.900002,72.940002,11096300.000000
2024-10-04,74.110001,74.320000,73.220001,74.279999,10750300.000000
2024-10-07,74.254997,75.739998,73.730003,74.589996,15328800.000000
2024-10-08,75.250000,77.019997,75.059998,76.169998,17800300.000000
2024-10-09,76.000000,77.959999,75.955002,77.870003,17251100.000000
2024-10-10,77.650002,78.239998,76.900002,77.919998,15033600.000000
2024-10-11,82.000000,87.000000,81.860001,86.339996,57290500.000000
2024-10-14,85.639999,86.180000,84.180000,84.940002,14752400.000000
2024-10-15,84.769997,84.769997,82.650002,83.199997,14858500.000000
2024-10-16,82.930000,83.480003,81.620003,81.900002,12398500.000000
2024-10-17,79.919998,80.879997,79.410004,79.900002,27373200.000000
2024-10-18,80.529999,80.550003,78.800003,79.160004,14186700.000000
2024-10-21,79.940002,80.570000,79.550003,80.459999,11238700.000000
2024-10-22,80.470001,81.250000,79.980003,80.410004,10754000.000000
2024-10-23,80.055000,80.320000,79.360001,79.830002,8689900.000000
2024-10-24,78.004997,78.599998,77.139999,78.379997,15220900.000000
2024-10-25,78.260002,78.839996,76.959999,77.620003,11727400.000000
2024-10-28,78.199997,78.379997,77.470001,77.690002,9311900.000000
2024-10-29,77.849998,79.989998,77.769997,79.209999,14469600.000000
2024-10-30,79.230003,80.074997,78.820000,79.430000,14997700.000000
2024-10-31,74.500000,74.989998,69.870003,72.050003,64047100.000000
2024-11-01,73.940002,74.150002,72.250000,73.250000,33542200.000000
2024-11-04,72.750000,74.220001,72.660004,73.250000,14949100.000000
2024-11-05,73.550003,74.339996,73.239998,74.150002,12274600.000000
2024-11-06,73.455002,74.620003,70.740997,74.360001,26410700.000000
2024-11-07,76.099998,76.400002,72.739998,73.129997,24305900.000000
2024-11-08,73.440002,73.559998,71.555000,72.040001,20152600.000000
2024-11-11,72.650002,73.000000,71.339996,71.650002,22682200.000000
2024-11-12,71.970001,72.680000,71.199997,71.370003,19439700.000000
2024-11-13,71.529999,72.080002,70.550003,71.160004,15006000.000000
2024-11-14,71.160004,72.750000,70.760002,71.440002,17372200.000000
2024-11-15,72.099998,73.629997,71.760002,73.250000,23980900.000000
2024-11-18,72.040001,72.040001,67.800003,69.330002,45212500.000000
2024-11-19,68.510002,69.599998,68.199997,69.129997,22289100.000000
2024-11-20,69.290001,70.330002,68.949997,69.599998,16656600.000000
2024-11-21,70.250000,70.870003,68.800003,69.639999,25657700.000000
2024-11-22,70.000000,71.540001,69.349998,71.510002,14874100.000000
2024-11-25,72.599998,73.550003,71.830002,73.419998,17446600.000000
2024-11-26,73.489998,73.500000,71.339996,71.559998,13704900.000000
2024-11-27,72.059998,72.699997,71.010002,71.620003,12967800.000000
2024-11-29,71.699997,72.440002,71.519997,71.959999,7348700.000000
2024-12-02,71.930000,73.440002,71.470001,73.070000,11574600.000000
2024-12-03,73.059998,73.250000,71.250000,71.269997,12760500.000000
2024-12-04,71.400002,72.400002,70.650002,72.160004,17263100.000000
2024-12-05,71.930000,72.029999,64.279999,65.230003,77320400.000000
2024-12-06,66.449997,67.099998,65.199997,66.089996,36413200.000000
2024-12-09,65.500000,66.169998,65.059998,65.739998,27602900.000000
2024-12-10,65.669998,65.760002,64.639999,64.959999,23672900.000000
2024-12-11,64.500000,64.695000,60.230000,61.180000,71089500.000000
2024-12-12,63.165001,63.540001,61.250000,61.410000,45673200.000000
2024-12-13,61.860001,62.259998,59.740002,59.930000,47325300.000000
2024-12-16,60.310001,61.299999,60.119999,60.250000,38612400.000000
2024-12-17,59.419998,61.040001,59.330002,61.029999,35025500.000000
2024-12-18,61.389999,63.939999,60.849998,61.230000,46736700.000000
2024-12-19,61.849998,62.310001,59.980000,60.209999,27811400.000000
2024-12-20,60.084999,61.389999,59.750000,60.730000,26377700.000000
2024-12-23,60.880001,62.220001,60.759998,61.869999,16093600.000000
2024-12-24,61.970001,61.980000,60.880001,61.709999,7882500.000000
2024-12-26,61.599998,61.970001,61.160000,61.560001,12659000.000000
2024-12-27,61.186001,61.259998,60.020000,61.130001,13483600.000000
2024-12-30,60.509998,61.369999,60.119999,60.770000,17709200.000000
2024-12-31,61.000000,61.099998,60.169998,60.320000,14487300.000000
2025-01-02,62.189999,63.389999,61.310001,63.169998,25899100.000000
2025-01-03,63.689999,65.220001,63.439999,64.589996,28553800.000000
2025-01-06,66.970001,67.349998,66.040001,66.309998,32980700.000000
2025-01-07,68.489998,68.839996,65.949997,66.150002,35347800.000000
2025-01-08,66.400002,66.680000,64.120003,64.910004,24523300.000000
2025-01-10,64.500000,66.599998,63.959999,65.970001,30728800.000000
2025-01-13,65.154999,67.195000,65.019997,65.699997,23960100.000000
2025-01-14,66.160004,66.809998,64.620003,64.839996,25735800.000000
2025-01-15,66.010002,67.245003,66.010002,67.019997,22704800.000000
2025-01-16,67.750000,69.580002,67.639999,68.580002,29013100.000000
2025-01-17,68.800003,69.019997,67.230003,67.339996,27139200.000000
2025-01-21,68.000000,68.180000,66.849998,67.739998,21423600.000000
2025-01-22,68.389999,68.430000,67.500000,67.820000,18130000.000000
2025-01-23,67.599998,68.370003,67.239998,68.300003,15355400.000000
2025-01-24,68.690002,69.309998,68.400002,68.559998,14360300.000000
2025-01-27,67.639999,69.410004,67.370003,68.769997,20904600.000000
2025-01-28,68.330002,69.675003,67.162003,68.070000,24988500.000000
2025-01-29,67.800003,68.059998,65.820000,66.750000,29592600.000000
2025-01-30,63.419998,67.222000,63.419998,66.589996,33246500.000000
2025-01-31,67.089996,67.870003,66.333000,66.849998,19776000.000000
2025-02-03,65.300003,68.849998,65.178001,67.290001,25290000.000000
2025-02-04,67.690002,70.190002,67.690002,69.750000,33786200.000000
2025-02-05,66.500000,66.750000,63.500000,64.480003,78975900.000000
2025-02-06,65.669998,70.050003,65.540001,69.989998,45940200.000000
2025-02-07,70.360001,76.775002,70.129997,74.599998,81813200.000000
2025-02-10,77.099998,78.989998,76.800003,78.629997,42551700.000000
2025-02-11,78.910004,79.199997,76.599998,76.949997,27329600.000000
2025-02-12,74.970001,80.099998,74.150002,79.349998,33142400.000000
2025-02-13,79.120003,80.529999,78.510002,80.290001,21754700.000000
2025-02-14,80.349998,80.349998,78.870003,79.419998,15405700.000000
2025-02-18,79.849998,81.510002,79.750000,81.489998,18943200.000000
2025-02-19,80.790001,81.900002,79.260002,81.160004,14973400.000000
2025-02-20,81.230003,81.839996,80.059998,81.260002,14770300.000000
2025-02-21,81.260002,82.099998,78.360001,78.889999,21774300.000000
2025-02-24,78.650002,78.879997,74.849998,76.419998,24368400.000000
2025-02-25,76.360001,76.370003,73.529999,74.949997,19559200.000000
2025-02-26,75.330002,76.489998,75.309998,75.870003,10328900.000000
2025-02-27,75.949997,77.690002,73.709999,74.209999,22535900.000000
2025-02-28,74.279999,76.110001,73.580002,76.010002,17752000.000000
2025-03-03,77.059998,77.739998,73.680000,74.440002,16999500.000000
2025-03-04,72.930000,76.680000,71.599998,75.260002,24241200.000000
2025-03-05,75.650002,76.940002,74.930000,76.480003,13122300.000000
2025-03-06,75.315002,77.220001,74.724998,74.959999,16504900.000000
2025-03-07,73.989998,76.699997,73.779999,76.269997,18610400.000000
2025-03-10,74.940002,75.489998,71.970001,73.059998,22120100.000000
2025-03-11,71.440002,74.250000,69.570000,70.650002,26668200.000000
2025-03-12,72.309998,72.419998,69.550003,71.199997,17315000.000000
2025-03-13,71.680000,72.000000,69.360001,69.510002,15272200.000000
2025-03-14,70.550003,71.790001,70.330002,71.550003,13537300.000000
2025-03-17,72.019997,73.809998,71.775002,72.730003,20577800.000000
2025-03-18,72.199997,72.675003,70.480003,71.550003,16137500.000000
2025-03-19,71.919998,73.785004,70.730003,73.019997,15042100.000000
2025-03-20,72.559998,75.540001,72.459999,74.349998,17851400.000000
2025-03-21,73.720001,76.000000,72.769997,75.839996,26551400.000000
2025-03-24,76.970001,77.584000,75.440002,76.510002,18126300.000000
2025-03-25,76.599998,76.709999,75.050003,75.610001,16065900.000000
2025-03-26,75.550003,75.639999,73.224998,74.180000,11828600.000000
2025-03-27,73.894997,75.620003,73.529999,74.860001,11866800.000000
2025-03-28,74.500000,74.919998,72.380997,72.750000,11277900.000000
2025-03-31,71.400002,73.300003,70.500000,72.860001,16033100.000000
2025-04-01,72.599998,73.070000,70.830002,72.989998,16889200.000000
2025-04-02,72.000000,75.410004,72.000000,74.500000,14806900.000000
2025-04-03,71.720001,72.435997,69.766998,69.849998,23290800.000000
2025-04-04,66.695000,67.558998,63.939999,64.620003,34938700.000000
2025-04-07,62.520000,67.586998,60.630001,65.639999,32841700.000000
2025-04-08,69.309998,70.070000,63.500000,65.070000,24045200.000000
2025-04-09,65.000000,73.400002,64.949997,72.680000,30148800.000000
2025-04-10,71.750000,72.870003,68.339996,70.940002,22373900.000000
2025-04-11,70.459999,72.400002,69.330002,72.279999,16274600.000000
2025-04-14,73.519997,73.650002,72.230003,73.099998,12483200.000000
2025-04-15,73.099998,74.720001,73.099998,74.019997,13790200.000000
2025-04-16,73.574997,74.800003,72.052002,73.059998,15990800.000000
2025-04-17,73.980003,75.910004,73.760002,75.239998,21893400.000000
2025-04-21,74.440002,75.440002,71.271004,72.919998,20634600.000000
2025-04-22,73.849998,75.559998,73.349998,74.440002,16599300.000000
2025-04-23,76.925003,77.580002,73.230003,73.769997,22750200.000000
2025-04-24,74.154999,78.379997,73.860001,78.099998,22188500.000000
2025-04-25,78.565002,80.551003,77.470001,77.750000,20047800.000000
2025-04-28,78.105003,78.779999,77.040001,78.330002,13324200.000000
2025-04-29,78.330002,79.730003,78.029999,79.419998,12172200.000000
2025-04-30,77.769997,81.219002,77.300003,81.010002,17762800.000000
2025-05-01,81.000000,81.919998,80.669998,80.889999,18698500.000000
2025-05-02,82.089996,84.919998,81.800003,84.279999,22401800.000000
2025-05-05,83.050003,86.570000,82.970001,85.430000,25339000.000000
2025-05-06,83.500000,86.529999,83.100998,85.830002,30378900.000000
2025-05-07,83.129997,85.169998,80.120003,83.650002,49238800.000000
2025-05-08,83.870003,84.000000,82.000000,82.300003,24293100.000000
2025-05-09,82.849998,84.122002,82.320000,82.809998,19105400.000000
2025-05-12,84.614998,88.309998,82.220001,88.099998,39104600.000000
2025-05-13,87.410004,92.169998,86.930000,91.720001,36770800.000000
2025-05-14,90.580002,91.650002,89.680000,90.410004,30640100.000000
2025-05-15,89.660004,91.112999,89.241997,90.160004,20481600.000000
2025-05-16,90.550003,92.900002,89.709999,91.790001,21909600.000000
2025-05-19,90.879997,92.544998,90.559998,92.459999,19252100.000000
2025-05-20,93.349998,93.599998,90.610001,91.870003,20851300.000000
2025-05-21,90.639999,91.040001,88.000000,88.669998,25035100.000000
2025-05-22,88.449997,89.260002,87.879997,88.000000,16496000.000000
2025-05-23,87.205002,88.489998,86.699997,87.750000,17929700.000000
2025-05-27,89.169998,89.714996,87.889999,89.000000,17446900.000000
2025-05-28,89.290001,89.879997,88.120003,88.260002,13810300.000000
2025-05-29,87.580002,87.870003,82.959999,84.300003,38116300.000000
2025-05-30,84.529999,84.650002,82.540001,84.160004,29050900.000000
2025-06-02,84.480003,84.760002,82.639999,83.639999,17047000.000000
2025-06-03,83.574997,83.790001,81.860001,82.529999,25668400.000000
2025-06-04,83.190002,84.709999,82.989998,83.449997,20080500.000000
2025-06-05,83.400002,85.750000,83.080002,84.669998,33304500.000000
2025-06-06,85.400002,86.690002,85.029999,85.599998,28172700.000000
2025-06-09,86.320000,87.860001,86.199997,87.120003,22780800.000000
2025-06-10,88.290001,88.379997,85.599998,86.389999,24494800.000000
2025-06-11,87.589996,87.599998,85.940002,86.580002,15364200.000000
2025-06-12,86.110001,86.790001,84.870003,85.620003,18776100.000000
2025-06-13,84.809998,85.570000,83.375000,83.930000,18003000.000000
2025-06-16,84.849998,86.019997,84.709999,85.120003,12254200.000000
2025-06-17,84.570000,85.480003,84.239998,84.760002,13677800.000000
2025-06-18,85.169998,86.480003,82.309998,83.440002,25976700.000000
2025-06-20,84.470001,85.370003,83.620003,83.779999,27472100.000000
2025-06-23,83.029999,85.245003,82.470001,85.239998,18407500.000000
2025-06-24,87.989998,92.480003,87.910004,91.650002,38925100.000000
2025-06-25,91.565002,92.889999,90.599998,90.900002,17400800.000000
2025-06-26,91.300003,94.379997,90.879997,93.120003,23657800.000000
2025-06-27,92.099998,92.510002,89.970001,91.529999,24731200.000000
2025-06-30,91.684998,93.385002,91.519997,93.300003,16155300.000000
2025-07-01,92.849998,93.239998,90.309998,92.129997,17124000.000000
2025-07-02,91.879997,94.099998,91.550003,92.050003,13604000.000000
2025-07-03,92.629997,94.110001,92.610001,93.629997,8112600.000000
2025-07-07,93.540001,97.120003,93.540001,96.680000,29817200.000000
2025-07-08,96.889999,97.599998,95.110001,97.480003,20586800.000000
2025-07-09,97.500000,97.714996,96.099998,96.639999,14858900.000000
2025-07-10,96.070000,97.449997,95.120003,96.400002,15644400.000000
2025-07-11,96.125000,96.834999,95.269997,95.389999,12453500.000000
2025-07-14,95.190002,95.480003,93.559998,93.889999,14300200.000000
2025-07-15,95.000000,95.160004,91.849998,92.209999,18488400.000000
2025-07-16,92.650002,92.750000,89.809998,90.750000,17636000.000000
2025-07-17,91.205002,91.400002,89.900002,90.500000,16903600.000000
2025-07-18,90.800003,91.169998,89.404999,90.589996,14223500.000000
2025-07-21,90.849998,91.930000,90.529999,91.160004,12150600.000000
2025-07-22,91.480003,92.260002,89.879997,91.790001,11561800.000000
2025-07-23,92.699997,92.699997,89.864998,89.940002,18617900.000000
2025-07-24,91.050003,93.610001,90.870003,90.870003,23446200.000000
2025-07-25,90.489998,91.379997,89.500000,91.290001,13864100.000000
2025-07-28,91.309998,92.349998,90.239998,90.599998,11606100.000000
2025-07-29,88.885002,89.160004,86.360001,87.110001,24966200.000000
2025-07-30,87.239998,87.805000,86.474998,87.639999,16862800.000000
2025-07-31,87.525002,88.839996,86.610001,87.750000,16922400.000000
2025-08-01,86.504997,87.055000,85.419998,86.910004,15732500.000000
2025-08-04,87.699997,88.589996,87.410004,88.430000,15138900.000000
2025-08-05,89.370003,90.955002,89.050003,89.389999,25856000.000000
2025-08-06,90.949997,90.959999,86.300003,89.220001,40169800.000000
2025-08-07,90.720001,92.739998,89.160004,92.669998,28522200.000000
2025-08-08,92.959999,94.309998,88.910004,89.559998,26212500.000000
2025-08-11,89.809998,91.430000,88.919998,90.580002,16668900.000000
2025-08-12,91.190002,92.555000,91.139999,91.730003,12509000.000000
2025-08-13,92.050003,92.199997,89.910004,90.830002,16867300.000000
2025-08-14,90.349998,92.320000,90.105003,91.400002,14525100.000000
2025-08-15,91.650002,93.900002,90.860001,92.599998,15841800.000000
2025-08-18,92.220001,94.400002,91.889999,93.980003,16471300.000000
2025-08-19,94.000000,96.595001,93.849998,95.320000,21177300.000000
2025-08-20,94.830002,94.959999,91.440002,93.730003,15194800.000000
2025-08-21,93.620003,95.000000,92.809998,94.230003,12864100.000000
2025-08-22,94.459999,97.540001,94.290001,96.790001,15584900.000000
2025-08-25,95.660004,97.500000,95.125000,95.160004,10938100.000000
2025-08-26,94.879997,96.820000,94.360001,96.529999,17163400.000000
2025-08-27,96.500000,96.949997,95.330002,95.330002,11364300.000000
2025-08-28,96.025002,96.110001,94.080002,95.959999,12024300.000000
2025-08-29,95.995003,96.150002,91.610001,93.750000,19310000.000000
2025-09-02,92.260002,93.537003,91.919998,92.809998,12883300.000000
2025-09-03,92.750000,94.764999,92.180000,92.940002,12052200.000000
2025-09-04,93.110001,93.125000,90.930000,91.980003,15960100.000000
2025-09-05,92.529999,92.529999,88.839996,90.989998,20384500.000000
2025-09-08,91.379997,94.559998,91.379997,94.360001,18906600.000000
2025-09-09,94.500000,95.480003,92.769997,95.449997,11850200.000000
2025-09-10,95.510002,96.099998,93.709999,94.209999,15944200.000000
2025-09-11,94.550003,96.320000,94.000000,94.680000,16190100.000000
2025-09-12,94.489998,96.269997,93.709999,95.889999,13659200.000000
2025-09-15,95.800003,98.860001,95.519997,98.849998,18652400.000000
2025-09-16,99.419998,99.699997,97.019997,97.830002,17257900.000000
2025-09-17,96.070000,97.239998,92.120003,92.949997,44094000.000000
2025-09-18,93.930000,95.050003,93.209999,94.699997,23075200.000000
2025-09-19,95.000000,98.830002,94.900002,98.510002,38735000.000000
2025-09-22,99.000000,101.989998,98.500000,99.389999,29820100.000000
2025-09-23,99.860001,100.180000,97.644997,97.800003,15101100.000000
2025-09-24,98.889999,99.860001,96.930000,97.779999,12523400.000000
2025-09-25,97.300003,97.870003,95.900002,97.599998,11255800.000000
2025-09-26,97.794998,98.529999,97.029999,98.449997,10356100.000000
2025-09-29,99.320000,100.260002,98.584999,99.570000,16320900.000000
2025-09-30,99.589996,99.750000,96.650002,97.970001,16793400.000000
2025-10-01,97.474998,99.084999,96.570000,96.610001,16608500.000000
2025-10-02,97.080002,97.209999,94.760002,96.610001,16046400.000000
2025-10-03,96.949997,98.300003,96.459999,96.599998,10556400.000000
2025-10-06,96.959999,101.294998,96.889999,100.099998,22760900.000000
2025-10-07,100.129997,100.690002,97.000000,97.800003,12583600.000000
2025-10-08,97.940002,99.610001,97.199997,99.279999,10071200.000000
2025-10-09,99.964996,100.169998,95.830002,96.000000,13435700.000000
2025-10-10,96.300003,96.449997,93.330002,93.400002,17021100.000000
2025-10-13,95.000000,95.250000,93.430000,94.080002,11031400.000000
2025-10-14,93.779999,95.180000,92.459999,94.250000,11178000.000000
2025-10-15,95.860001,96.989998,93.790001,94.519997,14347100.000000
2025-10-16,94.440002,95.459999,91.180000,92.519997,17214800.000000
2025-10-17,92.000000,92.830002,91.459999,92.300003,14282100.000000
2025-10-20,93.000000,94.500000,92.849998,93.699997,11274900.000000
2025-10-21,93.589996,94.550003,92.970001,93.029999,10503300.000000
2025-10-22,92.769997,93.415001,91.420998,92.209999,11351400.000000
2025-10-23,92.500000,95.699997,92.400002,94.610001,17121600.000000
2025-10-24,95.150002,95.260002,93.900002,94.070000,12014600.000000
2025-10-27,94.910004,96.660004,94.529999,96.419998,11748300.000000
2025-10-28,96.769997,97.730003,95.410004,95.430000,17138300.000000
2025-10-29,96.239998,96.889999,94.529999,95.760002,14532900.000000
2025-10-30,95.410004,97.620003,94.559998,96.489998,13556600.000000
2025-10-31,97.459999,98.449997,96.150002,96.500000,15333400.000000
2025-11-03,97.660004,100.349998,96.779999,99.720001,28836500.000000
2025-11-04,91.970001,95.029999,90.080002,94.669998,48787300.000000
2025-11-05,95.010002,95.440002,92.519997,92.750000,20150800.000000
2025-11-06,92.000000,92.769997,90.820000,92.120003,18316200.000000
2025-11-07,91.610001,93.169998,90.297997,91.989998,16489900.000000
2025-11-10,92.989998,94.309998,92.250000,94.099998,13310200.000000
2025-11-11,93.650002,94.160004,92.970001,93.599998,13276300.000000
2025-11-12,94.110001,95.180000,92.760002,93.570000,16004600.000000
2025-11-13,93.699997,94.059998,91.349998,91.779999,16367500.000000
2025-11-14,90.059998,92.620003,89.620003,91.620003,12475600.000000
2025-11-17,91.309998,92.580002,90.739998,92.110001,16922500.000000
2025-11-18,92.099998,92.922997,89.330002,90.860001,17439400.000000
2025-11-19,90.599998,91.080002,88.889999,89.529999,18256200.000000
2025-11-20,90.199997,90.540001,82.940002,83.360001,41734000.000000
2025-11-21,83.970001,84.000000,81.510002,83.870003,33783100.000000
2025-11-24,84.150002,84.519997,83.029999,83.690002,24883200.000000
2025-11-25,83.800003,84.264999,82.389999,83.690002,18482200.000000
2025-11-26,84.110001,86.355003,83.650002,85.660004,20448700.000000
2025-11-28,86.510002,87.620003,86.239998,87.540001,9069400.000000
2025-12-01,86.989998,87.610001,85.474998,86.570000,17517200.000000
2025-12-02,86.029999,88.440002,85.629997,87.570000,18930400.000000
2025-12-03,89.845001,91.379997,88.952003,90.680000,21335800.000000
2025-12-04,90.180000,91.000000,89.449997,90.989998,13145300.000000
2025-12-05,90.720001,92.750000,90.459999,91.320000,11154600.000000
2025-12-08,90.769997,92.779999,90.769997,92.570000,12646900.000000
2025-12-09,91.809998,92.010002,88.904999,89.070000,17117500.000000
2025-12-10,88.639999,88.750000,82.720001,84.160004,51202000.000000
2025-12-11,84.055000,85.745003,83.339996,85.440002,23346300.000000
2025-12-12,85.500000,86.449997,84.517998,85.110001,16211600.000000
2025-12-15,83.459999,83.620003,81.165001,81.860001,32070900.000000
2025-12-16,81.745003,82.050003,80.260002,80.919998,24465100.000000
2025-12-17,80.809998,81.300003,78.779999,79.139999,28007500.000000
2025-12-18,80.360001,80.709999,79.550003,79.690002,18681800.000000
2025-12-19,79.769997,79.989998,78.309998,79.309998,34353300.000000
2025-12-22,81.320000,82.250000,80.900002,81.260002,20570400.000000
2025-12-23,81.010002,81.419998,80.349998,80.970001,10445500.000000
2025-12-24,81.010002,81.410004,80.580002,81.150002,4310700.000000
2025-12-26,81.199997,81.500000,80.680000,81.260002,6741600.000000
2025-12-29,80.910004,82.199997,80.785004,81.500000,12072600.000000
2025-12-30,81.739998,82.500000,81.529999,82.120003,9500700.000000
2025-12-31,82.000000,82.544998,81.419998,81.709999,8428400.000000
2026-01-02,82.040001,83.660004,81.470001,82.860001,13095100.000000
2026-01-05,81.610001,82.839996,79.574997,80.739998,24036800.000000
2026-01-06,81.180000,85.650002,81.089996,85.540001,27508700.000000
2026-01-07,86.239998,87.739998,85.654999,86.190002,25293400.000000
2026-01-08,85.760002,88.239998,85.349998,87.589996,15499200.000000
2026-01-09,87.269997,87.279999,84.884003,85.440002,15881500.000000
2026-01-12,84.639999,85.480003,83.769997,84.669998,12687800.000000
2026-01-13,84.209999,85.940002,83.699997,85.410004,14809300.000000
2026-01-14,85.370003,85.989998,83.500000,84.650002,15510800.000000
2026-01-15,85.809998,86.349998,82.730003,84.379997,18892900.000000
2026-01-16,84.150002,85.000000,83.000000,84.849998,20738900.000000
2026-01-20,83.059998,83.809998,82.349998,83.720001,19429300.000000
2026-01-21,84.389999,85.610001,82.949997,84.260002,21171900.000000
2026-01-22,83.500000,85.430000,81.510002,82.559998,19457200.000000
2026-01-23,82.650002,83.559998,81.470001,82.309998,14703800.000000
2026-01-26,82.349998,83.330002,81.910004,81.980003,16556400.000000
2026-01-27,81.949997,82.084999,79.860001,81.239998,19993700.000000
2026-01-28,81.160004,81.847000,79.735001,79.779999,19317300.000000
2026-01-29,80.440002,82.080002,79.959999,81.699997,26857800.000000
2026-01-30,80.910004,82.099998,79.419998,80.050003,24344100.000000
2026-02-02,79.800003,81.889999,79.190002,80.839996,18434500.000000
2026-02-03,80.480003,80.680000,77.300003,77.930000,29490800.000000
2026-02-04,75.625000,77.712997,71.879997,73.919998,63045000.000000
2026-02-05,73.260002,77.220001,73.220001,75.209999,33111500.000000
2026-02-06,75.489998,75.860001,72.669998,74.769997,24470200.000000
2026-02-09,74.760002,74.815002,73.510002,73.910004,17959100.000000
2026-02-10,74.379997,75.050003,73.470001,73.500000,18958700.000000
2026-02-11,73.760002,74.085999,70.650002,71.010002,28045000.000000
2026-02-12,72.190002,72.629997,69.449997,71.220001,33541400.000000
2026-02-13,71.059998,71.419998,69.019997,69.989998,26526700.000000
2026-02-17,70.660004,70.980003,69.699997,70.529999,20286100.000000
2026-02-18,70.260002,73.269997,70.114998,72.769997,18235600.000000
2026-02-19,71.870003,74.105003,71.760002,72.940002,15897800.000000
2026-02-20,72.650002,74.584999,72.559998,73.860001,20242200.000000
2026-02-23,72.989998,73.110001,70.150002,70.720001,22921600.000000
2026-02-24,70.620003,72.139999,69.949997,71.379997,19581100.000000
2026-02-25,72.320000,73.160004,71.919998,72.830002,19820800.000000
2026-02-26,73.150002,76.099998,72.830002,74.800003,22449200.000000
2026-02-27,73.900002,75.779999,73.657997,75.419998,20427900.000000
2026-03-02,73.500000,76.495003,73.150002,75.949997,25779100.000000
2026-03-03,74.500000,77.305000,74.019997,76.360001,21892500.000000
2026-03-04,76.294998,77.040001,75.013000,76.650002,19818600.000000
2026-03-05,76.589996,78.250000,75.135002,75.440002,17894000.000000
2026-03-06,74.730003,75.570000,74.190002,75.129997,14771200.000000
2026-03-09,74.120003,74.540001,71.940002,73.839996,21208900.000000
2026-03-10,73.970001,74.120003,72.180000,72.360001,17581500.000000
2026-03-11,74.540001,75.599998,73.550003,74.970001,21010800.000000
2026-03-12,74.870003,75.849998,72.589996,72.970001,17082700.000000
2026-03-13,73.294998,74.870003,72.690002,73.330002,16400700.000000
2026-03-16,74.000000,75.379997,74.000000,74.660004,15997300.000000
2026-03-17,77.389999,79.230003,77.309998,77.790001,33146100.000000
2026-03-18,77.430000,77.680000,76.480003,76.660004,13692700.000000
2026-03-19,76.480003,77.845001,75.320000,75.339996,13791600.000000
2026-03-20,74.980003,74.980003,73.040001,73.889999,26161200.000000
2026-03-23,75.269997,75.820000,74.440002,75.120003,14154700.000000
2026-03-24,74.629997,75.010002,72.144997,72.339996,14404200.000000
2026-03-25,73.000000,73.839996,72.190002,73.080002,11569300.000000
2026-03-26,72.739998,72.764999,70.199997,70.550003,15412900.000000
2026-03-27,70.110001,70.379997,68.459999,69.180000,13869700.000000
2026-03-30,69.709999,70.500000,68.839996,69.910004,13873500.000000
2026-03-31,70.709999,72.050003,70.209999,71.930000,15886600.000000
2026-04-01,72.430000,72.699997,70.809998,71.709999,13035000.000000
2026-04-02,70.910004,71.970001,69.779999,71.839996,12758500.000000
2026-04-06,71.620003,72.779999,71.404999,72.169998,7751400.000000
2026-04-07,71.779999,72.559998,71.110001,71.730003,9686300.000000
2026-04-08,75.000000,75.430000,72.070000,72.379997,13559900.000000
2026-04-09,72.150002,72.349998,70.014999,71.809998,16500000.000000
2026-04-10,72.320000,72.879997,70.040001,70.480003,11818200.000000
2026-04-13,70.070000,72.809998,69.820000,72.339996,12690600.000000
2026-04-14,73.165001,73.949997,72.239998,72.910004,16750300.000000
2026-04-15,73.860001,77.930000,73.793999,77.279999,19696000.000000
2026-04-16,77.510002,78.050003,76.364998,76.480003,12771700.000000
2026-04-17,77.415001,78.720001,76.610001,77.120003,16966600.000000
2026-04-20,76.669998,77.705002,75.699997,77.489998,11507400.000000
2026-04-21,78.000000,78.760002,77.038002,77.260002,11698100.000000
2026-04-22,77.699997,77.970001,75.099998,75.580002,14133000.000000
2026-04-23,76.660004,77.177002,73.750000,74.699997,18671000.000000
2026-04-24,74.769997,74.769997,73.529999,74.639999,13007200.000000
2026-04-27,74.675003,76.949997,74.669998,76.269997,14670000.000000
2026-04-28,75.699997,76.660004,74.089996,74.110001,14039000.000000
2026-04-29,73.669998,74.730003,72.779999,74.470001,11751800.000000
2026-04-30,74.320000,75.019997,73.040001,74.610001,16067000.000000
2026-05-01,75.110001,75.660004,74.581001,75.120003,10867400.000000
2026-05-04,74.925003,75.320999,73.519997,73.930000,13868400.000000
2026-05-05,74.250000,74.800003,72.669998,72.949997,27424000.000000
2026-05-06,77.459999,80.110001,76.699997,79.169998,35783000.000000
2026-05-07,79.824997,80.830002,76.300003,76.730003,26972300.000000
2026-05-08,77.050003,77.050003,74.402000,75.449997,16230600.000000
2026-05-11,75.500000,77.015999,75.099998,76.150002,18996400.000000
2026-05-12,76.199997,76.830002,74.410004,76.360001,17241000.000000
2026-05-13,75.599998,76.050003,74.019997,74.699997,14055200.000000
2026-05-14,74.665001,75.290001,72.875000,74.690002,17329500.000000
2026-05-15,74.309998,75.565002,73.629997,75.089996,16394100.000000
2026-05-18,74.889999,75.970001,74.230003,75.080002,17776200.000000
2026-05-19,75.489998,76.010002,73.959999,74.089996,17419900.000000
2026-05-20,73.800003,74.893997,72.529999,74.599998,12764800.000000
2026-05-21,74.245003,74.610001,72.900002,73.610001,13238700.000000
2026-05-22,73.849998,74.970001,71.320000,71.820000,19689000.000000
2026-05-26,71.739998,71.830002,69.900002,70.120003,23281200.000000
2026-05-27,69.849998,70.940002,69.599998,70.730003,23148200.000000
2026-05-28,70.169998,71.139999,69.580002,70.919998,19139100.000000
2026-05-29,70.650002,72.239998,69.959999,70.400002,50294700.000000
2026-06-01,71.330002,74.555000,71.330002,73.769997,24119800.000000
2026-06-02,72.599998,73.129997,71.315002,71.620003,16657700.000000
2026-06-03,71.150002,71.875000,70.355003,71.690002,17348400.000000
2026-06-04,72.650002,73.540001,71.724998,72.209999,17576600.000000
