date,open,high,low,close,volume
2018-01-02,12.888101,13.274744,12.855881,12.952541,427900.000000
2018-01-03,13.210304,13.274745,12.888101,12.991206,231300.000000
2018-01-04,12.984757,13.210299,12.952538,13.016978,447800.000000
2018-01-05,13.016978,13.016978,12.984757,13.016978,78300.000000
2018-01-08,13.016978,13.016978,12.920317,13.016978,59200.000000
2018-01-09,13.016979,13.023422,12.888098,13.023422,224700.000000
2018-01-10,12.823659,13.016981,12.823659,12.888100,367500.000000
2018-01-11,12.888100,12.888100,12.791439,12.888100,37800.000000
2018-01-12,12.888101,12.888101,12.565898,12.881657,1109300.000000
2018-01-16,13.210302,14.814870,13.210302,13.854707,2005000.000000
2018-01-17,13.693610,13.725829,13.693610,13.712942,233000.000000
2018-01-18,13.693604,13.758045,13.522192,13.532503,634400.000000
2018-01-19,13.435846,13.532507,13.371406,13.371406,955700.000000
2018-01-22,13.371405,14.814872,13.081422,14.814872,3600.000000
2018-01-23,13.532503,13.854706,13.532503,13.532503,127300.000000
2018-01-24,13.371402,13.596944,12.565896,13.532503,20000.000000
2018-01-25,13.629163,13.629163,13.487394,13.487394,73500.000000
2018-01-26,13.532501,13.596942,13.532501,13.596942,5000.000000
2018-01-29,13.274740,13.596942,13.274740,13.596942,24900.000000
2018-01-30,13.564723,13.596944,13.532503,13.564723,40100.000000
2018-01-31,13.564724,14.801982,13.468064,14.176909,643200.000000
2018-02-01,13.584054,13.745155,13.319848,13.461617,24638300.000000
2018-02-02,13.371404,13.596946,13.145862,13.538949,4923100.000000
2018-02-05,13.390732,13.596941,11.915045,13.281183,4454000.000000
2018-02-06,13.042758,13.474509,12.565898,13.210303,9323000.000000
2018-02-07,13.087868,13.487399,13.087868,13.377851,15743200.000000
2018-02-08,13.242522,13.339184,12.823659,12.888100,7726200.000000
2018-02-09,12.888102,13.081423,12.250141,12.830106,5664400.000000
2018-02-12,12.862320,12.888097,12.469234,12.617447,2149100.000000
2018-02-13,12.694778,12.726998,12.501456,12.694778,1396400.000000
2018-02-14,12.675446,12.746331,12.449904,12.662558,2311500.000000
2018-02-15,12.765658,12.855876,12.540117,12.791435,2318700.000000
2018-02-16,12.823660,12.894545,12.662559,12.881657,1168600.000000
2018-02-20,12.791439,12.939652,12.791439,12.888100,2273500.000000
2018-02-21,12.881653,12.888097,12.630336,12.675444,2484500.000000
2018-02-22,12.707667,12.888101,12.681891,12.784996,2713600.000000
2018-02-23,12.791440,12.855880,12.662558,12.772107,2631500.000000
2018-02-26,12.752775,12.752775,12.585230,12.694778,2092200.000000
2018-02-27,12.733443,12.778551,12.495013,12.540121,1665000.000000
2018-02-28,12.520789,12.704444,12.443460,12.598117,2408600.000000
2018-03-01,12.598118,12.701223,12.462793,12.559454,2674800.000000
2018-03-02,12.559454,12.578786,12.346156,12.501457,1471400.000000
2018-03-05,12.475679,12.575561,12.429926,12.546563,1797100.000000
2018-03-06,12.630337,12.701220,12.565896,12.636781,2350600.000000
2018-03-07,12.591673,12.685110,12.495011,12.636781,1433500.000000
2018-03-08,12.623894,12.662558,12.372577,12.430573,2447900.000000
2018-03-09,12.346798,12.662557,12.295246,12.630337,2827700.000000
2018-03-12,12.630339,12.669003,12.372577,12.495013,3098800.000000
2018-03-13,12.501455,12.681889,12.501455,12.630337,2115800.000000
2018-03-14,12.649670,12.726999,12.623894,12.649670,2741500.000000
2018-03-15,12.662556,12.726997,12.372575,12.514343,3091200.000000
2018-03-16,12.404794,12.585228,12.385462,12.514343,19539200.000000
2018-03-19,12.520789,12.524011,12.340355,12.391908,2324000.000000
2018-03-20,12.462794,12.462794,12.140592,12.263029,4471100.000000
2018-03-21,12.237249,12.282357,12.095480,12.224360,1937400.000000
2018-03-22,12.147035,12.243695,12.089038,12.114814,1527200.000000
2018-03-23,12.147036,12.198589,11.773281,11.902162,2140000.000000
2018-03-26,12.031041,12.198587,11.927937,12.024597,2106900.000000
2018-03-27,12.082592,12.082592,11.811942,11.908603,1420000.000000
2018-03-28,11.941104,11.986606,11.804597,11.876101,4879900.000000
2018-03-29,11.772097,11.967107,11.606338,11.908604,6687600.000000
2018-04-02,11.928104,11.954104,11.791596,11.889102,5131100.000000
2018-04-03,11.915102,11.928103,11.791596,11.876101,1757600.000000
2018-04-04,11.804597,11.921603,11.700591,11.785095,3282400.000000
2018-04-05,11.811098,11.889102,11.733093,11.817598,3853800.000000
2018-04-06,11.811102,11.921607,11.752598,11.882606,2187100.000000
2018-04-09,11.889105,11.924856,11.765599,11.791599,2919500.000000
2018-04-10,11.889105,11.915105,11.707095,11.804600,1523700.000000
2018-04-11,11.733095,11.840352,11.687593,11.811100,1926700.000000
2018-04-12,11.811100,11.908605,11.642091,11.811100,896800.000000
2018-04-13,11.830599,11.859850,11.720093,11.830599,1426600.000000
2018-04-16,11.830599,11.941105,11.791597,11.850100,2935700.000000
2018-04-17,11.876101,11.973605,11.856599,11.876101,1570000.000000
2018-04-18,11.889106,11.967109,11.856604,11.947608,1460400.000000
2018-04-19,11.947604,11.954105,11.830599,11.850100,1343600.000000
2018-04-20,11.863100,11.921604,11.742845,11.817598,1074800.000000
2018-04-23,11.856604,11.856604,11.427582,11.759099,931100.000000
2018-04-24,11.752596,11.850100,11.668092,11.726595,1068500.000000
2018-04-25,11.668092,11.798098,11.668092,11.726595,1006700.000000
2018-04-26,11.720095,11.772098,11.687593,11.707094,1440300.000000
2018-04-27,11.687592,11.759096,11.583587,11.733094,1188900.000000
2018-04-30,11.739594,11.830599,11.694092,11.817598,1640800.000000
2018-05-01,11.765597,11.856601,11.635590,11.837100,3781900.000000
2018-05-02,11.778596,11.804597,11.590086,11.616088,3561000.000000
2018-05-03,11.590084,11.733090,11.583583,11.603085,2176800.000000
2018-05-04,11.603091,11.895605,11.564089,11.713596,2616400.000000
2018-05-07,11.700595,11.876104,11.687594,11.804600,3572200.000000
2018-05-08,11.791599,12.090614,11.785098,11.967108,3328100.000000
2018-05-09,12.188119,12.636642,12.188119,12.279123,4145400.000000
2018-05-10,12.350624,12.467631,12.337623,12.428629,2574200.000000
2018-05-11,12.402630,12.415630,12.256372,12.350627,1535400.000000
2018-05-14,12.415627,12.555384,12.402626,12.545632,3418500.000000
2018-05-15,12.532634,12.688642,12.513133,12.578136,5147500.000000
2018-05-16,12.552135,12.857652,12.552135,12.773147,3603900.000000
2018-05-17,12.864154,13.033161,12.802400,12.805651,3875400.000000
2018-05-18,12.844653,12.864155,12.643144,12.714646,2095400.000000
2018-05-21,12.766649,12.968160,12.740648,12.844653,3213100.000000
2018-05-22,12.883650,12.922652,12.779645,12.838148,3009900.000000
2018-05-23,12.825150,12.948657,12.812149,12.935656,1862500.000000
2018-05-24,12.948654,12.963605,12.844648,12.903152,1574500.000000
2018-05-25,12.903156,12.987660,12.844653,12.909657,1921300.000000
2018-05-29,12.922653,13.007158,12.870650,12.961656,2400300.000000
2018-05-30,13.020165,13.033165,12.909659,12.968163,5212400.000000
2018-05-31,12.922654,13.013659,12.558635,12.591138,12951500.000000
2018-06-01,12.779647,12.961657,12.659392,12.922654,3060900.000000
2018-06-04,13.111164,13.312674,13.000658,13.241171,7235800.000000
2018-06-05,13.247674,13.319178,12.977911,13.072166,4659500.000000
2018-06-06,13.046162,13.156667,12.955157,12.987659,2291800.000000
2018-06-07,13.046160,13.111163,12.942155,13.007158,4128300.000000
2018-06-08,13.033159,13.572686,12.987657,13.286673,6319600.000000
2018-06-11,13.325676,13.423181,13.267173,13.345178,3007800.000000
2018-06-12,13.319172,13.432929,13.260669,13.390676,3311800.000000
2018-06-13,13.397177,13.468680,13.338674,13.390676,5153400.000000
2018-06-14,13.423181,13.484935,13.306175,13.345178,5072000.000000
2018-06-15,13.325676,13.494685,13.299675,13.338677,8947200.000000
2018-06-18,13.280171,13.488181,13.280171,13.390676,5838900.000000
2018-06-19,13.325673,13.553185,13.325673,13.423178,5068100.000000
2018-06-20,13.436180,13.663692,13.390678,13.611690,5324700.000000
2018-06-21,13.637686,13.650687,13.553182,13.631186,2542700.000000
2018-06-22,13.709193,13.709193,13.546684,13.637689,2493700.000000
2018-06-25,13.618191,13.618191,13.449182,13.546687,2902900.000000
2018-06-26,13.501186,13.579189,13.449183,13.514187,4620800.000000
2018-06-27,13.496413,13.588584,13.417409,13.483246,4161100.000000
2018-06-28,13.516162,13.549080,13.351572,13.476660,2350000.000000
2018-06-29,13.502996,13.674170,13.292320,13.588582,1727000.000000
2018-07-02,13.542496,13.661001,13.476659,13.628083,1466900.000000
2018-07-03,13.753171,13.792674,13.614916,13.733421,1087900.000000
2018-07-05,13.805841,13.825593,13.700504,13.819009,1705700.000000
2018-07-06,13.838756,13.904593,13.756461,13.891425,3062500.000000
2018-07-09,13.911173,13.970425,13.871671,13.898006,1757800.000000
2018-07-10,13.944099,13.970433,13.845345,13.917764,1695900.000000
2018-07-11,13.851926,13.924345,13.700502,13.799256,1349300.000000
2018-07-12,13.772921,13.884843,13.733420,13.786089,912700.000000
2018-07-13,13.819007,13.947387,13.819007,13.937512,1259200.000000
2018-07-16,13.944096,13.963846,13.845342,13.937512,896100.000000
2018-07-17,13.937512,13.990181,13.792673,13.792673,1460000.000000
2018-07-18,13.779508,13.845344,13.601750,13.654419,2624800.000000
2018-07-19,13.661003,13.753173,13.535914,13.674170,3539800.000000
2018-07-20,13.739999,13.759749,13.562241,13.647827,1076100.000000
2018-07-23,13.680748,13.700498,13.502990,13.562243,1302800.000000
2018-07-24,13.601751,13.628086,13.483246,13.483246,1147200.000000
2018-07-25,13.496411,13.595165,13.437159,13.535913,1300300.000000
2018-07-26,13.502992,13.660999,13.476657,13.496408,804900.000000
2018-07-27,13.476660,13.552371,13.325237,13.377906,746900.000000
2018-07-30,13.391071,13.526035,13.331818,13.437156,706400.000000
2018-07-31,13.779504,13.779504,13.368028,13.397655,2481200.000000
2018-08-01,13.358158,13.456912,13.134315,13.167233,2346500.000000
2018-08-02,13.140893,13.186979,12.890716,12.936801,4717200.000000
2018-08-03,13.002638,13.167228,12.706375,12.864383,2626800.000000
2018-08-06,12.870961,13.048719,12.854503,13.002634,2844800.000000
2018-08-07,12.996056,13.121145,12.930220,13.075060,2521400.000000
2018-08-08,13.121145,13.384489,13.035557,13.344988,2219900.000000
2018-08-09,13.312065,13.391069,13.160642,13.246230,767800.000000
2018-08-10,13.121143,13.285733,13.114559,13.265982,908300.000000
2018-08-13,13.292316,13.338402,13.154060,13.219896,1302200.000000
2018-08-14,13.351573,13.509579,13.206732,13.233068,1853000.000000
2018-08-15,13.219897,13.437156,13.213313,13.437156,1237100.000000
2018-08-16,13.489825,13.641247,13.377903,13.608330,2095200.000000
2018-08-17,13.608330,13.753169,13.581995,13.608330,1596900.000000
2018-08-20,13.568829,13.703793,13.364736,13.470074,1299600.000000
2018-08-21,13.437156,13.693916,13.410822,13.608330,1275800.000000
2018-08-22,13.601748,13.634666,13.502994,13.516162,1291200.000000
2018-08-23,13.502993,13.660999,13.496409,13.621498,1076300.000000
2018-08-24,13.634666,13.707086,13.581997,13.628083,956400.000000
2018-08-27,13.654417,13.707086,13.628083,13.700502,2284500.000000
2018-08-28,13.733421,13.819007,13.670875,13.779506,2949700.000000
2018-08-29,13.825594,13.832178,13.726840,13.759758,1395000.000000
2018-08-30,13.726839,13.753172,13.581998,13.588582,1074700.000000
2018-08-31,13.588586,13.779512,13.588586,13.766344,1248200.000000
2018-09-04,13.726837,13.828882,13.661000,13.779506,1364300.000000
2018-09-05,13.766342,13.815719,13.644545,13.759758,1161200.000000
2018-09-06,13.753171,13.826909,13.693919,13.700502,2385800.000000
2018-09-07,13.693916,13.740002,13.651123,13.720251,2018700.000000
2018-09-10,13.792670,13.878257,13.779503,13.832171,4019600.000000
2018-09-11,13.825587,13.858505,13.707082,13.805836,2564300.000000
2018-09-12,13.786086,13.944092,13.759751,13.805836,2363000.000000
2018-09-13,13.858504,13.944092,13.842045,13.898006,3210800.000000
2018-09-14,13.930925,14.056014,13.838755,14.003345,4007300.000000
2018-09-17,14.049432,14.325944,14.016514,14.167937,4252900.000000
2018-09-18,14.187688,14.319361,14.174522,14.220607,3466100.000000
2018-09-19,14.220608,14.358863,14.121854,14.148188,6841400.000000
2018-09-20,14.200858,14.220609,14.062603,14.102104,5194800.000000
2018-09-21,14.154770,14.181105,14.036264,14.108685,14810800.000000
2018-09-24,14.161352,14.190978,13.878256,14.003345,4303500.000000
2018-09-25,14.042848,14.135019,13.990179,14.023097,3734300.000000
2018-09-26,14.016515,14.148186,13.858507,13.884842,3667700.000000
2018-09-27,14.077078,14.210574,13.943582,14.117126,2877600.000000
2018-09-28,14.103774,14.444187,14.087087,14.430839,3287500.000000
2018-10-01,14.450866,14.497589,14.170525,14.177200,3308500.000000
2018-10-02,14.163847,14.437512,14.107112,14.364091,1614300.000000
2018-10-03,14.384115,14.470888,14.200559,14.217246,2753400.000000
2018-10-04,14.190547,14.217245,14.063726,14.143824,1550500.000000
2018-10-05,14.177195,14.217243,13.950253,13.996976,3745700.000000
2018-10-08,14.050379,14.310695,13.963607,14.263972,2011400.000000
2018-10-09,14.230596,14.427502,14.170523,14.350742,1735800.000000
2018-10-10,14.364092,14.364092,14.157173,14.157173,2459800.000000
2018-10-11,14.123798,14.123798,13.736661,13.770035,1937800.000000
2018-10-12,13.856811,13.910209,13.636544,13.776713,1531700.000000
2018-10-15,13.896858,14.003654,13.813423,13.936906,1158700.000000
2018-10-16,13.983630,14.190547,13.916882,14.077076,1832200.000000
2018-10-17,14.090426,14.450862,14.060389,14.317368,6290700.000000
2018-10-18,14.324043,14.417490,14.267308,14.350742,2718800.000000
2018-10-19,14.377439,14.450860,14.277316,14.444185,2297300.000000
2018-10-22,14.470890,14.484240,14.157175,14.190550,2528800.000000
2018-10-23,14.123800,14.290669,13.936906,14.250621,2685400.000000
2018-10-24,14.384114,14.490911,14.290668,14.364091,4563100.000000
2018-10-25,14.390788,14.751226,14.324040,14.671128,3910900.000000
2018-10-26,14.664453,14.737876,14.324040,14.550982,3805000.000000
2018-10-29,14.637758,14.784602,14.370768,14.384116,3929400.000000
2018-10-30,14.450863,14.571009,14.283994,14.357417,6683500.000000
2018-10-31,14.417490,14.624407,14.310694,14.410815,3532500.000000
2018-11-01,14.397463,14.597707,14.384113,14.564332,3529800.000000
2018-11-02,14.571007,14.898071,14.150498,14.304017,2462900.000000
2018-11-05,14.283993,14.544310,14.243945,14.364091,3274000.000000
2018-11-06,14.377440,14.597707,14.330715,14.550982,3870800.000000
2018-11-07,14.624406,14.784601,14.564333,14.771251,3289300.000000
2018-11-08,14.791278,14.811302,14.470889,14.517612,2361600.000000
2018-11-09,14.470886,14.591032,14.444186,14.484236,2622900.000000
2018-11-12,14.457538,14.544311,14.327381,14.357417,1598300.000000
2018-11-13,14.377446,14.417495,14.217251,14.330722,1465600.000000
2018-11-14,14.090425,14.477561,14.057050,14.310692,8609200.000000
2018-11-15,14.190546,14.273980,14.047038,14.103773,23564000.000000
2018-11-16,14.097101,14.297344,14.023679,14.217246,6878900.000000
2018-11-19,14.243946,14.364092,14.243946,14.297344,10284500.000000
2018-11-20,14.270644,14.350742,14.170523,14.170523,7044500.000000
2018-11-21,14.183873,14.370767,14.183873,14.297344,12763200.000000
2018-11-23,14.257292,14.484234,14.237267,14.450859,18510000.000000
2018-11-26,14.844672,14.931445,14.364090,14.604381,9646500.000000
2018-11-27,14.684477,14.804623,14.621067,14.737875,12283800.000000
2018-11-28,14.724530,14.844676,14.611059,14.711182,7478400.000000
2018-11-29,14.731202,14.844673,14.664454,14.731202,6533900.000000
2018-11-30,14.791278,14.851351,14.530963,14.530963,11600700.000000
2018-12-03,14.591031,14.671128,14.470885,14.524283,5666400.000000
2018-12-04,14.564330,14.597704,14.290665,14.290665,2735300.000000
2018-12-06,14.223919,14.611055,14.120461,14.611055,5475700.000000
2018-12-07,14.691152,14.731200,14.297341,14.370764,4183900.000000
2018-12-10,14.330715,14.370765,13.816760,13.963604,8461100.000000
2018-12-11,14.050376,14.197222,13.916881,13.976954,8339400.000000
2018-12-12,14.070399,14.083749,13.766698,13.783384,2831200.000000
2018-12-13,13.776711,13.956930,13.729988,13.790061,3947800.000000
2018-12-14,13.703292,13.876836,13.676592,13.776713,2500000.000000
2018-12-17,13.783389,13.873498,13.162636,13.175985,4673200.000000
2018-12-18,13.216031,13.309479,13.089211,13.216031,3454600.000000
2018-12-19,13.242729,13.329500,13.042487,13.082535,3506500.000000
2018-12-20,13.082541,13.182663,12.581934,12.748803,5236100.000000
2018-12-21,12.735452,12.835573,12.408389,12.448437,6262900.000000
2018-12-24,12.348313,12.428411,11.964513,12.027925,1384100.000000
2018-12-26,12.081320,12.415058,11.941149,12.408383,5455900.000000
2018-12-27,12.305334,12.440930,11.959564,12.440930,4592000.000000
2018-12-28,12.481609,12.617206,12.359573,12.590086,3207300.000000
2018-12-31,12.583303,12.732459,12.461266,12.732459,3522000.000000
2019-01-02,12.617203,12.644322,12.427368,12.529065,3745600.000000
2019-01-03,12.535845,12.885004,12.522285,12.725679,6180600.000000
2019-01-04,12.827377,13.007041,12.810428,12.868055,4943600.000000
2019-01-07,12.942636,13.044333,12.840939,12.901958,3441000.000000
2019-01-08,13.051112,13.329084,13.034163,13.295185,4063500.000000
2019-01-09,13.349422,13.495188,13.268064,13.471458,2874200.000000
2019-01-10,13.505357,13.715530,13.501968,13.607054,4687400.000000
2019-01-11,13.613833,13.824006,13.593493,13.762988,2794300.000000
2019-01-14,13.701973,13.898587,13.681634,13.864689,2933900.000000
2019-01-15,13.851127,13.993502,13.837567,13.952824,2544500.000000
2019-01-16,14.101978,14.224015,14.027401,14.149438,2642100.000000
2019-01-17,14.163000,14.251138,14.142661,14.230798,2603100.000000
2019-01-18,14.271469,14.312149,14.139264,14.312149,2973100.000000
2019-01-22,14.318936,14.325714,14.142661,14.210458,1769900.000000
2019-01-23,14.210454,14.352831,14.173166,14.251134,4114100.000000
2019-01-24,14.278250,14.440965,14.237572,14.325708,3783600.000000
2019-01-25,14.413848,14.576563,14.386728,14.542665,3546100.000000
2019-01-28,14.515540,14.644356,14.440962,14.549438,3720100.000000
2019-01-29,14.617242,14.651142,14.495205,14.583344,4460500.000000
2019-01-30,14.583342,14.634189,14.474865,14.501984,5763600.000000
2019-01-31,14.461306,14.630801,14.440967,14.596903,4443500.000000
2019-02-01,14.617240,14.746056,14.481645,14.671478,3684100.000000
2019-02-04,14.630802,14.651141,14.563003,14.590123,3028000.000000
2019-02-05,14.576563,14.617242,14.474867,14.590123,5649700.000000
2019-02-06,14.610457,14.613847,14.454522,14.549438,4181200.000000
2019-02-07,14.549438,14.617237,14.481642,14.549438,3786100.000000
2019-02-08,14.542667,14.718941,14.542667,14.705382,6124200.000000
2019-02-11,14.732498,14.746058,14.644361,14.718938,3809300.000000
2019-02-12,14.759619,14.779958,14.576564,14.617243,3118600.000000
2019-02-13,14.617244,14.685043,14.556226,14.624024,3851900.000000
2019-02-14,14.610461,14.691819,14.461306,14.685040,3006300.000000
2019-02-15,14.617242,14.718939,14.427409,14.495206,3451200.000000
2019-02-19,14.474867,14.566394,14.407069,14.454527,3014600.000000
2019-02-20,14.440968,14.590124,14.420629,14.569784,2095100.000000
2019-02-21,14.563003,14.705379,14.481646,14.685040,2342300.000000
2019-02-22,14.678265,14.786742,14.501990,14.556229,2241200.000000
2019-02-25,14.529107,14.620634,14.440969,14.481648,2692400.000000
2019-02-26,14.515549,14.529109,14.413853,14.413853,1241600.000000
2019-02-27,14.359612,14.447749,14.305374,14.393511,2101400.000000
2019-02-28,14.407071,14.481649,14.291814,14.447749,5454600.000000
2019-03-01,14.447748,14.461308,14.173168,14.278254,2898100.000000
2019-03-04,14.305374,14.454529,14.237576,14.447749,2229000.000000
2019-03-05,14.413849,14.522326,14.268083,14.305372,1810500.000000
2019-03-06,14.264695,14.332492,14.176557,14.257915,1597600.000000
2019-03-07,14.278252,14.356220,14.159607,14.196896,1822100.000000
2019-03-08,14.162994,14.434187,14.135876,14.346049,2577400.000000
2019-03-11,14.413853,14.590128,14.413853,14.556229,2336700.000000
2019-03-12,14.576558,14.624017,14.474862,14.549438,2542300.000000
2019-03-13,14.596905,14.678262,14.407070,14.563005,7793100.000000
2019-03-14,14.583347,14.610465,14.488430,14.522328,2799200.000000
2019-03-15,14.542665,14.644362,14.539275,14.603683,4205200.000000
2019-03-18,14.583345,14.657923,14.481649,14.563005,3146500.000000
2019-03-19,14.569782,14.603682,14.454525,14.501984,2306700.000000
2019-03-20,14.488426,14.691820,14.386728,14.542665,2309400.000000
2019-03-21,14.535885,14.766398,14.474867,14.752838,2682000.000000
2019-03-22,14.766401,14.874878,14.710129,14.847758,3254400.000000
2019-03-25,14.847757,14.881657,14.732500,14.854537,2251900.000000
2019-03-26,14.888430,14.976568,14.840972,14.976568,2781300.000000
2019-03-27,14.983353,15.010472,14.793519,14.888435,2918600.000000
2019-03-28,14.893930,15.024458,14.866450,14.976368,2279200.000000
2019-03-29,15.038198,15.072549,14.931716,15.031328,2699500.000000
2019-04-01,15.038197,15.096591,14.835535,14.969499,2262700.000000
2019-04-02,14.990107,15.024458,14.811490,14.969499,1469900.000000
2019-04-03,14.983239,15.127508,14.900801,15.058808,2709100.000000
2019-04-04,15.093157,15.093157,14.969500,15.065679,2486800.000000
2019-04-05,15.072544,15.244291,15.072544,15.196202,2964900.000000
2019-04-08,15.223683,15.223683,15.100025,15.168724,2966300.000000
2019-04-09,15.168726,15.254600,15.134377,15.134377,2777300.000000
2019-04-10,15.154988,15.285517,15.154988,15.278646,4264600.000000
2019-04-11,15.278647,15.340476,15.165294,15.237428,2220300.000000
2019-04-12,15.244294,15.285513,15.175595,15.216814,2532600.000000
2019-04-15,15.230553,15.285512,15.148114,15.285512,1737400.000000
2019-04-16,15.285518,15.292388,15.065681,15.113770,2313400.000000
2019-04-17,15.148119,15.148119,14.900803,15.017591,2365900.000000
2019-04-18,15.086289,15.100029,14.955762,15.045070,2017500.000000
2019-04-22,15.024461,15.045070,14.780578,14.942021,1842700.000000
2019-04-23,14.990109,15.223686,14.969500,15.203075,2235600.000000
2019-04-24,15.285519,15.450396,15.251170,15.443526,5065100.000000
2019-04-25,15.450391,15.525960,15.361082,15.519090,4864200.000000
2019-04-26,15.471001,15.642748,15.464131,15.629008,4051700.000000
2019-04-29,15.656489,15.670228,15.481306,15.525961,2149400.000000
2019-04-30,15.484744,15.697711,15.429784,15.663361,3067800.000000
2019-05-01,15.697711,15.793889,15.570618,15.683970,4501700.000000
2019-05-02,15.629011,15.811063,15.402305,15.683970,4473600.000000
2019-05-03,15.738929,15.793888,15.553442,15.704580,2106100.000000
2019-05-06,15.635878,15.666793,15.512220,15.629008,2287800.000000
2019-05-07,15.615266,15.629006,15.278641,15.388559,2000700.000000
2019-05-08,15.340475,15.443523,15.209947,15.264906,2399900.000000
2019-05-09,15.244295,15.264904,14.962629,15.161856,3803200.000000
2019-05-10,15.154988,15.402305,15.051940,15.402305,2801800.000000
2019-05-13,15.285513,15.446956,15.189335,15.422912,2267900.000000
2019-05-14,15.422915,15.422915,15.079421,15.292387,5739400.000000
2019-05-15,15.292387,15.367957,15.209948,15.319866,1504400.000000
2019-05-16,15.333606,15.594662,15.285517,15.553442,2396800.000000
2019-05-17,15.450390,15.550004,15.326732,15.546568,2404000.000000
2019-05-20,15.546573,15.546573,15.271777,15.319866,1996900.000000
2019-05-21,15.319865,15.402304,15.292386,15.367955,1375500.000000
2019-05-22,15.306129,15.443526,15.285519,15.443526,809200.000000
2019-05-23,15.402303,15.525961,15.333603,15.525961,3885100.000000
2019-05-24,15.574052,15.704581,15.550008,15.642752,3319400.000000
2019-05-28,15.718316,15.745797,15.505350,15.505350,3643200.000000
2019-05-29,15.491614,15.512224,15.285517,15.374825,1600700.000000
2019-05-30,15.374818,15.498476,15.306120,15.361079,2815900.000000
2019-05-31,15.244298,15.388565,15.154988,15.237428,3664900.000000
2019-06-03,15.271776,15.364520,15.113769,15.182468,2594200.000000
2019-06-04,15.216819,15.223689,14.866454,15.010722,2530600.000000
2019-06-05,15.058811,15.381696,15.038201,15.374825,1854100.000000
2019-06-06,15.402303,15.505351,15.251166,15.457262,2160400.000000
2019-06-07,15.505350,15.522524,15.216814,15.216814,2075700.000000
2019-06-10,15.258042,15.326741,15.161864,15.313003,1760600.000000
2019-06-11,15.422910,15.519088,15.312992,15.381690,1827200.000000
2019-06-12,15.422914,15.484743,15.264905,15.409174,1497200.000000
2019-06-13,15.388566,15.484745,15.326736,15.484745,1630300.000000
2019-06-14,15.443521,15.629009,15.443521,15.615269,1132000.000000
2019-06-17,15.629012,15.742366,15.618707,15.663361,3418200.000000
2019-06-18,15.683967,15.800756,15.587789,15.629008,3773500.000000
2019-06-19,15.587783,15.835099,15.584348,15.718310,3251500.000000
2019-06-20,15.787014,15.986241,15.711446,15.807624,3883900.000000
2019-06-21,15.828235,15.828235,15.608397,15.656487,3838500.000000
2019-06-24,15.333605,15.450393,15.216816,15.306126,8832300.000000
2019-06-25,15.319863,15.374822,14.907670,14.976368,6605000.000000
2019-06-26,15.079420,15.230557,14.825233,14.825233,36192700.000000
2019-06-27,14.900431,15.178943,14.900431,15.116278,12567300.000000
2019-06-28,15.130206,15.353016,15.102355,15.346054,13201500.000000
2019-07-01,15.534045,15.534045,15.130202,15.520121,9347600.000000
2019-07-02,15.520122,15.697673,15.499233,15.659377,6241700.000000
2019-07-03,15.687232,15.833450,15.624566,15.833450,4560000.000000
2019-07-05,15.756858,15.756858,15.408717,15.541011,3867500.000000
2019-07-08,15.499233,15.568862,15.325163,15.422642,7738200.000000
2019-07-09,15.450492,15.513158,15.241607,15.485306,5444200.000000
2019-07-10,15.561902,15.652418,15.398275,15.534050,4696800.000000
2019-07-11,15.547972,15.638488,15.332125,15.373901,7774700.000000
2019-07-12,15.366940,15.534048,15.311238,15.506197,7009100.000000
2019-07-15,15.534046,15.673303,15.499233,15.659377,9295300.000000
2019-07-16,15.596715,15.666343,15.391312,15.478347,6852300.000000
2019-07-17,15.513157,15.561896,15.213755,15.241606,7780000.000000
2019-07-18,15.199838,15.332132,15.119766,15.311243,6039100.000000
2019-07-19,15.311233,15.339085,15.008351,15.067534,5574500.000000
2019-07-22,15.025760,15.123239,14.990946,15.018797,3715500.000000
2019-07-23,15.039683,15.060570,14.743762,14.942203,7584000.000000
2019-07-24,14.893465,14.970056,14.761172,14.935243,3808700.000000
2019-07-25,14.893470,14.977025,14.809917,14.816880,5203400.000000
2019-07-26,14.858655,14.914358,14.789027,14.879544,4914700.000000
2019-07-29,14.907395,14.935246,14.778583,14.809916,4350700.000000
2019-07-30,14.719395,15.046648,14.607990,14.963094,8510600.000000
2019-07-31,14.990943,15.032720,14.747244,14.858649,4356700.000000
2019-08-01,14.893470,15.067540,14.580144,14.601031,6887900.000000
2019-08-02,14.607998,14.795994,14.433927,14.782068,3537700.000000
2019-08-05,14.656733,14.663696,14.388665,14.517477,3696200.000000
2019-08-06,14.594065,14.691545,14.426958,14.524438,2851100.000000
2019-08-07,14.475698,14.677619,14.273775,14.607990,6495900.000000
2019-08-08,14.670660,14.754214,14.552292,14.754214,2871200.000000
2019-08-09,14.775100,14.802952,14.566216,14.740287,2420300.000000
2019-08-12,14.782062,14.830801,14.670657,14.768136,3816900.000000
2019-08-13,14.656732,14.935246,14.656732,14.802952,2192600.000000
2019-08-14,14.858655,14.872581,14.385183,14.385183,7969000.000000
2019-08-15,14.399109,14.607993,14.273778,14.322517,2642900.000000
2019-08-16,14.343408,14.527922,14.255677,14.433924,2803300.000000
2019-08-19,14.531403,14.726361,14.482662,14.698510,3418700.000000
2019-08-20,14.719399,14.719399,14.433924,14.433924,3828900.000000
2019-08-21,14.531405,14.632365,14.468740,14.594069,1804000.000000
2019-08-22,14.635845,14.823841,14.635845,14.809916,1667600.000000
2019-08-23,14.775097,14.858652,14.573176,14.621916,2384600.000000
2019-08-26,14.921320,15.102353,14.900431,15.095390,4779800.000000
2019-08-27,15.206794,15.290347,15.158054,15.165017,3916500.000000
2019-08-28,15.171983,15.262499,15.158057,15.178945,1828100.000000
2019-08-29,15.255533,15.387827,15.235342,15.373901,2309900.000000
2019-08-30,15.450496,15.464421,15.384349,15.429607,2782700.000000
2019-09-03,15.373905,15.450496,15.339091,15.429607,3520200.000000
2019-09-04,15.499236,15.520125,15.405238,15.443534,3884100.000000
2019-09-05,15.471380,15.596711,15.387827,15.450493,3680700.000000
2019-09-06,15.450497,15.547976,15.450497,15.534050,2556900.000000
2019-09-09,15.513164,15.575830,15.171986,15.283391,3518100.000000
2019-09-10,15.241608,15.290347,15.048042,15.171981,2968000.000000
2019-09-11,15.158053,15.332123,15.130201,15.290345,2047200.000000
2019-09-12,15.353012,15.436566,15.276422,15.318198,1826800.000000
2019-09-13,15.380866,15.450495,15.102354,15.151093,1713600.000000
2019-09-16,15.137171,15.434483,15.130208,15.387833,2159300.000000
2019-09-17,15.429605,15.600195,15.394792,15.554936,5012800.000000
2019-09-18,15.596710,15.694191,15.534045,15.638487,4562500.000000
2019-09-19,15.708117,15.854337,15.638488,15.819522,5569000.000000
2019-09-20,15.826485,15.979668,15.777746,15.972705,10972400.000000
2019-09-23,16.014483,16.014483,15.798636,15.958780,4173000.000000
2019-09-24,15.951819,16.028411,15.920487,16.000559,4780600.000000
2019-09-25,15.958779,16.056258,15.756857,16.042334,4143400.000000
2019-09-26,16.076193,16.125571,15.786976,15.871625,4232400.000000
2019-09-27,15.913949,15.963327,15.753117,15.878679,3338100.000000
2019-09-30,15.885729,16.033864,15.850458,15.977431,3291500.000000
2019-10-01,15.963326,16.055029,15.868097,15.935110,1883900.000000
2019-10-02,15.921003,15.984489,15.843408,15.949220,3571700.000000
2019-10-03,15.949220,16.118517,15.779923,16.118517,2796400.000000
2019-10-04,16.118517,16.196111,16.030342,16.189058,2730900.000000
2019-10-07,16.189058,16.273706,16.040922,16.252544,7656900.000000
2019-10-08,16.217275,16.266653,16.040923,16.266653,6248700.000000
2019-10-09,16.308980,16.344250,16.178479,16.210222,2531500.000000
2019-10-10,16.196112,16.273707,16.129099,16.266653,3047500.000000
2019-10-11,16.323084,16.340721,16.139679,16.189058,4317100.000000
2019-10-14,16.167896,16.224328,16.016233,16.217274,3770400.000000
2019-10-15,16.217274,16.323084,16.178476,16.308977,4427500.000000
2019-10-16,16.344248,16.519894,16.252546,16.266653,6538300.000000
2019-10-17,16.259597,16.383044,16.249017,16.323084,3733600.000000
2019-10-18,16.316030,16.407733,16.280760,16.323084,3519600.000000
2019-10-21,16.323085,16.584085,16.298395,16.569977,4738400.000000
2019-10-22,16.577025,16.682836,16.510012,16.647566,4289300.000000
2019-10-23,16.612301,16.788653,16.555869,16.682842,6001700.000000
2019-10-24,16.689897,16.760437,16.584086,16.725166,3188100.000000
2019-10-25,16.689896,16.827450,16.601720,16.689896,4084900.000000
2019-10-28,16.718116,16.802764,16.622886,16.767494,5525800.000000
2019-10-29,16.774543,16.897989,16.739272,16.746326,4568100.000000
2019-10-30,16.781596,16.922676,16.732216,16.922676,4283400.000000
2019-10-31,16.922682,16.936790,16.605250,16.612303,5844600.000000
2019-11-01,16.781598,17.352977,16.746327,17.303598,9226600.000000
2019-11-04,17.352979,17.444682,17.226006,17.338871,4112200.000000
2019-11-05,17.282436,17.317706,16.781599,16.972057,4890000.000000
2019-11-06,17.014387,17.162522,16.954427,17.056711,4463500.000000
2019-11-07,17.035541,17.049649,16.905041,16.922676,5217600.000000
2019-11-08,16.859192,17.183679,16.823922,17.127247,3763400.000000
2019-11-11,17.176628,17.494060,17.148411,17.338871,5104300.000000
2019-11-12,17.388246,17.458787,17.120193,17.197786,3429600.000000
2019-11-13,17.148407,17.367084,17.127246,17.176624,3602300.000000
2019-11-14,17.211893,17.352975,17.183678,17.345921,4063300.000000
2019-11-15,17.338869,17.381193,17.257748,17.381193,2400100.000000
2019-11-18,17.395301,17.460904,17.268328,17.324760,2782600.000000
2019-11-19,17.282436,17.307125,17.120193,17.268328,6405200.000000
2019-11-20,17.218947,17.437622,17.218947,17.423515,5815400.000000
2019-11-21,17.437624,17.451732,17.151935,17.176624,3966500.000000
2019-11-22,17.218951,17.303600,17.042599,17.155464,3494100.000000
2019-11-25,17.226004,17.458788,17.162517,17.268328,5429000.000000
2019-11-26,17.282435,17.374137,17.222476,17.352976,22601900.000000
2019-11-27,17.310658,17.561076,17.289495,17.557549,2503400.000000
2019-11-29,17.501110,17.592813,17.423516,17.444677,1070600.000000
2019-12-02,17.402354,17.437624,17.155462,17.261272,4423800.000000
2019-12-03,17.183679,17.444678,17.176625,17.395300,3248800.000000
2019-12-04,17.331814,17.515220,17.268328,17.268328,3653100.000000
2019-12-05,17.296542,17.476420,17.282434,17.423515,5776500.000000
2019-12-06,17.451732,17.613975,17.360030,17.592813,3393100.000000
2019-12-09,17.592817,17.642195,17.522276,17.578709,2690500.000000
2019-12-10,17.550492,17.649249,17.469370,17.564600,5947600.000000
2019-12-11,17.564598,17.670409,17.338869,17.416464,2700300.000000
2019-12-12,17.479950,17.599869,17.271855,17.388247,2824200.000000
2019-12-13,17.374141,17.465844,17.120195,17.162519,6139600.000000
2019-12-16,17.176624,17.402353,17.028488,17.360029,6800300.000000
2019-12-17,17.388250,17.628088,17.335345,17.529331,3242200.000000
2019-12-18,17.543437,17.719788,17.487004,17.656301,4195200.000000
2019-12-19,17.705678,17.860867,17.628083,17.860867,3944200.000000
2019-12-20,18.016055,18.016055,17.829122,17.889082,3467000.000000
2019-12-23,17.959623,17.973732,17.807962,17.874975,2799300.000000
2019-12-24,17.846760,17.896139,17.733895,17.776220,1061200.000000
2019-12-26,17.846180,17.946118,17.799779,17.867596,1940100.000000
2019-12-27,17.946113,18.017498,17.871159,18.017498,1176000.000000
2019-12-30,18.003221,18.060329,17.917560,18.046053,2036900.000000
2019-12-31,18.074606,18.238791,18.049621,18.238791,1732700.000000
2020-01-02,18.288761,18.317314,17.871160,18.046053,2070400.000000
2020-01-03,17.960393,18.117439,17.896147,18.060331,1944000.000000
2020-01-06,17.996086,18.088887,17.824763,17.874733,4170500.000000
2020-01-07,17.796204,17.903281,17.639157,17.803343,3174800.000000
2020-01-08,17.839037,17.953252,17.660575,17.917561,4320000.000000
2020-01-09,17.881867,18.110299,17.864021,18.096022,3412800.000000
2020-01-10,18.153134,18.195965,18.053196,18.110304,4035400.000000
2020-01-13,18.131713,18.153129,18.010359,18.096022,4080800.000000
2020-01-14,18.103164,18.263779,18.031779,18.181686,6286200.000000
2020-01-15,18.310176,18.659961,18.203100,18.545746,6235100.000000
2020-01-16,18.652826,18.734920,18.595718,18.695658,2938400.000000
2020-01-17,18.695660,18.859844,18.652828,18.752768,2536100.000000
2020-01-21,18.767039,18.966915,18.759900,18.824146,3232400.000000
2020-01-22,18.874114,19.045438,18.866976,18.952637,2841200.000000
2020-01-23,18.952642,19.098981,18.892679,18.995474,2861900.000000
2020-01-24,19.024025,19.173934,18.952640,19.024025,2351600.000000
2020-01-27,18.931223,18.931223,18.706361,18.824146,3371700.000000
2020-01-28,18.859840,18.895532,18.756332,18.781317,2001000.000000
2020-01-29,18.845565,19.088273,18.774180,19.081135,1930900.000000
2020-01-30,18.988335,19.366673,18.959780,19.152519,5231900.000000
2020-01-31,19.138238,19.231039,18.991900,19.131100,3314000.000000
2020-02-03,19.116827,19.288150,19.073995,19.166796,2569800.000000
2020-02-04,19.252456,19.388088,19.238180,19.295288,2528200.000000
2020-02-05,19.316697,19.395220,19.131096,19.245312,7014900.000000
2020-02-06,19.295290,19.495166,19.188212,19.380951,4119200.000000
2020-02-07,19.423774,19.423774,19.281006,19.359529,1926400.000000
2020-02-10,19.445195,19.616518,19.309564,19.616518,2392600.000000
2020-02-11,19.623652,19.773561,19.587961,19.766422,3112100.000000
2020-02-12,19.752152,19.894922,19.626514,19.787844,3088500.000000
2020-02-13,19.737870,19.909193,19.723593,19.909193,4303100.000000
2020-02-14,19.937748,20.066240,19.866363,20.066240,4269500.000000
2020-02-18,20.051960,20.087652,19.812821,19.902052,3292200.000000
2020-02-19,19.894911,19.930603,19.537988,19.609371,4052500.000000
2020-02-20,19.637934,20.101935,19.616518,20.080519,4465100.000000
2020-02-21,20.258978,20.523102,19.837809,20.094793,4698700.000000
2020-02-24,19.852087,19.944888,19.609379,19.630795,4663300.000000
2020-02-25,19.673628,19.766429,18.995474,19.052582,7014300.000000
2020-02-26,19.052576,19.348822,18.281621,18.303036,9770700.000000
2020-02-27,18.031776,18.270914,17.296513,17.703405,12384500.000000
2020-02-28,17.189438,17.889008,16.853930,17.889008,10429700.000000
2020-03-02,17.967532,18.074609,17.175161,17.603470,6889900.000000
2020-03-03,17.860450,18.217374,17.560635,17.646296,6748000.000000
2020-03-04,17.846178,18.313749,17.703408,18.310179,4536600.000000
2020-03-05,17.981810,18.038918,17.489255,17.774794,5566900.000000
2020-03-06,17.389309,17.549924,16.936016,17.289370,4989500.000000
2020-03-09,16.347094,16.447034,15.383401,15.469063,4455300.000000
2020-03-10,15.904512,16.439897,15.376265,16.432758,3999400.000000
2020-03-11,16.025867,16.047282,14.690973,14.719527,4945900.000000
2020-03-12,13.770109,13.969985,11.485798,11.585736,11594700.000000
2020-03-13,12.663647,13.049126,11.278784,12.563709,13095400.000000
2020-03-16,11.000382,11.000382,8.287763,8.965919,14389300.000000
2020-03-17,9.087272,9.383520,7.402594,9.294289,13182900.000000
2020-03-18,8.459087,8.651825,7.031393,7.995086,12937200.000000
2020-03-19,7.859457,9.137244,7.031395,8.202104,9753600.000000
2020-03-20,8.209240,9.579826,8.209240,8.787457,13213000.000000
2020-03-23,8.687519,8.787458,8.037918,8.380565,9180000.000000
2020-03-24,8.994474,9.586967,8.612565,9.358536,7614400.000000
2020-03-25,9.715459,11.749922,9.715459,11.014661,8514500.000000
2020-03-26,11.285924,11.885555,11.071769,11.528631,6193700.000000
2020-03-27,10.964691,11.814169,10.800507,11.500077,6137500.000000
2020-03-30,11.418620,11.782271,10.458583,11.665903,5639800.000000
2020-03-31,11.687720,12.327745,11.418618,12.102281,8263300.000000
2020-04-01,11.447710,11.651354,10.734956,10.938600,5662800.000000
2020-04-02,11.127699,11.207702,10.480401,10.785868,5291200.000000
2020-04-03,10.669500,10.778595,9.702191,10.022202,4043100.000000
2020-04-06,10.080384,10.814958,10.044019,10.371305,8544200.000000
2020-04-07,11.294980,11.760453,10.509495,10.560407,8567700.000000
2020-04-08,10.785868,11.738631,10.480402,11.578626,4330600.000000
2020-04-09,11.891364,13.149594,11.891364,12.480477,4932800.000000
2020-04-13,12.356836,12.356836,11.374981,12.058643,2984100.000000
2020-04-14,12.247742,12.858675,12.247742,12.349564,9244400.000000
2020-04-15,11.694994,11.971367,11.527715,11.702267,3344300.000000
2020-04-16,11.702266,11.854998,11.294977,11.454984,7078200.000000
2020-04-17,12.153192,12.216469,11.614991,11.702267,4253600.000000
2020-04-20,11.425893,11.731358,11.273159,11.404074,3657800.000000
2020-04-21,10.931325,11.407707,10.836776,11.164062,3282500.000000
2020-04-22,11.462258,11.524079,11.067334,11.273160,2969500.000000
2020-04-23,11.360433,11.451345,11.047693,11.113151,3111700.000000
2020-04-24,11.244065,11.600442,11.098605,11.331341,3275500.000000
2020-04-27,11.404074,12.116828,11.345890,11.862272,5262600.000000
2020-04-28,12.109555,12.495024,11.876819,12.204104,7926200.000000
2020-04-29,12.407748,13.345966,12.364110,13.018681,11952600.000000
2020-04-30,12.545936,12.873222,12.145922,12.669578,7032400.000000
2020-05-01,12.458655,12.640480,11.665899,12.044094,5215000.000000
2020-05-04,11.760452,11.971368,11.273160,11.913184,3768100.000000
2020-05-05,12.065917,12.342290,11.811361,11.949549,2666300.000000
2020-05-06,12.087735,12.153191,11.571351,11.818633,3148500.000000
2020-05-07,12.102280,12.349563,11.942275,12.051370,4977500.000000
2020-05-08,12.356838,12.516844,12.160466,12.429568,3558200.000000
2020-05-11,12.138646,12.458657,12.029551,12.145919,3819500.000000
2020-05-12,12.138647,12.225922,11.338616,11.469530,5403300.000000
2020-05-13,11.316796,11.414981,10.691317,10.814959,5234900.000000
2020-05-14,10.524040,11.305888,10.160390,11.047696,10437300.000000
2020-05-15,10.880417,11.229521,10.640407,11.127699,3272200.000000
2020-05-18,11.789543,12.167739,11.680448,12.015007,4346700.000000
2020-05-19,11.956822,12.669576,11.753177,12.538662,3848000.000000
2020-05-20,12.720487,13.440514,12.684122,13.033226,6819800.000000
2020-05-21,12.895039,13.469607,12.895039,13.331420,3800900.000000
2020-05-22,13.287780,13.782345,13.156866,13.695068,3208600.000000
2020-05-26,14.466010,14.771477,14.124180,14.422373,5704800.000000
2020-05-27,14.626013,14.938753,14.073265,14.589647,4441100.000000
2020-05-28,14.778754,14.931488,14.080546,14.095091,4164300.000000
2020-05-29,13.913260,14.364187,13.695070,14.269638,4860500.000000
2020-06-01,14.211454,15.076941,14.204181,14.982392,3415400.000000
2020-06-02,15.273313,15.280587,14.735111,14.880570,6043900.000000
2020-06-03,15.135124,16.080616,15.091486,15.935155,6083800.000000
2020-06-04,15.927881,16.575180,15.633326,16.167891,5951200.000000
2020-06-05,16.938833,17.440670,16.415176,16.720642,8179800.000000
2020-06-08,17.106111,17.164295,16.476996,16.604273,7457100.000000
2020-06-09,16.051523,16.400627,15.840607,16.000612,3233000.000000
2020-06-10,15.804243,15.964250,14.880571,15.382409,6402300.000000
2020-06-11,14.444186,15.113303,14.196904,14.916931,4862200.000000
2020-06-12,15.629688,16.240620,15.287857,16.211529,5657100.000000
2020-06-15,15.549686,16.807918,15.418773,16.604273,23878600.000000
2020-06-16,17.258836,17.258836,15.920603,16.269709,11722000.000000
2020-06-17,16.618817,16.960648,16.415173,16.655182,15194000.000000
2020-06-18,16.444266,16.633364,16.316987,16.436993,3744600.000000
2020-06-19,16.306077,16.553359,16.029703,16.349714,8661100.000000
2020-06-22,16.182440,16.182440,15.615145,15.847882,7861900.000000
2020-06-23,16.066072,16.287899,15.891520,16.044252,7770400.000000
2020-06-24,15.789695,15.855152,14.946026,15.331496,6571900.000000
2020-06-25,15.171492,15.455138,15.040577,15.316951,4713800.000000
2020-06-26,15.251491,15.316948,14.349638,14.567829,6022900.000000
2020-06-29,14.809988,14.935497,14.389166,14.765692,7746400.000000
2020-06-30,14.758306,14.987174,14.640181,14.905964,4044000.000000
2020-07-01,15.016704,15.385846,14.942875,15.282487,2514900.000000
2020-07-02,15.681161,15.740224,15.260339,15.400614,4136400.000000
2020-07-06,15.799286,15.865732,14.902270,14.928110,4423500.000000
2020-07-07,14.691862,15.105301,14.573736,14.758307,2779800.000000
2020-07-08,14.809985,14.950259,14.621723,14.913345,2158800.000000
2020-07-09,14.913348,14.994558,14.470377,14.610651,9129100.000000
2020-07-10,14.558966,14.839514,14.437149,14.736154,4395700.000000
2020-07-13,14.832134,15.097917,14.514672,14.581118,2585800.000000
2020-07-14,14.573736,14.677095,14.263656,14.529439,6223800.000000
2020-07-15,14.832138,15.644251,14.817372,15.644251,4350400.000000
2020-07-16,15.496594,15.596263,14.942881,15.548274,6878900.000000
2020-07-17,15.599951,16.020774,15.481825,15.910030,4457800.000000
2020-07-20,15.917416,15.969096,15.444915,15.599954,4622600.000000
2020-07-21,15.651634,15.932181,15.614718,15.850969,4029100.000000
2020-07-22,15.732845,16.463746,15.725462,16.434216,8973700.000000
2020-07-23,16.264408,16.404681,15.917413,15.946945,5803300.000000
2020-07-24,15.777142,15.939564,15.511359,15.526125,2356600.000000
2020-07-27,15.503972,15.503972,15.020395,15.334167,3104500.000000
2020-07-28,15.223427,15.490686,15.057313,15.289871,5260900.000000
2020-07-29,15.422762,15.924796,15.289871,15.814054,3427900.000000
2020-07-30,15.481824,16.197961,15.481824,15.991241,2751700.000000
2020-07-31,16.013392,16.050305,15.577804,16.028156,2477400.000000
2020-08-03,16.020773,16.286555,15.799287,16.242258,2474000.000000
2020-08-04,16.234877,16.788591,16.234877,16.759060,5922100.000000
2020-08-05,16.847652,16.938461,16.338235,16.508041,3307600.000000
2020-08-06,16.463745,16.906716,16.434214,16.759060,2552000.000000
2020-08-07,16.663077,16.973157,16.648311,16.891945,1691000.000000
2020-08-10,16.980548,17.305394,16.951016,17.076525,8169200.000000
2020-08-11,17.231560,17.467811,17.106051,17.179880,3785700.000000
2020-08-12,17.327536,17.467811,17.202028,17.231560,3023500.000000
2020-08-13,17.187264,17.353377,16.958395,16.995310,5811400.000000
2020-08-14,16.869801,17.150348,16.751675,16.928864,3770400.000000
2020-08-17,16.951013,17.135584,16.729528,17.120819,5600800.000000
2020-08-18,17.120821,17.194650,16.825507,16.965780,1828000.000000
2020-08-19,16.928863,17.106051,16.847651,17.061754,3072400.000000
2020-08-20,17.017456,17.275856,16.921480,17.061754,1703300.000000
2020-08-21,17.091284,17.220485,16.360383,16.626165,2452900.000000
2020-08-24,16.633551,16.987928,16.567106,16.973162,1318800.000000
2020-08-25,16.987929,17.091288,16.759061,16.906717,1162800.000000
2020-08-26,16.906714,16.973160,16.707377,16.818121,1114400.000000
2020-08-27,16.847653,17.275858,16.847653,17.083904,2983400.000000
2020-08-28,17.165117,17.231563,16.862421,16.965780,7706500.000000
2020-08-31,17.002691,17.002691,16.485892,16.493275,5322100.000000
2020-09-01,16.375151,17.261091,16.271791,17.253710,3213600.000000
2020-09-02,17.209412,17.430898,16.736910,17.416132,2995800.000000
2020-09-03,17.467812,17.526875,16.829197,16.921482,3165700.000000
2020-09-04,17.061751,17.460424,16.485889,16.891945,5158300.000000
2020-09-08,16.699996,17.393982,16.612139,17.187263,4750500.000000
2020-09-09,17.305393,17.652386,17.187267,17.549026,6259300.000000
2020-09-10,17.519492,18.014143,17.482578,17.534258,3738600.000000
2020-09-11,17.763124,17.814804,17.515800,17.763124,2787000.000000
2020-09-14,17.822189,18.412817,17.770509,18.316839,3675700.000000
2020-09-15,18.471879,19.032976,18.383285,18.767193,8309700.000000
2020-09-16,19.025594,19.236005,18.486646,18.530943,12975700.000000
2020-09-17,18.560471,18.590003,17.870176,18.065821,5312800.000000
2020-09-18,17.940317,18.110124,17.438285,17.578558,13325300.000000
2020-09-21,17.268476,17.357071,16.766442,16.987928,9327700.000000
2020-09-22,16.958392,17.585934,16.914095,17.172495,4956400.000000
2020-09-23,17.165117,17.401367,16.840271,16.840271,5711800.000000
2020-09-24,16.840268,17.231559,16.725835,17.002691,4641700.000000
2020-09-25,16.928863,17.401365,16.914097,17.393982,3239600.000000
2020-09-28,17.881246,17.969841,17.600699,17.859098,3321200.000000
2020-09-29,17.776768,17.791738,17.372580,17.507309,8353800.000000
2020-09-30,17.627068,17.918982,17.365096,17.492340,5697500.000000
2020-10-01,17.686946,17.776766,17.410003,17.754311,10574200.000000
2020-10-02,17.387547,18.083648,17.305214,18.008799,5321400.000000
2020-10-05,18.210896,18.278261,17.799224,18.151016,2407300.000000
2020-10-06,18.233353,18.285747,17.709405,17.851620,6357000.000000
2020-10-07,17.963890,18.038740,17.724372,17.754311,3869600.000000
2020-10-08,17.881556,18.098620,17.784252,17.978861,3504700.000000
2020-10-09,18.151018,18.248322,17.634556,17.694435,6848800.000000
2020-10-12,17.836648,17.896528,17.657009,17.866589,2414800.000000
2020-10-13,17.731857,17.844131,17.597128,17.746826,4681800.000000
2020-10-14,17.784247,17.926461,17.612093,17.724367,2229300.000000
2020-10-15,17.477369,17.960149,17.477369,17.918982,5262800.000000
2020-10-16,17.851611,17.982597,17.716882,17.724367,1776200.000000
2020-10-19,17.948924,17.948924,17.282764,17.327673,1813000.000000
2020-10-20,17.469886,17.627070,17.365097,17.417492,1563900.000000
2020-10-21,17.365099,17.589647,17.185459,17.537252,2767600.000000
2020-10-22,17.537250,17.971377,17.492340,17.889042,1978100.000000
2020-10-23,17.993832,18.091136,17.851618,18.046227,1559900.000000
2020-10-26,17.904012,17.904012,17.271534,17.507309,2987300.000000
2020-10-27,17.507312,17.657012,16.938456,16.938456,2916300.000000
2020-10-28,16.624083,17.177971,16.564204,16.871088,3365800.000000
2020-10-29,16.923486,17.589647,16.743848,17.402523,3162000.000000
2020-10-30,17.439947,17.477373,16.908516,17.177975,3270600.000000
2020-11-02,17.290248,17.731861,17.230369,17.694435,2738500.000000
2020-11-03,17.896528,18.012545,17.739344,17.904013,2654000.000000
2020-11-04,17.941441,18.487843,17.836652,18.323174,6800200.000000
2020-11-05,18.547719,18.627058,18.020029,18.061195,3652000.000000
2020-11-06,18.083651,18.195925,17.836647,17.948921,1775300.000000
2020-11-09,19.079152,19.415976,17.799225,17.829165,9458700.000000
2020-11-10,17.799222,18.921965,17.776766,18.921965,6510500.000000
2020-11-11,19.161485,19.176455,18.727358,19.011786,3887400.000000
2020-11-12,18.951907,18.951907,18.412991,18.637539,2628300.000000
2020-11-13,18.839628,19.356090,18.809687,19.318665,7128100.000000
2020-11-16,19.984828,20.067162,19.341122,19.610580,3002200.000000
2020-11-17,19.640521,19.939919,19.189928,19.782736,5599200.000000
2020-11-18,19.648003,19.865067,19.299952,19.318665,7794600.000000
2020-11-19,19.228846,19.588123,18.906992,19.363575,6240200.000000
2020-11-20,19.363575,19.543214,19.232587,19.363575,4072200.000000
2020-11-23,19.475855,19.868815,19.408491,19.528250,7212600.000000
2020-11-24,19.865070,20.112073,19.487079,19.543217,5144200.000000
2020-11-25,19.498308,19.640522,18.989332,19.086636,3098100.000000
2020-11-27,19.168971,19.453398,19.052953,19.221365,1715600.000000
2020-11-30,19.161484,19.460882,18.835889,18.929451,11679700.000000
2020-12-01,19.056699,19.374811,18.970623,19.101610,4767600.000000
2020-12-02,19.079145,19.191419,18.712383,18.944416,3870700.000000
2020-12-03,18.906997,19.681690,18.862087,19.505793,3253500.000000
2020-12-04,19.715368,19.722853,19.363576,19.393515,2316800.000000
2020-12-07,19.303702,19.505795,19.090380,19.236338,2902000.000000
2020-12-08,19.206393,19.299954,19.041724,19.146513,3808700.000000
2020-12-09,19.243820,19.341125,18.929453,19.041727,4835900.000000
2020-12-10,18.989333,19.281246,18.877058,19.034243,4929100.000000
2020-12-11,18.914480,19.393517,18.906995,19.198908,2828100.000000
2020-12-14,19.281246,19.535734,18.936937,18.996817,4359200.000000
2020-12-15,19.011784,19.603096,18.903252,19.543217,4544200.000000
2020-12-16,19.722856,19.722856,19.371062,19.498306,3057500.000000
2020-12-17,19.648005,20.007283,19.445911,19.909979,4638300.000000
2020-12-18,19.962377,19.962377,19.109092,19.303701,6027100.000000
2020-12-21,19.034244,19.356097,18.899514,19.236338,4013500.000000
2020-12-22,19.304572,19.668525,19.259079,19.660942,3319000.000000
2020-12-23,19.805006,19.884620,19.615448,19.645777,3384500.000000
2020-12-24,19.645773,19.843671,19.444843,19.623026,709900.000000
2020-12-28,19.691275,19.691275,19.456223,19.554794,2167400.000000
2020-12-29,19.630615,19.751931,19.115017,19.152929,1951200.000000
2020-12-30,19.137764,19.494133,19.137764,19.463804,1566400.000000
2020-12-31,19.501718,19.501718,19.171888,19.334908,2195700.000000
2021-01-04,19.350065,19.634402,18.682820,18.690403,3954900.000000
2021-01-05,18.667661,19.099852,18.584255,18.933041,4441500.000000
2021-01-06,19.099854,19.319740,18.773814,18.978537,4628300.000000
2021-01-07,19.008864,19.115016,18.701781,18.879965,4119500.000000
2021-01-08,19.039195,19.691273,18.955789,19.463804,9307800.000000
2021-01-11,19.183257,19.312156,18.910294,19.213587,5691800.000000
2021-01-12,19.334903,19.334903,19.058149,19.130180,6858800.000000
2021-01-13,19.084688,19.327321,19.024029,19.160511,5661400.000000
2021-01-14,19.289410,19.380397,19.031611,19.198421,5371600.000000
2021-01-15,19.115014,19.198420,18.861007,19.077103,4180900.000000
2021-01-19,19.152936,19.259088,18.925465,19.236341,4218300.000000
2021-01-20,19.433472,20.032475,19.296991,19.994564,5013600.000000
2021-01-21,20.100720,20.138631,19.698857,19.903580,3005800.000000
2021-01-22,19.918742,20.024894,19.731459,20.009729,2958300.000000
2021-01-25,19.986986,20.278905,19.786053,19.903580,14339600.000000
2021-01-26,20.085549,20.131042,19.463799,19.767092,5304300.000000
2021-01-27,19.554791,19.759512,18.754857,18.766230,8293800.000000
2021-01-28,18.849634,19.789841,18.830677,19.600283,8330800.000000
2021-01-29,19.478966,19.532042,18.887545,19.168091,3442000.000000
2021-02-01,19.213590,19.941492,19.122602,19.941492,7568000.000000
2021-02-02,20.009727,20.297855,19.797423,20.297855,3477400.000000
2021-02-03,20.206868,20.419173,20.017310,20.199286,3079000.000000
2021-02-04,20.222036,20.457087,20.168960,20.313025,3675200.000000
2021-02-05,20.472249,20.578401,20.358514,20.434338,3195200.000000
2021-02-08,20.411593,20.472251,20.207628,20.267529,2439300.000000
2021-02-09,20.206868,20.343350,20.047640,20.199286,2984500.000000
2021-02-10,20.381262,20.654226,20.271320,20.464668,7034700.000000
2021-02-11,20.570824,20.707306,20.259949,20.502584,5659400.000000
2021-02-12,20.350934,20.866532,20.305441,20.669392,7260700.000000
2021-02-16,20.866529,20.889275,20.426755,20.608730,4840300.000000
2021-02-17,20.532911,20.737634,20.404012,20.707304,5411700.000000
2021-02-18,20.585988,20.805876,20.521539,20.563242,3754000.000000
2021-02-19,20.692140,21.351800,20.692140,21.200153,6385300.000000
2021-02-22,21.215314,21.655088,20.877901,21.541353,8740200.000000
2021-02-23,21.624766,21.647512,21.063675,21.457954,3788900.000000
2021-02-24,21.511030,21.730917,21.363174,21.594435,8394800.000000
2021-02-25,21.624765,21.799158,20.987851,21.382132,2324100.000000
2021-02-26,21.374549,21.639930,21.094002,21.609600,4928100.000000
2021-03-01,22.125198,22.140363,21.799158,21.890146,6592800.000000
2021-03-02,21.829488,21.956870,21.465535,21.594435,6060300.000000
2021-03-03,21.617181,22.238930,21.533775,22.132778,7650000.000000
2021-03-04,22.201020,22.648377,21.348010,21.723333,27516800.000000
2021-03-05,22.011460,22.163106,21.147075,22.155523,11333800.000000
2021-03-08,22.170686,22.436067,21.617178,21.639925,4616900.000000
2021-03-09,21.670259,22.019047,21.427626,21.791576,5194100.000000
2021-03-10,21.837068,22.110031,21.746081,21.814322,4302000.000000
2021-03-11,21.965965,22.367828,21.556521,21.655090,5469300.000000
2021-03-12,21.655086,21.859809,21.200147,21.624758,9484200.000000
2021-03-15,21.814322,21.958385,21.586851,21.882563,9540600.000000
2021-03-16,21.988716,21.988716,21.184991,21.313890,3950500.000000
2021-03-17,21.321472,22.007670,21.313889,21.981133,4365800.000000
2021-03-18,21.844650,22.026625,21.207735,21.222900,3600000.000000
2021-03-19,21.238064,21.602015,21.025759,21.253229,4899700.000000
2021-03-22,21.344219,21.518612,21.234275,21.382132,2748200.000000
2021-03-23,21.336631,21.488278,20.995428,21.116745,4044000.000000
2021-03-24,21.231842,21.396816,20.664022,20.664022,4411400.000000
2021-03-25,20.395461,21.001648,20.265016,20.940262,5244800.000000
2021-03-26,21.109071,21.254863,20.855854,21.208822,2621000.000000
2021-03-29,21.208827,21.423679,21.063037,21.308580,5718900.000000
2021-03-30,21.308577,21.653872,21.201151,21.646198,3374400.000000
2021-03-31,21.607832,22.010677,21.500407,21.669218,6142800.000000
2021-04-01,21.999167,22.137285,21.722930,22.129612,4860200.000000
2021-04-05,22.252384,22.275405,21.999168,22.237038,5229900.000000
2021-04-06,22.329121,22.436546,22.083578,22.313774,3997100.000000
2021-04-07,22.352138,22.413524,22.152635,22.367485,4503300.000000
2021-04-08,22.451888,22.566986,22.190998,22.344463,5005800.000000
2021-04-09,22.336789,22.467234,21.991493,22.014513,5753800.000000
2021-04-12,22.045204,22.214016,21.753622,21.976145,9825800.000000
2021-04-13,21.945462,22.582340,21.922441,22.574667,4832800.000000
2021-04-14,22.582335,22.643721,22.045208,22.121941,4586100.000000
2021-04-15,22.252385,22.659067,22.129613,22.597681,3267400.000000
2021-04-16,22.659070,23.038895,22.566991,22.973673,8816000.000000
2021-04-19,23.019710,23.127134,22.731963,22.919958,3754400.000000
2021-04-20,23.027385,23.173177,22.858574,23.134809,4604600.000000
2021-04-21,23.134810,23.480106,22.996691,23.426394,4146800.000000
2021-04-22,23.411047,23.533819,23.211543,23.472433,4534300.000000
2021-04-23,23.533816,23.641241,23.334312,23.633568,3301800.000000
2021-04-26,23.733321,23.879112,23.579855,23.717974,4630600.000000
2021-04-27,23.787036,23.909808,23.618225,23.894461,6027400.000000
2021-04-28,23.986539,24.324162,23.925920,24.147676,6181700.000000
2021-04-29,24.324162,24.462279,24.055599,24.370201,5833300.000000
2021-04-30,24.239757,24.462280,24.032580,24.324163,9397500.000000
2021-05-03,24.109309,24.776881,24.109309,24.592722,6512600.000000
2021-05-04,24.592724,24.654111,24.009559,24.316488,4247500.000000
2021-05-05,24.101635,24.239754,23.645078,23.948170,7480400.000000
2021-05-06,23.925152,23.978865,23.490847,23.687283,3268700.000000
2021-05-07,23.733320,24.109309,23.656587,24.093962,4951200.000000
2021-05-10,24.247428,24.343343,24.001884,24.001884,4516700.000000
2021-05-11,23.717975,23.852256,23.341987,23.526144,6210400.000000
2021-05-12,23.403376,23.625900,22.705111,22.751150,3144600.000000
2021-05-13,22.758821,23.272928,22.743474,23.081097,3329500.000000
2021-05-14,23.234561,23.787034,23.081096,23.687283,2100200.000000
2021-05-17,23.595204,23.955846,23.468595,23.932827,7297900.000000
2021-05-18,24.055597,24.101636,23.610549,23.633568,3916200.000000
2021-05-19,23.357333,23.572183,23.157829,23.541491,3402700.000000
2021-05-20,23.541492,23.982702,23.472432,23.940500,2020500.000000
2021-05-21,23.940500,24.055599,23.740996,23.779362,3107100.000000
2021-05-24,24.017235,24.243595,23.871444,24.086294,2725100.000000
2021-05-25,24.086288,24.301139,24.040249,24.055595,2859300.000000
2021-05-26,23.978863,24.293466,23.932824,24.093962,2838300.000000
2021-05-27,24.063272,24.093965,23.518472,23.694956,8653400.000000
2021-05-28,23.817733,23.955850,23.687288,23.886791,3380600.000000
2021-06-01,24.116984,24.301142,24.024905,24.301142,3834200.000000
2021-06-02,24.431585,24.446931,24.132329,24.393219,2663500.000000
2021-06-03,24.339504,24.473786,24.051758,24.354851,3299800.000000
2021-06-04,24.554356,24.554356,24.220571,24.393219,4511700.000000
2021-06-07,24.554358,24.918835,24.508319,24.776882,2975000.000000
2021-06-08,24.730843,25.574901,24.707824,25.429108,5645200.000000
2021-06-09,25.544204,25.590242,25.037771,25.053118,4913900.000000
2021-06-10,25.076135,25.260291,24.938016,25.191235,2064600.000000
2021-06-11,25.129851,25.191238,25.007079,25.168217,4161400.000000
2021-06-14,25.175891,25.337029,25.076138,25.183563,3094900.000000
2021-06-15,25.337029,25.367723,24.953367,25.037773,4508700.000000
2021-06-16,25.037774,25.352377,24.984062,25.045446,3381200.000000
2021-06-17,25.068464,25.314011,24.738518,24.807577,4440900.000000
2021-06-18,24.600397,24.876631,23.940498,23.948170,6894000.000000
2021-06-21,24.047925,24.615746,23.978866,24.577377,3563300.000000
2021-06-22,24.638767,24.769211,24.462282,24.477629,6744500.000000
2021-06-23,24.469873,24.601681,24.276036,24.299297,2775600.000000
2021-06-24,24.392337,24.454366,24.089953,24.120968,3974500.000000
2021-06-25,24.074444,24.725733,24.074444,24.717979,5107300.000000
2021-06-28,24.826532,24.842040,24.058941,24.283791,2635800.000000
2021-06-29,24.276032,24.446609,24.024046,24.066690,3382800.000000
2021-06-30,24.035678,24.345816,23.965897,24.051186,4658100.000000
2021-07-01,24.027925,24.431104,24.027925,24.089952,5727900.000000
2021-07-02,24.206253,24.446611,24.058939,24.105459,4595500.000000
2021-07-06,24.190749,24.252777,23.679022,23.965899,7510200.000000
2021-07-07,23.903870,24.159734,23.803076,23.880610,5084900.000000
2021-07-08,23.609242,23.841844,23.306856,23.803078,3602300.000000
2021-07-09,24.027922,24.380703,23.973648,24.376827,3852000.000000
2021-07-12,24.338064,24.787763,24.268283,24.702477,2702600.000000
2021-07-13,24.741241,24.741241,24.260529,24.260529,2432000.000000
2021-07-14,24.276035,24.434980,24.151980,24.245022,3757500.000000
2021-07-15,24.097707,24.403968,24.035679,24.322557,3388900.000000
2021-07-16,24.392334,24.446609,24.144224,24.144224,2297400.000000
2021-07-19,23.803076,23.841842,23.330115,23.554964,3212600.000000
2021-07-20,23.609241,24.683092,23.585980,24.555161,3103700.000000
2021-07-21,24.640450,25.035876,24.617189,24.826532,2122100.000000
2021-07-22,24.811027,24.811027,24.438862,24.493135,1600900.000000
2021-07-23,24.748995,24.807147,24.609433,24.780008,1840000.000000
2021-07-26,24.694720,24.942829,24.442733,24.462116,3167600.000000
2021-07-27,24.423350,24.655952,24.314802,24.609432,3222400.000000
2021-07-28,24.655949,24.710224,24.182990,24.400085,2499100.000000
2021-07-29,24.283789,24.675339,23.996912,24.027925,2767200.000000
2021-07-30,24.082197,24.431103,24.082197,24.182993,2700000.000000
2021-08-02,24.361324,24.632694,23.760432,23.795322,2878500.000000
2021-08-03,23.803076,23.911623,23.190553,23.461924,3347200.000000
2021-08-04,23.345625,23.485187,22.686581,23.399899,21477200.000000
2021-08-05,23.461922,23.849594,23.384387,23.748798,8753400.000000
2021-08-06,23.764309,23.950392,23.368883,23.562719,8179400.000000
2021-08-09,23.539460,23.562719,23.216141,23.423157,5468800.000000
2021-08-10,23.461923,23.741047,23.066497,23.097511,5335000.000000
2021-08-11,23.167291,23.667389,22.957949,23.523951,3260400.000000
2021-08-12,23.585980,23.616993,23.283596,23.430910,2618500.000000
2021-08-13,23.492938,23.539460,23.275842,23.283596,2274300.000000
2021-08-16,23.291351,23.368884,23.167294,23.299103,3636200.000000
2021-08-17,23.244822,23.306850,22.988959,23.175041,4199200.000000
2021-08-18,23.206057,23.252577,22.977331,23.035480,4449700.000000
2021-08-19,22.950200,23.085884,22.554774,22.694336,4779500.000000
2021-08-20,22.647815,22.857158,22.453979,22.717596,5617800.000000
2021-08-23,22.779617,23.066495,22.756357,22.802877,4794200.000000
2021-08-24,22.810635,22.911429,22.698210,22.849401,3536300.000000
2021-08-25,23.074253,23.167294,22.771869,23.027733,4533100.000000
2021-08-26,23.019979,23.283596,22.857156,23.283596,6214300.000000
2021-08-27,23.299100,23.861225,23.283595,23.663513,7001200.000000
2021-08-30,23.616990,23.841841,23.469676,23.841841,4270800.000000
2021-08-31,23.764309,23.973652,23.648007,23.965899,6408800.000000
2021-09-01,24.082196,24.423348,23.973648,24.314800,5298300.000000
2021-09-02,24.283789,24.562914,24.182995,24.562914,4606000.000000
2021-09-03,24.601677,24.896309,24.392334,24.834280,3391700.000000
2021-09-07,24.865297,24.880804,24.431104,24.485378,3467100.000000
2021-09-08,24.423351,24.648202,24.330309,24.617188,2569300.000000
2021-09-09,23.748800,24.136472,23.093634,23.167292,15489800.000000
2021-09-10,22.919177,23.558836,22.841642,23.050985,46362600.000000
2021-09-13,23.392144,23.446418,23.058746,23.221569,11769400.000000
2021-09-14,23.337867,23.473552,22.957949,23.198305,14805200.000000
2021-09-15,23.182795,23.500686,23.066494,23.361124,13484300.000000
2021-09-16,23.361130,23.531707,23.194432,23.260336,4743300.000000
2021-09-17,23.175045,23.423155,22.818387,22.926935,13418200.000000
2021-09-20,22.709840,23.027731,22.624552,22.818388,9042500.000000
2021-09-21,23.066497,23.182799,22.733099,22.733099,5281400.000000
2021-09-22,22.818388,23.283594,22.818388,23.167292,12713200.000000
2021-09-23,23.347798,23.602859,23.124130,23.559694,9201600.000000
2021-09-24,23.481210,23.587159,23.233998,23.332098,9693600.000000
2021-09-27,23.434126,23.567542,22.963245,23.049574,4717300.000000
2021-09-28,22.884765,22.951474,22.351101,22.468821,7616700.000000
2021-09-29,22.555145,22.841596,22.492361,22.657169,4889800.000000
2021-09-30,22.727801,22.814129,22.288313,22.296162,5274700.000000
2021-10-01,22.366798,22.876918,22.311862,22.861221,6917900.000000
2021-10-04,22.759193,23.057416,22.633625,22.814129,3985100.000000
2021-10-05,22.837676,22.924003,22.606160,22.649324,6990000.000000
2021-10-06,22.665021,23.167294,22.531605,23.167294,6946600.000000
2021-10-07,23.300709,23.543996,23.175141,23.237925,4565300.000000
2021-10-08,23.222228,23.363492,22.892612,22.939699,4956600.000000
2021-10-11,22.986788,23.222227,22.869067,22.986788,2432500.000000
2021-10-12,23.065266,23.457666,23.033875,23.300707,4340900.000000
2021-10-13,23.300710,23.512605,23.261469,23.465517,4308100.000000
2021-10-14,23.630328,23.689187,23.508683,23.583239,4533700.000000
2021-10-15,23.646016,23.802977,23.528296,23.598928,5400000.000000
2021-10-18,23.551842,23.740193,23.347794,23.669561,3278200.000000
2021-10-19,23.779437,23.889310,23.583237,23.638174,3587800.000000
2021-10-20,23.748044,23.826525,23.559693,23.740196,4527900.000000
2021-10-21,23.771590,23.810829,23.575390,23.638174,4582300.000000
2021-10-22,23.755895,23.944247,23.598934,23.685263,4075900.000000
2021-10-25,23.755892,23.802979,23.524376,23.693108,4248000.000000
2021-10-26,23.740198,23.928550,23.661718,23.685263,5441200.000000
2021-10-27,23.857913,23.857913,23.253616,23.339945,3497200.000000
2021-10-28,23.426275,23.587159,23.057418,23.543995,5682200.000000
2021-10-29,23.387035,23.461592,22.963244,23.033876,9193100.000000
2021-11-01,23.033881,23.273245,22.853377,23.182993,4883500.000000
2021-11-02,23.324251,23.350935,23.077040,23.175140,3746900.000000
2021-11-03,23.190833,23.434122,23.041722,23.316401,4699900.000000
2021-11-04,23.394883,23.598931,22.884764,22.884764,4520000.000000
2021-11-05,23.230073,23.481209,23.088809,23.339945,4252300.000000
2021-11-08,23.387036,23.406657,22.994636,23.222229,3712800.000000
2021-11-09,23.190837,23.237926,22.837678,22.947550,3024100.000000
2021-11-10,22.845524,23.139823,22.657172,22.696411,2459900.000000
2021-11-11,22.751350,22.892615,22.586543,22.869070,7374900.000000
2021-11-12,22.876917,22.982865,22.492365,22.555149,4183800.000000
2021-11-15,22.696415,23.198687,22.680719,23.198687,7748000.000000
2021-11-16,23.198682,23.198682,22.912231,23.041723,5825100.000000
2021-11-17,23.010334,23.033879,22.555150,22.892614,7405800.000000
2021-11-18,22.939700,22.998561,22.790589,22.955397,14266800.000000
2021-11-19,22.798435,22.924789,22.225532,22.335403,7060800.000000
2021-11-22,22.358950,22.555150,22.115662,22.123510,4498500.000000
2021-11-23,22.178448,22.319712,21.923387,22.178448,4174200.000000
2021-11-24,22.147055,22.394267,22.060728,22.319712,2981100.000000
2021-11-26,22.060728,22.103892,21.440735,21.825287,4135400.000000
2021-11-29,21.974393,22.304009,21.585916,22.076416,6679400.000000
2021-11-30,21.856677,21.888068,21.291620,21.346558,9954500.000000
2021-12-01,21.636932,21.919461,20.938461,20.993397,10237800.000000
2021-12-02,21.087571,21.707562,20.985546,21.511362,4400500.000000
2021-12-03,21.519213,21.652629,21.244533,21.354404,4364100.000000
2021-12-06,21.487819,21.935157,21.409341,21.715412,4827900.000000
2021-12-07,22.029332,22.351100,21.911613,22.131357,8178500.000000
2021-12-08,22.162752,22.680720,22.084272,22.602240,5036600.000000
2021-12-09,22.445278,22.570846,22.304014,22.358950,5615500.000000
2021-12-10,22.468822,22.657176,22.135283,22.256927,4819600.000000
2021-12-13,22.123509,22.256925,21.950852,22.131357,5561400.000000
2021-12-14,22.084266,22.194139,21.691866,21.699715,6195500.000000
2021-12-15,21.684020,21.884145,21.326936,21.754652,6657400.000000
2021-12-16,21.833132,22.029332,21.519212,21.629084,5236700.000000
2021-12-17,21.558449,21.861383,21.268074,21.676170,13173300.000000
2021-12-20,21.323012,21.597693,21.095420,21.574148,7617700.000000
2021-12-21,21.935160,22.484519,21.888071,22.437431,5352600.000000
2021-12-22,22.493067,22.779198,22.469224,22.731510,4287600.000000
2021-12-23,22.771250,23.009693,22.739458,22.969952,4531400.000000
2021-12-27,23.009694,23.279929,22.898420,23.271980,3604400.000000
2021-12-28,23.216338,23.462730,23.120962,23.232235,2650900.000000
2021-12-29,23.216340,23.415042,23.041483,23.407095,2437100.000000
2021-12-30,23.446835,23.911797,23.407095,23.796551,3623800.000000
2021-12-31,23.780653,24.130369,23.732965,23.931667,3494400.000000
2022-01-03,24.003201,24.114473,23.629640,23.804499,6614600.000000
2022-01-04,23.891928,24.130371,23.709123,23.963461,5934500.000000
2022-01-05,23.987305,24.034993,23.057380,23.073277,6693600.000000
2022-01-06,23.200441,23.375298,22.691763,23.041479,7199900.000000
2022-01-07,22.985846,23.136860,22.675872,22.691767,5242000.000000
2022-01-10,22.652028,22.866627,22.389742,22.818937,6352800.000000
2022-01-11,22.810990,23.077250,22.516911,23.017639,3083700.000000
2022-01-12,22.985846,23.168651,22.866625,22.898417,3102800.000000
2022-01-13,22.914314,22.985847,22.516910,22.572546,4602800.000000
2022-01-14,22.493065,22.763300,22.342053,22.683821,5975400.000000
2022-01-18,22.548705,22.636133,22.230781,22.334106,4155900.000000
2022-01-19,22.429483,22.532808,22.095663,22.095663,3631000.000000
2022-01-20,22.278470,22.413587,21.896961,21.912857,5159300.000000
2022-01-21,21.857221,21.912857,21.439947,21.602882,6744500.000000
2022-01-24,21.213424,21.936699,20.847811,21.857218,8413400.000000
2022-01-25,21.650572,22.167197,21.340598,22.032080,5236300.000000
2022-01-26,22.318206,22.596389,21.638646,21.857218,9617500.000000
2022-01-27,22.071817,22.417558,21.837348,21.928751,5833600.000000
2022-01-28,21.936701,22.445378,21.638648,22.437429,6480900.000000
2022-01-31,22.397692,22.818939,22.294366,22.747408,5687700.000000
2022-02-01,22.882523,23.049432,22.667925,22.818937,10106000.000000
2022-02-02,22.993794,22.993794,22.755351,22.866625,5327000.000000
2022-02-03,22.652030,22.779199,22.489095,22.508965,3556100.000000
2022-02-04,22.397687,22.612286,22.202959,22.365894,4625700.000000
2022-02-07,22.469221,22.691766,22.373843,22.397688,8230400.000000
2022-02-08,22.453327,22.532808,22.258598,22.381794,9697800.000000
2022-02-09,22.612289,23.049433,22.501015,22.938160,5029400.000000
2022-02-10,22.715613,23.049433,22.445378,22.548704,5989700.000000
2022-02-11,22.548701,22.739455,22.175140,22.453323,9776800.000000
2022-02-14,22.377821,22.572548,22.147326,22.381794,9146700.000000
2022-02-15,22.532808,22.977900,22.532808,22.938160,9021300.000000
2022-02-16,22.977899,23.097120,22.695743,22.874575,4384800.000000
2022-02-17,22.707665,22.826886,22.159247,22.183092,16854000.000000
2022-02-18,22.206938,22.493068,21.976443,22.191042,6953400.000000
2022-02-22,22.071814,22.135399,21.666462,21.706202,8097000.000000
2022-02-23,21.873114,21.992335,21.392255,21.435968,8576400.000000
2022-02-24,21.062411,21.968491,21.030618,21.881063,8207900.000000
2022-02-25,21.984388,22.318207,21.749919,22.310259,7524300.000000
2022-02-28,22.175142,22.469221,21.869141,22.222830,13127000.000000
2022-03-01,22.318210,22.596393,22.079768,22.183092,11712100.000000
2022-03-02,22.254623,22.993794,22.222829,22.898417,10468700.000000
2022-03-03,23.081225,23.136861,22.465247,22.683821,7945600.000000
2022-03-04,22.469223,22.648055,21.920805,22.151300,11625800.000000
2022-03-07,22.047973,22.214883,21.269061,21.284958,8733300.000000
2022-03-08,21.221376,21.865170,21.125998,21.348545,8846200.000000
2022-03-09,21.801582,22.055921,21.793634,21.833374,4441700.000000
2022-03-10,21.610832,22.004261,21.471739,21.738001,7021700.000000
2022-03-11,21.952598,21.992338,21.519428,21.563141,5085200.000000
2022-03-14,21.650573,21.801587,21.098182,21.277014,6116400.000000
2022-03-15,21.340594,21.690310,21.316749,21.443918,4771800.000000
2022-03-16,21.642626,21.889017,21.324703,21.690315,12087100.000000
2022-03-17,21.579040,22.167197,21.571091,22.103613,12574900.000000
2022-03-18,21.944648,22.214883,21.805555,21.889011,19908800.000000
2022-03-21,21.857219,21.952597,21.253165,21.356491,11635200.000000
2022-03-22,21.507502,21.992335,21.491607,21.944647,13407900.000000
2022-03-23,21.944650,21.968810,21.550049,21.864119,10899400.000000
2022-03-24,21.944648,21.992966,21.600782,21.856064,5890200.000000
2022-03-25,21.920491,22.041289,21.763456,22.001022,4810300.000000
2022-03-28,21.944650,22.435888,21.896332,22.435888,5741700.000000
2022-03-29,22.701636,23.305617,22.685529,23.265350,6781100.000000
2022-03-30,23.112343,23.519023,23.088183,23.305616,8785800.000000
2022-03-31,23.418365,23.474736,22.902968,22.919073,5773300.000000
2022-04-01,23.031816,23.289515,22.975445,23.289515,3558400.000000
2022-04-04,23.305620,23.361991,22.596948,22.902966,6585100.000000
2022-04-05,22.886855,23.022953,22.588891,22.774113,9426700.000000
2022-04-06,22.556685,23.080135,22.468101,23.023764,7847100.000000
2022-04-07,22.919073,23.007657,22.246641,22.387569,5921600.000000
2022-04-08,22.363411,22.834515,22.234562,22.741905,5592400.000000
2022-04-11,22.605001,22.886860,22.536551,22.669426,3571900.000000
2022-04-12,22.749956,22.931150,22.685531,22.758009,5444600.000000
2022-04-13,22.758010,23.281460,22.758010,23.217035,6188900.000000
2022-04-14,23.353940,23.506949,23.136507,23.426418,5128400.000000
2022-04-18,23.378095,23.792828,23.366014,23.740482,6967300.000000
2022-04-19,23.877386,24.159245,23.788804,24.094820,10184800.000000
2022-04-20,24.110928,24.441104,24.030397,24.296148,9604200.000000
2022-04-21,24.537743,24.714912,24.227699,24.255886,7107100.000000
2022-04-22,24.223671,24.223671,23.885442,23.901548,7984800.000000
2022-04-25,23.901551,24.207567,23.619692,24.183409,11444000.000000
2022-04-26,24.183401,24.328355,23.716322,23.804905,10613700.000000
2022-04-27,23.821015,24.082741,23.692166,23.812962,9987200.000000
2022-04-28,23.941812,24.940394,23.780752,24.674643,40779700.000000
2022-04-29,24.533714,24.892076,23.829070,24.006237,64837400.000000
2022-05-02,24.127032,24.218032,22.677478,23.394201,38991800.000000
2022-05-03,23.458627,24.392786,23.458627,24.102875,14946400.000000
2022-05-04,24.022341,24.714907,23.716325,24.682693,14106200.000000
2022-05-05,24.803489,24.803489,23.659951,23.965969,9929000.000000
2022-05-06,23.861283,23.941814,23.136506,23.289515,12071800.000000
2022-05-09,23.015708,23.112346,21.823852,21.952702,12655400.000000
2022-05-10,22.121815,22.355355,21.275437,21.485622,11636200.000000
2022-05-11,21.525890,22.435890,21.380935,22.001022,10322700.000000
2022-05-12,21.920486,22.154026,21.695000,22.097654,12490200.000000
2022-05-13,22.331199,23.136507,22.137925,23.136507,10260400.000000
2022-05-16,23.096238,23.700219,23.080131,23.370043,9206100.000000
2022-05-17,23.627747,23.849206,23.442526,23.788809,11779300.000000
2022-05-18,23.700221,23.804910,23.333806,23.523052,7267700.000000
2022-05-19,23.474731,23.893491,23.370041,23.587475,9337500.000000
2022-05-20,23.756594,23.796859,22.814383,23.313675,9057000.000000
2022-05-23,23.482786,23.684113,23.160663,23.490839,7353300.000000
2022-05-24,23.378097,23.434468,22.818406,23.321724,8945100.000000
2022-05-25,23.192873,23.925703,23.192873,23.893492,9314500.000000
2022-05-26,23.974030,24.576401,23.957924,24.207569,10613500.000000
2022-05-27,24.392786,24.968580,24.328360,24.859865,7772900.000000
2022-05-31,24.714907,24.988711,24.557872,24.843756,14179500.000000
2022-06-01,24.980662,25.019317,24.485397,24.811546,8539800.000000
2022-06-02,24.843760,25.504113,24.819601,25.302786,15305400.000000
2022-06-03,25.254469,25.592699,25.045089,25.278627,13982000.000000
2022-06-06,26.985871,27.340208,26.108085,26.132246,57119300.000000
2022-06-07,25.785972,26.526854,25.181991,25.858450,198882200.000000
2022-06-08,25.649068,25.834291,25.206148,25.334997,13388400.000000
2022-06-09,25.190037,25.254462,24.698799,24.706852,8525900.000000
2022-06-10,24.481367,24.497473,23.998181,24.110926,10565600.000000
2022-06-13,23.571373,23.571373,22.878807,23.031816,14163000.000000
2022-06-14,23.120397,23.132478,22.347302,22.653318,12096300.000000
2022-06-15,22.894910,23.905571,22.806326,23.571369,19125500.000000
2022-06-16,23.112344,23.289511,22.725795,23.160662,23740600.000000
2022-06-17,23.482786,23.595529,22.874779,23.200928,61550600.000000
2022-06-21,23.378097,24.263935,23.313673,24.046503,26138900.000000
2022-06-22,23.842720,24.262514,23.753054,23.867174,23956700.000000
2022-06-23,23.924237,23.924237,23.231371,23.785664,11633400.000000
2022-06-24,23.956836,24.759745,23.867172,24.714912,16266300.000000
2022-06-27,24.755674,25.072762,24.584495,24.935003,6817400.000000
2022-06-28,25.244752,25.587109,24.816806,24.861639,7680100.000000
2022-06-29,24.714915,24.751596,24.185077,24.348104,7617700.000000
2022-06-30,24.070961,24.657858,23.989447,24.282896,7646800.000000
2022-07-01,24.201379,25.122482,24.144320,25.040968,6351200.000000
2022-07-05,24.747518,25.032814,24.278814,25.024664,5533800.000000
2022-07-06,25.122482,25.415932,24.902395,25.155088,6763100.000000
2022-07-07,25.318115,25.440385,25.040969,25.244753,6394000.000000
2022-07-08,25.244752,25.627867,25.163240,25.530050,5453400.000000
2022-07-11,25.367024,25.700413,25.179541,25.627867,6081500.000000
2022-07-12,25.464839,25.835725,25.407779,25.693077,4879700.000000
2022-07-13,25.399629,25.978376,25.269208,25.758289,6409200.000000
2022-07-14,25.285509,25.786817,25.252903,25.538200,8001800.000000
2022-07-15,25.994676,26.491909,25.847951,26.483759,8523000.000000
2022-07-18,26.491912,26.565274,26.157706,26.247372,5769400.000000
2022-07-19,26.491909,26.850568,26.426697,26.826115,7371700.000000
2022-07-20,26.858723,27.152172,26.614183,26.899479,6471300.000000
2022-07-21,26.883172,26.899475,26.589723,26.891325,5303000.000000
2022-07-22,27.070659,27.111416,26.703848,26.948391,4996600.000000
2022-07-25,26.997293,27.172548,26.752753,26.997293,6442400.000000
2022-07-26,26.899480,27.074734,26.777208,26.801664,7506700.000000
2022-07-27,26.866877,27.347807,26.809817,27.307051,7491700.000000
2022-07-28,27.559737,27.592340,26.589724,27.551584,6686800.000000
2022-07-29,27.518983,28.040672,27.437471,27.869492,14825100.000000
2022-08-01,27.739069,28.114034,27.543438,27.885794,6070700.000000
2022-08-02,27.804277,28.207769,27.804277,27.877640,5781800.000000
2022-08-03,28.122183,28.268907,27.722765,27.747221,6486300.000000
2022-08-04,27.755366,28.073269,27.653474,27.730913,6291300.000000
2022-08-05,27.543433,28.097726,27.510827,28.081423,4765500.000000
2022-08-08,28.301513,28.480841,28.138485,28.179241,4213300.000000
2022-08-09,28.236298,28.366719,28.158859,28.268904,5519400.000000
2022-08-10,28.529753,28.570509,28.244456,28.374878,8163100.000000
2022-08-11,28.472688,28.497141,28.158859,28.383022,6738100.000000
2022-08-12,28.497146,28.863957,28.456390,28.847654,7737600.000000
2022-08-15,28.790588,29.092187,28.749831,28.961765,4925800.000000
2022-08-16,28.872106,29.014758,28.676476,28.749838,5004300.000000
2022-08-17,28.529745,28.704999,28.335744,28.537895,4580100.000000
2022-08-18,28.562353,28.652019,28.480838,28.594959,3631300.000000
2022-08-19,28.391174,28.529746,28.179237,28.219994,7939800.000000
2022-08-22,27.942849,28.065121,27.600493,27.657553,5892300.000000
2022-08-23,27.722767,27.755373,27.445621,27.461924,6001100.000000
2022-08-24,27.527130,27.926545,27.437465,27.706461,8594600.000000
2022-08-25,27.926551,28.065125,27.783903,28.008066,6600400.000000
2022-08-26,28.008064,28.008064,27.413015,27.421165,5115100.000000
2022-08-29,27.282589,27.767593,27.176621,27.331495,7851900.000000
2022-08-30,27.364108,27.478226,26.875028,26.972843,4707900.000000
2022-08-31,27.135865,27.217377,26.756827,26.891325,5664400.000000
2022-09-01,26.736450,27.021750,26.491910,26.989143,5531800.000000
2022-09-02,27.249989,27.290745,26.553048,26.630484,4385700.000000
2022-09-06,26.785360,27.127715,26.679391,27.038050,4416800.000000
2022-09-07,27.038054,27.404866,26.980995,27.307051,3871600.000000
2022-09-08,27.160322,27.380409,26.980991,27.241835,4344700.000000
2022-09-09,27.380404,27.584187,27.245905,27.486372,3650800.000000
2022-09-12,27.584193,27.845036,27.527134,27.747221,4123700.000000
2022-09-13,27.241834,27.527134,26.899479,27.013597,6236900.000000
2022-09-14,26.834267,27.115489,26.723410,27.078810,4097800.000000
2022-09-15,27.119565,27.302969,26.883175,26.989143,3822500.000000
2022-09-16,26.972841,27.282594,26.581577,27.241835,16258800.000000
2022-09-19,26.997289,27.388553,26.923926,27.339647,7968500.000000
2022-09-20,27.111410,27.111410,26.760905,26.883173,5805400.000000
2022-09-21,27.155384,27.213129,26.404734,26.412985,5156700.000000
2022-09-22,26.429484,26.569714,25.901554,25.975794,5987600.000000
2022-09-23,25.662340,25.794323,25.122037,25.472614,5924100.000000
2022-09-26,25.423119,25.736579,24.985928,25.150906,5693100.000000
2022-09-27,25.456114,25.637590,25.130282,25.282887,6173400.000000
2022-09-28,25.497362,25.579851,25.084916,25.472614,9856200.000000
2022-09-29,25.216899,25.216899,24.210534,24.243528,10084600.000000
2022-09-30,24.466247,24.825074,24.268273,24.622976,8549900.000000
2022-10-03,24.961180,25.369500,24.655970,25.192150,5596000.000000
2022-10-04,25.431370,26.021167,25.414872,25.868563,8121200.000000
2022-10-05,25.530354,25.996416,25.287012,25.876808,6047200.000000
2022-10-06,25.819068,26.033539,25.447868,25.538605,4815900.000000
2022-10-07,25.332377,25.546849,25.113782,25.274635,4691200.000000
2022-10-10,25.348881,25.451992,25.035423,25.035423,4460500.000000
2022-10-11,24.944683,25.431368,24.705465,25.340630,4567300.000000
2022-10-12,25.274640,25.464366,25.027174,25.233397,3676500.000000
2022-10-13,24.845697,25.464364,24.301268,25.340630,6231000.000000
2022-10-14,25.604593,25.645837,24.437373,24.457994,5767800.000000
2022-10-17,24.862195,25.239995,24.771458,25.117912,4262100.000000
2022-10-18,25.497360,25.711831,25.010674,25.249893,6503400.000000
2022-10-19,24.977678,25.134406,24.203105,24.251774,7166800.000000
2022-10-20,24.309519,24.742587,24.177536,24.490995,5865200.000000
2022-10-21,24.499246,24.816827,24.161041,24.787956,5383800.000000
2022-10-24,24.994176,25.109662,24.540487,24.655972,5339200.000000
2022-10-25,24.746708,25.406619,24.705464,25.357126,4785100.000000
2022-10-26,25.357127,25.538602,25.159153,25.291136,4161700.000000
2022-10-27,25.489109,25.823190,25.431366,25.563349,4659600.000000
2022-10-28,25.505609,26.557344,25.241644,26.503727,5784600.000000
2022-10-31,26.206762,26.549092,26.116024,26.412985,5135400.000000
2022-11-01,26.610961,27.031657,26.544972,26.973915,5314900.000000
2022-11-02,26.825433,27.077025,26.190267,26.404737,10103300.000000
2022-11-03,26.149023,26.602712,25.893306,26.388241,5971300.000000
2022-11-04,25.513861,25.992297,25.472615,25.926306,15811900.000000
2022-11-07,26.066535,26.379993,25.835565,26.231512,8016300.000000
2022-11-08,26.305750,26.392365,26.083031,26.215014,6130500.000000
2022-11-09,26.058282,26.379989,25.934549,26.008789,6115900.000000
2022-11-10,26.643954,27.155385,26.470728,26.907919,8508700.000000
2022-11-11,27.031656,27.114144,26.400616,26.503727,6896300.000000
2022-11-14,26.363494,26.495476,26.050036,26.107779,5706800.000000
2022-11-15,26.421237,26.470732,25.786073,26.272758,8683300.000000
2022-11-16,26.215015,26.297503,25.975796,26.107779,5474000.000000
2022-11-17,25.819067,26.256260,25.777823,26.248011,4795300.000000
2022-11-18,26.594462,26.742939,26.367616,26.643953,5958600.000000
2022-11-21,26.520225,26.965664,26.511974,26.949165,5576400.000000
2022-11-22,27.105894,27.510088,26.982159,27.411102,5260400.000000
2022-11-23,27.345117,27.588458,27.304697,27.402859,2185000.000000
2022-11-25,27.526592,27.588460,27.386363,27.518345,2709200.000000
2022-11-28,27.345111,27.592578,27.287369,27.419352,5735200.000000
2022-11-29,27.526589,27.807052,27.452349,27.774055,5154900.000000
2022-11-30,27.790553,28.252492,27.468846,28.211248,7231000.000000
2022-12-01,28.367977,28.442217,27.444101,27.930786,8627400.000000
2022-12-02,27.642077,28.120515,27.642077,28.071020,5094100.000000
2022-12-05,27.856543,27.996773,27.452345,27.468843,5025000.000000
2022-12-06,27.559580,27.708061,27.427598,27.666817,6653000.000000
2022-12-07,27.617327,27.992653,27.617327,27.823549,4497800.000000
2022-12-08,27.914289,28.095766,27.691568,27.782307,4920600.000000
2022-12-09,27.815299,28.128755,27.749306,27.988525,8135100.000000
2022-12-12,28.021524,28.120510,27.786431,28.112263,5520400.000000
2022-12-13,28.755675,28.805166,28.104011,28.367975,5229000.000000
2022-12-14,28.384478,28.623697,28.021527,28.203001,5700500.000000
2022-12-15,27.988526,28.178250,27.881289,28.005024,5851000.000000
2022-12-16,27.675073,27.732815,27.044032,27.501846,11032500.000000
2022-12-19,27.468846,27.510090,27.196634,27.287373,7016000.000000
2022-12-20,27.155389,27.419357,27.064654,27.320368,4777600.000000
2022-12-21,27.554082,27.670945,27.295321,27.362097,7093600.000000
2022-12-22,27.136724,27.161768,26.185146,26.886309,9675700.000000
2022-12-23,26.844579,27.278634,26.715199,27.270285,4467900.000000
2022-12-27,27.295325,27.412185,27.061601,27.312019,3844600.000000
2022-12-28,27.353760,27.449751,26.836235,26.869621,2797600.000000
2022-12-29,27.028216,27.211853,26.915528,27.053257,3125200.000000
2022-12-30,26.877964,27.082469,26.761104,27.044909,3433300.000000
2023-01-03,27.170117,27.282806,26.414697,26.502342,5713800.000000
2023-01-04,26.619201,26.911354,26.510688,26.669285,5880700.000000
2023-01-05,26.544077,26.660939,26.189322,26.268620,4186400.000000
2023-01-06,26.226882,26.635895,26.155930,26.544075,5124200.000000
2023-01-09,26.452259,26.873791,26.352092,26.694326,4228000.000000
2023-01-10,26.719365,27.049080,26.535729,27.028214,7059300.000000
2023-01-11,27.353752,27.996487,27.261933,27.996487,7105300.000000
2023-01-12,28.121695,28.427203,27.787809,28.397154,6683700.000000
2023-01-13,27.537399,27.737730,27.337065,27.670954,20850100.000000
2023-01-17,27.662603,28.167608,27.637563,28.071617,11974400.000000
2023-01-18,28.213511,28.338720,27.278626,27.286972,6499900.000000
2023-01-19,27.145075,27.796155,27.094991,27.695990,12170600.000000
2023-01-20,27.687641,28.054919,27.570780,28.029879,4759700.000000
2023-01-23,28.079962,28.322031,27.921366,28.079962,4472400.000000
2023-01-24,27.086646,28.480626,27.078297,28.347071,3698700.000000
2023-01-25,28.313678,28.322027,27.867104,28.155083,4320700.000000
2023-01-26,28.288643,28.418023,28.054922,28.363768,3102300.000000
2023-01-27,28.422191,28.660086,28.271942,28.497316,3671600.000000
2023-01-30,28.330376,28.622529,28.196821,28.280294,3167400.000000
2023-01-31,28.280299,28.589144,28.155090,28.530714,7365200.000000
2023-02-01,28.488969,28.964759,28.213510,28.772774,4005300.000000
2023-02-02,28.964769,29.273614,28.572450,28.839560,6654800.000000
2023-02-03,28.647576,28.822866,28.472285,28.806171,5098400.000000
2023-02-06,28.614180,29.060755,28.580794,28.923029,4889400.000000
2023-02-07,28.731045,28.931379,28.405505,28.839560,3938700.000000
2023-02-08,28.739389,29.031540,28.664264,28.814514,3748900.000000
2023-02-09,28.964762,29.131706,28.580792,28.630873,4855600.000000
2023-02-10,28.422195,28.839554,28.422195,28.781124,3493700.000000
2023-02-13,28.847906,28.906336,28.675119,28.822863,4584500.000000
2023-02-14,28.797824,28.881295,28.392985,28.530714,3579100.000000
2023-02-15,28.380458,28.685132,28.313679,28.647568,4669500.000000
2023-02-16,28.372115,28.647571,28.238560,28.455585,3475100.000000
2023-02-17,28.455582,28.568267,28.186803,28.288637,6121600.000000
2023-02-21,28.130049,28.221868,28.021534,28.130049,4067500.000000
2023-02-22,28.196822,28.363767,27.862936,27.929712,4306800.000000
2023-02-23,28.021536,28.155091,27.733557,27.946411,4376800.000000
2023-02-24,28.480625,28.522360,27.579130,27.787809,10826600.000000
2023-02-27,28.146743,28.526539,27.988145,28.113354,6495100.000000
2023-02-28,28.163432,28.421358,27.913013,27.988138,9988000.000000
2023-03-01,27.921369,28.188479,27.754424,28.130049,9864900.000000
2023-03-02,28.130044,28.342898,27.887974,28.213514,11510500.000000
2023-03-03,28.380458,28.597483,28.163432,28.480623,9922900.000000
2023-03-06,28.522359,28.664263,28.234383,28.330374,5301900.000000
2023-03-07,28.338730,28.447245,27.925545,27.946411,5566100.000000
2023-03-08,27.921363,28.205168,27.896320,28.180124,4868100.000000
2023-03-09,28.534890,28.534890,27.683476,27.729385,7366100.000000
2023-03-10,27.629212,27.729381,26.448085,26.610855,8294200.000000
2023-03-13,26.327050,26.944740,26.218535,26.652590,7349400.000000
2023-03-14,27.036558,27.312017,26.706845,26.961433,6341400.000000
2023-03-15,26.644247,26.790324,26.143415,26.402178,6480500.000000
2023-03-16,26.135064,26.585814,25.949756,26.418869,7355800.000000
2023-03-17,26.410523,26.435565,25.930560,26.018206,20970600.000000
2023-03-20,26.126716,26.410521,26.051591,26.318703,5521800.000000
2023-03-21,26.519035,26.702673,26.302008,26.318703,6695500.000000
2023-03-22,26.217283,26.339834,25.600307,25.642565,6384400.000000
2023-03-23,25.769341,26.082056,25.312948,25.405916,5227400.000000
2023-03-24,25.279140,26.284897,25.059395,26.251089,7647900.000000
2023-03-27,26.428576,26.758193,26.348283,26.521544,6407600.000000
2023-03-28,26.310251,26.728612,26.310251,26.673676,4765900.000000
2023-03-29,26.952578,26.990611,26.724382,26.791996,4254800.000000
2023-03-30,26.918774,27.096261,26.800448,26.884966,4272400.000000
2023-03-31,27.003293,27.603365,26.977937,27.569557,8389800.000000
2023-04-03,27.628718,27.890723,27.332909,27.459686,6586600.000000
2023-04-04,27.544201,27.573782,27.079356,27.341358,10437500.000000
2023-04-05,27.485041,27.535753,27.113166,27.146971,6612300.000000
2023-04-06,27.172332,27.324463,27.045554,27.316010,4631500.000000
2023-04-10,27.239940,27.578011,27.206132,27.578011,5287800.000000
2023-04-11,27.603366,27.797756,27.442785,27.772402,5202900.000000
2023-04-12,27.966790,28.076664,27.641400,27.721689,3971000.000000
2023-04-13,27.687882,27.746199,27.392073,27.620270,4261200.000000
2023-04-14,27.687879,27.806206,27.172326,27.341358,2775200.000000
2023-04-17,27.307557,27.789306,27.231491,27.772402,3435700.000000
2023-04-18,27.763946,27.916078,27.569557,27.704784,3082000.000000
2023-04-19,27.476590,27.882276,27.447009,27.823111,2577000.000000
2023-04-20,27.654082,28.093573,27.649855,27.992149,4363200.000000
2023-04-21,28.110469,28.224569,27.780852,28.169634,3074900.000000
2023-04-24,28.169633,28.186533,27.721689,28.051306,3153200.000000
2023-04-25,27.899172,28.042853,27.789302,27.932980,3065600.000000
2023-04-26,27.840013,28.034402,27.616042,27.730143,4257400.000000
2023-04-27,27.789303,28.245694,27.569556,28.135824,3422200.000000
2023-04-28,28.051308,28.685188,28.051308,28.685188,4758300.000000
2023-05-01,28.490795,28.778154,28.448537,28.549957,3688300.000000
2023-05-02,28.279505,28.279505,27.349815,27.637175,5376300.000000
2023-05-03,27.882274,27.882274,27.087809,27.146971,7546700.000000
2023-05-04,27.045551,27.637173,26.900180,27.383621,3834700.000000
2023-05-05,27.552654,27.883963,27.518849,27.730143,2767300.000000
2023-05-08,27.696338,27.975244,27.662531,27.865374,2408400.000000
2023-05-09,27.713241,27.971019,27.561110,27.848469,3894300.000000
2023-05-10,28.042855,28.118921,27.408975,27.510395,4296700.000000
2023-05-11,27.383622,27.383622,26.855387,26.977938,4469000.000000
2023-05-12,27.003293,27.130067,26.855386,26.961033,4808000.000000
2023-05-15,27.087809,27.163875,26.851161,26.893419,5042300.000000
2023-05-16,26.834257,26.851161,26.267991,26.284895,4978100.000000
2023-05-17,26.470835,26.770871,26.259542,26.622967,6599300.000000
2023-05-18,26.479284,26.660997,26.284895,26.513092,4412600.000000
2023-05-19,26.648320,26.766643,26.428574,26.707481,7978000.000000
2023-05-22,26.884968,27.011744,26.682127,26.715935,6781400.000000
2023-05-23,26.639870,26.732838,26.225735,26.276445,3710900.000000
2023-05-24,26.158123,26.183477,25.828504,25.870764,4075400.000000
2023-05-25,25.908794,25.942600,25.583402,25.591854,6214400.000000
2023-05-26,25.667919,25.900341,25.617207,25.803146,2870700.000000
2023-05-30,25.870761,26.048246,25.693273,25.794695,4012700.000000
2023-05-31,25.862311,26.234188,25.680599,26.141218,9560500.000000
2023-06-01,26.217283,26.327155,25.938376,26.149670,3406500.000000
2023-06-02,26.403220,26.842710,26.403220,26.715935,3907700.000000
2023-06-05,26.682124,27.130065,26.682124,26.884966,2839100.000000
2023-06-06,27.037100,27.206134,26.880743,27.003294,2836700.000000
2023-06-07,27.130071,27.569561,26.999070,27.468142,4595600.000000
2023-06-08,27.349812,27.442781,27.172326,27.341358,4491600.000000
2023-06-09,27.366718,27.455461,27.239941,27.299103,2428400.000000
2023-06-12,27.324462,27.349817,26.834260,27.130070,3379900.000000
2023-06-13,27.070907,27.383624,27.070907,27.248396,4661600.000000
2023-06-14,27.425882,27.662530,27.199374,27.366720,4080200.000000
2023-06-15,27.349814,27.510396,27.214586,27.501945,3774400.000000
2023-06-16,27.713241,27.806211,27.265297,27.332912,7540900.000000
2023-06-20,27.332913,27.392075,26.825809,26.969488,5047700.000000
2023-06-21,26.978043,27.037937,26.627235,26.644346,5420100.000000
2023-06-22,26.721354,26.738467,26.280704,26.627235,4616900.000000
2023-06-23,26.481777,26.524558,26.096742,26.207973,11352200.000000
2023-06-26,26.225085,26.995152,26.199417,26.866808,5636100.000000
2023-06-27,26.969488,26.969488,26.516003,26.601566,5987900.000000
2023-06-28,26.601568,26.622958,26.310653,26.524561,7672400.000000
2023-06-29,26.430438,26.883923,26.421882,26.849697,5451400.000000
2023-06-30,27.046493,27.055049,26.464664,26.892479,8205600.000000
2023-07-03,26.764135,27.508535,26.747022,27.234732,3007100.000000
2023-07-05,26.918148,27.003712,26.567340,26.806917,5436100.000000
2023-07-06,26.473219,26.575894,26.045403,26.473219,5415500.000000
2023-07-07,26.361986,26.815471,26.336318,26.635788,6264500.000000
2023-07-10,26.533116,26.978045,26.430440,26.978045,4698200.000000
2023-07-11,27.046490,27.243285,26.909590,27.200504,3380500.000000
2023-07-12,27.482862,27.671102,27.277511,27.303181,6160200.000000
2023-07-13,27.311741,27.427251,26.789806,26.841145,7813000.000000
2023-07-14,26.789803,27.016546,26.575895,26.960930,4896000.000000
2023-07-17,26.849696,27.174837,26.849696,26.995153,5074700.000000
2023-07-18,27.029379,27.084996,26.729908,26.995153,4500200.000000
2023-07-19,27.166284,27.559873,27.132058,27.508537,4504600.000000
2023-07-20,27.628325,28.009080,27.311740,27.987688,6134100.000000
2023-07-21,28.141703,28.154537,27.855067,28.056141,4616800.000000
2023-07-24,28.133150,28.312832,27.944910,28.133150,5888400.000000
2023-07-25,28.235820,28.248654,28.000520,28.098919,4918600.000000
2023-07-26,28.039027,28.312828,27.936352,28.021914,6011400.000000
2023-07-27,28.364166,28.578074,27.290348,27.320295,7399400.000000
2023-07-28,27.499974,27.688214,26.943814,27.200504,6732400.000000
2023-07-31,27.294630,27.422974,26.853980,26.935265,7956300.000000
2023-08-01,26.909594,27.123502,26.759858,27.072163,3570300.000000
2023-08-02,26.943818,27.003712,26.751301,26.806917,5045200.000000
2023-08-03,26.661460,26.704241,26.255035,26.593010,5277900.000000
2023-08-04,26.490332,26.986599,26.456108,26.575895,3666900.000000
2023-08-07,26.644348,26.828309,26.588733,26.764137,3498700.000000
2023-08-08,26.610122,26.875367,26.550228,26.644346,2968500.000000
2023-08-09,26.567341,26.960932,26.541673,26.841145,3095400.000000
2023-08-10,26.935258,27.102106,26.438992,26.490330,3550500.000000
2023-08-11,26.387658,26.533115,26.276425,26.430439,2766000.000000
2023-08-14,26.302095,26.413328,26.182307,26.216532,3468700.000000
2023-08-15,26.053962,26.096743,25.686041,25.703154,3868600.000000
2023-08-16,25.668928,25.767325,25.497801,25.506357,3038700.000000
2023-08-17,25.540584,25.727967,25.386570,25.386570,3538100.000000
2023-08-18,25.232557,25.771605,25.206887,25.737379,4144900.000000
2023-08-21,25.745934,25.810107,25.352343,25.549139,3226400.000000
2023-08-22,25.634701,25.874279,25.540583,25.797272,4645800.000000
2023-08-23,25.882837,26.242202,25.792996,26.190865,4539700.000000
2023-08-24,26.250755,26.421881,25.951284,25.959841,3722500.000000
2023-08-25,26.096742,26.349154,25.968398,26.113855,4428100.000000
2023-08-28,26.199419,26.477498,26.165193,26.302094,2680100.000000
2023-08-29,26.370547,26.438998,26.190865,26.421885,3771400.000000
2023-08-30,26.473218,26.622953,26.319204,26.507442,4113200.000000
2023-08-31,26.481775,26.524556,26.310648,26.387655,6144600.000000
2023-09-01,26.533112,26.591294,26.430435,26.515999,3024600.000000
2023-09-05,26.567339,26.717076,26.340597,26.370544,4928200.000000
2023-09-06,26.336321,26.550228,26.293538,26.533115,4158000.000000
2023-09-07,26.627233,26.986599,26.498888,26.712795,4601300.000000
2023-09-08,26.824027,27.020822,26.644344,26.687126,4218700.000000
2023-09-11,26.695686,26.892481,26.618679,26.798361,3820200.000000
2023-09-12,26.738465,27.012267,26.729909,26.875366,3284300.000000
2023-09-13,26.926706,26.960932,26.670017,26.764137,3884000.000000
2023-09-14,26.986599,27.037937,26.883923,26.960930,3562900.000000
2023-09-15,26.858254,26.935261,26.704240,26.849697,8027700.000000
2023-09-18,26.875362,26.909589,26.336316,26.396210,5029900.000000
2023-09-19,26.353429,26.605840,26.353429,26.515999,5932000.000000
2023-09-20,26.624410,26.893256,26.563702,26.589720,3415200.000000
2023-09-21,26.520334,26.563696,26.095385,26.104057,4216200.000000
2023-09-22,26.130076,26.225473,25.765833,25.783178,4011600.000000
2023-09-25,25.653094,25.878578,25.583715,25.800526,4395400.000000
2023-09-26,25.609734,25.670441,25.228146,25.314871,5243400.000000
2023-09-27,25.384249,25.549024,25.015669,25.046022,5099500.000000
2023-09-28,25.106729,25.575041,25.106729,25.557695,6920400.000000
2023-09-29,25.713802,25.783182,25.119740,25.236818,9368600.000000
2023-10-02,25.124072,25.332210,24.759829,24.846554,6195500.000000
2023-10-03,24.647091,24.751162,24.222142,24.317539,5800900.000000
2023-10-04,24.334878,24.603725,24.027007,24.586380,6985000.000000
2023-10-05,24.595060,24.751164,24.434619,24.551697,9849900.000000
2023-10-06,24.386919,24.963636,24.066038,24.811869,5914600.000000
2023-10-09,24.673110,25.332214,24.655765,25.314871,4093400.000000
2023-10-10,25.271506,25.503929,25.124074,25.349558,4370000.000000
2023-10-11,25.488316,25.653093,25.241151,25.462299,7321600.000000
2023-10-12,25.418938,25.427610,24.933281,25.046022,4111500.000000
2023-10-13,25.141420,25.254163,24.954963,25.098059,3736800.000000
2023-10-16,25.288851,25.488317,25.072040,25.427610,4507900.000000
2023-10-17,25.280177,25.683446,25.271504,25.384247,7010500.000000
2023-10-18,25.288853,25.384250,24.889921,24.924610,5173800.000000
2023-10-19,24.811870,25.006999,24.330549,24.352230,8399200.000000
2023-10-20,24.369573,24.417272,23.801527,23.857899,9041000.000000
2023-10-23,23.745155,24.109398,23.649759,23.658432,8950200.000000
2023-10-24,23.762499,24.291519,23.740819,24.239485,5687600.000000
2023-10-25,24.066037,24.191788,23.860501,23.901260,4693000.000000
2023-10-26,24.022674,24.239485,23.771172,23.892586,7094100.000000
2023-10-27,23.987984,24.035683,23.589053,23.710466,4904300.000000
2023-10-30,23.771173,23.979311,23.090386,23.571707,8433900.000000
2023-10-31,23.788523,24.222145,23.723479,24.196127,6834900.000000
2023-11-01,24.239486,24.352227,23.961967,24.170107,6074300.000000
2023-11-02,24.456298,24.881248,24.265504,24.794523,6130800.000000
2023-11-03,25.150094,25.531682,25.132748,25.297525,7338300.000000
2023-11-06,25.262834,25.332214,24.959300,25.150093,4889900.000000
2023-11-07,25.176112,25.219474,24.842223,24.933283,4296600.000000
2023-11-08,24.959300,25.054696,24.746825,24.803196,4531200.000000
2023-11-09,24.924606,24.924606,24.321871,24.378242,6333300.000000
2023-11-10,24.569041,24.725145,24.360902,24.681782,9573700.000000
2023-11-13,24.534349,24.564702,24.226475,24.360899,6918900.000000
2023-11-14,24.907263,25.635748,24.820540,25.280178,10969400.000000
2023-11-15,25.271506,25.503929,25.054695,25.063368,6788300.000000
2023-11-16,25.089383,25.215134,24.863899,24.889917,5609100.000000
2023-11-17,25.098057,25.115401,24.684381,24.785849,7728600.000000
2023-11-20,24.759833,24.946290,24.577712,24.803196,7252000.000000
2023-11-21,24.707797,24.725142,24.308865,24.456297,5695900.000000
2023-11-22,24.647092,24.829212,24.512668,24.811869,6709200.000000
2023-11-24,24.846560,24.868240,24.673112,24.855232,1617200.000000
2023-11-27,24.846558,25.054697,24.725144,24.941956,5904100.000000
2023-11-28,24.855229,25.388584,24.855229,25.340885,5243600.000000
2023-11-29,25.531680,25.791853,25.440618,25.687784,8713200.000000
2023-11-30,25.713801,25.969639,25.661767,25.921940,11846600.000000
2023-12-01,25.852561,26.468305,25.843888,26.450960,6465100.000000
2023-12-04,26.320870,26.520336,26.199455,26.494318,6126800.000000
2023-12-05,26.416269,26.455295,26.225475,26.242821,7203600.000000
2023-12-06,26.364232,26.680776,26.177775,26.225473,6736700.000000
2023-12-07,26.234145,26.476974,26.043352,26.390249,6833400.000000
2023-12-08,26.390253,26.607065,26.238485,26.459633,7503800.000000
2023-12-11,26.416271,26.796125,26.346891,26.702463,5441900.000000
2023-12-12,26.702463,26.927945,26.494323,26.650427,4581300.000000
2023-12-13,26.693788,27.430944,26.581045,27.344221,8340500.000000
2023-12-14,27.803859,27.847221,27.266167,27.691116,11974100.000000
2023-12-15,27.561033,27.691120,27.032014,27.179445,18229300.000000
2023-12-18,27.292184,27.413599,27.053692,27.084045,6166400.000000
2023-12-19,27.196788,27.786515,27.188116,27.578375,7017500.000000
2023-12-20,27.556411,27.846386,27.319158,27.345520,7103400.000000
2023-12-21,27.547623,27.718972,27.354305,27.609133,6926400.000000
2023-12-22,27.670642,27.833203,27.389454,27.538836,5018400.000000
2023-12-26,27.538837,27.890321,27.508960,27.820024,2353000.000000
2023-12-27,27.776088,27.969404,27.683822,27.960617,3263000.000000
2023-12-28,27.978191,28.285738,27.925468,28.276953,3932500.000000
2023-12-29,28.171510,28.233020,28.004554,28.013340,5825600.000000
2024-01-02,27.934258,28.716311,27.863959,28.698736,5872400.000000
2024-01-03,28.628439,28.663585,28.285739,28.505417,7309800.000000
2024-01-04,28.584502,28.637226,27.925469,28.048489,9334200.000000
2024-01-05,27.846384,28.048488,27.648674,27.837597,4387900.000000
2024-01-08,27.776089,28.206656,27.714579,28.197870,5006300.000000
2024-01-09,27.934256,28.004553,27.749726,27.811235,5759600.000000
2024-01-10,27.811236,27.811236,27.556411,27.688217,11231500.000000
2024-01-11,27.582770,27.679429,27.248860,27.380667,4059300.000000
2024-01-12,27.635493,27.705790,27.305976,27.327944,3665600.000000
2024-01-16,27.152201,27.468538,27.081904,27.327944,5196900.000000
2024-01-17,27.020395,27.392968,26.690878,26.871014,4672700.000000
2024-01-18,26.853441,27.011610,26.478231,26.589828,6323100.000000
2024-01-19,26.660123,26.936918,26.255915,26.853439,10323800.000000
2024-01-22,26.888591,27.213714,26.871016,27.002823,5587200.000000
2024-01-23,27.125840,27.209317,26.871012,27.099478,4882900.000000
2024-01-24,27.363093,27.450964,26.603007,26.660124,5133800.000000
2024-01-25,26.932526,26.994036,26.611797,26.818295,3876200.000000
2024-01-26,26.932523,27.020394,26.651335,26.712845,3955800.000000
2024-01-29,26.695270,26.752386,26.449231,26.739206,6263300.000000
2024-01-30,26.581038,26.756781,26.308637,26.572250,4990100.000000
2024-01-31,26.704057,26.914948,26.299851,26.466806,7096700.000000
2024-02-01,26.458018,27.301581,26.361359,27.284006,10472000.000000
2024-02-02,27.037968,27.037968,26.572250,26.844650,6077000.000000
2024-02-05,26.493166,26.493166,26.018663,26.036236,6976900.000000
2024-02-06,25.965939,26.374540,25.816558,26.211979,5909800.000000
2024-02-07,26.291062,26.370146,26.009874,26.097746,6513400.000000
2024-02-08,26.027453,26.299854,25.992304,26.071388,4405900.000000
2024-02-09,26.062596,26.124106,25.777014,26.115318,4955200.000000
2024-02-12,26.211977,26.348178,26.045022,26.106531,4119300.000000
2024-02-13,25.658395,25.737479,25.407962,25.684755,6521900.000000
2024-02-14,25.737478,25.816561,25.596883,25.658394,5426500.000000
2024-02-15,25.860497,26.088963,25.755051,25.913219,5934300.000000
2024-02-16,25.658391,25.983514,25.491436,25.948366,8178100.000000
2024-02-20,25.878069,26.062597,25.737475,25.974726,6885700.000000
2024-02-21,26.001090,26.132896,25.790199,26.062599,6078600.000000
2024-02-22,26.106532,26.282275,26.036235,26.097746,5645200.000000
2024-02-23,26.229555,26.721633,26.141683,26.405296,5775400.000000
2024-02-26,26.317427,26.405297,25.895644,25.965940,7203200.000000
2024-02-27,26.150470,26.260309,25.781411,25.825346,4676900.000000
2024-02-28,25.702325,26.168043,25.702325,25.974726,5676500.000000
2024-02-29,26.203192,26.409689,26.071385,26.299850,8643300.000000
2024-03-01,26.194409,26.211984,25.579312,25.992306,12387600.000000
2024-03-04,25.878067,26.211977,25.662782,26.115318,8525100.000000
2024-03-05,26.018667,26.049422,25.337664,25.412355,6130500.000000
2024-03-06,25.579307,25.605667,25.289332,25.429926,4697800.000000
2024-03-07,25.482650,25.737478,25.306907,25.500225,4954800.000000
2024-03-08,25.649604,25.834133,25.535371,25.588095,6314800.000000
2024-03-11,25.526583,26.132894,25.517797,26.053810,7676700.000000
2024-03-12,26.009877,26.124109,25.816559,25.965940,6704100.000000
2024-03-13,26.036238,26.181227,25.693541,25.755051,8660400.000000
2024-03-14,25.649602,25.658390,25.179492,25.324478,9440400.000000
2024-03-15,25.157528,25.473865,25.131168,25.421143,10607800.000000
2024-03-18,25.359629,25.588094,25.245396,25.429926,3987900.000000
2024-03-19,25.561732,25.561732,25.271757,25.456285,5208800.000000
2024-03-20,25.327020,25.763846,25.193298,25.692528,4609300.000000
2024-03-21,25.799510,26.058039,25.719277,26.022381,6200300.000000
2024-03-22,26.022377,26.075866,25.652411,25.692528,4663700.000000
2024-03-25,25.799506,25.888655,25.643496,25.692528,3954900.000000
2024-03-26,25.728188,26.026834,25.652411,25.986717,5271300.000000
2024-03-27,26.173933,26.530525,26.120442,26.521610,5762300.000000
2024-03-28,26.592928,26.690992,26.410175,26.557270,7192100.000000
2024-04-01,26.646417,26.646417,26.361143,26.387888,5636000.000000
2024-04-02,26.209588,26.374512,26.138270,26.271992,5073400.000000
2024-04-03,26.218503,26.316566,26.066951,26.173929,4334000.000000
2024-04-04,26.432459,26.521608,25.968888,26.084782,4908100.000000
2024-04-05,26.075868,26.156101,25.817337,26.138271,5480500.000000
2024-04-08,26.165015,26.441374,26.138270,26.414629,5319900.000000
2024-04-09,26.539438,26.708818,26.414629,26.566181,4761200.000000
2024-04-10,26.040206,26.084781,25.023916,25.059576,7356400.000000
2024-04-11,25.175469,25.327021,24.979343,25.139811,12410800.000000
2024-04-12,25.121979,25.121979,24.827790,24.908024,4746800.000000
2024-04-15,24.988255,25.095232,24.408790,24.587088,3962800.000000
2024-04-16,24.435540,24.489029,24.136894,24.203754,5310100.000000
2024-04-17,24.239412,24.511315,24.226039,24.248327,4059500.000000
2024-04-18,24.364221,24.546975,24.203754,24.533604,4866100.000000
2024-04-19,24.604924,24.934771,24.573722,24.863453,5453800.000000
2024-04-22,24.952600,25.015004,24.756474,24.997175,9231000.000000
2024-04-23,25.059575,25.487486,24.979341,25.478571,8838600.000000
2024-04-24,25.291362,25.612295,25.095235,25.344851,5648500.000000
2024-04-25,25.139812,25.474118,25.068494,25.451830,5195400.000000
2024-04-26,25.460746,25.594468,25.273535,25.380512,6652200.000000
2024-04-29,25.603382,25.897572,25.540979,25.897572,4357800.000000
2024-04-30,25.683616,25.799509,25.291364,25.451830,7194400.000000
2024-05-01,25.353768,25.942146,25.291365,25.763849,7483100.000000
2024-05-02,25.451827,25.799507,25.228957,25.674698,12249000.000000
2024-05-03,26.013462,26.120439,25.460742,25.674698,6018500.000000
2024-05-06,25.826253,25.906487,25.607841,25.897572,4726600.000000
2024-05-07,26.004549,26.343311,25.861912,26.343311,5554800.000000
2024-05-08,26.271992,26.298737,25.951951,26.084782,5904600.000000
2024-05-09,26.254167,26.370059,25.986721,26.120443,7637100.000000
2024-05-10,26.298738,26.517152,26.147186,26.298738,9458800.000000
2024-05-13,26.423546,26.530525,26.173932,26.396803,5470500.000000
2024-05-14,26.601842,26.700797,26.450290,26.655331,4316200.000000
2024-05-15,27.074328,27.279368,26.753394,27.199135,5923900.000000
2024-05-16,27.243709,27.288284,26.958435,26.994095,4401900.000000
2024-05-17,27.145650,27.145650,26.940607,27.083244,7233400.000000
2024-05-20,27.011924,27.065414,26.842543,26.940605,2405600.000000
2024-05-21,26.913861,27.029753,26.797967,26.851458,3317100.000000
2024-05-22,26.806883,26.940605,26.280908,26.325483,5505600.000000
2024-05-23,26.209590,26.303195,25.478575,25.496405,5102600.000000
2024-05-24,25.523145,25.585551,25.041746,25.228956,9765600.000000
2024-05-28,25.273534,25.558808,25.175470,25.193300,8958200.000000
2024-05-29,24.952599,25.041748,24.809962,24.890196,5938500.000000
2024-05-30,25.032833,25.157640,24.872366,25.015003,7397300.000000
2024-05-31,25.139811,25.607839,25.059577,25.594465,15486000.000000
2024-06-03,25.630127,25.915401,25.500861,25.647957,5194800.000000
2024-06-04,25.540977,25.852996,25.540977,25.594465,6097500.000000
2024-06-05,25.639042,25.639042,25.291364,25.300278,5713300.000000
2024-06-06,25.202213,25.523146,25.121980,25.353765,4989800.000000
2024-06-07,25.041747,25.451828,25.023917,25.291363,6298200.000000
2024-06-10,25.175468,25.175468,24.774302,25.059576,6332100.000000
2024-06-11,24.925852,25.193298,24.863448,25.086319,4876400.000000
2024-06-12,25.558807,25.839624,25.197756,25.291363,4933700.000000
2024-06-13,25.264617,25.442914,25.086319,25.220043,4586700.000000
2024-06-14,25.157638,25.220043,24.930311,25.220043,4649700.000000
2024-06-17,25.113065,25.282448,24.979343,25.139811,9933600.000000
2024-06-18,25.189574,25.687213,25.189574,25.433870,5399800.000000
2024-06-20,25.334341,25.574112,25.252909,25.406725,6255800.000000
2024-06-21,25.497208,25.569591,25.334344,25.424824,9724100.000000
2024-06-24,25.479114,25.895322,25.433875,25.723410,4847300.000000
2024-06-25,25.641975,25.669120,25.126241,25.289104,5046200.000000
2024-06-26,25.162429,25.388628,25.062902,25.325293,4066100.000000
2024-06-27,25.370539,25.723410,25.225770,25.723410,5834400.000000
2024-06-28,25.859123,25.967699,25.515300,25.913410,9594600.000000
2024-07-01,25.868177,25.877225,25.162434,25.243866,7503200.000000
2024-07-02,25.189577,25.361489,25.090049,25.126242,5755500.000000
2024-07-03,25.289105,25.415776,24.999568,25.108145,2866900.000000
2024-07-05,25.144338,25.153384,24.909090,25.108145,5528900.000000
2024-07-08,25.135286,25.361485,25.108141,25.180525,3899400.000000
2024-07-09,25.108142,25.144335,24.913610,25.008614,5528600.000000
2024-07-10,25.126241,25.243864,24.954329,25.234816,8415100.000000
2024-07-11,25.587686,26.637252,25.551493,26.601059,10526300.000000
2024-07-12,26.809163,26.953933,26.605585,26.646301,8344600.000000
2024-07-15,26.718685,27.442523,26.637253,27.406332,9542100.000000
2024-07-16,27.523951,27.560142,27.035359,27.388231,7054800.000000
2024-07-17,27.388237,27.958259,27.383712,27.931116,7342100.000000
2024-07-18,27.804443,28.455898,27.704916,27.704916,6279900.000000
2024-07-19,27.686819,27.754678,27.324900,27.424427,5378900.000000
2024-07-22,27.370137,27.628004,27.252514,27.533001,4012200.000000
2024-07-23,27.469666,27.813488,27.315850,27.551098,3706400.000000
2024-07-24,27.596338,27.822538,27.324900,27.333946,3905500.000000
2024-07-25,27.406331,28.062308,27.352042,27.578241,5329200.000000
2024-07-26,27.750152,28.139215,27.695865,27.940159,5112200.000000
2024-07-29,28.030638,28.311127,27.804439,28.247789,3466900.000000
2024-07-30,28.256841,28.519233,28.202553,28.428753,5295400.000000
2024-07-31,28.419703,28.768050,28.238742,28.283983,7495300.000000
2024-08-01,28.980674,29.007821,27.913014,28.356365,6204000.000000
2024-08-02,28.220652,29.098305,28.184459,28.501139,6122700.000000
2024-08-05,27.894921,28.356368,27.686817,27.831585,7951600.000000
2024-08-06,27.831588,28.727338,27.831588,28.410658,5381700.000000
2024-08-07,28.555424,28.971632,28.455897,28.483040,6440800.000000
2024-08-08,28.473990,28.519231,28.207074,28.274935,3644600.000000
2024-08-09,28.320178,28.383515,28.071359,28.347322,3523100.000000
2024-08-12,28.093976,28.365417,27.876825,28.338272,3117900.000000
2024-08-13,28.519231,28.525565,28.229696,28.437799,2924100.000000
2024-08-14,28.419702,28.768049,28.383511,28.600662,2526900.000000
2024-08-15,28.700189,28.872101,28.564469,28.736382,4802900.000000
2024-08-16,28.772574,28.949011,28.487564,28.582567,3777100.000000
2024-08-19,28.645906,29.044016,28.619667,29.034969,3468900.000000
2024-08-20,29.025920,29.197831,28.899247,28.944487,3240000.000000
2024-08-21,28.998772,29.206875,28.781620,29.197828,4136100.000000
2024-08-22,29.179735,29.261167,29.016872,29.252121,5544000.000000
2024-08-23,29.369739,29.912620,29.270211,29.767853,2679700.000000
2024-08-26,29.921668,30.093579,29.831190,29.966908,3483400.000000
2024-08-27,29.813095,30.048340,29.758805,29.994055,4226600.000000
2024-08-28,29.994056,30.034770,29.663803,29.957863,4313100.000000
2024-08-29,29.894526,30.084533,29.740709,29.912622,3986700.000000
2024-08-30,30.039298,30.319784,29.921674,30.292641,5545600.000000
2024-09-03,30.184066,30.464551,30.156923,30.292641,5740900.000000
2024-09-04,30.365020,30.609316,30.256442,30.419306,4272200.000000
2024-09-05,30.645508,30.781230,30.179538,30.392166,4597900.000000
2024-09-06,30.500736,30.636457,30.107151,30.283587,5246900.000000
2024-09-09,30.337876,30.740511,30.328830,30.636461,4823500.000000
2024-09-10,30.745035,30.916946,30.564075,30.817421,4454800.000000
2024-09-11,30.500738,30.650030,30.021196,30.627409,6807300.000000
2024-09-12,30.627410,30.749559,30.238346,30.374067,7102800.000000
2024-09-13,30.545978,30.763131,30.441928,30.726938,3787000.000000
2024-09-16,30.889801,31.025522,30.717890,30.799322,8744000.000000
2024-09-17,30.853609,30.916944,30.387638,30.500738,5656000.000000
2024-09-18,30.521819,30.842621,30.265180,30.301844,6176500.000000
2024-09-19,30.457661,30.503488,29.889387,30.072702,4973600.000000
2024-09-20,29.861892,30.320178,29.779401,30.311010,11124300.000000
2024-09-23,30.485155,30.640974,30.356836,30.485155,3663500.000000
2024-09-24,30.411834,30.682221,30.266099,30.356838,5255300.000000
2024-09-25,30.411832,30.457659,30.164357,30.283512,3118000.000000
2024-09-26,30.301846,30.375169,30.026871,30.146027,2803400.000000
2024-09-27,30.375170,30.572233,30.182691,30.356838,3886200.000000
2024-09-30,30.329342,30.576817,30.091951,30.530989,7615600.000000
2024-10-01,30.613478,30.659306,30.026870,30.036037,5449200.000000
2024-10-02,29.834391,30.182689,29.770231,30.036037,3511800.000000
2024-10-03,29.990209,29.999373,29.692323,29.852722,2352300.000000
2024-10-04,29.641915,29.779402,29.444852,29.715239,3421500.000000
2024-10-07,29.605251,29.761070,29.476932,29.715239,2483600.000000
2024-10-08,29.806898,29.871057,29.559423,29.623583,2581600.000000
2024-10-09,29.632750,29.714322,29.467767,29.550259,4125100.000000
2024-10-10,29.559423,29.614418,29.307366,29.486095,2941300.000000
2024-10-11,29.559424,29.843562,29.531928,29.834394,3381900.000000
2024-10-14,29.806895,30.146026,29.696908,30.045202,2654000.000000
2024-10-15,30.155197,30.434751,30.017709,30.081869,5124700.000000
2024-10-16,30.173524,30.466830,30.072704,30.384338,3977600.000000
2024-10-17,30.375168,30.466828,30.182689,30.292677,3045200.000000
2024-10-18,30.393500,30.420996,30.219352,30.420996,3576600.000000
2024-10-21,30.338505,30.462244,29.866472,29.871056,3822500.000000
2024-10-22,29.898550,30.292676,29.852723,30.036037,4203100.000000
2024-10-23,30.054369,30.269764,29.999373,30.100197,3439300.000000
2024-10-24,30.063535,30.214770,29.857308,30.072702,3280900.000000
2024-10-25,30.127692,30.182688,29.366940,29.421932,3824500.000000
2024-10-28,29.513593,29.774815,29.513593,29.660244,3445200.000000
2024-10-29,29.605247,29.811477,29.467763,29.596083,5000600.000000
2024-10-30,29.678578,30.201024,29.655663,29.715239,4583400.000000
2024-10-31,29.568584,29.728987,29.101134,29.110300,5129600.000000
2024-11-01,29.211125,29.733569,28.762004,28.816999,6317500.000000
2024-11-04,28.963649,29.347693,28.945317,29.046141,4448700.000000
2024-11-05,28.908656,29.366941,28.716175,29.366941,3328600.000000
2024-11-06,29.431099,29.504423,28.092905,28.514528,9271500.000000
2024-11-07,28.551191,28.743672,28.294553,28.349546,5265800.000000
2024-11-08,28.551193,28.904989,28.386210,28.771170,4395800.000000
2024-11-11,28.849078,28.853660,28.574106,28.670347,5103800.000000
2024-11-12,28.624519,28.826166,28.441206,28.597023,5025700.000000
2024-11-13,28.862825,28.917819,28.514528,28.697842,3603100.000000
2024-11-14,28.661181,28.816080,28.404540,28.688677,4972300.000000
2024-11-15,28.679513,29.073637,28.661181,29.027809,11472500.000000
2024-11-18,28.991147,29.316531,28.954485,29.229456,4798000.000000
2024-11-19,29.192793,29.651077,28.949901,29.531925,4669400.000000
2024-11-20,29.412770,29.559421,29.284450,29.440266,2542500.000000
2024-11-21,29.486092,29.765646,29.348608,29.669407,2945200.000000
2024-11-22,29.788563,29.880218,29.458597,29.541088,3346500.000000
2024-11-25,29.568583,29.976460,29.550254,29.816057,6375900.000000
2024-11-26,29.751899,29.816059,29.623580,29.678576,3589500.000000
2024-11-27,29.742733,30.132275,29.733565,29.880217,4634200.000000
2024-11-29,29.825227,30.283513,29.788564,29.889387,4689800.000000
2024-12-02,29.871053,29.880217,29.307362,29.522755,6723900.000000
2024-12-03,29.623580,29.733568,28.995730,29.009478,4696200.000000
2024-12-04,29.064471,29.201958,28.871992,29.119467,4076300.000000
2024-12-05,29.036975,29.137799,28.803249,29.009478,3282100.000000
2024-12-06,29.101135,29.247786,28.885740,29.009478,4069300.000000
2024-12-09,29.023226,29.215706,28.597021,29.110300,5842700.000000
2024-12-10,28.963651,29.156130,28.697844,28.816999,4615900.000000
2024-12-11,28.807831,28.991144,28.551190,28.697842,4546700.000000
2024-12-12,28.652016,28.972816,28.496199,28.496199,3738800.000000
2024-12-13,28.496200,28.734508,28.303719,28.532862,3346000.000000
2024-12-16,28.505364,28.748254,28.312883,28.349546,4715400.000000
2024-12-17,28.119939,28.273321,27.887542,27.934021,9310000.000000
2024-12-18,27.887542,28.119938,26.846406,26.874294,6330600.000000
2024-12-19,26.846407,27.115988,26.232881,26.279362,7214100.000000
2024-12-20,26.418800,27.060214,26.400208,26.762747,15157400.000000
2024-12-23,26.641899,27.092748,26.595420,26.939365,6208700.000000
2024-12-24,26.874296,27.195002,26.799929,27.181059,2029800.000000
2024-12-26,27.013731,27.208945,26.883590,27.078802,3147200.000000
2024-12-27,26.948662,27.255425,26.813872,26.902184,3356200.000000
2024-12-30,26.846410,27.013735,26.544296,26.967257,4120400.000000
2024-12-31,27.069507,27.153168,26.813870,27.153168,5769200.000000
2025-01-02,27.329791,27.329791,26.864999,26.948662,5634500.000000
2025-01-03,27.050916,27.483173,26.818519,27.385565,6151900.000000
2025-01-06,27.422751,27.669090,27.257285,27.478525,16990400.000000
2025-01-07,27.552893,27.825262,26.999790,27.190355,6438800.000000
2025-01-08,27.032325,27.171762,26.548940,26.799929,8741200.000000
2025-01-10,26.511758,26.595420,26.009781,26.223585,7473100.000000
2025-01-13,26.288658,26.762747,26.186403,26.706970,5434200.000000
2025-01-14,26.744153,26.985845,26.651194,26.930069,6630400.000000
2025-01-15,27.515707,27.590074,26.609362,26.734856,8143600.000000
2025-01-16,26.725562,27.227539,26.716266,27.218243,4812900.000000
2025-01-17,27.264722,27.441343,27.129931,27.283314,10796200.000000
2025-01-21,27.357681,28.222195,27.357681,28.129236,11045500.000000
2025-01-22,27.887541,28.000950,27.329790,27.376270,5900700.000000
2025-01-23,27.422753,27.436696,27.013735,27.227541,5318400.000000
2025-01-24,27.227538,27.701625,27.199650,27.515709,6600100.000000
2025-01-27,27.766699,28.488056,27.738811,28.398815,6206300.000000
2025-01-28,28.250079,28.445292,27.887541,27.896837,4145400.000000
2025-01-29,27.971207,27.980503,27.311200,27.552893,4102800.000000
2025-01-30,27.822474,27.996307,27.376274,27.738811,5734700.000000
2025-01-31,27.645848,27.836413,27.487819,27.673737,5285600.000000
2025-02-03,27.432047,27.766698,27.162467,27.692331,5964700.000000
2025-02-04,27.469230,27.813177,27.419033,27.701626,3920200.000000
2025-02-05,27.915432,27.985150,27.701626,27.813177,3581700.000000
2025-02-06,27.980504,28.045575,27.692333,28.008390,3478400.000000
2025-02-07,28.008388,28.092051,27.780641,27.989798,5781200.000000
2025-02-10,27.994443,28.026978,27.710919,27.841063,6164000.000000
2025-02-11,27.748105,27.924727,27.571484,27.887543,6094300.000000
2025-02-12,27.469229,27.766698,27.413455,27.692331,5957200.000000
2025-02-13,27.775991,28.356982,27.655146,28.287264,4549600.000000
2025-02-14,28.463885,28.696282,28.231489,28.231489,4791000.000000
2025-02-18,28.185010,28.384871,28.054869,28.222195,4435800.000000
2025-02-19,28.073461,28.435999,27.971207,28.333744,6814700.000000
2025-02-20,28.315152,28.621917,28.277970,28.594028,4581900.000000
2025-02-21,28.696282,29.198257,28.547547,29.077412,8772100.000000
2025-02-24,29.077410,29.895443,28.770647,29.700232,11643300.000000
2025-02-25,29.895447,30.429959,29.895447,30.323055,7878900.000000
2025-02-26,30.323053,30.388124,29.960515,30.099955,4759300.000000
2025-02-27,30.099957,30.220800,29.821082,30.053478,6158900.000000
2025-02-28,30.220798,30.397421,29.993051,30.202209,9669100.000000
2025-03-03,30.202209,30.620519,30.146433,30.350943,6389700.000000
2025-03-04,30.425311,30.611228,29.904742,29.914040,6886900.000000
2025-03-05,29.802487,30.220797,29.719753,30.118546,5401900.000000
2025-03-06,29.969814,30.081364,29.532908,29.718824,12094200.000000
2025-03-07,29.700233,30.462492,29.639809,30.350943,10923700.000000
2025-03-10,30.443903,31.633770,30.285875,30.341648,11500800.000000
2025-03-11,30.527562,30.648409,29.932628,30.072063,12071400.000000
2025-03-12,29.979107,30.090656,29.574738,29.830374,10598000.000000
2025-03-13,29.783896,30.218940,29.272623,29.328398,10462200.000000
2025-03-14,29.477134,29.979111,29.291218,29.979111,8509000.000000
2025-03-17,30.072065,30.364886,30.053476,30.202209,7986600.000000
2025-03-18,30.183616,30.453193,30.081361,30.378828,7089800.000000
2025-03-19,30.378829,30.443900,30.053476,30.099955,7773100.000000
2025-03-20,30.187579,30.248820,29.933189,30.159311,6805500.000000
2025-03-21,30.093361,30.281797,29.655245,29.707066,14681100.000000
2025-03-24,29.820127,30.206424,29.754175,30.121626,5507000.000000
2025-03-25,30.187578,30.187578,29.594001,29.810703,7513400.000000
2025-03-26,29.923766,30.112202,29.791861,30.055672,4999300.000000
2025-03-27,30.065093,30.479653,29.980297,30.036827,4603900.000000
2025-03-28,30.262952,30.262952,29.868178,30.159311,4731100.000000
2025-03-31,30.149892,30.922483,30.149892,30.734045,9749700.000000
2025-04-01,30.931904,30.979013,30.032117,30.564449,7166600.000000
2025-04-02,30.489078,30.555031,30.121625,30.328905,5937700.000000
2025-04-03,30.328904,30.847108,29.763595,29.829548,10232300.000000
2025-04-04,29.650532,29.876656,28.703638,28.821411,11169000.000000
2025-04-07,28.048822,28.943896,27.464667,28.039400,12740200.000000
2025-04-08,28.717770,28.717770,27.426978,27.709633,9788800.000000
2025-04-09,27.313917,29.113489,26.974730,29.009850,12178200.000000
2025-04-10,28.925053,29.186981,27.879229,28.340899,11207800.000000
2025-04-11,28.406851,29.330191,27.907494,29.254816,11221100.000000
2025-04-14,29.490361,29.985009,29.301926,29.763596,7669900.000000
2025-04-15,29.867236,30.291219,29.641110,30.196999,6220600.000000
2025-04-16,30.357172,30.686935,30.027407,30.196999,6785700.000000
2025-04-17,30.347748,30.931905,30.309118,30.658670,8361700.000000
2025-04-21,30.555030,30.734044,29.928477,30.291220,8179100.000000
2025-04-22,30.611564,31.205138,30.536188,31.063812,5885400.000000
2025-04-23,31.289932,31.522653,30.456101,30.828264,6592900.000000
2025-04-24,30.950745,30.979013,30.489077,30.583294,5595900.000000
2025-04-25,30.701069,30.701069,30.206425,30.357174,5568900.000000
2025-04-28,30.338328,30.479654,30.102782,30.376017,5523100.000000
2025-04-29,30.225268,30.489078,30.083939,30.394857,6234500.000000
2025-04-30,30.489078,30.526766,29.862525,30.168736,13347700.000000
2025-05-01,30.244108,30.305352,29.528050,29.688221,8722400.000000
2025-05-02,29.952034,30.121625,29.641111,29.857815,6370900.000000
2025-05-05,29.848393,30.244109,29.650534,30.046251,5810200.000000
2025-05-06,29.942612,30.003853,29.688222,29.716488,5272400.000000
2025-05-07,29.688221,30.065094,29.669377,29.829548,4325900.000000
2025-05-08,29.904923,30.008563,29.692931,29.754173,4434900.000000
2025-05-09,29.763596,30.148950,29.688221,30.017986,4477500.000000
2025-05-12,30.046250,30.046250,29.447963,29.697643,7507800.000000
2025-05-13,29.697643,29.754174,29.358457,29.546894,6201800.000000
2025-05-14,29.414987,29.466807,29.104066,29.301926,4917500.000000
2025-05-15,29.443254,29.810705,29.405565,29.801283,4235600.000000
2025-05-16,29.829550,30.277086,29.735332,30.244110,5674900.000000
2025-05-19,30.196999,30.338328,30.126336,30.291220,4508900.000000
2025-05-20,30.149891,30.272376,30.036828,30.074516,4050900.000000
2025-05-21,30.065095,30.131047,29.509206,29.546894,7719000.000000
2025-05-22,29.556316,29.556316,29.217129,29.396145,5617800.000000
2025-05-23,29.462096,29.735328,29.226550,29.650532,5210400.000000
2025-05-27,29.857814,30.036828,29.697643,29.914345,5866100.000000
2025-05-28,29.876657,29.933190,29.598715,29.707066,4505600.000000
2025-05-29,29.641111,29.961453,29.523338,29.838970,4336000.000000
2025-05-30,29.791861,30.008563,29.617555,29.876656,10946900.000000
2025-06-02,29.791864,29.933191,29.429123,29.933191,4294000.000000
2025-06-03,29.886078,30.065094,29.688221,29.904922,4270600.000000
2025-06-04,29.904922,29.980296,29.565735,29.565735,4155400.000000
2025-06-05,29.603427,29.735332,29.320772,29.631693,6945400.000000
2025-06-06,29.820125,29.923766,29.471518,29.650532,3903900.000000
2025-06-09,29.631691,30.225268,29.584581,30.168736,5213100.000000
2025-06-10,30.244109,30.588008,30.168736,30.573875,4479100.000000
2025-06-11,30.569164,30.941327,30.418415,30.602140,7661100.000000
2025-06-12,30.611561,30.734042,30.432544,30.705778,5234300.000000
2025-06-13,30.724625,30.762313,30.076402,30.262953,5540400.000000
2025-06-16,30.432545,30.668091,30.206423,30.281796,4116500.000000
2025-06-17,30.310060,30.474945,30.074516,30.451389,6005700.000000
2025-06-18,30.482904,30.950843,30.353982,30.874447,8034400.000000
2025-06-20,30.941296,31.208689,30.807596,30.817148,13667000.000000
2025-06-23,30.922193,31.371031,30.845793,31.332834,4902900.000000
2025-06-24,31.323282,31.466531,31.218234,31.332834,3630600.000000
2025-06-25,31.199135,31.199135,30.807594,30.807594,5025800.000000
2025-06-26,30.883996,30.979492,30.540203,30.740747,5841700.000000
2025-06-27,30.740748,31.070217,30.626152,30.826696,7585300.000000
2025-06-30,30.821921,31.146614,30.435154,31.132286,6433900.000000
2025-07-01,31.132287,31.700501,30.979491,31.495180,5886800.000000
2025-07-02,31.495179,31.881944,31.323283,31.810324,5730100.000000
2025-07-03,31.772127,32.058619,31.705278,31.924923,2842800.000000
2025-07-07,31.877176,31.982224,31.294639,31.399687,4780700.000000
2025-07-08,31.304184,31.671853,31.146615,31.523829,6717600.000000
2025-07-09,31.562028,31.600228,31.256435,31.466532,6627800.000000
2025-07-10,31.390128,32.273482,31.371028,32.115913,7698700.000000
2025-07-11,31.886725,32.096821,31.729152,31.915373,6933500.000000
2025-07-14,31.915369,32.125465,31.733924,32.087265,6614000.000000
2025-07-15,32.029970,32.163667,31.562029,31.590681,5139700.000000
2025-07-16,31.609779,31.824651,31.361486,31.542931,6522800.000000
2025-07-17,31.495179,31.662299,31.318507,31.361483,3712600.000000
2025-07-18,31.456980,31.538155,31.227787,31.418783,6092000.000000
2025-07-21,31.552480,31.657528,31.256436,31.275536,5135900.000000
2025-07-22,31.351938,32.044295,31.275538,31.944023,5535900.000000
2025-07-23,31.905823,32.039520,31.772127,31.953571,5711300.000000
2025-07-24,31.829424,32.111141,31.762573,31.905821,5170600.000000
2025-07-25,31.905821,31.991769,31.371032,31.877172,5276400.000000
2025-07-28,31.791224,31.924921,31.022467,31.027243,6285900.000000
2025-07-29,31.132286,31.437879,31.046338,31.390131,5425100.000000
2025-07-30,31.390134,31.667078,30.960393,31.065441,5558200.000000
2025-07-31,31.390131,31.562027,30.979490,31.132286,8836900.000000
2025-08-01,31.476081,31.753026,31.151389,31.619329,8682400.000000
2025-08-04,31.714823,32.450157,31.671851,32.402409,7436100.000000
2025-08-05,32.478809,32.478809,31.944024,32.010872,7546700.000000
2025-08-06,32.182766,32.201866,31.466532,31.523829,6687100.000000
2025-08-07,31.628877,31.705277,31.361484,31.523829,6726100.000000
2025-08-08,31.562028,31.705276,31.390131,31.418783,4523700.000000
2025-08-11,31.418784,31.590681,31.313736,31.342384,6093700.000000
2025-08-12,31.399683,31.495179,31.199135,31.390131,6122800.000000
2025-08-13,31.514282,31.605006,31.380586,31.514282,8763900.000000
2025-08-14,31.332836,31.380585,31.103640,31.141840,5101100.000000
2025-08-15,31.199135,31.218235,31.008143,31.036791,8748200.000000
2025-08-18,31.046338,31.121784,30.741704,30.750298,4895300.000000
2025-08-19,30.826694,31.180039,30.802822,31.008142,9386300.000000
2025-08-20,31.141841,31.643202,31.074993,31.485634,11515600.000000
2025-08-21,31.265987,31.676624,31.265987,31.476080,9296800.000000
2025-08-22,31.609780,32.068173,31.609780,31.896276,11904700.000000
2025-08-25,31.848520,32.106364,31.829423,31.991768,9778100.000000
2025-08-26,31.982223,32.120692,31.772127,31.944023,10022400.000000
2025-08-27,32.106366,32.364211,32.077718,32.230515,8722000.000000
2025-08-28,32.240064,32.243886,31.858075,32.001320,7280200.000000
2025-08-29,32.087267,32.388087,32.010870,32.259163,7845500.000000
2025-09-02,32.010868,32.225737,31.686176,31.838972,6309000.000000
2025-09-03,31.877176,31.996549,31.753028,31.896276,7174400.000000
2025-09-04,32.096816,32.306912,31.858072,31.991768,7529300.000000
2025-09-05,32.039517,32.297361,31.972669,32.087265,5766400.000000
2025-09-08,32.001316,32.135016,31.667076,31.810324,10604700.000000
2025-09-09,31.800774,31.838974,31.504733,31.628878,9045900.000000
2025-09-10,31.638430,31.810326,31.533381,31.647978,6106700.000000
2025-09-11,31.609778,31.881947,31.590682,31.657530,7248200.000000
2025-09-12,31.695726,31.810326,31.552482,31.667078,5162300.000000
2025-09-15,31.657529,31.743477,31.528605,31.590681,6068200.000000
2025-09-16,31.600231,31.671855,31.146618,31.170490,7867000.000000
2025-09-17,31.227786,31.600227,31.060666,31.132286,11692300.000000
2025-09-18,31.132290,31.229123,30.967669,31.103237,6776900.000000
2025-09-19,31.103237,31.132290,30.783685,30.832102,19309100.000000
2025-09-22,30.909568,30.909568,30.415712,30.435080,9556000.000000
2025-09-23,30.435080,30.919252,30.435080,30.919252,10957700.000000
2025-09-24,30.861154,31.025773,30.648117,30.880520,12409000.000000
2025-09-25,30.924094,31.166183,30.885362,31.025772,9043200.000000
2025-09-26,31.161339,31.558360,31.108079,31.442160,7786000.000000
2025-09-29,31.471210,31.664880,31.316275,31.529312,10006700.000000
2025-09-30,31.490577,31.630988,31.190389,31.577728,13903600.000000
2025-10-01,31.693930,31.955384,31.558363,31.868233,6902200.000000
2025-10-02,31.790764,31.955381,31.456684,31.713295,5321500.000000
2025-10-03,31.703612,31.960223,31.597094,31.597094,4206300.000000
2025-10-06,31.490578,31.551583,31.151655,31.219442,6579100.000000
2025-10-07,31.229122,31.306591,30.725582,30.977352,8514300.000000
2025-10-08,30.890201,30.967669,30.372137,30.435080,9575700.000000
2025-10-09,30.531916,30.599699,29.776606,29.999325,9397700.000000
2025-10-10,30.173627,30.212362,29.858914,29.979958,7893800.000000
2025-10-13,29.878282,30.115527,29.834707,29.931541,6242000.000000
2025-10-14,29.950909,30.260779,29.921858,30.134895,5394800.000000
2025-10-15,30.076792,30.386662,29.999325,30.299513,6211700.000000
2025-10-16,30.347929,30.478656,29.582936,29.757238,8571100.000000
2025-10-17,29.902491,30.067110,29.602304,29.883125,7112200.000000
2025-10-20,30.018692,30.280146,29.912174,30.222044,9732000.000000
2025-10-21,30.183309,30.309193,30.076791,30.202677,8782000.000000
2025-10-22,30.280146,30.522232,30.212362,30.280146,11718200.000000
2025-10-23,30.386663,30.580333,30.149420,30.425398,8748100.000000
2025-10-24,30.512547,30.686849,30.202677,30.202677,5885100.000000
2025-10-27,30.134894,30.192995,29.902490,29.989641,7498800.000000
2025-10-28,29.902489,29.902489,29.345691,29.398951,14329800.000000
2025-10-29,29.282751,29.321486,28.571017,28.759846,18979500.000000
2025-10-30,28.813102,28.943829,28.440291,28.585543,11161200.000000
2025-10-31,28.362824,29.258543,28.043269,29.040665,12147600.000000
2025-11-03,28.856678,29.234334,28.759845,29.137499,10116700.000000
2025-11-04,29.311800,29.345692,29.040663,29.292433,9400200.000000
2025-11-05,29.418317,29.515152,29.108447,29.214966,10367500.000000
2025-11-06,29.166550,29.340851,28.813103,28.837313,7974500.000000
2025-11-07,28.972880,29.413477,28.905096,29.379585,8660800.000000
2025-11-10,29.273066,29.618766,29.118131,29.466736,9783900.000000
2025-11-11,29.670086,29.786288,29.544202,29.660402,4521400.000000
2025-11-12,29.592621,29.689456,29.437686,29.611988,11100100.000000
2025-11-13,29.534520,29.854073,29.403793,29.486103,7300300.000000
2025-11-14,29.573253,29.631353,29.171389,29.398951,10511900.000000
2025-11-17,29.398952,29.437685,29.006772,29.176231,9006300.000000
2025-11-18,28.774369,28.963196,28.396715,28.633959,11020300.000000
2025-11-19,28.566174,28.627180,28.198204,28.227253,9288400.000000
2025-11-20,28.362823,28.479991,27.839916,27.888332,17181400.000000
2025-11-21,27.994851,28.154629,27.801181,27.907700,23203000.000000
2025-11-24,27.975484,28.077162,27.670457,27.810865,21901100.000000
2025-11-25,27.946435,28.048111,27.714032,27.839916,15698900.000000
2025-11-26,27.888332,28.154629,27.815707,27.917383,10995800.000000
2025-11-28,27.917383,28.057794,27.878650,27.907700,6014300.000000
2025-12-01,27.718872,27.718872,27.481627,27.684980,14828700.000000
2025-12-02,27.743082,27.776973,27.283117,27.549414,23515100.000000
2025-12-03,27.500994,27.733397,27.225016,27.404160,12220800.000000
2025-12-04,27.326692,27.389635,27.055557,27.113657,13809900.000000
2025-12-05,27.074922,27.297643,26.789262,26.852203,16346500.000000
2025-12-08,26.997455,27.103974,26.808628,27.036190,15862900.000000
2025-12-09,27.065240,27.229859,26.755368,26.881254,21776500.000000
2025-12-10,26.900622,27.016822,26.842520,26.881254,14648300.000000
2025-12-11,26.919988,27.249226,26.910307,27.229860,12216400.000000
2025-12-12,27.394479,27.907701,27.394479,27.752766,11927400.000000
2025-12-15,27.810866,27.859285,27.181442,27.694666,14537200.000000
2025-12-16,27.704350,27.810866,27.384796,27.413845,16615600.000000
2025-12-17,27.453203,27.940277,27.433523,27.935356,28634600.000000
2025-12-18,27.886158,27.935356,27.600801,27.650002,16031700.000000
2025-12-19,27.728720,27.728720,27.207206,27.256407,24121100.000000
2025-12-22,27.197367,27.453204,27.118648,27.413845,14371500.000000
2025-12-23,27.413844,27.433522,27.148167,27.315445,12408200.000000
2025-12-24,27.354804,27.551602,27.344966,27.512241,5211500.000000
2025-12-26,27.502404,27.699200,27.433523,27.679520,4764100.000000
2025-12-29,27.768077,27.856636,27.679518,27.846796,6431100.000000
2025-12-30,27.777919,27.945197,27.777919,27.886158,6629900.000000
2025-12-31,27.836959,27.846797,27.640161,27.669682,7817600.000000
2026-01-02,27.709040,27.803503,27.315446,27.699200,8304000.000000
2026-01-05,27.650001,27.994397,27.290847,27.679520,20166300.000000
2026-01-06,27.581123,27.625402,27.162928,27.404005,23564800.000000
2026-01-07,27.551603,27.652954,27.103889,27.118649,10672900.000000
2026-01-08,27.059610,27.763160,27.039929,27.413845,8847800.000000
2026-01-09,27.472883,27.620480,27.315445,27.315445,11313200.000000
2026-01-12,27.344966,27.531922,27.256407,27.443363,9322100.000000
2026-01-13,27.463044,27.531923,27.118649,27.364645,9092500.000000
2026-01-14,27.384325,27.713961,27.384325,27.699200,8145200.000000
2026-01-15,27.748400,28.087874,27.669681,27.964876,9238000.000000
2026-01-16,28.004234,28.530668,27.945196,28.515907,9501800.000000
2026-01-20,28.368309,28.515907,28.108537,28.358469,11476600.000000
2026-01-21,28.407671,28.487373,27.802518,27.915678,12269300.000000
2026-01-22,27.876317,28.141994,27.689359,27.738560,7437500.000000
2026-01-23,27.758237,28.141993,27.728719,28.082954,9379000.000000
2026-01-26,28.191192,28.260070,27.957988,28.053434,7061700.000000
2026-01-27,28.073115,28.166593,27.866477,28.043594,7979600.000000
2026-01-28,28.023915,28.156753,27.374484,27.443363,9103500.000000
2026-01-29,27.561443,27.886158,27.472884,27.659842,13547300.000000
2026-01-30,27.413845,27.630322,27.138329,27.630322,15623900.000000
2026-02-02,27.512241,27.738560,27.359725,27.502403,14809900.000000
2026-02-03,27.472882,27.777917,27.404004,27.600800,9424300.000000
2026-02-04,27.748401,28.461789,27.738560,28.387991,12966000.000000
2026-02-05,28.378150,28.456869,28.102633,28.279751,8800000.000000
2026-02-06,28.437188,28.609387,28.053434,28.299431,5610700.000000
2026-02-09,28.220712,28.693024,28.132153,28.594625,8764300.000000
2026-02-10,28.653666,28.850462,28.378150,28.781584,13573700.000000
2026-02-11,28.830783,29.027581,28.663505,28.702866,8459000.000000
2026-02-12,28.929181,29.189938,28.574947,28.594625,9645600.000000
2026-02-13,28.717624,28.939021,28.614306,28.830782,7497500.000000
2026-02-17,29.096460,29.416256,28.717625,29.381817,7937000.000000
2026-02-18,29.322775,29.362136,29.057101,29.244057,11609900.000000
2026-02-19,29.224379,29.401495,29.017741,29.391657,5163100.000000
2026-02-20,29.470374,29.672091,29.314903,29.608131,10798700.000000
2026-02-23,29.667171,29.972206,29.529414,29.736050,8691200.000000
2026-02-24,29.667171,29.844288,29.470374,29.795090,5566300.000000
2026-02-25,29.745890,29.816737,29.346391,29.755730,7417100.000000
2026-02-26,29.327696,29.460534,28.456868,29.303097,19714900.000000
2026-02-27,29.303097,29.996807,29.194858,29.726210,14681600.000000
2026-03-02,29.598293,29.957448,29.332616,29.873810,7327700.000000
2026-03-03,29.686851,29.868888,29.111219,29.716372,9751200.000000
2026-03-04,29.617973,29.731131,29.253897,29.411335,7970300.000000
2026-03-05,29.135820,29.322776,29.022662,29.214539,8515000.000000
2026-03-06,29.125980,29.194859,28.842592,29.194859,6845200.000000
2026-03-09,28.870143,29.130898,28.466709,29.027580,10246600.000000
2026-03-10,28.939021,29.229297,28.791423,28.840622,7529400.000000
2026-03-11,28.633987,28.712706,27.512242,27.964876,15281400.000000
2026-03-12,27.876317,28.476549,27.713961,28.220713,9192100.000000
2026-03-13,28.515908,28.619226,27.930437,27.964876,9599800.000000
2026-03-16,28.358471,28.565109,28.151834,28.161674,9174800.000000
2026-03-17,28.348630,28.540507,28.161674,28.161674,9949300.000000
2026-03-18,28.033755,28.141994,27.610641,27.650002,16686100.000000
2026-03-19,27.620001,28.100000,27.572001,27.980000,8227100.000000
2026-03-20,27.959999,27.980000,26.754999,26.830000,15368100.000000
2026-03-23,27.350000,27.395000,26.920000,27.049999,11009700.000000
2026-03-24,26.950001,27.480000,26.820000,27.299999,9993000.000000
2026-03-25,27.395000,27.490000,26.969999,27.070000,7564900.000000
2026-03-26,27.059999,27.400000,26.990000,27.160000,5935600.000000
2026-03-27,27.120001,27.230000,26.549999,26.610001,8590200.000000
2026-03-30,26.740000,27.340000,26.740000,27.110001,8839500.000000
2026-03-31,27.420000,27.570000,27.135000,27.320000,7783200.000000
2026-04-01,27.320000,27.530001,27.190001,27.459999,7912000.000000
2026-04-02,27.500000,27.719999,27.290001,27.660000,5618100.000000
2026-04-06,27.570000,27.850000,27.474001,27.660000,6130000.000000
2026-04-07,27.600000,27.945000,27.600000,27.830000,6136800.000000
2026-04-08,27.920000,28.080000,27.665001,27.730000,9827300.000000
2026-04-09,27.629999,28.290001,27.610001,28.059999,8345500.000000
2026-04-10,28.075001,28.240000,27.950001,28.110001,4125900.000000
2026-04-13,28.030001,28.330000,27.885000,28.330000,7097500.000000
2026-04-14,28.280001,28.450001,28.170000,28.360001,6403700.000000
2026-04-15,28.290001,28.330000,27.954000,28.129999,5573500.000000
2026-04-16,28.150000,28.420000,28.110001,28.400000,7789000.000000
2026-04-17,28.469999,29.129999,28.400000,29.010000,8705000.000000
2026-04-20,28.910000,29.000000,28.565001,28.780001,6483100.000000
2026-04-21,28.820000,28.975000,28.420000,28.420000,8909700.000000
2026-04-22,28.540001,28.570000,28.045000,28.200001,5577300.000000
2026-04-23,28.340000,28.530001,28.200001,28.510000,4751300.000000
2026-04-24,28.469999,28.629999,28.320000,28.420000,6289200.000000
2026-04-27,28.420000,28.750000,28.379999,28.440001,5899300.000000
2026-04-28,28.650000,28.750000,28.334999,28.650000,6627900.000000
2026-04-29,28.530001,28.815001,28.510000,28.600000,12037700.000000
2026-04-30,28.950001,29.510000,28.610001,29.200001,16600500.000000
2026-05-01,29.200001,29.360001,28.260000,28.580000,10303300.000000
2026-05-04,28.415001,28.600000,27.969999,28.090000,9545200.000000
2026-05-05,28.120001,28.365000,28.030001,28.270000,7550700.000000
2026-05-06,28.350000,28.844999,28.340000,28.650000,5883900.000000
2026-05-07,28.549999,28.865000,28.450001,28.790001,9162900.000000
2026-05-08,28.870001,29.120001,28.750000,28.840000,5218000.000000
2026-05-11,28.930000,29.070000,28.625000,28.920000,7553400.000000
2026-05-12,29.000000,29.000000,28.540001,28.549999,8033400.000000
2026-05-13,28.410000,28.500000,28.070999,28.209999,7215300.000000
2026-05-14,28.290001,28.379999,27.870001,27.879999,6472100.000000
2026-05-15,27.879999,27.985001,27.600000,27.900000,7611900.000000
2026-05-18,27.870001,28.510000,27.870001,28.500000,7580500.000000
2026-05-19,28.430000,28.709999,28.264999,28.370001,9001600.000000
2026-05-20,28.280001,28.510000,28.129999,28.400000,6155100.000000
2026-05-21,28.309999,28.575001,28.100000,28.520000,7454500.000000
2026-05-22,28.584999,28.725000,28.350000,28.500000,12160800.000000
2026-05-26,28.600000,28.646000,28.379999,28.620001,5289100.000000
2026-05-27,28.610001,28.930000,28.590000,28.629999,7171900.000000
2026-05-28,28.559999,28.660000,28.209999,28.330000,7815900.000000
2026-05-29,28.230000,28.340000,28.010000,28.219999,13106200.000000
2026-06-01,28.084999,28.200001,27.719999,27.770000,9498900.000000
2026-06-02,27.780001,27.834999,27.400000,27.540001,7990000.000000
2026-06-03,27.440001,27.809999,27.240000,27.280001,8906700.000000
2026-06-04,27.580000,27.750000,27.010000,27.209999,6734200.000000
