date,open,high,low,close,volume
2018-08-02,9.929268,9.939218,9.929268,9.939218,21000.000000
2018-08-03,9.939218,9.939218,9.939218,9.939218,0.000000
2018-08-06,10.038710,10.038710,9.899421,9.909370,6600.000000
2018-08-07,9.899422,9.899422,9.899422,9.899422,500.000000
2018-08-08,9.899422,9.899422,9.899422,9.899422,0.000000
2018-08-09,9.849675,9.849675,9.849675,9.849675,500.000000
2018-08-10,9.849676,10.307337,9.799931,9.799931,4100.000000
2018-08-13,9.799929,9.854649,9.750183,9.760133,710800.000000
2018-08-14,10.695355,10.715254,9.750184,9.750184,50100.000000
2018-08-15,9.799931,9.829778,9.789981,9.799931,524700.000000
2018-08-16,9.799930,9.809878,9.799930,9.809878,22900.000000
2018-08-17,9.770083,9.780032,9.750185,9.780032,402100.000000
2018-08-20,9.780032,9.780032,9.780032,9.780032,0.000000
2018-08-21,9.750184,9.750184,9.750184,9.750184,2100.000000
2018-08-22,9.785006,9.785006,9.750184,9.750184,24800.000000
2018-08-23,9.760133,9.799929,9.700437,9.760133,334300.000000
2018-08-24,9.750184,9.750184,9.750184,9.750184,100000.000000
2018-08-27,9.750184,9.750184,9.700438,9.700438,2381000.000000
2018-08-28,9.710387,9.710387,9.670590,9.700438,685100.000000
2018-08-29,9.747199,9.750184,9.720337,9.750184,52600.000000
2018-08-30,9.750184,9.750184,9.750184,9.750184,300.000000
2018-08-31,9.700437,9.750183,9.680538,9.680538,10600.000000
2018-09-04,9.740234,9.740234,9.740234,9.740234,100.000000
2018-09-05,9.700438,9.750184,9.700438,9.750184,2100.000000
2018-09-06,9.750184,9.750184,9.750184,9.750184,3800.000000
2018-09-07,9.730287,9.730287,9.730287,9.730287,4300.000000
2018-09-10,9.700438,9.819828,9.700438,9.819828,125100.000000
2018-09-11,9.700438,9.700438,9.690488,9.700438,179800.000000
2018-09-12,9.700438,9.750184,9.700438,9.750184,483000.000000
2018-09-13,9.750184,9.750184,9.750184,9.750184,0.000000
2018-09-14,9.685514,9.750184,9.685514,9.750184,600.000000
2018-09-17,9.789980,9.789980,9.700438,9.700438,264600.000000
2018-09-18,9.720336,9.720336,9.700437,9.720336,7200.000000
2018-09-19,9.730287,9.789982,9.720338,9.730287,280800.000000
2018-09-20,9.700437,9.730284,9.680538,9.680538,47900.000000
2018-09-21,9.700438,9.720336,9.700438,9.700438,74300.000000
2018-09-24,9.730284,9.730284,9.720336,9.720336,400.000000
2018-09-25,9.691483,9.720336,9.691483,9.720336,47300.000000
2018-09-26,9.700437,9.700437,9.699442,9.699442,2300.000000
2018-09-27,9.700438,9.720336,9.700438,9.700438,9000.000000
2018-09-28,9.700438,9.720336,9.680539,9.700438,65400.000000
2018-10-01,9.699442,9.700438,9.665616,9.700438,8200.000000
2018-10-02,9.680538,9.710386,9.670590,9.680538,359600.000000
2018-10-03,9.683525,9.683525,9.683525,9.683525,800.000000
2018-10-04,9.690489,9.710388,9.670592,9.710388,62800.000000
2018-10-05,9.710387,9.710387,9.670590,9.670590,41300.000000
2018-10-08,9.670590,9.700438,9.670590,9.700438,2000.000000
2018-10-09,9.730285,9.730285,9.670590,9.670590,3300.000000
2018-10-10,9.670592,9.690490,9.650693,9.690490,391300.000000
2018-10-11,9.690490,9.690490,9.655668,9.690490,15900.000000
2018-10-12,9.680539,9.700438,9.680539,9.700438,284400.000000
2018-10-15,9.650691,9.700437,9.650691,9.680538,6200.000000
2018-10-16,9.700439,9.700439,9.650693,9.690490,10100.000000
2018-10-17,9.680539,9.700438,9.680539,9.700438,19000.000000
2018-10-18,9.707403,9.710388,9.707403,9.710388,400.000000
2018-10-19,9.720337,9.770082,9.690489,9.770082,2600.000000
2018-10-22,9.750184,9.750184,9.700438,9.700438,4900.000000
2018-10-23,9.710388,9.710388,9.653678,9.710388,1300.000000
2018-10-24,9.700438,9.700438,9.650692,9.650692,2600.000000
2018-10-25,9.650693,9.710388,9.650693,9.710388,700.000000
2018-10-26,9.700438,9.700438,9.650692,9.650692,5300.000000
2018-10-29,9.700438,9.700438,9.700438,9.700438,1000.000000
2018-10-30,9.717353,9.717353,9.690490,9.690490,8900.000000
2018-10-31,9.710387,9.710387,9.660641,9.660641,1000.000000
2018-11-01,9.660641,9.660641,9.660641,9.660641,100.000000
2018-11-02,9.710387,9.710387,9.660641,9.700438,1200.000000
2018-11-05,9.799930,9.799930,9.670590,9.670590,13800.000000
2018-11-06,9.720336,9.720336,9.650691,9.720336,4100.000000
2018-11-07,9.730285,9.770082,9.650692,9.650692,69300.000000
2018-11-08,9.700438,9.799930,9.650692,9.650692,279700.000000
2018-11-09,9.650693,9.799931,9.650693,9.789982,15300.000000
2018-11-12,9.787992,9.799931,9.780032,9.780032,3200.000000
2018-11-13,9.789980,9.789980,9.700438,9.700438,500.000000
2018-11-14,9.780031,9.799930,9.750184,9.750184,63900.000000
2018-11-15,9.750184,9.799930,9.750184,9.750184,1200.000000
2018-11-16,9.799931,9.799931,9.799931,9.799931,300.000000
2018-11-19,9.773066,9.789980,9.700438,9.700438,119400.000000
2018-11-20,9.789980,9.789980,9.760133,9.760133,7600.000000
2018-11-21,9.780031,9.780031,9.700438,9.700438,8800.000000
2018-11-23,9.780032,9.780032,9.760134,9.780032,900.000000
2018-11-26,9.780031,9.780031,9.700438,9.700438,15700.000000
2018-11-27,9.780031,10.008862,9.780031,10.008862,11300.000000
2018-11-28,9.799929,9.809878,9.760133,9.760133,2000.000000
2018-11-29,9.949167,9.949167,9.760134,9.819828,4300.000000
2018-11-30,9.819828,9.819828,9.799931,9.799931,2100.000000
2018-12-03,9.829778,9.849676,9.770082,9.770082,19700.000000
2018-12-04,9.929269,9.949168,9.770082,9.770082,1100.000000
2018-12-06,9.899422,9.899422,9.789981,9.799931,50500.000000
2018-12-07,9.799931,9.799931,9.710389,9.730287,62800.000000
2018-12-10,9.770081,9.829777,9.770081,9.829777,27000.000000
2018-12-11,9.809879,9.814854,9.755159,9.799931,52300.000000
2018-12-12,9.799930,9.819828,9.770082,9.819828,51100.000000
2018-12-13,9.780031,9.809879,9.750184,9.750184,20200.000000
2018-12-14,9.650692,9.799930,9.650692,9.670590,45700.000000
2018-12-17,9.700438,9.789980,9.700438,9.700438,2200.000000
2018-12-18,9.799930,9.799930,9.700438,9.700438,42700.000000
2018-12-19,9.780032,9.780032,9.760134,9.770082,10700.000000
2018-12-20,9.770082,9.770082,9.750184,9.750184,6800.000000
2018-12-21,9.750184,9.750184,9.750184,9.750184,212100.000000
2018-12-24,9.750184,9.750184,9.750184,9.750184,100.000000
2018-12-26,9.789981,9.789981,9.750184,9.750184,2300.000000
2018-12-27,9.740234,9.750183,9.680538,9.680538,2800.000000
2018-12-28,9.780030,9.780030,9.680538,9.680538,8600.000000
2018-12-31,9.720337,9.750184,9.680539,9.750184,21400.000000
2019-01-02,9.700438,9.780031,9.700438,9.700438,2300.000000
2019-01-03,9.700438,9.760133,9.700438,9.700438,1800.000000
2019-01-04,9.700439,9.740236,9.700439,9.730287,16000.000000
2019-01-07,9.730285,9.789980,9.730285,9.760133,18400.000000
2019-01-08,9.799930,9.829777,9.710387,9.750184,221400.000000
2019-01-09,9.760134,9.789981,9.730286,9.770082,25400.000000
2019-01-10,9.750183,9.799929,9.720336,9.720336,39900.000000
2019-01-11,9.799931,9.799931,9.720338,9.789982,35000.000000
2019-01-14,9.710388,9.799931,9.710388,9.780032,27100.000000
2019-01-15,9.789981,9.799931,9.741230,9.799931,16300.000000
2019-01-16,9.799929,9.809878,9.760133,9.760133,21600.000000
2019-01-17,9.799931,9.799931,9.760134,9.799931,400.000000
2019-01-18,9.795950,9.799931,9.770082,9.799931,326000.000000
2019-01-22,9.789982,9.800925,9.750185,9.780032,426900.000000
2019-01-23,9.819827,9.829777,9.819827,9.829777,400.000000
2019-01-24,9.770082,9.819828,9.770082,9.819828,395600.000000
2019-01-25,9.799930,9.819828,9.799930,9.809878,101100.000000
2019-01-28,9.809879,9.829777,9.809879,9.819828,103800.000000
2019-01-29,9.819828,9.849675,9.809878,9.809878,2400.000000
2019-01-30,9.819829,9.839727,9.819829,9.839727,4900.000000
2019-01-31,9.819828,9.879523,9.809879,9.819828,7200.000000
2019-02-01,9.899422,9.899422,9.899422,9.899422,700.000000
2019-02-04,9.869575,9.899422,9.780032,9.780032,92000.000000
2019-02-05,9.819828,9.819828,9.789981,9.809878,594400.000000
2019-02-06,9.829778,9.899422,9.819828,9.899422,6300.000000
2019-02-07,9.849676,9.899422,9.849676,9.899422,8800.000000
2019-02-08,9.879524,9.899422,9.879524,9.899422,1800.000000
2019-02-11,9.889472,9.889472,9.834752,9.889472,4000.000000
2019-02-12,9.879523,9.929268,9.879523,9.929268,51100.000000
2019-02-13,9.929269,9.929269,9.869575,9.879524,15100.000000
2019-02-14,9.869575,9.899422,9.839728,9.879524,600700.000000
2019-02-15,9.829778,9.899422,9.829778,9.839727,7400.000000
2019-02-19,9.899422,9.899422,9.839727,9.839727,3100.000000
2019-02-20,9.849675,9.849675,9.809878,9.809878,92700.000000
2019-02-21,9.899422,9.899422,9.899422,9.899422,2700.000000
2019-02-22,9.884498,9.889472,9.849675,9.849675,3000.000000
2019-02-25,9.849675,9.849675,9.849675,9.849675,100.000000
2019-02-26,9.879524,9.899422,9.859625,9.899422,3300.000000
2019-02-27,9.869575,9.899422,9.829778,9.879524,74000.000000
2019-02-28,9.879524,9.879524,9.879524,9.879524,0.000000
2019-03-01,9.899421,9.899421,9.889472,9.889472,23600.000000
2019-03-04,9.879524,9.899422,9.879524,9.899422,1400.000000
2019-03-05,9.879523,9.949167,9.879523,9.949167,488600.000000
2019-03-06,9.949168,9.979015,9.899422,9.979015,9300.000000
2019-03-07,9.949166,9.959116,9.919319,9.919319,52200.000000
2019-03-08,9.919319,9.919319,9.898426,9.919319,11600.000000
2019-03-11,9.899421,9.919320,9.899421,9.909370,140100.000000
2019-03-12,9.919321,9.919321,9.879524,9.879524,65800.000000
2019-03-13,9.919320,9.929269,9.899422,9.899422,513800.000000
2019-03-14,9.899422,9.919320,9.899422,9.899422,10200.000000
2019-03-15,9.889471,9.929268,9.889471,9.929268,800.000000
2019-03-18,9.919320,9.939218,9.919320,9.939218,8100.000000
2019-03-19,9.949167,9.949167,9.919319,9.929268,133700.000000
2019-03-20,9.933248,9.939217,9.919319,9.919319,127200.000000
2019-03-21,9.899421,9.909371,9.889472,9.889472,3800.000000
2019-03-22,9.939218,9.939218,9.889472,9.899422,198000.000000
2019-03-25,9.939217,9.939217,9.919319,9.919319,1800.000000
2019-03-26,9.939218,9.988964,9.939218,9.959117,238100.000000
2019-03-27,9.939218,9.969066,9.919320,9.939218,141400.000000
2019-03-28,9.979014,9.979014,9.944192,9.947177,800.000000
2019-03-29,9.965084,9.998912,9.949166,9.969065,122000.000000
2019-04-01,9.959116,9.959116,9.939218,9.939218,92600.000000
2019-04-02,9.959117,9.959117,9.939218,9.949167,31700.000000
2019-04-03,9.979013,9.979013,9.949166,9.969065,71100.000000
2019-04-04,9.979014,9.979014,9.919319,9.919319,361600.000000
2019-04-05,9.964092,9.979015,9.959117,9.959117,261200.000000
2019-04-08,10.008864,10.008864,9.968072,9.979015,1300.000000
2019-04-09,9.949167,9.949167,9.949167,9.949167,200.000000
2019-04-10,9.949167,9.969066,9.949167,9.949167,3100.000000
2019-04-11,9.964091,9.964091,9.939218,9.939218,700.000000
2019-04-12,9.998913,9.998913,9.949167,9.949167,4600.000000
2019-04-15,9.969065,10.018810,9.969065,10.018810,700.000000
2019-04-16,10.018810,10.018810,10.018810,10.018810,100.000000
2019-04-17,9.998914,9.998914,9.998914,9.998914,7100.000000
2019-04-18,9.998914,9.998914,9.998914,9.998914,0.000000
2019-04-22,9.968071,10.008863,9.959117,9.959117,286100.000000
2019-04-23,10.008862,10.028760,10.008862,10.008862,360300.000000
2019-04-24,10.018811,10.048659,10.014832,10.048659,54600.000000
2019-04-25,10.028760,10.028760,10.018811,10.028760,300700.000000
2019-04-26,10.068556,10.068556,10.068556,10.068556,500.000000
2019-04-29,10.011847,10.048659,10.011847,10.048659,326000.000000
2019-04-30,10.068556,10.068556,10.068556,10.068556,700.000000
2019-05-01,10.098403,10.098403,10.048658,10.068556,24200.000000
2019-05-02,10.068557,10.068557,10.048659,10.048659,700.000000
2019-05-03,10.048659,10.048659,10.048659,10.048659,800.000000
2019-05-06,9.998913,10.048659,9.998913,10.048659,53000.000000
2019-05-07,10.038709,10.038709,10.038709,10.038709,2200.000000
2019-05-08,10.058608,10.058608,10.058608,10.058608,200.000000
2019-05-09,10.048659,10.048659,10.008862,10.008862,2000.000000
2019-05-10,10.034730,10.034730,10.028760,10.028760,19700.000000
2019-05-13,9.998913,10.008862,9.998913,10.008862,300.000000
2019-05-14,10.037714,10.048659,10.028760,10.028760,4400.000000
2019-05-15,10.078507,10.078507,10.038710,10.048659,900.000000
2019-05-16,10.048659,10.048659,10.048659,10.048659,52100.000000
2019-05-17,10.048659,10.048659,10.048659,10.048659,100.000000
2019-05-20,10.038709,10.038709,10.038709,10.038709,5000.000000
2019-05-21,10.068556,10.068556,10.038709,10.038709,5700.000000
2019-05-22,10.048658,10.048658,10.038709,10.038709,7300.000000
2019-05-23,10.048659,10.048659,10.008862,10.008862,25100.000000
2019-05-24,10.028760,10.048658,10.018810,10.018810,755200.000000
2019-05-28,10.028760,10.048658,10.018810,10.018810,2406800.000000
2019-05-29,10.033735,10.038709,10.028760,10.028760,54800.000000
2019-05-30,10.088455,10.088455,10.018811,10.028760,342700.000000
2019-05-31,10.033735,10.038709,10.018811,10.028760,1500.000000
2019-06-03,10.138201,10.138201,10.048659,10.048659,39700.000000
2019-06-04,10.048659,10.048659,10.018811,10.048659,11900.000000
2019-06-05,10.048659,10.048659,10.048659,10.048659,400.000000
2019-06-06,10.034729,10.038709,10.018810,10.038709,3000.000000
2019-06-07,10.048659,10.048659,10.038710,10.048659,35200.000000
2019-06-10,10.045673,10.045673,10.038709,10.038709,28600.000000
2019-06-11,10.036718,10.036718,10.035723,10.035723,1000.000000
2019-06-12,10.048659,10.048659,10.048659,10.048659,10700.000000
2019-06-13,10.038709,10.048658,10.038709,10.038709,20600.000000
2019-06-14,10.038710,10.088456,10.038710,10.048659,3270100.000000
2019-06-17,10.048659,10.048659,10.048659,10.048659,0.000000
2019-06-18,10.048659,10.088456,10.048659,10.048659,700.000000
2019-06-19,10.048660,10.058608,10.048660,10.058608,500.000000
2019-06-20,10.058608,10.068557,10.058608,10.058608,1200.000000
2019-06-21,10.088456,10.138201,10.088456,10.138201,8700.000000
2019-06-24,10.128253,10.128253,10.098405,10.098405,11100.000000
2019-06-25,10.054629,10.108355,10.054629,10.078507,112200.000000
2019-06-26,10.088456,10.108354,10.088456,10.088456,301500.000000
2019-06-27,10.088455,10.118302,10.048658,10.068556,776500.000000
2019-06-28,10.078507,10.088456,10.048660,10.088456,9600.000000
2019-07-01,10.068557,10.068557,10.058608,10.058608,1800.000000
2019-07-02,10.088456,10.088456,10.048660,10.088456,46700.000000
2019-07-03,10.088456,10.088456,10.088456,10.088456,125200.000000
2019-07-05,10.088457,10.088457,10.078507,10.078507,95700.000000
2019-07-08,10.088457,10.138202,10.068558,10.108355,1561300.000000
2019-07-09,10.108353,10.113328,10.108353,10.113328,600.000000
2019-07-10,10.168048,10.168048,10.128252,10.148149,2800.000000
2019-07-11,10.158101,10.158101,10.108355,10.118304,107400.000000
2019-07-12,10.168050,10.168050,10.128253,10.128253,109800.000000
2019-07-15,10.138201,10.138201,10.138201,10.138201,10100.000000
2019-07-16,10.138201,10.138201,10.138201,10.138201,100.000000
2019-07-17,10.098405,10.098405,10.098405,10.098405,155000.000000
2019-07-18,10.058609,10.148151,10.058609,10.108355,2091500.000000
2019-07-19,10.038710,10.158100,10.038710,10.128253,4600.000000
2019-07-22,10.148149,10.148149,10.148149,10.148149,200.000000
2019-07-23,10.148149,10.148149,10.148149,10.148149,100.000000
2019-07-24,10.108353,10.158099,10.108353,10.158099,1500.000000
2019-07-25,10.217796,10.217796,10.078507,10.128253,162800.000000
2019-07-26,10.197896,10.197896,10.108354,10.177998,50700.000000
2019-07-29,10.088456,10.187947,10.088456,10.168049,20200.000000
2019-07-30,10.168050,10.197897,10.148151,10.197897,34900.000000
2019-07-31,10.197896,10.197896,10.118303,10.138201,40400.000000
2019-08-01,10.048658,10.187946,10.048658,10.148149,226400.000000
2019-08-02,10.217796,10.217796,10.098405,10.197897,62600.000000
2019-08-05,10.177998,10.197897,10.128253,10.128253,600.000000
2019-08-06,10.197896,10.197896,10.168049,10.168049,21000.000000
2019-08-07,10.078507,10.197897,10.078507,10.128253,57600.000000
2019-08-08,10.118304,10.168050,10.118304,10.128253,5800.000000
2019-08-09,10.048659,10.197896,10.048659,10.138201,19600.000000
2019-08-12,10.048659,10.197896,10.048659,10.138201,19600.000000
2019-08-13,10.128253,10.197896,10.128253,10.177998,10800.000000
2019-08-14,10.158100,10.197897,10.158100,10.197897,1900.000000
2019-08-15,10.168050,10.187948,10.158101,10.187948,13800.000000
2019-08-16,10.177999,10.187948,10.177999,10.187948,1400.000000
2019-08-19,10.187948,10.237694,10.187948,10.192923,10100.000000
2019-08-20,10.197895,10.197895,10.068556,10.068556,9300.000000
2019-08-21,10.197897,10.197897,10.197897,10.197897,100.000000
2019-08-22,10.187948,10.197897,10.118304,10.197897,7200.000000
2019-08-23,10.173024,10.177998,10.143176,10.143176,6400.000000
2019-08-26,10.148150,10.187947,10.138201,10.168049,121800.000000
2019-08-27,10.237692,10.237692,10.148149,10.148149,900.000000
2019-08-28,10.148150,10.148150,10.138201,10.138201,2200.000000
2019-08-29,10.141187,10.141187,10.118304,10.118304,800.000000
2019-08-30,10.148151,10.197897,10.148151,10.197897,1200.000000
2019-09-03,10.148150,10.197896,10.133227,10.177998,124900.000000
2019-09-04,10.187948,10.187948,10.180984,10.180984,600.000000
2019-09-05,10.177998,10.177998,10.177998,10.177998,300.000000
2019-09-06,10.168049,10.168049,10.138201,10.138201,206200.000000
2019-09-09,10.138201,10.148150,10.138201,10.138201,383500.000000
2019-09-10,10.168049,10.168049,10.138201,10.138201,300.000000
2019-09-11,10.138200,10.148149,10.138200,10.148149,10200.000000
2019-09-12,10.177997,10.187946,10.138200,10.148149,4300.000000
2019-09-13,10.148152,10.187948,10.148152,10.187948,59600.000000
2019-09-16,10.158099,10.177997,10.148150,10.168049,392900.000000
2019-09-17,10.138201,10.177997,10.138201,10.168049,4000.000000
2019-09-18,10.168049,10.168049,10.148150,10.168049,29500.000000
2019-09-19,10.197896,10.197896,10.168049,10.168049,24800.000000
2019-09-20,10.148150,10.227743,10.148150,10.227743,333100.000000
2019-09-23,10.337186,10.337186,10.177998,10.197897,57400.000000
2019-09-24,10.177998,10.187947,10.158100,10.177998,26100.000000
2019-09-25,10.197898,10.197898,10.187948,10.187948,2900.000000
2019-09-26,10.197896,10.237692,10.168048,10.217794,106400.000000
2019-09-27,10.217794,10.217794,10.197896,10.217794,8700.000000
2019-09-30,10.217794,10.217794,10.148149,10.148149,1100.000000
2019-10-01,10.197896,10.197896,10.177998,10.177998,2300.000000
2019-10-02,10.148150,10.197896,10.148150,10.168049,1300.000000
2019-10-03,10.187947,10.187947,10.177998,10.177998,50800.000000
2019-10-04,10.168048,10.217794,10.168048,10.217794,107500.000000
2019-10-07,10.227744,10.227744,10.187948,10.197897,20600.000000
2019-10-08,10.177998,10.177998,10.168049,10.177998,1100.000000
2019-10-09,10.177998,10.197896,10.177998,10.177998,234200.000000
2019-10-10,10.177999,10.187948,10.168050,10.187948,12200.000000
2019-10-11,10.177998,10.177998,10.177998,10.177998,400.000000
2019-10-14,10.177998,10.197896,10.177998,10.177998,74600.000000
2019-10-15,10.197896,10.247642,10.168049,10.168049,128500.000000
2019-10-16,10.227745,10.227745,10.187948,10.187948,4700.000000
2019-10-17,10.192921,10.197896,10.148150,10.168049,263000.000000
2019-10-18,10.168049,10.168049,10.168049,10.168049,100.000000
2019-10-21,10.168050,10.187948,10.168050,10.187948,1500.000000
2019-10-22,10.187948,10.187948,10.187948,10.187948,404000.000000
2019-10-23,10.187946,10.247642,10.187946,10.217794,660200.000000
2019-10-24,10.217794,10.217794,10.217794,10.217794,76200.000000
2019-10-25,10.197896,10.247642,10.187946,10.217794,450600.000000
2019-10-28,10.235703,10.235703,10.197896,10.217794,54300.000000
2019-10-29,10.217794,10.217794,10.217794,10.217794,0.000000
2019-10-30,10.222768,10.227743,10.222768,10.227743,200.000000
2019-10-31,10.227743,10.227743,10.217794,10.217794,1400.000000
2019-11-01,10.217794,10.217794,10.217794,10.217794,100.000000
2019-11-04,10.217794,10.217794,10.217794,10.217794,100.000000
2019-11-05,10.187948,10.197898,10.187948,10.187948,52100.000000
2019-11-06,10.217794,10.217794,10.217794,10.217794,10000.000000
2019-11-07,10.217794,10.217794,10.217794,10.217794,0.000000
2019-11-08,10.217796,10.227745,10.187948,10.187948,45600.000000
2019-11-11,10.187948,10.187948,10.187948,10.187948,0.000000
2019-11-12,10.207846,10.207846,10.187947,10.202871,2231700.000000
2019-11-13,10.187948,10.197898,10.177999,10.187948,1602300.000000
2019-11-14,10.187948,10.207847,10.187948,10.187948,126100.000000
2019-11-15,10.187947,10.227743,10.177997,10.227743,27800.000000
2019-11-18,10.187948,10.197898,10.177999,10.187948,20700.000000
2019-11-19,10.187948,10.187948,10.187948,10.187948,5000.000000
2019-11-20,10.187948,10.187948,10.187948,10.187948,100.000000
2019-11-21,10.197897,10.197897,10.197897,10.197897,27200.000000
2019-11-22,10.177998,10.197897,10.177998,10.197897,500.000000
2019-11-25,10.227744,10.227744,10.177998,10.177998,1650800.000000
2019-11-26,10.187947,10.187947,10.177998,10.177998,5000.000000
2019-11-27,10.177998,10.177998,10.177998,10.177998,0.000000
2019-11-29,10.177998,10.177998,10.177998,10.177998,0.000000
2019-12-02,10.207847,10.297390,10.195908,10.297390,2611000.000000
2019-12-03,10.307335,10.327234,10.292412,10.327234,411600.000000
2019-12-04,10.307335,10.347132,10.307335,10.327234,151500.000000
2019-12-05,10.327236,10.327236,10.297388,10.322261,5000.000000
2019-12-06,10.327236,10.337185,10.327236,10.337185,2900.000000
2019-12-09,10.347134,10.401855,10.337186,10.396880,665100.000000
2019-12-10,10.655558,10.993830,10.536168,10.566015,20965500.000000
2019-12-11,10.774949,11.043577,10.645610,10.983882,8038900.000000
2019-12-12,11.043575,11.441542,10.983880,11.013727,6818900.000000
2019-12-13,11.043576,11.083373,10.854542,10.884389,1196200.000000
2019-12-16,10.944082,10.983879,10.784896,10.844590,372400.000000
2019-12-17,10.884389,10.983881,10.745102,10.834644,1448400.000000
2019-12-18,10.794847,10.844592,10.745101,10.794847,256800.000000
2019-12-19,10.784896,10.844591,10.755049,10.804794,295600.000000
2019-12-20,10.794846,10.954033,10.794846,10.924185,2357300.000000
2019-12-23,10.924185,10.973931,10.864490,10.894338,223900.000000
2019-12-24,10.884387,10.944082,10.794845,10.844590,275700.000000
2019-12-26,10.894338,10.907272,10.844592,10.864491,501700.000000
2019-12-27,10.894338,10.924186,10.844592,10.884389,809900.000000
2019-12-30,10.954033,10.954033,10.844592,10.864491,421200.000000
2019-12-31,10.894336,10.983879,10.894336,10.973929,1540500.000000
2020-01-02,11.063473,11.232609,10.954032,11.162965,1033800.000000
2020-01-03,11.133118,11.212712,11.073424,11.182864,646300.000000
2020-01-06,11.113220,11.325137,11.113220,11.262457,954000.000000
2020-01-07,11.192813,11.441542,11.192813,11.351999,1311300.000000
2020-01-08,11.342048,11.421641,11.302252,11.391794,1258800.000000
2020-01-09,11.441542,11.769865,11.421643,11.690271,3353900.000000
2020-01-10,11.769866,11.819612,11.461442,11.610680,3927900.000000
2020-01-13,11.521137,11.710172,11.501239,11.610680,1175900.000000
2020-01-14,11.680321,11.769864,11.590779,11.640525,564700.000000
2020-01-15,11.690269,11.799710,11.570879,11.650473,1517700.000000
2020-01-16,11.640527,11.849459,11.610680,11.610680,684500.000000
2020-01-17,11.640525,11.640525,11.342050,11.342050,1550800.000000
2020-01-21,11.531085,11.630576,11.411695,11.441543,1932700.000000
2020-01-22,11.461441,11.660424,11.441542,11.531085,1907400.000000
2020-01-23,11.491288,11.693256,11.351999,11.640525,2965800.000000
2020-01-24,11.640523,12.098185,11.640523,11.849456,3502700.000000
2020-01-27,11.769863,12.217575,11.710169,12.098186,4482000.000000
2020-01-28,12.088239,12.645392,12.088239,12.446409,2480500.000000
2020-01-29,12.436458,12.884170,12.336966,12.565797,2262300.000000
2020-01-30,12.675239,12.784680,12.386713,12.426510,1207000.000000
2020-01-31,12.406612,12.436460,12.217578,12.336967,2144000.000000
2020-02-03,12.336965,12.446406,12.245433,12.317067,1195100.000000
2020-02-04,12.406613,12.804579,12.287223,12.625494,1775000.000000
2020-02-05,12.635443,12.764783,12.416561,12.724986,1138600.000000
2020-02-06,12.705087,13.471173,12.555849,12.794629,2820800.000000
2020-02-07,13.083155,13.132901,12.630468,12.814528,475700.000000
2020-02-10,13.132901,13.361733,12.814528,12.933918,738000.000000
2020-02-11,13.680106,13.680106,12.446409,12.685189,2963500.000000
2020-02-12,12.675239,13.083155,12.436460,12.436460,1178300.000000
2020-02-13,12.595646,12.846365,12.386714,12.605596,1863800.000000
2020-02-14,13.033410,13.112008,12.734935,12.933918,2181800.000000
2020-02-18,12.933916,13.431375,12.933916,13.272188,3368500.000000
2020-02-19,13.381631,13.431377,13.272191,13.391581,1836400.000000
2020-02-20,13.341834,13.431376,12.834426,12.933918,2199000.000000
2020-02-21,13.272188,13.272188,12.635441,12.784679,2137000.000000
2020-02-24,12.028544,12.705088,12.028544,12.625494,2670200.000000
2020-02-25,12.774731,12.998587,12.137984,12.436460,3332900.000000
2020-02-26,12.814527,12.884170,12.167830,12.257373,2051500.000000
2020-02-27,12.137982,12.506101,11.590778,11.779813,3491200.000000
2020-02-28,11.332102,11.939001,11.053525,11.730068,2810000.000000
2020-03-02,11.740016,11.874330,11.182862,11.700219,1710000.000000
2020-03-03,11.839508,11.849457,10.814744,11.083372,3235500.000000
2020-03-04,11.292306,11.570882,11.013728,11.182864,3358000.000000
2020-03-05,11.063473,11.063473,10.416777,10.436675,3424900.000000
2020-03-06,10.257592,10.287439,9.541252,9.949167,3305500.000000
2020-03-09,8.456793,10.844592,8.456793,9.899422,3629600.000000
2020-03-10,10.038710,11.287331,9.979015,11.043576,3061800.000000
2020-03-11,10.615762,10.894339,10.197897,10.595863,2294000.000000
2020-03-12,10.168048,10.347132,8.576181,8.655774,4272800.000000
2020-03-13,9.153233,9.620845,8.009080,8.854758,4997600.000000
2020-03-16,7.849892,7.849892,6.665941,7.690706,5696100.000000
2020-03-17,7.760350,7.760350,6.466958,7.213146,2917700.000000
2020-03-18,6.715688,6.725637,4.974583,5.541686,5092500.000000
2020-03-19,5.621279,7.083807,4.725854,6.725637,3926000.000000
2020-03-20,6.626145,7.362383,6.616196,7.322587,3384100.000000
2020-03-23,7.083807,7.302689,5.979449,6.725637,3538400.000000
2020-03-24,7.073858,7.640960,7.053960,7.640960,3403000.000000
2020-03-25,7.660858,9.103487,7.252942,8.874657,1863700.000000
2020-03-26,8.606029,8.954251,8.536386,8.834861,2393600.000000
2020-03-27,8.436894,8.436894,7.700655,8.178216,2577800.000000
2020-03-30,8.148368,8.297606,7.949385,8.098623,1332700.000000
2020-03-31,7.979232,8.665724,7.770299,8.606029,1628800.000000
2020-04-01,8.496591,8.596083,7.869793,8.028979,2206300.000000
2020-04-02,8.019031,8.366257,7.879742,8.088675,1339200.000000
2020-04-03,8.058825,8.128469,7.621062,7.859842,1483100.000000
2020-04-06,8.038927,8.710496,8.009080,8.556284,1415700.000000
2020-04-07,8.974150,9.232828,8.058827,8.098623,1974700.000000
2020-04-08,8.188163,8.685621,8.148366,8.456791,1550600.000000
2020-04-09,8.755268,9.312421,8.705522,9.143285,2207500.000000
2020-04-13,8.924402,9.710386,8.904503,9.600945,2202400.000000
2020-04-14,9.670590,10.317286,9.670590,9.829777,2254300.000000
2020-04-15,9.650692,9.964091,9.193030,9.670590,1091500.000000
2020-04-16,9.720337,10.098404,9.620845,9.949167,1551100.000000
2020-04-17,10.277489,10.546117,10.023785,10.227743,2105700.000000
2020-04-20,10.078507,10.546119,9.799931,10.207847,865800.000000
2020-04-21,10.028760,10.267540,9.710387,9.929268,2111300.000000
2020-04-22,10.068557,10.297388,9.789981,9.949167,1884500.000000
2020-04-23,9.959115,10.327234,9.819827,10.038709,981000.000000
2020-04-24,10.177998,10.416779,9.988965,10.207847,753700.000000
2020-04-27,10.347135,10.516271,10.158101,10.317287,1096800.000000
2020-04-28,10.446626,10.755051,10.048660,10.396880,1192000.000000
2020-04-29,10.655559,10.804796,10.446626,10.595863,1242400.000000
2020-04-30,10.575965,10.779923,10.008863,10.536168,1567000.000000
2020-05-01,10.367031,10.536167,9.770081,10.237692,2055300.000000
2020-05-04,10.347132,10.347132,9.929267,10.038709,1527400.000000
2020-05-05,10.078506,10.446625,10.048658,10.347133,2763700.000000
2020-05-06,9.799931,10.814745,9.670591,10.595863,4518500.000000
2020-05-07,10.973931,11.302254,10.735152,10.814745,2720500.000000
2020-05-08,10.904288,11.342051,10.844592,10.954034,2308600.000000
2020-05-11,11.172914,11.740017,11.003779,11.481339,2556400.000000
2020-05-12,11.580830,11.740017,11.421643,11.501237,1971700.000000
2020-05-13,11.471390,11.590780,11.013728,11.182864,2783000.000000
2020-05-14,11.013728,11.580831,10.695355,11.531085,1927100.000000
2020-05-15,11.441540,11.570879,11.222658,11.391794,1591700.000000
2020-05-18,11.690269,12.187728,11.381845,11.650473,2161800.000000
2020-05-19,11.630576,12.118086,11.590779,11.690271,1527600.000000
2020-05-20,11.939000,12.376763,11.899204,11.909153,2236500.000000
2020-05-21,11.948950,12.237476,11.710170,11.958899,2635400.000000
2020-05-22,11.998698,12.118087,11.919103,12.008646,2370700.000000
2020-05-26,12.406612,12.516053,12.147933,12.426510,3573400.000000
2020-05-27,12.685188,12.685188,12.242451,12.386713,3815200.000000
2020-05-28,12.486205,12.734934,12.187730,12.486205,1189100.000000
2020-05-29,12.366815,12.764781,12.058390,12.665289,3242400.000000
2020-06-01,12.685188,13.540816,12.665289,13.242342,2224700.000000
2020-06-02,13.202545,13.590562,13.033409,13.401528,2440400.000000
2020-06-03,13.530868,13.933809,13.371681,13.849241,2661900.000000
2020-06-04,13.630359,13.998478,13.401528,13.570664,2451900.000000
2020-06-05,13.889036,14.346698,13.610460,13.928833,2638000.000000
2020-06-08,14.157665,14.953599,13.978581,14.784463,7791500.000000
2020-06-09,14.615327,14.973497,14.088021,14.147717,2446200.000000
2020-06-10,14.207411,14.466090,14.008428,14.147717,2268700.000000
2020-06-11,13.709951,13.948732,13.371679,13.471171,2480500.000000
2020-06-12,13.879086,14.476036,13.826356,14.187510,2562200.000000
2020-06-15,13.889038,14.242233,13.799495,14.167614,2419600.000000
2020-06-16,14.466090,14.764565,14.257157,14.416344,2556100.000000
2020-06-17,14.535733,14.535733,13.859190,14.088020,4404800.000000
2020-06-18,13.948733,14.366597,13.948733,14.197462,5284400.000000
2020-06-19,14.267107,14.396447,13.690056,13.749750,5114600.000000
2020-06-22,13.709952,13.824368,13.093104,13.411477,7418200.000000
2020-06-23,13.700002,13.938782,13.361730,13.510967,7218300.000000
2020-06-24,13.411474,13.585585,12.973712,13.122949,2230400.000000
2020-06-25,13.122950,13.202544,12.605594,12.914018,2936700.000000
2020-06-26,12.943867,13.093105,12.028544,12.207629,16064100.000000
2020-06-29,12.356866,13.043358,12.048441,13.043358,2720700.000000
2020-06-30,13.073205,13.570663,12.724984,13.491070,3386500.000000
2020-07-01,13.431376,13.968631,13.302036,13.898987,3589000.000000
2020-07-02,14.097970,14.097970,13.839291,13.998478,2013100.000000
2020-07-06,14.217360,14.277055,13.804469,13.898987,1592700.000000
2020-07-07,13.859192,13.859192,13.441326,13.550767,2169300.000000
2020-07-08,13.540816,13.898987,13.540816,13.759698,3022300.000000
2020-07-09,13.749750,13.928835,13.396555,13.809445,2176400.000000
2020-07-10,13.849242,13.938784,13.610462,13.829343,1746900.000000
2020-07-13,13.928833,13.948732,13.341832,13.471171,3101800.000000
2020-07-14,13.381630,13.819394,13.381630,13.779597,1694500.000000
2020-07-15,13.928833,13.948732,13.829341,13.928833,3458900.000000
2020-07-16,13.879089,13.973607,13.744775,13.809445,1537400.000000
2020-07-17,13.869139,14.257157,13.839292,14.167614,2680800.000000
2020-07-20,14.336750,14.495937,13.869139,13.918885,1466700.000000
2020-07-21,13.948734,14.048225,13.769649,13.809445,1519100.000000
2020-07-22,13.779598,13.779598,13.471173,13.690055,2370200.000000
2020-07-23,13.670154,13.819392,13.441324,13.491070,2122800.000000
2020-07-24,13.431374,13.510967,13.142848,13.510967,1550900.000000
2020-07-27,13.491071,13.620409,13.381629,13.590562,947900.000000
2020-07-28,13.471172,13.655232,13.441324,13.481121,1183900.000000
2020-07-29,13.540815,13.948732,13.540815,13.928833,1137500.000000
2020-07-30,13.709952,14.217359,13.630358,14.177563,1261600.000000
2020-07-31,14.227308,14.495935,13.998477,14.426291,1462100.000000
2020-08-03,14.585479,15.023243,14.575530,14.933701,3192500.000000
2020-08-04,15.162532,15.470956,14.754616,15.122735,2256100.000000
2020-08-05,16.625059,17.142416,16.346483,16.804144,4644400.000000
2020-08-06,16.863843,16.903639,16.018163,16.336536,3011200.000000
2020-08-07,16.346479,16.684751,16.296732,16.406174,1753200.000000
2020-08-10,16.555413,17.042922,16.555413,16.794193,2350200.000000
2020-08-11,16.993179,17.023027,16.605162,16.684755,2344400.000000
2020-08-12,15.948518,16.421102,15.550550,15.679890,4869500.000000
2020-08-13,16.346479,16.625055,16.018157,16.575310,12446500.000000
2020-08-14,16.605165,16.714604,16.207198,16.217146,2871700.000000
2020-08-17,16.237039,16.341505,15.669937,15.669937,4364600.000000
2020-08-18,15.669938,15.849023,15.421208,15.421208,3634400.000000
2020-08-19,15.421208,15.719683,15.341615,15.600293,3102800.000000
2020-08-20,15.550550,16.286789,15.371464,16.117653,3072500.000000
2020-08-21,15.998262,16.097754,15.819177,15.829126,4479200.000000
2020-08-24,15.928615,16.460896,15.928615,16.416124,3710200.000000
2020-08-25,16.445975,16.953383,16.445975,16.833992,2553800.000000
2020-08-26,16.784244,16.963327,16.485768,16.654903,1933000.000000
2020-08-27,16.694702,16.883735,16.336532,16.664854,1988300.000000
2020-08-28,16.824040,16.973277,16.366379,16.416124,1167100.000000
2020-08-31,16.475823,16.605164,15.928620,16.147501,1802700.000000
2020-09-01,16.147498,16.605161,15.978363,16.356432,1393600.000000
2020-09-02,16.416123,16.595208,16.147495,16.555410,1696100.000000
2020-09-03,16.426076,16.505670,15.689838,15.878872,2272500.000000
2020-09-04,15.918672,16.266893,15.421213,16.018164,2199500.000000
2020-09-08,16.127598,16.580287,15.809226,16.266888,2792800.000000
2020-09-09,16.346484,16.903637,16.346484,16.764349,2324900.000000
2020-09-10,17.003127,17.371245,16.710621,16.824041,2899800.000000
2020-09-11,16.923533,17.122515,16.648935,16.863838,1451200.000000
2020-09-14,17.112570,17.500587,17.052874,17.450842,2518200.000000
2020-09-15,17.908500,17.908500,17.425965,17.570229,2277400.000000
2020-09-16,17.610028,17.848807,17.480687,17.490637,2337900.000000
2020-09-17,17.291649,17.739363,17.107590,17.311548,2589600.000000
2020-09-18,17.430938,17.679668,17.301598,17.520481,11179600.000000
2020-09-21,17.142414,17.191164,16.664854,16.863838,3094400.000000
2020-09-22,16.993179,17.102620,16.595213,16.883738,1667700.000000
2020-09-23,16.883734,16.948405,16.371353,16.644955,2038900.000000
2020-09-24,16.545461,16.729522,16.207191,16.555410,1479700.000000
2020-09-25,16.654906,16.814092,16.366381,16.734499,1291000.000000
2020-09-28,17.023027,17.122517,16.679780,16.883738,1916500.000000
2020-09-29,16.913585,17.122516,16.754398,17.042923,2273800.000000
2020-09-30,16.993175,17.440888,16.943430,17.231955,2140600.000000
2020-10-01,17.490635,17.809008,17.231956,17.809008,3281600.000000
2020-10-02,17.172265,17.948301,17.152366,17.500587,2072500.000000
2020-10-05,17.749314,18.007993,17.510534,17.709517,4075400.000000
2020-10-06,17.789109,18.107484,17.595101,17.749313,2456100.000000
2020-10-07,17.918449,18.132356,17.709516,18.007992,2521100.000000
2020-10-08,18.147281,18.306467,17.908501,18.047789,1661500.000000
2020-10-09,18.147284,18.273639,17.853783,17.948301,1036000.000000
2020-10-12,18.077640,18.152259,17.744342,17.888605,1562100.000000
2020-10-13,17.729418,17.998046,17.669724,17.838860,1520500.000000
2020-10-14,18.336314,18.549225,18.107483,18.216923,2604400.000000
2020-10-15,17.928398,18.405958,17.809008,18.236822,2096500.000000
2020-10-16,18.405961,18.495504,18.206977,18.246775,3381800.000000
2020-10-19,18.764133,18.833777,18.117436,18.226877,3165700.000000
2020-10-20,18.266674,18.744233,18.246775,18.415911,1919300.000000
2020-10-21,18.535299,18.779055,18.386062,18.475605,2029900.000000
2020-10-22,18.535300,18.983013,18.505454,18.953165,2900700.000000
2020-10-23,18.903417,19.085487,18.356213,18.744230,2237500.000000
2020-10-26,18.525350,18.555196,17.948298,18.077637,3688100.000000
2020-10-27,18.057734,18.187074,17.619970,17.828903,2147800.000000
2020-10-28,17.450840,17.809009,17.416016,17.510534,1650400.000000
2020-10-29,17.649826,17.908505,17.425969,17.848810,1506700.000000
2020-10-30,17.749311,17.918447,17.231954,17.560276,2097100.000000
2020-11-02,17.799058,18.037838,17.202110,17.321499,3679800.000000
2020-11-03,17.530433,17.818958,17.182212,17.510534,2448000.000000
2020-11-04,17.560281,18.555198,17.152365,17.261806,3915700.000000
2020-11-05,17.838853,18.007989,17.122512,17.192158,2086200.000000
2020-11-06,17.231956,17.361296,16.794192,16.873785,2642700.000000
2020-11-09,17.779167,17.888607,16.764351,16.814096,3974400.000000
2020-11-10,16.814092,16.913584,16.560389,16.734499,2996200.000000
2020-11-11,16.873788,17.261806,16.737485,17.261806,1742100.000000
2020-11-12,17.381196,17.520486,16.973280,17.222010,1927800.000000
2020-11-13,17.878653,18.107485,17.560280,17.898552,16417800.000000
2020-11-16,18.157233,18.376114,17.848809,18.177132,6663700.000000
2020-11-17,18.077636,18.535297,18.017942,18.316416,3459800.000000
2020-11-18,18.356213,18.575094,17.998042,18.007992,4945000.000000
2020-11-19,18.097532,18.560168,17.918447,18.445753,2605800.000000
2020-11-20,18.326365,18.624839,18.306466,18.525349,2086600.000000
2020-11-23,18.704435,18.898446,18.614893,18.873571,2501500.000000
2020-11-24,18.943216,19.052656,18.396011,18.545248,3199400.000000
2020-11-25,18.445755,18.813873,18.197026,18.734280,1766600.000000
2020-11-27,18.843724,18.893469,18.629816,18.754181,831200.000000
2020-11-30,18.754181,19.052655,18.425858,18.614891,2224000.000000
2020-12-01,18.684573,19.317678,18.475528,19.301750,6334900.000000
2020-12-02,19.321660,19.490886,18.863754,19.301750,2584300.000000
2020-12-03,19.311705,19.660112,19.008093,19.152433,3120000.000000
2020-12-04,19.311701,19.660109,19.152430,19.660109,1927900.000000
2020-12-07,19.699931,19.699931,19.112616,19.301750,2415700.000000
2020-12-08,19.580474,19.819382,19.311703,19.819382,3607800.000000
2020-12-09,19.948796,20.048340,18.659690,18.833893,4283800.000000
2020-12-10,18.575073,19.062843,18.575073,18.943390,3212300.000000
2020-12-11,18.913525,19.321659,18.863753,18.893616,3147000.000000
2020-12-14,19.013071,19.166369,18.535256,18.943390,2983100.000000
2020-12-15,19.132525,19.172343,18.843845,18.913527,2411100.000000
2020-12-16,18.744301,18.888642,18.475529,18.664665,3401600.000000
2020-12-17,18.774163,19.381385,18.629822,19.192251,4416100.000000
2020-12-18,19.281844,19.500842,18.888641,19.102663,4474300.000000
2020-12-21,18.863756,19.112619,18.794073,18.923483,2361700.000000
2020-12-22,19.023026,19.082752,18.590004,18.873707,2289100.000000
2020-12-23,18.963298,19.018048,18.799050,18.913527,1814900.000000
2020-12-24,18.804027,18.969271,18.794072,18.843845,506000.000000
2020-12-28,19.032981,19.072798,18.550188,18.565119,2069500.000000
2020-12-29,18.634800,18.698510,18.326211,18.415802,1927700.000000
2020-12-30,18.415803,18.724392,18.356077,18.505394,1942100.000000
2020-12-31,18.565118,18.724390,18.385937,18.585028,1724300.000000
2021-01-04,18.674618,18.754254,18.256530,18.435711,3548500.000000
2021-01-05,18.375985,18.565121,18.002691,18.067396,3283300.000000
2021-01-06,18.087303,18.336165,17.848396,18.166939,4894500.000000
2021-01-07,18.455619,18.565117,18.017621,18.186848,3248200.000000
2021-01-08,18.137076,18.385938,17.798623,17.987759,6194900.000000
2021-01-11,17.888217,18.281420,17.863331,17.997717,3522900.000000
2021-01-12,18.047485,18.356075,18.047485,18.286394,4936900.000000
2021-01-13,18.306301,18.614891,18.057439,18.604937,5570400.000000
2021-01-14,18.784117,18.913525,18.515346,18.694527,6251700.000000
2021-01-15,18.545210,19.470977,18.545210,19.421206,4458400.000000
2021-01-19,19.699933,20.546063,19.510797,20.516201,7240600.000000
2021-01-20,21.053741,21.392194,20.526155,20.695381,10998700.000000
2021-01-21,20.794925,20.974107,20.038384,20.516201,6646700.000000
2021-01-22,20.436562,20.585879,19.759657,19.918928,3341100.000000
2021-01-25,19.908976,20.177748,19.590433,20.108067,3258100.000000
2021-01-26,20.366881,20.864606,20.366881,20.615744,4830700.000000
2021-01-27,20.227519,20.227519,19.490888,19.600388,7543900.000000
2021-01-28,19.769615,20.108068,19.281845,19.928886,4299100.000000
2021-01-29,19.918931,20.376837,19.550614,20.028431,4962000.000000
2021-02-01,20.327066,20.536110,19.819387,20.048340,4228300.000000
2021-02-02,20.157838,20.277293,19.889067,20.028431,3230300.000000
2021-02-03,20.058292,20.257383,19.470977,19.998566,2695600.000000
2021-02-04,20.088157,20.486336,19.928885,20.466427,2044600.000000
2021-02-05,20.605792,21.083606,20.516201,20.804880,2862100.000000
2021-02-08,20.964149,21.213011,20.884513,21.213011,3150900.000000
2021-02-09,21.183152,21.302605,20.775018,20.804880,1609500.000000
2021-02-10,20.874558,21.486759,20.595834,21.213011,2409500.000000
2021-02-11,21.372283,22.327914,20.886505,21.063694,2739700.000000
2021-02-12,20.934289,21.531556,20.934289,21.342422,2935400.000000
2021-02-16,21.501694,21.601239,21.018901,21.203058,3156700.000000
2021-02-17,21.003974,21.173200,20.595840,21.053745,2536000.000000
2021-02-18,20.844697,21.133377,20.585881,20.934288,2742200.000000
2021-02-19,21.113469,21.710738,21.033833,21.531557,3680600.000000
2021-02-22,21.402150,21.689834,21.163242,21.232924,2835200.000000
2021-02-23,20.436565,21.626126,19.809431,21.601240,5856800.000000
2021-02-24,19.908975,21.272741,19.381387,20.705334,9617200.000000
2021-02-25,21.302606,21.302606,19.859207,20.237476,7092600.000000
2021-02-26,20.396746,20.974106,20.122997,20.834743,4103400.000000
2021-03-01,20.904426,21.441969,20.625699,21.222969,9549700.000000
2021-03-02,21.203058,21.501694,20.710312,20.854652,4736400.000000
2021-03-03,20.984061,21.292650,20.625699,20.804880,4456200.000000
2021-03-04,20.675469,21.063693,19.122567,19.948792,8668900.000000
2021-03-05,20.167791,20.376834,18.873707,19.958746,7871400.000000
2021-03-08,20.008518,20.396743,19.406272,19.570520,4648400.000000
2021-03-09,20.038381,20.287244,19.734771,20.118017,4125900.000000
2021-03-10,20.317108,20.685425,20.093132,20.536106,3875500.000000
2021-03-11,20.904424,21.432013,20.804879,21.073650,5271700.000000
2021-03-12,20.904425,21.312559,20.804879,20.974106,2404500.000000
2021-03-15,21.133382,21.203063,20.794929,21.013929,3331500.000000
2021-03-16,20.974106,21.163242,20.137929,20.327065,3141800.000000
2021-03-17,19.978657,20.695381,19.978657,20.615744,3053100.000000
2021-03-18,20.496290,20.695380,20.118018,20.147882,3094600.000000
2021-03-19,20.058290,20.595833,19.899019,20.356926,4649400.000000
2021-03-22,20.267336,20.476379,19.869155,20.267336,3272600.000000
2021-03-23,20.267335,20.446516,19.386362,19.451067,3831200.000000
2021-03-24,19.461023,19.739749,19.052889,19.112617,2981800.000000
2021-03-25,18.913527,19.391342,18.445667,19.321661,5115100.000000
2021-03-26,19.411251,19.739749,19.187275,19.401297,6852400.000000
2021-03-29,19.381385,19.560566,18.998137,19.192251,4390700.000000
2021-03-30,19.202208,19.809430,18.823936,19.689978,7039600.000000
2021-03-31,19.859202,20.182722,19.630247,19.908974,3594800.000000
2021-04-01,20.098111,20.924334,19.928885,20.914379,4111700.000000
2021-04-05,21.153284,21.252829,20.705331,20.874557,2572200.000000
2021-04-06,20.854654,21.511650,20.665518,21.441969,3588800.000000
2021-04-07,21.432013,21.571375,20.984060,21.073650,2482000.000000
2021-04-08,21.909827,22.009372,21.073650,21.392193,2850800.000000
2021-04-09,21.272738,21.422055,21.133374,21.332464,1855300.000000
2021-04-12,21.232920,21.601237,21.215997,21.501692,1816400.000000
2021-04-13,21.561420,21.870009,21.397172,21.860054,3224600.000000
2021-04-14,21.899872,22.208461,21.870008,22.039234,4170700.000000
2021-04-15,22.248278,22.447367,22.118869,22.298050,6105000.000000
2021-04-16,22.457324,22.621573,22.178599,22.367733,3932100.000000
2021-04-19,22.218412,22.387639,22.009369,22.148731,3582300.000000
2021-04-20,22.148738,22.238329,21.232925,21.680878,4778500.000000
2021-04-21,21.591285,21.825214,21.432013,21.700783,2333200.000000
2021-04-22,21.929739,21.959601,21.581331,21.870010,2973900.000000
2021-04-23,22.029278,22.108914,21.651008,21.670918,2426500.000000
2021-04-26,21.690828,22.367731,21.690828,22.298050,4198600.000000
2021-04-27,22.298049,23.159112,22.108913,22.974955,4706000.000000
2021-04-28,23.054589,23.054589,22.308003,22.885363,6045100.000000
2021-04-29,23.154141,23.373139,22.785824,23.144186,3677800.000000
2021-04-30,22.925185,23.074502,22.522028,22.596687,2825100.000000
2021-05-03,22.825637,22.915227,22.402570,22.716137,2853400.000000
2021-05-04,22.427462,22.616596,22.188554,22.497143,3274200.000000
2021-05-05,22.556869,22.810710,22.362757,22.785822,2813000.000000
2021-05-06,22.765913,22.984911,22.283120,22.755959,2999800.000000
2021-05-07,22.775866,23.034683,22.626549,22.905275,2921400.000000
2021-05-10,22.905276,22.984912,22.477233,22.596687,1815000.000000
2021-05-11,22.218415,22.536958,22.098962,22.258234,1979800.000000
2021-05-12,22.079055,22.437418,21.631103,21.660967,2717200.000000
2021-05-13,21.800325,22.347823,21.760508,22.108913,1967400.000000
2021-05-14,22.228368,23.263635,22.118868,23.203907,2018600.000000
2021-05-17,23.114321,23.184004,22.845551,23.024731,2584900.000000
2021-05-18,23.024731,23.527434,22.945095,23.084459,1826500.000000
2021-05-19,22.905277,23.363182,22.527005,23.353228,2364500.000000
2021-05-20,23.502547,23.766340,23.343275,23.542364,2184000.000000
2021-05-21,23.781272,23.905703,23.522455,23.542364,2348000.000000
2021-05-24,23.741454,24.358631,23.571233,24.219269,2521200.000000
2021-05-25,24.209314,24.468131,23.935566,24.159542,3424300.000000
2021-05-26,24.358631,24.557721,23.990316,24.308859,2441200.000000
2021-05-27,24.298903,24.597537,24.129676,24.507948,2594700.000000
2021-05-28,24.587584,24.841423,24.512925,24.707037,2414600.000000
2021-06-01,24.866310,24.945946,24.577631,24.806583,2157000.000000
2021-06-02,24.806586,24.935993,24.557723,24.935993,2919100.000000
2021-06-03,24.826496,25.174904,24.517906,25.035540,2156900.000000
2021-06-04,25.194808,25.383944,24.886219,25.234627,2479100.000000
2021-06-07,25.393898,25.583034,25.214717,25.533260,3265100.000000
2021-06-08,25.592989,26.070806,25.299333,25.891624,2676400.000000
2021-06-09,25.981212,26.399301,25.712441,26.140484,4194700.000000
2021-06-10,26.140484,26.429163,25.782121,25.792076,2396200.000000
2021-06-11,25.891621,26.100664,25.772166,26.090710,1262800.000000
2021-06-14,26.140488,26.249988,25.722399,25.772171,2155800.000000
2021-06-15,25.802031,25.861757,25.573078,25.792076,1974200.000000
2021-06-16,25.871712,26.478937,25.871712,26.429163,4274000.000000
2021-06-17,26.339573,26.702914,25.981213,26.329620,3588600.000000
2021-06-18,25.891627,26.319671,25.811991,26.001127,2464000.000000
2021-06-21,26.050893,26.528708,25.941393,26.518753,1845900.000000
2021-06-22,26.528711,26.787528,26.314690,26.747711,1575800.000000
2021-06-23,26.777569,27.006521,26.683002,26.857204,1305400.000000
2021-06-24,26.976659,27.305157,26.827342,27.086157,1838000.000000
2021-06-25,27.145887,27.454475,26.926887,27.026432,3838100.000000
2021-06-28,26.996570,27.036387,26.618298,26.956751,1547200.000000
2021-06-29,26.986614,27.364884,26.936841,27.056295,1581100.000000
2021-06-30,27.185704,27.444520,27.086158,27.175749,2655600.000000
2021-07-01,27.145886,27.651574,26.976660,27.335020,2929000.000000
2021-07-02,27.414662,27.444524,26.748706,26.827347,1858700.000000
2021-07-06,26.936841,27.514201,26.747707,27.484339,1759400.000000
2021-07-07,27.514201,27.683427,26.707888,26.906979,2032300.000000
2021-07-08,26.478935,27.285248,26.040937,27.066250,2056400.000000
2021-07-09,27.185703,27.305158,26.877115,27.265339,1180800.000000
2021-07-12,27.205615,27.454477,27.106070,27.305161,1312600.000000
2021-07-13,27.275293,27.509225,27.096112,27.125977,1237600.000000
2021-07-14,27.300182,27.404705,26.319666,26.538664,2081100.000000
2021-07-15,26.419212,26.792505,26.205190,26.369438,2480600.000000
2021-07-16,26.638210,26.722822,26.359484,26.439119,1848900.000000
2021-07-19,26.070804,26.508801,25.921487,26.508801,2177200.000000
2021-07-20,26.578481,27.255385,26.578481,27.036386,2200600.000000
2021-07-21,27.026436,27.603796,27.026436,27.534115,2594000.000000
2021-07-22,27.583885,27.623704,27.086160,27.315115,1822700.000000
2021-07-23,27.195662,27.678455,27.195662,27.613750,970300.000000
2021-07-26,27.663521,27.812837,27.335021,27.384794,1184900.000000
2021-07-27,27.374839,27.573930,27.106068,27.544065,2186600.000000
2021-07-28,27.195658,27.658542,26.309709,27.484339,2797600.000000
2021-07-29,27.812838,28.320517,27.643612,28.001972,2570800.000000
2021-07-30,28.061703,28.211020,27.887498,27.912386,2066600.000000
2021-08-02,27.952203,28.041794,27.554024,27.603796,2362500.000000
2021-08-03,27.723245,28.131379,27.474383,27.872562,2921600.000000
2021-08-04,27.832748,28.111474,27.444523,27.494297,1626100.000000
2021-08-05,27.394749,27.494295,27.016478,27.225523,2566600.000000
2021-08-06,27.275295,27.534112,27.066252,27.135933,2168200.000000
2021-08-09,27.086160,27.434568,26.897026,27.394751,2363500.000000
2021-08-10,27.414658,27.544065,26.837296,26.906979,2207800.000000
2021-08-11,26.847249,27.016475,26.230072,26.897022,3030900.000000
2021-08-12,26.946796,27.414658,26.802455,27.335020,2756500.000000
2021-08-13,27.305158,27.344975,26.887070,27.026432,1027400.000000
2021-08-16,27.086161,27.125980,26.717846,26.797482,1590800.000000
2021-08-17,26.628256,26.877118,26.508801,26.837299,1616300.000000
2021-08-18,26.857209,27.225526,26.678028,26.827347,1424600.000000
2021-08-19,26.658115,26.956748,26.459024,26.468979,1458600.000000
2021-08-20,26.429162,27.011501,26.429162,26.956751,1584300.000000
2021-08-23,27.165796,27.295204,27.011501,27.165796,1690000.000000
2021-08-24,27.265341,27.583884,27.245434,27.394751,1252000.000000
2021-08-25,27.344975,27.643611,27.260363,27.544065,1671000.000000
2021-08-26,27.613746,27.802882,27.524156,27.773018,1085500.000000
2021-08-27,27.872566,28.385222,27.753112,28.161247,856300.000000
2021-08-30,28.240884,28.634085,28.191110,28.420063,1116000.000000
2021-08-31,28.420064,28.589290,27.972113,28.041794,889900.000000
2021-09-01,28.141338,28.290655,27.922338,28.230928,1011500.000000
2021-09-02,28.380243,28.668922,28.312552,28.459879,961100.000000
2021-09-03,28.390199,28.589287,27.987041,28.061701,730000.000000
2021-09-07,28.051748,28.161248,27.852658,27.912386,1030500.000000
2021-09-08,26.578485,26.887074,25.592989,25.871716,5216800.000000
2021-09-09,25.563126,25.802034,24.716995,24.955902,5095000.000000
2021-09-10,25.055444,25.174899,24.388494,24.418358,3810000.000000
2021-09-13,23.890773,24.378542,23.542365,23.860909,4860100.000000
2021-09-14,23.910679,23.960451,23.383091,23.532408,3141700.000000
2021-09-15,23.462727,23.631953,23.298479,23.442818,3112300.000000
2021-09-16,23.452772,23.985337,23.393046,23.890770,2947800.000000
2021-09-17,23.910679,24.089860,23.537386,23.621998,4570500.000000
2021-09-20,23.213863,23.751406,22.984910,23.751406,2993200.000000
2021-09-21,23.890771,23.925611,23.457751,23.582182,2078600.000000
2021-09-22,23.636931,23.995292,23.562272,23.890770,1708100.000000
2021-09-23,23.980361,24.388495,23.895747,24.000271,3519200.000000
2021-09-24,23.890765,23.961441,23.631948,23.721539,2126100.000000
2021-09-27,23.622000,24.064974,23.582183,24.040089,3350000.000000
2021-09-28,23.890773,24.030135,23.298481,23.572229,2479400.000000
2021-09-29,23.651861,24.358629,23.592134,24.169495,3017900.000000
2021-09-30,24.209315,24.443246,23.960453,23.980362,4069800.000000
2021-10-01,23.980361,24.507950,23.587159,24.428314,3352600.000000
2021-10-04,24.657269,24.687131,23.412958,23.651865,3431500.000000
2021-10-05,23.641910,23.756386,22.994868,23.024731,3387300.000000
2021-10-06,22.895321,23.044638,22.697227,22.965002,1911300.000000
2021-10-07,22.984910,23.343272,22.920205,23.014774,1660900.000000
2021-10-08,23.094413,23.094413,22.308008,22.327917,2343500.000000
2021-10-11,22.218416,22.357778,21.969553,22.168644,2803400.000000
2021-10-12,22.178600,22.387643,21.471830,21.611193,3381300.000000
2021-10-13,21.700781,21.879962,21.232921,21.760509,4905500.000000
2021-10-14,21.939691,22.885366,21.899872,22.755959,3530900.000000
2021-10-15,22.974957,23.293500,22.676323,22.815685,1928700.000000
2021-10-18,22.716136,23.343270,22.706181,23.114315,2785600.000000
2021-10-19,23.263637,23.562271,23.074501,23.273590,1703700.000000
2021-10-20,23.492591,23.492591,23.089434,23.363182,1218000.000000
2021-10-21,23.243728,23.711588,23.174047,23.691679,1465200.000000
2021-10-22,23.821087,24.179449,23.691678,23.960449,2415300.000000
2021-10-25,23.920634,24.239178,23.716567,24.099813,1751600.000000
2021-10-26,24.308859,24.373564,23.920635,23.940542,1876300.000000
2021-10-27,24.249131,25.075353,23.870860,24.577629,4845700.000000
2021-10-28,24.935991,26.105645,24.428314,25.583035,3870600.000000
2021-10-29,25.373988,25.667645,25.204762,25.563124,2092100.000000
2021-11-01,25.702486,26.026007,25.204761,25.931438,5267900.000000
2021-11-02,24.796632,25.274447,24.569669,25.035540,13370900.000000
2021-11-03,25.055445,25.836872,24.726947,25.692532,7516400.000000
2021-11-04,25.831898,27.121004,25.737329,26.827347,4065100.000000
2021-11-05,26.956752,27.544067,26.807435,27.504248,5864200.000000
2021-11-08,27.643612,27.842701,27.335022,27.414660,3972700.000000
2021-11-09,27.394750,27.424612,26.673049,26.847252,1638100.000000
2021-11-10,26.807435,27.215569,26.339573,26.538664,1580700.000000
2021-11-11,26.668074,26.986617,26.459029,26.578484,1647400.000000
2021-11-12,26.588438,26.717847,26.249987,26.588438,2112900.000000
2021-11-15,26.926889,27.160820,26.658119,26.797482,2419700.000000
2021-11-16,26.687986,26.986621,26.623283,26.717850,2365600.000000
2021-11-17,26.707888,26.797478,26.493866,26.638206,908400.000000
2021-11-18,26.678022,26.717841,26.160390,26.468979,5429400.000000
2021-11-19,26.429161,27.106067,26.289799,26.857204,2201100.000000
2021-11-22,27.086156,27.205611,26.180298,26.468979,2552400.000000
2021-11-23,26.240031,26.399302,25.025582,25.503399,5577000.000000
2021-11-24,26.110618,26.160392,25.364032,26.120573,1777600.000000
2021-11-26,25.712444,25.981215,25.373991,25.662672,1458200.000000
2021-11-29,26.060851,26.140487,25.453627,25.871716,1388400.000000
2021-11-30,25.722339,25.881672,25.104923,25.533131,2968000.000000
2021-12-01,25.811964,26.085817,24.537298,24.597050,3421100.000000
2021-12-02,24.796215,25.533131,24.666758,25.533131,3097100.000000
2021-12-03,25.662588,25.921504,25.124838,25.403671,1476100.000000
2021-12-06,25.383755,25.772129,24.557214,25.722338,2578600.000000
2021-12-07,26.180424,26.782902,26.041006,26.449297,3742700.000000
2021-12-08,26.608626,26.927294,26.359668,26.648460,1648400.000000
2021-12-09,26.469215,26.648465,25.792049,25.881674,2272600.000000
2021-12-10,25.941423,26.130632,25.336955,25.672550,1405400.000000
2021-12-13,25.592878,25.851792,25.294127,25.343920,1558200.000000
2021-12-14,24.696628,24.796212,23.720713,24.238546,3494300.000000
2021-12-15,24.293319,25.004342,24.178799,24.915714,1504700.000000
2021-12-16,25.184591,25.403673,23.750592,23.919884,1907200.000000
2021-12-17,23.720717,24.253487,23.053509,23.850176,3752600.000000
2021-12-20,23.421967,23.730674,23.232758,23.690842,2400100.000000
2021-12-21,23.899966,24.178799,23.651008,24.089174,1101100.000000
2021-12-22,24.059297,24.168839,23.601215,23.880047,1619100.000000
2021-12-23,24.039382,24.841027,23.880049,24.756382,1208700.000000
2021-12-27,24.796215,24.955548,24.447673,24.875881,1398500.000000
2021-12-28,24.836049,24.875881,24.318216,24.597050,1282300.000000
2021-12-29,24.597051,25.015300,24.477550,24.895800,1106300.000000
2021-12-30,24.895798,25.249318,24.895798,25.075048,2279300.000000
2021-12-31,24.985426,25.134800,24.816134,24.865925,1349500.000000
2022-01-03,25.065088,25.065088,23.924860,24.278379,4275100.000000
2022-01-04,24.158884,24.266434,23.451842,23.820301,2508200.000000
2022-01-05,23.730674,23.800382,22.635258,22.744801,3887900.000000
2022-01-06,22.699988,23.402049,22.316592,23.302465,2417000.000000
2022-01-07,23.382133,23.670925,22.436094,22.456009,4071600.000000
2022-01-10,22.406217,23.451840,22.246884,23.441883,2855500.000000
2022-01-11,23.407030,23.880051,23.252678,23.870092,2299700.000000
2022-01-12,24.069255,24.188756,23.302465,23.810339,2179300.000000
2022-01-13,23.969672,24.094151,23.621131,23.670923,2507700.000000
2022-01-14,23.521549,23.670923,22.774675,23.192924,1810500.000000
2022-01-18,22.794593,23.063468,22.366385,22.635260,2087100.000000
2022-01-19,22.754758,23.033590,22.226967,22.296675,3156400.000000
2022-01-20,22.291698,22.963884,21.868469,21.888386,1784000.000000
2022-01-21,21.878430,21.997931,21.231140,21.251057,2037800.000000
2022-01-24,20.932388,21.908303,20.452396,21.828636,2565900.000000
2022-01-25,21.519932,21.649389,20.618703,21.121597,1641500.000000
2022-01-26,21.350635,21.519927,20.396628,20.544010,2274300.000000
2022-01-27,20.783010,21.012051,19.488428,19.578053,3074100.000000
2022-01-28,19.558136,19.976385,19.030346,19.966427,2054600.000000
2022-01-31,19.976387,20.842762,19.966429,20.773054,2576800.000000
2022-02-01,20.962265,21.191308,20.394641,21.022017,2720900.000000
2022-02-02,21.151470,21.490053,21.022012,21.241095,2412600.000000
2022-02-03,20.812888,21.320763,20.768076,20.842764,4568800.000000
2022-02-04,20.842762,21.380510,20.618700,21.241095,2645400.000000
2022-02-07,21.280926,21.997925,21.231134,21.529884,3592600.000000
2022-02-08,21.589637,22.505802,21.589637,22.426136,3952700.000000
2022-02-09,22.774675,23.003716,22.366382,22.724882,1580100.000000
2022-02-10,22.336510,22.983801,22.202073,22.316593,1350100.000000
2022-02-11,22.316595,22.446054,20.872637,21.051888,1771800.000000
2022-02-14,20.922430,21.251054,20.514139,20.733221,1553600.000000
2022-02-15,21.161428,21.609553,21.002095,21.589636,1348500.000000
2022-02-16,21.500011,22.117425,21.330719,21.868467,1166700.000000
2022-02-17,21.579678,21.644408,20.583846,20.603764,1210500.000000
2022-02-18,20.703346,21.101678,20.344846,20.384678,1685300.000000
2022-02-22,20.135720,20.265180,19.433659,19.488430,2898600.000000
2022-02-23,12.069481,12.597272,10.705192,12.328398,44348900.000000
2022-02-24,11.432149,12.507648,11.262859,12.338357,17918800.000000
2022-02-25,12.338357,13.334189,12.273628,13.144980,17192100.000000
2022-02-28,12.886064,13.334189,12.766564,12.965732,7558800.000000
2022-03-01,12.826315,12.935857,12.507650,12.537524,7668200.000000
2022-03-02,12.567398,12.686898,11.825504,11.949983,7589400.000000
2022-03-03,11.969899,12.008736,11.362441,11.452066,6230000.000000
2022-03-04,11.382360,11.481942,10.346695,10.525944,8436600.000000
2022-03-07,10.635486,10.665361,9.988195,10.008112,10042700.000000
2022-03-08,10.057903,10.267027,9.550028,10.147527,6391600.000000
2022-03-09,10.486110,11.053735,10.431340,10.874485,7174900.000000
2022-03-10,10.555817,11.442107,10.426359,11.342525,6141800.000000
2022-03-11,11.491901,11.925088,11.432150,11.790650,6518900.000000
2022-03-14,11.760776,11.949983,10.929256,11.083610,5718300.000000
2022-03-15,11.113485,11.870317,10.909339,11.840443,5581900.000000
2022-03-16,11.969898,12.497689,11.959940,12.268647,5783100.000000
2022-03-17,12.159107,13.334188,12.104336,13.164897,5278000.000000
2022-03-18,12.985647,13.563229,12.985647,13.344146,4513500.000000
2022-03-21,13.627961,13.722565,12.801420,12.985649,6229400.000000
2022-03-22,13.025482,13.553273,12.955774,13.364065,7609900.000000
2022-03-23,13.085233,13.503482,12.925899,13.055357,5698400.000000
2022-03-24,13.085230,13.154938,12.512626,12.726730,4380100.000000
2022-03-25,12.666983,12.866149,12.089400,12.796441,4676100.000000
2022-03-28,12.806399,13.095190,12.457858,12.995607,4792600.000000
2022-03-29,13.344149,13.792274,13.244566,13.583149,5330700.000000
2022-03-30,13.294356,13.702647,13.284397,13.652855,4587900.000000
2022-03-31,13.742479,14.190604,13.632937,13.941646,5565200.000000
2022-04-01,14.668603,15.131665,14.300146,14.519229,6237100.000000
2022-04-04,14.280230,14.469438,13.871939,14.429605,3067100.000000
2022-04-05,14.519229,14.549104,13.697668,13.792273,4378600.000000
2022-04-06,13.463649,13.687710,13.218674,13.603065,2471000.000000
2022-04-07,13.583148,13.852022,13.184815,13.413857,3169500.000000
2022-04-08,13.354105,13.682730,13.234605,13.483563,3341000.000000
2022-04-11,13.244565,13.543315,12.866149,12.905982,3885500.000000
2022-04-12,13.035440,13.194773,12.208899,12.318440,4140800.000000
2022-04-13,12.268649,13.065314,12.268649,13.065314,2575000.000000
2022-04-14,12.980667,13.110126,12.288565,12.328398,3012600.000000
2022-04-18,12.179026,12.338360,11.795631,12.009735,3221700.000000
2022-04-19,12.029649,13.164897,11.890232,13.015522,4146700.000000
2022-04-20,13.144982,13.214691,12.821337,12.846232,4125400.000000
2022-04-21,12.995607,13.065315,12.248733,12.388149,3047800.000000
2022-04-22,12.258690,12.323418,11.521774,11.581524,3708400.000000
2022-04-25,11.452069,12.039610,11.242944,12.009735,5055500.000000
2022-04-26,11.910149,11.989815,11.462025,11.491899,4863400.000000
2022-04-27,12.701836,13.164898,12.338358,12.816357,6304400.000000
2022-04-28,12.925896,13.035438,12.049565,12.706814,4641000.000000
2022-04-29,12.607230,13.075271,12.418022,12.477772,3632000.000000
2022-05-02,12.427982,12.856190,12.109316,12.557440,3397600.000000
2022-05-03,12.427981,12.871127,12.363253,12.696856,1929800.000000
2022-05-04,12.676939,13.264480,12.203919,13.234605,2342300.000000
2022-05-05,13.075273,13.075273,12.159107,12.457857,3199200.000000
2022-05-06,12.328399,12.358273,11.745837,12.159107,2076300.000000
2022-05-09,11.800608,11.860357,11.093567,11.113483,2664500.000000
2022-05-10,11.342527,11.511819,9.998153,10.008112,6103500.000000
2022-05-11,9.848778,10.376568,9.569944,10.127610,5569900.000000
2022-05-12,9.838819,10.635485,9.838819,10.396484,4539800.000000
2022-05-13,10.695234,11.417212,10.595651,11.252900,3724800.000000
2022-05-16,11.173234,11.262859,10.675318,10.745026,2216900.000000
2022-05-17,11.113483,11.422191,10.989004,11.362441,2745800.000000
2022-05-18,11.163276,11.531734,10.804777,10.874485,2734300.000000
2022-05-19,10.794818,11.541692,10.794818,10.934234,4873700.000000
2022-05-20,11.073651,11.133401,10.555818,10.794818,5960200.000000
2022-05-23,10.814734,10.954150,10.506026,10.745026,3019000.000000
2022-05-24,10.645443,10.645443,9.803966,10.207277,4667700.000000
2022-05-25,10.207277,10.371589,9.629694,10.197318,7147600.000000
2022-05-26,10.296902,11.213068,10.227194,10.814734,5967000.000000
2022-05-27,11.023859,11.457046,10.944193,11.392317,5822300.000000
2022-05-31,11.442109,11.442109,10.894401,10.944193,5310600.000000
2022-06-01,10.874484,11.113484,9.958319,10.296902,9220400.000000
2022-06-02,10.356652,11.003943,10.272006,10.814734,8995800.000000
2022-06-03,10.645444,10.894402,10.157486,10.824694,14598500.000000
2022-06-06,11.143358,11.322608,10.804776,10.974068,6891400.000000
2022-06-07,10.824692,11.402274,10.754984,11.362441,5971600.000000
2022-06-08,11.163275,11.282775,10.685276,10.904359,5353100.000000
2022-06-09,10.814734,10.814734,10.436318,10.446277,4997600.000000
2022-06-10,10.167445,10.286944,9.978237,10.047945,5388900.000000
2022-06-13,9.669527,9.848777,9.360819,9.370777,6325300.000000
2022-06-14,9.420569,9.569944,9.131778,9.320986,6433100.000000
2022-06-15,9.410611,10.023047,9.320986,9.649611,5400000.000000
2022-06-16,9.291112,9.410612,8.877842,9.002321,5474900.000000
2022-06-17,9.032197,9.286134,8.962489,9.141739,4339700.000000
2022-06-21,9.311029,9.311029,8.992362,9.151695,4084500.000000
2022-06-22,8.882821,9.266217,8.882821,9.151695,4048000.000000
2022-06-23,9.171612,9.390695,8.982404,9.380736,2701600.000000
2022-06-24,9.510194,10.227193,9.490277,10.187359,9564700.000000
2022-06-27,10.276985,10.356651,9.848778,9.958319,3144800.000000
2022-06-28,10.008110,10.262047,9.515173,9.550027,2000700.000000
2022-06-29,9.480321,9.515175,8.882821,8.902738,4448900.000000
2022-06-30,8.693612,8.753362,8.116030,8.185739,8105700.000000
2022-07-01,8.125988,8.504404,8.056280,8.255446,5359500.000000
2022-07-05,8.086153,8.574110,7.727654,8.564153,4408700.000000
2022-07-06,8.514361,8.763319,8.394861,8.603986,8316100.000000
2022-07-07,8.713528,9.201486,8.613945,9.131778,3638900.000000
2022-07-08,9.081986,9.241319,8.902736,8.992361,1969900.000000
2022-07-11,8.842987,8.962487,8.574112,8.643821,3211800.000000
2022-07-12,8.564154,8.967466,8.514363,8.643821,3344200.000000
2022-07-13,8.414778,8.603986,8.225570,8.355028,2941100.000000
2022-07-14,8.135947,8.474530,8.086155,8.394863,2942800.000000
2022-07-15,8.594030,8.992363,8.355031,8.902738,3447500.000000
2022-07-18,9.091945,9.126799,8.713528,8.753362,2239100.000000
2022-07-19,8.982404,9.490278,8.892779,9.470362,2674100.000000
2022-07-20,9.569944,10.197318,9.569944,10.127610,3432300.000000
2022-07-21,10.077817,10.416400,10.047942,10.326775,2135500.000000
2022-07-22,10.396483,10.745025,10.301880,10.565775,3593600.000000
2022-07-25,10.515985,10.650422,10.237152,10.416402,2204700.000000
2022-07-26,10.326777,10.376569,10.137569,10.207277,1502300.000000
2022-07-27,10.396486,10.476153,10.237153,10.456236,2043700.000000
2022-07-28,10.725110,10.982034,10.486110,10.934234,2028700.000000
2022-07-29,10.894400,11.382359,10.834651,11.372400,2963100.000000
2022-08-01,11.183192,11.526754,11.033817,11.402275,2515200.000000
2022-08-02,11.242942,11.949982,11.242942,11.720942,4071700.000000
2022-08-03,11.591483,12.393127,10.685275,11.940023,9989300.000000
2022-08-04,12.149148,13.374021,11.949981,13.115105,6395900.000000
2022-08-05,12.726733,12.945816,12.432962,12.776525,4955400.000000
2022-08-08,12.965732,13.403898,12.856190,12.915940,3033500.000000
2022-08-09,12.676939,12.676939,11.860357,12.109315,5297800.000000
2022-08-10,12.617191,12.915941,12.139191,12.905982,4786900.000000
2022-08-11,13.085233,13.344148,12.686900,12.776525,3215200.000000
2022-08-12,13.005567,13.483566,12.826317,13.463650,3879600.000000
2022-08-15,13.364065,13.622981,13.045399,13.284398,3469700.000000
2022-08-16,13.095188,13.593104,13.015522,13.334188,4084900.000000
2022-08-17,12.935857,13.194774,12.671962,13.055357,3508300.000000
2022-08-18,13.055357,13.194774,12.856191,13.005567,2982500.000000
2022-08-19,12.786483,12.915941,12.248734,12.278608,2441800.000000
2022-08-22,11.910151,12.213880,11.785672,11.999776,4354400.000000
2022-08-23,11.999776,12.139192,11.890234,11.999776,2899900.000000
2022-08-24,12.069482,12.268648,11.930065,12.159107,1583300.000000
2022-08-25,12.338357,12.597273,12.188982,12.457857,2570600.000000
2022-08-26,12.427984,12.427984,11.740860,11.780693,2808500.000000
2022-08-29,11.501860,12.049568,11.472980,11.830484,2213400.000000
2022-08-30,11.979858,12.119274,11.531734,11.701025,1515300.000000
2022-08-31,11.760776,11.820525,11.257881,11.481942,3630000.000000
2022-09-01,11.302692,11.481941,10.954151,11.442108,4762200.000000
2022-09-02,11.671150,11.671150,11.103525,11.163276,2851000.000000
2022-09-06,11.223026,11.242942,10.969089,11.133401,1548100.000000
2022-09-07,11.093565,11.790647,11.053732,11.661189,1378400.000000
2022-09-08,11.471984,12.208899,11.471984,12.179024,2343000.000000
2022-09-09,12.328399,13.393939,12.328399,13.314273,4838400.000000
2022-09-12,13.194773,13.463648,13.080253,13.374023,4121400.000000
2022-09-13,12.786481,13.125064,12.587315,12.666982,3496900.000000
2022-09-14,12.617192,13.045400,12.169068,13.005567,4740900.000000
2022-09-15,12.866148,13.299334,12.836273,12.965732,2073900.000000
2022-09-16,12.607233,12.637107,12.064504,12.278608,3532400.000000
2022-09-19,12.049566,12.502670,12.009733,12.457857,2385200.000000
2022-09-20,12.268648,12.383169,12.029648,12.149148,2641800.000000
2022-09-21,12.248733,12.368232,11.651233,11.701025,2627800.000000
2022-09-22,11.631317,11.710984,10.934234,10.984026,5368400.000000
2022-09-23,10.486111,10.695236,9.719321,9.908528,4132200.000000
2022-09-26,9.779068,10.207276,9.599819,9.749193,5170900.000000
2022-09-27,9.938402,10.157485,9.555007,9.639653,3914100.000000
2022-09-28,9.669528,10.416401,9.629694,10.296902,2642400.000000
2022-09-29,9.948360,10.047944,9.440486,9.649611,2322900.000000
2022-09-30,9.619736,10.052923,9.560982,9.679486,2685600.000000
2022-10-03,9.888611,11.596463,9.848778,11.203109,7401600.000000
2022-10-04,11.611401,12.268650,11.521776,11.910151,4771200.000000
2022-10-05,11.571566,12.004753,11.327587,11.940023,3558000.000000
2022-10-06,11.930067,12.169067,11.720943,11.810567,3685000.000000
2022-10-07,11.571566,11.710983,10.874484,10.904359,2473300.000000
2022-10-10,10.964110,11.312650,10.939213,11.193151,5607900.000000
2022-10-11,11.103526,11.282776,10.725111,11.033818,6192100.000000
2022-10-12,11.063693,11.183193,10.784860,10.864527,3354300.000000
2022-10-13,10.396485,10.989006,10.192340,10.834652,9816700.000000
2022-10-14,10.874482,11.098544,10.167441,10.177400,4166000.000000
2022-10-17,10.466194,10.839631,10.416402,10.814734,5278400.000000
2022-10-18,11.302693,11.531733,11.183192,11.432150,16244000.000000
2022-10-19,11.282776,11.422193,11.053735,11.352484,8678400.000000
2022-10-20,12.089400,13.120085,12.029649,12.318440,11496700.000000
2022-10-21,12.258690,13.329209,12.119274,13.154939,5760900.000000
2022-10-24,13.204732,13.832106,12.935857,13.722564,4174400.000000
2022-10-25,13.832106,14.300146,13.792272,14.071105,5039100.000000
2022-10-26,14.160729,14.688520,13.632938,14.539145,7201100.000000
2022-10-27,15.186436,15.674394,14.429604,14.728354,6037500.000000
2022-10-28,14.718395,14.947437,14.096000,14.897645,4651600.000000
2022-10-31,14.817979,14.967353,14.195584,14.250355,4395200.000000
2022-11-01,14.588938,14.867772,14.140814,14.778147,4321200.000000
2022-11-02,14.658646,14.788105,13.991439,14.021314,3673200.000000
2022-11-03,13.742481,14.305125,13.682730,13.861980,5025900.000000
2022-11-04,14.250354,14.344957,13.583146,14.120895,3230800.000000
2022-11-07,14.768186,14.877728,13.946625,14.539145,3503300.000000
2022-11-08,14.569019,14.753248,14.220478,14.598894,3478600.000000
2022-11-09,14.300146,14.698479,14.155751,14.578979,3066500.000000
2022-11-10,15.534978,15.998040,15.086853,15.216311,5087200.000000
2022-11-11,15.345770,15.953228,15.196396,15.295979,3802000.000000
2022-11-14,15.076894,15.381618,14.857811,14.867769,2306400.000000
2022-11-15,15.365686,15.674393,14.379812,14.638728,5622600.000000
2022-11-16,14.379813,14.529188,13.329211,13.822147,5325600.000000
2022-11-17,13.463647,14.041229,13.403897,13.931687,3607900.000000
2022-11-18,14.130855,14.180647,13.513439,13.782314,2389400.000000
2022-11-21,13.732523,14.140814,13.603065,13.971522,2597400.000000
2022-11-22,14.011354,14.130854,13.518417,13.752439,2076400.000000
2022-11-23,13.772356,14.026293,13.762398,13.802231,1497400.000000
2022-11-25,13.772357,13.896836,13.543316,13.682732,1138800.000000
2022-11-28,13.433773,14.001397,12.970711,13.045399,2479200.000000
2022-11-29,13.115159,13.224785,12.985602,13.155023,1933700.000000
2022-11-30,13.214819,13.862604,13.035432,13.802809,2282900.000000
2022-12-01,14.201445,14.525337,14.002127,14.151615,2557100.000000
2022-12-02,13.832705,14.869161,13.772909,14.709706,3201300.000000
2022-12-05,14.440627,14.565201,14.111751,14.301105,2045500.000000
2022-12-06,14.370866,14.440627,13.772910,13.882536,3117100.000000
2022-12-07,13.822741,13.987179,13.444036,13.613457,2911900.000000
2022-12-08,13.762944,14.470524,13.654315,14.191478,2774200.000000
2022-12-09,14.121720,14.391796,13.593526,13.593526,2469000.000000
2022-12-12,13.533729,13.613456,13.289563,13.573592,2398700.000000
2022-12-13,14.231344,14.445611,13.708133,14.032025,2798900.000000
2022-12-14,13.962264,14.206429,13.723082,13.862604,1893800.000000
2022-12-15,13.523762,13.703149,13.090245,13.204853,1879200.000000
2022-12-16,13.035431,13.224784,12.846079,13.095227,4501500.000000
2022-12-19,13.115159,13.115159,12.567033,12.636795,2309400.000000
2022-12-20,12.507238,12.935772,12.287988,12.806216,1624400.000000
2022-12-21,12.955704,13.219801,12.866010,13.095227,1621200.000000
2022-12-22,12.875976,12.955704,12.487305,12.736453,1663200.000000
2022-12-23,12.726489,12.846080,12.507238,12.776318,1282300.000000
2022-12-27,12.806215,12.965669,12.517203,12.537134,2087400.000000
2022-12-28,12.586965,12.766352,12.258090,12.307920,1633200.000000
2022-12-29,12.537135,13.718098,12.537135,13.483898,3452000.000000
2022-12-30,13.214820,13.633389,13.194888,13.613457,2354000.000000
2023-01-03,13.812775,14.061923,13.164990,13.254683,3458300.000000
2023-01-04,13.463968,13.568609,13.095228,13.454001,2505300.000000
2023-01-05,13.304512,13.523762,13.095228,13.483898,2951600.000000
2023-01-06,13.693183,14.156598,13.483898,14.071888,2504700.000000
2023-01-09,14.211412,15.048550,14.151616,14.769504,4388600.000000
2023-01-10,14.669844,14.709708,13.997144,14.470526,2425000.000000
2023-01-11,14.649912,14.739606,14.321037,14.590117,1817900.000000
2023-01-12,14.659877,14.948889,14.430661,14.928957,1886400.000000
2023-01-13,14.769504,14.948891,14.615032,14.918993,1840500.000000
2023-01-17,14.899059,14.948889,14.709707,14.909025,1798000.000000
2023-01-18,14.968823,15.337562,14.415714,14.430662,2442900.000000
2023-01-19,14.171547,14.331002,13.864596,13.892501,2197000.000000
2023-01-20,14.061922,14.545270,13.853634,14.470526,1491000.000000
2023-01-23,14.600082,15.571761,14.560219,15.477084,4017500.000000
2023-01-24,15.487051,15.516948,15.063499,15.198039,2496700.000000
2023-01-25,14.759537,14.789435,14.241309,14.301105,3616400.000000
2023-01-26,14.560218,14.620014,13.598507,14.002127,4217200.000000
2023-01-27,13.852637,14.455576,13.812774,14.331002,3144100.000000
2023-01-30,14.041991,14.141649,13.728064,13.912434,1808100.000000
2023-01-31,13.982195,14.246292,13.842672,14.171548,2066500.000000
2023-02-01,14.131684,14.844248,13.932365,14.649912,2065700.000000
2023-02-02,14.879129,15.307664,14.789436,14.988754,2340500.000000
2023-02-03,14.580152,15.173125,14.425680,14.540288,3013600.000000
2023-02-06,14.271206,14.420696,14.032024,14.151615,3748500.000000
2023-02-07,14.241310,15.237903,14.136668,15.198039,4991300.000000
2023-02-08,15.038582,15.795993,14.928957,15.676401,5075000.000000
2023-02-09,15.995312,16.236488,15.387390,15.596675,3937700.000000
2023-02-10,15.506981,15.616605,14.311069,14.410728,3260200.000000
2023-02-13,14.420697,15.178107,14.301106,15.168141,2269400.000000
2023-02-14,14.998719,15.646503,14.854212,15.576742,2557300.000000
2023-02-15,15.576743,16.045142,15.387390,16.015244,3354500.000000
2023-02-16,15.686366,16.164730,15.566775,16.094969,2939900.000000
2023-02-17,15.766096,16.025210,15.616607,16.005278,3823900.000000
2023-02-21,15.776062,15.945483,15.148209,15.208005,4883400.000000
2023-02-22,16.952041,17.819076,15.183089,15.467118,11976700.000000
2023-02-23,15.845822,16.433812,15.487049,16.403913,7040300.000000
2023-02-24,16.184666,16.184666,15.337563,15.756132,3492300.000000
2023-02-27,15.975382,16.040159,15.626574,15.706302,2715300.000000
2023-02-28,15.606640,16.284323,15.571759,16.194630,3105900.000000
2023-03-01,16.114904,16.403914,15.927544,16.075039,3630400.000000
2023-03-02,15.726232,15.865756,15.546846,15.776062,3145900.000000
2023-03-03,15.825891,16.393950,15.691351,16.304256,3580800.000000
2023-03-06,16.334152,16.553403,15.965413,16.134834,3333600.000000
2023-03-07,16.085004,16.284323,15.736197,15.786027,1725800.000000
2023-03-08,15.815925,15.915585,15.626573,15.686368,2076900.000000
2023-03-09,15.815924,15.885685,15.297696,15.327594,2730100.000000
2023-03-10,15.337560,15.337560,14.012092,14.191478,4830100.000000
2023-03-13,13.892501,14.041990,13.444034,13.782876,4944600.000000
2023-03-14,14.141649,14.340968,13.728063,13.902467,3306200.000000
2023-03-15,13.384240,13.513797,12.861028,13.274614,3688700.000000
2023-03-16,13.055364,13.703149,12.985602,13.553660,2995000.000000
2023-03-17,13.434068,13.613455,13.045398,13.075295,4399400.000000
2023-03-20,13.284580,13.314478,12.925807,13.174955,4987600.000000
2023-03-21,13.633387,13.772910,13.538711,13.723081,2253100.000000
2023-03-22,13.743013,13.997144,13.394205,13.404171,2532900.000000
2023-03-23,13.553660,14.002127,12.945738,13.184920,2125000.000000
2023-03-24,12.995568,13.125125,12.651743,13.045398,1880400.000000
2023-03-27,13.254681,13.314476,12.995566,13.145055,2611300.000000
2023-03-28,13.145056,13.302518,12.995568,13.164989,1967800.000000
2023-03-29,13.483898,13.757962,13.344376,13.663285,3241600.000000
2023-03-30,13.942331,14.101785,13.733046,13.752978,2696500.000000
2023-03-31,13.912433,14.390797,13.842672,14.261241,3137000.000000
2023-04-03,14.191479,14.400764,13.683217,13.922400,2261300.000000
2023-04-04,13.932365,14.050960,12.905875,13.055365,2943100.000000
2023-04-05,12.875977,12.958694,12.671675,12.875977,3206800.000000
2023-04-06,12.806214,12.841095,12.218224,12.337815,3482100.000000
2023-04-10,12.258090,12.577000,12.193311,12.507238,3449700.000000
2023-04-11,12.557068,12.702571,12.427511,12.507238,2925500.000000
2023-04-12,12.626831,12.626831,12.148466,12.208261,2689300.000000
2023-04-13,12.238157,12.437476,12.008941,12.387647,4092600.000000
2023-04-14,12.317885,12.586965,12.148464,12.387647,2621000.000000
2023-04-17,12.397613,12.676660,12.297954,12.527170,2362000.000000
2023-04-18,12.606896,12.685628,12.078702,12.317884,3716200.000000
2023-04-19,12.098635,12.467374,11.974061,12.447442,4485600.000000
2023-04-20,12.238158,12.477341,12.118567,12.228193,1937500.000000
2023-04-21,12.188328,12.297954,11.909282,12.138499,2575300.000000
2023-04-24,12.218226,12.726488,12.156437,12.686624,5059300.000000
2023-04-25,12.507238,12.626829,12.178363,12.188328,6829700.000000
2023-04-26,14.281172,15.098377,13.015500,13.543694,16760500.000000
2023-04-27,13.952298,14.644929,13.678235,14.440628,6112600.000000
2023-04-28,14.460560,15.038583,14.350934,14.869163,5048600.000000
2023-05-01,14.729640,14.958857,14.590118,14.769504,3492900.000000
2023-05-02,14.789435,14.938924,14.445610,14.869163,3744800.000000
2023-05-03,14.928956,15.497015,14.834281,14.879128,5293100.000000
2023-05-04,14.849230,14.869162,14.226359,14.261241,3302300.000000
2023-05-05,14.390797,15.173123,14.231342,14.928957,4187300.000000
2023-05-08,15.128277,15.164153,14.629980,15.028617,2130000.000000
2023-05-09,14.859197,15.362477,14.784453,15.208005,3253100.000000
2023-05-10,15.427253,15.521929,14.998719,15.237901,2510000.000000
2023-05-11,15.178106,15.362476,15.018651,15.277765,1672000.000000
2023-05-12,15.257833,15.407322,14.899059,15.048549,1711300.000000
2023-05-15,15.048549,15.452168,15.018650,15.267798,2162400.000000
2023-05-16,15.208005,15.208005,14.948890,15.078447,1630200.000000
2023-05-17,15.257833,15.626572,15.123293,15.576742,2741100.000000
2023-05-18,15.457154,15.995313,15.347528,15.905621,4900300.000000
2023-05-19,16.015243,16.035176,15.447186,15.506982,3661200.000000
2023-05-22,15.716267,16.707875,15.586709,16.453745,7543800.000000
2023-05-23,16.254426,16.663028,16.114903,16.234495,5738800.000000
2023-05-24,15.945484,16.334154,15.696335,16.184666,4048800.000000
2023-05-25,18.237644,19.124613,17.883855,18.446930,29409700.000000
2023-05-26,18.656214,19.931853,18.426998,19.672739,15999900.000000
2023-05-30,20.360388,20.460047,19.762432,20.071375,9997500.000000
2023-05-31,19.802297,19.838174,18.676146,19.234238,5854900.000000
2023-06-01,19.304000,19.583045,19.034920,19.333897,4783200.000000
2023-06-02,19.772399,19.891989,19.308983,19.732534,4021700.000000
2023-06-05,19.373763,20.071377,19.294036,20.001616,4166700.000000
2023-06-06,19.762430,20.320521,19.752463,19.931850,2966800.000000
2023-06-07,19.931853,20.539775,19.822227,20.489944,5017800.000000
2023-06-08,20.320525,20.604554,19.991649,20.509878,3695200.000000
2023-06-09,21.157664,21.277256,20.778960,21.117802,3982700.000000
2023-06-12,21.227428,21.466612,20.948383,21.038076,4766800.000000
2023-06-13,21.366946,22.438282,21.327081,22.373505,6638700.000000
2023-06-14,22.423335,22.722312,22.164220,22.473164,4516600.000000
2023-06-15,22.343608,22.697398,22.074528,22.522995,4453300.000000
2023-06-16,22.722312,23.011325,22.288795,22.463200,7713600.000000
2023-06-20,22.373506,23.325252,22.313709,23.260473,5143100.000000
2023-06-21,22.931594,23.101015,22.233978,22.891729,4860800.000000
2023-06-22,22.682447,23.350164,22.522992,23.230572,4356900.000000
2023-06-23,22.762175,23.649142,22.737260,23.559448,6516500.000000
2023-06-26,23.419929,24.177340,23.300337,23.370100,7315200.000000
2023-06-27,23.429895,23.933174,23.190713,23.718906,3704700.000000
2023-06-28,23.509619,23.689006,22.991391,23.270437,5087900.000000
2023-06-29,23.878358,24.246102,23.703955,24.047779,8865500.000000
2023-06-30,24.257067,24.924784,23.948124,24.685602,5216200.000000
2023-07-03,24.715498,24.825124,24.356726,24.785261,1881900.000000
2023-07-05,24.640752,24.695565,24.207235,24.217199,3535200.000000
2023-07-06,23.978023,24.082667,23.429898,23.997955,3810100.000000
2023-07-07,24.486280,24.914815,24.376654,24.566008,2532500.000000
2023-07-10,24.645739,25.418098,24.575978,25.293524,2523000.000000
2023-07-11,25.223759,25.502805,25.104169,25.223759,3047500.000000
2023-07-12,25.542668,25.886494,25.183896,25.672226,3120000.000000
2023-07-13,25.851616,26.937903,25.682196,26.419674,5184500.000000
2023-07-14,26.429638,26.708683,25.946290,26.260218,3135200.000000
2023-07-17,26.210387,26.628956,26.021036,26.260218,3027400.000000
2023-07-18,26.310046,26.723633,25.951274,26.638922,4120600.000000
2023-07-19,26.429637,26.688752,26.190455,26.599058,6889800.000000
2023-07-20,26.310044,26.609022,25.981168,26.080828,6023900.000000
2023-07-21,26.339943,26.379806,25.253657,25.592499,5709800.000000
2023-07-24,25.433047,25.861582,25.139052,25.692162,3872100.000000
2023-07-25,25.582536,26.185474,25.487860,25.901445,2741700.000000
2023-07-26,25.612434,25.991139,25.004512,25.253660,5117700.000000
2023-07-27,25.761917,25.941304,25.004507,25.233723,4690000.000000
2023-07-28,25.602466,26.129662,25.522738,25.861580,4622600.000000
2023-07-31,25.682197,26.016055,25.323423,25.921379,5874900.000000
2023-08-01,25.582532,26.539260,25.393179,26.439602,9983200.000000
2023-08-02,32.887555,35.259447,31.462428,34.173161,38471500.000000
2023-08-03,33.983811,34.472144,32.947358,34.382450,12836000.000000
2023-08-04,34.840881,36.470312,34.641562,35.588326,9938400.000000
2023-08-07,34.880742,36.285937,34.741219,35.598289,14131800.000000
2023-08-08,35.428862,36.345729,34.840872,36.096581,7777700.000000
2023-08-09,36.246073,36.564982,34.556849,34.701355,7518900.000000
2023-08-10,34.591723,34.830907,32.628439,33.754585,11382300.000000
2023-08-11,34.033647,34.462182,33.266270,33.395824,6050400.000000
2023-08-14,33.455617,34.741222,33.136707,34.462177,5947800.000000
2023-08-15,34.492074,34.801015,33.938965,34.611664,5592400.000000
2023-08-16,34.591730,34.860811,33.585174,33.625038,5438200.000000
2023-08-17,33.674867,33.844286,32.772948,32.877594,6342100.000000
2023-08-18,32.887552,34.213022,32.269666,33.854248,7282700.000000
2023-08-21,34.083470,35.119927,33.535345,34.950504,5952900.000000
2023-08-22,35.259452,35.678019,34.422314,34.850849,4276100.000000
2023-08-23,35.010301,36.076655,34.771117,35.558426,4733300.000000
2023-08-24,36.764304,37.093182,34.870780,34.890709,10481000.000000
2023-08-25,35.099997,37.820694,34.990371,37.372227,10429700.000000
2023-08-28,37.312420,38.406678,37.083204,38.039932,6433300.000000
2023-08-29,37.571545,39.026569,37.272568,38.588070,5746600.000000
2023-08-30,38.368818,39.114270,38.249228,38.757488,3397000.000000
2023-08-31,38.946846,39.365413,38.642884,39.255787,3569300.000000
2023-09-01,39.484998,40.272307,39.056463,39.734146,4614300.000000
2023-09-05,39.714210,40.003223,38.647856,38.996666,3719500.000000
2023-09-06,39.066430,39.445136,37.531676,38.309017,7073700.000000
2023-09-07,38.029977,39.634492,37.681171,39.465069,6757300.000000
2023-09-08,39.195987,40.013193,38.911955,39.066429,3862500.000000
2023-09-11,38.049904,39.096326,37.721027,39.066429,6528500.000000
2023-09-12,38.737554,39.574692,37.182872,37.491814,5653700.000000
2023-09-13,37.302462,37.661236,36.096586,36.903824,7073300.000000
2023-09-14,37.840621,39.106294,37.795773,38.309017,6826000.000000
2023-09-15,37.621365,38.338913,37.372217,38.039932,7132800.000000
2023-09-18,37.342326,38.174480,36.594882,37.671200,4100100.000000
2023-09-19,37.840623,38.289087,37.192837,37.930317,2445100.000000
2023-09-20,38.029984,38.624950,36.973594,36.993526,3696100.000000
2023-09-21,36.574953,36.714476,35.678018,36.196247,3685200.000000
2023-09-22,36.604850,36.784237,36.086622,36.325806,2666200.000000
2023-09-25,36.315837,37.412091,36.076657,36.644714,4134200.000000
2023-09-26,36.375632,36.634744,35.369075,35.398972,4622500.000000
2023-09-27,35.837469,36.435427,35.598289,36.056721,5577000.000000
2023-09-28,36.136444,37.970175,35.986957,36.873924,4655800.000000
2023-09-29,37.292498,38.578103,36.994517,37.073250,4526600.000000
2023-10-02,37.920355,38.837222,37.571549,38.279129,6750200.000000
2023-10-03,37.740959,39.096326,36.275971,36.714470,6541400.000000
2023-10-04,36.774274,38.448550,36.505193,38.059875,5267500.000000
2023-10-05,37.441993,38.388757,37.172913,38.049915,3903900.000000
2023-10-06,37.651266,40.063022,37.402118,39.634487,7099400.000000
2023-10-09,39.156129,40.003231,38.149568,39.993267,5777500.000000
2023-10-10,40.840373,42.574446,40.362009,40.441738,8552300.000000
2023-10-11,40.561318,42.385080,40.402859,41.587807,8423300.000000
2023-10-12,41.667542,42.983044,41.069584,41.667542,6449900.000000
2023-10-13,41.458252,41.916687,38.877077,38.966770,6902800.000000
2023-10-16,39.335514,40.783562,39.066434,40.511494,4355100.000000
2023-10-17,39.514899,41.248968,38.488406,41.049648,5069000.000000
2023-10-18,40.352035,40.641044,38.328949,38.617962,6822600.000000
2023-10-19,38.887046,39.345478,36.834064,37.292496,8848700.000000
2023-10-20,37.063278,37.810723,35.528529,36.614815,8789400.000000
2023-10-23,36.664645,38.181458,36.114524,37.162941,6632100.000000
2023-10-24,37.591481,39.066437,37.441990,38.897015,9674100.000000
2023-10-25,41.398461,41.777164,35.877337,37.262600,17130500.000000
2023-10-26,37.441984,37.970176,34.482102,34.741219,10790600.000000
2023-10-27,35.538490,36.684573,35.479693,36.295898,7865300.000000
2023-10-30,36.794193,38.368811,36.275968,38.149559,6218900.000000
2023-10-31,37.900420,39.310599,37.083214,39.136196,5648500.000000
2023-11-01,39.215920,40.122819,38.936875,40.092922,5920400.000000
2023-11-02,40.790541,41.657575,39.534832,39.843777,5638600.000000
2023-11-03,40.451698,41.074569,39.684322,40.302208,6202500.000000
2023-11-06,40.391900,40.541391,38.548205,39.614559,5246500.000000
2023-11-07,39.943441,40.920102,39.345484,40.013203,4686000.000000
2023-11-08,40.531422,40.790538,39.664387,39.933468,4825800.000000
2023-11-09,40.232451,42.056218,39.377377,39.833817,6119900.000000
2023-11-10,39.873671,42.106040,39.873671,41.687473,5791900.000000
2023-11-13,41.358595,42.285427,41.033706,42.145905,4239600.000000
2023-11-14,43.062769,43.850078,42.674098,43.441475,6316000.000000
2023-11-15,44.119153,44.806800,42.684061,43.351776,8154000.000000
2023-11-16,42.853489,43.471376,42.195738,42.694035,4630200.000000
2023-11-17,43.630822,44.009529,42.823585,43.142494,5138900.000000
2023-11-20,42.963109,44.477930,42.963109,44.398201,4552700.000000
2023-11-21,44.079292,44.996159,41.976481,42.484745,6832100.000000
2023-11-22,43.252125,44.228786,42.185772,43.371716,6242700.000000
2023-11-24,43.571042,43.720528,42.395062,42.534584,1531400.000000
2023-11-27,42.544536,43.112594,42.255527,42.405014,5344300.000000
2023-11-28,42.375118,42.718943,41.189174,42.106037,7511300.000000
2023-11-29,43.860041,44.766941,40.870263,42.145905,13346500.000000
2023-11-30,42.544538,44.398201,42.355187,43.511234,26319000.000000
2023-12-01,43.351776,45.783460,43.122560,44.986187,9447000.000000
2023-12-04,45.065926,45.753573,43.511240,45.205448,8054700.000000
2023-12-05,44.806807,45.153621,44.159024,44.996162,4325000.000000
2023-12-06,45.335003,45.833299,43.879975,44.009533,4325600.000000
2023-12-07,44.149049,45.265232,43.989594,44.986187,4565600.000000
2023-12-08,44.711980,47.115100,44.702011,47.005413,6951500.000000
2023-12-11,47.194868,48.740442,47.191875,47.494011,7433900.000000
2023-12-12,47.364382,49.717644,47.254695,49.288872,7006600.000000
2023-12-13,49.488305,50.086590,47.623641,47.803127,7966800.000000
2023-12-14,48.211953,48.850129,45.619378,47.105125,10176300.000000
2023-12-15,47.224781,48.261812,46.736178,47.593723,5707600.000000
2023-12-18,47.593721,48.461236,47.316515,47.663521,3012700.000000
2023-12-19,47.773214,49.204119,47.743301,49.079475,3795300.000000
2023-12-20,48.720509,49.009682,47.065248,47.115105,3611100.000000
2023-12-21,47.982614,48.501130,47.703414,48.441303,2593900.000000
2023-12-22,48.431325,49.019640,48.062382,48.640724,2421800.000000
2023-12-26,48.790298,49.069497,48.411382,48.850128,2078700.000000
2023-12-27,48.760393,49.169222,48.251847,48.790306,2615700.000000
2023-12-28,48.830191,49.189164,48.201988,48.820217,2134000.000000
2023-12-29,48.700561,48.880047,47.703416,47.892872,3012600.000000
2024-01-02,47.344440,47.364383,45.062974,45.509693,5770200.000000
2024-01-03,44.871523,45.793882,44.183495,45.439896,5905000.000000
2024-01-04,45.459840,47.174930,45.459840,45.669239,5274800.000000
2024-01-05,45.469812,46.536757,44.961270,46.177788,4390700.000000
2024-01-08,46.616530,48.481190,46.486900,48.401421,4179200.000000
2024-01-09,48.281749,49.328754,47.314521,49.039581,3871400.000000
2024-01-10,49.049555,49.538158,48.311670,48.650700,2870600.000000
2024-01-11,48.860098,50.026755,48.082326,49.877186,3612700.000000
2024-01-12,49.737589,50.106532,48.281755,49.378616,3465700.000000
2024-01-16,49.229044,50.575192,49.109388,49.817360,3061700.000000
2024-01-17,49.288867,49.747553,48.720495,49.119350,3208600.000000
2024-01-18,50.216220,50.894278,49.528187,50.744705,4190200.000000
2024-01-19,52.350108,53.516766,51.522476,53.516766,7499800.000000
2024-01-22,54.344399,55.770317,52.948395,53.297398,7113800.000000
2024-01-23,53.536709,54.045255,52.674181,53.516766,3453600.000000
2024-01-24,54.224749,54.892834,52.649258,52.669201,8007700.000000
2024-01-25,53.347259,53.636432,52.459800,53.157803,7383900.000000
2024-01-26,52.898536,54.608640,52.250394,53.307365,5004700.000000
2024-01-29,53.247538,54.773169,53.147822,54.743256,5323500.000000
2024-01-30,56.079431,57.425575,55.511055,56.498230,9344800.000000
2024-01-31,55.301655,57.435545,55.070319,56.169174,7562300.000000
2024-02-01,57.305921,59.449780,57.076578,59.290237,10368900.000000
2024-02-02,59.898498,62.082244,59.898498,61.294502,9915200.000000
2024-02-05,61.274556,61.992498,60.197638,61.404186,6978700.000000
2024-02-06,61.723272,62.082241,57.664892,58.951206,10174800.000000
2024-02-07,59.808749,61.134954,59.105764,60.566582,6299400.000000
2024-02-08,60.756034,63.248896,60.711161,61.493919,7401100.000000
2024-02-09,61.813012,63.627815,61.673408,63.338642,6139500.000000
2024-02-12,63.767416,63.996759,60.875695,61.144924,7719100.000000
2024-02-13,58.741804,62.939783,56.963894,62.351467,10345100.000000
2024-02-14,63.318711,65.013854,62.879968,64.784515,7578000.000000
2024-02-15,64.834356,65.372815,61.803038,62.660583,9598700.000000
2024-02-16,62.999614,64.814417,62.171982,62.790215,8065900.000000
2024-02-20,61.783100,62.371415,59.908470,61.842930,9540300.000000
2024-02-21,54.872878,61.414149,54.842964,58.382828,21392500.000000
2024-02-22,62.680534,64.315851,61.513873,62.720421,11656200.000000
2024-02-23,63.238926,64.325818,61.075124,62.520985,5905900.000000
2024-02-26,63.149194,66.709001,63.039507,66.120682,7090900.000000
2024-02-27,66.808699,68.603563,66.060840,66.080780,8558900.000000
2024-02-28,65.362853,67.367108,65.347896,65.911278,5414400.000000
2024-02-29,66.609282,68.025226,66.260276,67.426941,6756200.000000
2024-03-01,68.204720,70.936895,68.174807,70.368523,7711100.000000
2024-03-04,72.592153,73.290151,71.485321,71.485321,9063800.000000
2024-03-05,70.398429,71.715657,68.531773,69.820084,6304000.000000
2024-03-06,71.953982,73.369926,70.541021,71.784462,5829700.000000
2024-03-07,71.794431,72.362803,70.548000,71.884171,5393700.000000
2024-03-08,72.193299,74.197563,68.803005,69.171951,7610700.000000
2024-03-11,68.055132,68.124931,65.701869,66.808701,11753400.000000
2024-03-12,68.523805,72.382751,68.154859,72.113525,7662700.000000
2024-03-13,71.575066,74.426901,71.336750,73.160530,8822900.000000
2024-03-14,73.689014,76.062217,73.030895,73.708954,9816100.000000
2024-03-15,73.599251,75.239558,72.462506,73.948257,8130500.000000
2024-03-18,76.915778,79.459359,75.379656,76.945702,12558000.000000
2024-03-19,74.811097,77.085353,72.726364,76.865906,12532800.000000
2024-03-20,77.504282,78.421970,75.240003,77.643929,6214900.000000
2024-03-21,81.813406,84.536533,80.925648,81.903183,11019800.000000
2024-03-22,82.990424,83.808358,81.334610,82.292191,6338800.000000
2024-03-25,82.192455,83.020366,80.716179,81.743584,7094700.000000
2024-03-26,82.292192,86.406801,81.953052,82.461761,8377100.000000
2024-03-27,82.461777,83.070241,78.322228,80.805962,7800500.000000
2024-03-28,80.895723,82.751038,80.396982,81.464287,5077400.000000
2024-04-01,81.873271,82.631351,79.367597,80.197502,6376400.000000
2024-04-02,78.521719,81.075269,76.965651,80.566551,6930200.000000
2024-04-03,79.798495,85.613812,79.599001,85.135017,8018000.000000
2024-04-04,87.399300,88.471589,80.377032,80.486755,11498400.000000
2024-04-05,82.391942,85.194869,81.593962,85.125038,7984600.000000
2024-04-08,85.204839,85.783380,82.037841,83.938042,6525000.000000
2024-04-09,84.037782,84.157482,78.731183,81.593956,10232900.000000
2024-04-10,79.928161,85.169929,79.113225,84.556473,8810800.000000
2024-04-11,85.524026,88.027705,84.726045,86.122513,8896300.000000
2024-04-12,84.416837,86.521523,83.299663,83.678703,5903600.000000
2024-04-15,85.284640,86.232244,80.137634,80.466805,7638000.000000
2024-04-16,80.247350,83.150023,79.389515,82.152542,6775600.000000
2024-04-17,82.950534,84.915565,79.898237,81.673752,6168700.000000
2024-04-18,82.381976,84.576440,79.828427,80.805962,6618400.000000
2024-04-19,79.708735,79.948129,74.382181,74.821075,15942300.000000
2024-04-22,75.609079,77.054426,72.397188,75.878395,10949600.000000
2024-04-23,76.676372,79.589014,76.227501,78.970573,7385700.000000
2024-04-24,89.563832,94.152244,81.633853,84.356979,28787700.000000
2024-04-25,82.790936,92.256033,81.693709,90.122421,20852400.000000
2024-04-26,92.636076,95.079901,92.326851,93.254509,15253900.000000
2024-04-29,92.945296,94.621065,90.960311,94.561218,11883700.000000
2024-04-30,93.513866,95.459948,91.099963,92.765755,11015300.000000
2024-05-01,91.897927,92.765738,86.572379,88.297020,10953700.000000
2024-05-02,90.242128,92.207168,87.139961,91.937843,6046500.000000
2024-05-03,93.942777,94.641011,92.326855,92.775726,4749000.000000
2024-05-06,94.152256,97.034976,94.152256,97.015030,5701300.000000
2024-05-07,95.658456,97.244448,94.611098,94.670952,5752100.000000
2024-05-08,94.481417,97.832954,93.862976,97.433960,6006400.000000
2024-05-09,97.354166,99.189535,95.309334,97.693314,6894400.000000
2024-05-10,99.349132,100.045372,94.780666,95.159714,8692800.000000
2024-05-13,95.179652,96.386603,93.503883,94.561218,4466600.000000
2024-05-14,94.132305,98.700763,92.865499,98.481323,4872000.000000
2024-05-15,100.765548,104.496133,100.755579,104.336533,8483800.000000
2024-05-16,102.211906,103.488680,96.965152,97.044952,8234300.000000
2024-05-17,98.431455,98.690802,94.810601,96.566162,8078400.000000
2024-05-20,97.374109,101.044840,97.374109,99.069824,6056000.000000
2024-05-21,96.795578,99.927668,96.256937,98.880310,4538400.000000
2024-05-22,99.748123,101.693208,98.850388,99.877792,5919700.000000
2024-05-23,104.735532,105.373920,100.835377,100.985001,10831100.000000
2024-05-24,101.344084,108.995767,100.965044,105.902573,10019600.000000
2024-05-28,107.837693,108.725450,103.039811,104.895126,9810400.000000
2024-05-29,104.336526,105.164437,102.850281,102.950027,7080700.000000
2024-05-30,102.590941,104.206863,101.383990,102.022377,4799900.000000
2024-05-31,100.147100,100.450335,92.167252,97.822968,17944400.000000
2024-06-03,97.952644,98.142168,92.416628,95.867912,9698100.000000
2024-06-04,93.713363,94.172211,88.905504,91.858047,13986400.000000
2024-06-05,93.334318,98.112254,93.104894,96.835480,9545800.000000
2024-06-06,95.857948,97.044953,86.940470,87.778351,20215600.000000
2024-06-07,87.648668,90.571288,84.925542,87.459145,13592800.000000
2024-06-10,87.289583,92.267012,87.279606,91.070038,7944400.000000
2024-06-11,90.521418,90.870535,88.376832,89.075073,6583900.000000
2024-06-12,91.877979,95.000092,89.154853,89.942863,9862600.000000
2024-06-13,91.199714,95.678403,90.292002,95.069939,9510700.000000
2024-06-14,94.521317,95.209574,90.092499,91.249580,8047200.000000
2024-06-17,91.683602,91.893129,86.684853,89.348862,9299200.000000
2024-06-18,88.889893,96.143568,87.552906,95.125854,11453500.000000
2024-06-20,94.916336,97.285005,89.456626,90.286758,10777000.000000
2024-06-21,89.199197,90.685848,85.816812,90.416458,12026100.000000
2024-06-24,89.298973,89.947515,86.844500,88.939781,8392000.000000
2024-06-25,89.328901,91.603779,88.311196,91.513985,6515200.000000
2024-06-26,89.997397,90.785624,85.482567,86.814568,8985200.000000
2024-06-27,86.804586,87.922073,86.076222,86.684853,6727000.000000
2024-06-28,86.804576,89.129344,84.589562,86.375542,23351600.000000
2024-07-01,87.213663,87.423190,82.623989,86.465347,8693900.000000
2024-07-02,85.916591,88.869942,85.472591,87.802345,7714400.000000
2024-07-03,87.862205,93.210167,87.732500,93.210167,7859600.000000
2024-07-05,92.791114,94.387518,90.905359,91.573853,5903000.000000
2024-07-08,92.541674,94.237853,91.593811,92.122620,4309200.000000
2024-07-09,92.751206,95.265551,92.451885,92.551659,6111900.000000
2024-07-10,93.240092,94.166009,90.645934,93.888634,4254900.000000
2024-07-11,94.776633,95.145805,90.556139,92.651421,6257800.000000
2024-07-12,91.793350,93.220139,88.478814,89.468582,10282400.000000
2024-07-15,89.698084,90.725769,87.203699,87.692596,7589600.000000
2024-07-16,89.588321,90.869433,87.353354,89.518478,6182000.000000
2024-07-17,86.395499,88.001884,81.596306,81.596306,13005800.000000
2024-07-18,83.442146,86.585072,79.600796,82.374550,13846400.000000
2024-07-19,82.753713,86.275784,82.165035,85.118385,7387300.000000
2024-07-22,87.542918,89.109391,85.926562,87.652672,7697000.000000
2024-07-23,87.522977,92.142575,87.303470,90.795609,10060900.000000
2024-07-24,88.181487,88.660412,78.114153,78.413475,22908000.000000
2024-07-25,79.062015,79.539943,71.838279,76.308220,17502800.000000
2024-07-26,79.570867,80.319183,76.647448,76.946777,7834600.000000
2024-07-29,77.325922,79.820306,76.138592,77.824799,8083800.000000
2024-07-30,78.213920,79.620757,71.728520,72.865959,12157600.000000
2024-07-31,80.413987,80.867967,77.814835,78.523239,16390300.000000
2024-08-01,79.570863,80.718281,73.469600,73.833778,10460800.000000
2024-08-02,67.986951,70.591089,65.683139,69.303986,16616300.000000
2024-08-05,62.259850,68.765203,62.259850,67.577881,15898300.000000
2024-08-06,68.944802,71.079995,66.230910,69.114418,11978600.000000
2024-08-07,70.840524,71.838278,66.051302,67.069016,11165100.000000
2024-08-08,69.433684,71.548924,66.600067,70.900383,9929400.000000
2024-08-09,70.790635,71.928074,69.703087,71.299492,6669300.000000
2024-08-12,71.439175,73.354860,70.611037,72.776169,6761500.000000
2024-08-13,73.364844,76.587592,72.905878,76.068756,8043000.000000
2024-08-14,77.365832,80.618512,76.732256,79.979950,11372200.000000
2024-08-15,81.316947,82.863468,80.119645,82.773666,7604900.000000
2024-08-16,81.815807,81.815807,78.832525,79.241600,6846400.000000
2024-08-19,78.822553,78.892395,75.669647,78.702820,6791700.000000
2024-08-20,78.593068,79.211678,75.839273,76.338150,5977800.000000
2024-08-21,76.148572,78.423450,75.242615,77.814819,5735300.000000
2024-08-22,77.984441,78.692846,75.669645,76.607536,4304800.000000
2024-08-23,77.156305,78.662908,76.148571,78.373566,4990700.000000
2024-08-26,78.164029,78.942283,76.727268,77.884659,4828700.000000
2024-08-27,76.827042,80.818057,76.178501,80.029831,5431800.000000
2024-08-28,80.418956,81.740985,78.213921,80.339134,6981700.000000
2024-08-29,81.027590,83.561885,78.762692,79.740486,7012300.000000
2024-08-30,81.017614,83.402246,80.289258,82.843506,7101000.000000
2024-09-03,82.065266,82.614034,74.641974,75.031097,9052500.000000
2024-09-04,73.913609,76.697343,73.105423,74.891403,5232300.000000
2024-09-05,74.352619,75.521991,73.205208,74.981209,3809900.000000
2024-09-06,75.230647,75.879188,70.964250,71.608795,8197900.000000
2024-09-09,72.836035,74.771680,72.287267,74.312714,5446600.000000
2024-09-10,75.110916,76.517752,73.504531,75.300491,4235500.000000
2024-09-11,75.779396,82.434420,75.325424,82.204933,10119200.000000
2024-09-12,81.466602,87.413214,81.326917,86.565125,11803600.000000
2024-09-13,88.321170,89.019603,85.218163,85.567375,7264500.000000
2024-09-16,84.250349,87.423207,83.561896,86.794617,6043800.000000
2024-09-17,87.827588,88.542189,85.931309,87.118980,4287300.000000
2024-09-18,88.127004,90.322691,86.909393,87.488258,8542000.000000
2024-09-19,91.739898,93.476495,89.853602,91.879623,9608800.000000
2024-09-20,92.618186,94.933640,92.119165,94.354774,13255800.000000
2024-09-23,95.143227,96.510538,94.833829,95.881775,6964900.000000
2024-09-24,95.941655,97.376841,95.073364,97.199188,5068300.000000
2024-09-25,98.007601,101.301139,97.892828,100.542625,8452500.000000
2024-09-26,102.239293,103.486844,97.229124,100.422859,9150700.000000
2024-09-27,99.933810,100.143397,95.831862,98.217186,7032700.000000
2024-09-30,97.209173,99.504662,95.762009,99.295074,4848300.000000
2024-10-01,99.424823,99.649381,95.971603,97.428741,4428600.000000
2024-10-02,97.019532,102.289185,96.111319,102.079597,6185500.000000
2024-10-03,102.418938,105.043782,101.450837,102.488800,6036300.000000
2024-10-04,104.015806,105.179521,102.738315,104.993881,5740300.000000
2024-10-07,104.993873,107.459035,104.192453,106.520882,6403600.000000
2024-10-08,105.632627,107.868244,104.924019,106.610710,4942600.000000
2024-10-09,107.099747,109.165691,106.850237,107.908165,5512600.000000
2024-10-10,106.291337,108.876259,104.415023,107.259438,4653900.000000
2024-10-11,107.329302,111.845438,107.099749,111.620872,6545000.000000
2024-10-14,112.119888,113.207756,111.311478,112.189758,5474300.000000
2024-10-15,111.580956,111.740638,106.081749,107.259438,9795900.000000
2024-10-16,109.305422,112.559037,109.025972,111.471176,6210100.000000
2024-10-17,113.646899,115.962353,112.818523,114.056091,7672800.000000
2024-10-18,113.876441,114.056089,111.900325,112.030067,4167800.000000
2024-10-21,111.261580,112.953258,110.238587,111.890343,5974800.000000
2024-10-22,110.283492,113.886420,110.033982,112.249634,9649700.000000
2024-10-23,106.790354,116.181920,104.315210,108.147690,18855300.000000
2024-10-24,109.295445,111.720684,107.878221,109.814423,8149800.000000
2024-10-25,110.667755,114.644948,110.353370,111.950233,6257400.000000
2024-10-28,112.868428,114.964319,112.449252,113.387413,4765800.000000
2024-10-29,112.778596,113.926344,112.179773,113.606972,4019800.000000
2024-10-30,113.087983,113.906376,110.394274,112.229668,3529500.000000
2024-10-31,109.455135,110.253570,106.970015,109.075882,5806500.000000
2024-11-01,109.694656,109.784476,106.441042,106.690552,5008300.000000
2024-11-04,106.151607,107.197551,104.375096,106.001900,4637700.000000
2024-11-05,107.279397,112.349446,106.840265,112.219704,4133600.000000
2024-11-06,116.760791,120.204036,114.854537,120.194054,7598500.000000
2024-11-07,122.649216,124.610370,120.703040,121.930626,7696700.000000
2024-11-08,121.371736,125.558517,120.363713,125.503624,4621500.000000
2024-11-11,129.894987,130.044702,123.602347,126.551559,6556500.000000
2024-11-12,124.864869,126.421810,121.012432,123.567413,6110700.000000
2024-11-13,125.743149,128.457829,124.046483,124.286011,4591000.000000
2024-11-14,124.555480,124.625342,119.375646,120.792862,5020200.000000
2024-11-15,118.786797,123.008513,118.407545,120.633179,6155000.000000
2024-11-18,124.395790,127.090497,119.485432,122.778961,7583700.000000
2024-11-19,123.387774,140.843504,123.387774,140.663864,14850300.000000
2024-11-20,140.324525,141.482241,134.146651,137.270508,10605600.000000
2024-11-21,138.707692,145.384587,137.011026,141.212784,10137200.000000
2024-11-22,141.981279,142.620024,138.867396,139.875412,4944000.000000
2024-11-25,140.753667,141.422352,130.394000,131.771301,10649700.000000
2024-11-26,133.298314,135.194600,129.984827,131.481888,7680900.000000
2024-11-27,129.790204,130.413979,124.276027,126.691292,7384600.000000
2024-11-29,129.685402,130.723358,127.050576,127.349983,3018300.000000
2024-12-02,128.747255,131.731402,123.806957,126.801079,5331900.000000
2024-12-03,127.627706,131.461325,126.120219,127.947182,7607800.000000
2024-12-04,129.993773,132.679293,129.005412,130.662659,5222800.000000
2024-12-05,132.779128,136.832384,130.333200,134.356506,11214600.000000
2024-12-06,134.775816,135.296952,130.482953,133.627731,4552300.000000
2024-12-09,133.328213,133.328213,121.637654,125.960464,8959200.000000
2024-12-10,126.289918,127.617711,120.429664,121.497887,6682900.000000
2024-12-11,123.893896,126.789081,122.126839,125.631004,4269500.000000
2024-12-12,123.764121,125.960465,123.095236,124.832344,3265000.000000
2024-12-13,126.789089,128.785767,121.597728,125.571114,11623200.000000
2024-12-16,126.010380,126.998734,123.383746,125.760796,4849100.000000
2024-12-17,123.294902,124.173437,119.002040,120.489571,5869200.000000
2024-12-18,121.677596,122.296570,112.607684,113.930489,6554000.000000
2024-12-19,117.015348,117.494554,112.726485,115.248291,6615500.000000
2024-12-20,114.010347,120.799057,112.393042,119.840652,8720800.000000
2024-12-23,120.299890,120.669279,115.408026,117.544472,4161500.000000
2024-12-24,118.333158,119.366443,117.764105,118.542809,1725800.000000
2024-12-26,117.804036,119.900547,117.574414,118.682571,2188900.000000
2024-12-27,116.875583,117.804038,113.291548,114.918839,3813100.000000
2024-12-30,112.143453,118.003700,112.043621,115.967094,3663200.000000
2024-12-31,116.196715,116.306533,113.201697,113.421333,3431600.000000
2025-01-02,114.828994,120.007385,114.689227,118.103554,4808000.000000
2025-01-03,119.051960,125.900568,118.892222,125.461296,7696700.000000
2025-01-06,131.081948,134.865647,130.882284,133.857330,9688500.000000
2025-01-07,134.775810,135.105264,125.800742,130.423050,7258000.000000
2025-01-08,129.983777,130.393099,124.992080,129.055328,4115800.000000
2025-01-10,127.867287,129.015371,121.937150,128.715866,5205600.000000
2025-01-13,123.040333,124.482933,118.502875,123.804062,6856600.000000
2025-01-14,125.920538,130.662658,125.501238,128.735855,6231600.000000
2025-01-15,132.240020,133.268308,128.655970,131.780777,4268100.000000
2025-01-16,133.637707,135.993789,131.398436,132.369812,4427700.000000
2025-01-17,134.271633,137.071983,132.379791,135.654343,4915100.000000
2025-01-21,140.905603,143.241713,135.324890,142.892303,7427400.000000
2025-01-22,149.830762,154.532932,147.434739,148.343231,9963900.000000
2025-01-23,147.215123,155.002157,146.306630,153.235107,7579300.000000
2025-01-24,154.003796,155.581174,145.168504,146.076996,8530300.000000
2025-01-27,116.855619,121.278262,98.945409,102.429611,47118800.000000
2025-01-28,104.006995,106.822312,97.338088,106.373062,24199200.000000
2025-01-29,108.759086,112.477898,105.863900,110.276558,17317300.000000
2025-01-30,115.757440,119.541147,111.254935,114.409683,13358600.000000
2025-01-31,117.853957,120.985740,113.511175,116.825661,11188000.000000
2025-02-03,105.574379,114.162091,104.825625,112.413002,10950400.000000
2025-02-04,112.812340,113.551109,109.368073,111.065247,7636300.000000
2025-02-05,114.080218,119.200705,113.351435,118.842300,8100300.000000
2025-02-06,119.461283,121.138485,117.354786,119.361443,5610600.000000
2025-02-07,120.799055,123.824022,119.271597,121.178421,6041100.000000
2025-02-10,120.579422,126.314884,120.579422,125.551155,7773300.000000
2025-02-11,123.379769,124.652653,120.010374,123.045326,9012300.000000
2025-02-12,110.895537,115.807365,110.561094,111.055267,21298100.000000
2025-02-13,112.812334,114.309843,105.644258,109.098511,14407500.000000
2025-02-14,109.118491,109.118491,105.684202,107.870567,7157300.000000
2025-02-18,110.825649,113.181730,108.799021,109.777390,6717700.000000
2025-02-19,109.677561,110.196694,106.492856,107.660912,5945000.000000
2025-02-20,108.818995,110.421334,102.499505,104.655922,9035800.000000
2025-02-21,104.825629,104.825629,94.412949,95.830589,15635300.000000
2025-02-24,96.838916,96.838916,88.592631,90.868843,17153500.000000
2025-02-25,88.852205,94.093487,84.549365,91.747391,20420600.000000
2025-02-26,100.492842,101.630948,96.868865,98.446243,15843700.000000
2025-02-27,103.527782,104.033944,91.787318,92.256538,12551000.000000
2025-02-28,91.358037,95.920448,90.848882,95.011955,9527600.000000
2025-03-03,93.504457,94.742395,83.960328,85.268158,15779700.000000
2025-03-04,81.973645,88.812268,78.868809,86.246536,17251800.000000
2025-03-05,86.066831,89.111769,83.650852,87.744041,8103200.000000
2025-03-06,82.512743,85.338045,80.466144,81.903755,10284400.000000
2025-03-07,81.903763,85.358016,79.657499,84.898781,9677300.000000
2025-03-10,81.120063,82.333049,75.973625,77.890434,14742900.000000
2025-03-11,78.818891,85.208264,77.990275,82.981972,10287600.000000
2025-03-12,88.752363,89.371329,82.712408,85.238205,9870900.000000
2025-03-13,84.110096,84.988632,79.779302,82.952019,8079800.000000
2025-03-14,86.675820,87.714094,83.461167,87.304771,7348500.000000
2025-03-17,86.675819,90.569344,86.436220,88.932068,7248000.000000
2025-03-18,87.751527,88.056151,83.956216,84.555481,6148800.000000
2025-03-19,85.684082,91.077416,84.555480,89.059906,7165400.000000
2025-03-20,86.772736,90.693891,86.411183,88.970024,5474100.000000
2025-03-21,86.952508,88.999980,85.644127,88.520569,5240900.000000
2025-03-24,91.886417,94.083698,90.448193,93.574333,6225200.000000
2025-03-25,92.835238,93.903917,89.399490,91.466934,6850800.000000
2025-03-26,85.594191,86.473109,80.001106,81.519234,18957000.000000
2025-03-27,78.472999,79.361899,75.836259,76.225777,17175000.000000
2025-03-28,75.556598,76.405547,72.400496,74.158325,13147200.000000
2025-03-31,69.913574,72.400498,68.165735,72.110855,13779500.000000
2025-04-01,71.821218,75.576571,70.283119,75.177063,10133200.000000
2025-04-02,72.410485,77.584089,72.340571,77.014793,8254100.000000
2025-04-03,69.514063,71.431691,66.537747,67.386696,14045300.000000
2025-04-04,59.965870,61.713710,55.251697,59.336647,27351300.000000
2025-04-07,53.543813,67.766230,53.533824,63.741207,20280000.000000
2025-04-08,70.113329,70.263145,60.595096,62.822346,17171900.000000
2025-04-09,61.778632,76.395562,61.204341,72.730095,18896600.000000
2025-04-10,69.104590,70.692623,65.838622,67.646393,11791000.000000
2025-04-11,67.216910,69.623930,65.600904,69.524055,8185500.000000
2025-04-14,73.129608,73.329358,70.043419,71.481644,7879500.000000
2025-04-15,71.281882,73.379288,71.281882,72.620224,6190300.000000
2025-04-16,69.094587,72.120845,68.241638,71.561539,14543000.000000
2025-04-17,72.410491,73.648958,70.762527,73.119614,9296500.000000
2025-04-21,70.757538,71.411728,65.848605,67.486580,8511100.000000
2025-04-22,69.124553,72.510367,68.914813,71.731331,10428000.000000
2025-04-23,85.369472,86.822677,77.144638,77.903702,24253700.000000
2025-04-24,80.150920,84.735250,79.901229,83.776436,13734200.000000
2025-04-25,84.865085,89.159771,84.445606,86.842636,14315000.000000
2025-04-28,86.842648,87.891355,84.229880,86.043640,8872000.000000
2025-04-29,86.892585,87.391968,84.565460,86.083588,6317500.000000
2025-04-30,81.679028,85.304551,80.410600,85.274582,8979700.000000
2025-05-01,91.526865,94.812804,91.052453,92.435745,16440700.000000
2025-05-02,93.993805,96.870247,92.885175,94.882706,9145600.000000
2025-05-05,92.995044,95.671735,92.835237,94.712921,6240200.000000
2025-05-06,91.826486,93.833999,91.696642,93.364586,6740400.000000
2025-05-07,92.785309,95.531913,91.726612,95.402069,10037400.000000
2025-05-08,96.830301,97.159895,94.752875,95.621796,7275900.000000
2025-05-09,95.941401,96.820320,92.016253,93.943871,6369800.000000
2025-05-12,100.975181,101.624380,99.317234,100.925247,8952200.000000
2025-05-13,100.945212,107.557041,100.775424,105.449646,8987200.000000
2025-05-14,108.415989,109.814254,106.688121,109.344841,9603500.000000
2025-05-15,105.669373,108.046431,105.060125,105.249886,6667500.000000
2025-05-16,106.023944,106.208713,103.831654,105.909088,5170000.000000
2025-05-19,102.872842,106.618213,102.433383,106.268646,4593500.000000
2025-05-20,105.239914,106.708093,104.890340,106.258652,4030700.000000
2025-05-21,104.161247,106.867900,102.443369,103.482086,5354900.000000
2025-05-22,102.573202,105.160008,100.985169,104.071350,3800000.000000
2025-05-23,101.234855,105.020176,100.875299,104.011421,3967400.000000
2025-05-27,107.387240,110.043960,106.168753,109.654442,6457200.000000
2025-05-28,108.665680,109.384784,106.917840,109.085159,5920500.000000
2025-05-29,113.669486,114.198830,106.917837,108.336082,5908200.000000
2025-05-30,107.172517,107.836697,104.580720,107.796745,6935600.000000
2025-06-02,107.866661,109.244955,105.549526,109.095146,4001800.000000
2025-06-03,111.062702,115.207580,110.483424,112.201294,8438200.000000
2025-06-04,113.180091,115.507217,112.560854,112.710670,5005700.000000
2025-06-05,113.829291,114.035038,110.819012,112.081451,4812000.000000
2025-06-06,114.858019,116.476022,114.110941,115.217575,5377100.000000
2025-06-09,115.027801,115.357396,111.362335,111.861717,5820400.000000
2025-06-10,112.860488,112.870478,107.247424,108.336082,7573000.000000
2025-06-11,108.266170,111.751859,107.247425,110.453461,5560400.000000
2025-06-12,109.264933,114.448520,108.675658,114.358635,6778700.000000
2025-06-13,110.942865,113.567619,110.186796,110.833000,5900600.000000
2025-06-16,114.197987,117.075414,113.288795,116.346062,7553800.000000
2025-06-17,116.915551,120.222601,115.396911,116.505920,6102900.000000
2025-06-18,116.465955,120.632231,115.566757,118.973717,6331700.000000
2025-06-20,119.543214,120.292545,117.095396,118.434204,6689600.000000
2025-06-23,117.395132,118.444198,112.614399,116.435989,9121400.000000
2025-06-24,117.944645,122.810294,117.385140,122.210831,7544700.000000
2025-06-25,122.890220,124.507778,121.141782,121.531433,5324500.000000
2025-06-26,121.901111,125.338035,121.361592,123.689514,5398100.000000
2025-06-27,126.886656,128.467244,124.688622,127.046516,9337700.000000
2025-06-30,127.965703,129.194601,125.767662,128.295410,5349800.000000
2025-07-01,126.886644,127.755870,120.172641,122.430626,8974300.000000
2025-07-02,124.009221,126.357122,122.990127,124.219032,5761600.000000
2025-07-03,124.488793,129.314476,124.438842,127.725899,4003600.000000
2025-07-07,127.725900,128.884868,124.673634,126.147316,4427000.000000
2025-07-08,129.764094,131.262755,124.788535,125.777649,6641600.000000
2025-07-09,126.916632,129.364442,125.797636,128.255432,4936300.000000
2025-07-10,127.885760,128.705036,109.961769,120.612259,24686000.000000
2025-07-11,120.002801,124.528757,118.594056,123.189957,7222200.000000
2025-07-14,121.891115,125.447935,121.891115,124.608688,6560400.000000
2025-07-15,127.825816,129.324477,125.387991,127.256325,7079600.000000
2025-07-16,127.236343,128.335359,122.400666,125.288086,6036900.000000
2025-07-17,128.135527,133.400827,127.321252,131.002960,7989200.000000
2025-07-18,131.397620,133.081113,128.325367,128.944809,5781900.000000
2025-07-21,129.084688,129.634200,125.288084,126.097359,4821200.000000
2025-07-22,125.747676,125.807620,118.993706,125.178185,6335800.000000
2025-07-23,127.795843,131.322691,127.256324,130.073807,6072900.000000
2025-07-24,131.862199,132.831334,129.274514,130.753189,4504500.000000
2025-07-25,132.012075,137.537138,132.012075,137.347305,8556100.000000
2025-07-28,139.005829,142.972287,137.896820,142.422775,10607100.000000
2025-07-29,142.952298,146.189411,140.254710,142.572632,15169700.000000
2025-07-30,146.943742,153.363011,140.234739,144.041336,18502400.000000
2025-07-31,148.617260,152.453830,145.300216,145.470078,10875600.000000
2025-08-01,137.157487,143.012258,135.878631,141.463638,11015000.000000
2025-08-04,144.136249,144.136249,139.425461,140.074875,6744800.000000
2025-08-05,140.704314,141.273797,135.233203,138.636154,5091100.000000
2025-08-06,137.467214,140.084886,136.128413,139.625290,4079300.000000
2025-08-07,140.874143,140.914100,137.297336,139.265579,5302500.000000
2025-08-08,141.053984,141.453636,138.276466,139.805099,3734000.000000
2025-08-11,139.045801,141.313779,138.376401,139.705215,4109500.000000
2025-08-12,141.173897,145.470063,139.675236,143.591736,6185600.000000
2025-08-13,144.870582,144.990470,133.830441,137.277359,9976000.000000
2025-08-14,134.090228,135.808678,131.412611,132.401733,8129200.000000
2025-08-15,132.401736,133.230997,129.104678,132.951248,6207700.000000
2025-08-18,132.251864,135.658825,132.131976,135.568909,3251400.000000
2025-08-19,132.891287,133.850437,127.226349,128.934830,7307700.000000
2025-08-20,126.317160,127.526080,121.301644,127.426170,8282300.000000
2025-08-21,127.655958,128.515199,125.672737,126.467026,3744300.000000
2025-08-22,126.886654,131.121869,125.607798,125.857574,5622100.000000
2025-08-25,126.347134,126.736785,123.819393,124.908417,4610800.000000
2025-08-26,125.397981,129.159612,124.798518,127.815819,5947500.000000
2025-08-27,127.316276,131.052936,126.450053,129.194595,6412800.000000
2025-08-28,132.891271,134.812559,131.052917,134.110184,6817500.000000
2025-08-29,133.011179,133.220983,126.117336,127.436157,6367600.000000
2025-09-02,123.589594,124.378890,119.558199,123.899323,8130500.000000
2025-09-03,124.688617,125.622780,122.960158,125.477905,4081900.000000
2025-09-04,125.787640,126.976573,124.358916,125.587814,4607300.000000
2025-09-05,127.695933,128.462247,118.594063,123.889336,7719600.000000
2025-09-08,125.597809,125.607802,120.862041,121.711281,10222700.000000
2025-09-09,123.969257,125.867563,120.722158,125.467918,7608500.000000
2025-09-10,134.120197,141.093963,134.120197,136.617966,12971100.000000
2025-09-11,138.296455,138.296455,133.830444,135.588882,6779700.000000
2025-09-12,135.379065,136.969639,133.440794,134.719650,4065400.000000
2025-09-15,135.836970,141.973219,134.317894,138.175537,7643900.000000
2025-09-16,140.164320,141.128727,135.047453,136.566513,5449900.000000
2025-09-17,135.557139,137.480966,132.603942,136.746414,5123300.000000
2025-09-18,138.915092,142.532876,136.886334,141.873291,5295000.000000
2025-09-19,142.542875,144.401739,139.294860,143.512283,6682800.000000
2025-09-22,142.962612,152.356863,142.163098,151.867172,8731700.000000
2025-09-23,151.227574,152.007097,139.064995,142.522888,16541300.000000
2025-09-24,143.392358,146.010768,140.763974,141.533493,5978100.000000
2025-09-25,136.926292,141.098745,133.768235,139.684616,6197600.000000
2025-09-26,138.915082,140.893868,136.996256,138.535309,3607600.000000
2025-09-29,141.913261,145.521056,141.313621,143.222458,5876700.000000
2025-09-30,143.912042,150.837802,143.912042,150.767853,6822300.000000
2025-10-01,149.028903,162.125909,147.259996,161.491287,12844000.000000
2025-10-02,164.199639,168.886776,157.213903,161.541260,8936100.000000
2025-10-03,161.541265,163.779902,157.733595,160.102142,5728500.000000
2025-10-06,168.741851,169.726250,162.240821,162.700546,7203300.000000
2025-10-07,164.649362,164.899210,154.675463,158.772949,6899100.000000
2025-10-08,160.426932,167.447650,159.174707,167.277756,4889900.000000
2025-10-09,168.277161,170.784631,164.649373,168.776855,4972800.000000
2025-10-10,178.320997,182.993145,168.546973,168.906754,16066600.000000
2025-10-13,174.903087,184.327335,171.894932,178.890656,11056200.000000
2025-10-14,171.585121,181.728915,168.097248,175.042999,7427500.000000
2025-10-15,179.890036,182.878215,175.492730,180.399719,5642900.000000
2025-10-16,182.398502,182.888208,175.102974,177.711380,5000100.000000
2025-10-17,174.893112,177.891279,170.195986,173.893723,5880700.000000
2025-10-20,177.891268,179.680168,173.843739,175.622650,6692000.000000
2025-10-21,174.973050,177.081761,170.455807,174.693222,8130700.000000
2025-10-22,182.488452,184.387285,162.580608,171.485168,22483700.000000
2025-10-23,174.423387,183.927572,173.893712,183.088089,9679400.000000
2025-10-24,186.735876,188.774623,184.787055,185.946350,7188500.000000
2025-10-27,189.873955,193.881500,188.798608,192.782166,6673000.000000
2025-10-28,192.652251,195.585456,185.906374,190.453598,6044100.000000
2025-10-29,193.581680,199.378140,193.012036,199.148285,6298900.000000
2025-10-30,193.741592,202.326342,192.272489,193.641647,5693500.000000
2025-10-31,196.829701,199.747916,188.464818,192.742203,7726600.000000
2025-11-03,196.030164,197.479290,189.454197,191.283066,6065100.000000
2025-11-04,183.188030,186.785821,177.391570,180.709549,8984800.000000
2025-11-05,181.963771,193.281850,180.889431,190.593506,6534700.000000
2025-11-06,190.888326,190.888326,180.399727,182.908203,5907100.000000
2025-11-07,176.891878,179.690170,169.506393,179.690170,9143000.000000
2025-11-10,187.905148,191.293077,184.647130,187.725250,5590100.000000
2025-11-11,183.887601,187.365471,177.931235,178.940628,5625700.000000
2025-11-12,181.998766,182.458492,172.904318,173.264099,6131700.000000
2025-11-13,169.871176,170.545751,160.571852,163.540039,11389900.000000
2025-11-14,161.901048,175.772575,159.562481,170.865570,10018700.000000
2025-11-17,168.287130,174.743190,164.459468,166.548187,5249900.000000
2025-11-18,163.210236,169.022693,157.903483,164.759293,7586300.000000
2025-11-19,165.958553,174.553306,165.808651,170.545746,6070500.000000
2025-11-20,176.811920,180.764506,157.983433,159.512497,10076100.000000
2025-11-21,159.902270,161.191476,149.018923,159.732376,10577700.000000
2025-11-24,162.330771,171.695058,162.330771,168.806824,8208200.000000
2025-11-25,167.510139,169.619638,158.852196,169.529663,8573200.000000
2025-11-26,172.164034,174.828393,170.509429,171.979080,5264800.000000
2025-11-28,173.478712,179.757216,172.618916,179.687225,4059600.000000
2025-12-01,175.858136,182.601541,173.158781,179.177353,6501500.000000
2025-12-02,182.776508,186.325651,179.577257,180.866959,5304500.000000
2025-12-03,178.977414,180.886948,172.658910,178.837448,5374500.000000
2025-12-04,179.297331,185.295904,177.117857,182.496567,4962300.000000
2025-12-05,182.126645,189.614868,180.057146,188.975021,7445800.000000
2025-12-08,186.125706,188.455153,181.956700,185.565842,5556300.000000
2025-12-09,181.136876,182.456570,176.497981,178.337555,6414700.000000
2025-12-10,179.337327,185.360887,175.508236,181.776749,5301300.000000
2025-12-11,177.457765,178.957408,167.140213,178.617493,11321100.000000
2025-12-12,173.258765,174.108553,159.781977,161.231628,12512200.000000
2025-12-15,163.371124,166.510376,159.961931,161.701523,8861400.000000
2025-12-16,158.312332,162.431347,154.613200,160.621780,7808700.000000
2025-12-17,160.971690,160.971690,147.784841,149.794357,11959800.000000
2025-12-18,156.392764,158.717223,151.463945,154.353256,7773800.000000
2025-12-19,155.962884,162.331364,155.233062,159.781982,9716400.000000
2025-12-22,166.090483,166.960271,162.911231,166.210449,5688100.000000
2025-12-23,165.490606,167.920036,161.791490,166.220428,3220400.000000
2025-12-24,165.960504,167.460147,164.580827,166.830292,1335200.000000
2025-12-26,167.220199,168.399927,165.810546,167.540131,2532800.000000
2025-12-29,165.760547,168.949790,163.751015,165.580582,3075200.000000
2025-12-30,165.950505,166.360395,163.841006,164.300888,3764300.000000
2025-12-31,164.650821,165.718560,161.871484,161.971451,2575500.000000
2026-01-02,169.424680,177.207831,169.089768,175.568222,7348200.000000
2026-01-05,182.586542,183.206390,170.399441,173.908600,5860200.000000
2026-01-06,169.319705,175.168319,162.171412,174.908371,7813700.000000
2026-01-07,168.959787,174.168554,168.489898,171.499176,5205600.000000
2026-01-08,170.709374,171.219247,158.732229,160.741745,7684900.000000
2026-01-09,162.361350,164.730796,161.151646,163.541077,5665300.000000
2026-01-12,164.140933,171.289242,164.120949,169.989548,4181100.000000
2026-01-13,170.059538,175.168322,169.699623,172.678909,3648000.000000
2026-01-14,172.159029,175.518230,167.560132,170.819351,3780800.000000
2026-01-15,175.958115,179.627240,172.308990,172.498932,4104000.000000
2026-01-16,174.588453,180.327078,173.458717,176.887894,4502300.000000
2026-01-20,170.809349,177.927650,169.965541,175.138306,4690500.000000
2026-01-21,176.647958,182.452576,172.958833,181.426819,5587300.000000
2026-01-22,186.875527,189.854814,179.157363,181.076904,5508700.000000
2026-01-23,182.176639,183.676282,175.688178,182.446579,3496300.000000
2026-01-26,180.976933,185.275913,180.037154,181.186874,3020100.000000
2026-01-27,182.356601,189.254968,178.217586,189.164993,4390300.000000
2026-01-28,189.754848,193.953846,188.025264,193.713898,4935700.000000
2026-01-29,196.933131,199.143604,186.135698,195.053589,5662000.000000
2026-01-30,194.863630,200.347326,185.555848,186.135696,4502700.000000
2026-02-02,182.606533,191.854332,181.956694,189.964783,4112100.000000
2026-02-03,189.964786,194.953604,182.966451,190.104752,4433000.000000
2026-02-04,190.654618,194.834623,172.558934,182.516556,8287200.000000
2026-02-05,176.248043,183.291380,172.308994,177.707703,6144600.000000
2026-02-06,180.876947,195.763404,180.876947,195.533463,7197300.000000
2026-02-09,196.733176,208.380397,195.788408,201.951935,7638400.000000
2026-02-10,202.951695,206.300904,197.333037,199.572495,6707800.000000
2026-02-11,233.194503,249.890527,232.944562,248.450867,19793500.000000
2026-02-12,243.891952,255.479191,234.454196,236.453720,12438800.000000
2026-02-13,238.163322,239.453008,226.995981,234.474197,6785200.000000
2026-02-17,234.524179,245.346600,232.064757,243.472046,6449600.000000
2026-02-18,246.941222,253.989547,240.322802,243.152130,5350700.000000
2026-02-19,240.972651,247.651070,239.467013,243.002167,3929800.000000
2026-02-20,240.932664,246.741279,238.133327,243.692001,3879200.000000
2026-02-23,242.542282,245.711526,239.942894,245.361603,4026100.000000
2026-02-24,246.441341,253.419675,241.212590,253.089752,5458200.000000
2026-02-25,255.399230,264.796972,254.939333,262.127625,6580300.000000
2026-02-26,260.088099,260.088099,241.632500,259.168335,8566400.000000
2026-02-27,251.440153,257.738642,245.611538,254.829346,6967900.000000
2026-03-02,249.380640,258.838380,244.161881,257.688660,5382300.000000
2026-03-03,245.471573,248.160935,234.664148,244.381836,6866600.000000
2026-03-04,249.340657,255.239263,245.281626,251.220215,4298500.000000
2026-03-05,247.431110,258.258535,238.683193,249.690567,5291500.000000
2026-03-06,240.942660,251.410170,238.593213,241.722473,8772600.000000
2026-03-09,251.430169,266.606565,250.940280,264.287109,20427900.000000
2026-03-10,265.486791,274.784596,264.437053,269.995728,11306800.000000
2026-03-11,272.045226,276.714128,266.506567,268.196167,7103200.000000
2026-03-12,263.587265,271.375420,257.193797,265.316864,7465400.000000
2026-03-13,265.136924,269.155957,256.012081,258.818420,6981200.000000
2026-03-16,261.617732,270.845547,261.617732,264.677002,7386700.000000
2026-03-17,260.660004,270.869995,259.510010,268.410004,5121300.000000
2026-03-18,271.630005,274.730011,264.540009,264.709991,6673800.000000
2026-03-19,258.440002,271.101013,256.040009,269.170013,7084600.000000
2026-03-20,268.619995,272.839996,255.509995,255.880005,87826600.000000
2026-03-23,258.994995,271.880005,255.119995,256.000000,8888100.000000
2026-03-24,256.000000,270.910004,251.149994,270.890015,6843000.000000
2026-03-25,276.799988,282.049988,274.000000,276.160004,5929000.000000
2026-03-26,273.809998,274.160004,252.399994,252.399994,6621700.000000
2026-03-27,249.960007,256.839996,248.500000,251.070007,5444500.000000
2026-03-30,253.710007,255.449997,231.699997,234.220001,6930400.000000
2026-03-31,233.000000,251.000000,233.000000,250.580002,6686100.000000
2026-04-01,257.000000,265.549988,257.000000,259.369995,5112600.000000
2026-04-02,249.119995,267.000000,247.914993,261.290009,3965500.000000
2026-04-06,262.929993,266.524994,258.589996,258.730011,3305700.000000
2026-04-07,256.970001,262.480011,252.009995,262.299988,2937200.000000
2026-04-08,279.869995,285.600006,273.380005,281.029999,5696700.000000
2026-04-09,280.989990,291.000000,280.970001,287.640015,5166400.000000
2026-04-10,289.750000,297.559998,289.299988,295.109985,4644800.000000
2026-04-13,294.980011,300.679993,294.980011,299.959991,4733900.000000
2026-04-14,307.000000,312.459991,299.010010,310.510010,4993800.000000
2026-04-15,309.500000,311.000000,296.640015,301.160004,5353600.000000
2026-04-16,303.000000,303.309998,292.670013,294.130005,4832600.000000
2026-04-17,298.700012,308.540009,298.220001,307.339996,5805500.000000
2026-04-20,307.005005,315.660004,305.109985,314.410004,4672300.000000
2026-04-21,316.100006,323.037994,310.839996,312.440002,7285400.000000
2026-04-22,305.320007,312.980011,296.799988,305.140015,9835900.000000
2026-04-23,304.200012,325.250000,304.200012,321.750000,7067000.000000
2026-04-24,328.000000,330.295013,316.399994,323.459991,5281500.000000
2026-04-27,325.989990,328.049988,307.071014,322.429993,5442500.000000
2026-04-28,307.195007,314.510010,293.880005,305.029999,8217600.000000
2026-04-29,307.049988,309.970001,299.799988,306.179993,4536300.000000
2026-04-30,313.750000,330.000000,312.339996,328.489990,6268700.000000
2026-05-01,330.649994,331.970001,324.230011,328.309998,4408600.000000
2026-05-04,329.579987,332.950012,321.450012,330.970001,4927400.000000
2026-05-05,334.070007,341.119995,330.600006,341.019989,5456200.000000
2026-05-06,351.559998,359.839996,343.649994,358.920013,5583200.000000
2026-05-07,358.575012,359.000000,336.179993,340.010010,5458100.000000
2026-05-08,349.785004,350.989990,339.709991,339.970001,4081000.000000
2026-05-11,342.013000,371.994995,342.013000,367.920013,7279200.000000
2026-05-12,361.320007,370.265015,349.019989,367.130005,6556200.000000
2026-05-13,375.700012,377.769989,360.910004,369.989990,4461000.000000
2026-05-14,370.239990,379.934998,365.149994,376.230011,3611300.000000
2026-05-15,364.309998,373.910004,356.269989,370.940002,4871200.000000
2026-05-18,370.295013,370.295013,330.720001,339.730011,8086700.000000
2026-05-19,329.679993,334.625000,314.339996,322.630005,9039500.000000
2026-05-20,325.000000,329.429993,314.250000,315.670013,6014000.000000
2026-05-21,322.299988,330.329987,319.000000,323.399994,5221300.000000
2026-05-22,333.959991,334.890015,324.000000,327.459991,4801800.000000
2026-05-26,341.059998,343.309998,323.260010,323.910004,6523700.000000
2026-05-27,326.010010,326.162994,310.100006,319.779999,5293000.000000
2026-05-28,316.399994,320.674988,307.299988,314.179993,5384100.000000
2026-05-29,315.200012,319.579987,308.000000,315.709991,7218800.000000
2026-06-01,317.989990,328.579987,313.130005,323.390015,6162100.000000
2026-06-02,335.149994,345.179993,331.230011,334.489990,5077300.000000
2026-06-03,340.864990,343.630005,326.790009,331.440002,3927700.000000
2026-06-04,321.095001,326.859985,306.000000,323.920013,6075900.000000
