date,open,high,low,close,volume
2016-10-05,11.719754,12.085996,11.353512,11.353512,569700.000000
2016-10-06,11.353509,11.646502,11.353509,11.536630,264900.000000
2016-10-07,11.646502,11.646502,11.500006,11.646502,110900.000000
2016-10-10,11.683127,18.487908,11.646503,11.719751,6300.000000
2016-10-11,11.793003,12.085996,11.719754,11.976124,158400.000000
2016-10-12,11.976124,12.452239,11.719754,11.976124,160500.000000
2016-10-13,12.085992,12.085992,11.719750,11.792998,265800.000000
2016-10-14,11.756373,11.792998,11.756373,11.792998,45500.000000
2016-10-17,11.829622,11.829622,11.792998,11.792998,20600.000000
2016-10-18,11.822299,11.822299,11.690452,11.719751,464300.000000
2016-10-19,11.536630,11.719751,11.536630,11.712426,140400.000000
2016-10-20,11.646502,11.719751,11.536630,11.646502,653900.000000
2016-10-21,11.463381,11.573254,11.353509,11.500006,27500.000000
2016-10-24,11.536631,11.536631,11.353510,11.485357,130300.000000
2016-10-25,11.360835,11.412108,11.170389,11.412108,6200.000000
2016-10-26,11.353510,11.353510,11.243638,11.316886,52300.000000
2016-10-27,11.243639,11.243639,11.104467,11.133766,271100.000000
2016-10-28,11.133766,11.316887,10.987269,11.133766,2185200.000000
2016-10-31,11.170391,11.170391,10.987269,11.133766,25900.000000
2016-11-01,10.987267,10.987267,10.914019,10.987267,11800.000000
2016-11-02,10.840771,10.840771,9.888541,9.961790,9900.000000
2016-11-03,10.071662,10.108287,9.961790,9.961790,122300.000000
2016-11-04,9.961791,10.254785,9.961791,10.254785,603600.000000
2016-11-07,10.328030,10.437902,10.328030,10.328030,2300.000000
2016-11-08,10.254785,10.437906,10.181536,10.401281,335100.000000
2016-11-09,10.181535,10.364657,10.181535,10.291409,106300.000000
2016-11-10,10.328033,10.423255,10.328033,10.423255,2629000.000000
2016-11-11,10.547777,10.914020,10.547777,10.774848,13400.000000
2016-11-14,10.767522,10.950643,10.547776,10.547776,121500.000000
2016-11-15,10.547777,10.584402,10.489179,10.489179,798600.000000
2016-11-16,10.511151,10.511151,10.328030,10.328030,65600.000000
2016-11-17,10.328033,10.328033,10.254784,10.291409,60400.000000
2016-11-18,10.328030,10.364653,10.181532,10.328030,728700.000000
2016-11-21,10.254785,10.284084,10.254785,10.254785,28000.000000
2016-11-22,10.291409,10.291409,10.291409,10.291409,100000.000000
2016-11-23,10.254785,10.254785,10.254785,10.254785,50000.000000
2016-11-25,10.254785,10.254785,10.254785,10.254785,0.000000
2016-11-28,10.291409,10.364657,10.291409,10.364657,500.000000
2016-11-29,10.364654,10.364654,10.071661,10.071661,124600.000000
2016-11-30,10.144914,10.218162,10.108289,10.218162,291500.000000
2016-12-01,10.262107,10.262107,10.225483,10.225483,127300.000000
2016-12-02,10.181534,10.181534,9.998412,10.144910,18400.000000
2016-12-05,10.364655,10.621025,10.254782,10.584400,530600.000000
2016-12-06,11.207013,11.463382,10.987268,11.426759,925600.000000
2016-12-07,11.412111,11.426761,11.316887,11.353512,523700.000000
2016-12-08,11.390133,11.719751,11.353509,11.646502,625800.000000
2016-12-09,11.719753,12.122619,11.646505,12.012747,588400.000000
2016-12-12,12.085997,12.085997,11.902876,11.902876,982700.000000
2016-12-13,11.939498,11.939498,11.829626,11.888225,2901100.000000
2016-12-14,11.862587,11.939497,11.719752,11.924849,2399400.000000
2016-12-15,11.959017,12.198197,11.959017,12.121318,1151700.000000
2016-12-16,12.121317,12.129860,12.010270,12.010270,70800.000000
2016-12-19,12.044439,12.155486,11.924848,12.155486,1242500.000000
2016-12-20,12.146943,12.300701,12.129858,12.257991,1128700.000000
2016-12-21,12.283617,12.334870,12.215280,12.257991,607400.000000
2016-12-22,12.257994,12.343415,12.164029,12.206740,525600.000000
2016-12-23,12.172567,12.300699,12.146941,12.287887,35100.000000
2016-12-27,12.343413,12.838858,12.343413,12.813231,149200.000000
2016-12-28,12.821774,13.026785,12.770521,12.813231,121400.000000
2016-12-29,12.813232,13.325761,12.813232,13.240339,414800.000000
2016-12-30,13.240339,13.496604,13.206171,13.240339,72200.000000
2017-01-03,13.240340,13.240340,12.941364,13.120749,3188000.000000
2017-01-04,13.120746,13.752866,13.120746,13.752866,869100.000000
2017-01-05,13.787037,14.009134,13.667448,13.829749,743200.000000
2017-01-06,13.829750,13.906629,13.769955,13.838292,1096100.000000
2017-01-09,13.834018,13.923710,13.582025,13.582025,655300.000000
2017-01-10,13.590568,13.624736,13.530773,13.539315,169400.000000
2017-01-11,13.539314,13.881000,13.308676,13.385555,660000.000000
2017-01-12,13.445350,13.667446,13.402639,13.667446,278700.000000
2017-01-13,13.701613,14.222683,13.701613,14.051841,191300.000000
2017-01-17,14.162889,14.427695,14.009130,14.393527,903100.000000
2017-01-18,14.393530,14.607084,14.325193,14.564372,1593400.000000
2017-01-19,14.521663,14.521663,14.291024,14.419156,925000.000000
2017-01-20,14.427698,14.538747,14.427698,14.470409,1252300.000000
2017-01-23,14.478953,14.564374,14.325194,14.478953,1843200.000000
2017-01-24,14.481513,14.504578,14.265398,14.350819,659400.000000
2017-01-25,14.325194,14.427699,14.094555,14.308109,510500.000000
2017-01-26,14.350815,14.478949,14.346545,14.393527,618200.000000
2017-01-27,14.436240,14.436240,14.239771,14.291023,479500.000000
2017-01-30,14.384987,14.384987,13.923710,13.923710,87900.000000
2017-01-31,14.009134,14.094556,13.710158,13.846832,266400.000000
2017-02-01,14.009134,14.017676,13.915172,13.966424,751100.000000
2017-02-02,14.000593,14.000593,13.863918,13.915173,49900.000000
2017-02-03,13.923710,14.265397,13.838289,14.265397,526500.000000
2017-02-06,14.649796,15.213578,14.581458,14.649796,521100.000000
2017-02-07,14.777924,14.777924,14.598539,14.624166,787700.000000
2017-02-08,14.607084,14.863348,14.581457,14.735216,727800.000000
2017-02-09,14.735216,14.777926,14.666879,14.735216,120100.000000
2017-02-10,14.777925,15.333166,14.521661,15.333166,1072200.000000
2017-02-13,15.247747,15.290457,14.948771,15.162325,506200.000000
2017-02-14,15.162329,15.179413,15.093991,15.119618,543500.000000
2017-02-15,15.136703,15.162330,15.076908,15.076908,283500.000000
2017-02-16,15.119618,15.119618,14.863353,14.863353,267100.000000
2017-02-17,14.863345,14.863345,14.649791,14.820635,180000.000000
2017-02-21,14.820641,14.820641,14.607087,14.632712,1330900.000000
2017-02-22,14.649792,14.735213,14.179974,14.338003,626800.000000
2017-02-23,14.291023,14.299565,13.752868,13.923710,906900.000000
2017-02-24,13.915171,14.197062,13.821206,14.197062,555100.000000
2017-02-27,14.171435,14.179977,13.710157,13.812664,1063000.000000
2017-02-28,13.872458,13.872458,13.769953,13.804121,82700.000000
2017-03-01,13.804120,14.179975,13.804120,13.923710,151000.000000
2017-03-02,13.966424,14.145809,13.838292,13.838292,201600.000000
2017-03-03,13.821206,13.923711,13.821206,13.889544,550900.000000
2017-03-06,13.923711,13.923711,13.667447,13.812664,1063000.000000
2017-03-07,13.812661,13.872455,13.718696,13.752866,90800.000000
2017-03-08,13.752869,13.752869,13.496604,13.539315,481700.000000
2017-03-09,13.505146,13.505146,13.103665,13.163460,542700.000000
2017-03-10,13.112207,13.496604,13.112207,13.402639,830900.000000
2017-03-13,13.453896,14.009136,13.453896,13.855377,300600.000000
2017-03-14,13.838291,13.855374,13.710157,13.812664,331300.000000
2017-03-15,13.851104,13.881001,13.710157,13.787037,490300.000000
2017-03-16,13.795577,13.880999,13.795577,13.795577,248000.000000
2017-03-17,13.812665,13.838292,13.667448,13.735785,1420300.000000
2017-03-20,13.744328,13.855375,13.735786,13.838292,167100.000000
2017-03-21,13.872458,13.872458,13.624735,13.667446,891800.000000
2017-03-22,13.667447,13.667447,13.496604,13.539315,506800.000000
2017-03-23,13.641822,13.667448,13.436810,13.436810,514100.000000
2017-03-24,13.453890,13.667444,13.441077,13.496601,548800.000000
2017-03-27,13.479520,13.556399,13.470978,13.539315,859600.000000
2017-03-28,13.530772,13.633278,13.530772,13.582025,2530900.000000
2017-03-29,13.590567,13.889543,13.590567,13.881001,2384200.000000
2017-03-30,14.137265,14.179976,13.658904,13.906628,3010900.000000
2017-03-31,13.906627,14.077469,13.667446,13.923710,1458000.000000
2017-04-03,14.086014,14.094556,13.667448,13.966424,720000.000000
2017-04-04,13.932253,14.086012,13.932253,14.086012,924200.000000
2017-04-05,14.060387,14.120183,14.026219,14.077472,120500.000000
2017-04-06,14.094553,14.094553,13.992046,14.017673,66000.000000
2017-04-07,14.009133,14.060385,13.727241,13.881001,135000.000000
2017-04-10,13.915170,13.923711,13.863916,13.881001,154400.000000
2017-04-11,13.872457,13.880999,13.728094,13.795577,78100.000000
2017-04-12,13.769953,13.769953,13.650361,13.667446,221300.000000
2017-04-13,13.667447,13.846832,13.667447,13.812664,367800.000000
2017-04-17,13.825476,13.855374,13.582025,13.650362,1134100.000000
2017-04-18,13.650361,13.693073,13.564940,13.667446,582200.000000
2017-04-19,13.667444,13.675986,13.411179,13.496601,752600.000000
2017-04-20,13.496602,13.547855,13.283049,13.283049,402100.000000
2017-04-21,13.283053,13.283053,12.787608,12.984077,1135000.000000
2017-04-24,12.976384,13.325759,12.949904,13.223252,344200.000000
2017-04-25,13.265966,13.283051,13.112208,13.197629,614400.000000
2017-04-26,13.176271,13.368469,13.154915,13.351385,640600.000000
2017-04-27,13.351387,13.368471,12.984074,13.001159,536500.000000
2017-04-28,13.084871,13.095121,12.770519,12.770519,629000.000000
2017-05-01,12.813231,12.855942,12.753436,12.796146,530300.000000
2017-05-02,12.813230,12.830315,12.386123,12.463002,735100.000000
2017-05-03,12.463005,12.757709,12.463005,12.548426,770400.000000
2017-05-04,12.569781,12.642389,12.480088,12.488630,692200.000000
2017-05-05,12.565510,13.018244,12.565510,12.838859,1424300.000000
2017-05-08,12.838858,12.855942,12.787605,12.813231,2124100.000000
2017-05-09,12.813228,12.830313,12.787602,12.821771,2346700.000000
2017-05-10,12.941364,13.069497,12.796148,12.941364,2299800.000000
2017-05-11,12.898652,13.112205,12.813230,13.086578,3080400.000000
2017-05-12,13.112208,13.522232,13.095124,13.308678,972700.000000
2017-05-15,13.274509,13.470979,13.240340,13.436810,692600.000000
2017-05-16,13.470979,13.667448,13.146377,13.172003,1235800.000000
2017-05-17,13.214714,13.385557,12.838859,12.890112,1080900.000000
2017-05-18,12.941364,12.941364,12.548425,12.642389,1413600.000000
2017-05-19,13.026784,13.069495,12.386123,12.847399,5709800.000000
2017-05-22,12.813232,12.932822,12.710726,12.779063,1442200.000000
2017-05-23,12.770521,12.817503,12.685099,12.813231,1370200.000000
2017-05-24,12.779063,12.890111,12.650931,12.813231,1953300.000000
2017-05-25,12.787604,12.838857,12.646659,12.685099,2504400.000000
2017-05-26,12.719267,12.855942,12.625303,12.804688,2107000.000000
2017-05-30,12.770517,12.804686,12.608217,12.744891,1328500.000000
2017-05-31,12.693643,12.770522,12.556968,12.616764,1114300.000000
2017-06-01,12.599678,12.774792,12.599678,12.736352,1227000.000000
2017-06-02,12.770520,12.830316,12.650930,12.804688,2294200.000000
2017-06-05,12.975530,13.257422,12.898652,13.035326,4910400.000000
2017-06-06,12.958449,13.300134,12.873027,13.257424,3637900.000000
2017-06-07,13.240341,13.488064,13.112209,13.394100,4022700.000000
2017-06-08,13.325760,13.539314,13.291591,13.428266,1957000.000000
2017-06-09,13.488059,13.650359,13.385553,13.496601,1820300.000000
2017-06-12,13.411181,13.752868,13.325760,13.667446,2991700.000000
2017-06-13,13.658906,14.077471,13.658906,13.966424,3229900.000000
2017-06-14,13.923708,14.350815,13.923708,14.342275,5430800.000000
2017-06-15,14.248316,14.384990,14.103099,14.179978,2330000.000000
2017-06-16,14.179975,14.419154,14.009131,14.265397,22643500.000000
2017-06-19,14.214143,14.342277,14.205601,14.265397,2528300.000000
2017-06-20,14.231226,14.333732,14.192786,14.282478,4076800.000000
2017-06-21,14.282480,14.299565,14.184246,14.265397,2813800.000000
2017-06-22,14.308111,14.308111,14.077472,14.222689,4504500.000000
2017-06-23,14.299567,14.444784,14.179977,14.308109,20845100.000000
2017-06-26,14.308107,14.402071,14.197060,14.265397,2591600.000000
2017-06-27,14.265397,14.393529,14.235500,14.265397,2854200.000000
2017-06-28,14.308108,14.436240,14.205601,14.402072,2770800.000000
2017-06-29,14.393529,14.419154,14.256855,14.265397,3179800.000000
2017-06-30,14.256853,14.367900,14.188516,14.342275,1450000.000000
2017-07-03,14.402070,14.555829,14.342275,14.530202,880700.000000
2017-07-05,14.521661,14.521661,14.222685,14.299564,1571800.000000
2017-07-06,14.367902,14.384986,14.000589,14.068926,1432000.000000
2017-07-07,14.214145,14.231229,13.949338,14.043303,1720600.000000
2017-07-10,14.017674,14.103096,13.932252,14.026217,1290000.000000
2017-07-11,13.983508,14.086013,13.804122,14.043303,1709400.000000
2017-07-12,14.060385,14.162892,13.795579,13.898086,2418600.000000
2017-07-13,13.932253,13.932253,13.488062,13.564941,1888500.000000
2017-07-14,13.577754,13.727241,13.517959,13.684531,1298400.000000
2017-07-17,13.667446,13.740054,13.547856,13.633278,1130000.000000
2017-07-18,13.684529,13.795576,13.624733,13.693071,1715700.000000
2017-07-19,13.633278,13.795578,13.573483,13.633278,836000.000000
2017-07-20,13.710158,13.889545,13.590569,13.838292,1209100.000000
2017-07-21,13.906627,14.026216,13.881000,14.000589,1038700.000000
2017-07-24,13.940797,14.308110,13.838292,14.179978,1410700.000000
2017-07-25,14.179976,14.325193,13.906628,14.188519,1975200.000000
2017-07-26,14.188519,14.248314,14.000590,14.103097,1002400.000000
2017-07-27,14.034762,14.132997,13.983510,14.111642,598300.000000
2017-07-28,14.077471,14.128725,13.983508,14.034760,523800.000000
2017-07-31,14.009133,14.086867,13.974966,14.034760,484600.000000
2017-08-01,13.992048,14.188519,13.949338,14.188519,920900.000000
2017-08-02,14.086015,14.179979,13.906630,14.111642,1092000.000000
2017-08-03,14.179978,14.222688,13.740056,13.821207,1056600.000000
2017-08-04,13.821208,14.256858,13.599111,14.231231,1611000.000000
2017-08-07,14.256856,14.598542,14.256856,14.538747,744200.000000
2017-08-08,14.478950,14.709587,14.393529,14.683962,1043500.000000
2017-08-09,14.615624,14.726671,14.513117,14.581454,1450100.000000
2017-08-10,14.538745,14.666877,14.478950,14.521660,1501500.000000
2017-08-11,14.444783,14.803554,14.419156,14.701047,1166500.000000
2017-08-14,14.701049,14.948772,14.581459,14.846266,1239900.000000
2017-08-15,14.846264,14.991480,14.795011,14.957313,1405700.000000
2017-08-16,14.906062,15.119616,14.871892,15.085446,1334300.000000
2017-08-17,15.222116,15.247743,14.607082,14.624166,1558200.000000
2017-08-18,14.675415,15.055541,14.598536,14.982933,1571900.000000
2017-08-21,14.948772,15.179411,14.880435,15.085446,1076100.000000
2017-08-22,15.085441,15.179405,14.982936,15.102526,947000.000000
2017-08-23,15.068362,15.196496,15.068362,15.136700,825800.000000
2017-08-24,15.119620,15.170872,15.064095,15.076908,858800.000000
2017-08-25,15.162325,15.196494,15.068361,15.162325,729900.000000
2017-08-28,15.205038,15.205038,15.128158,15.170870,955200.000000
2017-08-29,15.025652,15.205036,15.025652,15.128157,689800.000000
2017-08-30,15.111074,15.153784,14.777929,14.829183,858700.000000
2017-08-31,14.820643,15.128159,14.782203,15.119618,792100.000000
2017-09-01,15.102527,15.444213,15.102527,15.239202,2499100.000000
2017-09-05,15.333169,15.333169,15.017108,15.162325,1172700.000000
2017-09-06,15.153781,15.252016,15.102529,15.179408,758900.000000
2017-09-07,15.102529,15.307541,15.102529,15.264831,912600.000000
2017-09-08,15.256294,15.316089,14.658343,15.076908,1159600.000000
2017-09-11,15.136700,15.264833,15.025652,15.136700,652300.000000
2017-09-12,15.102534,15.179413,15.008569,15.119618,594100.000000
2017-09-13,15.187953,15.299000,15.068362,15.128157,1663900.000000
2017-09-14,15.093986,15.367335,14.982939,15.205033,1010300.000000
2017-09-15,15.247747,15.333169,15.085445,15.187952,1880200.000000
2017-09-18,15.213577,15.375879,15.111072,15.367336,2046300.000000
2017-09-19,15.341699,15.418579,15.239194,15.273362,1584900.000000
2017-09-20,15.418586,15.640682,15.350249,15.563803,1534000.000000
2017-09-21,15.521097,15.561245,15.392965,15.512555,581200.000000
2017-09-22,15.529638,15.610788,15.486926,15.504011,884600.000000
2017-09-25,15.597977,15.610790,15.469845,15.512555,848800.000000
2017-09-26,15.580892,15.854241,15.486928,15.768819,1247500.000000
2017-09-27,15.794444,16.101962,15.734649,15.973830,1481700.000000
2017-09-28,15.973833,16.195927,15.892681,15.931121,1769100.000000
2017-09-29,15.939658,16.144670,15.871321,15.965285,1895300.000000
2017-10-02,15.973826,16.178838,15.922572,16.144669,1875100.000000
2017-10-03,16.400934,16.443644,15.973826,16.144669,3313000.000000
2017-10-04,16.153211,16.306970,16.110501,16.170296,6352000.000000
2017-10-05,16.204468,16.511986,16.170300,16.332602,4771000.000000
2017-10-06,16.477813,16.477813,15.931114,16.050705,3453900.000000
2017-10-09,16.119043,16.187380,15.965284,16.170296,1734300.000000
2017-10-10,16.187384,16.306974,15.982371,16.067793,2102500.000000
2017-10-11,15.999455,16.238636,15.990913,16.238636,1955100.000000
2017-10-12,16.298433,16.358228,16.084879,16.298433,2087600.000000
2017-10-13,16.358223,16.366765,16.084874,16.230091,1540800.000000
2017-10-16,16.289891,16.319788,16.170301,16.221554,2834800.000000
2017-10-17,16.255721,16.315516,16.101962,16.238636,1915800.000000
2017-10-18,16.230094,16.366769,15.931118,15.973830,1511600.000000
2017-10-19,15.888408,16.093419,15.751734,16.084877,1302100.000000
2017-10-20,16.213006,16.272801,16.127585,16.255718,1608200.000000
2017-10-23,16.247177,16.725538,16.247177,16.640116,1782700.000000
2017-10-24,16.802420,16.870757,16.708455,16.725540,1925600.000000
2017-10-25,16.785336,17.460167,16.605951,17.357660,6720100.000000
2017-10-26,17.357658,18.109368,17.229526,17.502874,4931000.000000
2017-10-27,17.485789,17.648090,17.229525,17.340572,3175400.000000
2017-10-30,17.084314,17.092856,15.691943,15.862785,26446200.000000
2017-10-31,15.990911,16.716995,15.896949,16.605947,11236700.000000
2017-11-01,16.716997,16.785334,16.281347,16.409479,5730600.000000
2017-11-02,16.418022,16.614493,15.849969,16.332602,6306100.000000
2017-11-03,16.332599,16.546153,16.195923,16.426561,4222700.000000
2017-11-06,16.460733,16.631576,16.349684,16.537613,3905200.000000
2017-11-07,16.554693,16.640115,16.178839,16.187382,4194900.000000
2017-11-08,16.230091,16.247176,16.089145,16.127584,5564100.000000
2017-11-09,16.067794,16.204468,15.563807,15.632144,5514300.000000
2017-11-10,15.597975,15.965288,15.580890,15.896951,6009500.000000
2017-11-13,15.914031,16.238634,15.760274,16.187382,3810700.000000
2017-11-14,16.213006,16.571777,16.204464,16.383850,7720500.000000
2017-11-15,16.358225,16.494899,16.076334,16.358225,5911600.000000
2017-11-16,16.418024,16.452194,16.144676,16.213013,6226300.000000
2017-11-17,16.264262,16.435104,16.136129,16.358225,6946200.000000
2017-11-20,16.358222,16.375307,16.101959,16.170296,3103300.000000
2017-11-21,16.221548,16.234361,15.999452,16.144669,4769900.000000
2017-11-22,16.204465,16.618760,16.204465,16.605947,3314800.000000
2017-11-24,16.588862,16.648657,16.400935,16.469273,1959900.000000
2017-11-27,16.503443,16.503443,16.101962,16.247179,5567000.000000
2017-11-28,16.298429,16.443646,16.259990,16.426561,5034400.000000
2017-11-29,16.375310,16.469274,16.093419,16.358225,6259500.000000
2017-11-30,16.426560,16.588861,16.067789,16.144669,18083700.000000
2017-12-01,16.119050,16.289892,15.837159,15.999458,6515400.000000
2017-12-04,16.084882,16.110509,15.726111,15.862785,6615100.000000
2017-12-05,15.820072,15.837157,15.017109,15.213578,5591800.000000
2017-12-06,15.239204,15.281914,14.820638,14.957313,5073200.000000
2017-12-07,14.965854,15.222118,14.824908,15.179408,4589200.000000
2017-12-08,15.170867,15.256289,14.974398,15.162325,2862700.000000
2017-12-11,15.136697,15.504010,15.136697,15.469842,5689700.000000
2017-12-12,15.495467,15.674853,15.316082,15.435672,4216200.000000
2017-12-13,15.333168,15.384420,14.607084,14.906060,6053500.000000
2017-12-14,14.795007,14.957309,14.649791,14.726670,4332500.000000
2017-12-15,14.701047,14.923143,14.701047,14.786469,5321600.000000
2017-12-18,14.752296,15.230656,14.752296,15.196488,3594900.000000
2017-12-19,15.230664,15.529639,15.136699,15.375880,4859500.000000
2017-12-20,15.469845,15.768819,15.427133,15.512555,4206600.000000
2017-12-21,15.546725,15.717567,15.435676,15.512555,6193900.000000
2017-12-22,15.461301,15.546723,15.234933,15.358794,4314700.000000
2017-12-26,15.358794,15.478386,15.136698,15.153783,3764100.000000
2017-12-27,15.179413,15.486930,15.179413,15.247750,3263000.000000
2017-12-28,15.239199,15.388686,15.153777,15.298994,3391900.000000
2017-12-29,15.290458,15.828614,15.273373,15.649228,4558300.000000
2018-01-02,15.597972,15.743189,15.478383,15.734647,3790700.000000
2018-01-03,15.785901,16.084877,15.649227,15.777359,4049700.000000
2018-01-04,15.760272,16.213005,15.717560,15.794439,4480500.000000
2018-01-05,15.854242,15.973834,15.632146,15.956749,2765500.000000
2018-01-08,15.956746,16.093420,15.815799,15.973830,3789300.000000
2018-01-09,15.905495,15.931120,15.555265,15.768819,4521200.000000
2018-01-10,15.709021,15.807256,15.546721,15.674853,2610800.000000
2018-01-11,15.777360,15.871324,15.580891,15.837156,3591900.000000
2018-01-12,15.845701,15.905497,15.751738,15.862785,2015200.000000
2018-01-16,15.914034,15.914034,15.333169,15.358794,3053200.000000
2018-01-17,15.461298,15.879863,15.384418,15.751731,4217000.000000
2018-01-18,15.871319,16.076330,15.841422,16.050705,8061900.000000
2018-01-19,16.067792,16.704183,16.037895,16.648659,7149300.000000
2018-01-22,16.682828,16.879297,16.418020,16.435104,4690700.000000
2018-01-23,16.418019,16.614490,16.349682,16.426561,4096300.000000
2018-01-24,16.460731,16.904924,16.418020,16.640116,5249700.000000
2018-01-25,16.708453,16.875025,16.529068,16.845127,3372600.000000
2018-01-26,16.887840,16.998887,16.734081,16.904924,2234800.000000
2018-01-29,16.828042,16.879294,16.584590,16.708450,2450900.000000
2018-01-30,16.631568,16.665738,16.259985,16.366762,3917400.000000
2018-01-31,16.375313,16.674288,16.341143,16.657204,2919600.000000
2018-02-01,16.631576,16.956179,16.597408,16.776793,4312700.000000
2018-02-02,16.597406,16.734080,16.272803,16.358225,3360600.000000
2018-02-05,16.221550,16.396664,15.683395,15.828611,3691400.000000
2018-02-06,15.521093,16.101959,15.205032,15.948200,5663500.000000
2018-02-07,15.862779,16.452188,15.820069,15.828611,5851800.000000
2018-02-08,15.828613,15.918305,14.897518,14.914601,4777900.000000
2018-02-09,14.991471,15.435663,14.786460,15.273362,5662600.000000
2018-02-12,15.333168,15.401506,14.871891,15.341709,4424100.000000
2018-02-13,15.298998,15.662039,15.239204,15.589432,2400000.000000
2018-02-14,15.478379,15.717559,15.418583,15.597969,1754700.000000
2018-02-15,15.709020,15.990911,15.521093,15.965285,1950900.000000
2018-02-16,15.922576,16.238636,15.888408,16.084877,1548300.000000
2018-02-20,16.042164,16.225821,16.007995,16.127584,2945600.000000
2018-02-21,16.187381,16.264261,15.888405,15.948200,2487200.000000
2018-02-22,15.999454,16.221550,15.862780,15.990911,3585500.000000
2018-02-23,16.059251,16.272804,15.973830,16.247179,4884700.000000
2018-02-26,16.341145,16.426567,15.751737,16.213013,3358000.000000
2018-02-27,16.238640,16.486361,16.161760,16.213013,4245500.000000
2018-02-28,16.315514,16.353953,16.127585,16.187382,3852500.000000
2018-03-01,16.230090,16.490626,16.059246,16.315512,3240000.000000
2018-03-02,16.204467,16.759708,16.110504,16.734081,2934000.000000
2018-03-05,16.725538,17.135561,16.657201,17.007429,4934500.000000
2018-03-06,17.203899,17.537044,16.917738,17.485790,8881700.000000
2018-03-07,17.554124,17.733510,17.272233,17.588293,4276900.000000
2018-03-08,17.742058,17.836021,17.545589,17.776226,5226200.000000
2018-03-09,17.827477,17.908626,17.596838,17.673717,4891300.000000
2018-03-12,17.639549,17.750598,17.408910,17.477247,5421700.000000
2018-03-13,17.588296,17.613923,17.212441,17.477247,8115400.000000
2018-03-14,17.511418,17.613924,17.199629,17.332033,5061000.000000
2018-03-15,17.408910,17.716428,17.340572,17.673717,5541200.000000
2018-03-16,17.673716,17.724969,17.383283,17.451620,4212200.000000
2018-03-19,17.408917,17.408917,16.904931,17.024521,4342900.000000
2018-03-20,17.084309,17.178273,16.815230,16.930550,3759900.000000
2018-03-21,16.964721,17.340574,16.904926,17.212442,4039700.000000
2018-03-22,17.050140,17.562670,17.015973,17.383286,6223200.000000
2018-03-23,17.357658,17.584025,17.169731,17.246611,4377800.000000
2018-03-26,17.280780,17.810395,17.208173,17.690804,4057000.000000
2018-03-27,17.690804,18.066659,17.592569,17.818937,4796000.000000
2018-03-28,18.220414,18.310106,17.776221,18.049570,4717600.000000
2018-03-29,18.066653,18.092280,17.686528,17.793304,4904700.000000
2018-04-02,17.776224,17.861646,17.092852,17.383286,3415600.000000
2018-04-03,17.460166,17.801851,17.161190,17.750599,4979900.000000
2018-04-04,17.579760,17.682266,17.391833,17.605387,5006900.000000
2018-04-05,17.682261,17.887272,17.127019,17.272236,4761300.000000
2018-04-06,17.246611,17.280779,16.734081,16.810961,14214500.000000
2018-04-09,16.973259,18.233225,16.887837,17.793304,11306700.000000
2018-04-10,17.964150,18.211872,17.622463,18.211872,9086800.000000
2018-04-11,18.152079,18.425428,18.122182,18.340006,8343100.000000
2018-04-12,18.416883,18.929412,18.220414,18.331461,9270000.000000
2018-04-13,18.365637,18.664612,18.237505,18.493769,8445400.000000
2018-04-16,18.664603,19.006289,18.579182,18.784193,8280200.000000
2018-04-17,18.937954,19.185676,18.737213,19.091713,5408800.000000
2018-04-18,19.117342,19.279643,19.057547,19.083174,4540300.000000
2018-04-19,19.006296,19.108802,18.638983,18.895248,3833100.000000
2018-04-20,18.869621,18.920874,18.617628,18.690235,5551200.000000
2018-04-23,18.767111,19.074629,18.715858,19.074629,4724800.000000
2018-04-24,19.211302,19.467568,18.959308,19.031918,4562900.000000
2018-04-25,19.091713,19.305267,18.955039,19.202761,3413300.000000
2018-04-26,19.245474,19.629870,19.100258,19.305269,5803000.000000
2018-04-27,19.356521,19.651225,19.095985,19.424858,3587200.000000
2018-04-30,19.535908,19.655498,19.441944,19.518824,4032800.000000
2018-05-01,19.612786,19.612786,19.211306,19.518824,4012800.000000
2018-05-02,19.561531,20.005723,19.544446,19.638411,5348600.000000
2018-05-03,19.646955,19.963015,19.305269,19.766544,5485300.000000
2018-05-04,20.501172,20.834315,19.493197,19.655499,9115100.000000
2018-05-07,19.681122,20.535337,19.681122,20.330324,7160500.000000
2018-05-08,20.347413,20.449920,19.634144,19.792173,6072700.000000
2018-05-09,19.817797,19.920302,19.305267,19.638411,4587000.000000
2018-05-10,19.356518,19.655494,19.347976,19.570072,4681600.000000
2018-05-11,19.612784,19.800713,19.484652,19.595701,4052100.000000
2018-05-14,19.715293,19.958745,19.621329,19.732378,2878600.000000
2018-05-15,19.672582,19.817798,19.599973,19.766544,4516900.000000
2018-05-16,19.800714,20.031352,19.617057,19.715292,3837100.000000
2018-05-17,19.698214,19.775093,19.330901,19.544455,4051500.000000
2018-05-18,19.467572,19.681126,19.467572,19.655499,3841200.000000
2018-05-21,19.740920,19.792173,19.424860,19.655499,3340400.000000
2018-05-22,19.758007,20.014273,19.758007,19.834887,2017800.000000
2018-05-23,19.800712,19.886134,19.711020,19.843422,3508500.000000
2018-05-24,20.159486,20.706184,20.116775,20.569510,6064400.000000
2018-05-25,20.518257,20.633576,20.343142,20.458462,3174000.000000
2018-05-29,20.458458,20.637842,20.381578,20.509710,2998300.000000
2018-05-30,20.552420,20.979527,20.552420,20.731806,4846900.000000
2018-05-31,20.851397,21.094848,20.723265,20.953903,10162400.000000
2018-06-01,20.953904,21.009427,20.765976,20.791603,4055800.000000
2018-06-04,20.928275,21.056407,20.552420,20.731806,3801000.000000
2018-06-05,20.740347,21.047864,20.672010,20.825768,3647500.000000
2018-06-06,20.825773,21.116206,20.817232,21.022243,4563100.000000
2018-06-07,21.064948,21.193080,21.039321,21.073490,3776400.000000
2018-06-08,21.005155,21.124745,20.731807,20.979528,2348700.000000
2018-06-11,20.979533,21.077768,20.531070,20.578053,3832700.000000
2018-06-12,20.569506,20.817229,20.513981,20.672012,4105600.000000
2018-06-13,20.774521,21.047870,20.654932,20.834316,9875100.000000
2018-06-14,20.894106,21.193082,20.484083,20.509710,4273900.000000
2018-06-15,20.381581,20.432833,20.095418,20.287617,5565400.000000
2018-06-18,20.176566,20.398661,20.048433,20.091145,4715100.000000
2018-06-19,19.971557,20.142401,19.698208,20.039894,6467400.000000
2018-06-20,20.159478,20.381575,20.091141,20.202188,5305600.000000
2018-06-21,20.313237,20.595128,20.219273,20.560959,3552300.000000
2018-06-22,20.552417,20.672008,20.082599,20.202188,9068700.000000
2018-06-25,20.210735,20.296157,19.834880,19.928844,4497500.000000
2018-06-26,19.954475,20.449920,19.924578,20.364498,5392300.000000
2018-06-27,20.279074,20.578050,20.197924,20.287617,3388600.000000
2018-06-28,20.244904,20.509710,20.065518,20.074060,4137800.000000
2018-06-29,20.133862,20.522530,20.074067,20.210741,3085500.000000
2018-07-02,20.056976,20.509710,19.928844,20.509710,3306800.000000
2018-07-03,20.407204,20.424289,19.429129,19.484652,3476000.000000
2018-07-05,19.552994,19.552994,19.100261,19.322357,4288100.000000
2018-07-06,19.330891,19.685391,19.279639,19.570072,3452300.000000
2018-07-09,19.604248,19.869054,19.296730,19.399235,3806700.000000
2018-07-10,19.373607,19.758003,19.373607,19.655499,4119900.000000
2018-07-11,19.629870,19.732377,19.467571,19.535908,2321300.000000
2018-07-12,19.510284,19.851970,19.390694,19.809259,2422100.000000
2018-07-13,19.740917,20.027078,19.655495,20.022808,2506200.000000
2018-07-16,20.014269,20.296160,19.971557,20.253448,2937800.000000
2018-07-17,20.279072,20.509710,20.082603,20.150940,2562500.000000
2018-07-18,20.193653,20.321787,20.065521,20.116774,2991300.000000
2018-07-19,20.082603,20.185108,19.681122,19.843422,3197200.000000
2018-07-20,19.792174,20.005728,19.561535,19.800716,2537600.000000
2018-07-23,19.903224,19.997188,19.501743,19.552996,2341900.000000
2018-07-24,19.510283,19.518825,19.031923,19.177139,3485500.000000
2018-07-25,19.236927,19.407769,18.955036,19.057541,2846900.000000
2018-07-26,19.074627,19.459025,19.049000,19.262554,2166000.000000
2018-07-27,19.296724,19.377874,19.074628,19.091713,1993700.000000
2018-07-30,19.142964,19.168591,18.861073,18.937952,1528100.000000
2018-07-31,18.972124,19.365064,18.912329,19.305269,3363900.000000
2018-08-01,19.288184,19.450486,19.100258,19.407774,2706600.000000
2018-08-02,19.296730,19.433404,19.049007,19.271103,3094200.000000
2018-08-03,19.271103,19.527369,19.185681,19.322357,3921900.000000
2018-08-06,19.347981,20.287618,19.330896,19.817801,5380900.000000
2018-08-07,19.758002,20.227821,19.467570,20.048435,4320000.000000
2018-08-08,19.911760,20.005724,19.792170,19.928844,3454200.000000
2018-08-09,19.911760,20.150941,19.877592,19.954472,3569300.000000
2018-08-10,19.843422,20.009994,19.322352,19.459026,5373600.000000
2018-08-13,19.399231,19.467570,18.664607,18.878160,8113400.000000
2018-08-14,19.108803,19.172868,18.946502,19.142971,4114500.000000
2018-08-15,19.211303,19.254015,18.758568,18.843990,6609800.000000
2018-08-16,18.878164,19.305271,18.826911,19.177139,5167200.000000
2018-08-17,19.151510,19.433401,19.061818,19.151510,3329800.000000
2018-08-20,19.151506,19.322350,19.057542,19.228386,2224200.000000
2018-08-21,19.262556,19.330893,19.066086,19.074629,2053000.000000
2018-08-22,19.125886,19.305272,19.074634,19.219851,3217100.000000
2018-08-23,19.219845,19.441942,19.185676,19.202761,3149800.000000
2018-08-24,19.288186,19.459030,19.211307,19.356524,2519100.000000
2018-08-27,19.399234,19.800717,19.399234,19.467573,2964300.000000
2018-08-28,19.484657,19.689669,19.467574,19.561537,3041400.000000
2018-08-29,19.638412,19.924575,19.356521,19.629869,4622800.000000
2018-08-30,19.587161,20.296160,19.587161,19.988642,5071500.000000
2018-08-31,19.920300,20.142396,19.920300,20.108229,3541100.000000
2018-09-04,20.056972,20.133852,19.775082,19.826334,4398800.000000
2018-09-05,19.826337,19.869049,19.407772,19.638411,3610400.000000
2018-09-06,19.570078,19.740922,19.142970,19.185680,3974000.000000
2018-09-07,19.083176,19.254020,18.942230,19.219851,2871000.000000
2018-09-10,19.313815,19.681128,19.245478,19.561537,2600100.000000
2018-09-11,19.493195,19.826339,19.441943,19.629869,3520300.000000
2018-09-12,19.612794,19.933125,19.604253,19.860518,3761600.000000
2018-09-13,19.920302,20.065518,19.758000,19.945929,2445000.000000
2018-09-14,19.877591,20.168025,19.877591,19.945929,3375300.000000
2018-09-17,19.877588,20.176564,19.608510,19.672577,3389100.000000
2018-09-18,19.664040,20.014268,19.646955,19.877594,4486600.000000
2018-09-19,19.937391,20.116775,19.664042,19.698210,4876400.000000
2018-09-20,19.834880,20.168025,19.792170,20.005724,3276000.000000
2018-09-21,19.988643,20.484088,19.963017,20.364498,9448800.000000
2018-09-24,20.321784,20.518253,20.227820,20.390121,2797500.000000
2018-09-25,20.202195,20.449919,19.860510,20.116774,3803800.000000
2018-09-26,20.202194,20.518255,20.108232,20.279074,4466200.000000
2018-09-27,20.347412,20.714725,20.236365,20.654930,3433400.000000
2018-09-28,20.654928,21.543312,20.654928,21.252878,8265600.000000
2018-10-01,21.287051,21.577484,21.167461,21.577484,4817700.000000
2018-10-02,21.662905,22.457325,21.594568,21.739784,12196700.000000
2018-10-03,21.714149,22.226679,21.633000,21.714149,6891400.000000
2018-10-04,21.654363,21.799580,21.415182,21.568941,4223100.000000
2018-10-05,21.654360,21.902081,21.509143,21.884998,4186200.000000
2018-10-08,21.859374,22.055844,21.577483,21.722700,3751900.000000
2018-10-09,21.697069,21.859371,21.316944,21.620190,5025700.000000
2018-10-10,21.500599,21.773948,21.261418,21.269960,4841900.000000
2018-10-11,21.269966,21.304136,20.629305,20.680557,5257700.000000
2018-10-12,20.894112,21.022245,20.330330,20.689100,5217800.000000
2018-10-15,20.680554,20.877025,20.313243,20.355953,6142600.000000
2018-10-16,20.449916,20.808687,20.261988,20.492626,6074400.000000
2018-10-17,20.518255,20.535340,19.758003,19.980099,5479700.000000
2018-10-18,19.851962,19.903214,19.476107,19.527361,5397400.000000
2018-10-19,19.535909,19.809258,19.330896,19.347980,3817300.000000
2018-10-22,19.365065,19.817800,19.125884,19.655499,8097200.000000
2018-10-23,19.459031,19.480387,18.638984,19.219851,8845700.000000
2018-10-24,19.279642,19.339436,18.835449,18.912329,3283500.000000
2018-10-25,19.049003,19.279642,18.980666,19.014835,4280200.000000
2018-10-26,18.937960,19.091719,18.587732,18.886707,4335900.000000
2018-10-29,18.997749,19.134423,18.476677,18.630436,4170900.000000
2018-10-30,18.621901,18.848269,18.416889,18.698780,3713900.000000
2018-10-31,18.801280,19.450484,18.801280,19.330893,5737500.000000
2018-11-01,19.313813,19.775088,19.100259,19.732378,4285800.000000
2018-11-02,20.501173,21.218714,20.287619,20.834316,14068000.000000
2018-11-05,20.902652,21.363929,20.902652,21.329760,6764400.000000
2018-11-06,21.193087,21.539045,20.693372,20.911196,4607300.000000
2018-11-07,20.988069,21.227250,20.877022,21.107658,4831900.000000
2018-11-08,21.030788,21.252882,20.492631,20.714727,3636200.000000
2018-11-09,20.509715,20.859943,20.441378,20.569510,4188700.000000
2018-11-12,20.569509,21.158918,20.475544,21.022243,3833400.000000
2018-11-13,21.141828,21.304129,20.697636,20.774515,2708800.000000
2018-11-14,20.748891,20.885565,20.202192,20.373035,3392100.000000
2018-11-15,20.270534,20.355956,19.664041,19.894680,3855800.000000
2018-11-16,20.074058,20.330322,19.907486,20.219275,5241900.000000
2018-11-19,20.193653,20.479816,20.052708,20.116774,6656300.000000
2018-11-20,19.980095,19.997180,18.809821,19.108797,10882000.000000
2018-11-21,19.254016,19.869050,19.254016,19.476110,5246200.000000
2018-11-23,19.416312,19.655493,19.382144,19.527361,1640200.000000
2018-11-26,19.629873,19.945934,19.570932,19.809259,4428100.000000
2018-11-27,19.817792,19.886129,19.535901,19.578611,2747300.000000
2018-11-28,19.681122,20.082603,19.655495,19.945929,4785700.000000
2018-11-29,19.945933,20.091149,19.621330,19.817801,4539300.000000
2018-11-30,19.834880,20.172296,19.800712,20.056976,6242700.000000
2018-12-03,20.253447,20.458461,20.150942,20.313244,5523900.000000
2018-12-04,20.330325,20.607946,20.056976,20.056976,4473400.000000
2018-12-06,19.903221,20.689100,19.561536,20.578053,9417400.000000
2018-12-07,20.663473,20.808690,20.390125,20.458462,5018600.000000
2018-12-10,20.202188,20.466995,19.988635,20.202188,4263700.000000
2018-12-11,20.364501,20.710459,20.168032,20.432838,5070900.000000
2018-12-12,20.654928,21.188813,20.509711,20.859940,7325900.000000
2018-12-13,20.877024,21.432264,20.851397,21.218710,5780200.000000
2018-12-14,21.030781,21.436531,20.979526,21.107658,4239300.000000
2018-12-17,21.116206,21.180273,20.321787,20.407207,6226800.000000
2018-12-18,20.509711,20.885566,19.877592,19.954472,5057200.000000
2018-12-19,19.980098,20.244906,19.655496,19.783628,4556000.000000
2018-12-20,19.715289,19.766542,18.797007,19.006290,7677400.000000
2018-12-21,19.057547,19.194221,18.228958,18.305838,7803500.000000
2018-12-24,18.186244,18.357086,17.797575,18.100822,2728400.000000
2018-12-26,18.134993,19.014835,17.964151,18.963583,6044000.000000
2018-12-27,18.767108,19.066083,18.357085,19.057541,3088500.000000
2018-12-28,19.083173,19.305269,18.878161,19.049004,2659600.000000
2018-12-31,19.142973,19.587165,19.100262,19.552996,2697800.000000
2019-01-02,19.228387,19.732374,19.027646,19.117338,3952300.000000
2019-01-03,19.100253,19.356517,18.809820,18.937952,2940800.000000
2019-01-04,19.057541,19.757998,19.057541,19.706745,3017400.000000
2019-01-07,19.749462,20.411479,19.702480,20.039894,5250900.000000
2019-01-08,20.082605,20.381580,19.911761,20.048435,3681700.000000
2019-01-09,20.031350,20.133855,19.830609,19.911758,3416900.000000
2019-01-10,19.869053,20.603679,19.869053,20.595137,4586800.000000
2019-01-11,20.578051,20.578051,20.065521,20.321787,3299300.000000
2019-01-14,20.193653,20.355955,19.911762,20.116774,4236800.000000
2019-01-15,20.014267,20.518254,20.014267,20.270531,3058600.000000
2019-01-16,20.253450,20.795877,20.210740,20.714727,3899200.000000
2019-01-17,20.723268,21.176003,20.672015,21.022243,3331700.000000
2019-01-18,21.099120,21.227252,20.595133,20.672012,3435600.000000
2019-01-22,20.791603,20.885567,20.501170,20.740351,3867000.000000
2019-01-23,20.825769,21.295588,20.825769,21.150372,4387800.000000
2019-01-24,21.141831,21.257150,20.885567,21.047867,3841900.000000
2019-01-25,21.056412,21.218713,20.936822,21.056412,3375700.000000
2019-01-28,20.911191,21.116203,20.825770,20.851397,3821300.000000
2019-01-29,20.842855,21.227253,20.842855,21.047867,2159800.000000
2019-01-30,21.141834,21.398098,21.082039,21.287050,2272500.000000
2019-01-31,21.235798,21.667177,21.141834,21.449352,3321200.000000
2019-02-01,21.440805,21.748322,21.389553,21.415178,3218000.000000
2019-02-04,21.440815,21.808128,21.295598,21.697079,3418400.000000
2019-02-05,21.816663,21.893541,21.466433,21.526230,2689400.000000
2019-02-06,21.492062,21.744056,21.432267,21.577484,2268100.000000
2019-02-07,21.568938,21.880726,21.500601,21.808119,2210100.000000
2019-02-08,21.773955,22.158353,21.765413,22.149811,3836100.000000
2019-02-11,22.209600,22.354817,22.119908,22.303564,2210800.000000
2019-02-12,22.423157,22.730676,22.380447,22.457327,3827600.000000
2019-02-13,22.440236,22.679415,22.222410,22.320644,3822500.000000
2019-02-14,22.329189,22.585454,22.269394,22.474405,2292600.000000
2019-02-15,22.576915,22.679420,22.414614,22.645252,3044200.000000
2019-02-19,22.611080,22.816092,22.551285,22.713587,3671800.000000
2019-02-20,22.679419,22.875889,22.576914,22.756298,3886400.000000
2019-02-21,22.645255,22.944230,22.576917,22.858809,2699600.000000
2019-02-22,22.867348,23.072359,22.824636,22.969852,2100600.000000
2019-02-25,22.969853,22.982667,22.551287,22.687962,2567300.000000
2019-02-26,22.730671,22.730671,22.346274,22.448780,4181600.000000
2019-02-27,22.448781,22.581184,22.252310,22.337732,3589200.000000
2019-02-28,22.192515,22.636707,21.881580,22.243769,4580200.000000
2019-03-01,22.354816,22.739213,22.205329,22.679417,3233900.000000
2019-03-04,22.790469,22.850264,21.389557,21.722700,7132300.000000
2019-03-05,21.645816,21.957604,21.329756,21.765406,5089800.000000
2019-03-06,21.722701,21.808123,21.466435,21.551857,4467900.000000
2019-03-07,21.620191,21.731240,21.218711,21.304132,3579100.000000
2019-03-08,21.150374,21.474975,20.988072,21.466433,3973000.000000
2019-03-11,21.492062,21.637278,21.398097,21.568941,3277400.000000
2019-03-12,21.628734,22.141263,21.483517,22.107094,4597900.000000
2019-03-13,22.175429,22.559826,22.154074,22.226683,5225600.000000
2019-03-14,22.205227,22.205227,21.887641,21.930557,2368000.000000
2019-03-15,21.930559,22.196645,21.724558,21.964893,3760700.000000
2019-03-18,21.956312,22.136564,21.909103,22.136564,2922700.000000
2019-03-19,22.153730,22.291064,21.883354,21.956312,2720900.000000
2019-03-20,21.982056,22.248141,21.939138,21.973473,4261900.000000
2019-03-21,21.999228,22.531399,21.999228,22.436981,2994500.000000
2019-03-22,22.531391,22.625808,22.265306,22.299639,3882300.000000
2019-03-25,22.385480,22.617232,22.136563,22.394064,4295800.000000
2019-03-26,22.505645,22.578604,22.188060,22.282476,3703400.000000
2019-03-27,22.333979,22.402646,22.024977,22.230978,5556500.000000
2019-03-28,22.273894,22.381186,22.046433,22.145142,4626300.000000
2019-03-29,22.076475,22.488479,22.076475,22.342562,4165800.000000
2019-04-01,22.445561,22.647272,22.179477,22.342562,2725300.000000
2019-04-02,22.376894,22.608646,22.239560,22.591478,2903700.000000
2019-04-03,22.608651,22.840403,22.445566,22.479900,3727000.000000
2019-04-04,22.436975,22.497058,22.179474,22.359724,3376600.000000
2019-04-05,22.419815,22.445565,22.115104,22.265314,3946000.000000
2019-04-08,22.230974,22.248141,21.973473,22.110807,3864600.000000
2019-04-09,22.119394,22.149436,21.724558,21.879059,4313100.000000
2019-04-10,21.913394,22.368312,21.853308,22.230978,3990200.000000
2019-04-11,22.291060,22.454145,22.230976,22.351145,3489700.000000
2019-04-12,22.411227,22.445559,22.248142,22.402643,3590200.000000
2019-04-15,22.428398,22.630108,22.222397,22.308231,2842700.000000
2019-04-16,22.299639,22.539974,22.269597,22.299639,3230800.000000
2019-04-17,22.359728,22.497062,21.879059,22.033560,3477200.000000
2019-04-18,22.136562,22.454146,22.085060,22.325396,3179200.000000
2019-04-22,22.308229,22.600065,22.308229,22.488482,3166900.000000
2019-04-23,22.539979,22.806063,22.497061,22.677313,2535000.000000
2019-04-24,22.703064,22.917649,22.600062,22.823231,2735200.000000
2019-04-25,22.840398,23.175149,22.681604,23.003481,3315700.000000
2019-04-26,23.106482,23.260983,23.063566,23.192316,3630800.000000
2019-04-29,23.235240,23.303907,23.089322,23.218073,2567200.000000
2019-04-30,23.192321,23.406905,23.119361,23.389738,6184100.000000
2019-05-01,23.372571,23.569988,23.269571,23.389738,3825500.000000
2019-05-02,23.269571,23.587156,23.230946,23.389738,4376300.000000
2019-05-03,23.655819,23.913321,22.827522,22.883314,5232500.000000
2019-05-06,23.029230,23.046397,22.376892,22.582893,5325500.000000
2019-05-07,22.402642,22.806061,22.376892,22.445559,5209900.000000
2019-05-08,22.230973,22.333975,21.115133,21.621553,10494100.000000
2019-05-09,21.415554,21.492804,21.042175,21.329720,5930200.000000
2019-05-10,21.389806,21.467057,21.089387,21.312555,4873900.000000
2019-05-13,20.986384,21.020717,20.625882,21.003550,5866300.000000
2019-05-14,21.072225,21.467061,21.029308,21.089392,5193500.000000
2019-05-15,21.063639,21.295389,20.840471,21.029305,3506800.000000
2019-05-16,21.012138,21.355473,20.969222,21.166639,3576600.000000
2019-05-17,20.986390,21.449892,20.960639,21.295391,5581100.000000
2019-05-20,21.243889,21.724558,21.192389,21.509974,4867300.000000
2019-05-21,21.570054,22.299642,21.570054,22.102224,8589500.000000
2019-05-22,22.007810,22.102228,21.698809,21.844727,3870800.000000
2019-05-23,21.724553,21.741721,21.110841,21.286800,4289000.000000
2019-05-24,21.312557,21.389808,21.012138,21.012138,3022300.000000
2019-05-28,21.089389,21.368350,20.861929,21.106556,5944700.000000
2019-05-29,21.097969,21.158053,20.385548,20.617300,5216100.000000
2019-05-30,20.582966,20.703135,19.707460,20.102297,6915600.000000
2019-05-31,19.939214,20.484259,19.904881,20.222466,7731200.000000
2019-06-03,20.273966,20.505716,20.196715,20.394133,3868100.000000
2019-06-04,20.703134,20.866217,20.183838,20.831884,5738800.000000
2019-06-05,20.917721,21.192389,20.685969,21.123722,3995100.000000
2019-06-06,21.209554,21.578640,20.952053,21.132305,2783900.000000
2019-06-07,21.218139,21.295390,20.849055,20.866220,4268600.000000
2019-06-10,20.857637,21.012138,20.630177,20.694553,2852300.000000
2019-06-11,20.703140,21.106559,20.634473,21.089392,2895400.000000
2019-06-12,21.132308,21.200975,20.634471,20.788971,3577100.000000
2019-06-13,20.827793,21.000352,20.486991,20.586212,3474800.000000
2019-06-14,20.586217,20.620728,20.323065,20.508566,2875100.000000
2019-06-17,20.482673,20.491301,19.986568,20.068533,6941800.000000
2019-06-18,20.223842,20.465423,20.154819,20.361889,4431900.000000
2019-06-19,20.361889,20.637982,20.353261,20.551702,3856000.000000
2019-06-20,20.801912,20.922702,20.620725,20.870935,3043400.000000
2019-06-21,20.888191,20.983099,20.491308,20.793285,11378100.000000
2019-06-24,20.879563,20.901133,20.508563,20.612097,4640000.000000
2019-06-25,20.620725,20.629353,20.094423,20.163446,5542400.000000
2019-06-26,20.128931,20.249721,19.153977,19.205744,9892000.000000
2019-06-27,19.205740,19.300648,18.886507,19.188484,9463400.000000
2019-06-28,19.240256,19.555177,19.231630,19.533606,8405600.000000
2019-07-01,19.594007,19.714799,19.352427,19.637148,4171100.000000
2019-07-02,19.663026,19.706165,19.352421,19.516352,4029900.000000
2019-07-03,19.576747,19.749304,19.425757,19.447329,6179900.000000
2019-07-05,19.378304,19.706165,19.317908,19.447329,3071800.000000
2019-07-08,19.335161,19.464579,19.128091,19.352417,4829400.000000
2019-07-09,19.317910,19.464584,19.205747,19.343794,3373000.000000
2019-07-10,19.361045,19.632823,19.317905,19.352417,3610700.000000
2019-07-11,19.361046,19.378301,19.119464,19.317905,5320800.000000
2019-07-12,19.386929,19.602627,19.171231,19.481836,2316000.000000
2019-07-15,19.499092,19.533603,19.283394,19.455952,2719200.000000
2019-07-16,19.369673,19.533603,18.860626,18.955532,4410100.000000
2019-07-17,18.938285,19.300658,18.938285,19.171238,3056700.000000
2019-07-18,19.128101,19.223009,18.843380,19.076334,2598000.000000
2019-07-19,19.102210,19.214374,18.834745,18.834745,2978900.000000
2019-07-22,18.843372,18.856313,18.619046,18.644930,2981300.000000
2019-07-23,18.696698,18.705326,18.433546,18.489628,2451400.000000
2019-07-24,18.472375,18.666503,18.399038,18.601793,1959100.000000
2019-07-25,18.515512,19.046131,18.498258,18.912397,2949900.000000
2019-07-26,18.938279,19.033185,18.679441,18.765720,1956000.000000
2019-07-29,18.782978,18.925338,18.575908,18.782978,3175100.000000
2019-07-30,18.705326,18.895140,18.636303,18.869257,2870400.000000
2019-07-31,18.852002,18.951223,18.489630,18.515512,5401600.000000
2019-08-01,18.506879,18.808855,18.420599,18.593157,3266500.000000
2019-08-02,18.765724,19.292027,18.420607,19.015934,4687400.000000
2019-08-05,18.843371,18.942592,18.558650,18.739836,5243000.000000
2019-08-06,18.765719,19.261825,18.662184,19.223000,5022400.000000
2019-08-07,19.179861,19.507722,19.033186,19.033186,6233800.000000
2019-08-08,19.059073,19.697539,19.020247,19.628515,4783200.000000
2019-08-09,19.585379,19.645774,19.093586,19.093586,3182400.000000
2019-08-12,19.007306,19.076329,18.761411,19.067701,1880900.000000
2019-08-13,19.024559,19.619886,18.981420,19.490467,4371500.000000
2019-08-14,19.438698,19.732048,19.171232,19.231628,8127100.000000
2019-08-15,19.326538,19.619887,19.197119,19.507725,5829700.000000
2019-08-16,19.585377,20.482680,19.585377,20.439541,5835000.000000
2019-08-19,20.698378,20.698378,20.236784,20.439541,5318100.000000
2019-08-20,20.370517,20.560331,20.094424,20.525820,7207500.000000
2019-08-21,20.655236,20.870934,20.499933,20.801910,6583200.000000
2019-08-22,20.810542,21.065066,20.750146,20.827797,4263000.000000
2019-08-23,20.896819,21.052121,20.620725,20.689749,5871000.000000
2019-08-26,20.793285,20.939960,20.663867,20.931332,3064000.000000
2019-08-27,21.008975,21.216045,20.663859,20.698370,4009600.000000
2019-08-28,20.707007,20.754461,20.646612,20.741520,2858900.000000
2019-08-29,20.879563,21.086633,20.862307,21.052120,4064700.000000
2019-08-30,21.138398,21.584462,21.138398,21.526655,3064800.000000
2019-09-03,21.483517,21.664704,21.388611,21.630192,4526500.000000
2019-09-04,21.828634,21.966681,21.587054,21.759611,3647800.000000
2019-09-05,21.759611,22.191007,21.660390,22.156496,3816200.000000
2019-09-06,22.216885,22.329047,21.914907,22.027071,4901800.000000
2019-09-09,22.018450,22.147868,21.897658,22.044333,5314100.000000
2019-09-10,22.113351,22.536121,22.074526,22.104725,6054100.000000
2019-09-11,22.113353,22.518866,22.082293,22.406702,9105700.000000
2019-09-12,22.441211,22.851037,22.415327,22.665537,3636600.000000
2019-09-13,22.539843,22.782581,22.401137,22.756573,3741800.000000
2019-09-16,22.765238,23.129343,22.643870,23.025312,4657500.000000
2019-09-17,23.051319,23.359074,23.025311,23.112003,7206700.000000
2019-09-18,23.155350,23.259381,22.955959,23.190027,6021000.000000
2019-09-19,23.276715,23.337399,23.042647,23.129339,4201100.000000
2019-09-20,23.233372,23.571471,23.112004,23.528124,9024200.000000
2019-09-23,23.476105,23.606142,23.341732,23.372074,4127200.000000
2019-09-24,23.424095,23.588808,23.155350,23.389418,4222900.000000
2019-09-25,23.328731,23.588805,23.181355,23.536791,3781200.000000
2019-09-26,23.536793,23.545462,23.198696,23.302725,3351900.000000
2019-09-27,23.354742,23.380749,23.012310,23.181358,3232400.000000
2019-09-30,23.077324,23.302721,23.051316,23.172684,4049400.000000
2019-10-01,23.155351,23.294059,22.947291,22.973299,2711000.000000
2019-10-02,22.877936,22.940354,22.643869,22.643869,5042500.000000
2019-10-03,22.678547,22.795581,22.557179,22.739231,3152900.000000
2019-10-04,22.834592,23.346073,22.687216,23.346073,2798200.000000
2019-10-07,23.346072,23.597477,23.242041,23.406755,4198200.000000
2019-10-08,23.354741,23.822876,23.250711,23.528124,4395500.000000
2019-10-09,23.562801,23.684169,23.354741,23.467440,3013700.000000
2019-10-10,23.450097,23.450097,23.190023,23.337399,3639100.000000
2019-10-11,23.432763,23.766526,23.346071,23.484777,3626200.000000
2019-10-14,23.606147,23.606147,23.328734,23.380749,2106400.000000
2019-10-15,23.406757,23.536794,23.237708,23.320065,3470900.000000
2019-10-16,23.268049,23.354741,23.007974,23.112003,2974300.000000
2019-10-17,23.198696,23.346072,23.094665,23.268049,2899100.000000
2019-10-18,23.268044,23.359070,23.033976,23.224699,4131700.000000
2019-10-21,23.363415,23.597482,23.363415,23.450106,3258200.000000
2019-10-22,23.510783,23.584470,23.354738,23.493444,2334500.000000
2019-10-23,23.458768,23.549796,23.302723,23.441431,2594800.000000
2019-10-24,23.554128,23.554128,23.276715,23.398083,2787000.000000
2019-10-25,23.363407,23.536790,23.337399,23.493444,3156500.000000
2019-10-28,23.528120,23.610478,23.389413,23.398083,2671700.000000
2019-10-29,23.285388,23.567135,23.224704,23.432764,4210100.000000
2019-10-30,23.476112,23.658165,23.259382,23.623487,4523800.000000
2019-10-31,23.580140,23.770861,23.389417,23.432764,3552900.000000
2019-11-01,23.484775,23.649490,23.363408,23.554129,3485700.000000
2019-11-04,23.519449,23.857548,23.467434,23.727510,4911800.000000
2019-11-05,23.892230,24.238996,22.821589,22.851931,5592900.000000
2019-11-06,22.921280,23.042648,22.236415,22.323107,4139700.000000
2019-11-07,22.739228,23.172687,22.388128,22.721889,5206900.000000
2019-11-08,22.721889,22.791244,22.442743,22.539837,3823000.000000
2019-11-11,22.574518,22.730561,22.548509,22.617863,3014700.000000
2019-11-12,22.548508,22.955959,22.548508,22.799913,3348800.000000
2019-11-13,22.791244,22.791244,22.522498,22.539837,3509000.000000
2019-11-14,22.591852,22.999304,22.401131,22.834589,10555700.000000
2019-11-15,22.877937,22.981968,22.648205,22.713224,7102000.000000
2019-11-18,22.782573,23.216031,22.752231,23.129339,6045000.000000
2019-11-19,23.164019,23.164019,22.713224,22.921284,4163900.000000
2019-11-20,22.851929,23.138012,22.851929,23.138012,4800800.000000
2019-11-21,23.164019,23.233373,22.773908,22.921284,3049600.000000
2019-11-22,22.912614,23.138012,22.799914,22.999306,2878300.000000
2019-11-25,22.973295,23.146679,22.687213,22.773905,2721100.000000
2019-11-26,22.808584,22.808584,22.544174,22.687216,3042500.000000
2019-11-27,22.782573,22.981964,22.661204,22.955956,1759300.000000
2019-11-29,22.912614,23.129343,22.769572,22.999306,1477800.000000
2019-12-02,22.990632,23.138008,22.921279,22.938616,3318000.000000
2019-12-03,22.912612,22.981965,22.617860,22.895273,2968000.000000
2019-12-04,22.305773,22.305773,21.625244,21.768286,15051700.000000
2019-12-05,21.854977,21.932999,21.092090,21.196121,7182300.000000
2019-12-06,21.222125,21.317486,20.814674,20.884027,7784500.000000
2019-12-09,20.953383,21.035739,20.433232,20.519924,7410700.000000
2019-12-10,20.719316,20.858022,20.316199,20.667301,7237800.000000
2019-12-11,20.615287,20.901370,20.615287,20.719316,3455300.000000
2019-12-12,20.805995,21.009721,20.736642,20.849340,3563300.000000
2019-12-13,20.914707,21.001852,20.618416,20.661987,3242500.000000
2019-12-16,20.635846,21.180500,20.618417,21.123856,6451200.000000
2019-12-17,21.254577,21.272006,20.766567,20.862427,5751700.000000
2019-12-18,20.827564,21.080284,20.688133,20.810135,5735300.000000
2019-12-19,20.818853,21.363507,20.810138,21.115145,7397400.000000
2019-12-20,21.158717,21.437579,20.862425,20.923426,13691800.000000
2019-12-23,20.975712,20.984427,20.522560,20.609705,4751000.000000
2019-12-24,20.635843,20.661986,20.426697,20.470268,1177000.000000
2019-12-26,20.522559,20.548703,20.017120,20.069408,3350000.000000
2019-12-27,20.043265,20.121695,19.733902,19.886404,4282600.000000
2019-12-30,19.799259,20.056336,19.768759,19.886404,3846800.000000
2019-12-31,19.816686,20.086834,19.799257,20.034548,3475900.000000
2020-01-02,20.112975,20.112975,19.716467,19.903828,3934900.000000
2020-01-03,19.799257,20.156550,19.799257,20.112978,3768200.000000
2020-01-06,20.078120,20.160907,19.703398,19.773113,4901400.000000
2020-01-07,19.703399,19.938688,19.638040,19.895117,4697800.000000
2020-01-08,19.860261,20.230625,19.781831,20.156551,5776900.000000
2020-01-09,20.173981,20.234982,19.895119,19.921263,3955900.000000
2020-01-10,19.921261,20.099907,19.751329,19.834116,4132500.000000
2020-01-13,19.799256,19.921259,19.607538,19.633682,5545700.000000
2020-01-14,19.616255,19.816687,19.590111,19.755686,3805800.000000
2020-01-15,19.694688,20.051981,19.694688,19.807976,4738600.000000
2020-01-16,19.877695,20.417992,19.877695,20.217560,6538100.000000
2020-01-17,20.269841,20.356986,19.982264,19.990978,3208700.000000
2020-01-21,19.982262,20.034548,19.781830,19.790543,3703100.000000
2020-01-22,19.895121,20.060696,19.773119,19.816690,2727500.000000
2020-01-23,19.842836,20.051983,19.720832,20.008410,3577200.000000
2020-01-24,19.938684,19.986613,19.224098,19.319958,3768600.000000
2020-01-27,19.180533,19.250249,18.866812,18.866812,3040000.000000
2020-01-28,18.919095,18.988812,18.770950,18.770950,2610400.000000
2020-01-29,18.744805,19.363531,18.614089,19.285101,5300400.000000
2020-01-30,19.311248,19.563969,19.014957,19.529110,4797800.000000
2020-01-31,19.433252,19.694687,19.363536,19.624971,5032700.000000
2020-02-03,19.633686,19.825403,19.494255,19.668543,3294300.000000
2020-02-04,19.764404,19.895120,19.206678,19.206678,3919600.000000
2020-02-05,19.232817,19.611896,19.041099,19.110815,4304300.000000
2020-02-06,19.136956,19.180529,18.927809,18.927809,3945300.000000
2020-02-07,18.945243,19.485540,18.945243,19.433252,4736800.000000
2020-02-10,19.433249,19.498608,19.232817,19.407106,2971400.000000
2020-02-11,19.494250,20.426697,19.459392,20.025831,9173400.000000
2020-02-12,19.895119,20.213196,19.895119,19.982264,5164400.000000
2020-02-13,19.982259,20.121691,19.921259,20.104261,1847200.000000
2020-02-14,20.156553,20.304699,20.095552,20.295986,3262100.000000
2020-02-18,20.374417,20.566136,20.182699,20.356989,4229100.000000
2020-02-19,20.391839,20.439769,19.764399,19.773113,3211100.000000
2020-02-20,19.790544,20.008406,19.681614,19.964834,3439100.000000
2020-02-21,19.929976,20.444128,19.860261,20.417986,4101600.000000
2020-02-24,20.200121,20.208836,19.712112,20.025831,3824400.000000
2020-02-25,20.078118,20.287265,19.285101,19.293816,6927000.000000
2020-02-26,19.450681,19.716472,18.884241,18.892956,6505700.000000
2020-02-27,18.805811,18.823240,17.829790,17.943079,7335100.000000
2020-02-28,17.803648,17.803648,16.339618,16.757912,12553900.000000
2020-03-02,16.818908,17.633711,16.505188,17.550922,8020800.000000
2020-03-03,17.646784,18.326512,17.516067,17.646784,5850400.000000
2020-03-04,17.882073,18.370083,17.794929,18.343939,5557900.000000
2020-03-05,18.195790,18.300364,17.760067,17.986643,4195700.000000
2020-03-06,17.350492,18.152222,17.289491,17.890789,3905500.000000
2020-03-09,16.592338,16.831985,15.720891,16.060755,7633800.000000
2020-03-10,16.531335,16.888628,15.590173,16.853771,5197100.000000
2020-03-11,16.348331,16.505192,15.049876,15.503029,9774300.000000
2020-03-12,14.256859,14.596723,12.435537,12.679542,9958400.000000
2020-03-13,13.428985,13.864708,12.644683,13.498700,8778900.000000
2020-03-16,12.536079,13.604195,11.867956,12.034986,6744100.000000
2020-03-17,12.369047,12.641571,11.133901,11.331700,5373900.000000
2020-03-18,10.505340,11.463567,9.933920,11.076760,8804100.000000
2020-03-19,10.927311,12.694318,10.848192,12.500915,7457700.000000
2020-03-20,12.834976,12.949259,12.153666,12.377839,11443200.000000
2020-03-23,12.333882,12.413001,11.169064,11.358072,9830700.000000
2020-03-24,12.070153,13.199807,12.021803,12.843768,6688200.000000
2020-03-25,12.808600,13.652544,12.184434,12.914093,6976600.000000
2020-03-26,13.045961,14.245943,12.536078,13.881113,7048600.000000
2020-03-27,13.371230,14.689891,12.940468,14.408577,6820300.000000
2020-03-30,14.496487,14.619561,13.591006,14.118470,4086300.000000
2020-03-31,13.916278,14.294295,13.709688,14.030562,5448300.000000
2020-04-01,13.423978,13.586612,13.221782,13.476724,4538300.000000
2020-04-02,13.327277,14.092102,13.265740,14.048145,6455400.000000
2020-04-03,13.933862,14.197594,13.714085,13.916280,7313300.000000
2020-04-06,14.496489,14.786595,13.828367,14.083309,6454300.000000
2020-04-07,14.593193,14.918462,14.294296,14.329459,4790600.000000
2020-04-08,14.417368,15.410761,14.338248,15.349222,2937600.000000
2020-04-09,15.630540,16.430528,15.309665,15.639331,3392700.000000
2020-04-13,15.551421,15.595375,14.478908,15.067910,2806900.000000
2020-04-14,15.349227,15.569004,14.918464,15.314063,4031900.000000
2020-04-15,14.830551,14.918461,14.043749,14.232758,5434600.000000
2020-04-16,14.303084,14.347039,13.863530,14.153636,5722500.000000
2020-04-17,14.505283,15.498674,14.426163,15.419556,4376100.000000
2020-04-20,15.138234,15.463504,14.663517,14.848128,5457200.000000
2020-04-21,14.531651,15.010765,14.382203,14.962414,4577500.000000
2020-04-22,15.287685,15.586581,15.006370,15.507462,2847300.000000
2020-04-23,15.604165,15.621748,15.270105,15.384388,2386400.000000
2020-04-24,15.401971,16.022621,15.349224,15.859108,1728400.000000
2020-04-27,16.166792,16.764586,15.938224,16.659094,3005900.000000
2020-04-28,16.993153,17.529409,16.764585,16.887659,3901500.000000
2020-04-29,17.397546,17.757980,17.116230,17.362381,5214900.000000
2020-04-30,17.186558,17.309635,16.773378,17.177769,3620100.000000
2020-05-01,16.843707,17.160187,16.571184,17.010738,3537300.000000
2020-05-04,16.834914,16.922825,16.395360,16.676674,3783000.000000
2020-05-05,18.179954,18.179954,16.421738,16.456902,5490000.000000
2020-05-06,16.492058,16.588761,15.859101,16.026131,3254600.000000
2020-05-07,16.193169,16.298663,15.718450,15.779989,4784200.000000
2020-05-08,16.026138,16.795358,15.903064,16.615141,2832400.000000
2020-05-11,16.456898,16.456898,15.942621,16.105255,3006500.000000
2020-05-12,16.061298,16.263493,15.850313,15.911850,2913000.000000
2020-05-13,15.832730,16.043716,15.384385,15.665699,4922700.000000
2020-05-14,15.569003,16.478881,15.481093,16.448111,3079300.000000
2020-05-15,16.254707,16.572065,16.149215,16.325035,3130400.000000
2020-05-18,16.896457,17.608536,16.896457,17.511833,4311500.000000
2020-05-19,17.441501,17.604135,17.168978,17.168978,2721200.000000
2020-05-20,17.406335,18.100831,17.393149,17.573366,4293300.000000
2020-05-21,17.450293,17.599742,17.208539,17.230516,3201000.000000
2020-05-22,17.177769,17.437104,16.975573,17.415127,1969800.000000
2020-05-26,17.968965,18.004128,17.230514,17.336006,5272100.000000
2020-05-27,17.626112,17.687651,17.204140,17.687651,3483300.000000
2020-05-28,17.845888,18.399727,17.687650,18.294233,4085700.000000
2020-05-29,18.250280,18.408519,17.705232,17.968966,7388300.000000
2020-06-01,17.881051,18.478844,17.881051,18.408516,3143100.000000
2020-06-02,18.496428,18.694226,18.034895,18.135992,4414300.000000
2020-06-03,18.320607,18.404122,18.008524,18.294233,3232900.000000
2020-06-04,18.232693,18.320604,17.529408,17.828304,3989000.000000
2020-06-05,18.303025,18.804116,18.153576,18.346981,4149700.000000
2020-06-08,18.645872,19.353554,18.461261,19.340368,6988700.000000
2020-06-09,19.331576,19.331576,18.470051,18.610708,4255300.000000
2020-06-10,18.601923,18.839282,18.056877,18.654669,4236300.000000
2020-06-11,18.100832,18.127206,17.142604,17.362381,3259000.000000
2020-06-12,17.854681,18.074458,17.344799,17.757980,4000200.000000
2020-06-15,17.337595,17.842057,17.080937,17.585402,2978600.000000
2020-06-16,18.107562,18.585475,17.895157,18.134113,4619900.000000
2020-06-17,18.169513,18.328816,17.718151,17.948257,4986000.000000
2020-06-18,17.771254,18.081012,17.718153,17.957109,4704000.000000
2020-06-19,18.204916,18.258017,17.523448,17.549999,7364100.000000
2020-06-22,17.523447,17.558848,17.072087,17.390694,4792400.000000
2020-06-23,17.452645,17.483621,16.598598,16.718077,5692300.000000
2020-06-24,16.523375,16.709229,16.302119,16.470274,4048000.000000
2020-06-25,16.443721,16.726928,16.262291,16.700378,3236600.000000
2020-06-26,16.576470,16.638421,15.771099,16.045456,8666900.000000
2020-06-29,16.195907,16.603018,15.917127,16.585318,3304200.000000
2020-06-30,16.461421,16.567623,16.213614,16.479122,4131000.000000
2020-07-01,16.479121,17.036684,16.408319,16.939331,4010500.000000
2020-07-02,17.160587,17.231388,16.762327,16.850830,3236600.000000
2020-07-06,17.116339,17.284494,16.859682,17.063238,2175500.000000
2020-07-07,16.912783,16.912783,16.722503,16.797729,2666100.000000
2020-07-08,16.868535,17.408400,16.762333,17.311047,2757600.000000
2020-07-09,17.204838,17.204838,16.561426,16.815428,2586200.000000
2020-07-10,16.815431,17.010135,16.664977,16.700378,3963700.000000
2020-07-13,16.780030,17.249092,16.682678,16.912785,3541000.000000
2020-07-14,16.833128,17.147310,16.766750,16.983582,2102300.000000
2020-07-15,17.160592,17.315472,16.969428,17.080940,2404100.000000
2020-07-16,17.001277,17.364138,16.979152,17.169432,3494100.000000
2020-07-17,17.178293,17.434951,17.173869,17.364149,1621100.000000
2020-07-20,17.284495,17.364147,16.771181,16.903934,4465300.000000
2020-07-21,16.974741,17.364151,16.948189,17.027842,2580800.000000
2020-07-22,16.921634,17.368569,16.735778,17.275642,4874500.000000
2020-07-23,17.222539,17.364144,16.877381,16.957033,5564100.000000
2020-07-24,16.983587,17.240242,16.536649,16.709229,4421700.000000
2020-07-27,16.709224,16.712766,15.930405,16.107410,5009000.000000
2020-07-28,16.160514,16.594175,16.097677,16.319818,3488900.000000
2020-07-29,16.355218,16.735778,16.319818,16.700378,2509700.000000
2020-07-30,16.496822,16.691528,16.133963,16.638426,1884800.000000
2020-07-31,16.629578,16.691530,16.310970,16.514524,2507800.000000
2020-08-03,16.487973,16.634003,16.187067,16.603027,2381700.000000
2020-08-04,16.576476,17.014563,16.541076,16.603027,4558000.000000
2020-08-05,16.815433,17.160592,16.014487,16.160517,4892800.000000
2020-08-06,16.045461,16.784456,16.045461,16.664978,2813900.000000
2020-08-07,16.576479,16.943764,16.359649,16.726933,3991100.000000
2020-08-10,16.753477,17.054385,16.647274,16.992434,2421600.000000
2020-08-11,17.151738,17.399545,16.682677,16.718077,2335400.000000
2020-08-12,16.886231,17.204839,16.833130,17.116337,2371800.000000
2020-08-13,17.054388,17.107489,16.806581,16.912785,1064100.000000
2020-08-14,16.753478,16.988009,16.638425,16.859680,1316300.000000
2020-08-17,16.930487,17.167674,16.806584,17.125193,2235600.000000
2020-08-18,17.169438,18.054460,17.125187,17.824354,6428000.000000
2020-08-19,17.886307,17.886307,17.426096,17.461496,2396500.000000
2020-08-20,17.346437,17.479190,17.116331,17.169432,2021100.000000
2020-08-21,17.089788,17.284495,16.859682,16.903934,3077300.000000
2020-08-24,16.957038,17.178293,16.726931,17.080940,1748500.000000
2020-08-25,17.178288,17.262364,16.815428,16.939331,1774400.000000
2020-08-26,16.815433,16.833133,16.355220,16.603027,2115800.000000
2020-08-27,16.664978,16.939335,16.567625,16.903934,2436000.000000
2020-08-28,17.036690,17.103067,16.780032,17.080940,1030500.000000
2020-08-31,17.116337,17.235815,16.983584,17.018984,2526900.000000
2020-09-01,16.912786,16.912786,16.532226,16.603027,2036100.000000
2020-09-02,16.629579,17.200417,16.381772,17.072090,1801400.000000
2020-09-03,17.045531,17.275637,16.518944,16.594170,2076000.000000
2020-09-04,16.611872,16.726924,15.952529,16.133959,2352300.000000
2020-09-08,16.133965,16.284419,15.709154,15.797657,2845400.000000
2020-09-09,16.001210,16.479124,15.983510,16.302118,2598100.000000
2020-09-10,16.266713,16.297690,16.001207,16.010057,1860800.000000
2020-09-11,16.302117,16.381769,15.867572,16.381769,2949400.000000
2020-09-14,16.381770,16.709227,16.151664,16.700378,2871500.000000
2020-09-15,16.722664,16.722664,16.366105,16.419588,4239600.000000
2020-09-16,16.330448,16.785062,16.312620,16.588955,4199100.000000
2020-09-17,16.464157,16.490900,16.143254,16.294792,4829700.000000
2020-09-18,16.268047,16.490897,16.058567,16.143251,4210800.000000
2020-09-21,15.875834,16.129883,15.751039,15.947146,3740600.000000
2020-09-22,16.116512,16.214566,15.759952,15.884748,4177500.000000
2020-09-23,15.947145,16.169995,15.884747,16.009542,3876600.000000
2020-09-24,16.000630,16.143254,15.724295,16.036285,2915800.000000
2020-09-25,15.956053,16.138790,15.831258,16.054108,2261200.000000
2020-09-28,16.187826,16.232395,15.987260,16.018459,3745300.000000
2020-09-29,16.178906,16.811801,16.178906,16.517639,8584100.000000
2020-09-30,16.642435,16.918769,16.339359,16.811802,7880600.000000
2020-10-01,16.883117,16.900944,15.915948,15.947146,5387900.000000
2020-10-02,15.546016,16.080856,15.340993,16.036285,4149100.000000
2020-10-05,16.080853,16.245761,15.858003,15.875830,5855800.000000
2020-10-06,15.911491,16.241308,15.813436,16.000631,6051800.000000
2020-10-07,16.045201,16.080857,15.831265,15.893662,5771000.000000
2020-10-08,15.991716,16.321533,15.956059,16.294792,5212600.000000
2020-10-09,16.366104,16.428502,16.036285,16.036285,3355800.000000
2020-10-12,15.991717,16.205653,15.849093,16.045200,3888500.000000
2020-10-13,15.956055,16.174448,15.768862,16.071938,5596400.000000
2020-10-14,16.134340,16.954428,16.107597,16.722664,4168400.000000
2020-10-15,16.535464,16.994537,16.437412,16.713745,2374100.000000
2020-10-16,16.749406,17.172820,16.629067,16.954428,2492500.000000
2020-10-19,17.016827,17.052483,16.767235,16.767235,2184900.000000
2020-10-20,16.892031,17.114881,16.753863,16.892031,2256400.000000
2020-10-21,16.731576,17.070307,16.682549,16.883114,2492500.000000
2020-10-22,16.927690,17.110427,16.624614,16.990088,1943700.000000
2020-10-23,17.132704,17.266416,16.955316,17.186190,1713800.000000
2020-10-26,17.061394,17.114879,16.713749,17.016825,1970700.000000
2020-10-27,16.936598,17.168362,16.370558,16.437414,3817500.000000
2020-10-28,16.161082,16.241308,15.425678,15.465791,4082000.000000
2020-10-29,15.323163,15.626239,15.073571,15.456873,3114600.000000
2020-10-30,15.430130,15.737664,15.358818,15.483615,3819500.000000
2020-11-02,15.679728,15.964976,15.528190,15.813437,5941700.000000
2020-11-03,16.089769,16.651352,16.071942,16.392845,4046000.000000
2020-11-04,16.580040,16.829631,16.101358,16.348276,3310900.000000
2020-11-05,16.517640,16.918769,16.343816,16.481983,2319500.000000
2020-11-06,16.375021,16.695924,16.259138,16.276966,2266100.000000
2020-11-09,16.945515,17.516011,16.615696,16.856375,4571800.000000
2020-11-10,16.927679,18.001816,16.802884,17.988445,4548300.000000
2020-11-11,18.015191,18.113246,17.302072,17.507093,3453400.000000
2020-11-12,17.569489,17.698743,16.785058,16.963339,3940100.000000
2020-11-13,17.088133,17.689827,17.088133,17.587317,2649500.000000
2020-11-16,17.827996,17.970620,17.444694,17.649715,2962300.000000
2020-11-17,17.471435,17.649714,17.034649,17.230757,2616500.000000
2020-11-18,17.248590,17.373385,16.588954,16.597868,3483800.000000
2020-11-19,16.553294,16.695918,16.205649,16.517639,2798300.000000
2020-11-20,16.446326,16.660262,16.205648,16.223476,2012300.000000
2020-11-23,16.348279,16.642441,16.330451,16.553301,1991300.000000
2020-11-24,16.793976,17.275331,16.580040,17.266418,3340600.000000
2020-11-25,17.266416,17.450935,17.146077,17.355555,2248600.000000
2020-11-27,17.391207,17.516002,17.346636,17.462519,1391500.000000
2020-11-30,17.462526,17.542752,16.562212,16.651352,4669400.000000
2020-12-01,16.713749,17.043568,16.660266,16.740492,2870500.000000
2020-12-02,16.615692,16.838542,16.490896,16.820715,1826400.000000
2020-12-03,16.793971,16.892025,16.584491,16.731573,2436000.000000
2020-12-04,16.838548,17.150539,16.829634,17.070312,2387000.000000
2020-12-07,17.114878,17.114878,16.633521,16.909855,3878300.000000
2020-12-08,16.767234,16.909857,16.513185,16.892031,3582500.000000
2020-12-09,16.936602,17.061398,16.780608,16.945517,2899400.000000
2020-12-10,16.945510,17.003452,16.646891,16.776144,3746500.000000
2020-12-11,16.615695,16.687007,16.236851,16.294792,4090100.000000
2020-12-14,16.499813,16.597868,16.031828,16.169994,5038700.000000
2020-12-15,16.345123,16.628018,16.129581,16.578623,4275100.000000
2020-12-16,16.641489,16.659449,16.084676,16.237350,3949400.000000
2020-12-17,16.147540,16.264292,15.972414,16.102636,4985800.000000
2020-12-18,16.075693,16.237349,15.788307,15.851172,5841600.000000
2020-12-21,15.932003,15.963436,15.617673,15.770348,5939100.000000
2020-12-22,15.958942,16.304705,15.878115,16.282251,4624500.000000
2020-12-23,16.390027,16.677413,16.238250,16.587605,4270100.000000
2020-12-24,16.874989,16.883968,16.592092,16.803141,1503700.000000
2020-12-28,16.883968,17.207279,16.857027,17.171356,2379500.000000
2020-12-29,17.243204,17.359954,16.937855,16.973778,2394700.000000
2020-12-30,16.901936,17.541372,16.883974,17.503653,3357200.000000
2020-12-31,17.566518,17.737154,17.422824,17.656326,2653800.000000
2021-01-04,17.638358,17.719186,17.202789,17.225241,4338400.000000
2021-01-05,17.207283,18.006577,17.180340,17.800018,4014400.000000
2021-01-06,17.970649,18.769942,17.970649,18.222113,5533600.000000
2021-01-07,18.231096,18.509503,18.069443,18.123327,3347200.000000
2021-01-08,18.231097,18.913640,18.213136,18.850775,4281800.000000
2021-01-11,18.626260,19.102245,18.464604,19.012436,4897000.000000
2021-01-12,19.093254,19.506372,19.039370,19.362679,3927400.000000
2021-01-13,19.353703,19.739880,19.272876,19.578224,3054200.000000
2021-01-14,19.641088,19.668030,19.133670,19.156122,4129800.000000
2021-01-15,19.120198,19.479431,19.069006,19.317776,4013300.000000
2021-01-19,19.452493,19.650071,19.317781,19.497396,3681900.000000
2021-01-20,19.497393,19.596183,19.138160,19.236950,4582300.000000
2021-01-21,19.192045,19.272871,18.823829,19.030390,4557000.000000
2021-01-22,18.904659,19.241440,18.671159,19.165104,3934800.000000
2021-01-25,19.066311,19.326756,18.716059,18.725040,4918000.000000
2021-01-26,18.725039,18.805867,18.572365,18.680134,3955200.000000
2021-01-27,18.455617,18.769947,18.123327,18.123327,5036100.000000
2021-01-28,18.105365,18.392752,17.764094,18.123327,3319200.000000
2021-01-29,18.015552,18.392748,17.934725,17.934725,3904200.000000
2021-02-01,17.979637,18.455620,17.889828,18.293966,3389100.000000
2021-02-02,18.473582,18.963038,18.383773,18.698103,4558200.000000
2021-02-03,18.536446,19.515357,18.455618,19.129181,7976200.000000
2021-02-04,19.174086,19.245933,18.734025,18.940584,4385400.000000
2021-02-05,19.093258,19.102239,18.792399,18.904659,2866800.000000
2021-02-08,18.949562,19.192045,18.716060,18.895678,3620900.000000
2021-02-09,18.967525,19.281853,18.841793,19.156122,2680600.000000
2021-02-10,19.335740,19.385133,18.931601,19.263893,2079000.000000
2021-02-11,19.299810,19.425542,19.165098,19.326754,3888000.000000
2021-02-12,19.380643,19.407586,19.052843,19.156122,2375300.000000
2021-02-16,19.748856,19.865608,19.497392,19.677010,6371500.000000
2021-02-17,19.757840,20.027264,19.497395,19.766821,4514400.000000
2021-02-18,19.883570,20.925346,19.775800,20.790634,9159900.000000
2021-02-19,20.871460,20.961268,20.476303,20.575092,5536300.000000
2021-02-22,20.655923,20.862482,20.399969,20.700827,5783800.000000
2021-02-23,20.700829,21.087005,20.166469,20.997196,6475000.000000
2021-02-24,21.158848,21.733623,21.024136,21.401331,5513700.000000
2021-02-25,21.320503,21.562986,20.413439,20.440382,7078900.000000
2021-02-26,16.758241,17.243207,15.370702,15.491943,29798900.000000
2021-03-01,16.174482,16.434925,15.599709,15.635632,21195500.000000
2021-03-02,15.725445,15.725445,14.989016,14.997997,12942800.000000
2021-03-03,14.908187,15.078823,14.544462,14.755512,12035100.000000
2021-03-04,14.953092,15.779329,14.791437,15.707482,10713400.000000
2021-03-05,16.048758,16.246336,15.554811,16.003853,7587200.000000
2021-03-08,16.228369,17.220751,16.201428,16.955816,7913400.000000
2021-03-09,16.973781,17.386900,16.650472,16.749260,8209800.000000
2021-03-10,16.731300,17.571010,16.731300,17.530596,7075900.000000
2021-03-11,17.512630,17.626687,16.439421,16.892952,8720600.000000
2021-03-12,16.937858,17.081551,16.304709,16.524738,12757300.000000
2021-03-15,16.524733,16.740273,16.363078,16.695370,8233700.000000
2021-03-16,16.577674,16.577674,16.224573,16.405651,6541200.000000
2021-03-17,15.400666,16.034437,15.400666,15.654176,10168500.000000
2021-03-18,15.536477,15.658704,15.183376,15.201484,7972800.000000
2021-03-19,15.210536,15.708501,15.065674,15.663231,8380700.000000
2021-03-22,15.536478,15.699448,15.056621,15.120000,7602400.000000
2021-03-23,15.201485,15.477627,15.056621,15.120000,6574200.000000
2021-03-24,15.083783,15.563640,15.029460,15.228645,6247400.000000
2021-03-25,15.282966,15.643311,15.038512,15.436882,6400900.000000
2021-03-26,15.464041,15.559107,15.029455,15.273911,4641400.000000
2021-03-29,15.237699,16.061603,15.183376,15.952957,6447700.000000
2021-03-30,15.943900,16.134031,15.799038,16.124977,4370300.000000
2021-03-31,16.179305,16.242682,15.998226,16.007280,4724100.000000
2021-04-01,15.980116,16.061601,15.708500,16.043493,3120500.000000
2021-04-05,16.206465,16.287951,15.853364,16.007280,3738500.000000
2021-04-06,15.844307,16.301528,15.817145,16.188354,5133700.000000
2021-04-07,16.161197,16.233628,15.934849,16.016335,3215300.000000
2021-04-08,16.052544,16.115921,15.889574,15.934844,2668700.000000
2021-04-09,15.880525,15.980117,15.617962,15.844309,4556300.000000
2021-04-12,15.826202,15.943904,15.500263,15.536478,4964500.000000
2021-04-13,15.527423,15.980117,15.400669,15.889578,4713200.000000
2021-04-14,16.070661,16.134038,15.862422,15.962013,3579900.000000
2021-04-15,15.962011,16.224575,15.962011,16.224575,3589200.000000
2021-04-16,16.260789,16.306059,16.052550,16.115927,4379800.000000
2021-04-19,16.297000,16.315108,16.124976,16.170246,4248300.000000
2021-04-20,16.143085,16.351324,16.038966,16.124977,4265200.000000
2021-04-21,16.070656,16.215518,15.980117,16.079710,4484600.000000
2021-04-22,16.143085,16.287947,15.762821,15.771875,5103500.000000
2021-04-23,15.771878,15.871471,15.599853,15.835255,3212900.000000
2021-04-26,15.237697,15.767351,15.056619,15.436882,8312600.000000
2021-04-27,15.391614,15.445937,15.156213,15.246752,5617800.000000
2021-04-28,15.174321,15.282967,15.138105,15.201484,5003800.000000
2021-04-29,15.292018,15.676809,15.246749,15.445934,6223600.000000
2021-04-30,15.382556,15.464041,15.174317,15.273911,4121100.000000
2021-05-03,15.310126,15.445933,15.210532,15.210532,3636100.000000
2021-05-04,15.264860,15.264860,14.748789,14.748789,7868300.000000
2021-05-05,14.775951,14.848382,14.214610,14.721628,14499100.000000
2021-05-06,14.703518,14.775949,14.051638,14.540547,9773300.000000
2021-05-07,14.540548,14.540548,14.006369,14.531494,11042400.000000
2021-05-10,14.703516,14.893649,14.486223,14.495277,4886200.000000
2021-05-11,14.594873,14.875543,14.504334,14.785004,7179100.000000
2021-05-12,14.794056,14.966080,14.468115,14.486223,7436500.000000
2021-05-13,14.549601,14.803111,14.431901,14.540547,6655500.000000
2021-05-14,14.640139,15.106414,14.631085,14.830270,4340800.000000
2021-05-17,14.685412,14.775951,14.268933,14.413795,6588000.000000
2021-05-18,14.404739,14.789529,14.305147,14.622032,5171000.000000
2021-05-19,14.459063,14.993242,14.359470,14.966082,5856100.000000
2021-05-20,15.110945,15.298360,14.911759,14.920813,8113000.000000
2021-05-21,15.002295,15.210534,14.947972,15.101889,4327700.000000
2021-05-24,15.228643,15.264860,14.871014,15.083781,3052900.000000
2021-05-25,14.984187,15.101888,14.640140,14.649194,5289100.000000
2021-05-26,14.622032,14.821218,14.540547,14.694463,4062200.000000
2021-05-27,14.703518,14.775949,14.404739,14.540547,7598500.000000
2021-05-28,14.495277,14.694462,14.440954,14.640140,6334900.000000
2021-06-01,14.757841,14.966082,14.649196,14.893651,6135200.000000
2021-06-02,14.938916,15.246748,14.785000,15.165263,6838600.000000
2021-06-03,14.766896,15.808094,14.540549,15.726610,8380000.000000
2021-06-04,15.663232,15.808094,15.518369,15.753771,6969200.000000
2021-06-07,15.803562,16.052544,15.663226,15.943898,5554300.000000
2021-06-08,15.989169,16.545983,15.862416,16.432810,7152800.000000
2021-06-09,16.514294,16.631996,16.369432,16.550510,4303900.000000
2021-06-10,16.604834,16.604834,16.242679,16.450918,3314200.000000
2021-06-11,16.523348,16.885504,16.441863,16.867395,3584100.000000
2021-06-14,16.867396,16.903612,16.514295,16.650103,3619000.000000
2021-06-15,16.686617,16.878311,16.504049,16.805285,3242700.000000
2021-06-16,16.841801,16.951340,16.394510,16.558821,4213500.000000
2021-06-17,16.540563,16.618154,16.408202,16.567947,4186800.000000
2021-06-18,16.485794,16.522309,15.901581,15.947222,4557600.000000
2021-06-21,16.102405,16.394512,16.038507,16.358000,3130200.000000
2021-06-22,16.312355,16.467537,16.193685,16.321482,5578200.000000
2021-06-23,16.321482,16.376253,16.157173,16.202814,2634300.000000
2021-06-24,16.211946,16.686621,16.093277,16.659235,3520700.000000
2021-06-25,16.659231,16.878311,16.595333,16.787027,4748300.000000
2021-06-28,16.796159,17.193242,16.631849,17.170422,4082600.000000
2021-06-29,17.225189,17.289087,16.714001,16.787027,4640600.000000
2021-06-30,16.805286,16.996982,16.604463,16.933083,4950700.000000
2021-07-01,17.024362,17.311906,16.955901,17.234314,3824000.000000
2021-07-02,17.261704,17.562939,17.097393,17.380373,4047600.000000
2021-07-06,17.325602,17.362116,16.476665,16.741388,5254000.000000
2021-07-07,16.987850,17.827658,16.933079,17.699860,9637400.000000
2021-07-08,17.389502,17.398630,17.024368,17.115652,6707600.000000
2021-07-09,17.526422,17.859607,17.426010,17.635962,4442500.000000
2021-07-12,17.535553,17.626837,17.325601,17.626837,3596200.000000
2021-07-13,17.699862,17.699862,17.152162,17.179546,3290900.000000
2021-07-14,17.179550,17.362118,17.106523,17.161293,2202800.000000
2021-07-15,17.006107,17.252573,16.860054,17.179546,3170600.000000
2021-07-16,17.289091,17.457965,17.124781,17.170422,3520400.000000
2021-07-19,16.887436,17.006104,16.175425,16.239325,3924600.000000
2021-07-20,16.284969,16.709437,16.284969,16.604462,4331800.000000
2021-07-21,16.604465,16.955907,16.567951,16.723133,2709500.000000
2021-07-22,17.042623,17.261704,16.823543,17.188677,4007800.000000
2021-07-23,17.133909,17.471657,17.060882,17.435144,2679500.000000
2021-07-26,17.407759,17.649659,17.238885,17.435144,2420500.000000
2021-07-27,17.416887,17.608583,17.106523,17.590326,2575900.000000
2021-07-28,17.617710,17.786586,17.426016,17.772892,4169500.000000
2021-07-29,17.845919,17.891562,17.657875,17.690737,2352100.000000
2021-07-30,17.599457,17.855049,17.444275,17.480787,3068100.000000
2021-08-02,17.572069,17.663353,17.307346,17.325603,2968600.000000
2021-08-03,17.261700,17.526423,17.206930,17.298214,2780100.000000
2021-08-04,17.179548,17.389500,16.933082,17.261703,3187000.000000
2021-08-05,16.796156,17.033493,16.294098,16.677488,6675900.000000
2021-08-06,16.759645,17.184114,16.730433,16.942211,3351100.000000
2021-08-09,16.987854,17.261703,16.905698,17.243446,3742800.000000
2021-08-10,17.243450,17.243450,16.755084,16.878317,3325500.000000
2021-08-11,16.805288,16.905701,16.613594,16.750519,2667800.000000
2021-08-12,16.814413,16.841799,16.481229,16.787027,3001000.000000
2021-08-13,16.768774,16.878313,16.718568,16.796158,2053200.000000
2021-08-16,16.677490,16.823544,16.389947,16.412767,2418700.000000
2021-08-17,16.385382,16.609025,16.257583,16.567947,3109300.000000
2021-08-18,16.476666,16.622719,16.357998,16.440153,2076800.000000
2021-08-19,16.348871,16.540567,16.230203,16.248459,3253300.000000
2021-08-20,16.303228,16.586206,16.157175,16.549692,2324300.000000
2021-08-23,16.494925,16.549694,16.394512,16.458412,2238600.000000
2021-08-24,16.613590,16.923954,16.531435,16.841799,2976600.000000
2021-08-25,16.923954,17.416884,16.787027,17.343857,3451600.000000
2021-08-26,17.298222,17.389504,16.860060,16.878317,3668200.000000
2021-08-27,16.942211,17.088265,16.814415,17.051752,3894400.000000
2021-08-30,17.115652,17.394067,17.070011,17.206936,3329500.000000
2021-08-31,17.243444,17.426012,17.156726,17.426012,3580900.000000
2021-09-01,17.562943,17.686175,17.426018,17.480787,2955900.000000
2021-09-02,17.480785,17.708994,17.457965,17.599455,3578800.000000
2021-09-03,17.517296,17.590323,17.334728,17.444269,1614900.000000
2021-09-07,17.352985,17.439704,17.165854,17.197803,2928300.000000
2021-09-08,17.170420,17.608582,17.076399,17.526426,2158500.000000
2021-09-09,17.485349,17.553810,17.106522,17.252575,2363600.000000
2021-09-10,17.343857,17.343857,16.823542,16.832670,2023000.000000
2021-09-13,16.960468,17.097393,16.796158,16.978725,2038300.000000
2021-09-14,17.051750,17.051750,16.421894,16.431023,3601100.000000
2021-09-15,16.431021,16.974119,16.375791,16.974119,3131700.000000
2021-09-16,16.845251,16.854456,16.421819,16.477049,3226100.000000
2021-09-17,16.569099,16.642739,16.348178,16.375793,6337300.000000
2021-09-20,16.246922,16.403408,15.579555,15.970771,6400700.000000
2021-09-21,16.099640,16.283742,16.007589,16.007589,5828600.000000
2021-09-22,16.154872,16.320564,16.035207,16.044413,2420500.000000
2021-09-23,16.228511,16.431023,16.118051,16.210102,4454600.000000
2021-09-24,16.292950,16.431025,16.164078,16.164078,4287100.000000
2021-09-27,16.154871,16.233115,15.731440,15.749850,5177800.000000
2021-09-28,15.685416,15.748009,15.386251,15.436879,4795200.000000
2021-09-29,15.409263,15.703825,15.197548,15.602571,4766200.000000
2021-09-30,15.970771,16.159474,15.726836,15.740644,5830800.000000
2021-10-01,15.841898,15.851103,15.367838,15.510517,4198700.000000
2021-10-04,15.390851,15.823490,15.363237,15.667004,3331700.000000
2021-10-05,15.717633,15.989182,15.648594,15.979977,6159600.000000
2021-10-06,15.823491,16.219309,15.676210,16.182487,3827100.000000
2021-10-07,16.210101,16.649182,16.108845,16.523073,6470900.000000
2021-10-08,16.541484,16.872867,16.458638,16.477049,3097400.000000
2021-10-11,16.477047,16.605919,16.154870,16.173281,2446500.000000
2021-10-12,16.136462,16.504663,16.072025,16.421818,2837100.000000
2021-10-13,17.949856,18.318058,17.719730,18.235212,15378700.000000
2021-10-14,18.373290,18.502162,17.940653,18.014294,6521300.000000
2021-10-15,18.124749,18.290440,17.885417,18.115543,3273300.000000
2021-10-18,17.922241,17.972869,17.719731,17.793371,10655000.000000
2021-10-19,17.986679,18.069523,17.664502,17.682911,2754800.000000
2021-10-20,17.687514,17.982076,17.646091,17.774961,2053600.000000
2021-10-21,17.646094,17.802580,17.517224,17.581659,2516600.000000
2021-10-22,17.600064,17.793369,17.466590,17.590858,2656300.000000
2021-10-25,17.554038,18.005086,17.554038,17.949856,6030600.000000
2021-10-26,17.949856,18.175380,17.820986,17.949856,3051200.000000
2021-10-27,17.949860,18.179987,17.857810,18.097141,3035100.000000
2021-10-28,18.087932,18.308853,18.087932,18.272034,2572300.000000
2021-10-29,18.106342,18.281238,17.977472,18.032701,3176000.000000
2021-11-01,18.041908,18.511366,17.986678,18.419315,2756500.000000
2021-11-02,18.419316,18.428521,18.064921,18.290445,4006000.000000
2021-11-03,18.106338,18.322657,18.005082,18.115543,2460100.000000
2021-11-04,17.977474,18.023499,17.425170,17.682911,6093500.000000
2021-11-05,18.410112,19.137313,18.364088,18.870365,9136100.000000
2021-11-08,18.925594,18.962416,18.115550,18.170780,5650800.000000
2021-11-09,18.345676,18.345676,17.768519,17.802578,3353900.000000
2021-11-10,17.682913,18.161576,17.673709,17.894630,2271500.000000
2021-11-11,18.041908,18.152368,17.807178,18.041908,2689500.000000
2021-11-12,18.087934,18.216806,18.028101,18.087934,2396500.000000
2021-11-15,18.179986,18.851954,18.087935,18.833544,2727000.000000
2021-11-16,18.916387,18.948604,18.793960,18.815132,5736500.000000
2021-11-17,18.769108,18.819736,18.465342,18.594213,1798700.000000
2021-11-18,18.520573,18.631033,18.382496,18.548187,2977500.000000
2021-11-19,18.483749,18.575800,18.221405,18.456133,4026300.000000
2021-11-22,18.456131,19.054461,18.345671,18.667849,4515300.000000
2021-11-23,18.658650,19.303003,18.603418,18.980827,6669300.000000
2021-11-24,18.879571,19.160326,18.879571,18.980827,2546100.000000
2021-11-26,18.492957,18.732289,18.336471,18.557392,4147400.000000
2021-11-29,18.778312,18.778312,18.087933,18.492956,4114400.000000
2021-11-30,18.354882,18.805929,18.216806,18.299650,8850600.000000
2021-12-01,18.585007,19.335217,18.552789,18.916388,5950100.000000
2021-12-02,19.082079,19.569947,19.017644,19.293795,6267700.000000
2021-12-03,19.376639,19.422666,18.934797,19.063667,4143000.000000
2021-12-06,19.266179,19.399652,19.072871,19.256973,4810700.000000
2021-12-07,19.284589,19.606764,19.192538,19.266178,3876500.000000
2021-12-08,19.174131,19.579154,19.174131,19.523922,3836600.000000
2021-12-09,19.505513,19.546936,19.183336,19.229361,2682200.000000
2021-12-10,19.293798,19.395054,19.169531,19.349030,2852400.000000
2021-12-13,19.118898,19.344421,19.036052,19.082077,3952700.000000
2021-12-14,19.031451,19.441078,19.026849,19.118900,4358100.000000
2021-12-15,19.211616,19.295064,18.947364,19.193073,4531000.000000
2021-12-16,19.193078,19.679859,19.146717,19.406334,3057900.000000
2021-12-17,19.304343,19.805033,19.174536,19.684496,3848300.000000
2021-12-20,19.471237,19.619589,19.225529,19.554686,2604000.000000
2021-12-21,19.749394,20.263991,19.712307,20.222267,3112500.000000
2021-12-22,20.222271,20.722961,20.138823,20.704416,4211000.000000
2021-12-23,20.732233,20.848133,20.426256,20.426256,3279700.000000
2021-12-27,20.444797,20.593149,20.259357,20.574606,2283600.000000
2021-12-28,20.593148,20.695140,20.338168,20.444796,1864300.000000
2021-12-29,20.398438,20.454070,20.231541,20.277903,2895400.000000
2021-12-30,20.287171,20.834220,20.287171,20.760044,7636100.000000
2021-12-31,20.676597,21.205103,20.620965,21.112383,3243500.000000
2022-01-03,21.158744,21.274644,20.713688,21.084568,3925100.000000
2022-01-04,21.112383,21.288550,20.852766,20.880583,4572900.000000
2022-01-05,20.843495,21.103112,20.481887,20.500431,4037900.000000
2022-01-06,20.565333,20.732230,20.361348,20.695141,5284200.000000
2022-01-07,20.695141,21.103110,20.500430,21.056749,6078300.000000
2022-01-10,21.015027,21.121655,20.760045,20.824949,4341900.000000
2022-01-11,20.908402,21.019667,20.690511,20.871315,6657100.000000
2022-01-12,20.824949,21.316366,20.792497,21.260735,7344300.000000
2022-01-13,21.232917,21.242189,20.889853,20.964029,3709100.000000
2022-01-14,20.964032,20.991847,20.727595,20.945488,2994300.000000
2022-01-18,20.899128,21.098475,20.746139,20.806408,4215900.000000
2022-01-19,20.871309,21.019661,20.746137,20.843493,7263300.000000
2022-01-20,20.889853,21.135561,20.120275,20.148090,5162700.000000
2022-01-21,20.064641,20.416978,19.860657,20.138817,4244400.000000
2022-01-24,19.934835,20.407708,19.716942,20.361347,6039800.000000
2022-01-25,20.166639,20.370622,19.888479,20.092463,5173300.000000
2022-01-26,20.361349,20.620967,19.823572,19.962654,5850500.000000
2022-01-27,20.185181,20.352077,19.610315,19.758667,4854900.000000
2022-01-28,19.740127,20.101735,19.596410,20.092463,4707900.000000
2022-01-31,20.055371,20.314988,20.055371,20.222267,6126000.000000
2022-02-01,20.370620,20.389164,19.879204,20.073915,4526700.000000
2022-02-02,20.222267,20.639509,19.962652,20.620964,6964000.000000
2022-02-03,20.194457,20.532886,19.971929,20.259361,3931200.000000
2022-02-04,20.129545,20.407707,19.712306,20.240810,5344000.000000
2022-02-07,20.277899,20.505063,19.999738,20.379890,4638900.000000
2022-02-08,20.421618,20.741503,20.314990,20.648783,4337800.000000
2022-02-09,20.815681,21.028937,20.713688,20.852768,4984600.000000
2022-02-10,20.602428,20.889862,20.407716,20.472620,5460200.000000
2022-02-11,20.546788,20.722957,20.050735,20.222267,4527200.000000
2022-02-14,20.175911,20.314991,19.689131,20.027559,4181000.000000
2022-02-15,20.277900,20.352076,20.073914,20.203724,2605400.000000
2022-02-16,20.138817,20.310350,20.036826,20.138817,2270800.000000
2022-02-17,19.999742,20.138822,19.916293,19.925566,2465600.000000
2022-02-18,19.888479,20.166639,19.786486,19.888479,2877300.000000
2022-02-22,19.712310,20.022922,19.573230,19.665949,3681900.000000
2022-02-23,19.656675,19.851386,19.295065,19.295065,4535200.000000
2022-02-24,19.007632,20.222266,18.784177,20.101730,5802200.000000
2022-02-25,20.101734,20.797135,19.805029,20.305717,3879000.000000
2022-02-28,20.277904,21.209741,20.120280,21.158745,6381500.000000
2022-03-01,21.130934,21.149477,20.124919,20.333540,6823000.000000
2022-03-02,20.398441,20.690510,20.175913,20.602425,4145000.000000
2022-03-03,20.658052,20.834219,20.254718,20.379890,4018900.000000
2022-03-04,20.314994,20.917674,20.185186,20.871315,5107400.000000
2022-03-07,21.019663,21.775333,20.658055,20.732231,5599800.000000
2022-03-08,20.862042,21.232922,20.685873,21.001122,6063800.000000
2022-03-09,21.205105,21.390545,20.889857,21.084568,4542500.000000
2022-03-10,20.982577,21.047483,20.773958,21.001122,3534200.000000
2022-03-11,21.066022,21.163379,20.750773,20.797134,3280300.000000
2022-03-14,20.741503,21.052115,20.314990,20.787863,3805000.000000
2022-03-15,20.862041,20.991848,20.435529,20.704416,3216300.000000
2022-03-16,20.676599,20.996484,20.630239,20.945488,3992800.000000
2022-03-17,20.880584,21.070661,20.658056,20.685871,3411400.000000
2022-03-18,20.611696,20.903766,20.509705,20.778593,4951500.000000
2022-03-21,20.853331,21.054203,20.488959,20.601072,3329900.000000
2022-03-22,20.619759,21.175663,20.619759,20.918732,2959100.000000
2022-03-23,20.843986,20.946758,20.348814,20.367498,2566800.000000
2022-03-24,20.414216,20.713188,20.395529,20.601072,3094400.000000
2022-03-25,20.675818,21.297121,20.675818,21.245735,3268900.000000
2022-03-28,21.264418,21.684847,21.189675,21.591419,3570700.000000
2022-03-29,21.544706,21.684849,21.409235,21.628792,4380200.000000
2022-03-30,21.610103,21.843675,21.474632,21.582075,4118500.000000
2022-03-31,21.554055,22.053899,21.554055,21.722227,4651100.000000
2022-04-01,21.778278,21.955793,21.563392,21.899736,4560100.000000
2022-04-04,21.862365,21.983823,21.619449,21.796965,3590300.000000
2022-04-05,21.853023,22.217397,21.843680,22.030539,6805200.000000
2022-04-06,21.955793,22.422937,21.848350,22.422937,5816200.000000
2022-04-07,22.404253,22.619140,22.175354,22.535055,6428100.000000
2022-04-08,22.619140,22.974170,22.422940,22.899427,6982700.000000
2022-04-11,22.908768,23.030225,22.394908,22.422937,5151600.000000
2022-04-12,22.525711,22.852711,22.329509,22.469652,5277000.000000
2022-04-13,22.488341,22.619141,22.105282,22.236082,5349300.000000
2022-04-14,22.264105,22.637821,22.264105,22.450964,4708900.000000
2022-04-18,22.422938,23.235770,22.343524,23.207741,5308600.000000
2022-04-19,23.282486,23.553429,22.866727,23.189056,5429700.000000
2022-04-20,23.525401,24.880119,23.525401,24.534433,8990300.000000
2022-04-21,24.469034,24.618520,24.001889,24.048603,7014700.000000
2022-04-22,24.057944,24.095317,23.637513,23.684229,3623000.000000
2022-04-25,23.637516,23.637516,22.964829,23.366573,5130700.000000
2022-04-26,23.179712,23.744958,23.179712,23.263798,4039600.000000
2022-04-27,23.245108,23.650589,23.132994,23.245108,3608800.000000
2022-04-28,23.469342,23.516056,23.118984,23.478683,5008500.000000
2022-04-29,23.562768,23.810356,23.371239,23.375912,5342300.000000
2022-05-02,23.357227,23.590800,22.591111,23.067598,4692400.000000
2022-05-03,23.142343,23.894446,23.109643,23.590801,4094100.000000
2022-05-04,23.693573,24.361589,23.637514,24.216774,5214600.000000
2022-05-05,24.291517,24.599832,23.609486,23.740286,5171400.000000
2022-05-06,24.291517,25.319235,24.057945,24.870777,9739100.000000
2022-05-09,24.693264,24.693264,22.348197,22.544397,9713400.000000
2022-05-10,22.843371,23.347887,22.301484,22.834028,5004500.000000
2022-05-11,22.974170,23.245113,22.609798,22.693884,7373900.000000
2022-05-12,22.460313,22.600456,21.381208,21.871710,9500800.000000
2022-05-13,22.292139,23.093759,22.254767,22.964827,5521600.000000
2022-05-16,22.918114,23.366572,22.787312,23.357229,6949300.000000
2022-05-17,23.403943,23.618831,23.133000,23.590801,5014500.000000
2022-05-18,23.646856,23.908458,23.450656,23.572113,5070000.000000
2022-05-19,23.609485,24.412972,23.488026,24.366259,7959700.000000
2022-05-20,24.254144,24.721288,23.198398,23.572113,6190200.000000
2022-05-23,23.740289,24.142033,23.488030,24.039261,4484600.000000
2022-05-24,23.833718,24.076634,23.567446,23.805689,4046000.000000
2022-05-25,23.796344,24.445676,23.777659,24.384947,5564900.000000
2022-05-26,24.497057,24.716616,24.216771,24.226114,4707100.000000
2022-05-27,24.272829,24.595160,24.043929,24.581144,5778600.000000
2022-05-31,24.758660,24.932439,24.179400,24.637203,7762900.000000
2022-06-01,24.627864,24.721291,23.611356,24.198090,4618700.000000
2022-06-02,24.254145,24.515746,23.913129,24.272831,3846900.000000
2022-06-03,24.207432,24.525090,24.132689,24.151375,3389000.000000
2022-06-06,24.282171,24.782015,24.123342,24.749315,5238600.000000
2022-06-07,24.655888,25.590178,24.655888,25.590178,6773300.000000
2022-06-08,25.450038,25.515438,24.870780,25.076323,4206400.000000
2022-06-09,24.982892,25.132378,24.450347,24.478376,3390400.000000
2022-06-10,24.076630,24.179400,23.758971,23.768314,3853500.000000
2022-06-13,23.357233,23.394606,21.862370,21.955799,7472000.000000
2022-06-14,21.909082,22.142654,21.142963,21.451279,8304200.000000
2022-06-15,21.694197,22.338858,21.582084,21.955799,9339700.000000
2022-06-16,21.787622,21.787622,20.815962,21.040192,7894600.000000
2022-06-17,21.049534,21.241064,20.404874,20.946762,11501800.000000
2022-06-21,21.640812,21.669064,21.188785,21.443050,5046400.000000
2022-06-22,21.113448,21.548524,21.009858,21.386547,4595100.000000
2022-06-23,21.631396,22.092841,21.508973,22.045755,5669200.000000
2022-06-24,22.149344,22.224681,21.749110,22.026918,11738000.000000
2022-06-27,22.026919,22.653166,21.979833,22.365940,4359500.000000
2022-06-28,22.413028,22.606081,21.716153,21.895081,4875200.000000
2022-06-29,21.866824,21.899784,21.085193,21.556055,4657200.000000
2022-06-30,21.301795,21.993960,21.198204,21.518391,4965100.000000
2022-07-01,21.725565,22.121089,21.559821,21.989248,3340900.000000
2022-07-05,21.631393,21.791486,19.771490,20.397736,5959900.000000
2022-07-06,20.284730,20.670837,20.119927,20.435406,4709800.000000
2022-07-07,20.717923,21.080487,20.694380,20.934519,4068900.000000
2022-07-08,20.915686,21.028693,20.595501,20.793262,3026700.000000
2022-07-11,20.736761,21.033402,20.520165,20.802681,3355300.000000
2022-07-12,20.699085,21.330040,20.689668,21.207617,3799800.000000
2022-07-13,20.906264,21.532509,20.868594,21.405376,3551100.000000
2022-07-14,20.906271,21.678484,20.873311,21.593729,5687800.000000
2022-07-15,21.687898,21.725566,20.958061,21.264122,4025100.000000
2022-07-18,21.414799,21.970416,21.348879,21.490137,4135200.000000
2022-07-19,21.810322,22.351814,21.782070,22.252932,3764400.000000
2022-07-20,22.243513,22.347102,21.772651,22.262346,4827100.000000
2022-07-21,22.177595,22.309437,21.739693,21.998669,4230800.000000
2022-07-22,22.045752,22.281183,21.419506,21.659645,3575100.000000
2022-07-25,21.697317,22.130509,21.452469,21.998669,3285000.000000
2022-07-26,21.951581,22.375358,21.810323,22.365940,7887900.000000
2022-07-27,22.413026,22.563702,22.074007,22.441278,2702600.000000
2022-07-28,22.968643,23.420672,22.634332,23.373585,3494700.000000
2022-07-29,23.543094,24.352977,23.477173,24.343559,4894800.000000
2022-08-01,24.202303,24.390646,23.787944,23.882116,3020200.000000
2022-08-02,23.995121,24.258805,23.778525,23.787943,2875000.000000
2022-08-03,23.750272,24.094001,23.646684,23.976286,2604100.000000
2022-08-04,24.108126,24.390642,24.042205,24.126961,3411800.000000
2022-08-05,24.042212,24.230556,22.893308,23.166409,4760700.000000
2022-08-08,23.307661,23.962159,23.128733,23.288826,3798500.000000
2022-08-09,23.175823,23.364166,22.902722,23.345333,3838300.000000
2022-08-10,23.477173,23.750272,23.406543,23.703186,2967900.000000
2022-08-11,23.797359,24.277638,23.754981,23.863279,3323500.000000
2022-08-12,24.126964,24.400063,24.037499,24.371811,2716300.000000
2022-08-15,24.155215,24.475401,23.872698,24.456566,3192700.000000
2022-08-16,24.287056,24.484817,24.192883,24.324724,3706400.000000
2022-08-17,24.004542,24.305893,23.957456,24.042212,3232500.000000
2022-08-18,24.042209,24.597826,24.042209,24.334143,3623700.000000
2022-08-19,24.239969,24.277639,23.674934,23.778524,3863400.000000
2022-08-22,23.448919,23.477171,23.156985,23.288826,3630300.000000
2022-08-23,23.467758,23.496010,23.034564,23.043982,3662100.000000
2022-08-24,22.949810,23.825611,22.949810,23.722023,3435400.000000
2022-08-25,23.816193,24.456564,23.656100,24.155212,4571100.000000
2022-08-26,24.174046,24.211714,23.467753,23.477171,3672000.000000
2022-08-29,23.156990,23.392421,22.978062,23.298248,3433800.000000
2022-08-30,23.307664,23.519552,22.770882,22.770882,4375500.000000
2022-08-31,22.657871,23.354747,22.606076,23.307661,7453900.000000
2022-09-01,23.232327,23.552514,23.152280,23.505426,3535100.000000
2022-09-02,23.712607,24.032793,23.439506,23.505426,2519300.000000
2022-09-06,23.430090,23.543098,22.902725,22.921560,5326800.000000
2022-09-07,22.949807,23.269991,22.879177,23.204071,4030100.000000
2022-09-08,23.213488,23.627847,23.105190,23.448919,2890000.000000
2022-09-09,23.722021,23.971578,23.524259,23.778524,3995500.000000
2022-09-12,23.853864,24.338851,23.764401,24.287058,3347100.000000
2022-09-13,23.919782,24.225843,23.434795,23.524258,3683500.000000
2022-09-14,23.524260,23.891534,23.505425,23.882116,3449800.000000
2022-09-15,23.750275,23.916019,23.628793,23.891535,4091400.000000
2022-09-16,23.844445,23.853863,23.420671,23.835028,8706200.000000
2022-09-19,23.580761,24.305887,23.580761,24.126961,3615200.000000
2022-09-20,24.035907,24.140247,23.462043,23.628036,3129500.000000
2022-09-21,23.741859,24.016933,23.163251,23.182222,2874800.000000
2022-09-22,23.163251,23.201191,22.750638,22.821777,2848900.000000
2022-09-23,22.413904,22.470817,21.911181,22.167286,4406800.000000
2022-09-26,21.920669,22.138832,21.176068,21.313604,3717000.000000
2022-09-27,21.579195,21.640851,20.554777,20.886765,5809600.000000
2022-09-28,21.161839,21.398973,20.991102,21.152353,3833000.000000
2022-09-29,20.877280,20.924706,20.075768,20.279701,7073500.000000
2022-09-30,20.393526,20.516835,19.843375,19.919258,4597700.000000
2022-10-03,20.270218,20.716030,19.952458,20.365070,5198000.000000
2022-10-04,20.573748,21.759418,20.535806,21.759418,4833600.000000
2022-10-05,21.380002,21.949122,21.095440,21.711988,4434400.000000
2022-10-06,21.655081,21.740450,21.251954,21.484344,4290400.000000
2022-10-07,21.351545,21.446399,20.801394,20.839334,3270800.000000
2022-10-10,20.867790,21.223491,20.526316,20.564259,4969200.000000
2022-10-11,20.450439,20.991104,20.274960,20.678087,4973500.000000
2022-10-12,20.668606,20.674296,20.232279,20.336618,4601600.000000
2022-10-13,20.023593,20.825106,19.693502,20.564259,3843400.000000
2022-10-14,20.801398,21.076472,20.227534,20.317644,2511300.000000
2022-10-17,20.820369,21.332577,20.725515,20.896252,3498300.000000
2022-10-18,21.285148,21.465369,21.185551,21.398972,2961700.000000
2022-10-19,21.180812,21.256694,20.668603,21.057503,3410100.000000
2022-10-20,21.085958,21.147614,20.279702,20.412498,4054200.000000
2022-10-21,20.374554,20.647732,20.033082,20.630659,4248900.000000
2022-10-24,20.678088,20.981622,20.346102,20.384043,3992200.000000
2022-10-25,20.412496,21.076470,20.374553,20.858307,4838400.000000
2022-10-26,20.943675,21.066983,20.697055,20.772938,3419400.000000
2022-10-27,20.981620,21.161840,20.763455,20.848824,3738400.000000
2022-10-28,20.962647,21.816329,20.895300,21.797358,4167400.000000
2022-10-31,21.749932,22.034492,21.598166,21.787872,4428700.000000
2022-11-01,22.015520,22.025006,21.536511,21.693020,2978700.000000
2022-11-02,21.655078,22.456590,21.560224,21.693020,4376400.000000
2022-11-03,21.617140,22.451851,21.398975,22.034494,4399000.000000
2022-11-04,21.968093,22.641555,21.275662,21.674047,7181200.000000
2022-11-07,21.768904,22.741153,21.579196,22.603615,5051000.000000
2022-11-08,22.565674,23.096854,22.494533,22.878691,3912900.000000
2022-11-09,22.764864,22.935601,22.271625,22.338022,3345200.000000
2022-11-10,23.134795,23.703917,22.850235,23.324503,3465900.000000
2022-11-11,23.523695,23.618549,22.613101,22.850235,3527600.000000
2022-11-14,22.660524,22.840747,21.768902,21.768902,3675500.000000
2022-11-15,22.186261,22.295343,21.470117,21.531773,3885200.000000
2022-11-16,21.342062,21.825816,21.308863,21.655079,3395200.000000
2022-11-17,21.493825,21.721474,21.237720,21.304117,2599100.000000
2022-11-18,21.550738,21.730961,21.465370,21.730961,3763000.000000
2022-11-21,21.683534,21.797357,21.351546,21.702503,2292200.000000
2022-11-22,21.806845,22.271627,21.702505,22.224201,2276600.000000
2022-11-23,22.214719,22.831267,22.205233,22.764870,1865800.000000
2022-11-25,22.717439,23.144279,22.717439,22.840748,1271600.000000
2022-11-28,22.537213,22.670008,22.358889,22.565670,1896900.000000
2022-11-29,22.584647,23.039946,22.328544,22.983032,2631200.000000
2022-11-30,23.115823,23.186962,22.717438,23.077881,7650700.000000
2022-12-01,23.210678,23.542666,23.054170,23.267591,4111800.000000
2022-12-02,22.954570,23.134791,22.726920,22.755377,1941600.000000
2022-12-05,22.556187,22.613099,22.062948,22.233685,2570600.000000
2022-12-06,22.100888,22.527730,21.968094,22.499273,3779300.000000
2022-12-07,22.413906,22.807549,22.304824,22.423391,3313600.000000
2022-12-08,22.461332,22.679494,22.281109,22.375963,2201700.000000
2022-12-09,22.205230,22.769609,22.129348,22.632072,3274300.000000
2022-12-12,22.745893,22.983027,22.603613,22.973541,2360000.000000
2022-12-13,23.315020,23.741862,22.854980,23.039946,5246100.000000
2022-12-14,22.859719,23.272332,22.750638,23.096853,3566400.000000
2022-12-15,22.992512,23.267589,22.793321,23.077881,3407400.000000
2022-12-16,22.840750,22.992516,22.461336,22.831264,5457400.000000
2022-12-19,22.996687,23.221396,22.714607,22.815010,3304100.000000
2022-12-20,22.795883,23.054058,22.728949,22.776758,4042400.000000
2022-12-21,22.948873,23.111427,22.767194,23.111427,4215300.000000
2022-12-22,22.977562,22.977562,22.289095,22.518583,2380400.000000
2022-12-23,22.384717,22.853257,22.346470,22.824572,2249500.000000
2022-12-27,22.776758,22.901065,22.403839,22.652452,2208200.000000
2022-12-28,22.671577,22.795885,22.518585,22.623768,5352700.000000
2022-12-29,22.709827,23.120995,22.585522,23.015812,1954800.000000
2022-12-30,22.948880,22.968004,21.843509,22.183918,3424700.000000
2023-01-03,22.222160,22.327343,21.155994,21.294643,3868900.000000
2023-01-04,21.304209,21.846376,21.046034,21.753624,3934000.000000
2023-01-05,21.619755,21.782309,21.275521,21.342455,2319200.000000
2023-01-06,21.495449,21.777529,21.275523,21.524136,3411900.000000
2023-01-09,21.638876,21.882708,21.476321,21.543257,2912000.000000
2023-01-10,21.428515,21.548041,21.218151,21.418953,2873600.000000
2023-01-11,21.418951,21.787090,21.418951,21.744061,2395400.000000
2023-01-12,21.858806,22.083512,21.614973,21.696251,3315700.000000
2023-01-13,21.447641,21.557604,21.165561,21.399830,2806900.000000
2023-01-17,21.438076,21.772748,21.170339,21.179901,3593700.000000
2023-01-18,21.141651,21.256395,20.539242,20.558367,3684600.000000
2023-01-19,20.443620,20.587052,20.319314,20.453182,3749800.000000
2023-01-20,20.386253,20.912166,20.367129,20.893042,3420300.000000
2023-01-23,20.826106,21.734498,20.806982,21.514572,2798200.000000
2023-01-24,21.514573,21.887492,21.304209,21.830120,2632500.000000
2023-01-25,21.638875,21.796649,21.366357,21.581503,2231800.000000
2023-01-26,21.610194,21.810996,21.256398,21.801434,2012100.000000
2023-01-27,21.705815,21.906616,21.658003,21.677128,1899800.000000
2023-01-30,21.610191,21.901833,21.342453,21.390265,2132900.000000
2023-01-31,21.457202,22.054829,21.342457,22.050047,2573000.000000
2023-02-01,21.858809,22.446874,21.834902,22.183918,2495800.000000
2023-02-02,22.403842,22.819790,22.021361,22.260412,3012000.000000
2023-02-03,21.973548,22.030922,21.567163,21.877928,5011300.000000
2023-02-06,21.839678,22.088291,21.763182,21.963984,4087200.000000
2023-02-07,21.935302,22.289096,21.662784,22.222162,1930600.000000
2023-02-08,22.069171,22.183916,21.830120,21.858807,1398800.000000
2023-02-09,21.887490,21.992673,21.696251,21.696251,2709200.000000
2023-02-10,21.667566,22.126543,21.629318,22.030924,1872100.000000
2023-02-13,22.021361,22.351250,22.002236,22.040483,1590500.000000
2023-02-14,21.963986,22.442088,21.858805,22.002235,2431500.000000
2023-02-15,21.810992,22.461210,21.810992,22.413401,3412900.000000
2023-02-16,22.155228,22.356030,21.562381,21.820557,4614000.000000
2023-02-17,21.887490,22.222161,21.744060,21.954424,3582100.000000
2023-02-21,21.772744,21.916174,21.457197,21.581503,3216000.000000
2023-02-22,21.495448,21.619755,21.280302,21.438076,3114100.000000
2023-02-23,21.581506,21.825339,21.414171,21.514572,1819900.000000
2023-02-24,21.342452,21.505007,21.199022,21.380701,2340200.000000
2023-02-27,21.610194,21.801433,21.246835,21.275522,2603300.000000
2023-02-28,21.103401,21.418948,20.926504,21.026905,4883500.000000
2023-03-01,21.112963,21.552817,20.615737,20.759167,4455300.000000
2023-03-02,20.711359,20.720921,20.300191,20.357565,5173500.000000
2023-03-03,20.386253,20.644428,20.252385,20.472311,3455700.000000
2023-03-06,21.084278,23.933765,21.084278,23.312231,16329100.000000
2023-03-07,23.857269,26.094785,23.522598,25.348946,14242600.000000
2023-03-08,25.348945,25.994381,25.028616,25.052523,7018500.000000
2023-03-09,25.090768,25.339381,24.555295,24.564857,6133000.000000
2023-03-10,24.756099,24.794348,23.436540,23.446102,5888500.000000
2023-03-13,23.312236,23.943332,22.968004,23.273989,7722300.000000
2023-03-14,23.599094,24.579202,23.474787,24.383181,6022000.000000
2023-03-15,23.680371,24.019825,22.853256,23.340919,6411500.000000
2023-03-16,22.948874,24.373617,22.939312,24.230186,5547100.000000
2023-03-17,23.991137,24.029385,23.159240,23.752087,5046400.000000
2023-03-20,24.000702,24.526613,23.962453,24.000702,4331100.000000
2023-03-21,24.230083,24.745719,23.849381,24.152979,3389300.000000
2023-03-22,23.960219,24.085513,23.343381,23.353020,3333100.000000
2023-03-23,23.449404,23.728909,22.774739,23.044605,3234500.000000
2023-03-24,22.957858,22.977135,22.206091,22.572336,4852300.000000
2023-03-27,22.639809,22.880760,22.283201,22.360306,4108800.000000
2023-03-28,22.331388,22.900034,22.263922,22.495235,2799400.000000
2023-03-29,22.630169,22.895216,22.471142,22.659084,3517400.000000
2023-03-30,22.813289,23.001231,22.630166,22.736185,2154000.000000
2023-03-31,22.794013,23.131346,22.683176,23.131346,2284300.000000
2023-04-03,23.015687,23.227725,22.813288,22.842203,3017900.000000
2023-04-04,22.813290,22.895213,22.350664,22.562700,2587200.000000
2023-04-05,22.514510,23.121707,22.485595,23.054241,2736200.000000
2023-04-06,23.247006,23.415671,23.006054,23.198814,3021900.000000
2023-04-10,22.967500,23.598794,22.938586,23.536146,2735100.000000
2023-04-11,23.661443,24.008414,23.555426,23.796377,2742400.000000
2023-04-12,23.902388,23.979492,23.529395,23.661436,2962600.000000
2023-04-13,23.545781,24.210808,23.439762,23.931303,3680400.000000
2023-04-14,23.806013,24.051783,23.420489,23.603613,3169600.000000
2023-04-17,23.642164,23.642164,23.174717,23.372297,2382100.000000
2023-04-18,23.391577,23.483138,23.063883,23.430128,2834600.000000
2023-04-19,23.275916,23.391573,22.938583,23.381935,3231700.000000
2023-04-20,23.189174,23.372298,22.885577,22.919310,1985800.000000
2023-04-21,22.938582,23.034963,22.610888,22.842203,1809400.000000
2023-04-24,22.928948,23.034966,22.553062,22.794014,4038000.000000
2023-04-25,22.745821,22.856658,22.403670,22.504869,3717100.000000
2023-04-26,22.475957,22.668719,22.119349,22.138624,2636700.000000
2023-04-27,22.215729,22.437406,22.119350,22.292833,2603300.000000
2023-04-28,22.302473,23.092793,22.215730,22.996414,3165200.000000
2023-05-01,22.996413,23.247003,22.572338,22.581976,2539600.000000
2023-05-02,22.562701,22.736186,21.849484,22.273560,2937000.000000
2023-05-03,22.553061,22.697632,22.148263,22.177177,1951100.000000
2023-05-04,22.225367,22.369938,21.873578,22.331387,2640200.000000
2023-05-05,22.427766,22.707268,22.360300,22.572336,3008400.000000
2023-05-08,22.601253,22.712090,22.394034,22.533785,2426000.000000
2023-05-09,22.736185,23.762639,22.736185,23.709629,6624300.000000
2023-05-10,24.095149,24.779451,23.940941,24.307186,8049200.000000
2023-05-11,24.104787,24.292729,23.632523,23.748178,3650500.000000
2023-05-12,23.931304,23.960219,23.328925,23.632524,3458700.000000
2023-05-15,23.613248,23.912028,23.526506,23.902390,3242100.000000
2023-05-16,23.854202,23.931306,23.193995,23.468679,2840100.000000
2023-05-17,23.574697,23.719269,23.333745,23.468679,3512200.000000
2023-05-18,23.285554,23.637343,23.140983,23.555420,2611500.000000
2023-05-19,23.786734,24.042142,23.622887,23.622887,2772300.000000
2023-05-22,23.565059,23.969857,23.545782,23.622887,2456000.000000
2023-05-23,23.565057,24.066234,23.507227,23.671074,2062700.000000
2023-05-24,23.603611,23.651803,23.386755,23.516869,2972800.000000
2023-05-25,23.574699,23.719271,22.986778,23.391577,2598300.000000
2023-05-26,23.459042,23.656622,23.208452,23.565062,2569300.000000
2023-05-30,23.642164,23.685535,23.049424,23.083157,2434500.000000
2023-05-31,22.948223,23.213270,22.683177,23.102432,4908400.000000
2023-06-01,23.169896,23.834921,23.121705,23.748178,4772000.000000
2023-06-02,23.796372,24.124066,23.574695,23.825285,3299600.000000
2023-06-05,23.680716,24.085514,23.671077,23.998772,2585700.000000
2023-06-06,23.998770,24.085513,23.772277,23.834923,2493800.000000
2023-06-07,23.883116,24.316827,23.753001,24.249361,3010500.000000
2023-06-08,24.249363,24.268640,23.786737,23.921669,2612500.000000
2023-06-09,24.066240,24.152982,23.873479,23.921669,1514200.000000
2023-06-12,23.912031,24.075878,23.705777,23.806013,1771300.000000
2023-06-13,23.806012,24.109609,23.709631,23.998772,3407900.000000
2023-06-14,24.018049,24.220447,23.847455,23.912029,5449200.000000
2023-06-15,23.940941,24.480672,23.912027,24.413206,5900600.000000
2023-06-16,24.490311,24.538501,24.085513,24.152979,6532000.000000
2023-06-20,24.244323,24.443525,24.020827,24.263756,4547900.000000
2023-06-21,24.166582,24.530976,24.001390,24.438662,3948400.000000
2023-06-22,24.545553,24.598998,24.224887,24.584421,2493100.000000
2023-06-23,24.613576,24.807920,24.205455,24.390081,7426300.000000
2023-06-26,24.759335,25.337508,24.720468,24.875942,5450900.000000
2023-06-27,24.963390,25.400661,24.837066,25.060562,4740600.000000
2023-06-28,25.041128,25.084855,24.837066,25.002258,1866700.000000
2023-06-29,25.002258,25.390944,24.914804,25.303492,1686900.000000
2023-06-30,25.361794,25.648450,25.230612,25.507551,2301700.000000
2023-07-03,25.420099,25.682463,25.352079,25.352079,1222300.000000
2023-07-05,25.177171,26.182898,25.148019,26.080868,3070100.000000
2023-07-06,25.847655,26.187756,25.774775,26.187756,3374500.000000
2023-07-07,25.973975,26.304358,25.886520,25.944824,2043700.000000
2023-07-10,25.944822,26.051710,25.595004,25.711609,1651600.000000
2023-07-11,25.692183,25.769920,25.517274,25.769920,1917500.000000
2023-07-12,25.867090,26.168322,25.818503,26.003130,1991100.000000
2023-07-13,25.818499,26.041993,25.799064,25.954538,1712200.000000
2023-07-14,25.925391,25.925391,25.556137,25.595007,1288700.000000
2023-07-17,25.458971,25.575576,25.318072,25.390949,2146700.000000
2023-07-18,25.439532,26.022562,25.424957,26.022562,2468300.000000
2023-07-19,26.061428,26.634740,25.983690,26.557003,3692300.000000
2023-07-20,26.537569,26.731913,26.440397,26.595873,1512600.000000
2023-07-21,26.770781,27.713347,26.595874,27.557873,4584000.000000
2023-07-24,27.557875,27.674480,27.314946,27.499571,1939700.000000
2023-07-25,27.625894,27.723066,27.280935,27.305227,2748800.000000
2023-07-26,27.402397,27.737639,27.285790,27.606457,2838700.000000
2023-07-27,27.567591,27.703631,27.276075,27.305227,2048800.000000
2023-07-28,27.382963,27.548154,26.799933,26.935972,1875000.000000
2023-07-31,27.208057,27.747360,27.057440,27.266359,2792900.000000
2023-08-01,27.178903,27.567591,26.965126,27.101166,2377800.000000
2023-08-02,26.867954,27.276075,26.763009,27.198338,1935100.000000
2023-08-03,27.178902,27.509286,26.916540,27.149752,4245100.000000
2023-08-04,27.217772,28.034014,27.110883,27.732782,4728100.000000
2023-08-07,27.859104,28.179770,27.781367,27.888256,3243200.000000
2023-08-08,27.752217,28.063166,27.587025,28.004864,4245500.000000
2023-08-09,28.704497,29.899707,28.364396,29.452717,7461000.000000
2023-08-10,29.579045,30.108630,29.579045,29.821974,5922500.000000
2023-08-11,29.753952,29.977447,29.219507,29.287527,4828700.000000
2023-08-14,29.190359,29.481873,29.073752,29.462439,4458700.000000
2023-08-15,29.180641,29.462438,29.136914,29.384701,3258400.000000
2023-08-16,29.423567,29.569324,29.166061,29.219505,3004500.000000
2023-08-17,29.151489,29.583902,28.636478,28.869690,3470700.000000
2023-08-18,28.762801,29.238942,28.733649,29.015448,3267500.000000
2023-08-21,29.102904,29.170924,28.898843,29.151489,3002900.000000
2023-08-22,29.054320,29.064037,28.646199,28.821108,3676900.000000
2023-08-23,29.064032,29.481870,29.025164,29.472153,5043400.000000
2023-08-24,29.569330,29.608198,29.044602,29.161209,3957900.000000
2023-08-25,29.268097,29.511026,29.180642,29.268097,2932600.000000
2023-08-28,29.277810,29.423569,28.996013,29.122335,2761600.000000
2023-08-29,29.219506,29.593616,29.146628,29.559607,4530600.000000
2023-08-30,29.530459,30.463307,29.501308,30.443872,4426500.000000
2023-08-31,30.482741,30.783973,30.429297,30.531326,5297400.000000
2023-09-01,30.715954,31.085206,30.696519,30.890863,3880300.000000
2023-09-05,31.677946,32.115219,31.070626,31.580776,9795600.000000
2023-09-06,31.328137,32.207539,31.328137,31.882015,6026800.000000
2023-09-07,32.086071,32.639949,31.736253,32.426170,6964700.000000
2023-09-08,32.387308,33.198690,32.387308,33.096661,7431600.000000
2023-09-11,33.106367,33.315286,32.717679,32.737114,5262900.000000
2023-09-12,32.853731,33.222980,32.630237,32.746841,6221300.000000
2023-09-13,32.358152,32.775990,32.013193,32.241547,6629500.000000
2023-09-14,32.513626,32.591365,32.003477,32.105507,6554100.000000
2023-09-15,32.202678,32.290132,31.862578,31.979183,53404100.000000
2023-09-18,31.959746,32.649664,31.959746,32.542778,6597400.000000
2023-09-19,32.714849,33.027722,32.382420,32.411755,4450500.000000
2023-09-20,32.538864,32.607305,31.541578,31.619799,4081900.000000
2023-09-21,32.010894,32.915294,32.010894,32.705082,5137900.000000
2023-09-22,32.558426,32.788193,32.382434,32.480209,3962300.000000
2023-09-25,32.304209,33.086392,32.289543,32.910400,3411700.000000
2023-09-26,32.841962,32.949513,32.177105,32.255325,4370800.000000
2023-09-27,32.265107,32.817523,32.128225,32.577980,5572400.000000
2023-09-28,32.665973,33.184169,32.489981,32.685528,4491800.000000
2023-09-29,32.978848,33.086399,32.098893,32.441097,4839700.000000
2023-10-02,32.636640,32.988623,31.238485,31.805567,4982200.000000
2023-10-03,31.619799,31.957117,30.671401,31.287371,6436500.000000
2023-10-04,31.473140,31.590470,30.466079,30.690956,6521100.000000
2023-10-05,30.690957,31.341148,30.642071,31.121159,4402300.000000
2023-10-06,31.023387,31.209157,30.519857,30.837620,4792100.000000
2023-10-09,30.866949,31.390035,30.866949,31.140715,3306800.000000
2023-10-10,31.209151,31.478027,31.135821,31.385141,5909500.000000
2023-10-11,31.385141,32.079332,31.238484,32.040222,6961700.000000
2023-10-12,32.059782,32.284660,30.710513,31.091827,3725700.000000
2023-10-13,31.218933,31.385146,30.700735,30.935390,2954600.000000
2023-10-16,31.267819,31.737130,31.130938,31.570917,3368500.000000
2023-10-17,31.258040,32.064667,31.258040,31.844679,3255600.000000
2023-10-18,31.756684,31.927786,31.541582,31.698019,3175400.000000
2023-10-19,31.570916,32.108667,31.380259,31.394924,3717400.000000
2023-10-20,31.473139,31.668686,31.033162,31.218931,3267500.000000
2023-10-23,30.974499,31.419364,30.730066,31.179821,2998100.000000
2023-10-24,31.522022,32.103769,31.522022,31.971777,2668400.000000
2023-10-25,32.157550,32.304211,31.805567,32.049999,2652500.000000
2023-10-26,32.421540,32.695303,31.942450,32.167332,2926000.000000
2023-10-27,31.952227,32.040223,31.209151,31.306925,3259100.000000
2023-10-30,31.453589,31.962009,31.453589,31.854462,2499500.000000
2023-10-31,32.030441,32.093996,31.619796,31.991335,2819600.000000
2023-11-01,32.147769,33.345487,31.942443,33.174385,3786500.000000
2023-11-02,33.242832,34.259673,33.164612,33.888134,3556500.000000
2023-11-03,34.083679,34.518769,33.976128,34.210785,3980900.000000
2023-11-06,34.367229,34.728988,34.093462,34.543221,5641400.000000
2023-11-07,34.562768,35.687160,33.086397,33.976131,6032500.000000
2023-11-08,34.308564,34.748543,33.824588,33.897915,4593400.000000
2023-11-09,33.888139,34.259677,33.751257,33.790367,2870800.000000
2023-11-10,34.083682,34.328114,33.653478,33.712143,2719000.000000
2023-11-13,33.712139,33.868576,33.472596,33.633923,2692200.000000
2023-11-14,34.122792,34.513882,34.078792,34.435665,4171400.000000
2023-11-15,34.289001,34.513879,33.878357,33.927242,4098700.000000
2023-11-16,34.220566,34.523664,33.541044,33.966358,4827800.000000
2023-11-17,33.878361,34.191234,33.868581,34.083683,2903000.000000
2023-11-20,34.083685,34.289008,33.888138,33.917469,3877700.000000
2023-11-21,33.927239,34.152116,33.707247,33.721916,5000200.000000
2023-11-22,33.780578,34.044566,33.487260,34.034790,2980400.000000
2023-11-24,33.858805,34.249895,33.839250,34.083683,1190500.000000
2023-11-27,34.113016,34.895199,33.927248,34.846313,3560600.000000
2023-11-28,34.748539,34.846310,34.367224,34.435665,2591000.000000
2023-11-29,34.719203,35.041855,34.103235,34.142342,4312900.000000
2023-11-30,34.181454,34.743650,34.113013,34.621433,6258000.000000
2023-12-01,34.621433,35.472057,34.621433,35.472057,4204200.000000
2023-12-04,35.237411,36.332468,35.188525,36.293358,5748300.000000
2023-12-05,36.303135,36.576899,35.902266,36.537788,4136000.000000
2023-12-06,36.576894,36.879991,35.408506,35.472057,4382000.000000
2023-12-07,35.442725,36.371570,35.364505,36.342236,3413400.000000
2023-12-08,36.273799,36.367662,35.633387,36.136917,3606000.000000
2023-12-11,36.176027,36.234692,35.662717,36.058701,3211600.000000
2023-12-12,36.039146,36.762664,35.990260,36.498680,4330700.000000
2023-12-13,36.557345,37.334643,36.479128,37.271088,4128100.000000
2023-12-14,37.466624,37.486179,36.557334,36.655109,3702700.000000
2023-12-15,36.664890,37.065759,36.557339,36.840881,14998800.000000
2023-12-18,36.840885,37.212424,36.625783,36.919102,4450600.000000
2023-12-19,37.079372,37.344857,36.754892,37.089207,3445300.000000
2023-12-20,36.902388,37.472691,36.853225,36.981052,3122900.000000
2023-12-21,37.138369,37.354691,36.946631,37.158035,2076800.000000
2023-12-22,37.266197,37.521848,37.158036,37.384190,1609900.000000
2023-12-26,37.325184,37.772577,37.246524,37.561172,1454200.000000
2023-12-27,37.512014,37.949571,37.462847,37.738167,1984300.000000
2023-12-28,37.580842,38.190473,37.580842,38.170807,2040400.000000
2023-12-29,38.111812,38.249474,37.698838,37.875828,2312400.000000
2024-01-02,37.649672,37.954485,37.177699,37.433350,2722300.000000
2024-01-03,37.394011,37.688997,37.138361,37.541504,2941800.000000
2024-01-04,37.679168,38.092146,37.561175,37.757832,3312200.000000
2024-01-05,37.944653,38.382210,37.787328,37.944653,2625500.000000
2024-01-08,38.013486,38.534621,37.856162,38.485458,3977600.000000
2024-01-09,38.347799,39.100005,37.777497,38.927933,3582200.000000
2024-01-10,39.016425,39.016425,37.743079,37.816826,2686600.000000
2024-01-11,37.816824,38.436289,37.443181,38.219967,3466500.000000
2024-01-12,38.475622,38.726355,38.426459,38.564117,1978100.000000
2024-01-16,38.298630,39.045919,38.298630,38.662441,2887800.000000
2024-01-17,38.485457,39.326158,38.426463,39.055759,2752000.000000
2024-01-18,39.006600,39.296669,38.429419,38.750950,3238000.000000
2024-01-19,38.898438,39.498234,38.800108,39.498234,2639900.000000
2024-01-22,39.576891,39.812879,39.267160,39.301575,2799000.000000
2024-01-23,39.390081,39.630983,38.859110,39.183590,2988200.000000
2024-01-24,39.458902,39.488400,38.480539,38.573952,1918400.000000
2024-01-25,39.075427,39.871879,39.026261,39.753887,2193500.000000
2024-01-26,39.807965,40.176694,39.635893,40.098030,1739500.000000
2024-01-29,40.107863,40.117694,39.862044,39.881710,1941300.000000
2024-01-30,40.039039,40.570005,39.891546,40.540508,2420300.000000
2024-01-31,40.658497,40.963315,40.093116,40.343849,2626500.000000
2024-02-01,40.343853,42.688971,40.334022,42.536560,5523800.000000
2024-02-02,42.379236,44.208132,42.005594,43.804989,6605400.000000
2024-02-05,43.303513,43.411674,42.192409,42.625050,4184700.000000
2024-02-06,42.575892,43.141277,42.221912,42.536560,5362400.000000
2024-02-07,42.703719,43.313349,42.566061,43.028198,2696200.000000
2024-02-08,42.870870,43.092109,41.897428,42.182579,3702000.000000
2024-02-09,42.103914,42.767625,42.074417,42.507057,2610700.000000
2024-02-12,42.487394,42.743048,41.518866,42.094086,4260900.000000
2024-02-13,41.848269,43.480508,41.631946,43.460842,4587900.000000
2024-02-14,43.785321,44.247462,43.254354,43.529671,3128600.000000
2024-02-15,43.627997,44.689937,43.510004,44.630939,3776000.000000
2024-02-16,44.434283,45.535556,44.434283,44.817764,4619600.000000
2024-02-20,44.896420,46.125516,44.758762,45.378227,4732900.000000
2024-02-21,45.407730,46.558162,45.034084,45.407730,4256800.000000
2024-02-22,45.407725,47.285784,45.407725,46.823643,6149400.000000
2024-02-23,46.971135,47.954412,46.794145,47.806919,5202200.000000
2024-02-26,48.160903,48.721370,47.718427,47.934750,4644300.000000
2024-02-27,47.816765,50.324120,47.413621,50.127464,8679600.000000
2024-02-28,49.262165,52.211995,48.908188,52.133335,8231400.000000
2024-02-29,52.290665,55.043839,52.133341,53.627922,10144700.000000
2024-03-01,53.490270,53.775418,52.526655,53.588596,7128400.000000
2024-03-04,54.355547,56.784242,54.355547,56.036953,7083500.000000
2024-03-05,55.968121,58.750797,55.968121,57.905178,8054100.000000
2024-03-06,58.278826,60.333875,58.278826,59.881569,8495100.000000
2024-03-07,60.186376,60.776345,59.566915,60.648518,5436300.000000
2024-03-08,60.678016,61.081159,56.685914,59.478420,8957500.000000
2024-03-11,59.232602,59.488253,56.538422,57.079224,8162400.000000
2024-03-12,57.531531,59.212938,57.030062,59.193272,5732900.000000
2024-03-13,59.616087,60.668193,58.927792,60.137222,5365800.000000
2024-03-14,60.392867,62.162768,60.363370,62.054607,6297700.000000
2024-03-15,61.828450,62.113598,59.717356,60.530525,8450700.000000
2024-03-18,60.914007,61.975944,59.842235,61.435143,5771900.000000
2024-03-19,61.667010,63.877154,61.293060,62.831284,5980100.000000
2024-03-20,63.147026,65.988639,63.087824,65.860374,7788500.000000
2024-03-21,66.945697,68.331970,66.467161,67.458771,6271500.000000
2024-03-22,67.577165,68.346768,65.554492,68.169167,5790500.000000
2024-03-25,68.573713,71.405465,67.310774,70.251053,8282300.000000
2024-03-26,70.241189,72.076400,66.930901,66.985168,7808400.000000
2024-03-27,68.080385,68.455317,66.516510,67.389717,5728400.000000
2024-03-28,67.261432,68.904242,66.886500,68.721710,3826400.000000
2024-04-01,69.067038,72.096121,68.534234,70.576645,5401100.000000
2024-04-02,68.820379,70.329986,68.287575,70.201721,5143400.000000
2024-04-03,70.300390,73.329473,70.103059,72.776939,7145100.000000
2024-04-04,73.566272,74.878548,69.432121,69.599854,5664400.000000
2024-04-05,69.511047,74.631878,68.978251,74.326012,6099700.000000
2024-04-08,73.960943,74.306276,70.951597,73.428139,5816600.000000
2024-04-09,73.901750,74.592417,67.587046,68.603317,8450300.000000
2024-04-10,67.665979,70.349729,66.699037,69.816925,6583900.000000
2024-04-11,70.073456,71.183462,69.205187,71.040398,4234800.000000
2024-04-12,70.813468,71.405477,67.942255,68.810524,4264900.000000
2024-04-15,69.885991,71.514001,67.291038,67.310776,4413100.000000
2024-04-16,67.458777,67.685708,64.804627,66.699036,6553600.000000
2024-04-17,67.705440,68.568778,66.363565,67.735039,4546400.000000
2024-04-18,68.070520,68.366525,64.044903,65.001968,7846100.000000
2024-04-19,64.725699,66.284643,63.403562,64.784904,7598100.000000
2024-04-22,65.248624,67.098635,64.449422,65.830765,4505800.000000
2024-04-23,66.481973,68.228387,65.712370,67.537712,4165500.000000
2024-04-24,69.067044,70.537183,67.957038,69.520912,5167600.000000
2024-04-25,66.768102,72.076403,65.779457,71.514000,4980000.000000
2024-04-26,71.701465,72.569741,70.586528,71.731064,3583100.000000
2024-04-29,72.332925,76.960420,72.007329,76.920952,5158500.000000
2024-04-30,76.792699,77.682678,74.799617,74.829216,6002100.000000
2024-05-01,74.661482,78.035899,73.704409,75.835625,6170100.000000
2024-05-02,76.417752,79.732971,75.095615,78.805504,6810200.000000
2024-05-03,79.525778,81.923391,79.004815,80.403915,5588500.000000
2024-05-06,81.212979,82.495656,79.032435,82.130585,8043400.000000
2024-05-07,81.775387,83.699402,80.098047,80.650581,86269000.000000
2024-05-08,80.690049,89.826635,80.650581,88.011154,15076500.000000
2024-05-09,88.366351,92.924779,88.366351,91.928238,11060000.000000
2024-05-10,93.477318,94.789594,90.783708,92.174911,7428000.000000
2024-05-13,93.270115,94.473856,88.849828,88.968224,7957300.000000
2024-05-14,87.833542,90.349558,86.749190,90.250893,5848500.000000
2024-05-15,92.253845,96.309068,91.535551,95.618401,7198700.000000
2024-05-16,95.707207,96.595213,91.790117,91.898651,5988000.000000
2024-05-17,92.786651,95.292799,92.056515,92.826118,6084200.000000
2024-05-20,93.684514,95.401329,89.639160,90.290367,5603000.000000
2024-05-21,90.546904,93.181325,90.280506,92.983986,5926800.000000
2024-05-22,92.816241,93.418112,91.207969,93.013573,6531900.000000
2024-05-23,94.720521,96.802399,91.434901,94.848785,8472600.000000
2024-05-24,94.779719,102.732302,92.905048,100.739220,8333800.000000
2024-05-28,103.866971,105.810716,100.018956,104.784576,8089500.000000
2024-05-29,103.501907,105.277912,101.045096,102.238968,6491700.000000
2024-05-30,102.613894,104.074172,101.183222,103.965637,4772700.000000
2024-05-31,104.528055,104.972055,94.138398,97.759483,15074400.000000
2024-06-03,98.538944,98.538944,90.280495,92.007172,11391400.000000
2024-06-04,91.513839,92.007175,85.474417,88.356491,11177800.000000
2024-06-05,88.869549,91.701301,88.405812,90.773827,6167800.000000
2024-06-06,89.994368,92.628781,81.903659,85.110344,13449000.000000
2024-06-07,84.311128,88.800489,82.775867,83.936195,8785000.000000
2024-06-10,83.423142,89.688510,83.413273,87.044228,8739100.000000
2024-06-11,86.639686,91.109310,86.393018,90.004242,7243300.000000
2024-06-12,91.642114,93.240526,87.813829,89.353035,8781400.000000
2024-06-13,89.372770,89.471436,83.390573,87.221825,8288200.000000
2024-06-14,86.728489,86.950488,84.439409,86.422615,3728400.000000
2024-06-17,86.422619,86.738361,81.232728,82.919937,7445600.000000
2024-06-18,83.006987,86.726517,82.502473,86.637489,8668100.000000
2024-06-20,87.329956,88.981983,85.766958,87.240929,6583100.000000
2024-06-21,86.775985,87.715758,83.709348,85.925240,18311200.000000
2024-06-24,85.302011,88.685203,84.876638,87.280487,8497100.000000
2024-06-25,86.934251,90.376804,86.162647,88.447792,5918900.000000
2024-06-26,87.794891,89.857452,84.382022,84.985458,4998100.000000
2024-06-27,84.085247,86.597913,82.759671,86.281357,6696700.000000
2024-06-28,86.063722,87.320052,82.443107,85.054703,17908900.000000
2024-07-01,87.784998,90.841748,85.371261,86.400063,6732300.000000
2024-07-02,86.034048,89.466706,85.875766,86.756187,3981300.000000
2024-07-03,86.954036,91.484749,86.756184,90.732925,3371700.000000
2024-07-05,91.108834,92.464093,87.646500,88.398323,4526600.000000
2024-07-08,88.981972,91.890334,88.457677,91.880440,4437900.000000
2024-07-09,90.960443,94.966860,89.763466,90.416367,5747100.000000
2024-07-10,90.564774,91.959596,85.865891,91.316589,5020800.000000
2024-07-11,91.613353,92.058507,89.351952,90.624115,5859400.000000
2024-07-12,90.198750,91.296805,87.646514,90.347137,5239500.000000
2024-07-15,89.397460,89.486487,84.391909,85.262444,6019000.000000
2024-07-16,85.351468,86.405010,83.649978,84.945885,4974900.000000
2024-07-17,81.869351,82.166118,75.251346,75.379944,14373500.000000
2024-07-18,76.646181,77.308968,72.956319,75.726189,8680300.000000
2024-07-19,75.844901,77.125963,74.519325,75.647057,5141400.000000
2024-07-22,76.448333,78.555416,76.240594,78.317993,4578200.000000
2024-07-23,78.288313,80.395388,77.833265,79.208305,4712200.000000
2024-07-24,78.149828,78.674123,71.353758,71.798920,8862500.000000
2024-07-25,72.758480,73.164064,68.277224,69.622589,11659200.000000
2024-07-26,71.304297,71.521931,69.365391,70.354630,4229800.000000
2024-07-29,71.175678,72.392444,70.077623,70.473320,4846500.000000
2024-07-30,71.155907,72.105575,68.000235,68.257439,6362500.000000
2024-07-31,81.552795,81.988055,76.349400,78.367447,15755900.000000
2024-08-01,78.624654,80.791080,74.420392,75.221672,5827100.000000
2024-08-02,73.490504,73.767489,69.068608,71.650520,9363200.000000
2024-08-05,66.100889,70.686010,65.784333,69.444511,6967600.000000
2024-08-06,69.246684,74.954586,69.246684,73.589439,6285600.000000
2024-08-07,75.854791,76.220812,71.749451,73.154167,8856500.000000
2024-08-08,74.687498,79.594120,72.788162,78.228973,10747700.000000
2024-08-09,77.160582,78.080574,75.102964,77.793694,5586300.000000
2024-08-12,78.139932,78.149826,74.281901,77.121017,5417600.000000
2024-08-13,78.179489,81.048281,77.091329,79.584206,6495500.000000
2024-08-14,79.406153,80.029378,76.636290,78.397133,5144700.000000
2024-08-15,78.693902,80.692159,77.526600,80.573448,4956600.000000
2024-08-16,80.256899,80.256899,77.724451,78.496056,4821800.000000
2024-08-19,78.644440,79.890883,77.566174,79.871094,3848500.000000
2024-08-20,79.584224,79.772182,78.149832,78.782944,4433600.000000
2024-08-21,78.792837,82.096890,78.179507,81.394531,4041400.000000
2024-08-22,81.523120,83.847828,81.166994,82.403542,5187500.000000
2024-08-23,83.036654,85.267384,82.487627,84.846954,5315600.000000
2024-08-26,85.381148,86.944147,83.264179,83.966537,4774000.000000
2024-08-27,83.224608,85.015135,82.512363,83.679657,2951000.000000
2024-08-28,83.659875,83.996220,81.345061,81.612152,3549000.000000
2024-08-29,82.304615,85.302013,82.304615,83.758797,4849200.000000
2024-08-30,84.154501,85.222881,83.313650,84.510628,3947100.000000
2024-09-03,84.085235,84.119862,74.865537,74.924889,9487900.000000
2024-09-04,74.687481,77.603753,74.222538,75.854782,5282700.000000
2024-09-05,75.785536,76.388972,74.687481,75.013931,4306900.000000
2024-09-06,74.905110,75.606480,72.352874,72.906845,5161500.000000
2024-09-09,74.192867,74.677592,72.115468,74.143402,4121900.000000
2024-09-10,74.598450,75.993272,73.698240,75.261238,3392700.000000
2024-09-11,76.131773,79.425938,74.400606,79.198410,4994300.000000
2024-09-12,79.237975,80.979037,78.179491,79.603996,3860600.000000
2024-09-13,81.631935,85.034917,80.247008,84.629333,6323100.000000
2024-09-16,84.085247,89.100685,84.006106,88.437897,6947200.000000
2024-09-17,89.347998,91.415510,87.933387,90.169067,5981600.000000
2024-09-18,90.841745,92.929038,89.763472,90.208633,5958100.000000
2024-09-19,93.314844,94.224941,89.288644,91.741951,7887700.000000
2024-09-20,98.891322,107.349588,97.032090,106.972778,23358400.000000
2024-09-23,109.422011,113.586696,106.139849,110.691246,15615000.000000
2024-09-24,110.949052,114.598105,110.243042,111.454765,9722700.000000
2024-09-25,113.219810,119.595738,112.743844,118.078606,15868400.000000
2024-09-26,118.990859,120.983958,112.664514,113.199974,12987400.000000
2024-09-27,114.280804,118.693379,113.358625,116.730034,7133500.000000
2024-09-30,116.888683,119.268502,113.874247,117.543137,7519100.000000
2024-10-01,117.007677,121.608656,114.062652,121.519417,7126700.000000
2024-10-02,119.040429,126.497185,118.681473,124.315689,8792700.000000
2024-10-03,127.320207,134.162190,124.950314,131.336151,14026800.000000
2024-10-04,133.210252,138.207877,131.683210,137.246033,12377600.000000
2024-10-07,138.683818,142.655142,127.280530,130.166061,15672300.000000
2024-10-08,129.898347,130.146245,126.655850,126.883911,9002400.000000
2024-10-09,125.346954,125.436194,119.754377,123.135704,9781200.000000
2024-10-10,122.957216,125.971652,121.933897,123.066292,5842500.000000
2024-10-11,116.511883,124.256202,113.537112,124.236374,10896200.000000
2024-10-14,126.695512,132.615316,126.219553,131.147751,12001900.000000
2024-10-15,130.899854,131.663383,125.456024,127.211136,6937800.000000
2024-10-16,129.640550,134.935639,127.369799,134.548920,7574200.000000
2024-10-17,138.307042,138.307042,125.922078,126.199722,11724100.000000
2024-10-18,126.229467,131.147747,124.315697,130.057007,6257300.000000
2024-10-21,130.473490,132.307924,126.735190,129.283585,4314800.000000
2024-10-22,126.923587,127.796191,123.651335,123.988480,5758000.000000
2024-10-23,122.957220,127.617692,122.074705,125.049477,4554600.000000
2024-10-24,124.851160,126.044039,122.263108,124.523933,3317400.000000
2024-10-25,126.279041,127.270639,122.064782,122.986961,3792500.000000
2024-10-28,124.157042,127.538361,122.927472,126.705429,5213300.000000
2024-10-29,124.523929,126.784754,123.294352,125.594849,4738600.000000
2024-10-30,125.981570,127.379716,120.479231,123.066292,4166500.000000
2024-10-31,123.264614,124.672678,121.390508,123.909149,4073500.000000
2024-11-01,123.552174,125.277539,118.088508,118.504982,5979600.000000
2024-11-04,116.700284,117.800950,110.562336,114.766678,10742700.000000
2024-11-05,115.331891,121.241769,114.915424,120.874886,6438800.000000
2024-11-06,124.117386,125.931999,120.051867,125.029648,7411300.000000
2024-11-07,136.948537,142.580762,128.926575,134.588547,14877300.000000
2024-11-08,134.102714,143.552571,134.102714,140.706696,9826100.000000
2024-11-11,145.049858,148.540260,140.756269,144.573898,7850400.000000
2024-11-12,142.709686,144.752360,136.088835,140.964493,5314700.000000
2024-11-13,144.206997,146.358762,140.121649,140.924835,3863200.000000
2024-11-14,141.033909,142.203994,137.008054,137.295624,3230200.000000
2024-11-15,136.442850,141.400802,135.881601,140.954575,3562100.000000
2024-11-18,141.519804,151.356381,141.519804,145.396927,5744000.000000
2024-11-19,142.927843,153.646933,141.926342,153.557693,6372400.000000
2024-11-20,154.460048,156.393646,149.987966,153.329636,4446700.000000
2024-11-21,156.413476,166.190558,155.540871,165.208878,7868500.000000
2024-11-22,167.251570,167.251570,156.790287,160.558334,6993300.000000
2024-11-25,164.604030,164.980839,151.430746,152.843765,7673800.000000
2024-11-26,153.081746,162.759664,152.318217,161.292114,5331100.000000
2024-11-27,160.320326,161.777965,152.109959,153.220551,4819900.000000
2024-11-29,157.157181,159.546903,155.411972,158.495819,2475800.000000
2024-12-02,160.241029,161.956476,152.243849,152.814011,4843800.000000
2024-12-03,154.331121,157.543879,152.605748,152.863571,3898800.000000
2024-12-04,157.603396,162.868739,155.689619,159.953461,5327200.000000
2024-12-05,159.646070,163.473610,158.238014,159.527084,3554200.000000
2024-12-06,159.745235,162.115136,155.967263,158.634644,3220400.000000
2024-12-09,158.823038,159.358505,144.920936,147.062775,6844200.000000
2024-12-10,144.653215,146.557066,138.128548,140.329880,7109700.000000
2024-12-11,144.712709,147.161938,142.233732,144.772202,6209300.000000
2024-12-12,145.198578,147.727136,143.383980,143.859940,3703000.000000
2024-12-13,145.119283,148.094055,142.382484,143.671555,4016400.000000
2024-12-16,143.493083,145.981970,142.075101,144.107864,4801300.000000
2024-12-17,141.678467,142.164337,134.955484,138.594620,5475200.000000
2024-12-18,140.062158,140.062158,130.532973,131.772461,5690600.000000
2024-12-19,133.478003,138.554942,132.198858,136.046219,7554400.000000
2024-12-20,131.549005,140.666566,131.102069,138.997986,8735100.000000
2024-12-23,139.047656,140.403376,134.697446,139.832275,2871400.000000
2024-12-24,141.063827,143.179342,140.060703,142.384781,1642700.000000
2024-12-26,141.927924,143.894466,140.483820,143.129700,1928000.000000
2024-12-27,142.027267,142.027267,135.809855,138.729843,3214700.000000
2024-12-30,135.124543,140.215666,133.942635,139.137054,4930600.000000
2024-12-31,138.958276,139.483669,136.087935,136.932144,2761600.000000
2025-01-02,138.680196,148.870399,137.319505,148.641968,6169600.000000
2025-01-03,153.309974,161.553516,150.628343,161.255554,8762600.000000
2025-01-06,164.036523,164.870805,158.415021,162.834747,7406900.000000
2025-01-07,163.490237,164.086162,154.740170,162.258667,5258700.000000
2025-01-08,161.861405,161.891200,151.571878,159.716095,7198700.000000
2025-01-10,160.401421,168.039113,153.349712,165.595840,9743400.000000
2025-01-13,160.609989,163.619376,155.246713,161.027130,6289200.000000
2025-01-14,165.546179,173.809591,164.562923,169.350128,7486300.000000
2025-01-15,173.809570,176.868620,165.953373,168.019226,7817300.000000
2025-01-16,169.767237,177.186423,168.843571,172.816360,5772000.000000
2025-01-17,167.880170,172.101259,165.367382,169.697723,8263500.000000
2025-01-21,178.080309,187.485891,173.660584,184.089157,10678200.000000
2025-01-22,191.677204,193.345768,182.053117,185.588898,9003500.000000
2025-01-23,187.714331,198.480588,186.939638,190.584671,10217800.000000
2025-01-24,192.700191,193.117332,187.823587,189.809982,5265600.000000
2025-01-27,153.041790,155.862467,131.688045,136.147507,32356900.000000
2025-01-28,141.212810,148.880296,134.002202,148.622070,20931000.000000
2025-01-29,146.248346,158.911615,145.630583,154.154205,14323400.000000
2025-01-30,157.938285,175.289448,155.932022,175.100739,18034800.000000
2025-01-31,173.809582,175.219921,166.003048,166.886993,12159400.000000
2025-02-03,156.428608,170.333373,155.216906,167.383575,9849800.000000
2025-02-04,167.373662,169.608356,161.861412,167.184952,5652700.000000
2025-02-05,171.207424,175.160347,167.522654,170.442657,7017700.000000
2025-02-06,170.442639,173.762900,166.138121,168.724411,5943800.000000
2025-02-07,169.717601,173.779775,164.006715,165.764664,6438600.000000
2025-02-10,167.850388,171.525216,164.403992,167.244537,5726400.000000
2025-02-11,165.377325,169.240863,163.212162,166.469849,4000000.000000
2025-02-12,162.318263,169.816907,159.974331,165.476639,5265400.000000
2025-02-13,166.996230,168.188064,160.153100,164.523163,7820700.000000
2025-02-14,164.483458,169.290531,160.401415,166.519516,5713300.000000
2025-02-18,167.721249,171.594728,165.744796,168.128464,5963700.000000
2025-02-19,166.956501,172.140993,166.003025,168.197998,6213400.000000
2025-02-20,166.360598,167.055833,156.796100,162.069977,7134900.000000
2025-02-21,162.536772,162.536772,146.794600,149.416641,9974300.000000
2025-02-24,150.171469,150.558816,138.067374,141.788879,9860000.000000
2025-02-25,138.471608,140.040862,126.801536,136.981812,13529900.000000
2025-02-26,142.027248,149.178267,141.590239,147.181946,9208400.000000
2025-02-27,148.095690,151.899638,128.887253,129.125610,16672900.000000
2025-02-28,127.129291,133.793654,123.206164,132.750793,13060900.000000
2025-03-03,132.750781,133.366559,120.892001,123.106827,10900500.000000
2025-03-04,122.143439,131.082209,115.608197,126.076500,15914800.000000
2025-03-05,122.903231,127.397451,120.574182,126.006973,8481800.000000
2025-03-06,119.402212,121.517720,111.387108,113.631737,11789300.000000
2025-03-07,116.204113,117.882619,108.804794,113.542343,9798000.000000
2025-03-10,109.251737,111.148748,103.630235,107.752007,11399900.000000
2025-03-11,108.755129,114.624930,106.450911,113.582069,11062700.000000
2025-03-12,118.716903,126.960446,117.594593,121.090645,14722600.000000
2025-03-13,121.180036,121.180036,115.002346,117.197311,8033100.000000
2025-03-14,120.226565,123.871599,117.734630,123.613365,6613100.000000
2025-03-17,122.759220,128.956770,122.560583,125.430923,6259900.000000
2025-03-18,124.030506,125.952349,121.448194,123.613365,4648400.000000
2025-03-19,124.149691,131.760558,123.156494,128.966705,5973600.000000
2025-03-20,126.881357,132.572266,125.597918,131.229126,5639100.000000
2025-03-21,129.129857,130.870957,125.627764,129.915848,7484300.000000
2025-03-24,134.293467,138.034353,132.820999,134.253677,7760500.000000
2025-03-25,133.328395,133.756216,127.348968,131.139587,8146500.000000
2025-03-26,129.139825,129.836261,121.379493,123.379272,6723100.000000
2025-03-27,119.638392,123.866776,117.787852,118.703171,7259300.000000
2025-03-28,117.897291,121.717756,116.862579,118.444496,7023700.000000
2025-03-31,113.320686,117.741089,111.430348,116.842682,7766200.000000
2025-04-01,117.678413,121.668020,115.410010,121.618271,8054800.000000
2025-04-02,118.245506,126.956975,117.399830,126.543091,5714300.000000
2025-04-03,113.639064,118.239547,106.764206,107.659630,12729000.000000
2025-04-04,103.043223,103.381498,91.651463,97.571198,17707400.000000
2025-04-07,92.188717,108.624690,90.049651,102.167702,12926800.000000
2025-04-08,108.903270,111.818368,99.391896,101.670250,11458100.000000
2025-04-09,101.819488,120.344788,98.735256,117.419739,14023800.000000
2025-04-10,113.052053,114.922496,106.485624,108.704285,8735400.000000
2025-04-11,108.704287,111.768616,105.212137,111.141823,5268000.000000
2025-04-14,116.713341,117.598814,109.947932,112.116844,5007400.000000
2025-04-15,112.683937,115.758217,111.803436,115.161270,4279400.000000
2025-04-16,111.937759,117.021769,111.380602,115.280670,5956700.000000
2025-04-17,117.230700,119.568746,113.420179,114.832954,4853100.000000
2025-04-21,111.947701,113.420177,102.812403,105.978218,6092400.000000
2025-04-22,108.943067,113.121702,108.037691,112.057144,4882200.000000
2025-04-23,121.379499,124.941293,117.728167,119.389671,7046200.000000
2025-04-24,120.155744,125.647672,119.897071,123.598152,5468700.000000
2025-04-25,123.747380,127.587756,122.891754,125.995888,4323300.000000
2025-04-28,125.607884,129.291051,125.160176,128.960739,4335000.000000
2025-04-29,127.926025,129.746719,125.777008,128.672211,4289000.000000
2025-04-30,124.453770,129.353724,121.677967,128.970688,5047100.000000
2025-05-01,136.969783,139.815237,135.119242,136.601669,10589900.000000
2025-05-02,138.213425,140.390300,137.029475,138.571594,5615800.000000
2025-05-05,135.895289,140.372401,134.991917,139.287949,5941400.000000
2025-05-06,137.775674,146.132960,136.740971,144.063538,10113700.000000
2025-05-07,136.929998,140.262950,133.268707,138.790482,12497700.000000
2025-05-08,140.422155,142.551270,136.740976,140.193329,7363500.000000
2025-05-09,140.233104,140.541525,133.049825,135.059555,5859900.000000
2025-05-12,144.660461,146.719940,142.282618,145.346954,8358700.000000
2025-05-13,143.426792,156.191539,143.342217,154.211655,9075900.000000
2025-05-14,155.704020,156.201477,151.769134,153.933075,5370200.000000
2025-05-15,150.232000,153.306280,150.072810,151.286606,3953500.000000
2025-05-16,155.445338,156.679021,153.724126,155.823395,6263900.000000
2025-05-19,149.610168,156.848160,149.610168,156.519852,5141300.000000
2025-05-20,156.201477,157.435176,154.878240,156.231323,3426500.000000
2025-05-21,154.151968,155.709011,150.152410,151.296570,4067400.000000
2025-05-22,151.525385,154.321091,148.825184,153.933075,4624100.000000
2025-05-23,155.763722,158.619121,153.863433,157.355591,7254000.000000
2025-05-27,159.186228,163.036540,156.380563,163.026596,7192500.000000
2025-05-28,163.563828,164.897024,160.598989,161.534210,5027400.000000
2025-05-29,165.096009,165.155701,157.972422,158.917587,3543800.000000
2025-05-30,158.161458,159.783173,156.271128,159.753326,5306100.000000
2025-06-02,159.783172,168.428960,159.773213,166.618225,5613000.000000
2025-06-03,174.109929,177.442897,170.985900,175.104843,10019900.000000
2025-06-04,175.104823,176.487752,171.015727,171.811661,5290600.000000
2025-06-05,172.537949,173.025462,168.702560,170.000916,4296700.000000
2025-06-06,172.617554,173.065262,169.374140,172.736938,3302200.000000
2025-06-09,172.786693,173.115016,167.553451,168.508560,5350000.000000
2025-06-10,169.234854,169.757177,159.365295,163.812561,7818200.000000
2025-06-11,167.175364,168.637889,164.698023,165.941666,4029300.000000
2025-06-12,164.429407,173.009537,163.832453,172.985657,4357300.000000
2025-06-13,170.637675,175.055095,169.790018,172.866287,3960700.000000
2025-06-16,174.677037,178.228872,174.677037,176.298737,4177700.000000
2025-06-17,178.099518,180.278382,174.408396,176.845932,4170400.000000
2025-06-18,176.322942,181.363584,174.544767,180.437149,5591600.000000
2025-06-20,180.208036,184.790447,178.076223,184.391983,6585700.000000
2025-06-23,183.535264,186.852528,179.251709,185.836426,4150400.000000
2025-06-24,187.410364,188.645611,184.182753,185.457855,6851900.000000
2025-06-25,187.300794,189.870927,185.238705,185.607300,3813900.000000
2025-06-26,187.131458,190.543345,184.292354,189.671692,3677900.000000
2025-06-27,191.265565,197.441846,188.386621,194.293930,8903700.000000
2025-06-30,196.744537,196.744537,191.439909,193.068649,4753900.000000
2025-07-01,192.082455,192.729962,179.819529,184.391983,6125700.000000
2025-07-02,183.993493,187.719193,182.011115,186.304626,3264900.000000
2025-07-03,187.420346,193.556787,187.280882,191.464813,3342400.000000
2025-07-07,190.269392,193.536844,189.621884,192.959061,4313400.000000
2025-07-08,193.875549,193.875549,184.113047,189.452530,5076200.000000
2025-07-09,191.982810,199.484005,189.118808,196.256393,6931500.000000
2025-07-10,195.957548,197.033403,189.452513,195.031097,4358200.000000
2025-07-11,193.566743,196.963703,191.066349,195.828064,3714500.000000
2025-07-14,195.798169,196.913880,190.817295,194.064819,3793800.000000
2025-07-15,194.433394,194.433394,188.476272,190.637970,4259400.000000
2025-07-16,190.369014,191.703885,179.562503,183.425674,6605400.000000
2025-07-17,185.706924,187.101578,180.506890,181.303833,3948100.000000
2025-07-18,182.120704,194.373643,182.100776,192.271713,6416300.000000
2025-07-21,192.899289,192.949100,186.195036,187.509979,4315900.000000
2025-07-22,186.952133,188.854830,181.034852,188.366699,4187400.000000
2025-07-23,198.059492,206.327731,197.083230,199.354507,8849500.000000
2025-07-24,201.326934,202.821197,195.140682,195.489349,4919300.000000
2025-07-25,194.274034,195.549136,189.990479,191.464813,5492100.000000
2025-07-28,192.371314,195.519230,189.781253,195.130722,3211400.000000
2025-07-29,196.445672,198.647225,193.267872,197.242615,4255800.000000
2025-07-30,198.637249,206.835779,198.139162,206.257996,5511800.000000
2025-07-31,208.937716,212.233061,204.943045,207.742294,5635400.000000
2025-08-01,199.384390,211.049605,196.445678,207.254181,5737100.000000
2025-08-04,209.744612,214.307095,207.492259,213.241180,4625600.000000
2025-08-05,214.127774,216.020516,205.759912,208.798248,4601400.000000
2025-08-06,207.841922,207.841922,198.445993,200.081726,7360600.000000
2025-08-07,189.482416,210.940014,189.273212,204.803574,8944400.000000
2025-08-08,205.321590,208.080999,200.918500,201.346848,4064600.000000
2025-08-11,202.821206,205.421223,197.929984,199.314667,3690600.000000
2025-08-12,201.735372,209.156887,199.723109,208.758408,4059700.000000
2025-08-13,209.385988,212.374513,199.521857,204.494766,4111700.000000
2025-08-14,203.354149,207.104747,201.516206,201.575989,3005000.000000
2025-08-15,202.223489,203.677911,194.064815,196.575180,4025200.000000
2025-08-18,196.246450,198.637264,194.552956,198.198959,2890400.000000
2025-08-19,196.704686,197.790513,190.478593,192.779755,3358900.000000
2025-08-20,190.269406,192.625365,183.146762,192.172104,5225300.000000
2025-08-21,192.261751,195.927668,189.273227,189.552155,3028800.000000
2025-08-22,190.408852,194.752175,186.424153,189.731461,3447300.000000
2025-08-25,190.807327,193.925360,188.575905,189.352921,2723100.000000
2025-08-26,189.721492,194.901598,188.625709,194.373627,3430800.000000
2025-08-27,193.576709,196.495494,191.544504,193.855637,2665500.000000
2025-08-28,194.453324,200.609692,193.875541,195.947586,3376200.000000
2025-08-29,194.801996,194.981300,185.965914,188.386627,3999300.000000
2025-09-02,183.844068,186.165158,181.393472,185.099243,4234700.000000
2025-09-03,185.288505,187.828754,183.634851,187.400391,2815300.000000
2025-09-04,188.277039,191.375143,188.073824,189.004242,2771800.000000
2025-09-05,189.522262,190.700735,177.747468,187.280869,5199600.000000
2025-09-08,188.864775,189.826080,183.903829,187.290817,4153400.000000
2025-09-09,189.273233,194.752195,188.486261,193.038773,4451700.000000
2025-09-10,199.752983,212.065704,199.234967,208.409744,9715800.000000
2025-09-11,207.981388,211.089449,202.323122,203.269485,4408900.000000
2025-09-12,202.148794,209.410902,201.237286,208.897873,3824900.000000
2025-09-15,208.897867,217.066498,208.897867,212.703262,4750600.000000
2025-09-16,212.982201,212.982201,206.521003,208.628906,3828400.000000
2025-09-17,210.486766,212.982189,203.887108,207.513184,3468100.000000
2025-09-18,212.494039,213.639649,207.254165,209.356094,3589600.000000
2025-09-19,210.847976,213.251345,204.619183,210.698395,9188500.000000
2025-09-22,210.419180,219.214908,207.227992,217.320129,4819500.000000
2025-09-23,209.531617,212.179307,202.899929,203.677780,6525200.000000
2025-09-24,202.700478,205.619423,201.314305,201.503784,3844400.000000
2025-09-25,197.454957,203.697719,195.470429,201.064987,4262600.000000
2025-09-26,200.646149,206.928810,200.426753,206.649582,3096200.000000
2025-09-29,201.443948,206.556833,197.155782,197.395126,8373900.000000
2025-09-30,198.641694,199.948086,190.175059,195.380692,5828400.000000
2025-10-01,194.463218,204.365876,191.641006,200.955292,5387700.000000
2025-10-02,203.478321,204.435685,198.163006,202.092148,4224200.000000
2025-10-03,203.787495,209.621382,200.945334,201.433990,5306900.000000
2025-10-06,205.592494,207.357610,196.886514,199.858322,6019800.000000
2025-10-07,201.015125,203.273889,195.345761,199.070480,2865800.000000
2025-10-08,201.025110,206.041262,199.576107,205.981430,3706000.000000
2025-10-09,206.430194,210.488998,204.769784,209.421936,3796100.000000
2025-10-10,209.182584,211.785400,196.298151,196.318100,4388200.000000
2025-10-13,200.566372,209.372068,199.848353,208.973175,3868800.000000
2025-10-14,205.223518,208.275108,200.845603,204.944290,3088200.000000
2025-10-15,208.743805,215.440317,205.831830,210.269592,5412000.000000
2025-10-16,214.198731,216.502385,208.109552,209.820816,3562200.000000
2025-10-17,207.098341,209.471794,199.499321,200.795746,4004700.000000
2025-10-20,203.568098,204.934321,192.276268,193.705322,4058400.000000
2025-10-21,192.349054,192.887561,185.059179,186.006561,5781700.000000
2025-10-22,187.033733,188.978362,179.155470,185.318466,5344400.000000
2025-10-23,185.198793,191.670918,185.198793,190.843201,3033700.000000
2025-10-24,196.058816,201.443945,194.064322,200.915405,4787500.000000
2025-10-27,203.099387,203.099387,195.959093,198.751389,4539500.000000
2025-10-28,196.771847,196.771847,183.962205,190.065353,9390500.000000
2025-10-29,191.770652,200.177439,188.948440,198.821182,6158900.000000
2025-10-30,194.144095,198.272713,188.020997,189.187790,3805400.000000
2025-10-31,191.471474,192.359023,183.014821,187.781662,4231300.000000
2025-11-03,190.284749,194.652697,187.328903,192.508606,3585000.000000
2025-11-04,187.582218,190.962886,183.992122,185.228714,3805000.000000
2025-11-05,185.747279,191.945182,184.420938,188.868668,3547000.000000
2025-11-06,182.386552,188.599399,179.035801,184.111786,6543600.000000
2025-11-07,178.008637,190.549018,176.113873,190.474228,5805300.000000
2025-11-10,194.263775,196.258270,183.653065,187.761719,4273700.000000
2025-11-11,185.408210,187.422654,178.317782,178.666824,4542600.000000
2025-11-12,179.833609,180.800940,176.801968,177.779282,4252100.000000
2025-11-13,176.423017,177.470130,170.050608,171.087738,5467400.000000
2025-11-14,166.719785,179.504502,165.124199,174.209122,5484400.000000
2025-11-17,174.947074,179.025826,172.643435,174.518265,3108600.000000
2025-11-18,172.184715,176.931607,170.190221,173.939865,3279100.000000
2025-11-19,174.677841,181.000385,173.740426,178.646881,3384400.000000
2025-11-20,184.311235,188.768916,172.653413,173.311584,4271500.000000
2025-11-21,171.526532,173.201901,161.992851,168.125916,6303800.000000
2025-11-24,169.103223,174.717715,165.443313,174.657883,5750900.000000
2025-11-25,173.600807,174.249012,165.448308,170.369720,3865100.000000
2025-11-26,173.521029,177.260706,172.608554,176.313324,2937800.000000
2025-11-28,178.507259,180.272391,177.519979,178.367645,1908400.000000
2025-12-01,175.525489,175.994196,172.214636,173.162018,3251000.000000
2025-12-02,174.917158,175.465647,170.893277,172.075012,3029200.000000
2025-12-03,172.184720,173.371446,168.484926,171.177490,2492600.000000
2025-12-04,171.426793,177.559872,170.001726,175.585327,3408700.000000
2025-12-05,176.034108,176.143806,166.011769,166.709839,4524300.000000
2025-12-08,167.358037,167.358037,163.608378,165.662704,4230200.000000
2025-12-09,164.914779,169.442291,164.276542,164.356323,3939500.000000
2025-12-10,164.884862,165.562998,158.213275,164.715332,5778100.000000
2025-12-11,161.603914,174.408565,160.566768,174.119370,6197100.000000
2025-12-12,174.717727,179.504517,167.038926,169.631775,5870200.000000
2025-12-15,172.483891,172.523774,166.520342,167.786850,4287400.000000
2025-12-16,166.191250,173.451209,166.091534,172.972534,4190100.000000
2025-12-17,173.530993,174.657887,158.263140,159.529648,6902900.000000
2025-12-18,165.203995,171.446758,162.222220,165.712585,7652500.000000
2025-12-19,166.241118,170.938160,162.252129,162.581223,7141800.000000
2025-12-22,163.776582,164.086157,160.630879,161.349899,4379200.000000
2025-12-23,161.349913,163.477002,159.911873,161.449768,3772000.000000
2025-12-24,160.770700,162.363528,159.552361,161.739380,1342200.000000
2025-12-26,161.449768,162.777958,160.131574,161.449768,2317500.000000
2025-12-29,160.780670,163.976308,159.706132,161.619522,2856100.000000
2025-12-30,161.779317,162.837871,160.840596,162.398468,2220600.000000
2025-12-31,162.668102,164.275909,161.000379,161.110229,1845100.000000
2026-01-02,163.666742,169.049399,163.666742,165.004913,3838400.000000
2026-01-05,169.139268,171.421159,159.971781,162.708038,4385200.000000
2026-01-06,168.769780,172.374863,163.556890,169.299057,6577500.000000
2026-01-07,168.420253,168.420253,153.330835,154.389404,9433200.000000
2026-01-08,155.038511,155.587765,148.986769,150.394852,6866800.000000
2026-01-09,174.092519,174.501965,165.654034,166.143356,14316000.000000
2026-01-12,164.445681,176.499246,163.856489,172.344910,7189100.000000
2026-01-13,173.762965,175.210986,170.587304,171.186478,5430300.000000
2026-01-14,169.159248,170.946803,165.823802,168.739822,3888200.000000
2026-01-15,172.764328,182.311302,171.446119,179.934540,7116800.000000
2026-01-16,167.321750,170.886878,162.787926,166.373047,13330600.000000
2026-01-20,161.050305,165.773857,156.037140,156.596375,7599100.000000
2026-01-21,158.793383,161.759339,153.560531,159.802017,6651300.000000
2026-01-22,161.709394,163.277262,158.933182,160.141541,4176200.000000
2026-01-23,159.782039,162.648125,157.784764,159.901871,4475800.000000
2026-01-26,160.371232,165.084804,157.684894,158.593658,3953100.000000
2026-01-27,159.292695,164.395735,157.934547,164.036224,3622100.000000
2026-01-28,165.773863,166.333097,160.940460,165.414352,4263800.000000
2026-01-29,165.733921,167.651303,158.538734,162.358521,4798800.000000
2026-01-30,161.279995,164.275909,156.646317,158.134293,3810800.000000
2026-02-02,157.435232,159.762059,153.820168,154.049850,5506900.000000
2026-02-03,155.907325,156.286812,150.187131,152.791580,4375800.000000
2026-02-04,152.981314,153.450675,139.080279,142.325851,13329800.000000
2026-02-05,140.807919,143.713959,138.341283,142.875107,7112900.000000
2026-02-06,149.795666,152.052582,147.219179,149.446136,7406400.000000
2026-02-09,149.795657,155.567781,147.578680,152.761612,5097000.000000
2026-02-10,160.181482,161.200096,154.599100,159.382584,9074400.000000
2026-02-11,164.775223,165.084798,158.334013,159.931824,4279300.000000
2026-02-12,160.511041,165.983587,160.181489,162.877823,7493800.000000
2026-02-13,162.178765,171.426160,161.279997,171.256393,5967900.000000
2026-02-17,170.647216,176.409345,169.718476,173.443390,4655500.000000
2026-02-18,173.772948,175.260923,169.378948,170.337646,3622700.000000
2026-02-19,169.678546,172.334927,168.020804,172.265015,3154700.000000
2026-02-20,172.065287,173.263649,168.769779,171.166504,3879800.000000
2026-02-23,170.407539,171.605901,164.984943,167.571411,4133200.000000
2026-02-24,167.052116,171.446116,162.658116,171.386200,4375300.000000
2026-02-25,172.145173,175.700321,169.848303,175.121109,4810200.000000
2026-02-26,171.126563,176.988562,163.886440,176.579132,7746200.000000
2026-02-27,174.761610,178.067099,170.657209,173.653122,5494900.000000
2026-03-02,169.968142,176.279540,165.604100,165.763885,5138100.000000
2026-03-03,161.469740,163.307230,152.771599,161.479721,6653900.000000
2026-03-04,161.369873,163.986315,160.181492,163.137466,4677700.000000
2026-03-05,161.659482,167.741182,161.459742,167.171951,4946400.000000
2026-03-06,164.225970,168.150624,158.084354,158.433868,5625400.000000
2026-03-09,155.687611,164.405729,154.788843,163.397095,4109000.000000
2026-03-10,165.134740,168.560060,164.081169,164.176041,4148000.000000
2026-03-11,163.377146,163.766614,154.938644,158.943192,6074600.000000
2026-03-12,156.866016,162.977674,156.486528,159.362610,4053200.000000
2026-03-13,161.539629,165.014899,157.515120,158.733459,3679600.000000
2026-03-16,160.780676,163.277270,159.891889,161.769333,2775200.000000
2026-03-17,162.588207,165.234606,161.899144,164.106140,2065300.000000
2026-03-18,165.524203,172.764326,165.274543,169.888245,3685300.000000
2026-03-19,166.942274,169.368971,164.006276,167.141998,3106700.000000
2026-03-20,166.470001,166.470001,144.830002,146.020004,11109500.000000
2026-03-23,151.449997,155.899994,149.335007,151.289993,5338500.000000
2026-03-24,150.550003,154.100006,149.550003,152.720001,3995500.000000
2026-03-25,155.000000,157.949997,150.380005,151.509995,3512900.000000
2026-03-26,149.500000,152.669998,146.490005,152.300003,4437900.000000
2026-03-27,151.750000,160.199997,151.750000,155.479996,4554500.000000
2026-03-30,157.100006,158.929993,146.600006,147.539993,4734900.000000
2026-03-31,143.899994,151.470001,142.339996,150.330002,5402200.000000
2026-04-01,151.470001,156.339996,151.399994,153.960007,3782800.000000
2026-04-02,151.210007,154.559998,150.119995,151.179993,2950300.000000
2026-04-06,151.039993,153.104996,149.880005,151.589996,2309800.000000
2026-04-07,151.070007,154.160004,150.279999,153.679993,2229100.000000
2026-04-08,160.750000,161.309998,155.289993,155.889999,4320600.000000
2026-04-09,155.889999,162.529999,152.679993,152.750000,4103200.000000
2026-04-10,153.500000,158.630005,153.110001,154.729996,2900900.000000
2026-04-13,152.649994,160.720001,152.649994,158.199997,4458600.000000
2026-04-14,162.410004,165.279999,160.345001,163.970001,3767300.000000
2026-04-15,165.500000,166.520004,162.149994,162.940002,3098300.000000
2026-04-16,164.570007,166.919998,162.610001,165.529999,3126000.000000
2026-04-17,166.259995,168.490005,162.259995,163.460007,4104300.000000
2026-04-20,163.050003,164.050003,158.320007,159.600006,2924100.000000
2026-04-21,160.759995,161.100006,154.130005,154.910004,3748800.000000
2026-04-22,157.800003,159.080002,154.919998,155.789993,2642200.000000
2026-04-23,155.960007,158.869995,154.500000,156.850006,3272600.000000
2026-04-24,156.330002,165.479996,155.149994,164.350006,3481400.000000
2026-04-27,165.000000,168.419998,158.735001,166.580002,4577600.000000
2026-04-28,162.500000,163.324997,158.720001,161.119995,5205600.000000
2026-04-29,160.860001,161.139008,153.080002,153.789993,4992800.000000
2026-04-30,156.289993,159.630005,155.729996,157.839996,3954800.000000
2026-05-01,158.309998,160.139999,154.929993,155.279999,3144000.000000
2026-05-04,157.690002,162.380005,157.440002,160.850006,4209300.000000
2026-05-05,163.000000,163.800003,159.800003,160.380005,3567200.000000
2026-05-06,161.494995,162.990005,156.600006,158.289993,8214800.000000
2026-05-07,163.039993,168.389999,153.770004,153.949997,7895800.000000
2026-05-08,155.000000,155.000000,146.979996,147.720001,8074500.000000
2026-05-11,148.000000,152.750000,146.278000,152.050003,5905400.000000
2026-05-12,149.490005,150.322998,145.660004,146.869995,4904300.000000
2026-05-13,146.279999,146.279999,139.509995,142.610001,6385400.000000
2026-05-14,141.380005,143.294998,139.921997,141.899994,5117100.000000
2026-05-15,139.774994,141.089996,137.809998,139.679993,6632200.000000
2026-05-18,139.000000,139.539993,133.860001,136.750000,6321800.000000
2026-05-19,135.800003,136.699997,132.660004,134.710007,5860700.000000
2026-05-20,138.000000,144.899994,137.809998,144.000000,7901600.000000
2026-05-21,145.470001,149.279999,144.880005,149.080002,4621400.000000
2026-05-22,151.029999,157.570007,150.750000,156.270004,8062500.000000
2026-05-26,158.910004,167.399994,158.220001,164.559998,8511800.000000
2026-05-27,164.960007,165.022003,158.408005,160.149994,4896900.000000
2026-05-28,158.839996,163.529999,157.600006,160.279999,3598000.000000
2026-05-29,160.000000,162.289993,156.880005,160.229996,3781200.000000
2026-06-01,157.000000,158.550003,151.330002,154.759995,4322700.000000
2026-06-02,155.940002,160.779999,152.880005,157.970001,4544900.000000
2026-06-03,156.509995,157.910004,152.949997,153.800003,3884900.000000
2026-06-04,151.539993,154.039993,150.190002,153.699997,2969400.000000
